article_id,year,classification,flagged,citations,status
lazic_25445065,2014,pseudoreplication,1,0,complete
lazic_25445065,2015,pseudoreplication,1,3,complete
lazic_25445065,2016,pseudoreplication,1,4,complete
lazic_25445065,2017,pseudoreplication,1,10,complete
lazic_25445065,2018,pseudoreplication,1,8,complete
lazic_25445065,2019,pseudoreplication,1,6,complete
lazic_25445065,2020,pseudoreplication,1,8,complete
lazic_25445065,2021,pseudoreplication,1,6,complete
lazic_25445065,2022,pseudoreplication,1,4,complete
lazic_25445065,2023,pseudoreplication,1,5,complete
lazic_25445065,2024,pseudoreplication,1,5,complete
lazic_25445065,2025,pseudoreplication,1,3,complete
lazic_25232145,2014,correct_analysis,0,0,complete
lazic_25232145,2015,correct_analysis,0,6,complete
lazic_25232145,2016,correct_analysis,0,6,complete
lazic_25232145,2017,correct_analysis,0,13,complete
lazic_25232145,2018,correct_analysis,0,10,complete
lazic_25232145,2019,correct_analysis,0,13,complete
lazic_25232145,2020,correct_analysis,0,9,complete
lazic_25232145,2021,correct_analysis,0,8,complete
lazic_25232145,2022,correct_analysis,0,11,complete
lazic_25232145,2023,correct_analysis,0,8,complete
lazic_25232145,2024,correct_analysis,0,9,complete
lazic_25232145,2025,correct_analysis,0,3,complete
lazic_23672767,2013,unclear,,0,complete
lazic_23672767,2014,unclear,,0,complete
lazic_23672767,2015,unclear,,0,complete
lazic_23672767,2016,unclear,,1,complete
lazic_23672767,2017,unclear,,0,complete
lazic_23672767,2018,unclear,,0,complete
lazic_23672767,2019,unclear,,1,complete
lazic_23672767,2020,unclear,,0,complete
lazic_23672767,2021,unclear,,0,complete
lazic_23672767,2022,unclear,,0,complete
lazic_23672767,2023,unclear,,1,complete
lazic_23672767,2024,unclear,,0,complete
lazic_23672767,2025,unclear,,1,complete
lazic_21893170,2011,correct_analysis,0,0,complete
lazic_21893170,2012,correct_analysis,0,4,complete
lazic_21893170,2013,correct_analysis,0,6,complete
lazic_21893170,2014,correct_analysis,0,6,complete
lazic_21893170,2015,correct_analysis,0,15,complete
lazic_21893170,2016,correct_analysis,0,12,complete
lazic_21893170,2017,correct_analysis,0,10,complete
lazic_21893170,2018,correct_analysis,0,10,complete
lazic_21893170,2019,correct_analysis,0,6,complete
lazic_21893170,2020,correct_analysis,0,14,complete
lazic_21893170,2021,correct_analysis,0,12,complete
lazic_21893170,2022,correct_analysis,0,9,complete
lazic_21893170,2023,correct_analysis,0,9,complete
lazic_21893170,2024,correct_analysis,0,8,complete
lazic_21893170,2025,correct_analysis,0,4,complete
lazic_22348036,2012,correct_analysis,0,4,complete
lazic_22348036,2013,correct_analysis,0,14,complete
lazic_22348036,2014,correct_analysis,0,20,complete
lazic_22348036,2015,correct_analysis,0,19,complete
lazic_22348036,2016,correct_analysis,0,22,complete
lazic_22348036,2017,correct_analysis,0,14,complete
lazic_22348036,2018,correct_analysis,0,23,complete
lazic_22348036,2019,correct_analysis,0,21,complete
lazic_22348036,2020,correct_analysis,0,30,complete
lazic_22348036,2021,correct_analysis,0,26,complete
lazic_22348036,2022,correct_analysis,0,17,complete
lazic_22348036,2023,correct_analysis,0,16,complete
lazic_22348036,2024,correct_analysis,0,13,complete
lazic_22348036,2025,correct_analysis,0,16,complete
lazic_23406750,2012,pseudoreplication,1,0,complete
lazic_23406750,2013,pseudoreplication,1,4,complete
lazic_23406750,2014,pseudoreplication,1,5,complete
lazic_23406750,2015,pseudoreplication,1,9,complete
lazic_23406750,2016,pseudoreplication,1,2,complete
lazic_23406750,2017,pseudoreplication,1,3,complete
lazic_23406750,2018,pseudoreplication,1,3,complete
lazic_23406750,2019,pseudoreplication,1,2,complete
lazic_23406750,2020,pseudoreplication,1,10,complete
lazic_23406750,2021,pseudoreplication,1,8,complete
lazic_23406750,2022,pseudoreplication,1,3,complete
lazic_23406750,2023,pseudoreplication,1,4,complete
lazic_23406750,2024,pseudoreplication,1,5,complete
lazic_23406750,2025,pseudoreplication,1,0,complete
lazic_25080182,2013,unclear,,0,complete
lazic_25080182,2014,unclear,,1,complete
lazic_25080182,2015,unclear,,0,complete
lazic_25080182,2016,unclear,,1,complete
lazic_25080182,2017,unclear,,1,complete
lazic_25080182,2018,unclear,,2,complete
lazic_25080182,2019,unclear,,2,complete
lazic_25080182,2020,unclear,,0,complete
lazic_25080182,2021,unclear,,0,complete
lazic_25080182,2022,unclear,,1,complete
lazic_25080182,2023,unclear,,0,complete
lazic_25080182,2024,unclear,,0,complete
lazic_25080182,2025,unclear,,0,complete
lazic_24060430,2013,pseudoreplication,1,0,complete
lazic_24060430,2014,pseudoreplication,1,1,complete
lazic_24060430,2015,pseudoreplication,1,3,complete
lazic_24060430,2016,pseudoreplication,1,4,complete
lazic_24060430,2017,pseudoreplication,1,1,complete
lazic_24060430,2018,pseudoreplication,1,4,complete
lazic_24060430,2019,pseudoreplication,1,3,complete
lazic_24060430,2020,pseudoreplication,1,2,complete
lazic_24060430,2021,pseudoreplication,1,5,complete
lazic_24060430,2022,pseudoreplication,1,4,complete
lazic_24060430,2023,pseudoreplication,1,1,complete
lazic_24060430,2024,pseudoreplication,1,1,complete
lazic_24060430,2025,pseudoreplication,1,0,complete
lazic_23949616,2013,correct_analysis,0,1,complete
lazic_23949616,2014,correct_analysis,0,8,complete
lazic_23949616,2015,correct_analysis,0,16,complete
lazic_23949616,2016,correct_analysis,0,10,complete
lazic_23949616,2017,correct_analysis,0,13,complete
lazic_23949616,2018,correct_analysis,0,15,complete
lazic_23949616,2019,correct_analysis,0,12,complete
lazic_23949616,2020,correct_analysis,0,12,complete
lazic_23949616,2021,correct_analysis,0,16,complete
lazic_23949616,2022,correct_analysis,0,15,complete
lazic_23949616,2023,correct_analysis,0,14,complete
lazic_23949616,2024,correct_analysis,0,7,complete
lazic_23949616,2025,correct_analysis,0,6,complete
lazic_25971747,2015,pseudoreplication,1,1,complete
lazic_25971747,2016,pseudoreplication,1,1,complete
lazic_25971747,2017,pseudoreplication,1,1,complete
lazic_25971747,2018,pseudoreplication,1,1,complete
lazic_25971747,2019,pseudoreplication,1,5,complete
lazic_25971747,2020,pseudoreplication,1,2,complete
lazic_25971747,2021,pseudoreplication,1,5,complete
lazic_25971747,2022,pseudoreplication,1,2,complete
lazic_25971747,2023,pseudoreplication,1,3,complete
lazic_25971747,2024,pseudoreplication,1,1,complete
lazic_25971747,2025,pseudoreplication,1,0,complete
lazic_23516451,2013,correct_analysis,0,1,complete
lazic_23516451,2014,correct_analysis,0,0,complete
lazic_23516451,2015,correct_analysis,0,7,complete
lazic_23516451,2016,correct_analysis,0,6,complete
lazic_23516451,2017,correct_analysis,0,8,complete
lazic_23516451,2018,correct_analysis,0,3,complete
lazic_23516451,2019,correct_analysis,0,7,complete
lazic_23516451,2020,correct_analysis,0,5,complete
lazic_23516451,2021,correct_analysis,0,9,complete
lazic_23516451,2022,correct_analysis,0,5,complete
lazic_23516451,2023,correct_analysis,0,4,complete
lazic_23516451,2024,correct_analysis,0,3,complete
lazic_23516451,2025,correct_analysis,0,3,complete
lazic_23129442,2012,unclear,,0,complete
lazic_23129442,2013,unclear,,1,complete
lazic_23129442,2014,unclear,,0,complete
lazic_23129442,2015,unclear,,2,complete
lazic_23129442,2016,unclear,,3,complete
lazic_23129442,2017,unclear,,2,complete
lazic_23129442,2018,unclear,,5,complete
lazic_23129442,2019,unclear,,2,complete
lazic_23129442,2020,unclear,,3,complete
lazic_23129442,2021,unclear,,2,complete
lazic_23129442,2022,unclear,,3,complete
lazic_23129442,2023,unclear,,4,complete
lazic_23129442,2024,unclear,,0,complete
lazic_23129442,2025,unclear,,0,complete
lazic_22395468,2012,pseudoreplication,1,0,complete
lazic_22395468,2013,pseudoreplication,1,5,complete
lazic_22395468,2014,pseudoreplication,1,4,complete
lazic_22395468,2015,pseudoreplication,1,3,complete
lazic_22395468,2016,pseudoreplication,1,4,complete
lazic_22395468,2017,pseudoreplication,1,1,complete
lazic_22395468,2018,pseudoreplication,1,0,complete
lazic_22395468,2019,pseudoreplication,1,3,complete
lazic_22395468,2020,pseudoreplication,1,1,complete
lazic_22395468,2021,pseudoreplication,1,2,complete
lazic_22395468,2022,pseudoreplication,1,3,complete
lazic_22395468,2023,pseudoreplication,1,0,complete
lazic_22395468,2024,pseudoreplication,1,0,complete
lazic_22395468,2025,pseudoreplication,1,1,complete
lazic_24725099,2014,pseudoreplication,1,2,complete
lazic_24725099,2015,pseudoreplication,1,2,complete
lazic_24725099,2016,pseudoreplication,1,4,complete
lazic_24725099,2017,pseudoreplication,1,8,complete
lazic_24725099,2018,pseudoreplication,1,8,complete
lazic_24725099,2019,pseudoreplication,1,4,complete
lazic_24725099,2020,pseudoreplication,1,3,complete
lazic_24725099,2021,pseudoreplication,1,3,complete
lazic_24725099,2022,pseudoreplication,1,1,complete
lazic_24725099,2023,pseudoreplication,1,6,complete
lazic_24725099,2024,pseudoreplication,1,5,complete
lazic_24725099,2025,pseudoreplication,1,4,complete
lazic_23537661,2013,unclear,,0,complete
lazic_23537661,2014,unclear,,0,complete
lazic_23537661,2015,unclear,,1,complete
lazic_23537661,2016,unclear,,2,complete
lazic_23537661,2017,unclear,,0,complete
lazic_23537661,2018,unclear,,3,complete
lazic_23537661,2019,unclear,,1,complete
lazic_23537661,2020,unclear,,2,complete
lazic_23537661,2021,unclear,,0,complete
lazic_23537661,2022,unclear,,1,complete
lazic_23537661,2023,unclear,,2,complete
lazic_23537661,2024,unclear,,1,complete
lazic_23537661,2025,unclear,,0,complete
lazic_21900122,2011,pseudoreplication,1,0,complete
lazic_21900122,2012,pseudoreplication,1,2,complete
lazic_21900122,2013,pseudoreplication,1,9,complete
lazic_21900122,2014,pseudoreplication,1,3,complete
lazic_21900122,2015,pseudoreplication,1,8,complete
lazic_21900122,2016,pseudoreplication,1,4,complete
lazic_21900122,2017,pseudoreplication,1,7,complete
lazic_21900122,2018,pseudoreplication,1,1,complete
lazic_21900122,2019,pseudoreplication,1,6,complete
lazic_21900122,2020,pseudoreplication,1,1,complete
lazic_21900122,2021,pseudoreplication,1,3,complete
lazic_21900122,2022,pseudoreplication,1,4,complete
lazic_21900122,2023,pseudoreplication,1,0,complete
lazic_21900122,2024,pseudoreplication,1,3,complete
lazic_21900122,2025,pseudoreplication,1,0,complete
lazic_24594617,2014,correct_analysis,0,0,complete
lazic_24594617,2015,correct_analysis,0,2,complete
lazic_24594617,2016,correct_analysis,0,7,complete
lazic_24594617,2017,correct_analysis,0,3,complete
lazic_24594617,2018,correct_analysis,0,3,complete
lazic_24594617,2019,correct_analysis,0,1,complete
lazic_24594617,2020,correct_analysis,0,2,complete
lazic_24594617,2021,correct_analysis,0,2,complete
lazic_24594617,2022,correct_analysis,0,2,complete
lazic_24594617,2023,correct_analysis,0,1,complete
lazic_24594617,2024,correct_analysis,0,5,complete
lazic_24594617,2025,correct_analysis,0,2,complete
lazic_23095255,2012,pseudoreplication,1,0,complete
lazic_23095255,2013,pseudoreplication,1,0,complete
lazic_23095255,2014,pseudoreplication,1,2,complete
lazic_23095255,2015,pseudoreplication,1,4,complete
lazic_23095255,2016,pseudoreplication,1,2,complete
lazic_23095255,2017,pseudoreplication,1,0,complete
lazic_23095255,2018,pseudoreplication,1,0,complete
lazic_23095255,2019,pseudoreplication,1,1,complete
lazic_23095255,2020,pseudoreplication,1,0,complete
lazic_23095255,2021,pseudoreplication,1,1,complete
lazic_23095255,2022,pseudoreplication,1,0,complete
lazic_23095255,2023,pseudoreplication,1,2,complete
lazic_23095255,2024,pseudoreplication,1,2,complete
lazic_23095255,2025,pseudoreplication,1,1,complete
lazic_21963399,2011,pseudoreplication,1,0,complete
lazic_21963399,2012,pseudoreplication,1,0,complete
lazic_21963399,2013,pseudoreplication,1,0,complete
lazic_21963399,2014,pseudoreplication,1,4,complete
lazic_21963399,2015,pseudoreplication,1,3,complete
lazic_21963399,2016,pseudoreplication,1,1,complete
lazic_21963399,2017,pseudoreplication,1,2,complete
lazic_21963399,2018,pseudoreplication,1,3,complete
lazic_21963399,2019,pseudoreplication,1,2,complete
lazic_21963399,2020,pseudoreplication,1,2,complete
lazic_21963399,2021,pseudoreplication,1,1,complete
lazic_21963399,2022,pseudoreplication,1,1,complete
lazic_21963399,2023,pseudoreplication,1,1,complete
lazic_21963399,2024,pseudoreplication,1,1,complete
lazic_21963399,2025,pseudoreplication,1,1,complete
lazic_26143539,2015,pseudoreplication,1,0,complete
lazic_26143539,2016,pseudoreplication,1,6,complete
lazic_26143539,2017,pseudoreplication,1,5,complete
lazic_26143539,2018,pseudoreplication,1,9,complete
lazic_26143539,2019,pseudoreplication,1,8,complete
lazic_26143539,2020,pseudoreplication,1,8,complete
lazic_26143539,2021,pseudoreplication,1,7,complete
lazic_26143539,2022,pseudoreplication,1,2,complete
lazic_26143539,2023,pseudoreplication,1,3,complete
lazic_26143539,2024,pseudoreplication,1,6,complete
lazic_26143539,2025,pseudoreplication,1,5,complete
lazic_24091367,2013,pseudoreplication,1,0,complete
lazic_24091367,2014,pseudoreplication,1,1,complete
lazic_24091367,2015,pseudoreplication,1,5,complete
lazic_24091367,2016,pseudoreplication,1,6,complete
lazic_24091367,2017,pseudoreplication,1,3,complete
lazic_24091367,2018,pseudoreplication,1,4,complete
lazic_24091367,2019,pseudoreplication,1,3,complete
lazic_24091367,2020,pseudoreplication,1,3,complete
lazic_24091367,2021,pseudoreplication,1,7,complete
lazic_24091367,2022,pseudoreplication,1,5,complete
lazic_24091367,2023,pseudoreplication,1,3,complete
lazic_24091367,2024,pseudoreplication,1,1,complete
lazic_24091367,2025,pseudoreplication,1,2,complete
lazic_25715988,2015,correct_analysis,0,0,complete
lazic_25715988,2016,correct_analysis,0,9,complete
lazic_25715988,2017,correct_analysis,0,7,complete
lazic_25715988,2018,correct_analysis,0,4,complete
lazic_25715988,2019,correct_analysis,0,3,complete
lazic_25715988,2020,correct_analysis,0,2,complete
lazic_25715988,2021,correct_analysis,0,2,complete
lazic_25715988,2022,correct_analysis,0,1,complete
lazic_25715988,2023,correct_analysis,0,0,complete
lazic_25715988,2024,correct_analysis,0,1,complete
lazic_25715988,2025,correct_analysis,0,1,complete
lazic_26260748,2015,pseudoreplication,1,0,complete
lazic_26260748,2016,pseudoreplication,1,3,complete
lazic_26260748,2017,pseudoreplication,1,2,complete
lazic_26260748,2018,pseudoreplication,1,5,complete
lazic_26260748,2019,pseudoreplication,1,4,complete
lazic_26260748,2020,pseudoreplication,1,2,complete
lazic_26260748,2021,pseudoreplication,1,5,complete
lazic_26260748,2022,pseudoreplication,1,5,complete
lazic_26260748,2023,pseudoreplication,1,1,complete
lazic_26260748,2024,pseudoreplication,1,3,complete
lazic_26260748,2025,pseudoreplication,1,4,complete
lazic_24451982,2014,correct_analysis,0,2,complete
lazic_24451982,2015,correct_analysis,0,11,complete
lazic_24451982,2016,correct_analysis,0,12,complete
lazic_24451982,2017,correct_analysis,0,5,complete
lazic_24451982,2018,correct_analysis,0,2,complete
lazic_24451982,2019,correct_analysis,0,5,complete
lazic_24451982,2020,correct_analysis,0,4,complete
lazic_24451982,2021,correct_analysis,0,7,complete
lazic_24451982,2022,correct_analysis,0,3,complete
lazic_24451982,2023,correct_analysis,0,5,complete
lazic_24451982,2024,correct_analysis,0,4,complete
lazic_24451982,2025,correct_analysis,0,2,complete
lazic_26418221,2015,unclear,,0,complete
lazic_26418221,2016,unclear,,1,complete
lazic_26418221,2017,unclear,,2,complete
lazic_26418221,2018,unclear,,2,complete
lazic_26418221,2019,unclear,,0,complete
lazic_26418221,2020,unclear,,2,complete
lazic_26418221,2021,unclear,,1,complete
lazic_26418221,2022,unclear,,1,complete
lazic_26418221,2023,unclear,,0,complete
lazic_26418221,2024,unclear,,0,complete
lazic_26418221,2025,unclear,,1,complete
lazic_21377655,2011,pseudoreplication,1,1,complete
lazic_21377655,2012,pseudoreplication,1,4,complete
lazic_21377655,2013,pseudoreplication,1,6,complete
lazic_21377655,2014,pseudoreplication,1,5,complete
lazic_21377655,2015,pseudoreplication,1,4,complete
lazic_21377655,2016,pseudoreplication,1,6,complete
lazic_21377655,2017,pseudoreplication,1,2,complete
lazic_21377655,2018,pseudoreplication,1,3,complete
lazic_21377655,2019,pseudoreplication,1,6,complete
lazic_21377655,2020,pseudoreplication,1,5,complete
lazic_21377655,2021,pseudoreplication,1,3,complete
lazic_21377655,2022,pseudoreplication,1,3,complete
lazic_21377655,2023,pseudoreplication,1,0,complete
lazic_21377655,2024,pseudoreplication,1,0,complete
lazic_21377655,2025,pseudoreplication,1,0,complete
lazic_23022609,2012,unclear,,0,complete
lazic_23022609,2013,unclear,,1,complete
lazic_23022609,2014,unclear,,1,complete
lazic_23022609,2015,unclear,,1,complete
lazic_23022609,2016,unclear,,1,complete
lazic_23022609,2017,unclear,,0,complete
lazic_23022609,2018,unclear,,0,complete
lazic_23022609,2019,unclear,,1,complete
lazic_23022609,2020,unclear,,0,complete
lazic_23022609,2021,unclear,,0,complete
lazic_23022609,2022,unclear,,1,complete
lazic_23022609,2023,unclear,,2,complete
lazic_23022609,2024,unclear,,0,complete
lazic_23022609,2025,unclear,,1,complete
lazic_23701924,2013,unclear,,0,complete
lazic_23701924,2014,unclear,,2,complete
lazic_23701924,2015,unclear,,1,complete
lazic_23701924,2016,unclear,,1,complete
lazic_23701924,2017,unclear,,1,complete
lazic_23701924,2018,unclear,,0,complete
lazic_23701924,2019,unclear,,0,complete
lazic_23701924,2020,unclear,,0,complete
lazic_23701924,2021,unclear,,0,complete
lazic_23701924,2022,unclear,,0,complete
lazic_23701924,2023,unclear,,0,complete
lazic_23701924,2024,unclear,,1,complete
lazic_23701924,2025,unclear,,0,complete
lazic_24168053,2013,unclear,,0,complete
lazic_24168053,2014,unclear,,2,complete
lazic_24168053,2015,unclear,,2,complete
lazic_24168053,2016,unclear,,3,complete
lazic_24168053,2017,unclear,,1,complete
lazic_24168053,2018,unclear,,3,complete
lazic_24168053,2019,unclear,,3,complete
lazic_24168053,2020,unclear,,8,complete
lazic_24168053,2021,unclear,,4,complete
lazic_24168053,2022,unclear,,6,complete
lazic_24168053,2023,unclear,,9,complete
lazic_24168053,2024,unclear,,12,complete
lazic_24168053,2025,unclear,,9,complete
lazic_24776627,2014,unclear,,0,complete
lazic_24776627,2015,unclear,,1,complete
lazic_24776627,2016,unclear,,2,complete
lazic_24776627,2017,unclear,,1,complete
lazic_24776627,2018,unclear,,1,complete
lazic_24776627,2019,unclear,,0,complete
lazic_24776627,2020,unclear,,0,complete
lazic_24776627,2021,unclear,,6,complete
lazic_24776627,2022,unclear,,2,complete
lazic_24776627,2023,unclear,,0,complete
lazic_24776627,2024,unclear,,0,complete
lazic_24776627,2025,unclear,,0,complete
lazic_25894678,2015,unclear,,0,complete
lazic_25894678,2016,unclear,,3,complete
lazic_25894678,2017,unclear,,10,complete
lazic_25894678,2018,unclear,,1,complete
lazic_25894678,2019,unclear,,5,complete
lazic_25894678,2020,unclear,,5,complete
lazic_25894678,2021,unclear,,7,complete
lazic_25894678,2022,unclear,,2,complete
lazic_25894678,2023,unclear,,5,complete
lazic_25894678,2024,unclear,,0,complete
lazic_25894678,2025,unclear,,3,complete
lazic_21787449,2011,pseudoreplication,1,0,complete
lazic_21787449,2012,pseudoreplication,1,2,complete
lazic_21787449,2013,pseudoreplication,1,2,complete
lazic_21787449,2014,pseudoreplication,1,5,complete
lazic_21787449,2015,pseudoreplication,1,1,complete
lazic_21787449,2016,pseudoreplication,1,5,complete
lazic_21787449,2017,pseudoreplication,1,3,complete
lazic_21787449,2018,pseudoreplication,1,3,complete
lazic_21787449,2019,pseudoreplication,1,2,complete
lazic_21787449,2020,pseudoreplication,1,1,complete
lazic_21787449,2021,pseudoreplication,1,3,complete
lazic_21787449,2022,pseudoreplication,1,2,complete
lazic_21787449,2023,pseudoreplication,1,3,complete
lazic_21787449,2024,pseudoreplication,1,2,complete
lazic_21787449,2025,pseudoreplication,1,1,complete
lazic_23245215,2012,pseudoreplication,1,0,complete
lazic_23245215,2013,pseudoreplication,1,0,complete
lazic_23245215,2014,pseudoreplication,1,1,complete
lazic_23245215,2015,pseudoreplication,1,3,complete
lazic_23245215,2016,pseudoreplication,1,1,complete
lazic_23245215,2017,pseudoreplication,1,2,complete
lazic_23245215,2018,pseudoreplication,1,2,complete
lazic_23245215,2019,pseudoreplication,1,2,complete
lazic_23245215,2020,pseudoreplication,1,0,complete
lazic_23245215,2021,pseudoreplication,1,0,complete
lazic_23245215,2022,pseudoreplication,1,1,complete
lazic_23245215,2023,pseudoreplication,1,0,complete
lazic_23245215,2024,pseudoreplication,1,0,complete
lazic_23245215,2025,pseudoreplication,1,1,complete
lazic_22424599,2012,pseudoreplication,1,0,complete
lazic_22424599,2013,pseudoreplication,1,0,complete
lazic_22424599,2014,pseudoreplication,1,3,complete
lazic_22424599,2015,pseudoreplication,1,1,complete
lazic_22424599,2016,pseudoreplication,1,2,complete
lazic_22424599,2017,pseudoreplication,1,2,complete
lazic_22424599,2018,pseudoreplication,1,0,complete
lazic_22424599,2019,pseudoreplication,1,2,complete
lazic_22424599,2020,pseudoreplication,1,0,complete
lazic_22424599,2021,pseudoreplication,1,0,complete
lazic_22424599,2022,pseudoreplication,1,0,complete
lazic_22424599,2023,pseudoreplication,1,1,complete
lazic_22424599,2024,pseudoreplication,1,0,complete
lazic_22424599,2025,pseudoreplication,1,0,complete
lazic_26023231,2015,pseudoreplication,1,0,complete
lazic_26023231,2016,pseudoreplication,1,3,complete
lazic_26023231,2017,pseudoreplication,1,1,complete
lazic_26023231,2018,pseudoreplication,1,3,complete
lazic_26023231,2019,pseudoreplication,1,2,complete
lazic_26023231,2020,pseudoreplication,1,5,complete
lazic_26023231,2021,pseudoreplication,1,3,complete
lazic_26023231,2022,pseudoreplication,1,1,complete
lazic_26023231,2023,pseudoreplication,1,1,complete
lazic_26023231,2024,pseudoreplication,1,1,complete
lazic_26023231,2025,pseudoreplication,1,1,complete
lazic_23353758,2013,pseudoreplication,1,3,complete
lazic_23353758,2014,pseudoreplication,1,3,complete
lazic_23353758,2015,pseudoreplication,1,6,complete
lazic_23353758,2016,pseudoreplication,1,8,complete
lazic_23353758,2017,pseudoreplication,1,6,complete
lazic_23353758,2018,pseudoreplication,1,3,complete
lazic_23353758,2019,pseudoreplication,1,3,complete
lazic_23353758,2020,pseudoreplication,1,5,complete
lazic_23353758,2021,pseudoreplication,1,9,complete
lazic_23353758,2022,pseudoreplication,1,3,complete
lazic_23353758,2023,pseudoreplication,1,9,complete
lazic_23353758,2024,pseudoreplication,1,9,complete
lazic_23353758,2025,pseudoreplication,1,7,complete
lazic_24338101,2013,unclear,,0,complete
lazic_24338101,2014,unclear,,0,complete
lazic_24338101,2015,unclear,,1,complete
lazic_24338101,2016,unclear,,0,complete
lazic_24338101,2017,unclear,,0,complete
lazic_24338101,2018,unclear,,2,complete
lazic_24338101,2019,unclear,,2,complete
lazic_24338101,2020,unclear,,0,complete
lazic_24338101,2021,unclear,,1,complete
lazic_24338101,2022,unclear,,0,complete
lazic_24338101,2023,unclear,,0,complete
lazic_24338101,2024,unclear,,0,complete
lazic_24338101,2025,unclear,,0,complete
lazic_22426025,2012,pseudoreplication,1,0,complete
lazic_22426025,2013,pseudoreplication,1,1,complete
lazic_22426025,2014,pseudoreplication,1,3,complete
lazic_22426025,2015,pseudoreplication,1,5,complete
lazic_22426025,2016,pseudoreplication,1,8,complete
lazic_22426025,2017,pseudoreplication,1,1,complete
lazic_22426025,2018,pseudoreplication,1,2,complete
lazic_22426025,2019,pseudoreplication,1,2,complete
lazic_22426025,2020,pseudoreplication,1,3,complete
lazic_22426025,2021,pseudoreplication,1,0,complete
lazic_22426025,2022,pseudoreplication,1,2,complete
lazic_22426025,2023,pseudoreplication,1,2,complete
lazic_22426025,2024,pseudoreplication,1,0,complete
lazic_22426025,2025,pseudoreplication,1,2,complete
lazic_23714075,2013,correct_analysis,0,0,complete
lazic_23714075,2014,correct_analysis,0,1,complete
lazic_23714075,2015,correct_analysis,0,2,complete
lazic_23714075,2016,correct_analysis,0,3,complete
lazic_23714075,2017,correct_analysis,0,1,complete
lazic_23714075,2018,correct_analysis,0,0,complete
lazic_23714075,2019,correct_analysis,0,0,complete
lazic_23714075,2020,correct_analysis,0,0,complete
lazic_23714075,2021,correct_analysis,0,2,complete
lazic_23714075,2022,correct_analysis,0,1,complete
lazic_23714075,2023,correct_analysis,0,0,complete
lazic_23714075,2024,correct_analysis,0,0,complete
lazic_23714075,2025,correct_analysis,0,3,complete
lazic_23142610,2012,unclear,,0,complete
lazic_23142610,2013,unclear,,2,complete
lazic_23142610,2014,unclear,,0,complete
lazic_23142610,2015,unclear,,1,complete
lazic_23142610,2016,unclear,,2,complete
lazic_23142610,2017,unclear,,3,complete
lazic_23142610,2018,unclear,,8,complete
lazic_23142610,2019,unclear,,10,complete
lazic_23142610,2020,unclear,,8,complete
lazic_23142610,2021,unclear,,5,complete
lazic_23142610,2022,unclear,,7,complete
lazic_23142610,2023,unclear,,4,complete
lazic_23142610,2024,unclear,,3,complete
lazic_23142610,2025,unclear,,0,complete
lazic_24934701,2014,unclear,,0,complete
lazic_24934701,2015,unclear,,1,complete
lazic_24934701,2016,unclear,,0,complete
lazic_24934701,2017,unclear,,1,complete
lazic_24934701,2018,unclear,,3,complete
lazic_24934701,2019,unclear,,1,complete
lazic_24934701,2020,unclear,,2,complete
lazic_24934701,2021,unclear,,0,complete
lazic_24934701,2022,unclear,,0,complete
lazic_24934701,2023,unclear,,0,complete
lazic_24934701,2024,unclear,,1,complete
lazic_24934701,2025,unclear,,0,complete
lazic_24950432,2014,pseudoreplication,1,0,complete
lazic_24950432,2015,pseudoreplication,1,2,complete
lazic_24950432,2016,pseudoreplication,1,5,complete
lazic_24950432,2017,pseudoreplication,1,2,complete
lazic_24950432,2018,pseudoreplication,1,3,complete
lazic_24950432,2019,pseudoreplication,1,0,complete
lazic_24950432,2020,pseudoreplication,1,3,complete
lazic_24950432,2021,pseudoreplication,1,3,complete
lazic_24950432,2022,pseudoreplication,1,0,complete
lazic_24950432,2023,pseudoreplication,1,0,complete
lazic_24950432,2024,pseudoreplication,1,0,complete
lazic_24950432,2025,pseudoreplication,1,3,complete
lazic_22764249,2012,correct_analysis,0,1,complete
lazic_22764249,2013,correct_analysis,0,6,complete
lazic_22764249,2014,correct_analysis,0,8,complete
lazic_22764249,2015,correct_analysis,0,9,complete
lazic_22764249,2016,correct_analysis,0,6,complete
lazic_22764249,2017,correct_analysis,0,7,complete
lazic_22764249,2018,correct_analysis,0,13,complete
lazic_22764249,2019,correct_analysis,0,9,complete
lazic_22764249,2020,correct_analysis,0,13,complete
lazic_22764249,2021,correct_analysis,0,6,complete
lazic_22764249,2022,correct_analysis,0,16,complete
lazic_22764249,2023,correct_analysis,0,14,complete
lazic_22764249,2024,correct_analysis,0,7,complete
lazic_22764249,2025,correct_analysis,0,9,complete
lazic_24583039,2014,correct_analysis,0,0,complete
lazic_24583039,2015,correct_analysis,0,1,complete
lazic_24583039,2016,correct_analysis,0,1,complete
lazic_24583039,2017,correct_analysis,0,3,complete
lazic_24583039,2018,correct_analysis,0,1,complete
lazic_24583039,2019,correct_analysis,0,0,complete
lazic_24583039,2020,correct_analysis,0,1,complete
lazic_24583039,2021,correct_analysis,0,1,complete
lazic_24583039,2022,correct_analysis,0,2,complete
lazic_24583039,2023,correct_analysis,0,0,complete
lazic_24583039,2024,correct_analysis,0,1,complete
lazic_24583039,2025,correct_analysis,0,0,complete
lazic_24005185,2013,pseudoreplication,1,0,complete
lazic_24005185,2014,pseudoreplication,1,4,complete
lazic_24005185,2015,pseudoreplication,1,6,complete
lazic_24005185,2016,pseudoreplication,1,1,complete
lazic_24005185,2017,pseudoreplication,1,5,complete
lazic_24005185,2018,pseudoreplication,1,7,complete
lazic_24005185,2019,pseudoreplication,1,2,complete
lazic_24005185,2020,pseudoreplication,1,3,complete
lazic_24005185,2021,pseudoreplication,1,5,complete
lazic_24005185,2022,pseudoreplication,1,0,complete
lazic_24005185,2023,pseudoreplication,1,3,complete
lazic_24005185,2024,pseudoreplication,1,2,complete
lazic_24005185,2025,pseudoreplication,1,2,complete
lazic_23283698,2013,pseudoreplication,1,0,complete
lazic_23283698,2014,pseudoreplication,1,7,complete
lazic_23283698,2015,pseudoreplication,1,5,complete
lazic_23283698,2016,pseudoreplication,1,9,complete
lazic_23283698,2017,pseudoreplication,1,8,complete
lazic_23283698,2018,pseudoreplication,1,5,complete
lazic_23283698,2019,pseudoreplication,1,6,complete
lazic_23283698,2020,pseudoreplication,1,5,complete
lazic_23283698,2021,pseudoreplication,1,2,complete
lazic_23283698,2022,pseudoreplication,1,5,complete
lazic_23283698,2023,pseudoreplication,1,8,complete
lazic_23283698,2024,pseudoreplication,1,3,complete
lazic_23283698,2025,pseudoreplication,1,2,complete
lazic_23915337,2013,pseudoreplication,1,0,complete
lazic_23915337,2014,pseudoreplication,1,2,complete
lazic_23915337,2015,pseudoreplication,1,0,complete
lazic_23915337,2016,pseudoreplication,1,1,complete
lazic_23915337,2017,pseudoreplication,1,1,complete
lazic_23915337,2018,pseudoreplication,1,0,complete
lazic_23915337,2019,pseudoreplication,1,2,complete
lazic_23915337,2020,pseudoreplication,1,0,complete
lazic_23915337,2021,pseudoreplication,1,0,complete
lazic_23915337,2022,pseudoreplication,1,0,complete
lazic_23915337,2023,pseudoreplication,1,0,complete
lazic_23915337,2024,pseudoreplication,1,0,complete
lazic_23915337,2025,pseudoreplication,1,1,complete
lazic_24913803,2014,correct_analysis,0,1,complete
lazic_24913803,2015,correct_analysis,0,6,complete
lazic_24913803,2016,correct_analysis,0,2,complete
lazic_24913803,2017,correct_analysis,0,3,complete
lazic_24913803,2018,correct_analysis,0,5,complete
lazic_24913803,2019,correct_analysis,0,1,complete
lazic_24913803,2020,correct_analysis,0,4,complete
lazic_24913803,2021,correct_analysis,0,12,complete
lazic_24913803,2022,correct_analysis,0,5,complete
lazic_24913803,2023,correct_analysis,0,5,complete
lazic_24913803,2024,correct_analysis,0,4,complete
lazic_24913803,2025,correct_analysis,0,4,complete
lazic_26460022,2015,unclear,,0,complete
lazic_26460022,2016,unclear,,5,complete
lazic_26460022,2017,unclear,,11,complete
lazic_26460022,2018,unclear,,8,complete
lazic_26460022,2019,unclear,,17,complete
lazic_26460022,2020,unclear,,17,complete
lazic_26460022,2021,unclear,,23,complete
lazic_26460022,2022,unclear,,16,complete
lazic_26460022,2023,unclear,,16,complete
lazic_26460022,2024,unclear,,10,complete
lazic_26460022,2025,unclear,,22,complete
lazic_26039681,2015,pseudoreplication,1,1,complete
lazic_26039681,2016,pseudoreplication,1,2,complete
lazic_26039681,2017,pseudoreplication,1,1,complete
lazic_26039681,2018,pseudoreplication,1,2,complete
lazic_26039681,2019,pseudoreplication,1,1,complete
lazic_26039681,2020,pseudoreplication,1,4,complete
lazic_26039681,2021,pseudoreplication,1,4,complete
lazic_26039681,2022,pseudoreplication,1,2,complete
lazic_26039681,2023,pseudoreplication,1,4,complete
lazic_26039681,2024,pseudoreplication,1,3,complete
lazic_26039681,2025,pseudoreplication,1,1,complete
lazic_25649163,2015,unclear,,2,complete
lazic_25649163,2016,unclear,,7,complete
lazic_25649163,2017,unclear,,9,complete
lazic_25649163,2018,unclear,,5,complete
lazic_25649163,2019,unclear,,8,complete
lazic_25649163,2020,unclear,,5,complete
lazic_25649163,2021,unclear,,12,complete
lazic_25649163,2022,unclear,,4,complete
lazic_25649163,2023,unclear,,3,complete
lazic_25649163,2024,unclear,,2,complete
lazic_25649163,2025,unclear,,7,complete
lazic_24505458,2014,unclear,,2,complete
lazic_24505458,2015,unclear,,6,complete
lazic_24505458,2016,unclear,,7,complete
lazic_24505458,2017,unclear,,4,complete
lazic_24505458,2018,unclear,,4,complete
lazic_24505458,2019,unclear,,2,complete
lazic_24505458,2020,unclear,,3,complete
lazic_24505458,2021,unclear,,1,complete
lazic_24505458,2022,unclear,,1,complete
lazic_24505458,2023,unclear,,2,complete
lazic_24505458,2024,unclear,,1,complete
lazic_24505458,2025,unclear,,4,complete
lazic_24445301,2014,pseudoreplication,1,2,complete
lazic_24445301,2015,pseudoreplication,1,0,complete
lazic_24445301,2016,pseudoreplication,1,5,complete
lazic_24445301,2017,pseudoreplication,1,3,complete
lazic_24445301,2018,pseudoreplication,1,1,complete
lazic_24445301,2019,pseudoreplication,1,2,complete
lazic_24445301,2020,pseudoreplication,1,3,complete
lazic_24445301,2021,pseudoreplication,1,1,complete
lazic_24445301,2022,pseudoreplication,1,4,complete
lazic_24445301,2023,pseudoreplication,1,0,complete
lazic_24445301,2024,pseudoreplication,1,0,complete
lazic_24445301,2025,pseudoreplication,1,1,complete
lazic_23328078,2013,pseudoreplication,1,6,complete
lazic_23328078,2014,pseudoreplication,1,4,complete
lazic_23328078,2015,pseudoreplication,1,4,complete
lazic_23328078,2016,pseudoreplication,1,7,complete
lazic_23328078,2017,pseudoreplication,1,4,complete
lazic_23328078,2018,pseudoreplication,1,5,complete
lazic_23328078,2019,pseudoreplication,1,3,complete
lazic_23328078,2020,pseudoreplication,1,2,complete
lazic_23328078,2021,pseudoreplication,1,3,complete
lazic_23328078,2022,pseudoreplication,1,4,complete
lazic_23328078,2023,pseudoreplication,1,2,complete
lazic_23328078,2024,pseudoreplication,1,1,complete
lazic_23328078,2025,pseudoreplication,1,2,complete
lazic_23892646,2013,correct_analysis,0,0,complete
lazic_23892646,2014,correct_analysis,0,1,complete
lazic_23892646,2015,correct_analysis,0,2,complete
lazic_23892646,2016,correct_analysis,0,0,complete
lazic_23892646,2017,correct_analysis,0,0,complete
lazic_23892646,2018,correct_analysis,0,1,complete
lazic_23892646,2019,correct_analysis,0,3,complete
lazic_23892646,2020,correct_analysis,0,1,complete
lazic_23892646,2021,correct_analysis,0,0,complete
lazic_23892646,2022,correct_analysis,0,3,complete
lazic_23892646,2023,correct_analysis,0,0,complete
lazic_23892646,2024,correct_analysis,0,0,complete
lazic_23892646,2025,correct_analysis,0,0,complete
lazic_26272536,2015,correct_analysis,0,0,complete
lazic_26272536,2016,correct_analysis,0,7,complete
lazic_26272536,2017,correct_analysis,0,5,complete
lazic_26272536,2018,correct_analysis,0,7,complete
lazic_26272536,2019,correct_analysis,0,9,complete
lazic_26272536,2020,correct_analysis,0,10,complete
lazic_26272536,2021,correct_analysis,0,6,complete
lazic_26272536,2022,correct_analysis,0,9,complete
lazic_26272536,2023,correct_analysis,0,5,complete
lazic_26272536,2024,correct_analysis,0,2,complete
lazic_26272536,2025,correct_analysis,0,6,complete
lazic_24998948,2014,pseudoreplication,1,0,complete
lazic_24998948,2015,pseudoreplication,1,3,complete
lazic_24998948,2016,pseudoreplication,1,3,complete
lazic_24998948,2017,pseudoreplication,1,7,complete
lazic_24998948,2018,pseudoreplication,1,4,complete
lazic_24998948,2019,pseudoreplication,1,3,complete
lazic_24998948,2020,pseudoreplication,1,1,complete
lazic_24998948,2021,pseudoreplication,1,5,complete
lazic_24998948,2022,pseudoreplication,1,2,complete
lazic_24998948,2023,pseudoreplication,1,7,complete
lazic_24998948,2024,pseudoreplication,1,3,complete
lazic_24998948,2025,pseudoreplication,1,4,complete
lazic_25255222,2014,pseudoreplication,1,0,complete
lazic_25255222,2015,pseudoreplication,1,1,complete
lazic_25255222,2016,pseudoreplication,1,6,complete
lazic_25255222,2017,pseudoreplication,1,2,complete
lazic_25255222,2018,pseudoreplication,1,8,complete
lazic_25255222,2019,pseudoreplication,1,2,complete
lazic_25255222,2020,pseudoreplication,1,10,complete
lazic_25255222,2021,pseudoreplication,1,3,complete
lazic_25255222,2022,pseudoreplication,1,2,complete
lazic_25255222,2023,pseudoreplication,1,6,complete
lazic_25255222,2024,pseudoreplication,1,2,complete
lazic_25255222,2025,pseudoreplication,1,3,complete
lazic_23227820,2013,unclear,,2,complete
lazic_23227820,2014,unclear,,1,complete
lazic_23227820,2015,unclear,,3,complete
lazic_23227820,2016,unclear,,4,complete
lazic_23227820,2017,unclear,,2,complete
lazic_23227820,2018,unclear,,4,complete
lazic_23227820,2019,unclear,,1,complete
lazic_23227820,2020,unclear,,3,complete
lazic_23227820,2021,unclear,,6,complete
lazic_23227820,2022,unclear,,0,complete
lazic_23227820,2023,unclear,,4,complete
lazic_23227820,2024,unclear,,1,complete
lazic_23227820,2025,unclear,,2,complete
lazic_25890152,2015,unclear,,0,complete
lazic_25890152,2016,unclear,,0,complete
lazic_25890152,2017,unclear,,1,complete
lazic_25890152,2018,unclear,,3,complete
lazic_25890152,2019,unclear,,1,complete
lazic_25890152,2020,unclear,,6,complete
lazic_25890152,2021,unclear,,3,complete
lazic_25890152,2022,unclear,,5,complete
lazic_25890152,2023,unclear,,4,complete
lazic_25890152,2024,unclear,,1,complete
lazic_25890152,2025,unclear,,2,complete
lazic_24586432,2014,pseudoreplication,1,0,complete
lazic_24586432,2015,pseudoreplication,1,1,complete
lazic_24586432,2016,pseudoreplication,1,0,complete
lazic_24586432,2017,pseudoreplication,1,3,complete
lazic_24586432,2018,pseudoreplication,1,0,complete
lazic_24586432,2019,pseudoreplication,1,0,complete
lazic_24586432,2020,pseudoreplication,1,0,complete
lazic_24586432,2021,pseudoreplication,1,0,complete
lazic_24586432,2022,pseudoreplication,1,1,complete
lazic_24586432,2023,pseudoreplication,1,0,complete
lazic_24586432,2024,pseudoreplication,1,0,complete
lazic_24586432,2025,pseudoreplication,1,2,complete
lazic_23966683,2013,correct_analysis,0,1,complete
lazic_23966683,2014,correct_analysis,0,4,complete
lazic_23966683,2015,correct_analysis,0,5,complete
lazic_23966683,2016,correct_analysis,0,7,complete
lazic_23966683,2017,correct_analysis,0,3,complete
lazic_23966683,2018,correct_analysis,0,2,complete
lazic_23966683,2019,correct_analysis,0,3,complete
lazic_23966683,2020,correct_analysis,0,9,complete
lazic_23966683,2021,correct_analysis,0,2,complete
lazic_23966683,2022,correct_analysis,0,2,complete
lazic_23966683,2023,correct_analysis,0,3,complete
lazic_23966683,2024,correct_analysis,0,6,complete
lazic_23966683,2025,correct_analysis,0,3,complete
lazic_25749097,2015,unclear,,1,complete
lazic_25749097,2016,unclear,,3,complete
lazic_25749097,2017,unclear,,6,complete
lazic_25749097,2018,unclear,,2,complete
lazic_25749097,2019,unclear,,1,complete
lazic_25749097,2020,unclear,,3,complete
lazic_25749097,2021,unclear,,4,complete
lazic_25749097,2022,unclear,,1,complete
lazic_25749097,2023,unclear,,2,complete
lazic_25749097,2024,unclear,,1,complete
lazic_25749097,2025,unclear,,0,complete
lazic_22210394,2011,correct_analysis,0,0,complete
lazic_22210394,2012,correct_analysis,0,0,complete
lazic_22210394,2013,correct_analysis,0,1,complete
lazic_22210394,2014,correct_analysis,0,4,complete
lazic_22210394,2015,correct_analysis,0,6,complete
lazic_22210394,2016,correct_analysis,0,4,complete
lazic_22210394,2017,correct_analysis,0,5,complete
lazic_22210394,2018,correct_analysis,0,3,complete
lazic_22210394,2019,correct_analysis,0,3,complete
lazic_22210394,2020,correct_analysis,0,1,complete
lazic_22210394,2021,correct_analysis,0,0,complete
lazic_22210394,2022,correct_analysis,0,1,complete
lazic_22210394,2023,correct_analysis,0,1,complete
lazic_22210394,2024,correct_analysis,0,0,complete
lazic_22210394,2025,correct_analysis,0,0,complete
lazic_24663672,2014,unclear,,2,complete
lazic_24663672,2015,unclear,,4,complete
lazic_24663672,2016,unclear,,3,complete
lazic_24663672,2017,unclear,,7,complete
lazic_24663672,2018,unclear,,6,complete
lazic_24663672,2019,unclear,,7,complete
lazic_24663672,2020,unclear,,7,complete
lazic_24663672,2021,unclear,,8,complete
lazic_24663672,2022,unclear,,9,complete
lazic_24663672,2023,unclear,,7,complete
lazic_24663672,2024,unclear,,3,complete
lazic_24663672,2025,unclear,,2,complete
lazic_22230260,2011,pseudoreplication,1,0,complete
lazic_22230260,2012,pseudoreplication,1,1,complete
lazic_22230260,2013,pseudoreplication,1,4,complete
lazic_22230260,2014,pseudoreplication,1,5,complete
lazic_22230260,2015,pseudoreplication,1,4,complete
lazic_22230260,2016,pseudoreplication,1,6,complete
lazic_22230260,2017,pseudoreplication,1,0,complete
lazic_22230260,2018,pseudoreplication,1,7,complete
lazic_22230260,2019,pseudoreplication,1,4,complete
lazic_22230260,2020,pseudoreplication,1,3,complete
lazic_22230260,2021,pseudoreplication,1,2,complete
lazic_22230260,2022,pseudoreplication,1,2,complete
lazic_22230260,2023,pseudoreplication,1,3,complete
lazic_22230260,2024,pseudoreplication,1,1,complete
lazic_22230260,2025,pseudoreplication,1,0,complete
lazic_24139910,2013,pseudoreplication,1,0,complete
lazic_24139910,2014,pseudoreplication,1,8,complete
lazic_24139910,2015,pseudoreplication,1,12,complete
lazic_24139910,2016,pseudoreplication,1,7,complete
lazic_24139910,2017,pseudoreplication,1,4,complete
lazic_24139910,2018,pseudoreplication,1,10,complete
lazic_24139910,2019,pseudoreplication,1,9,complete
lazic_24139910,2020,pseudoreplication,1,7,complete
lazic_24139910,2021,pseudoreplication,1,5,complete
lazic_24139910,2022,pseudoreplication,1,8,complete
lazic_24139910,2023,pseudoreplication,1,9,complete
lazic_24139910,2024,pseudoreplication,1,5,complete
lazic_24139910,2025,pseudoreplication,1,3,complete
lazic_24239806,2013,unclear,,0,complete
lazic_24239806,2014,unclear,,5,complete
lazic_24239806,2015,unclear,,6,complete
lazic_24239806,2016,unclear,,4,complete
lazic_24239806,2017,unclear,,7,complete
lazic_24239806,2018,unclear,,7,complete
lazic_24239806,2019,unclear,,10,complete
lazic_24239806,2020,unclear,,5,complete
lazic_24239806,2021,unclear,,7,complete
lazic_24239806,2022,unclear,,4,complete
lazic_24239806,2023,unclear,,2,complete
lazic_24239806,2024,unclear,,14,complete
lazic_24239806,2025,unclear,,5,complete
lazic_22776160,2012,pseudoreplication,1,0,complete
lazic_22776160,2013,pseudoreplication,1,1,complete
lazic_22776160,2014,pseudoreplication,1,1,complete
lazic_22776160,2015,pseudoreplication,1,1,complete
lazic_22776160,2016,pseudoreplication,1,2,complete
lazic_22776160,2017,pseudoreplication,1,0,complete
lazic_22776160,2018,pseudoreplication,1,0,complete
lazic_22776160,2019,pseudoreplication,1,0,complete
lazic_22776160,2020,pseudoreplication,1,0,complete
lazic_22776160,2021,pseudoreplication,1,1,complete
lazic_22776160,2022,pseudoreplication,1,0,complete
lazic_22776160,2023,pseudoreplication,1,1,complete
lazic_22776160,2024,pseudoreplication,1,1,complete
lazic_22776160,2025,pseudoreplication,1,0,complete
lazic_23038630,2012,unclear,,0,complete
lazic_23038630,2013,unclear,,2,complete
lazic_23038630,2014,unclear,,3,complete
lazic_23038630,2015,unclear,,0,complete
lazic_23038630,2016,unclear,,0,complete
lazic_23038630,2017,unclear,,3,complete
lazic_23038630,2018,unclear,,2,complete
lazic_23038630,2019,unclear,,3,complete
lazic_23038630,2020,unclear,,1,complete
lazic_23038630,2021,unclear,,2,complete
lazic_23038630,2022,unclear,,1,complete
lazic_23038630,2023,unclear,,2,complete
lazic_23038630,2024,unclear,,0,complete
lazic_23038630,2025,unclear,,0,complete
lazic_24462543,2014,unclear,,1,complete
lazic_24462543,2015,unclear,,7,complete
lazic_24462543,2016,unclear,,3,complete
lazic_24462543,2017,unclear,,6,complete
lazic_24462543,2018,unclear,,8,complete
lazic_24462543,2019,unclear,,3,complete
lazic_24462543,2020,unclear,,6,complete
lazic_24462543,2021,unclear,,5,complete
lazic_24462543,2022,unclear,,2,complete
lazic_24462543,2023,unclear,,1,complete
lazic_24462543,2024,unclear,,0,complete
lazic_24462543,2025,unclear,,4,complete
lazic_23962570,2013,unclear,,0,complete
lazic_23962570,2014,unclear,,2,complete
lazic_23962570,2015,unclear,,0,complete
lazic_23962570,2016,unclear,,3,complete
lazic_23962570,2017,unclear,,3,complete
lazic_23962570,2018,unclear,,2,complete
lazic_23962570,2019,unclear,,2,complete
lazic_23962570,2020,unclear,,4,complete
lazic_23962570,2021,unclear,,2,complete
lazic_23962570,2022,unclear,,0,complete
lazic_23962570,2023,unclear,,1,complete
lazic_23962570,2024,unclear,,1,complete
lazic_23962570,2025,unclear,,1,complete
lazic_22648583,2012,pseudoreplication,1,0,complete
lazic_22648583,2013,pseudoreplication,1,0,complete
lazic_22648583,2014,pseudoreplication,1,0,complete
lazic_22648583,2015,pseudoreplication,1,2,complete
lazic_22648583,2016,pseudoreplication,1,3,complete
lazic_22648583,2017,pseudoreplication,1,2,complete
lazic_22648583,2018,pseudoreplication,1,1,complete
lazic_22648583,2019,pseudoreplication,1,1,complete
lazic_22648583,2020,pseudoreplication,1,5,complete
lazic_22648583,2021,pseudoreplication,1,2,complete
lazic_22648583,2022,pseudoreplication,1,1,complete
lazic_22648583,2023,pseudoreplication,1,0,complete
lazic_22648583,2024,pseudoreplication,1,0,complete
lazic_22648583,2025,pseudoreplication,1,0,complete
lazic_24667147,2014,pseudoreplication,1,0,complete
lazic_24667147,2015,pseudoreplication,1,7,complete
lazic_24667147,2016,pseudoreplication,1,2,complete
lazic_24667147,2017,pseudoreplication,1,4,complete
lazic_24667147,2018,pseudoreplication,1,3,complete
lazic_24667147,2019,pseudoreplication,1,2,complete
lazic_24667147,2020,pseudoreplication,1,2,complete
lazic_24667147,2021,pseudoreplication,1,1,complete
lazic_24667147,2022,pseudoreplication,1,1,complete
lazic_24667147,2023,pseudoreplication,1,1,complete
lazic_24667147,2024,pseudoreplication,1,1,complete
lazic_24667147,2025,pseudoreplication,1,0,complete
lazic_23104247,2012,pseudoreplication,1,0,complete
lazic_23104247,2013,pseudoreplication,1,5,complete
lazic_23104247,2014,pseudoreplication,1,3,complete
lazic_23104247,2015,pseudoreplication,1,4,complete
lazic_23104247,2016,pseudoreplication,1,3,complete
lazic_23104247,2017,pseudoreplication,1,6,complete
lazic_23104247,2018,pseudoreplication,1,3,complete
lazic_23104247,2019,pseudoreplication,1,3,complete
lazic_23104247,2020,pseudoreplication,1,3,complete
lazic_23104247,2021,pseudoreplication,1,5,complete
lazic_23104247,2022,pseudoreplication,1,1,complete
lazic_23104247,2023,pseudoreplication,1,3,complete
lazic_23104247,2024,pseudoreplication,1,4,complete
lazic_23104247,2025,pseudoreplication,1,0,complete
lazic_24863806,2014,unclear,,1,complete
lazic_24863806,2015,unclear,,4,complete
lazic_24863806,2016,unclear,,5,complete
lazic_24863806,2017,unclear,,4,complete
lazic_24863806,2018,unclear,,1,complete
lazic_24863806,2019,unclear,,5,complete
lazic_24863806,2020,unclear,,1,complete
lazic_24863806,2021,unclear,,7,complete
lazic_24863806,2022,unclear,,7,complete
lazic_24863806,2023,unclear,,3,complete
lazic_24863806,2024,unclear,,5,complete
lazic_24863806,2025,unclear,,3,complete
lazic_24963152,2014,pseudoreplication,1,1,complete
lazic_24963152,2015,pseudoreplication,1,2,complete
lazic_24963152,2016,pseudoreplication,1,2,complete
lazic_24963152,2017,pseudoreplication,1,0,complete
lazic_24963152,2018,pseudoreplication,1,0,complete
lazic_24963152,2019,pseudoreplication,1,4,complete
lazic_24963152,2020,pseudoreplication,1,1,complete
lazic_24963152,2021,pseudoreplication,1,4,complete
lazic_24963152,2022,pseudoreplication,1,0,complete
lazic_24963152,2023,pseudoreplication,1,3,complete
lazic_24963152,2024,pseudoreplication,1,5,complete
lazic_24963152,2025,pseudoreplication,1,2,complete
lazic_23255587,2012,pseudoreplication,1,0,complete
lazic_23255587,2013,pseudoreplication,1,2,complete
lazic_23255587,2014,pseudoreplication,1,1,complete
lazic_23255587,2015,pseudoreplication,1,5,complete
lazic_23255587,2016,pseudoreplication,1,3,complete
lazic_23255587,2017,pseudoreplication,1,0,complete
lazic_23255587,2018,pseudoreplication,1,1,complete
lazic_23255587,2019,pseudoreplication,1,4,complete
lazic_23255587,2020,pseudoreplication,1,2,complete
lazic_23255587,2021,pseudoreplication,1,1,complete
lazic_23255587,2022,pseudoreplication,1,3,complete
lazic_23255587,2023,pseudoreplication,1,2,complete
lazic_23255587,2024,pseudoreplication,1,1,complete
lazic_23255587,2025,pseudoreplication,1,1,complete
lazic_26188107,2015,correct_analysis,0,0,complete
lazic_26188107,2016,correct_analysis,0,1,complete
lazic_26188107,2017,correct_analysis,0,4,complete
lazic_26188107,2018,correct_analysis,0,7,complete
lazic_26188107,2019,correct_analysis,0,8,complete
lazic_26188107,2020,correct_analysis,0,6,complete
lazic_26188107,2021,correct_analysis,0,7,complete
lazic_26188107,2022,correct_analysis,0,4,complete
lazic_26188107,2023,correct_analysis,0,0,complete
lazic_26188107,2024,correct_analysis,0,8,complete
lazic_26188107,2025,correct_analysis,0,2,complete
lazic_23488802,2013,pseudoreplication,1,0,complete
lazic_23488802,2014,pseudoreplication,1,3,complete
lazic_23488802,2015,pseudoreplication,1,1,complete
lazic_23488802,2016,pseudoreplication,1,3,complete
lazic_23488802,2017,pseudoreplication,1,0,complete
lazic_23488802,2018,pseudoreplication,1,1,complete
lazic_23488802,2019,pseudoreplication,1,4,complete
lazic_23488802,2020,pseudoreplication,1,3,complete
lazic_23488802,2021,pseudoreplication,1,2,complete
lazic_23488802,2022,pseudoreplication,1,2,complete
lazic_23488802,2023,pseudoreplication,1,0,complete
lazic_23488802,2024,pseudoreplication,1,1,complete
lazic_23488802,2025,pseudoreplication,1,0,complete
lazic_25792016,2015,correct_analysis,0,0,complete
lazic_25792016,2016,correct_analysis,0,1,complete
lazic_25792016,2017,correct_analysis,0,2,complete
lazic_25792016,2018,correct_analysis,0,1,complete
lazic_25792016,2019,correct_analysis,0,0,complete
lazic_25792016,2020,correct_analysis,0,1,complete
lazic_25792016,2021,correct_analysis,0,0,complete
lazic_25792016,2022,correct_analysis,0,0,complete
lazic_25792016,2023,correct_analysis,0,0,complete
lazic_25792016,2024,correct_analysis,0,1,complete
lazic_25792016,2025,correct_analysis,0,0,complete
lazic_25668515,2015,pseudoreplication,1,1,complete
lazic_25668515,2016,pseudoreplication,1,2,complete
lazic_25668515,2017,pseudoreplication,1,9,complete
lazic_25668515,2018,pseudoreplication,1,1,complete
lazic_25668515,2019,pseudoreplication,1,5,complete
lazic_25668515,2020,pseudoreplication,1,7,complete
lazic_25668515,2021,pseudoreplication,1,3,complete
lazic_25668515,2022,pseudoreplication,1,7,complete
lazic_25668515,2023,pseudoreplication,1,5,complete
lazic_25668515,2024,pseudoreplication,1,2,complete
lazic_25668515,2025,pseudoreplication,1,1,complete
lazic_25948073,2015,pseudoreplication,1,0,complete
lazic_25948073,2016,pseudoreplication,1,0,complete
lazic_25948073,2017,pseudoreplication,1,0,complete
lazic_25948073,2018,pseudoreplication,1,0,complete
lazic_25948073,2019,pseudoreplication,1,0,complete
lazic_25948073,2020,pseudoreplication,1,0,complete
lazic_25948073,2021,pseudoreplication,1,0,complete
lazic_25948073,2022,pseudoreplication,1,1,complete
lazic_25948073,2023,pseudoreplication,1,1,complete
lazic_25948073,2024,pseudoreplication,1,0,complete
lazic_25948073,2025,pseudoreplication,1,2,complete
lazic_26073126,2015,pseudoreplication,1,0,complete
lazic_26073126,2016,pseudoreplication,1,1,complete
lazic_26073126,2017,pseudoreplication,1,3,complete
lazic_26073126,2018,pseudoreplication,1,3,complete
lazic_26073126,2019,pseudoreplication,1,3,complete
lazic_26073126,2020,pseudoreplication,1,2,complete
lazic_26073126,2021,pseudoreplication,1,3,complete
lazic_26073126,2022,pseudoreplication,1,1,complete
lazic_26073126,2023,pseudoreplication,1,0,complete
lazic_26073126,2024,pseudoreplication,1,1,complete
lazic_26073126,2025,pseudoreplication,1,1,complete
lazic_23078415,2012,pseudoreplication,1,0,complete
lazic_23078415,2013,pseudoreplication,1,0,complete
lazic_23078415,2014,pseudoreplication,1,2,complete
lazic_23078415,2015,pseudoreplication,1,1,complete
lazic_23078415,2016,pseudoreplication,1,3,complete
lazic_23078415,2017,pseudoreplication,1,4,complete
lazic_23078415,2018,pseudoreplication,1,0,complete
lazic_23078415,2019,pseudoreplication,1,2,complete
lazic_23078415,2020,pseudoreplication,1,1,complete
lazic_23078415,2021,pseudoreplication,1,3,complete
lazic_23078415,2022,pseudoreplication,1,1,complete
lazic_23078415,2023,pseudoreplication,1,2,complete
lazic_23078415,2024,pseudoreplication,1,0,complete
lazic_23078415,2025,pseudoreplication,1,4,complete
lazic_22878215,2012,unclear,,0,complete
lazic_22878215,2013,unclear,,1,complete
lazic_22878215,2014,unclear,,1,complete
lazic_22878215,2015,unclear,,1,complete
lazic_22878215,2016,unclear,,1,complete
lazic_22878215,2017,unclear,,3,complete
lazic_22878215,2018,unclear,,1,complete
lazic_22878215,2019,unclear,,3,complete
lazic_22878215,2020,unclear,,1,complete
lazic_22878215,2021,unclear,,0,complete
lazic_22878215,2022,unclear,,5,complete
lazic_22878215,2023,unclear,,2,complete
lazic_22878215,2024,unclear,,4,complete
lazic_22878215,2025,unclear,,2,complete
lazic_23546603,2013,unclear,,1,complete
lazic_23546603,2014,unclear,,3,complete
lazic_23546603,2015,unclear,,2,complete
lazic_23546603,2016,unclear,,2,complete
lazic_23546603,2017,unclear,,1,complete
lazic_23546603,2018,unclear,,3,complete
lazic_23546603,2019,unclear,,1,complete
lazic_23546603,2020,unclear,,2,complete
lazic_23546603,2021,unclear,,3,complete
lazic_23546603,2022,unclear,,0,complete
lazic_23546603,2023,unclear,,1,complete
lazic_23546603,2024,unclear,,2,complete
lazic_23546603,2025,unclear,,2,complete
lazic_23428582,2013,correct_analysis,0,2,complete
lazic_23428582,2014,correct_analysis,0,4,complete
lazic_23428582,2015,correct_analysis,0,3,complete
lazic_23428582,2016,correct_analysis,0,7,complete
lazic_23428582,2017,correct_analysis,0,4,complete
lazic_23428582,2018,correct_analysis,0,5,complete
lazic_23428582,2019,correct_analysis,0,4,complete
lazic_23428582,2020,correct_analysis,0,5,complete
lazic_23428582,2021,correct_analysis,0,4,complete
lazic_23428582,2022,correct_analysis,0,8,complete
lazic_23428582,2023,correct_analysis,0,1,complete
lazic_23428582,2024,correct_analysis,0,2,complete
lazic_23428582,2025,correct_analysis,0,2,complete
lazic_25031729,2014,unclear,,0,complete
lazic_25031729,2015,unclear,,1,complete
lazic_25031729,2016,unclear,,2,complete
lazic_25031729,2017,unclear,,4,complete
lazic_25031729,2018,unclear,,3,complete
lazic_25031729,2019,unclear,,1,complete
lazic_25031729,2020,unclear,,2,complete
lazic_25031729,2021,unclear,,1,complete
lazic_25031729,2022,unclear,,1,complete
lazic_25031729,2023,unclear,,0,complete
lazic_25031729,2024,unclear,,0,complete
lazic_25031729,2025,unclear,,0,complete
lazic_24224789,2014,pseudoreplication,1,8,complete
lazic_24224789,2015,pseudoreplication,1,10,complete
lazic_24224789,2016,pseudoreplication,1,10,complete
lazic_24224789,2017,pseudoreplication,1,6,complete
lazic_24224789,2018,pseudoreplication,1,9,complete
lazic_24224789,2019,pseudoreplication,1,5,complete
lazic_24224789,2020,pseudoreplication,1,9,complete
lazic_24224789,2021,pseudoreplication,1,5,complete
lazic_24224789,2022,pseudoreplication,1,12,complete
lazic_24224789,2023,pseudoreplication,1,2,complete
lazic_24224789,2024,pseudoreplication,1,2,complete
lazic_24224789,2025,pseudoreplication,1,3,complete
lazic_23433325,2013,unclear,,0,complete
lazic_23433325,2014,unclear,,6,complete
lazic_23433325,2015,unclear,,3,complete
lazic_23433325,2016,unclear,,2,complete
lazic_23433325,2017,unclear,,8,complete
lazic_23433325,2018,unclear,,1,complete
lazic_23433325,2019,unclear,,5,complete
lazic_23433325,2020,unclear,,5,complete
lazic_23433325,2021,unclear,,1,complete
lazic_23433325,2022,unclear,,1,complete
lazic_23433325,2023,unclear,,1,complete
lazic_23433325,2024,unclear,,0,complete
lazic_23433325,2025,unclear,,1,complete
lazic_22486162,2012,pseudoreplication,1,0,complete
lazic_22486162,2013,pseudoreplication,1,1,complete
lazic_22486162,2014,pseudoreplication,1,2,complete
lazic_22486162,2015,pseudoreplication,1,1,complete
lazic_22486162,2016,pseudoreplication,1,0,complete
lazic_22486162,2017,pseudoreplication,1,1,complete
lazic_22486162,2018,pseudoreplication,1,1,complete
lazic_22486162,2019,pseudoreplication,1,1,complete
lazic_22486162,2020,pseudoreplication,1,0,complete
lazic_22486162,2021,pseudoreplication,1,0,complete
lazic_22486162,2022,pseudoreplication,1,0,complete
lazic_22486162,2023,pseudoreplication,1,2,complete
lazic_22486162,2024,pseudoreplication,1,0,complete
lazic_22486162,2025,pseudoreplication,1,1,complete
lazic_23756143,2013,unclear,,0,complete
lazic_23756143,2014,unclear,,2,complete
lazic_23756143,2015,unclear,,3,complete
lazic_23756143,2016,unclear,,7,complete
lazic_23756143,2017,unclear,,4,complete
lazic_23756143,2018,unclear,,7,complete
lazic_23756143,2019,unclear,,4,complete
lazic_23756143,2020,unclear,,3,complete
lazic_23756143,2021,unclear,,1,complete
lazic_23756143,2022,unclear,,3,complete
lazic_23756143,2023,unclear,,3,complete
lazic_23756143,2024,unclear,,1,complete
lazic_23756143,2025,unclear,,2,complete
lazic_24825369,2014,unclear,,0,complete
lazic_24825369,2015,unclear,,0,complete
lazic_24825369,2016,unclear,,0,complete
lazic_24825369,2017,unclear,,1,complete
lazic_24825369,2018,unclear,,3,complete
lazic_24825369,2019,unclear,,1,complete
lazic_24825369,2020,unclear,,6,complete
lazic_24825369,2021,unclear,,2,complete
lazic_24825369,2022,unclear,,2,complete
lazic_24825369,2023,unclear,,2,complete
lazic_24825369,2024,unclear,,3,complete
lazic_24825369,2025,unclear,,2,complete
lazic_25070670,2014,unclear,,0,complete
lazic_25070670,2015,unclear,,2,complete
lazic_25070670,2016,unclear,,2,complete
lazic_25070670,2017,unclear,,2,complete
lazic_25070670,2018,unclear,,7,complete
lazic_25070670,2019,unclear,,3,complete
lazic_25070670,2020,unclear,,3,complete
lazic_25070670,2021,unclear,,2,complete
lazic_25070670,2022,unclear,,2,complete
lazic_25070670,2023,unclear,,6,complete
lazic_25070670,2024,unclear,,2,complete
lazic_25070670,2025,unclear,,2,complete
lazic_23295412,2013,correct_analysis,0,5,complete
lazic_23295412,2014,correct_analysis,0,3,complete
lazic_23295412,2015,correct_analysis,0,4,complete
lazic_23295412,2016,correct_analysis,0,4,complete
lazic_23295412,2017,correct_analysis,0,4,complete
lazic_23295412,2018,correct_analysis,0,5,complete
lazic_23295412,2019,correct_analysis,0,7,complete
lazic_23295412,2020,correct_analysis,0,3,complete
lazic_23295412,2021,correct_analysis,0,3,complete
lazic_23295412,2022,correct_analysis,0,6,complete
lazic_23295412,2023,correct_analysis,0,1,complete
lazic_23295412,2024,correct_analysis,0,1,complete
lazic_23295412,2025,correct_analysis,0,2,complete
lazic_25326589,2014,unclear,,0,complete
lazic_25326589,2015,unclear,,1,complete
lazic_25326589,2016,unclear,,3,complete
lazic_25326589,2017,unclear,,9,complete
lazic_25326589,2018,unclear,,5,complete
lazic_25326589,2019,unclear,,6,complete
lazic_25326589,2020,unclear,,5,complete
lazic_25326589,2021,unclear,,9,complete
lazic_25326589,2022,unclear,,4,complete
lazic_25326589,2023,unclear,,7,complete
lazic_25326589,2024,unclear,,5,complete
lazic_25326589,2025,unclear,,7,complete
lazic_24925022,2014,correct_analysis,0,0,complete
lazic_24925022,2015,correct_analysis,0,0,complete
lazic_24925022,2016,correct_analysis,0,1,complete
lazic_24925022,2017,correct_analysis,0,3,complete
lazic_24925022,2018,correct_analysis,0,1,complete
lazic_24925022,2019,correct_analysis,0,1,complete
lazic_24925022,2020,correct_analysis,0,2,complete
lazic_24925022,2021,correct_analysis,0,1,complete
lazic_24925022,2022,correct_analysis,0,2,complete
lazic_24925022,2023,correct_analysis,0,0,complete
lazic_24925022,2024,correct_analysis,0,1,complete
lazic_24925022,2025,correct_analysis,0,0,complete
lazic_22609825,2012,pseudoreplication,1,0,complete
lazic_22609825,2013,pseudoreplication,1,0,complete
lazic_22609825,2014,pseudoreplication,1,1,complete
lazic_22609825,2015,pseudoreplication,1,3,complete
lazic_22609825,2016,pseudoreplication,1,0,complete
lazic_22609825,2017,pseudoreplication,1,0,complete
lazic_22609825,2018,pseudoreplication,1,0,complete
lazic_22609825,2019,pseudoreplication,1,0,complete
lazic_22609825,2020,pseudoreplication,1,0,complete
lazic_22609825,2021,pseudoreplication,1,0,complete
lazic_22609825,2022,pseudoreplication,1,0,complete
lazic_22609825,2023,pseudoreplication,1,0,complete
lazic_22609825,2024,pseudoreplication,1,0,complete
lazic_22609825,2025,pseudoreplication,1,0,complete
lazic_22326588,2012,pseudoreplication,1,1,complete
lazic_22326588,2013,pseudoreplication,1,0,complete
lazic_22326588,2014,pseudoreplication,1,4,complete
lazic_22326588,2015,pseudoreplication,1,3,complete
lazic_22326588,2016,pseudoreplication,1,1,complete
lazic_22326588,2017,pseudoreplication,1,4,complete
lazic_22326588,2018,pseudoreplication,1,1,complete
lazic_22326588,2019,pseudoreplication,1,1,complete
lazic_22326588,2020,pseudoreplication,1,2,complete
lazic_22326588,2021,pseudoreplication,1,0,complete
lazic_22326588,2022,pseudoreplication,1,2,complete
lazic_22326588,2023,pseudoreplication,1,0,complete
lazic_22326588,2024,pseudoreplication,1,0,complete
lazic_22326588,2025,pseudoreplication,1,0,complete
lazic_24796820,2014,pseudoreplication,1,0,complete
lazic_24796820,2015,pseudoreplication,1,8,complete
lazic_24796820,2016,pseudoreplication,1,4,complete
lazic_24796820,2017,pseudoreplication,1,3,complete
lazic_24796820,2018,pseudoreplication,1,3,complete
lazic_24796820,2019,pseudoreplication,1,3,complete
lazic_24796820,2020,pseudoreplication,1,8,complete
lazic_24796820,2021,pseudoreplication,1,2,complete
lazic_24796820,2022,pseudoreplication,1,1,complete
lazic_24796820,2023,pseudoreplication,1,0,complete
lazic_24796820,2024,pseudoreplication,1,0,complete
lazic_24796820,2025,pseudoreplication,1,1,complete
lazic_25707689,2015,correct_analysis,0,0,complete
lazic_25707689,2016,correct_analysis,0,0,complete
lazic_25707689,2017,correct_analysis,0,7,complete
lazic_25707689,2018,correct_analysis,0,4,complete
lazic_25707689,2019,correct_analysis,0,4,complete
lazic_25707689,2020,correct_analysis,0,2,complete
lazic_25707689,2021,correct_analysis,0,3,complete
lazic_25707689,2022,correct_analysis,0,7,complete
lazic_25707689,2023,correct_analysis,0,8,complete
lazic_25707689,2024,correct_analysis,0,6,complete
lazic_25707689,2025,correct_analysis,0,5,complete
lazic_26556892,2015,unclear,,0,complete
lazic_26556892,2016,unclear,,2,complete
lazic_26556892,2017,unclear,,1,complete
lazic_26556892,2018,unclear,,1,complete
lazic_26556892,2019,unclear,,1,complete
lazic_26556892,2020,unclear,,5,complete
lazic_26556892,2021,unclear,,2,complete
lazic_26556892,2022,unclear,,4,complete
lazic_26556892,2023,unclear,,1,complete
lazic_26556892,2024,unclear,,1,complete
lazic_26556892,2025,unclear,,1,complete
lazic_24358374,2013,pseudoreplication,1,0,complete
lazic_24358374,2014,pseudoreplication,1,3,complete
lazic_24358374,2015,pseudoreplication,1,1,complete
lazic_24358374,2016,pseudoreplication,1,4,complete
lazic_24358374,2017,pseudoreplication,1,0,complete
lazic_24358374,2018,pseudoreplication,1,0,complete
lazic_24358374,2019,pseudoreplication,1,1,complete
lazic_24358374,2020,pseudoreplication,1,1,complete
lazic_24358374,2021,pseudoreplication,1,2,complete
lazic_24358374,2022,pseudoreplication,1,2,complete
lazic_24358374,2023,pseudoreplication,1,3,complete
lazic_24358374,2024,pseudoreplication,1,2,complete
lazic_24358374,2025,pseudoreplication,1,0,complete
lazic_23592748,2013,correct_analysis,0,3,complete
lazic_23592748,2014,correct_analysis,0,6,complete
lazic_23592748,2015,correct_analysis,0,4,complete
lazic_23592748,2016,correct_analysis,0,7,complete
lazic_23592748,2017,correct_analysis,0,5,complete
lazic_23592748,2018,correct_analysis,0,1,complete
lazic_23592748,2019,correct_analysis,0,4,complete
lazic_23592748,2020,correct_analysis,0,1,complete
lazic_23592748,2021,correct_analysis,0,5,complete
lazic_23592748,2022,correct_analysis,0,3,complete
lazic_23592748,2023,correct_analysis,0,3,complete
lazic_23592748,2024,correct_analysis,0,1,complete
lazic_23592748,2025,correct_analysis,0,2,complete
lazic_24097159,2013,unclear,,0,complete
lazic_24097159,2014,unclear,,0,complete
lazic_24097159,2015,unclear,,3,complete
lazic_24097159,2016,unclear,,4,complete
lazic_24097159,2017,unclear,,3,complete
lazic_24097159,2018,unclear,,3,complete
lazic_24097159,2019,unclear,,4,complete
lazic_24097159,2020,unclear,,2,complete
lazic_24097159,2021,unclear,,2,complete
lazic_24097159,2022,unclear,,1,complete
lazic_24097159,2023,unclear,,1,complete
lazic_24097159,2024,unclear,,1,complete
lazic_24097159,2025,unclear,,1,complete
lazic_25266448,2014,correct_analysis,0,0,complete
lazic_25266448,2015,correct_analysis,0,0,complete
lazic_25266448,2016,correct_analysis,0,4,complete
lazic_25266448,2017,correct_analysis,0,6,complete
lazic_25266448,2018,correct_analysis,0,2,complete
lazic_25266448,2019,correct_analysis,0,3,complete
lazic_25266448,2020,correct_analysis,0,2,complete
lazic_25266448,2021,correct_analysis,0,1,complete
lazic_25266448,2022,correct_analysis,0,2,complete
lazic_25266448,2023,correct_analysis,0,2,complete
lazic_25266448,2024,correct_analysis,0,0,complete
lazic_25266448,2025,correct_analysis,0,3,complete
lazic_22178135,2011,pseudoreplication,1,0,complete
lazic_22178135,2012,pseudoreplication,1,0,complete
lazic_22178135,2013,pseudoreplication,1,4,complete
lazic_22178135,2014,pseudoreplication,1,1,complete
lazic_22178135,2015,pseudoreplication,1,4,complete
lazic_22178135,2016,pseudoreplication,1,4,complete
lazic_22178135,2017,pseudoreplication,1,2,complete
lazic_22178135,2018,pseudoreplication,1,5,complete
lazic_22178135,2019,pseudoreplication,1,2,complete
lazic_22178135,2020,pseudoreplication,1,5,complete
lazic_22178135,2021,pseudoreplication,1,2,complete
lazic_22178135,2022,pseudoreplication,1,4,complete
lazic_22178135,2023,pseudoreplication,1,3,complete
lazic_22178135,2024,pseudoreplication,1,2,complete
lazic_22178135,2025,pseudoreplication,1,3,complete
lazic_24979775,2014,correct_analysis,0,1,complete
lazic_24979775,2015,correct_analysis,0,11,complete
lazic_24979775,2016,correct_analysis,0,6,complete
lazic_24979775,2017,correct_analysis,0,13,complete
lazic_24979775,2018,correct_analysis,0,14,complete
lazic_24979775,2019,correct_analysis,0,8,complete
lazic_24979775,2020,correct_analysis,0,18,complete
lazic_24979775,2021,correct_analysis,0,17,complete
lazic_24979775,2022,correct_analysis,0,15,complete
lazic_24979775,2023,correct_analysis,0,23,complete
lazic_24979775,2024,correct_analysis,0,13,complete
lazic_24979775,2025,correct_analysis,0,21,complete
lazic_25882586,2015,pseudoreplication,1,2,complete
lazic_25882586,2016,pseudoreplication,1,1,complete
lazic_25882586,2017,pseudoreplication,1,1,complete
lazic_25882586,2018,pseudoreplication,1,2,complete
lazic_25882586,2019,pseudoreplication,1,1,complete
lazic_25882586,2020,pseudoreplication,1,0,complete
lazic_25882586,2021,pseudoreplication,1,0,complete
lazic_25882586,2022,pseudoreplication,1,0,complete
lazic_25882586,2023,pseudoreplication,1,1,complete
lazic_25882586,2024,pseudoreplication,1,0,complete
lazic_25882586,2025,pseudoreplication,1,0,complete
lazic_25441581,2014,correct_analysis,0,0,complete
lazic_25441581,2015,correct_analysis,0,3,complete
lazic_25441581,2016,correct_analysis,0,8,complete
lazic_25441581,2017,correct_analysis,0,4,complete
lazic_25441581,2018,correct_analysis,0,1,complete
lazic_25441581,2019,correct_analysis,0,8,complete
lazic_25441581,2020,correct_analysis,0,5,complete
lazic_25441581,2021,correct_analysis,0,5,complete
lazic_25441581,2022,correct_analysis,0,3,complete
lazic_25441581,2023,correct_analysis,0,4,complete
lazic_25441581,2024,correct_analysis,0,3,complete
lazic_25441581,2025,correct_analysis,0,1,complete
lazic_25106693,2014,unclear,,0,complete
lazic_25106693,2015,unclear,,6,complete
lazic_25106693,2016,unclear,,5,complete
lazic_25106693,2017,unclear,,6,complete
lazic_25106693,2018,unclear,,2,complete
lazic_25106693,2019,unclear,,3,complete
lazic_25106693,2020,unclear,,7,complete
lazic_25106693,2021,unclear,,5,complete
lazic_25106693,2022,unclear,,7,complete
lazic_25106693,2023,unclear,,3,complete
lazic_25106693,2024,unclear,,1,complete
lazic_25106693,2025,unclear,,4,complete
lazic_21856408,2011,pseudoreplication,1,0,complete
lazic_21856408,2012,pseudoreplication,1,0,complete
lazic_21856408,2013,pseudoreplication,1,0,complete
lazic_21856408,2014,pseudoreplication,1,0,complete
lazic_21856408,2015,pseudoreplication,1,0,complete
lazic_21856408,2016,pseudoreplication,1,0,complete
lazic_21856408,2017,pseudoreplication,1,0,complete
lazic_21856408,2018,pseudoreplication,1,1,complete
lazic_21856408,2019,pseudoreplication,1,0,complete
lazic_21856408,2020,pseudoreplication,1,0,complete
lazic_21856408,2021,pseudoreplication,1,0,complete
lazic_21856408,2022,pseudoreplication,1,0,complete
lazic_21856408,2023,pseudoreplication,1,1,complete
lazic_21856408,2024,pseudoreplication,1,0,complete
lazic_21856408,2025,pseudoreplication,1,0,complete
lazic_25765514,2015,pseudoreplication,1,4,complete
lazic_25765514,2016,pseudoreplication,1,6,complete
lazic_25765514,2017,pseudoreplication,1,5,complete
lazic_25765514,2018,pseudoreplication,1,10,complete
lazic_25765514,2019,pseudoreplication,1,7,complete
lazic_25765514,2020,pseudoreplication,1,7,complete
lazic_25765514,2021,pseudoreplication,1,6,complete
lazic_25765514,2022,pseudoreplication,1,6,complete
lazic_25765514,2023,pseudoreplication,1,4,complete
lazic_25765514,2024,pseudoreplication,1,4,complete
lazic_25765514,2025,pseudoreplication,1,2,complete
lazic_26054440,2015,pseudoreplication,1,1,complete
lazic_26054440,2016,pseudoreplication,1,2,complete
lazic_26054440,2017,pseudoreplication,1,4,complete
lazic_26054440,2018,pseudoreplication,1,0,complete
lazic_26054440,2019,pseudoreplication,1,6,complete
lazic_26054440,2020,pseudoreplication,1,1,complete
lazic_26054440,2021,pseudoreplication,1,2,complete
lazic_26054440,2022,pseudoreplication,1,3,complete
lazic_26054440,2023,pseudoreplication,1,2,complete
lazic_26054440,2024,pseudoreplication,1,3,complete
lazic_26054440,2025,pseudoreplication,1,3,complete
lazic_24279743,2013,pseudoreplication,1,0,complete
lazic_24279743,2014,pseudoreplication,1,2,complete
lazic_24279743,2015,pseudoreplication,1,6,complete
lazic_24279743,2016,pseudoreplication,1,5,complete
lazic_24279743,2017,pseudoreplication,1,7,complete
lazic_24279743,2018,pseudoreplication,1,6,complete
lazic_24279743,2019,pseudoreplication,1,6,complete
lazic_24279743,2020,pseudoreplication,1,5,complete
lazic_24279743,2021,pseudoreplication,1,9,complete
lazic_24279743,2022,pseudoreplication,1,3,complete
lazic_24279743,2023,pseudoreplication,1,1,complete
lazic_24279743,2024,pseudoreplication,1,0,complete
lazic_24279743,2025,pseudoreplication,1,7,complete
lazic_22023958,2011,correct_analysis,0,0,complete
lazic_22023958,2012,correct_analysis,0,3,complete
lazic_22023958,2013,correct_analysis,0,3,complete
lazic_22023958,2014,correct_analysis,0,3,complete
lazic_22023958,2015,correct_analysis,0,6,complete
lazic_22023958,2016,correct_analysis,0,5,complete
lazic_22023958,2017,correct_analysis,0,5,complete
lazic_22023958,2018,correct_analysis,0,5,complete
lazic_22023958,2019,correct_analysis,0,4,complete
lazic_22023958,2020,correct_analysis,0,9,complete
lazic_22023958,2021,correct_analysis,0,4,complete
lazic_22023958,2022,correct_analysis,0,7,complete
lazic_22023958,2023,correct_analysis,0,4,complete
lazic_22023958,2024,correct_analysis,0,6,complete
lazic_22023958,2025,correct_analysis,0,2,complete
lazic_25092052,2014,correct_analysis,0,1,complete
lazic_25092052,2015,correct_analysis,0,2,complete
lazic_25092052,2016,correct_analysis,0,0,complete
lazic_25092052,2017,correct_analysis,0,0,complete
lazic_25092052,2018,correct_analysis,0,2,complete
lazic_25092052,2019,correct_analysis,0,0,complete
lazic_25092052,2020,correct_analysis,0,0,complete
lazic_25092052,2021,correct_analysis,0,0,complete
lazic_25092052,2022,correct_analysis,0,0,complete
lazic_25092052,2023,correct_analysis,0,0,complete
lazic_25092052,2024,correct_analysis,0,0,complete
lazic_25092052,2025,correct_analysis,0,0,complete
lazic_24275555,2013,unclear,,0,complete
lazic_24275555,2014,unclear,,5,complete
lazic_24275555,2015,unclear,,8,complete
lazic_24275555,2016,unclear,,14,complete
lazic_24275555,2017,unclear,,11,complete
lazic_24275555,2018,unclear,,6,complete
lazic_24275555,2019,unclear,,10,complete
lazic_24275555,2020,unclear,,1,complete
lazic_24275555,2021,unclear,,6,complete
lazic_24275555,2022,unclear,,12,complete
lazic_24275555,2023,unclear,,8,complete
lazic_24275555,2024,unclear,,6,complete
lazic_24275555,2025,unclear,,3,complete
lazic_22464150,2012,correct_analysis,0,1,complete
lazic_22464150,2013,correct_analysis,0,2,complete
lazic_22464150,2014,correct_analysis,0,1,complete
lazic_22464150,2015,correct_analysis,0,3,complete
lazic_22464150,2016,correct_analysis,0,4,complete
lazic_22464150,2017,correct_analysis,0,2,complete
lazic_22464150,2018,correct_analysis,0,1,complete
lazic_22464150,2019,correct_analysis,0,5,complete
lazic_22464150,2020,correct_analysis,0,5,complete
lazic_22464150,2021,correct_analysis,0,4,complete
lazic_22464150,2022,correct_analysis,0,4,complete
lazic_22464150,2023,correct_analysis,0,3,complete
lazic_22464150,2024,correct_analysis,0,1,complete
lazic_22464150,2025,correct_analysis,0,1,complete
lazic_22875908,2012,unclear,,1,complete
lazic_22875908,2013,unclear,,4,complete
lazic_22875908,2014,unclear,,3,complete
lazic_22875908,2015,unclear,,4,complete
lazic_22875908,2016,unclear,,6,complete
lazic_22875908,2017,unclear,,1,complete
lazic_22875908,2018,unclear,,6,complete
lazic_22875908,2019,unclear,,8,complete
lazic_22875908,2020,unclear,,2,complete
lazic_22875908,2021,unclear,,3,complete
lazic_22875908,2022,unclear,,4,complete
lazic_22875908,2023,unclear,,7,complete
lazic_22875908,2024,unclear,,5,complete
lazic_22875908,2025,unclear,,3,complete
lazic_23457588,2013,unclear,,1,complete
lazic_23457588,2014,unclear,,6,complete
lazic_23457588,2015,unclear,,2,complete
lazic_23457588,2016,unclear,,4,complete
lazic_23457588,2017,unclear,,5,complete
lazic_23457588,2018,unclear,,16,complete
lazic_23457588,2019,unclear,,6,complete
lazic_23457588,2020,unclear,,5,complete
lazic_23457588,2021,unclear,,14,complete
lazic_23457588,2022,unclear,,2,complete
lazic_23457588,2023,unclear,,8,complete
lazic_23457588,2024,unclear,,6,complete
lazic_23457588,2025,unclear,,5,complete
lazic_22160775,2011,pseudoreplication,1,0,complete
lazic_22160775,2012,pseudoreplication,1,1,complete
lazic_22160775,2013,pseudoreplication,1,3,complete
lazic_22160775,2014,pseudoreplication,1,2,complete
lazic_22160775,2015,pseudoreplication,1,6,complete
lazic_22160775,2016,pseudoreplication,1,5,complete
lazic_22160775,2017,pseudoreplication,1,5,complete
lazic_22160775,2018,pseudoreplication,1,4,complete
lazic_22160775,2019,pseudoreplication,1,6,complete
lazic_22160775,2020,pseudoreplication,1,4,complete
lazic_22160775,2021,pseudoreplication,1,0,complete
lazic_22160775,2022,pseudoreplication,1,5,complete
lazic_22160775,2023,pseudoreplication,1,3,complete
lazic_22160775,2024,pseudoreplication,1,4,complete
lazic_22160775,2025,pseudoreplication,1,2,complete
lazic_26602365,2015,pseudoreplication,1,0,complete
lazic_26602365,2016,pseudoreplication,1,4,complete
lazic_26602365,2017,pseudoreplication,1,11,complete
lazic_26602365,2018,pseudoreplication,1,10,complete
lazic_26602365,2019,pseudoreplication,1,11,complete
lazic_26602365,2020,pseudoreplication,1,15,complete
lazic_26602365,2021,pseudoreplication,1,14,complete
lazic_26602365,2022,pseudoreplication,1,13,complete
lazic_26602365,2023,pseudoreplication,1,11,complete
lazic_26602365,2024,pseudoreplication,1,7,complete
lazic_26602365,2025,pseudoreplication,1,7,complete
lazic_24223833,2013,unclear,,0,complete
lazic_24223833,2014,unclear,,3,complete
lazic_24223833,2015,unclear,,5,complete
lazic_24223833,2016,unclear,,7,complete
lazic_24223833,2017,unclear,,1,complete
lazic_24223833,2018,unclear,,5,complete
lazic_24223833,2019,unclear,,5,complete
lazic_24223833,2020,unclear,,2,complete
lazic_24223833,2021,unclear,,2,complete
lazic_24223833,2022,unclear,,6,complete
lazic_24223833,2023,unclear,,3,complete
lazic_24223833,2024,unclear,,0,complete
lazic_24223833,2025,unclear,,2,complete
lazic_23959066,2013,correct_analysis,0,0,complete
lazic_23959066,2014,correct_analysis,0,6,complete
lazic_23959066,2015,correct_analysis,0,4,complete
lazic_23959066,2016,correct_analysis,0,5,complete
lazic_23959066,2017,correct_analysis,0,6,complete
lazic_23959066,2018,correct_analysis,0,9,complete
lazic_23959066,2019,correct_analysis,0,3,complete
lazic_23959066,2020,correct_analysis,0,4,complete
lazic_23959066,2021,correct_analysis,0,7,complete
lazic_23959066,2022,correct_analysis,0,3,complete
lazic_23959066,2023,correct_analysis,0,5,complete
lazic_23959066,2024,correct_analysis,0,4,complete
lazic_23959066,2025,correct_analysis,0,4,complete
lazic_25720733,2015,pseudoreplication,1,1,complete
lazic_25720733,2016,pseudoreplication,1,3,complete
lazic_25720733,2017,pseudoreplication,1,4,complete
lazic_25720733,2018,pseudoreplication,1,2,complete
lazic_25720733,2019,pseudoreplication,1,5,complete
lazic_25720733,2020,pseudoreplication,1,3,complete
lazic_25720733,2021,pseudoreplication,1,0,complete
lazic_25720733,2022,pseudoreplication,1,4,complete
lazic_25720733,2023,pseudoreplication,1,2,complete
lazic_25720733,2024,pseudoreplication,1,4,complete
lazic_25720733,2025,pseudoreplication,1,2,complete
lazic_23280060,2012,correct_analysis,0,0,complete
lazic_23280060,2013,correct_analysis,0,0,complete
lazic_23280060,2014,correct_analysis,0,1,complete
lazic_23280060,2015,correct_analysis,0,0,complete
lazic_23280060,2016,correct_analysis,0,2,complete
lazic_23280060,2017,correct_analysis,0,2,complete
lazic_23280060,2018,correct_analysis,0,3,complete
lazic_23280060,2019,correct_analysis,0,1,complete
lazic_23280060,2020,correct_analysis,0,0,complete
lazic_23280060,2021,correct_analysis,0,2,complete
lazic_23280060,2022,correct_analysis,0,2,complete
lazic_23280060,2023,correct_analysis,0,0,complete
lazic_23280060,2024,correct_analysis,0,3,complete
lazic_23280060,2025,correct_analysis,0,3,complete
lazic_24621066,2014,pseudoreplication,1,1,complete
lazic_24621066,2015,pseudoreplication,1,0,complete
lazic_24621066,2016,pseudoreplication,1,0,complete
lazic_24621066,2017,pseudoreplication,1,0,complete
lazic_24621066,2018,pseudoreplication,1,0,complete
lazic_24621066,2019,pseudoreplication,1,0,complete
lazic_24621066,2020,pseudoreplication,1,0,complete
lazic_24621066,2021,pseudoreplication,1,0,complete
lazic_24621066,2022,pseudoreplication,1,1,complete
lazic_24621066,2023,pseudoreplication,1,0,complete
lazic_24621066,2024,pseudoreplication,1,0,complete
lazic_24621066,2025,pseudoreplication,1,0,complete
lazic_23536325,2013,pseudoreplication,1,0,complete
lazic_23536325,2014,pseudoreplication,1,1,complete
lazic_23536325,2015,pseudoreplication,1,0,complete
lazic_23536325,2016,pseudoreplication,1,1,complete
lazic_23536325,2017,pseudoreplication,1,1,complete
lazic_23536325,2018,pseudoreplication,1,0,complete
lazic_23536325,2019,pseudoreplication,1,1,complete
lazic_23536325,2020,pseudoreplication,1,0,complete
lazic_23536325,2021,pseudoreplication,1,1,complete
lazic_23536325,2022,pseudoreplication,1,1,complete
lazic_23536325,2023,pseudoreplication,1,1,complete
lazic_23536325,2024,pseudoreplication,1,2,complete
lazic_23536325,2025,pseudoreplication,1,0,complete
lazic_24326014,2013,correct_analysis,0,0,complete
lazic_24326014,2014,correct_analysis,0,5,complete
lazic_24326014,2015,correct_analysis,0,11,complete
lazic_24326014,2016,correct_analysis,0,7,complete
lazic_24326014,2017,correct_analysis,0,12,complete
lazic_24326014,2018,correct_analysis,0,12,complete
lazic_24326014,2019,correct_analysis,0,12,complete
lazic_24326014,2020,correct_analysis,0,8,complete
lazic_24326014,2021,correct_analysis,0,12,complete
lazic_24326014,2022,correct_analysis,0,10,complete
lazic_24326014,2023,correct_analysis,0,9,complete
lazic_24326014,2024,correct_analysis,0,6,complete
lazic_24326014,2025,correct_analysis,0,2,complete
lazic_24464467,2014,unclear,,0,complete
lazic_24464467,2015,unclear,,1,complete
lazic_24464467,2016,unclear,,3,complete
lazic_24464467,2017,unclear,,3,complete
lazic_24464467,2018,unclear,,4,complete
lazic_24464467,2019,unclear,,8,complete
lazic_24464467,2020,unclear,,2,complete
lazic_24464467,2021,unclear,,0,complete
lazic_24464467,2022,unclear,,0,complete
lazic_24464467,2023,unclear,,0,complete
lazic_24464467,2024,unclear,,0,complete
lazic_24464467,2025,unclear,,3,complete
lazic_25158235,2014,pseudoreplication,1,0,complete
lazic_25158235,2015,pseudoreplication,1,4,complete
lazic_25158235,2016,pseudoreplication,1,5,complete
lazic_25158235,2017,pseudoreplication,1,3,complete
lazic_25158235,2018,pseudoreplication,1,5,complete
lazic_25158235,2019,pseudoreplication,1,9,complete
lazic_25158235,2020,pseudoreplication,1,8,complete
lazic_25158235,2021,pseudoreplication,1,4,complete
lazic_25158235,2022,pseudoreplication,1,10,complete
lazic_25158235,2023,pseudoreplication,1,5,complete
lazic_25158235,2024,pseudoreplication,1,7,complete
lazic_25158235,2025,pseudoreplication,1,5,complete
lazic_22692087,2012,correct_analysis,0,0,complete
lazic_22692087,2013,correct_analysis,0,4,complete
lazic_22692087,2014,correct_analysis,0,4,complete
lazic_22692087,2015,correct_analysis,0,4,complete
lazic_22692087,2016,correct_analysis,0,4,complete
lazic_22692087,2017,correct_analysis,0,8,complete
lazic_22692087,2018,correct_analysis,0,2,complete
lazic_22692087,2019,correct_analysis,0,4,complete
lazic_22692087,2020,correct_analysis,0,5,complete
lazic_22692087,2021,correct_analysis,0,3,complete
lazic_22692087,2022,correct_analysis,0,4,complete
lazic_22692087,2023,correct_analysis,0,1,complete
lazic_22692087,2024,correct_analysis,0,2,complete
lazic_22692087,2025,correct_analysis,0,0,complete
lazic_21290249,2011,pseudoreplication,1,0,complete
lazic_21290249,2012,pseudoreplication,1,4,complete
lazic_21290249,2013,pseudoreplication,1,2,complete
lazic_21290249,2014,pseudoreplication,1,0,complete
lazic_21290249,2015,pseudoreplication,1,2,complete
lazic_21290249,2016,pseudoreplication,1,1,complete
lazic_21290249,2017,pseudoreplication,1,2,complete
lazic_21290249,2018,pseudoreplication,1,0,complete
lazic_21290249,2019,pseudoreplication,1,0,complete
lazic_21290249,2020,pseudoreplication,1,0,complete
lazic_21290249,2021,pseudoreplication,1,0,complete
lazic_21290249,2022,pseudoreplication,1,1,complete
lazic_21290249,2023,pseudoreplication,1,2,complete
lazic_21290249,2024,pseudoreplication,1,2,complete
lazic_21290249,2025,pseudoreplication,1,0,complete
lazic_25983078,2015,unclear,,0,complete
lazic_25983078,2016,unclear,,7,complete
lazic_25983078,2017,unclear,,5,complete
lazic_25983078,2018,unclear,,2,complete
lazic_25983078,2019,unclear,,4,complete
lazic_25983078,2020,unclear,,5,complete
lazic_25983078,2021,unclear,,3,complete
lazic_25983078,2022,unclear,,2,complete
lazic_25983078,2023,unclear,,1,complete
lazic_25983078,2024,unclear,,2,complete
lazic_25983078,2025,unclear,,1,complete
lazic_25801690,2015,unclear,,0,complete
lazic_25801690,2016,unclear,,3,complete
lazic_25801690,2017,unclear,,2,complete
lazic_25801690,2018,unclear,,1,complete
lazic_25801690,2019,unclear,,2,complete
lazic_25801690,2020,unclear,,4,complete
lazic_25801690,2021,unclear,,3,complete
lazic_25801690,2022,unclear,,2,complete
lazic_25801690,2023,unclear,,0,complete
lazic_25801690,2024,unclear,,1,complete
lazic_25801690,2025,unclear,,2,complete
lazic_26006233,2015,unclear,,0,complete
lazic_26006233,2016,unclear,,2,complete
lazic_26006233,2017,unclear,,2,complete
lazic_26006233,2018,unclear,,7,complete
lazic_26006233,2019,unclear,,1,complete
lazic_26006233,2020,unclear,,3,complete
lazic_26006233,2021,unclear,,0,complete
lazic_26006233,2022,unclear,,1,complete
lazic_26006233,2023,unclear,,1,complete
lazic_26006233,2024,unclear,,2,complete
lazic_26006233,2025,unclear,,1,complete
lazic_22687817,2012,unclear,,0,complete
lazic_22687817,2013,unclear,,4,complete
lazic_22687817,2014,unclear,,3,complete
lazic_22687817,2015,unclear,,5,complete
lazic_22687817,2016,unclear,,3,complete
lazic_22687817,2017,unclear,,7,complete
lazic_22687817,2018,unclear,,11,complete
lazic_22687817,2019,unclear,,6,complete
lazic_22687817,2020,unclear,,5,complete
lazic_22687817,2021,unclear,,10,complete
lazic_22687817,2022,unclear,,2,complete
lazic_22687817,2023,unclear,,4,complete
lazic_22687817,2024,unclear,,5,complete
lazic_22687817,2025,unclear,,1,complete
lazic_23744881,2013,pseudoreplication,1,0,complete
lazic_23744881,2014,pseudoreplication,1,2,complete
lazic_23744881,2015,pseudoreplication,1,1,complete
lazic_23744881,2016,pseudoreplication,1,1,complete
lazic_23744881,2017,pseudoreplication,1,4,complete
lazic_23744881,2018,pseudoreplication,1,3,complete
lazic_23744881,2019,pseudoreplication,1,2,complete
lazic_23744881,2020,pseudoreplication,1,2,complete
lazic_23744881,2021,pseudoreplication,1,2,complete
lazic_23744881,2022,pseudoreplication,1,0,complete
lazic_23744881,2023,pseudoreplication,1,1,complete
lazic_23744881,2024,pseudoreplication,1,1,complete
lazic_23744881,2025,pseudoreplication,1,0,complete
lazic_24102398,2013,pseudoreplication,1,0,complete
lazic_24102398,2014,pseudoreplication,1,2,complete
lazic_24102398,2015,pseudoreplication,1,6,complete
lazic_24102398,2016,pseudoreplication,1,2,complete
lazic_24102398,2017,pseudoreplication,1,6,complete
lazic_24102398,2018,pseudoreplication,1,4,complete
lazic_24102398,2019,pseudoreplication,1,1,complete
lazic_24102398,2020,pseudoreplication,1,7,complete
lazic_24102398,2021,pseudoreplication,1,2,complete
lazic_24102398,2022,pseudoreplication,1,3,complete
lazic_24102398,2023,pseudoreplication,1,2,complete
lazic_24102398,2024,pseudoreplication,1,1,complete
lazic_24102398,2025,pseudoreplication,1,3,complete
lazic_23793357,2013,correct_analysis,0,0,complete
lazic_23793357,2014,correct_analysis,0,0,complete
lazic_23793357,2015,correct_analysis,0,3,complete
lazic_23793357,2016,correct_analysis,0,1,complete
lazic_23793357,2017,correct_analysis,0,5,complete
lazic_23793357,2018,correct_analysis,0,6,complete
lazic_23793357,2019,correct_analysis,0,7,complete
lazic_23793357,2020,correct_analysis,0,11,complete
lazic_23793357,2021,correct_analysis,0,3,complete
lazic_23793357,2022,correct_analysis,0,7,complete
lazic_23793357,2023,correct_analysis,0,4,complete
lazic_23793357,2024,correct_analysis,0,1,complete
lazic_23793357,2025,correct_analysis,0,3,complete
lazic_24218023,2013,unclear,,0,complete
lazic_24218023,2014,unclear,,1,complete
lazic_24218023,2015,unclear,,3,complete
lazic_24218023,2016,unclear,,2,complete
lazic_24218023,2017,unclear,,0,complete
lazic_24218023,2018,unclear,,0,complete
lazic_24218023,2019,unclear,,0,complete
lazic_24218023,2020,unclear,,1,complete
lazic_24218023,2021,unclear,,1,complete
lazic_24218023,2022,unclear,,0,complete
lazic_24218023,2023,unclear,,1,complete
lazic_24218023,2024,unclear,,1,complete
lazic_24218023,2025,unclear,,0,complete
lazic_22024135,2011,unclear,,0,complete
lazic_22024135,2012,unclear,,1,complete
lazic_22024135,2013,unclear,,3,complete
lazic_22024135,2014,unclear,,2,complete
lazic_22024135,2015,unclear,,6,complete
lazic_22024135,2016,unclear,,2,complete
lazic_22024135,2017,unclear,,1,complete
lazic_22024135,2018,unclear,,2,complete
lazic_22024135,2019,unclear,,3,complete
lazic_22024135,2020,unclear,,5,complete
lazic_22024135,2021,unclear,,3,complete
lazic_22024135,2022,unclear,,7,complete
lazic_22024135,2023,unclear,,3,complete
lazic_22024135,2024,unclear,,2,complete
lazic_22024135,2025,unclear,,2,complete
lazic_24780497,2014,pseudoreplication,1,0,complete
lazic_24780497,2015,pseudoreplication,1,4,complete
lazic_24780497,2016,pseudoreplication,1,7,complete
lazic_24780497,2017,pseudoreplication,1,7,complete
lazic_24780497,2018,pseudoreplication,1,9,complete
lazic_24780497,2019,pseudoreplication,1,7,complete
lazic_24780497,2020,pseudoreplication,1,12,complete
lazic_24780497,2021,pseudoreplication,1,11,complete
lazic_24780497,2022,pseudoreplication,1,11,complete
lazic_24780497,2023,pseudoreplication,1,4,complete
lazic_24780497,2024,pseudoreplication,1,8,complete
lazic_24780497,2025,pseudoreplication,1,9,complete
lazic_22958366,2012,correct_analysis,0,0,complete
lazic_22958366,2013,correct_analysis,0,4,complete
lazic_22958366,2014,correct_analysis,0,3,complete
lazic_22958366,2015,correct_analysis,0,10,complete
lazic_22958366,2016,correct_analysis,0,6,complete
lazic_22958366,2017,correct_analysis,0,9,complete
lazic_22958366,2018,correct_analysis,0,3,complete
lazic_22958366,2019,correct_analysis,0,4,complete
lazic_22958366,2020,correct_analysis,0,2,complete
lazic_22958366,2021,correct_analysis,0,2,complete
lazic_22958366,2022,correct_analysis,0,4,complete
lazic_22958366,2023,correct_analysis,0,0,complete
lazic_22958366,2024,correct_analysis,0,1,complete
lazic_22958366,2025,correct_analysis,0,2,complete
lazic_25025169,2014,unclear,,0,complete
lazic_25025169,2015,unclear,,1,complete
lazic_25025169,2016,unclear,,5,complete
lazic_25025169,2017,unclear,,0,complete
lazic_25025169,2018,unclear,,2,complete
lazic_25025169,2019,unclear,,1,complete
lazic_25025169,2020,unclear,,0,complete
lazic_25025169,2021,unclear,,1,complete
lazic_25025169,2022,unclear,,0,complete
lazic_25025169,2023,unclear,,0,complete
lazic_25025169,2024,unclear,,0,complete
lazic_25025169,2025,unclear,,1,complete
lazic_24126190,2013,pseudoreplication,1,0,complete
lazic_24126190,2014,pseudoreplication,1,0,complete
lazic_24126190,2015,pseudoreplication,1,0,complete
lazic_24126190,2016,pseudoreplication,1,0,complete
lazic_24126190,2017,pseudoreplication,1,2,complete
lazic_24126190,2018,pseudoreplication,1,1,complete
lazic_24126190,2019,pseudoreplication,1,1,complete
lazic_24126190,2020,pseudoreplication,1,2,complete
lazic_24126190,2021,pseudoreplication,1,2,complete
lazic_24126190,2022,pseudoreplication,1,1,complete
lazic_24126190,2023,pseudoreplication,1,1,complete
lazic_24126190,2024,pseudoreplication,1,3,complete
lazic_24126190,2025,pseudoreplication,1,4,complete
lazic_23405071,2013,unclear,,3,complete
lazic_23405071,2014,unclear,,6,complete
lazic_23405071,2015,unclear,,15,complete
lazic_23405071,2016,unclear,,11,complete
lazic_23405071,2017,unclear,,5,complete
lazic_23405071,2018,unclear,,8,complete
lazic_23405071,2019,unclear,,5,complete
lazic_23405071,2020,unclear,,8,complete
lazic_23405071,2021,unclear,,7,complete
lazic_23405071,2022,unclear,,7,complete
lazic_23405071,2023,unclear,,9,complete
lazic_23405071,2024,unclear,,2,complete
lazic_23405071,2025,unclear,,5,complete
lazic_23296914,2013,unclear,,0,complete
lazic_23296914,2014,unclear,,2,complete
lazic_23296914,2015,unclear,,1,complete
lazic_23296914,2016,unclear,,4,complete
lazic_23296914,2017,unclear,,0,complete
lazic_23296914,2018,unclear,,3,complete
lazic_23296914,2019,unclear,,3,complete
lazic_23296914,2020,unclear,,0,complete
lazic_23296914,2021,unclear,,0,complete
lazic_23296914,2022,unclear,,2,complete
lazic_23296914,2023,unclear,,0,complete
lazic_23296914,2024,unclear,,0,complete
lazic_23296914,2025,unclear,,3,complete
lazic_24355753,2013,unclear,,0,complete
lazic_24355753,2014,unclear,,2,complete
lazic_24355753,2015,unclear,,3,complete
lazic_24355753,2016,unclear,,6,complete
lazic_24355753,2017,unclear,,4,complete
lazic_24355753,2018,unclear,,6,complete
lazic_24355753,2019,unclear,,2,complete
lazic_24355753,2020,unclear,,4,complete
lazic_24355753,2021,unclear,,4,complete
lazic_24355753,2022,unclear,,4,complete
lazic_24355753,2023,unclear,,1,complete
lazic_24355753,2024,unclear,,3,complete
lazic_24355753,2025,unclear,,0,complete
lazic_22000863,2011,pseudoreplication,1,0,complete
lazic_22000863,2012,pseudoreplication,1,0,complete
lazic_22000863,2013,pseudoreplication,1,1,complete
lazic_22000863,2014,pseudoreplication,1,1,complete
lazic_22000863,2015,pseudoreplication,1,0,complete
lazic_22000863,2016,pseudoreplication,1,0,complete
lazic_22000863,2017,pseudoreplication,1,0,complete
lazic_22000863,2018,pseudoreplication,1,0,complete
lazic_22000863,2019,pseudoreplication,1,0,complete
lazic_22000863,2020,pseudoreplication,1,0,complete
lazic_22000863,2021,pseudoreplication,1,0,complete
lazic_22000863,2022,pseudoreplication,1,0,complete
lazic_22000863,2023,pseudoreplication,1,0,complete
lazic_22000863,2024,pseudoreplication,1,0,complete
lazic_22000863,2025,pseudoreplication,1,0,complete
lazic_22645107,2012,correct_analysis,0,0,complete
lazic_22645107,2013,correct_analysis,0,1,complete
lazic_22645107,2014,correct_analysis,0,3,complete
lazic_22645107,2015,correct_analysis,0,0,complete
lazic_22645107,2016,correct_analysis,0,4,complete
lazic_22645107,2017,correct_analysis,0,3,complete
lazic_22645107,2018,correct_analysis,0,0,complete
lazic_22645107,2019,correct_analysis,0,0,complete
lazic_22645107,2020,correct_analysis,0,1,complete
lazic_22645107,2021,correct_analysis,0,0,complete
lazic_22645107,2022,correct_analysis,0,0,complete
lazic_22645107,2023,correct_analysis,0,1,complete
lazic_22645107,2024,correct_analysis,0,0,complete
lazic_22645107,2025,correct_analysis,0,0,complete
lazic_21190827,2010,correct_analysis,0,0,complete
lazic_21190827,2011,correct_analysis,0,1,complete
lazic_21190827,2012,correct_analysis,0,3,complete
lazic_21190827,2013,correct_analysis,0,6,complete
lazic_21190827,2014,correct_analysis,0,2,complete
lazic_21190827,2015,correct_analysis,0,3,complete
lazic_21190827,2016,correct_analysis,0,2,complete
lazic_21190827,2017,correct_analysis,0,8,complete
lazic_21190827,2018,correct_analysis,0,5,complete
lazic_21190827,2019,correct_analysis,0,3,complete
lazic_21190827,2020,correct_analysis,0,0,complete
lazic_21190827,2021,correct_analysis,0,1,complete
lazic_21190827,2022,correct_analysis,0,0,complete
lazic_21190827,2023,correct_analysis,0,2,complete
lazic_21190827,2024,correct_analysis,0,1,complete
lazic_21190827,2025,correct_analysis,0,1,complete
lazic_21513798,2011,correct_analysis,0,3,complete
lazic_21513798,2012,correct_analysis,0,2,complete
lazic_21513798,2013,correct_analysis,0,4,complete
lazic_21513798,2014,correct_analysis,0,1,complete
lazic_21513798,2015,correct_analysis,0,14,complete
lazic_21513798,2016,correct_analysis,0,4,complete
lazic_21513798,2017,correct_analysis,0,3,complete
lazic_21513798,2018,correct_analysis,0,2,complete
lazic_21513798,2019,correct_analysis,0,1,complete
lazic_21513798,2020,correct_analysis,0,4,complete
lazic_21513798,2021,correct_analysis,0,0,complete
lazic_21513798,2022,correct_analysis,0,3,complete
lazic_21513798,2023,correct_analysis,0,1,complete
lazic_21513798,2024,correct_analysis,0,1,complete
lazic_21513798,2025,correct_analysis,0,0,complete
lazic_25771125,2015,correct_analysis,0,0,complete
lazic_25771125,2016,correct_analysis,0,2,complete
lazic_25771125,2017,correct_analysis,0,7,complete
lazic_25771125,2018,correct_analysis,0,6,complete
lazic_25771125,2019,correct_analysis,0,2,complete
lazic_25771125,2020,correct_analysis,0,3,complete
lazic_25771125,2021,correct_analysis,0,3,complete
lazic_25771125,2022,correct_analysis,0,0,complete
lazic_25771125,2023,correct_analysis,0,0,complete
lazic_25771125,2024,correct_analysis,0,3,complete
lazic_25771125,2025,correct_analysis,0,1,complete
lazic_23578649,2013,unclear,,2,complete
lazic_23578649,2014,unclear,,2,complete
lazic_23578649,2015,unclear,,7,complete
lazic_23578649,2016,unclear,,3,complete
lazic_23578649,2017,unclear,,4,complete
lazic_23578649,2018,unclear,,6,complete
lazic_23578649,2019,unclear,,7,complete
lazic_23578649,2020,unclear,,6,complete
lazic_23578649,2021,unclear,,6,complete
lazic_23578649,2022,unclear,,8,complete
lazic_23578649,2023,unclear,,6,complete
lazic_23578649,2024,unclear,,6,complete
lazic_23578649,2025,unclear,,4,complete
lazic_24486713,2014,correct_analysis,0,0,complete
lazic_24486713,2015,correct_analysis,0,7,complete
lazic_24486713,2016,correct_analysis,0,6,complete
lazic_24486713,2017,correct_analysis,0,8,complete
lazic_24486713,2018,correct_analysis,0,8,complete
lazic_24486713,2019,correct_analysis,0,12,complete
lazic_24486713,2020,correct_analysis,0,7,complete
lazic_24486713,2021,correct_analysis,0,11,complete
lazic_24486713,2022,correct_analysis,0,9,complete
lazic_24486713,2023,correct_analysis,0,5,complete
lazic_24486713,2024,correct_analysis,0,11,complete
lazic_24486713,2025,correct_analysis,0,13,complete
lazic_23940196,2013,unclear,,2,complete
lazic_23940196,2014,unclear,,3,complete
lazic_23940196,2015,unclear,,7,complete
lazic_23940196,2016,unclear,,8,complete
lazic_23940196,2017,unclear,,6,complete
lazic_23940196,2018,unclear,,11,complete
lazic_23940196,2019,unclear,,11,complete
lazic_23940196,2020,unclear,,4,complete
lazic_23940196,2021,unclear,,6,complete
lazic_23940196,2022,unclear,,4,complete
lazic_23940196,2023,unclear,,3,complete
lazic_23940196,2024,unclear,,6,complete
lazic_23940196,2025,unclear,,3,complete
lazic_26393487,2015,pseudoreplication,1,0,complete
lazic_26393487,2016,pseudoreplication,1,4,complete
lazic_26393487,2017,pseudoreplication,1,2,complete
lazic_26393487,2018,pseudoreplication,1,8,complete
lazic_26393487,2019,pseudoreplication,1,8,complete
lazic_26393487,2020,pseudoreplication,1,10,complete
lazic_26393487,2021,pseudoreplication,1,7,complete
lazic_26393487,2022,pseudoreplication,1,2,complete
lazic_26393487,2023,pseudoreplication,1,0,complete
lazic_26393487,2024,pseudoreplication,1,5,complete
lazic_26393487,2025,pseudoreplication,1,2,complete
lazic_23315950,2013,correct_analysis,0,8,complete
lazic_23315950,2014,correct_analysis,0,8,complete
lazic_23315950,2015,correct_analysis,0,11,complete
lazic_23315950,2016,correct_analysis,0,15,complete
lazic_23315950,2017,correct_analysis,0,11,complete
lazic_23315950,2018,correct_analysis,0,14,complete
lazic_23315950,2019,correct_analysis,0,10,complete
lazic_23315950,2020,correct_analysis,0,10,complete
lazic_23315950,2021,correct_analysis,0,7,complete
lazic_23315950,2022,correct_analysis,0,14,complete
lazic_23315950,2023,correct_analysis,0,6,complete
lazic_23315950,2024,correct_analysis,0,14,complete
lazic_23315950,2025,correct_analysis,0,9,complete
lazic_23419080,2013,unclear,,3,complete
lazic_23419080,2014,unclear,,2,complete
lazic_23419080,2015,unclear,,7,complete
lazic_23419080,2016,unclear,,5,complete
lazic_23419080,2017,unclear,,0,complete
lazic_23419080,2018,unclear,,4,complete
lazic_23419080,2019,unclear,,2,complete
lazic_23419080,2020,unclear,,2,complete
lazic_23419080,2021,unclear,,3,complete
lazic_23419080,2022,unclear,,2,complete
lazic_23419080,2023,unclear,,1,complete
lazic_23419080,2024,unclear,,4,complete
lazic_23419080,2025,unclear,,4,complete
lazic_22914075,2012,pseudoreplication,1,0,complete
lazic_22914075,2013,pseudoreplication,1,1,complete
lazic_22914075,2014,pseudoreplication,1,0,complete
lazic_22914075,2015,pseudoreplication,1,0,complete
lazic_22914075,2016,pseudoreplication,1,0,complete
lazic_22914075,2017,pseudoreplication,1,0,complete
lazic_22914075,2018,pseudoreplication,1,0,complete
lazic_22914075,2019,pseudoreplication,1,0,complete
lazic_22914075,2020,pseudoreplication,1,0,complete
lazic_22914075,2021,pseudoreplication,1,0,complete
lazic_22914075,2022,pseudoreplication,1,1,complete
lazic_22914075,2023,pseudoreplication,1,2,complete
lazic_22914075,2024,pseudoreplication,1,0,complete
lazic_22914075,2025,pseudoreplication,1,0,complete
lazic_24849654,2014,unclear,,0,complete
lazic_24849654,2015,unclear,,4,complete
lazic_24849654,2016,unclear,,1,complete
lazic_24849654,2017,unclear,,0,complete
lazic_24849654,2018,unclear,,0,complete
lazic_24849654,2019,unclear,,0,complete
lazic_24849654,2020,unclear,,1,complete
lazic_24849654,2021,unclear,,0,complete
lazic_24849654,2022,unclear,,0,complete
lazic_24849654,2023,unclear,,0,complete
lazic_24849654,2024,unclear,,0,complete
lazic_24849654,2025,unclear,,0,complete
lazic_22702519,2012,pseudoreplication,1,0,complete
lazic_22702519,2013,pseudoreplication,1,0,complete
lazic_22702519,2014,pseudoreplication,1,0,complete
lazic_22702519,2015,pseudoreplication,1,0,complete
lazic_22702519,2016,pseudoreplication,1,3,complete
lazic_22702519,2017,pseudoreplication,1,0,complete
lazic_22702519,2018,pseudoreplication,1,3,complete
lazic_22702519,2019,pseudoreplication,1,2,complete
lazic_22702519,2020,pseudoreplication,1,0,complete
lazic_22702519,2021,pseudoreplication,1,2,complete
lazic_22702519,2022,pseudoreplication,1,2,complete
lazic_22702519,2023,pseudoreplication,1,0,complete
lazic_22702519,2024,pseudoreplication,1,0,complete
lazic_22702519,2025,pseudoreplication,1,1,complete
lazic_24818819,2014,unclear,,0,complete
lazic_24818819,2015,unclear,,2,complete
lazic_24818819,2016,unclear,,1,complete
lazic_24818819,2017,unclear,,1,complete
lazic_24818819,2018,unclear,,1,complete
lazic_24818819,2019,unclear,,5,complete
lazic_24818819,2020,unclear,,2,complete
lazic_24818819,2021,unclear,,4,complete
lazic_24818819,2022,unclear,,2,complete
lazic_24818819,2023,unclear,,2,complete
lazic_24818819,2024,unclear,,5,complete
lazic_24818819,2025,unclear,,1,complete
lazic_26419632,2015,unclear,,0,complete
lazic_26419632,2016,unclear,,0,complete
lazic_26419632,2017,unclear,,2,complete
lazic_26419632,2018,unclear,,2,complete
lazic_26419632,2019,unclear,,0,complete
lazic_26419632,2020,unclear,,0,complete
lazic_26419632,2021,unclear,,1,complete
lazic_26419632,2022,unclear,,2,complete
lazic_26419632,2023,unclear,,0,complete
lazic_26419632,2024,unclear,,0,complete
lazic_26419632,2025,unclear,,0,complete
lazic_21816387,2011,unclear,,0,complete
lazic_21816387,2012,unclear,,5,complete
lazic_21816387,2013,unclear,,5,complete
lazic_21816387,2014,unclear,,6,complete
lazic_21816387,2015,unclear,,12,complete
lazic_21816387,2016,unclear,,16,complete
lazic_21816387,2017,unclear,,14,complete
lazic_21816387,2018,unclear,,12,complete
lazic_21816387,2019,unclear,,14,complete
lazic_21816387,2020,unclear,,16,complete
lazic_21816387,2021,unclear,,11,complete
lazic_21816387,2022,unclear,,14,complete
lazic_21816387,2023,unclear,,12,complete
lazic_21816387,2024,unclear,,7,complete
lazic_21816387,2025,unclear,,4,complete
lazic_25771129,2015,correct_analysis,0,0,complete
lazic_25771129,2016,correct_analysis,0,1,complete
lazic_25771129,2017,correct_analysis,0,2,complete
lazic_25771129,2018,correct_analysis,0,2,complete
lazic_25771129,2019,correct_analysis,0,1,complete
lazic_25771129,2020,correct_analysis,0,4,complete
lazic_25771129,2021,correct_analysis,0,4,complete
lazic_25771129,2022,correct_analysis,0,1,complete
lazic_25771129,2023,correct_analysis,0,2,complete
lazic_25771129,2024,correct_analysis,0,1,complete
lazic_25771129,2025,correct_analysis,0,2,complete
lazic_22377090,2012,pseudoreplication,1,2,complete
lazic_22377090,2013,pseudoreplication,1,1,complete
lazic_22377090,2014,pseudoreplication,1,4,complete
lazic_22377090,2015,pseudoreplication,1,4,complete
lazic_22377090,2016,pseudoreplication,1,2,complete
lazic_22377090,2017,pseudoreplication,1,0,complete
lazic_22377090,2018,pseudoreplication,1,1,complete
lazic_22377090,2019,pseudoreplication,1,1,complete
lazic_22377090,2020,pseudoreplication,1,1,complete
lazic_22377090,2021,pseudoreplication,1,3,complete
lazic_22377090,2022,pseudoreplication,1,1,complete
lazic_22377090,2023,pseudoreplication,1,0,complete
lazic_22377090,2024,pseudoreplication,1,2,complete
lazic_22377090,2025,pseudoreplication,1,2,complete
lazic_23449593,2013,pseudoreplication,1,22,complete
lazic_23449593,2014,pseudoreplication,1,35,complete
lazic_23449593,2015,pseudoreplication,1,49,complete
lazic_23449593,2016,pseudoreplication,1,41,complete
lazic_23449593,2017,pseudoreplication,1,45,complete
lazic_23449593,2018,pseudoreplication,1,37,complete
lazic_23449593,2019,pseudoreplication,1,31,complete
lazic_23449593,2020,pseudoreplication,1,36,complete
lazic_23449593,2021,pseudoreplication,1,38,complete
lazic_23449593,2022,pseudoreplication,1,34,complete
lazic_23449593,2023,pseudoreplication,1,26,complete
lazic_23449593,2024,pseudoreplication,1,23,complete
lazic_23449593,2025,pseudoreplication,1,14,complete
lazic_26631470,2015,pseudoreplication,1,0,complete
lazic_26631470,2016,pseudoreplication,1,2,complete
lazic_26631470,2017,pseudoreplication,1,5,complete
lazic_26631470,2018,pseudoreplication,1,3,complete
lazic_26631470,2019,pseudoreplication,1,4,complete
lazic_26631470,2020,pseudoreplication,1,4,complete
lazic_26631470,2021,pseudoreplication,1,4,complete
lazic_26631470,2022,pseudoreplication,1,0,complete
lazic_26631470,2023,pseudoreplication,1,1,complete
lazic_26631470,2024,pseudoreplication,1,4,complete
lazic_26631470,2025,pseudoreplication,1,1,complete
lazic_23700465,2013,pseudoreplication,1,0,complete
lazic_23700465,2014,pseudoreplication,1,10,complete
lazic_23700465,2015,pseudoreplication,1,11,complete
lazic_23700465,2016,pseudoreplication,1,9,complete
lazic_23700465,2017,pseudoreplication,1,9,complete
lazic_23700465,2018,pseudoreplication,1,4,complete
lazic_23700465,2019,pseudoreplication,1,5,complete
lazic_23700465,2020,pseudoreplication,1,5,complete
lazic_23700465,2021,pseudoreplication,1,2,complete
lazic_23700465,2022,pseudoreplication,1,4,complete
lazic_23700465,2023,pseudoreplication,1,7,complete
lazic_23700465,2024,pseudoreplication,1,7,complete
lazic_23700465,2025,pseudoreplication,1,4,complete
lazic_26163151,2015,pseudoreplication,1,1,complete
lazic_26163151,2016,pseudoreplication,1,0,complete
lazic_26163151,2017,pseudoreplication,1,0,complete
lazic_26163151,2018,pseudoreplication,1,0,complete
lazic_26163151,2019,pseudoreplication,1,0,complete
lazic_26163151,2020,pseudoreplication,1,0,complete
lazic_26163151,2021,pseudoreplication,1,0,complete
lazic_26163151,2022,pseudoreplication,1,0,complete
lazic_26163151,2023,pseudoreplication,1,0,complete
lazic_26163151,2024,pseudoreplication,1,2,complete
lazic_26163151,2025,pseudoreplication,1,0,complete
lazic_22727564,2012,unclear,,0,complete
lazic_22727564,2013,unclear,,1,complete
lazic_22727564,2014,unclear,,2,complete
lazic_22727564,2015,unclear,,0,complete
lazic_22727564,2016,unclear,,0,complete
lazic_22727564,2017,unclear,,0,complete
lazic_22727564,2018,unclear,,0,complete
lazic_22727564,2019,unclear,,1,complete
lazic_22727564,2020,unclear,,0,complete
lazic_22727564,2021,unclear,,0,complete
lazic_22727564,2022,unclear,,0,complete
lazic_22727564,2023,unclear,,0,complete
lazic_22727564,2024,unclear,,0,complete
lazic_22727564,2025,unclear,,0,complete
lazic_23856009,2013,pseudoreplication,1,0,complete
lazic_23856009,2014,pseudoreplication,1,2,complete
lazic_23856009,2015,pseudoreplication,1,4,complete
lazic_23856009,2016,pseudoreplication,1,5,complete
lazic_23856009,2017,pseudoreplication,1,7,complete
lazic_23856009,2018,pseudoreplication,1,5,complete
lazic_23856009,2019,pseudoreplication,1,4,complete
lazic_23856009,2020,pseudoreplication,1,4,complete
lazic_23856009,2021,pseudoreplication,1,8,complete
lazic_23856009,2022,pseudoreplication,1,3,complete
lazic_23856009,2023,pseudoreplication,1,8,complete
lazic_23856009,2024,pseudoreplication,1,6,complete
lazic_23856009,2025,pseudoreplication,1,2,complete
lazic_25638314,2015,pseudoreplication,1,1,complete
lazic_25638314,2016,pseudoreplication,1,2,complete
lazic_25638314,2017,pseudoreplication,1,1,complete
lazic_25638314,2018,pseudoreplication,1,1,complete
lazic_25638314,2019,pseudoreplication,1,1,complete
lazic_25638314,2020,pseudoreplication,1,2,complete
lazic_25638314,2021,pseudoreplication,1,1,complete
lazic_25638314,2022,pseudoreplication,1,2,complete
lazic_25638314,2023,pseudoreplication,1,0,complete
lazic_25638314,2024,pseudoreplication,1,1,complete
lazic_25638314,2025,pseudoreplication,1,0,complete
lazic_22655062,2012,unclear,,2,complete
lazic_22655062,2013,unclear,,8,complete
lazic_22655062,2014,unclear,,5,complete
lazic_22655062,2015,unclear,,4,complete
lazic_22655062,2016,unclear,,3,complete
lazic_22655062,2017,unclear,,5,complete
lazic_22655062,2018,unclear,,5,complete
lazic_22655062,2019,unclear,,8,complete
lazic_22655062,2020,unclear,,2,complete
lazic_22655062,2021,unclear,,2,complete
lazic_22655062,2022,unclear,,2,complete
lazic_22655062,2023,unclear,,4,complete
lazic_22655062,2024,unclear,,5,complete
lazic_22655062,2025,unclear,,3,complete
lazic_22050261,2011,pseudoreplication,1,0,complete
lazic_22050261,2012,pseudoreplication,1,0,complete
lazic_22050261,2013,pseudoreplication,1,1,complete
lazic_22050261,2014,pseudoreplication,1,0,complete
lazic_22050261,2015,pseudoreplication,1,1,complete
lazic_22050261,2016,pseudoreplication,1,0,complete
lazic_22050261,2017,pseudoreplication,1,0,complete
lazic_22050261,2018,pseudoreplication,1,0,complete
lazic_22050261,2019,pseudoreplication,1,0,complete
lazic_22050261,2020,pseudoreplication,1,0,complete
lazic_22050261,2021,pseudoreplication,1,0,complete
lazic_22050261,2022,pseudoreplication,1,0,complete
lazic_22050261,2023,pseudoreplication,1,0,complete
lazic_22050261,2024,pseudoreplication,1,0,complete
lazic_22050261,2025,pseudoreplication,1,1,complete
lazic_22467025,2012,correct_analysis,0,0,complete
lazic_22467025,2013,correct_analysis,0,0,complete
lazic_22467025,2014,correct_analysis,0,1,complete
lazic_22467025,2015,correct_analysis,0,2,complete
lazic_22467025,2016,correct_analysis,0,1,complete
lazic_22467025,2017,correct_analysis,0,0,complete
lazic_22467025,2018,correct_analysis,0,1,complete
lazic_22467025,2019,correct_analysis,0,0,complete
lazic_22467025,2020,correct_analysis,0,0,complete
lazic_22467025,2021,correct_analysis,0,0,complete
lazic_22467025,2022,correct_analysis,0,0,complete
lazic_22467025,2023,correct_analysis,0,1,complete
lazic_22467025,2024,correct_analysis,0,0,complete
lazic_22467025,2025,correct_analysis,0,0,complete
lazic_24819035,2014,pseudoreplication,1,2,complete
lazic_24819035,2015,pseudoreplication,1,3,complete
lazic_24819035,2016,pseudoreplication,1,3,complete
lazic_24819035,2017,pseudoreplication,1,6,complete
lazic_24819035,2018,pseudoreplication,1,3,complete
lazic_24819035,2019,pseudoreplication,1,4,complete
lazic_24819035,2020,pseudoreplication,1,2,complete
lazic_24819035,2021,pseudoreplication,1,4,complete
lazic_24819035,2022,pseudoreplication,1,2,complete
lazic_24819035,2023,pseudoreplication,1,2,complete
lazic_24819035,2024,pseudoreplication,1,0,complete
lazic_24819035,2025,pseudoreplication,1,1,complete
lazic_23314109,2013,pseudoreplication,1,7,complete
lazic_23314109,2014,pseudoreplication,1,16,complete
lazic_23314109,2015,pseudoreplication,1,19,complete
lazic_23314109,2016,pseudoreplication,1,20,complete
lazic_23314109,2017,pseudoreplication,1,29,complete
lazic_23314109,2018,pseudoreplication,1,15,complete
lazic_23314109,2019,pseudoreplication,1,14,complete
lazic_23314109,2020,pseudoreplication,1,18,complete
lazic_23314109,2021,pseudoreplication,1,14,complete
lazic_23314109,2022,pseudoreplication,1,8,complete
lazic_23314109,2023,pseudoreplication,1,12,complete
lazic_23314109,2024,pseudoreplication,1,11,complete
lazic_23314109,2025,pseudoreplication,1,12,complete
lazic_23819696,2013,pseudoreplication,1,0,complete
lazic_23819696,2014,pseudoreplication,1,0,complete
lazic_23819696,2015,pseudoreplication,1,3,complete
lazic_23819696,2016,pseudoreplication,1,2,complete
lazic_23819696,2017,pseudoreplication,1,1,complete
lazic_23819696,2018,pseudoreplication,1,1,complete
lazic_23819696,2019,pseudoreplication,1,2,complete
lazic_23819696,2020,pseudoreplication,1,0,complete
lazic_23819696,2021,pseudoreplication,1,2,complete
lazic_23819696,2022,pseudoreplication,1,0,complete
lazic_23819696,2023,pseudoreplication,1,0,complete
lazic_23819696,2024,pseudoreplication,1,0,complete
lazic_23819696,2025,pseudoreplication,1,0,complete
lazic_25444166,2014,unclear,,0,complete
lazic_25444166,2015,unclear,,4,complete
lazic_25444166,2016,unclear,,24,complete
lazic_25444166,2017,unclear,,21,complete
lazic_25444166,2018,unclear,,17,complete
lazic_25444166,2019,unclear,,13,complete
lazic_25444166,2020,unclear,,16,complete
lazic_25444166,2021,unclear,,15,complete
lazic_25444166,2022,unclear,,13,complete
lazic_25444166,2023,unclear,,7,complete
lazic_25444166,2024,unclear,,10,complete
lazic_25444166,2025,unclear,,5,complete
lazic_22916128,2012,correct_analysis,0,0,complete
lazic_22916128,2013,correct_analysis,0,0,complete
lazic_22916128,2014,correct_analysis,0,5,complete
lazic_22916128,2015,correct_analysis,0,0,complete
lazic_22916128,2016,correct_analysis,0,1,complete
lazic_22916128,2017,correct_analysis,0,1,complete
lazic_22916128,2018,correct_analysis,0,1,complete
lazic_22916128,2019,correct_analysis,0,3,complete
lazic_22916128,2020,correct_analysis,0,2,complete
lazic_22916128,2021,correct_analysis,0,1,complete
lazic_22916128,2022,correct_analysis,0,1,complete
lazic_22916128,2023,correct_analysis,0,2,complete
lazic_22916128,2024,correct_analysis,0,0,complete
lazic_22916128,2025,correct_analysis,0,1,complete
lazic_25817235,2015,pseudoreplication,1,1,complete
lazic_25817235,2016,pseudoreplication,1,5,complete
lazic_25817235,2017,pseudoreplication,1,4,complete
lazic_25817235,2018,pseudoreplication,1,10,complete
lazic_25817235,2019,pseudoreplication,1,5,complete
lazic_25817235,2020,pseudoreplication,1,8,complete
lazic_25817235,2021,pseudoreplication,1,8,complete
lazic_25817235,2022,pseudoreplication,1,8,complete
lazic_25817235,2023,pseudoreplication,1,6,complete
lazic_25817235,2024,pseudoreplication,1,2,complete
lazic_25817235,2025,pseudoreplication,1,1,complete
lazic_24577229,2014,pseudoreplication,1,2,complete
lazic_24577229,2015,pseudoreplication,1,12,complete
lazic_24577229,2016,pseudoreplication,1,11,complete
lazic_24577229,2017,pseudoreplication,1,18,complete
lazic_24577229,2018,pseudoreplication,1,14,complete
lazic_24577229,2019,pseudoreplication,1,12,complete
lazic_24577229,2020,pseudoreplication,1,10,complete
lazic_24577229,2021,pseudoreplication,1,10,complete
lazic_24577229,2022,pseudoreplication,1,16,complete
lazic_24577229,2023,pseudoreplication,1,7,complete
lazic_24577229,2024,pseudoreplication,1,9,complete
lazic_24577229,2025,pseudoreplication,1,6,complete
lazic_22832237,2012,unclear,,2,complete
lazic_22832237,2013,unclear,,3,complete
lazic_22832237,2014,unclear,,2,complete
lazic_22832237,2015,unclear,,3,complete
lazic_22832237,2016,unclear,,2,complete
lazic_22832237,2017,unclear,,1,complete
lazic_22832237,2018,unclear,,3,complete
lazic_22832237,2019,unclear,,1,complete
lazic_22832237,2020,unclear,,0,complete
lazic_22832237,2021,unclear,,0,complete
lazic_22832237,2022,unclear,,0,complete
lazic_22832237,2023,unclear,,0,complete
lazic_22832237,2024,unclear,,0,complete
lazic_22832237,2025,unclear,,0,complete
lazic_21930963,2011,pseudoreplication,1,0,complete
lazic_21930963,2012,pseudoreplication,1,5,complete
lazic_21930963,2013,pseudoreplication,1,9,complete
lazic_21930963,2014,pseudoreplication,1,6,complete
lazic_21930963,2015,pseudoreplication,1,6,complete
lazic_21930963,2016,pseudoreplication,1,6,complete
lazic_21930963,2017,pseudoreplication,1,11,complete
lazic_21930963,2018,pseudoreplication,1,6,complete
lazic_21930963,2019,pseudoreplication,1,6,complete
lazic_21930963,2020,pseudoreplication,1,10,complete
lazic_21930963,2021,pseudoreplication,1,5,complete
lazic_21930963,2022,pseudoreplication,1,6,complete
lazic_21930963,2023,pseudoreplication,1,3,complete
lazic_21930963,2024,pseudoreplication,1,4,complete
lazic_21930963,2025,pseudoreplication,1,2,complete
lazic_25817757,2015,pseudoreplication,1,0,complete
lazic_25817757,2016,pseudoreplication,1,1,complete
lazic_25817757,2017,pseudoreplication,1,2,complete
lazic_25817757,2018,pseudoreplication,1,2,complete
lazic_25817757,2019,pseudoreplication,1,1,complete
lazic_25817757,2020,pseudoreplication,1,1,complete
lazic_25817757,2021,pseudoreplication,1,0,complete
lazic_25817757,2022,pseudoreplication,1,0,complete
lazic_25817757,2023,pseudoreplication,1,0,complete
lazic_25817757,2024,pseudoreplication,1,1,complete
lazic_25817757,2025,pseudoreplication,1,1,complete
lazic_24903743,2014,pseudoreplication,1,0,complete
lazic_24903743,2015,pseudoreplication,1,5,complete
lazic_24903743,2016,pseudoreplication,1,2,complete
lazic_24903743,2017,pseudoreplication,1,2,complete
lazic_24903743,2018,pseudoreplication,1,2,complete
lazic_24903743,2019,pseudoreplication,1,1,complete
lazic_24903743,2020,pseudoreplication,1,7,complete
lazic_24903743,2021,pseudoreplication,1,4,complete
lazic_24903743,2022,pseudoreplication,1,7,complete
lazic_24903743,2023,pseudoreplication,1,7,complete
lazic_24903743,2024,pseudoreplication,1,3,complete
lazic_24903743,2025,pseudoreplication,1,2,complete
lazic_23220271,2012,unclear,,0,complete
lazic_23220271,2013,unclear,,6,complete
lazic_23220271,2014,unclear,,5,complete
lazic_23220271,2015,unclear,,5,complete
lazic_23220271,2016,unclear,,5,complete
lazic_23220271,2017,unclear,,4,complete
lazic_23220271,2018,unclear,,6,complete
lazic_23220271,2019,unclear,,4,complete
lazic_23220271,2020,unclear,,6,complete
lazic_23220271,2021,unclear,,3,complete
lazic_23220271,2022,unclear,,3,complete
lazic_23220271,2023,unclear,,5,complete
lazic_23220271,2024,unclear,,0,complete
lazic_23220271,2025,unclear,,4,complete
lazic_24023031,2013,unclear,,0,complete
lazic_24023031,2014,unclear,,0,complete
lazic_24023031,2015,unclear,,2,complete
lazic_24023031,2016,unclear,,1,complete
lazic_24023031,2017,unclear,,2,complete
lazic_24023031,2018,unclear,,3,complete
lazic_24023031,2019,unclear,,0,complete
lazic_24023031,2020,unclear,,2,complete
lazic_24023031,2021,unclear,,1,complete
lazic_24023031,2022,unclear,,1,complete
lazic_24023031,2023,unclear,,0,complete
lazic_24023031,2024,unclear,,0,complete
lazic_24023031,2025,unclear,,0,complete
lazic_26147005,2015,pseudoreplication,1,0,complete
lazic_26147005,2016,pseudoreplication,1,0,complete
lazic_26147005,2017,pseudoreplication,1,0,complete
lazic_26147005,2018,pseudoreplication,1,2,complete
lazic_26147005,2019,pseudoreplication,1,1,complete
lazic_26147005,2020,pseudoreplication,1,0,complete
lazic_26147005,2021,pseudoreplication,1,1,complete
lazic_26147005,2022,pseudoreplication,1,1,complete
lazic_26147005,2023,pseudoreplication,1,1,complete
lazic_26147005,2024,pseudoreplication,1,1,complete
lazic_26147005,2025,pseudoreplication,1,0,complete
lazic_24427280,2014,pseudoreplication,1,0,complete
lazic_24427280,2015,pseudoreplication,1,1,complete
lazic_24427280,2016,pseudoreplication,1,0,complete
lazic_24427280,2017,pseudoreplication,1,2,complete
lazic_24427280,2018,pseudoreplication,1,1,complete
lazic_24427280,2019,pseudoreplication,1,1,complete
lazic_24427280,2020,pseudoreplication,1,1,complete
lazic_24427280,2021,pseudoreplication,1,2,complete
lazic_24427280,2022,pseudoreplication,1,0,complete
lazic_24427280,2023,pseudoreplication,1,1,complete
lazic_24427280,2024,pseudoreplication,1,1,complete
lazic_24427280,2025,pseudoreplication,1,1,complete
lazic_25231347,2014,correct_analysis,0,0,complete
lazic_25231347,2015,correct_analysis,0,0,complete
lazic_25231347,2016,correct_analysis,0,0,complete
lazic_25231347,2017,correct_analysis,0,2,complete
lazic_25231347,2018,correct_analysis,0,3,complete
lazic_25231347,2019,correct_analysis,0,2,complete
lazic_25231347,2020,correct_analysis,0,2,complete
lazic_25231347,2021,correct_analysis,0,1,complete
lazic_25231347,2022,correct_analysis,0,3,complete
lazic_25231347,2023,correct_analysis,0,2,complete
lazic_25231347,2024,correct_analysis,0,5,complete
lazic_25231347,2025,correct_analysis,0,4,complete
lazic_26410608,2015,pseudoreplication,1,0,complete
lazic_26410608,2016,pseudoreplication,1,0,complete
lazic_26410608,2017,pseudoreplication,1,2,complete
lazic_26410608,2018,pseudoreplication,1,3,complete
lazic_26410608,2019,pseudoreplication,1,2,complete
lazic_26410608,2020,pseudoreplication,1,4,complete
lazic_26410608,2021,pseudoreplication,1,1,complete
lazic_26410608,2022,pseudoreplication,1,1,complete
lazic_26410608,2023,pseudoreplication,1,0,complete
lazic_26410608,2024,pseudoreplication,1,0,complete
lazic_26410608,2025,pseudoreplication,1,0,complete
lazic_22290326,2012,pseudoreplication,1,1,complete
lazic_22290326,2013,pseudoreplication,1,2,complete
lazic_22290326,2014,pseudoreplication,1,0,complete
lazic_22290326,2015,pseudoreplication,1,4,complete
lazic_22290326,2016,pseudoreplication,1,4,complete
lazic_22290326,2017,pseudoreplication,1,2,complete
lazic_22290326,2018,pseudoreplication,1,0,complete
lazic_22290326,2019,pseudoreplication,1,1,complete
lazic_22290326,2020,pseudoreplication,1,2,complete
lazic_22290326,2021,pseudoreplication,1,0,complete
lazic_22290326,2022,pseudoreplication,1,1,complete
lazic_22290326,2023,pseudoreplication,1,0,complete
lazic_22290326,2024,pseudoreplication,1,0,complete
lazic_22290326,2025,pseudoreplication,1,0,complete
lazic_24574094,2014,pseudoreplication,1,0,complete
lazic_24574094,2015,pseudoreplication,1,2,complete
lazic_24574094,2016,pseudoreplication,1,6,complete
lazic_24574094,2017,pseudoreplication,1,3,complete
lazic_24574094,2018,pseudoreplication,1,1,complete
lazic_24574094,2019,pseudoreplication,1,0,complete
lazic_24574094,2020,pseudoreplication,1,2,complete
lazic_24574094,2021,pseudoreplication,1,1,complete
lazic_24574094,2022,pseudoreplication,1,1,complete
lazic_24574094,2023,pseudoreplication,1,1,complete
lazic_24574094,2024,pseudoreplication,1,0,complete
lazic_24574094,2025,pseudoreplication,1,2,complete
lazic_24129217,2013,pseudoreplication,1,0,complete
lazic_24129217,2014,pseudoreplication,1,4,complete
lazic_24129217,2015,pseudoreplication,1,8,complete
lazic_24129217,2016,pseudoreplication,1,8,complete
lazic_24129217,2017,pseudoreplication,1,8,complete
lazic_24129217,2018,pseudoreplication,1,7,complete
lazic_24129217,2019,pseudoreplication,1,13,complete
lazic_24129217,2020,pseudoreplication,1,16,complete
lazic_24129217,2021,pseudoreplication,1,9,complete
lazic_24129217,2022,pseudoreplication,1,5,complete
lazic_24129217,2023,pseudoreplication,1,10,complete
lazic_24129217,2024,pseudoreplication,1,7,complete
lazic_24129217,2025,pseudoreplication,1,3,complete
