path,url,retrieved_at,sha256,bytes
private-data/nieuwenhuis/citing_dates/002a2eddb4b27abee5dfca32f6a83bab1c3db3c441dd386dc21d93eb21c8cd6e.json,https://api.crossref.org/works/10.1002%2Fhbm.21370,2026-10-06T01:24:15.868805+00:00,b4aa4bcd622c745a811a0f3dcb27e6fc724ee1b3bae9925ae171dda6a743f7dd,13730
private-data/nieuwenhuis/citing_dates/00ea6d8bbe50272ee4f458a2916e23f2a2554e0568271c4df36a44d938d41a1f.json,https://api.crossref.org/works/10.1111%2Fgbb.12049,2026-10-06T01:28:20.501934+00:00,ed87f01ba468188e32a97735b6b14dd7aa9e90fe73766808fa182e9d75349c6f,20449
private-data/nieuwenhuis/citing_dates/012ae9d0024e8b8b0dc4bd4bd705aa7025d858dff523ceb67fd480947c8ace37.json,https://api.crossref.org/works/10.1016%2Fj.conb.2010.07.010,2026-10-06T01:25:36.171348+00:00,c91a01e8cf43fc7280b766060fbf48afe158904bf71a227804d8f6e87bc20435,20221
private-data/nieuwenhuis/citing_dates/01652e59bf93fa4b4ec1125466a0fb6b167b61fa05470236176d479d9957d546.json,https://api.crossref.org/works/10.1111%2Fgbb.12257,2026-10-06T01:28:21.838058+00:00,6d5eddd0346385361834fedc9aeb8b3c26c55586e0c8048a8611f9eed2bc0f3b,20964
private-data/nieuwenhuis/citing_dates/04c891ef389e354000509c20f8b631b907582f48fb451ab6ad13b025d95efbb0.json,https://api.crossref.org/works/10.1016%2Fj.neuroimage.2015.07.079,2026-10-06T01:26:34.197664+00:00,8eae77132c9406f7c6bb852c2335e37ef71218782c2be4cf7b2202ca8c57f55a,29736
private-data/nieuwenhuis/citing_dates/06a913afe028d36a0b312814d3642deb3f2cc1aa9650cf5ea3c40aedc328738a.json,https://api.crossref.org/works/10.1038%2Fnmeth.1808,2026-10-06T01:27:25.592481+00:00,7c4f65bd2e2f4e9beea920ecca2eebe9196cc26befcffb6c352a209ae77a9297,21620
private-data/nieuwenhuis/citing_dates/090cbda6580c9df054a4ef68682253543f472048c8a4e1771bbef15ba6438718.json,https://api.crossref.org/works/10.1073%2Fpnas.1214705110,2026-10-06T01:27:51.209191+00:00,a75ef6036b43eb6cfc3329d56ee2c9c7b75b1c99028a3bc9f0721e3eaf59af35,9059
private-data/nieuwenhuis/citing_dates/09bd8f664fd4b1c115183649e368ea1c8e8090b8471191b41338239535cbcd62.json,https://api.crossref.org/works/10.1177%2F1073858413491146,2026-10-06T01:28:51.706995+00:00,b6708352966fb04344c10d74ede78359c055d184c079cb905d69ffd4325af5a8,13654
private-data/nieuwenhuis/citing_dates/0a4fe27326286e81f004a1ae96e3fe0ae8a8b94560aa831afaa39461b64cbb40.json,https://api.crossref.org/works/10.1111%2Fj.1528-1167.2010.02756.x,2026-10-06T01:28:29.946359+00:00,8e334ded2cd2009c1e72dfbe2d12a141c99d939b1ba1aed269923a6d1f9b79a6,14980
private-data/nieuwenhuis/citing_dates/0aaee094a63f52932db8d34bfaf38804151e67123556adb9cd5945fafe64f4b8.json,https://api.crossref.org/works/10.1016%2Fj.neuropharm.2011.09.009,2026-10-06T01:26:41.145155+00:00,a990694e8ecd2dcf84ddb19d066827fbe6deb2601033836bb5b19e5899b2e43f,42840
private-data/nieuwenhuis/citing_dates/0aeac98a306b827def23f0a2882800f34ef128cfcd4f1e6f4b4dc6fee09547f1.json,https://api.crossref.org/works/10.1016%2Fj.mcn.2010.09.011,2026-10-06T01:26:06.481781+00:00,59a8fc60ed4e809aae88f8d8b015746892e76760942483f9b11b214909c70af8,35425
private-data/nieuwenhuis/citing_dates/0d0a7816855b93b9838f8bfae85c47a38d87e38a4182d89dbdba0f898c79f2ef.json,https://api.crossref.org/works/10.1007%2Fs00424-011-1030-6,2026-10-06T01:24:44.412193+00:00,75f2a5189e3bcd036030827b0e453996e39d70a8b4898dbdc31e5313f3a01fcc,35279
private-data/nieuwenhuis/citing_dates/0d30fc915f15d0640da2aeb470a4a0b5a34721a4737ed8573abe487e4784a03c.json,https://api.crossref.org/works/10.1093%2Fcercor%2Fbhs317,2026-10-06T01:27:59.173789+00:00,a2324d4aa43f4deb5457a51d7e8a91b49b23d6d1609116e0a03f021380839057,16006
private-data/nieuwenhuis/citing_dates/0d98e01b7bdd3d8f01f6edc13cba395b86819527ef61438746f6cbe044423bc9.json,https://api.crossref.org/works/10.1016%2Fj.neuropharm.2013.05.043,2026-10-06T01:26:48.256788+00:00,ddb5b4a268a35e003b3f356de7dc8a2becca6a86289f61a6a3dff7669527d7b3,88432
private-data/nieuwenhuis/citing_dates/0d992080ae65fe313b4df820f4b2494572103aba09ce0f2f4993e528fc868f5c.json,https://api.crossref.org/works/10.1111%2Fejn.12766,2026-10-06T01:28:19.155944+00:00,edba85e59814df9b174150512f7f6b3136675ebd5b9e96dc4fc716c9ffb1aaed,16553
private-data/nieuwenhuis/citing_dates/0e05241704c18efe658ab71a651dbb5eac8f4c84deb8b8398ecc6e08596d93c2.json,https://api.crossref.org/works/10.1152%2Fjn.00566.2014,2026-10-06T01:28:42.968532+00:00,6536f57958ff7faac5c7208049fa2e6967678b98edc74de28a5d1859a418f1c2,15436
private-data/nieuwenhuis/citing_dates/0e30b1240bdc8beb4a63bbafefdb7464fa47a2af34d8aa579982e505c3941366.json,https://api.crossref.org/works/10.1016%2Fj.nlm.2014.04.014,2026-10-06T01:27:02.101100+00:00,a3a594b145c6bfee75a3e3b713efc4add205d01046efb9c9047df79f5934fff1,26698
private-data/nieuwenhuis/citing_dates/0e82b8b914e89c1505ecd923d3ac8e8d1cf60090a56bcb2e5649facebdab64e4.json,https://api.crossref.org/works/10.1111%2Fj.1369-1600.2011.00408.x,2026-10-06T01:28:23.115628+00:00,ff60ee2edfc5765b0d6feacaa1e9b44984a54f4a600d08414b55f5810bd6d75a,9271
private-data/nieuwenhuis/citing_dates/0ea3016813434958cdec22d05a5a55ce70777c4cee35a44127d4719ba44204c0.json,https://api.crossref.org/works/10.1016%2Fj.heares.2013.08.004,2026-10-06T01:25:58.170830+00:00,72477a12f035aeae5a2988c400435e722f9f51bc9a6d031d004c42d07b0cd6f4,63986
private-data/nieuwenhuis/citing_dates/0fa7a1fa945d97b90084c0fd36b1f7e6acbee04066f4dd63c878e188689d07d2.json,https://api.crossref.org/works/10.1007%2F978-1-4939-1969-7_7,2026-10-06T01:24:37.548919+00:00,6a285b8c4c07caaff9c0e7724543a4534f58f5719e1b8d1148c2fbb818fe027e,24333
private-data/nieuwenhuis/citing_dates/11c11a4962a19303a79eedbfd32237fd215e80691c470a5e65bf7f2f4a7fe998.json,https://api.crossref.org/works/10.1111%2Fj.1369-1600.2012.00458.x,2026-10-06T01:28:24.472853+00:00,4fd3f00c1a7acbe92a73538fb0e174cecaa89216864a10aff3c3a919ba4c6428,21984
private-data/nieuwenhuis/citing_dates/131d449caafec20c229c5b7ca14790a2a46a3663d19e70e9ff24264f5b490245.json,https://api.crossref.org/works/10.1002%2Fhbm.22700,2026-10-06T01:24:18.448357+00:00,d0c6c3dc1fd499d414f1ecce963d82fbbc7a6f66c3e9620507d48ba704fcc67b,12943
private-data/nieuwenhuis/citing_dates/137d2a64ab4c0e85a2765aab81344e9e58ef297b9cd772f918e12703ffa6e93e.json,https://api.crossref.org/works/10.1016%2Fj.regpep.2011.12.003,2026-10-06T01:27:09.422656+00:00,b8b2469650f4d7f9897734c775ea7df2f8f0ae3d185e51c32c2f721b7cb491b3,20546
private-data/nieuwenhuis/citing_dates/15966de625161a6021cd6423e497035042e22640acec7534d0763819a1fbf2ec.json,https://api.crossref.org/works/10.1016%2Fj.heares.2013.07.008,2026-10-06T01:25:56.733584+00:00,77b4770de1234e163d7d743aefd4d9776ed3aed94ccaaf18cd41a9d065d08bd2,67110
private-data/nieuwenhuis/citing_dates/16c99ee722bcf1abce1d63f69fbae69124533cf0c814c2604111ec128e3c5dff.json,https://api.crossref.org/works/10.1016%2Fj.jphysparis.2013.05.003,2026-10-06T01:26:03.808119+00:00,e3f134132146a1ca515407c3b4ec633d845039a74a0e96ec5314c751eb9f6c9e,48085
private-data/nieuwenhuis/citing_dates/192d3a6f4bc55ab2685572dd78a3235bbeabf7e5a55f76d91e590a58b8b4b0d3.json,https://api.crossref.org/works/10.1016%2Fj.cub.2013.10.061,2026-10-06T01:25:52.439979+00:00,dddc7b690fd0286b1fb003e2db0eaa4da1fb13a29130d99141ff0a48759ea83b,12721
private-data/nieuwenhuis/citing_dates/1e7f1f86325c225be02957455cbb8362bfc127df34ab4174a8c6e12cba35fdf5.json,https://api.crossref.org/works/10.1016%2Fj.conb.2013.11.009,2026-10-06T01:25:45.822993+00:00,0ec8e098b68c9f173392620ffd95db2d9cb4352f7931f0fec3ad62088006861e,50118
private-data/nieuwenhuis/citing_dates/1f433deb4140ed3e15b0a2adecdb9e6c32f475d5f47c444cb4c42bfae21437aa.json,https://api.crossref.org/works/10.1007%2F978-1-62703-785-3_11,2026-10-06T01:24:40.261410+00:00,87ea1d100b7b245d9a6d4ce08a189bcef4ce46c14ebf4d6cc3b724a8d7cd601b,26103
private-data/nieuwenhuis/citing_dates/1f6ec2cc8bb5c88725ebcae9a98c36a1f647af7d7773739f71e5ecccf0822d8a.json,https://api.crossref.org/works/10.1002%2Fcne.22691,2026-10-06T01:24:07.052440+00:00,b1a68be5da3a660e6d15e549874559277ac6d618538aa91eec412b1280fa5aee,17662
private-data/nieuwenhuis/citing_dates/1fefb3b34588cadba0ed45637c258bf29b91277ab4d15d95711140caf65fca69.json,https://api.crossref.org/works/10.1152%2Fjn.00350.2013,2026-10-06T01:28:39.039924+00:00,28f5ec4250a55c526dd36f0467260911d368d3e6bb305e7c2c5f8adb1fec4694,8029
private-data/nieuwenhuis/citing_dates/205118bf83e7e037cbe1e428ed82bb5d059d5243f8d18e5e947b8af912cb6e42.json,https://api.crossref.org/works/10.1152%2Fjn.00554.2013,2026-10-06T01:28:41.634269+00:00,0ba77ff3b52fe6e73b2b60df9b9f712bb7bd1b5f37741768a78ab21a10376498,8309
private-data/nieuwenhuis/citing_dates/2181011f834b6b2e1aaa3ddbe043182462af7535be39c99e6200dae695aa5b07.json,https://api.crossref.org/works/10.1098%2Frstb.2012.0522,2026-10-06T01:28:10.001772+00:00,b872cb86b2aa6242ad351f8f137262093eef53b027b24f4e30c08c44ff79efa7,11561
private-data/nieuwenhuis/citing_dates/22ac529f2ebd2dcfac18ec47249522cceec18b77fd6347efba7a3e17e6ec7d30.json,https://api.crossref.org/works/10.1038%2Fnpp.2015.220,2026-10-06T01:27:45.865284+00:00,34497abbada923b39b5f605b76d0f96e8b4d58d57a73a23f1895cdc31fd29f42,33188
private-data/nieuwenhuis/citing_dates/23fdcf0a3f0d9c5cbd868b6523996cd143d417c2d9bbe31a3f6068ac59fe1435.json,https://api.crossref.org/works/10.1016%2Fj.neuint.2013.10.016,2026-10-06T01:26:20.535302+00:00,e1cc9482504541b2cc1e6677efbb9231de06e5ac6a9d799658faff278492eed4,37596
private-data/nieuwenhuis/citing_dates/24bb78ff6e9f0720500bdd1267f60d4f2d48c47355e338d205f57df057c57581.json,https://api.crossref.org/works/10.1016%2Fj.neuropharm.2013.03.019,2026-10-06T01:26:43.924360+00:00,27dd502a56235f49d98c419ea99b24bc98c195d18fae3ffb2121b7a3fe508041,44340
private-data/nieuwenhuis/citing_dates/27845b079817a16a0624099a6c36dded17a15533e109d10027cf8a4107dd7521.json,https://api.crossref.org/works/10.1016%2Fj.neuropharm.2013.04.061,2026-10-06T01:26:46.807442+00:00,a24a3191933b0e92ee314a46e34a65b2a9384c751050d0f53d17850058ef2b8e,59612
private-data/nieuwenhuis/citing_dates/286510c499526a7251fb6b351f0bb4de62e0a8860157b73138d9e8c10e1cecbd.json,https://api.crossref.org/works/10.1111%2Fj.1601-183x.2011.00749.x,2026-10-06T01:28:31.251677+00:00,4bd081c18bb7a2e3a844564c421df826592b161863f3a4a4a55defca9151ff14,9717
private-data/nieuwenhuis/citing_dates/28fcb2e5d1bc14abaaf84e35bce90b28a8a8f2fa0df3e2f47abe6611debb785c.json,https://api.crossref.org/works/10.1016%2Fj.neuroscience.2012.03.049,2026-10-06T01:26:55.146805+00:00,c4e23d1cb8bba237083af31602bb758684d6f0968f3364241fac8997a4cd8374,22042
private-data/nieuwenhuis/citing_dates/29989d86d78a6302ed3bb3e316ddecea75d8971a4a9c4d4c816e0bf7fffb4006.json,https://api.crossref.org/works/10.1016%2Fj.conb.2012.11.012,2026-10-06T01:25:40.258025+00:00,c88b4d45e6cf78cb78e3b579cc3b4c3b7aab0aca4c67175549f2d59921fe350d,32649
private-data/nieuwenhuis/citing_dates/2a188b17346a56ac634b096ac8128b048b6659cfa21d40c83bbbb35092f09706.json,https://api.crossref.org/works/10.1007%2F978-1-4939-1963-5_7,2026-10-06T01:24:31.746864+00:00,6d44d2c893a1fcbda9094a20eb33a06e22246b32e05ede6a1bfef19ec00b3628,20735
private-data/nieuwenhuis/citing_dates/2ef772ac739c08e33ef86bfe7387bfb9d5051627f2c7c5a444a8ab88600e4080.json,https://api.crossref.org/works/10.1016%2Fj.conb.2013.08.012,2026-10-06T01:25:41.597501+00:00,75932ac6ebeb12d46b142cb76345da0ce5220a70bb3b8271af4e4e182e1ff61e,19259
private-data/nieuwenhuis/citing_dates/2fa3411afc17c4968ce3676edf653a45cb7d427d2be4acd8aecd0356947f56cf.json,https://api.crossref.org/works/10.1016%2Fj.nbd.2010.12.011,2026-10-06T01:26:09.316920+00:00,fa0d735ff93e3470b2f84397525248ebcf0aa012687cb6c41bec3d96c72e284a,32740
private-data/nieuwenhuis/citing_dates/318a85609153713cac346ee9e5ef7647e3f69f8df2b0aed6eaa4e4c38e11b2cc.json,https://api.crossref.org/works/10.1007%2F978-1-4939-1969-7_5,2026-10-06T01:24:34.804100+00:00,b7895ca62e4cbb7106ae483a8c000d8d1c98a72a9933066f27faff08f65a1ab7,49407
private-data/nieuwenhuis/citing_dates/32bf37d478f2479bd8ccd56d3ce0dad8d1f780770e0a381eff171b847a96c758.json,https://api.crossref.org/works/10.1038%2Faps.2013.149,2026-10-06T01:27:17.434779+00:00,3c1205c312720073be0c1626c6ae730c5473b4283dcf53aaae7aca634b47c261,13025
private-data/nieuwenhuis/citing_dates/331fe106de7b1a4c6b28b9cbc160241a325ab9921cb795061c283ad821e40b20.json,https://api.crossref.org/works/10.1016%2Fj.neuropharm.2013.08.028,2026-10-06T01:26:49.696205+00:00,278680307fe8bdde77c596d4cf25c900c34ecac6919d56a08338b391a4fd56ef,59746
private-data/nieuwenhuis/citing_dates/3604ef4c51c49b3c62c936d0eb2139baf489b1916d9d8894b5e254ab2e008741.json,https://api.crossref.org/works/10.1038%2Fnmeth.f.324,2026-10-06T01:27:26.875908+00:00,88f63530cc1b437adb41fcc00922bd89a40d318f9877bd3abd6f8accf8dfc65a,10189
private-data/nieuwenhuis/citing_dates/36af38a45cd25c293d9da9ed6067a03069b62029077d8ea661820cd1a1bb9b49.json,https://api.crossref.org/works/10.1007%2Fs00213-013-3328-x,2026-10-06T01:24:41.614930+00:00,bb2d98caad14cd215ea71fb3ae530aab80eaaae0dcb1daa573af490b39ca1dfc,23665
private-data/nieuwenhuis/citing_dates/36fccc2cb8aeb140485014a820e14be66dd201412c29c44a4eb6e3401d573fa8.json,https://api.crossref.org/works/10.1016%2Fj.conb.2014.11.009,2026-10-06T01:25:48.555845+00:00,61e7acdfda114756ab10392ea6f9fff4bbc4585d88b86fb3dbd3bb16b44b963d,26485
private-data/nieuwenhuis/citing_dates/37d2bccbeb0c41c4d2b3e65137fd2b5eb94366d11b62eb593368b2a0a8ca33b0.json,https://api.crossref.org/works/10.1073%2Fpnas.1220358110,2026-10-06T01:27:52.488221+00:00,b90948f5015fb58bc50788c177d30adfa2f4e5973031d4267777bdb6828e1413,9089
private-data/nieuwenhuis/citing_dates/38d789696d6625d904cb87295e45f41c0904915da2df4bddcfb1900532c0d639.json,https://api.crossref.org/works/10.1007%2Fs00702-013-1096-8,2026-10-06T01:24:50.206281+00:00,5b5d0177427f5bece0681e2abdae53337436c898e511d8fb2d58f40f6a48c73e,21244
private-data/nieuwenhuis/citing_dates/38e41066d2a2d3056547d7d41355a289b8d66fb109ca0e90a07b07d6008b2136.json,https://api.crossref.org/works/10.1016%2Fj.neubiorev.2015.11.015,2026-10-06T01:26:19.198476+00:00,3d9af57de0cfae3b84c1632ff4d16226dca640a2a26b21c6ac7f60651ae89fdd,75457
private-data/nieuwenhuis/citing_dates/38f97f4583235edfa89dd7f3e06c14f0541a0923c586e704235ae851801a8d95.json,https://api.crossref.org/works/10.1007%2Fs12264-013-1375-2,2026-10-06T01:25:00.012590+00:00,60340ad9d29a2ae1b139b626c33fd6631745ebf737173913c3f84245abdc3d9b,18653
private-data/nieuwenhuis/citing_dates/3b1d61c9bf78410e486150725129d52f0015b4b24dfc0c5b9dd9a553b2760241.json,https://api.crossref.org/works/10.1016%2Fj.neuroimage.2015.10.037,2026-10-06T01:26:35.577809+00:00,16e941961daf1fa5b331712f3a27c748ad4194c6b5ebf6c07d1b44831c5342ef,18292
private-data/nieuwenhuis/citing_dates/3be9f7a3264c9bdda3d9eb30ea2865b31527beac9db07cc7c8d62ede4a6b1a59.json,https://api.crossref.org/works/10.1093%2Fcercor%2Fbhs258,2026-10-06T01:27:57.853221+00:00,9cce1e3581c5231db25a3ef21ec5a61e792b7f02808c89f01b96353787860896,16465
private-data/nieuwenhuis/citing_dates/3d640d58cb1f9282c51a11e510305cb59753cd32d575e580b18988677124d00e.json,https://api.crossref.org/works/10.1038%2Fnpp.2009.102,2026-10-06T01:27:36.019616+00:00,22a5cdb227ae8ae6cbf5e7ea09e8ae4e8bca3b069d2d9fdbe0d64031a3081aed,4617
private-data/nieuwenhuis/citing_dates/3f0033813b0d2025858c689f41a6fde3842e45817f1f9ceefe4da5630cd27b04.json,https://api.crossref.org/works/10.1016%2Fj.nec.2013.08.003,2026-10-06T01:26:10.752520+00:00,eec5104cd889027a163a8058f4377099704dd1dc9f9924129c98799aa0907c89,50259
private-data/nieuwenhuis/citing_dates/400e8670f053c06db14bfd488a5a01fe75779933d57743516036075708393c2d.json,https://api.crossref.org/works/10.1126%2Fscience.aad9698,2026-10-06T01:28:35.161569+00:00,d0f9f21750a50173c97e0c7949f5833233670b7aa0343b440434b20652b0ddec,3382
private-data/nieuwenhuis/citing_dates/4082885f57768f6713ed1d18255b22538e881250e920447ae86694fcf6c8eaec.json,https://api.crossref.org/works/10.1098%2Frstb.2013.0157,2026-10-06T01:28:12.556473+00:00,f5f8b7832e994f9f566af79b145bc809e2dec5bd4f77010e67efd1ae9ac8e741,10311
private-data/nieuwenhuis/citing_dates/4163f1b9818157957ed3b6de938cac35c28eda5f4985e75dd8c124777346b745.json,https://api.crossref.org/works/10.1038%2Fnn.2992,2026-10-06T01:27:29.492272+00:00,18509b4bfb68ab27c3b1dd213985d027a157ecac478fbe43a30ed9b91b8fe8a1,19070
private-data/nieuwenhuis/citing_dates/42299fd50b8da9b7c46deb52fa992b8bda49a187c9dd178c53dc3a9ea5914c8e.json,https://api.crossref.org/works/10.1093%2Fcercor%2Fbhs334,2026-10-06T01:28:00.524573+00:00,328f6f449c408e841b14d29b8a9ef60737dbdddec786279450dc77bb6ca6a8f1,24432
private-data/nieuwenhuis/citing_dates/4558421c2201eb59edfe293585fc2a1c6cf9e6a9ff14bbc25f421d75291ef6e3.json,https://api.crossref.org/works/10.1038%2Fnn.3283,2026-10-06T01:27:30.851674+00:00,379c2d264cb748015be893cf18a9194b0346dd64c9b322b4e2a828257b0ba462,20167
private-data/nieuwenhuis/citing_dates/45f04b683b2008b27c354d9a914e43a6244fdf5ab66bebff3b8bbfc667656b2c.json,https://api.crossref.org/works/10.1016%2Fj.neuroimage.2012.07.064,2026-10-06T01:26:26.004846+00:00,4fa35dde1b69502f193d6f2b102e41a97155a18d8ed9b42eef52f9c4559d3cd5,21412
private-data/nieuwenhuis/citing_dates/46d20fefca88ee7bbc11828815e2c47310cbd20178e660c010d2de73bb6571e5.json,https://api.crossref.org/works/10.1016%2Fj.biopsych.2012.09.019,2026-10-06T01:25:20.936773+00:00,b3471c06e2e75d7d8f42b8e4d3e4a92c491f38b712ddc5fe5ac9e147c30b2135,18757
private-data/nieuwenhuis/citing_dates/472a2028d1a249887f788491ee8b00c2fcd7650941f7666659c7efc0b43dbbdd.json,https://api.crossref.org/works/10.1093%2Fjmicro%2Fdft043,2026-10-06T01:28:07.390537+00:00,226348c838ed3180e83cc290659d9dcd19f81fd83e534a25bb94d32d4b65afa9,5160
private-data/nieuwenhuis/citing_dates/48426b560c3fb42c13280548fbec67a24df2904530c2be6d73fa0cfcc3321d54.json,https://api.crossref.org/works/10.1016%2Fj.conb.2014.08.008,2026-10-06T01:25:47.199490+00:00,e2a43181f0a1e8ec59157cb4af826b9de721a859f51dc37b5af226e1716ff268,27469
private-data/nieuwenhuis/citing_dates/4a158ea9f64a733796c8be5405d7c21353b6506bc05d247074049466e6881cf4.json,https://api.crossref.org/works/10.1111%2Fj.1476-5381.2012.02240.x,2026-10-06T01:28:28.625588+00:00,3278074b07912bd87fe2fedfdd11b7e1a5f723a38189da03d80990c2993cabc8,16727
private-data/nieuwenhuis/citing_dates/4b3106271b84a6428a95baf90ec9efa990f8eeb0d61b485270b67d7198202865.json,https://api.crossref.org/works/10.1016%2Fj.conb.2011.09.011,2026-10-06T01:25:37.518872+00:00,2ce5c36508b575dbaf9240520c6353dd5c6dcc239e5cce24f8048fbc9c9cf9ef,38636
private-data/nieuwenhuis/citing_dates/4c613863bcf2a58452baeee16decf5495fbd18f89e4ae0cbb11dc5e581d07fcb.json,https://api.crossref.org/works/10.1162%2Fjocn_a_00751,2026-10-06T01:28:49.120971+00:00,e23c997d1444b1e7b40b1dd1b610d4535103e36b6345f671ce04469716a63bd7,37023
private-data/nieuwenhuis/citing_dates/4e6d64b0ddc709faed62e7ccb40ed6c976fb968d909cb19fc2fffab97355363c.json,https://api.crossref.org/works/10.1016%2Fj.neubiorev.2014.11.002,2026-10-06T01:26:16.409813+00:00,efa7a07cd494911f3db081e49cab8951387fec91f58f5af54550b900c3ce3138,56752
private-data/nieuwenhuis/citing_dates/4e725f93e3eb074fbddc932d04840546c32d94d45f996f016047ad159c0edd29.json,https://api.crossref.org/works/10.1038%2Fnature11740,2026-10-06T01:27:24.241187+00:00,188b7dcc4075046849a3d1c4bccf57c968a9089acc2dc9d1ae0f0975897464e1,16564
private-data/nieuwenhuis/citing_dates/4f3c009bfbff5502a60ceacabc5c770d45edfc1f2a76594480223ad6d463bb9f.json,https://api.crossref.org/works/10.1111%2Fjsr.12242,2026-10-06T01:28:32.542601+00:00,c08d64ec7aaf1be62bde6b98567a1b7a53cf98c6d5555448adee76a7107311b8,11693
private-data/nieuwenhuis/citing_dates/50913d59126c2133a627607f858ee793b2e989860cb2c14cbd4f6c5646ed589f.json,https://api.crossref.org/works/10.1038%2Fnpp.2012.242,2026-10-06T01:27:43.150128+00:00,4ab377a41fa49a1bbef0b7e463f5427733a79a6092ffcb5f71b76348b4b8cfc5,22283
private-data/nieuwenhuis/citing_dates/50d2f8763dacb221d44530fd6cce6c059ea7e816eb37c154b00c1246126e2909.json,https://api.crossref.org/works/10.1016%2Fj.neuroimage.2013.09.039,2026-10-06T01:26:31.433834+00:00,f6cdf66f89a597a82123b3fb0cc149d12458dcfbd0e38072f2ce630bf7ecdb52,30048
private-data/nieuwenhuis/citing_dates/5631b58d94abe5f280765b180d0875bdc6e4f209f537ffbca63d9d55a6375c58.json,https://api.crossref.org/works/10.1016%2Fj.neubiorev.2012.04.001,2026-10-06T01:26:12.183420+00:00,d5a71ac214bf35e63636b1ec2004883e26f31e72faf9a010a8339b95e611641c,53364
private-data/nieuwenhuis/citing_dates/572382794b507b5fd143c325d5a90eb831d7fe337bda0a4f0ef57742851e2351.json,https://api.crossref.org/works/10.1016%2Fj.brs.2012.07.004,2026-10-06T01:25:32.099649+00:00,119a9ad0eac861d94dea8c3b2c94ac093a213b2ebbf45ad6d69436f0abbe8844,28427
private-data/nieuwenhuis/citing_dates/5799309be0a73f836e31d721d0de3c8dd9149dbb95bfc549b8bfd080a43cb99c.json,https://api.crossref.org/works/10.1016%2Fj.yfrne.2014.08.001,2026-10-06T01:27:14.840445+00:00,0ce90570067760b1b99e86e6359297a7b13cfce6a8568c092f632599c2ac9244,77162
private-data/nieuwenhuis/citing_dates/5869cfb380bcbafbd1276075f7d02f228778a7def6049f69c01db954a9e91146.json,https://api.crossref.org/works/10.1007%2Fs10827-010-0285-9,2026-10-06T01:24:54.392831+00:00,18fe435189e78ab3040a48735730767744fb89c603786ada60bf592aa2e46b8a,44188
private-data/nieuwenhuis/citing_dates/589ab0b9cfa25b897df5a2cb822503d8b53a93d946e4ca3046a773dab999fddd.json,https://api.crossref.org/works/10.1016%2Fj.neubiorev.2014.11.014,2026-10-06T01:26:17.746691+00:00,f705eb886d6a210ad15ff4703aa8fd45aa4282d6c79774b2791e4aa2a330447b,32648
private-data/nieuwenhuis/citing_dates/59c94594f11bd74291547517dd45d28f4f51e3ce18d0dd6a35a781b7889d5511.json,https://api.crossref.org/works/10.1016%2Fj.brainres.2012.11.001,2026-10-06T01:25:26.614864+00:00,1363841560744c42ffaa5bcfa083c5bea3f95e01aab8aae8a1115de60b01b214,82341
private-data/nieuwenhuis/citing_dates/5af186241836c85c6b558e9e23cd7fc060f1a565504d501961667be2d2ded921.json,https://api.crossref.org/works/10.1016%2Fj.expneurol.2011.04.008,2026-10-06T01:25:53.906662+00:00,2c3563c40cae787243053b78f1ebbd667bca2e05045e09de182cd191044a3fcc,54675
private-data/nieuwenhuis/citing_dates/5c2662d8fde78dd983d37f133d5ad0dabe24d99cb9f7407a9f88075cef4438e2.json,https://api.crossref.org/works/10.1093%2Fcercor%2Fbhs189,2026-10-06T01:27:56.517472+00:00,64694f678e6297c672fe37349afc6d8eed6c52121756fa1a97304f5ee9dd2da8,15143
private-data/nieuwenhuis/citing_dates/5d8135a85700802e87c6117bb75358a93eca085326bc03ce0b343e1f2908ba3a.json,https://api.crossref.org/works/10.1126%2Fscience.aac9698,2026-10-06T01:28:33.892319+00:00,b598a0588adc389e736a50b9f18b52e1c0c990098104c5a3ff4b69be598b141f,18996
private-data/nieuwenhuis/citing_dates/5e4065c673ad48162ce0c1f64e86adf0541c04eb81776276dc521462e8dad164.json,https://api.crossref.org/works/10.1016%2Fj.jphysparis.2011.09.005,2026-10-06T01:26:02.408308+00:00,6a85ebb316629cb16409c541ef44d984b9312f7e4b65860315e82021db0057ed,18769
private-data/nieuwenhuis/citing_dates/5f1a68cde9cdb5c1287065b3862e033d38b8a9a3ec6c065904334affd6de5e79.json,https://api.crossref.org/works/10.1111%2Fejn.12457,2026-10-06T01:28:17.826643+00:00,26a5479d546006803de08bc15619c8b492584e2bd72c08c7e07892fcb8d072be,10209
private-data/nieuwenhuis/citing_dates/5f5e21a966baaaa3cd0d6adce7d2b0cd38138955d0e911fe9600072459725abc.json,https://api.crossref.org/works/10.1021%2Fcb4006722,2026-10-06T01:27:16.162193+00:00,b6356832c723639fc57102ece8dbcfd0142f56f0d7faa524a05a602239e4f04a,15333
private-data/nieuwenhuis/citing_dates/6087f4e9a7e26422e6074b35b5f88c99086f76e1ae49c3b76cf959fe604b19e1.json,https://api.crossref.org/works/10.1177%2F1073858411419048,2026-10-06T01:28:50.418988+00:00,d052cd6e17308478f41731edcdf69f8b8de7e959f6b786ed5fa65ac8daf40e8a,11098
private-data/nieuwenhuis/citing_dates/61ce370cfc526c044bf258cc16d51c0a067d1990a392d76aeb381f16a12432f8.json,https://api.crossref.org/works/10.1152%2Fjn.00044.2012,2026-10-06T01:28:37.749045+00:00,a7a8229808cf5a58889a5dcce6ea09008edcc241565496b017bba911878dcef4,8933
private-data/nieuwenhuis/citing_dates/63c6639449b3beda9b8369c0acf764a0724442536245021c0712f5cb1251af8c.json,https://api.crossref.org/works/10.1101%2Flm.2024811,2026-10-06T01:28:13.841103+00:00,27cc420a05cd7d377c75c78e328ad7305304e3f2c2c2c25fd6596e8e80ee602f,9795
private-data/nieuwenhuis/citing_dates/63dd3eafdb0180ac699f18d74b3a7cd80f004387d9753d05e584c49701b79862.json,https://api.crossref.org/works/10.1002%2Fjeab.5,2026-10-06T01:24:26.265898+00:00,bc1916e0fffd14d906d52383e5a18018e9530ad20a9ff17ef7660e4649902e9f,12092
private-data/nieuwenhuis/citing_dates/647ce1974d2e683e193aaa5fe50f66ae5efd12777f810338f5ff94a0fc7a8b42.json,https://api.crossref.org/works/10.1016%2Fj.pharep.2015.08.007,2026-10-06T01:27:03.531467+00:00,d3a6870f18a637c97c785e711c9da62e290eec1042f6789ab7349d14a998c1e2,63581
private-data/nieuwenhuis/citing_dates/687fa204fd771940790014f6085a88f58dd8950312c4735a6e1bc8e720a72aa6.json,https://api.crossref.org/works/10.1152%2Fjn.00785.2012,2026-10-06T01:28:45.503773+00:00,4767f50b36c7368555a46c57e12431a19225211b8a68e8b672a7beb1a9ae1868,10919
private-data/nieuwenhuis/citing_dates/68b9f246dd28671827e4ee575fb2a77c4c77567fe2daef2a865d5ccaba90811d.json,https://api.crossref.org/works/10.1016%2Fj.brs.2010.09.009,2026-10-06T01:25:29.393965+00:00,f6ab96a6ec7078958a5f64aca77a2dbaa629984077e64a6edafaf33a33db07c9,2210
private-data/nieuwenhuis/citing_dates/68cee3274ff9f098311ce03d0c5366bb3dd09510cd5d625aa52dd6e979850aa7.json,https://api.crossref.org/works/10.1093%2Fcercor%2Fbhq192,2026-10-06T01:27:55.176108+00:00,cea17d6f52244cfe471ae6c189e35e89ff7e7736ce2221210f074061c3e1bef2,14836
private-data/nieuwenhuis/citing_dates/6988a260bdbf8f8387b511484d2f0612518ffacdd0e5e4eb336558701d946c5d.json,https://api.crossref.org/works/10.1038%2Fnprot.2011.413,2026-10-06T01:27:47.142199+00:00,30c2bdf116b154a74af66bc5dd788cfca67d661ef8fb4ed11505da4e33e29c10,10832
private-data/nieuwenhuis/citing_dates/6a01b7a4d39e3c73800aca80cc58a8b225e112bb8acd9944e081f11c8f428ee1.json,https://api.crossref.org/works/10.1007%2Fs10072-012-1241-4,2026-10-06T01:24:51.578171+00:00,48b21807c360e26ecffe78a1ba37a01e1e408302056308120289eec6e19e7e96,24471
private-data/nieuwenhuis/citing_dates/6cdbea1a5f4087d19268f0c0ef1f263c310dbcea131e9894a758671964a55643.json,https://api.crossref.org/works/10.1007%2F978-1-4614-0751-5_6,2026-10-06T01:24:30.368026+00:00,0553d3008e31b767289008afd6a5bcc943b6f2aa1569996481efdcb3b6460317,52980
private-data/nieuwenhuis/citing_dates/6de2c5ae40b1339449eeecc33e68f8824ab335dd62d2d55346d9cf5380bb1b43.json,https://api.crossref.org/works/10.1016%2Fj.neuroscience.2014.10.037,2026-10-06T01:26:59.371716+00:00,5fa32a04e4596d113e7b829b5d03ce057425c4e584370ead02bb30e977bb6a1f,78635
private-data/nieuwenhuis/citing_dates/6ef0e2e59e878809a1515d7e005f58181685ed27c60676ddb51bfff75e8a13f1.json,https://api.crossref.org/works/10.1016%2Fj.neuropharm.2010.11.022,2026-10-06T01:26:39.736228+00:00,d06dbc137e3cdf31cf00bccffe5948fdd9f0684c7ae766f5aaae925d699014d0,36785
private-data/nieuwenhuis/citing_dates/6f266ed7fe03ad4eba8af590a2f943d931810125ff5510a90f4965d07316f362.json,https://api.crossref.org/works/10.1002%2Fhipo.20872,2026-10-06T01:24:19.867318+00:00,92ef9fd793e08134c455bc41ab21edbce7887a190e49d045aa17f06c4758fa78,27040
private-data/nieuwenhuis/citing_dates/6fad11cc11baf61524efcf38477cf42aa6ddcc5bcb52aa4a5b9f41e026529a75.json,https://api.crossref.org/works/10.1007%2Fs12035-012-8361-y,2026-10-06T01:24:58.658335+00:00,a2f7dd5497bcd2499debd4554ee04e71934df3c1741931180be5b9758cfe7ecd,43827
private-data/nieuwenhuis/citing_dates/726f6571a9ca992d0bd985fd9ceb87f08539749cff31505a7c238d1de3d4e31d.json,https://api.crossref.org/works/10.1152%2Fjn.00638.2014,2026-10-06T01:28:44.234985+00:00,67428552de5c944517c3d1000b0cfd0a4b290e023ff4ecc33d1b232f4fc63db3,6531
private-data/nieuwenhuis/citing_dates/72c1c401033c178644bba1e7d7dcf4197acda4afd198deff388d2ba0b889c648.json,https://api.crossref.org/works/10.1016%2Fj.biomaterials.2011.09.083,2026-10-06T01:25:16.863424+00:00,983c7a3c2fb0b8595d88d81bc5a2ccbc79d6f7736bff3091a02109d6e979bd40,21225
private-data/nieuwenhuis/citing_dates/75c4f845d92b0d8476205910daa0bbd82e07ae73b5697deca65be794a4e72a4e.json,https://api.crossref.org/works/10.1002%2Fdneu.22313,2026-10-06T01:24:14.598806+00:00,96a714f4a2513751def91fde925f95f5b3674ef0c1612d90b93524762c700363,9914
private-data/nieuwenhuis/citing_dates/7731bafa0fbfd2874b7a3819b12427ea2e93d72099d0d52ce3fb078bfa4f7e35.json,https://api.crossref.org/works/10.1016%2Fj.bbr.2014.08.001,2026-10-06T01:25:08.639022+00:00,81188df77b1e3d26d9daae1693783b2c06e3eed34babb9517ccbb6841ea57e3b,83440
private-data/nieuwenhuis/citing_dates/7aebdafb61bad333a9fb2c171618e41c0d87aab01282801230ce37145d1be931.json,https://api.crossref.org/works/10.1159%2F000341999,2026-10-06T01:28:47.774306+00:00,77cafa94e1a0b73ceb96346294ead76811b3e23cd8bf42bbaf108ccdb88d9409,9800
private-data/nieuwenhuis/citing_dates/7bdefd752d9aec972e6d28242b65ffe348c5b356a414f0266701dbb7f579e27d.json,https://api.crossref.org/works/10.1002%2Fhipo.22049,2026-10-06T01:24:24.984831+00:00,b862f80a34886ed744e3ae6d1053fd807e07a6d52bc765d77993103e944ae202,9255
private-data/nieuwenhuis/citing_dates/8109f56c2f5e435525db4bd7f6739c58a4612b6e7d1e133dc2bdd88069a24663.json,https://api.crossref.org/works/10.1128%2Fmcb.05917-11,2026-10-06T01:28:36.488321+00:00,8c25b4e99a4cafc5705aa4f7f8f0beed92f21a601ba7a8a23dff4d4ea3101145,14203
private-data/nieuwenhuis/citing_dates/824b65f964a52a2c251513a90bff1eea4e221ebde9f73da410606e2b664df04d.json,https://api.crossref.org/works/10.1016%2Fj.bbr.2014.09.036,2026-10-06T01:25:10.006221+00:00,0b98d84e51a9c2ab3b2eebcb1b523beab42f9d5751562803c90d3d4b9bb0cf9b,26160
private-data/nieuwenhuis/citing_dates/8297c03bd2b97b64eab57e191b85cf7f3736c3fcf230a0fbe59b0b0846e535a6.json,https://api.crossref.org/works/10.1038%2Fnpp.2010.151,2026-10-06T01:27:38.969423+00:00,a2181dcd60ce7d9b1df7d85e8e3461ccf971b7440230cc794cb4456a41d51b2a,161784
private-data/nieuwenhuis/citing_dates/8405a8eebadb07afdc14c70d8c0605ff1f7e1c2ec97a89df50a1659eab5b26c0.json,https://api.crossref.org/works/10.1016%2Fj.nlm.2014.02.002,2026-10-06T01:27:00.717736+00:00,21bb78d61fdb395d7d1976a9966026956efc54db246514d7a22877ceda87e51a,39194
private-data/nieuwenhuis/citing_dates/846175a77e6f1d4de5ffd5c04f71740e9cc2e030c607c74a7a048981f0783651.json,https://api.crossref.org/works/10.1007%2Fs00438-011-0663-7,2026-10-06T01:24:47.408650+00:00,dbc86a5b1e37d0095d761d362afacb160222c5a5caed82714e00e0cda734a569,42404
private-data/nieuwenhuis/citing_dates/8476551a65a48d77075e49cf6a85be7f7c33f398e7834e970eefc7d65f0ee2c6.json,https://api.crossref.org/works/10.1016%2Fj.brainres.2014.10.058,2026-10-06T01:25:28.104820+00:00,97ca238454e18e4dc8269fcc087fcbd8259c14613a2650c020a0fac5ed8e8abf,66026
private-data/nieuwenhuis/citing_dates/84bdecef64ff0cb8f234ec79f7dc0ec39569e0836c891f16d790ebbedd801d44.json,https://api.crossref.org/works/10.1016%2Fj.pnpbp.2015.11.004,2026-10-06T01:27:08.058600+00:00,a88cbe36cf658becd3e452a810383eb0e29279599efd981563837fe5aac931d2,135070
private-data/nieuwenhuis/citing_dates/85e522a1dc33e92ff239be35e943d3cd94b67f5ef57e4bd67a4669f974b314ba.json,https://api.crossref.org/works/10.1016%2Fj.concog.2012.07.001,2026-10-06T01:25:49.837742+00:00,9605ea541467ee2703afc83f8c718a18be3ad4fbd73555d880df0ad5d30a33d4,12639
private-data/nieuwenhuis/citing_dates/87f2d778e84c212f6c3f1714b71190d78cca0a3ef23a77ec66fb6492ed646b6c.json,https://api.crossref.org/works/10.1016%2Fj.conb.2013.08.018,2026-10-06T01:25:42.982427+00:00,17e00c7e6214e7b2456307a6a7e9853ab31ea96535220b7198c813c40ce8cac1,32062
private-data/nieuwenhuis/citing_dates/88c3a574926381ffec7d6d1d9b8a38d4d81a15cf506c2b772bf90ccebafdf71e.json,https://api.crossref.org/works/10.1016%2Fj.brainres.2012.09.036,2026-10-06T01:25:25.106589+00:00,f7604fb16856b40ca148a753f03cfaef7c9f249afddb593a8403a0afa32a08af,68832
private-data/nieuwenhuis/citing_dates/88cecfc0b5a0e4733573b1aba6628f775c7f65f67730f63daba0a72c25eb9b48.json,https://api.crossref.org/works/10.1038%2Fmp.2012.83,2026-10-06T01:27:20.221998+00:00,ef58b7bd9f3bae6096fab542dc6526d3cf0e2219db5292573b520c1bdb35bc20,32206
private-data/nieuwenhuis/citing_dates/8b6ec625e0c2b602c0af4cbe9e4f6412bd7c78e6efea39fcd58ab5670896a6c2.json,https://api.crossref.org/works/10.1038%2Fnrn3379,2026-10-06T01:27:48.576173+00:00,3e40220153d2821e8a83c6af6c936fa496dd0021af7f4a08bf7c5069cb8b60a5,89664
private-data/nieuwenhuis/citing_dates/8c89b33fb0abf3d819a3f5b20274454e3a41450eba4862571276401e492f4fb1.json,https://api.crossref.org/works/10.1016%2Fj.jvs.2010.07.064,2026-10-06T01:26:05.124115+00:00,6e23194926d4580ee30784ca4eb95757a10af2499263a8a4b2a73cf9e136eea7,13946
private-data/nieuwenhuis/citing_dates/8d17f4958b136831915ddb4457a8070bc525dd0698e8e51392c6df3fa4b39331.json,https://api.crossref.org/works/10.1093%2Fscan%2Fnss145,2026-10-06T01:28:08.735262+00:00,0bdb993dd542e63016c0d178042a3ec1dd596ce48f78d7bc4229e1f1e43e23bb,16396
private-data/nieuwenhuis/citing_dates/8d1a21479138dd59db10aab4bf40fff741b18a715f289c48ad0d10f86adeb2ab.json,https://api.crossref.org/works/10.1016%2Fj.bbr.2014.10.047,2026-10-06T01:25:12.725085+00:00,83cdf012b32516f20e7443316414e6b9f4f94160bd114bec2076855628eedf74,17683
private-data/nieuwenhuis/citing_dates/8dd62e0bede8d04f62d420b82511de997978e3f6bd6d699aa35283a219c6b98a.json,https://api.crossref.org/works/10.1016%2Fj.neuroscience.2010.11.042,2026-10-06T01:26:52.430956+00:00,6ad42e12b0facb55d45392e8e1afd158f282847cd05c38f1948b7c52abe47eef,18029
private-data/nieuwenhuis/citing_dates/8e02d0c52ef36e2d90b732bdbfeb63025d05ece8c16a0039be6a472d5008f563.json,https://api.crossref.org/works/10.1007%2Fs10827-014-0533-5,2026-10-06T01:24:55.762350+00:00,38c2ac0d8ccf2459600d7766e63cddb02dbbe0189b1878b8fec8db589474b97c,31390
private-data/nieuwenhuis/citing_dates/90ff0a68c8840de816140c17edeb77ea1c3eb313bb5aeafdcfaab7324ade4395.json,https://api.crossref.org/works/10.1002%2Fcne.23017,2026-10-06T01:24:08.334121+00:00,864cb88c54ea94c1f6321681782004f2eca84a96c735ab3cd941db541daf5357,11552
private-data/nieuwenhuis/citing_dates/91d4cf7ec64bbcf1b9baf3248aaff8e0a383e3aaff0cadc0e4f2363c9b37b139.json,https://api.crossref.org/works/10.1016%2Fj.brainres.2009.11.054,2026-10-06T01:25:23.639036+00:00,9a7d545f2d1d7180478a8253630ec67a664106c7466c2f472ec2eb5acced67db,33388
private-data/nieuwenhuis/citing_dates/921afd9816ffc4432560753680fd2d0d367ccb5fb480fed0d88afb070586da8c.json,https://api.crossref.org/works/10.1016%2Fj.biopsych.2015.08.013,2026-10-06T01:25:22.291827+00:00,281879d2f077aad911f9b57a793c7693ad848ad2f4870382790d509488cf9646,22957
private-data/nieuwenhuis/citing_dates/946ace2cffb58a749192cbc2d29ef64a160e484ae4da4cc57ab5550fb8dc7ab9.json,https://api.crossref.org/works/10.1152%2Fjn.00401.2014,2026-10-06T01:28:40.315764+00:00,666aaccf78581e2a115475972d651f7af08c0e4eca67f22aea292abfb4f2fe75,11759
private-data/nieuwenhuis/citing_dates/95908b9492195d183d7fc7a2abfa33ed01a54f62d5e0850f003909918513bd83.json,https://api.crossref.org/works/10.1002%2Fana.23761,2026-10-06T01:24:05.680799+00:00,4e6a5a919a88b96a00f0f7887c4f00a7f8d112ed0196372fe7e82b2e5c62bf1f,6070
private-data/nieuwenhuis/citing_dates/959b1e586bb69a8a32316331fbaa21547467206b1556a2ffa7267a75acfe11d6.json,https://api.crossref.org/works/10.1093%2Fcercor%2Fbht063,2026-10-06T01:28:01.884725+00:00,0200897c663a72beeaf5f21581dcbc6a9758a9e6dfc170857f54b064a1ac2681,23039
private-data/nieuwenhuis/citing_dates/95b58ed8f1a548b72d7e31a2ff78a845ae64f78a02430128079b388288a0b560.json,https://api.crossref.org/works/10.1038%2Fnpp.2012.236,2026-10-06T01:27:41.811568+00:00,285ff9d6aebb153fb288e0e844197d3bb6b4f4173ecc614cf1baf9bb4feeac81,44775
private-data/nieuwenhuis/citing_dates/977537a54e1afed73def27e23ac9a93ee41cb109ff4c557641bd5db9b9163289.json,https://api.crossref.org/works/10.1016%2Fj.neuroimage.2015.11.008,2026-10-06T01:26:37.017594+00:00,0dd3f70f8a3c3b421eabea28ca7809b93b868975dd6ce63cf34e70a1c93d008a,46763
private-data/nieuwenhuis/citing_dates/985eb9e2cf30e5472270ab410921089814caf03430541bebd5c47d5b3c35e4d0.json,https://api.crossref.org/works/10.1016%2Fj.jmp.2013.08.003,2026-10-06T01:25:59.580349+00:00,bc3d73e5a68ed1d614a61dadaee297ba47d466040c534eb1bbef30d913ec36a2,45259
private-data/nieuwenhuis/citing_dates/9a1a01b64e1f9d1939d09364fdf19180444f1448cdaabfc50a70071d224c74be.json,https://api.crossref.org/works/10.1093%2Fcercor%2Fbhq159,2026-10-06T01:27:53.835243+00:00,40e51e2ddc5438cd435487851c226752496af8910ecf523c7c93ee5f76b1c540,24534
private-data/nieuwenhuis/citing_dates/9b20e84e27634ca1681c71a5ae511454d298e2efdb9ac4cce85cf3cbcbcaf191.json,https://api.crossref.org/works/10.1002%2Fdneu.20951,2026-10-06T01:24:12.329351+00:00,0b9a757557a92b86c38893dfaedff1f72152a24703c24252b2901e052af9805c,16580
private-data/nieuwenhuis/citing_dates/9f1235c5fa31912b3244a74b5e5259e3ecdc882c42193fc0cee5e8ef5dc338e5.json,https://api.crossref.org/works/10.1016%2Fj.biopsych.2011.11.010,2026-10-06T01:25:19.582325+00:00,c1edc37bf018eb577259ba782090b3421617bc8537c4a6169564b4e0ba8017a3,35746
private-data/nieuwenhuis/citing_dates/a0dc19cce47bdd587b5c941b540d1b1eebcb6449b1ccbb9993f5b416a1a7f2ca.json,https://api.crossref.org/works/10.1016%2Fj.neuroimage.2014.10.046,2026-10-06T01:26:32.855016+00:00,d829e55ebb22bdfaa0fdfe2251d2402c4fb2773f535c585b94b782cd6a9c1d39,18974
private-data/nieuwenhuis/citing_dates/a17222882bdf9665edfa958c3f3fc73a52ab8185905aa1aedda84d91c72be705.json,https://api.crossref.org/works/10.1016%2Fj.neubiorev.2013.10.013,2026-10-06T01:26:13.622074+00:00,97ba88f29af96ceecc830a7b308cd6020daa807b21d0d0d6020e5578083cdfa2,53966
private-data/nieuwenhuis/citing_dates/a1f142e52e6d0de4436269a5f8b029b5899a45a99bb18087034aceb14ab36f10.json,https://api.crossref.org/works/10.1111%2Fadb.12043,2026-10-06T01:28:15.210771+00:00,37fba92d79b11858bdafb5a3645cc8636cb3d17f7c01ca17b89986129f9bba5e,21686
private-data/nieuwenhuis/citing_dates/a490fa52bc052e5e80ba3c6ff7c9c09e3a024fe27605a14d33ab5dc4e44c42ec.json,https://api.crossref.org/works/10.1038%2Fnpp.2010.96,2026-10-06T01:27:40.408082+00:00,2c04e8045dbdb36d961ab9a219457d395ec8694d946c34c5422062801e91672c,85994
private-data/nieuwenhuis/citing_dates/a4c873740ea565b50b0b1135e264c89947d76de26206c37020d6db053e7dc4e3.json,https://api.crossref.org/works/10.1016%2Fj.clinph.2012.07.029,2026-10-06T01:25:34.816628+00:00,23e828cd812d8af791153e1907363b6c214d7f659628e0b153d2af35cb3a390e,22806
private-data/nieuwenhuis/citing_dates/a5b4fa046c1405c61ce8a0b5c7c49c040ac9ce97e000e8e12369b3251e9a3327.json,https://api.crossref.org/works/10.1111%2Fj.1460-9568.2010.07488.x,2026-10-06T01:28:25.850994+00:00,5c1e61ba719cd8f6059e8ddd5a366c2717d33017bc9b7abef3fb00d6b611849f,23611
private-data/nieuwenhuis/citing_dates/a61af4614db9c14dae505a604633913c70e062990d3ace498354f11ac8e6d0a5.json,https://api.crossref.org/works/10.1016%2Fj.bbr.2014.11.018,2026-10-06T01:25:14.153863+00:00,d81800df8843afd154c4a467d2831110e8824cba1284a2ab528d401ca6281ccb,50181
private-data/nieuwenhuis/citing_dates/a928ac4fd06ed63182b84ca250b5a49fce5af8610e6629fe2de4e0b30d743db3.json,https://api.crossref.org/works/10.1016%2Fj.neuroscience.2011.10.047,2026-10-06T01:26:53.777807+00:00,65016a8518b287cd0b3e61a5d11d5832e5180294eb895692c4bec05d667b5131,18528
private-data/nieuwenhuis/citing_dates/ae39de25735a27c2f9922e1f638ef77d182df9186bc0f42b28d378c0c0fbc0c2.json,https://api.crossref.org/works/10.1016%2Fj.pneurobio.2011.08.010,2026-10-06T01:27:05.075983+00:00,369285cf23dcaf3435e5f38fd879cb45f5f781eadc9326a43c583d4cf85c425e,207208
private-data/nieuwenhuis/citing_dates/aec79c37126b575102607ed3987a0c4a381127d5aed04cebbe823f2fc1a2297e.json,https://api.crossref.org/works/10.1002%2Fhipo.20911,2026-10-06T01:24:21.148431+00:00,d8b7194d55f6fc0fddac7e44746b0c85b007a99c0896254a69979f9933fc7528,11085
private-data/nieuwenhuis/citing_dates/afec56b2eac0e92f2c9817bdcce268065161539ecc3ec660a8738b0365b94a52.json,https://api.crossref.org/works/10.1503%2Fjpn.110175,2026-10-06T01:28:54.219188+00:00,ca75c9bd14b9d359280316ad7bc6ec7e622209108608ec29d170704b488a75b8,1917
private-data/nieuwenhuis/citing_dates/b023d05b784b892c2c54d190e0d900eba1bc117cd0209df2e893314ba969c3f5.json,https://api.crossref.org/works/10.1038%2Fnn.3591,2026-10-06T01:27:32.110650+00:00,68e45ae83435126be3218b7dd5873fe20dd04fa46aae67a38a33ac01a96f9c8c,9740
private-data/nieuwenhuis/citing_dates/b1ad8b22e967651ff4a34c9bfa4c5d3554757321d70c8b4791fec81c6156a092.json,https://api.crossref.org/works/10.1007%2Fs00221-009-2060-6,2026-10-06T01:24:43.045972+00:00,00c2873a4ba58e986547b3e4f46ae5204457c3fb9d125e657ddd6bba08902c7d,43815
private-data/nieuwenhuis/citing_dates/b5642fe84194ee113f93accfc6e553e7137f8a82586e84a52bbcad6ab8af0246.json,https://api.crossref.org/works/10.1016%2Fj.smrv.2010.06.005,2026-10-06T01:27:10.696677+00:00,0acbdd60c3ff0eec2409a87eaa943e3d6f02fabe3257d6a726ba907ef8d0c1a6,2308
private-data/nieuwenhuis/citing_dates/b69cdd7d1195641d882244e8b57731284b2bae560984cd7a7293f2c320ac35e8.json,https://api.crossref.org/works/10.1016%2Fj.expneurol.2012.02.008,2026-10-06T01:25:55.274699+00:00,4eaedff945e510c834e485b7eba186a415e14f06597c491e0cf9f9c758f287ad,34057
private-data/nieuwenhuis/citing_dates/b6aa57e494a417a65ee2c5f4449d1b2ee2fb3f4c389db4de177987d648cd2a8e.json,https://api.crossref.org/works/10.1016%2Fj.pnpbp.2015.04.004,2026-10-06T01:27:06.535945+00:00,4a41d3c640b0e375fa4f99a8f7e42c6a1e9e71aabb1dad161d70948c7ffc6376,78644
private-data/nieuwenhuis/citing_dates/b96e3c2269ced3aaad8e754268b3002d816796a486bc719d11f3184e2c87b979.json,https://api.crossref.org/works/10.1016%2Fj.neuroimage.2012.03.069,2026-10-06T01:26:24.647526+00:00,1d878b83cd495c7b55ba0fcc169b79a3eb69abbc4520a81c9489d738c3e414a0,37800
private-data/nieuwenhuis/citing_dates/b98268ae85149de739bf86bc86b4c930de084b329e51ac2ed73b895abe113beb.json,https://api.crossref.org/works/10.1016%2Fj.neubiorev.2014.06.012,2026-10-06T01:26:14.986466+00:00,03b1a21407c81411ba6bedd30e9989f6cae3036b67d9ec4f46aa37d155cd070c,36607
private-data/nieuwenhuis/citing_dates/baab2aedd182e6f31b55df8d9e37921851951131370d9f5f13815194d994b932.json,https://api.crossref.org/works/10.1016%2Fj.bbr.2014.05.057,2026-10-06T01:25:07.182505+00:00,21949e16972a01fc1a22b4fdcf0df7456350443c331405f9e09d0ccdb8cafc1b,64840
private-data/nieuwenhuis/citing_dates/bb8020d98f91195ea997233f2ebd69677285b427d22fd747c605af5a4626b9d3.json,https://api.crossref.org/works/10.1002%2Fcne.23502,2026-10-06T01:24:09.713393+00:00,3e1619f8964286daa4ee2d2d87a489119ea258d931020bbc2c1d13e4b6db7608,17690
private-data/nieuwenhuis/citing_dates/bbbb91f3924a3a88a50229965b835285fcbb1c2078149c0d2a60aef3796da10c.json,https://api.crossref.org/works/10.1016%2Fj.cortex.2012.10.011,2026-10-06T01:25:51.174875+00:00,99be873447f2952b89bede4dbd22365c65d6c31e6c851eaa0da94d8e4364fc5a,16064
private-data/nieuwenhuis/citing_dates/be6f744e0cd68f3fb0a735ec873ab401db9b3ca9a73cd7e76a7909ab5b84676b.json,https://api.crossref.org/works/10.1093%2Fcercor%2Fbht415,2026-10-06T01:28:06.096595+00:00,903d51b2e8e8cdd6ad3a8701b971d7f2e3315d86c3e2a9827dc25e4de8c721d8,29362
private-data/nieuwenhuis/citing_dates/c1293d3e3ab85d5e66b478fad607f8dba793128e217a7c9b424a9bb5b2f0d9dd.json,https://api.crossref.org/works/10.1007%2F978-1-62703-610-8_15,2026-10-06T01:24:38.913220+00:00,ba81fa0c294d2844ecd34f3c2d81f1dcb2a254a03379e5455f9e45c57d498104,25604
private-data/nieuwenhuis/citing_dates/c1741e7b2c79dd071d5496c6647dfd5f8993f21e97f7bc71fa36015776d8a491.json,https://api.crossref.org/works/10.1016%2Fj.metabol.2014.07.004,2026-10-06T01:26:07.948819+00:00,11247532e6b51f9ac9de743078a670ca14ed533eb267b39d0f93f947e0aba44f,85982
private-data/nieuwenhuis/citing_dates/c1bc6d4c2f7393032e8babb86e3fa05eb2a74e2b7ad43d30f99fd990638fde9d.json,https://api.crossref.org/works/10.1016%2Fj.neuroscience.2012.10.064,2026-10-06T01:26:57.927746+00:00,3fafbb705cb94bb54a2fffaa25795872de4f32385165673060350475fa0239c1,19400
private-data/nieuwenhuis/citing_dates/c32457e69d8ee94d6705ced9f25c2e6b6e14714bfb5c9378a97f30969586e9bf.json,https://api.crossref.org/works/10.1016%2Fj.neuroimage.2015.11.024,2026-10-06T01:26:38.369231+00:00,61450b73b8814dade0ef5d49ddc1e7222422de290950135f73485675de33bcef,21732
private-data/nieuwenhuis/citing_dates/c66365352387720abe24fdb62ee19a845e4cb3358b0cf5c05725123f6e97a687.json,https://api.crossref.org/works/10.1007%2Fs10548-015-0433-7,2026-10-06T01:24:52.984003+00:00,9130c140128ea9db1475c9e346c6bab48005ddd0b6c2654ef3c819e041b19060,46030
private-data/nieuwenhuis/citing_dates/c83ae23d040f48ded8d74c50f812e66e340560259eb5ed09cafb46514f17dc0c.json,https://api.crossref.org/works/10.1016%2Fj.neuroimage.2013.09.028,2026-10-06T01:26:30.088064+00:00,6a539cc45817549826f363f81f396f79df5e665c4c5a3dbef2d60a9298846471,20610
private-data/nieuwenhuis/citing_dates/caf08cabc47232b8ac1e9f016b23f28ad46fcec1e2366a6c1521e1de4b32046a.json,https://api.crossref.org/works/10.1016%2Fj.neuroimage.2011.10.073,2026-10-06T01:26:23.302668+00:00,bda2f9a1258843e11d83f7cbe0e07c223ba97fbbb8e84c95818b01aa9940b920,24384
private-data/nieuwenhuis/citing_dates/cb4e0180f473db894ecde803b7036d5709d57f15fe532d0dc384cc4d720865f2.json,https://api.crossref.org/works/10.1038%2Fmp.2011.107,2026-10-06T01:27:18.870772+00:00,00061e3682a53200245b8339576ec6a935451a27c33a4ce065e2ce6832660819,62888
private-data/nieuwenhuis/citing_dates/ccaf754e7e79958f2c5e1e34ba859f4c705a3ed98947481782ece359a775cdd1.json,https://api.crossref.org/works/10.1038%2Fnmeth.f.325,2026-10-06T01:27:28.146800+00:00,abe81cf5047c4bd856dac83c9ff9cec066637c55f55e9bb4a9a094862e7c0fd1,9077
private-data/nieuwenhuis/citing_dates/ccdad8fce382e66b1c9f372e1464ffbd6060654661913bfc9a21b56bac1e7a37.json,https://api.crossref.org/works/10.1038%2Fnpp.2014.292,2026-10-06T01:27:44.492617+00:00,e9240622efed71be0b230bffbf40cd59e82215b6732f95f795dfb581d12b31e7,21491
private-data/nieuwenhuis/citing_dates/cf997db8c2418122e0fa18222f448a6a16d3def1ab12173462c7ea4f2c03b7ac.json,https://api.crossref.org/works/10.1007%2Fs11571-012-9229-6,2026-10-06T01:24:57.249291+00:00,120e5f95483b12db4dba248a96a16d554f9baa99dcf7eef2b3ddb934d8c90ad9,100603
private-data/nieuwenhuis/citing_dates/cf9be6c9456a5c90c95b3a0ff484d672400abc893c500badf7a0b774a1a9cdcd.json,https://api.crossref.org/works/10.1016%2Fj.celrep.2014.12.016,2026-10-06T01:25:33.462055+00:00,881247aacb2a196e68b80ad86bfc348e7aaa3e38bf59927532daf3f1fe94980f,19578
private-data/nieuwenhuis/citing_dates/d05d56cc781c5c47b0b84c087f042c2861c4f007dfbae2f309541079580b4b1d.json,https://api.crossref.org/works/10.1016%2Fj.neuroscience.2012.09.017,2026-10-06T01:26:56.577915+00:00,293c5ac1c78474618261fff60616f6ac942c586566d8f84b1d164cfbe9f4f669,97649
private-data/nieuwenhuis/citing_dates/d0bf96c10e3bd456f379fed3e0a7f539d22fbcffb5d432527a835c9f2778cbbe.json,https://api.crossref.org/works/10.3724%2Fsp.j.1141.2012.05527,2026-10-06T01:28:56.804296+00:00,410e69c01e896e1216e0b65be75f1b0cd026cb9cd94b48f26ac55d3780f83c8c,9137
private-data/nieuwenhuis/citing_dates/d0fa21512aa89baff7bea20c3300fdff3d6403a3ad12768bff858e3ddb25c1fa.json,https://api.crossref.org/works/10.1016%2Fj.bbr.2014.10.021,2026-10-06T01:25:11.358651+00:00,3b0272eeb2622bb8214e2b3bd40573e2cb0c2e59d92340ed708a38750524a451,24183
private-data/nieuwenhuis/citing_dates/d16a91c293880043d7e725af9b4e94fce21b15975725a794465deade33cc7f22.json,https://api.crossref.org/works/10.1016%2Fj.yfrne.2009.10.004,2026-10-06T01:27:13.385174+00:00,1222ac94db1906fac5c87a4f7747986f4469da347cc87f72ccfaead38207c174,48814
private-data/nieuwenhuis/citing_dates/d2e3c0968ccd53a928a9b564c1c69f387b5fe3aa358af628d102d804af33b61b.json,https://api.crossref.org/works/10.1038%2Fnn.4191,2026-10-06T01:27:34.740776+00:00,c63c00c8b5d166f86ba8d274b49c1cb3b70dc3f5ab7cc55cf937cce93ea72b00,22151
private-data/nieuwenhuis/citing_dates/d382d9653c0a6ce13ceef7c913c1f1958dc6ef7e17fd284494dc9e9d1603e5e7.json,https://api.crossref.org/works/10.1016%2Fj.neuropharm.2015.10.021,2026-10-06T01:26:51.051976+00:00,51d025359e13a29de006cf23b733d085ca23ea0bb4d10d5d7f823044b51c9e10,34276
private-data/nieuwenhuis/citing_dates/d384a3cd5b80102721b7f49420e8d1cafc13df4f339e7f8983dd9b62e8ddb1ac.json,https://api.crossref.org/works/10.1111%2Fj.1469-185x.2010.00165.x,2026-10-06T01:28:27.289232+00:00,10771676257284327c3db9e6fcef2c37f1dfa2ca53971e7b68a88b4c53f7e5c5,55207
private-data/nieuwenhuis/citing_dates/d3bb98b16ca9e5c6751d7ef7ab2d68ce71f024a808853609353a08a8fca0f001.json,https://api.crossref.org/works/10.1016%2Fj.biopsych.2009.11.006,2026-10-06T01:25:18.217890+00:00,71c8ceb633cfbc5560fd0ca3ba163516e89eed3754a03908833389a59f74e5a9,28491
private-data/nieuwenhuis/citing_dates/d450ff372c7744fa851d8c7661327096843e0934cbdca40bcb601a0aac59d935.json,https://api.crossref.org/works/10.1002%2Fhbm.22665,2026-10-06T01:24:17.144686+00:00,3bc442eb7be3074419fb569716da3fa8afbfd569634e29a8247f9c6719a9f126,13472
private-data/nieuwenhuis/citing_dates/d509c1eace4e2cae019be780fa9818b263a9814d2e5617b2cafaf9808acc7743.json,https://api.crossref.org/works/10.2741%2F4085,2026-10-06T01:28:55.528724+00:00,84a41b656f89f0785b673a6a17fdd7618f247d346c89c8ff2161ed4aa792ef9d,1562
private-data/nieuwenhuis/citing_dates/d55c33e2c286fd04abe44fcedf6257147200164fc9e2151bca6e8d3174da5178.json,https://api.crossref.org/works/10.1007%2Fs00439-011-1129-z,2026-10-06T01:24:48.847934+00:00,d444614276a8e5ae187635dc938f02369bd456c3579833ea9513e8775edb77e0,69896
private-data/nieuwenhuis/citing_dates/d5926172231ba173433dd4561de95a2f8fd55b40ed16033538e3eda4502e00aa.json,https://api.crossref.org/works/10.1016%2Fj.conb.2011.10.003,2026-10-06T01:25:38.880410+00:00,f35fbe2f70dd65e45b7fd17e1b8cc57579fc211358c31b01bb5cc2c46d78320f,22210
private-data/nieuwenhuis/citing_dates/d7bc4daa0c72756914ee547efa92e7634ea50002401f236ee52c4c51d08e7cd6.json,https://api.crossref.org/works/10.1016%2Fj.neuropharm.2012.11.030,2026-10-06T01:26:42.498088+00:00,1955dcbadc4b12f6212e34bc5d07807bfe16d1b88dcaf6c1b27a6c30910c2541,34492
private-data/nieuwenhuis/citing_dates/d8c0925b61a5bf99f5c2d5a6765c33f13160353e762c604cab7045c499520cf3.json,https://api.crossref.org/works/10.1038%2Fpr.2013.192,2026-10-06T01:27:49.929869+00:00,a27bc3714ec4f3b7a3a449562e63f58df36d6bf142a277dbbd3cb71593d6fcdd,34268
private-data/nieuwenhuis/citing_dates/d984076181bf0507ab4dd9ec0952c36059351cf7d0e7b208b285ca2aa3e015aa.json,https://api.crossref.org/works/10.1002%2Fwcs.1217,2026-10-06T01:24:28.915087+00:00,cb5fecb5cc892a884ed650a8c53a030c98e0af9580fd469cb1479a9ac1b4331a,16659
private-data/nieuwenhuis/citing_dates/d9c9b0105bc83309757905a0b59c23d0bf45846f4fb131acf18e277dc5fd6baa.json,https://api.crossref.org/works/10.1007%2F978-1-4939-1969-7_6,2026-10-06T01:24:36.168408+00:00,4a293a6199f281569116f55819c3af75ec794dd7691afcc0bc6c2f7615bdbe1f,27979
private-data/nieuwenhuis/citing_dates/dab06f6fc9330e4a4f4275af0903f04b76bc0ef48052ab442e9186652e79ff5d.json,https://api.crossref.org/works/10.1002%2Fhipo.20950,2026-10-06T01:24:22.422829+00:00,d4adf8ad1374b7d3f06ba915dd6eace334ba69153475b7a54646a4d368399dea,13200
private-data/nieuwenhuis/citing_dates/daec561cd81feb110be96cfa8d92800361a57791826e8f94e8ff0b68c29ab5fc.json,https://api.crossref.org/works/10.1016%2Fb978-0-12-369497-3.10002-0,2026-10-06T01:25:01.437929+00:00,d6a9b90b75c103c1b11b5bd58312a7403772885876a5e8126ce7e935de53a73b,63211
private-data/nieuwenhuis/citing_dates/db39dc2f017d2aa727ec0b6be9fd9fde797e3f0165b62b8505fd583999bac911.json,https://api.crossref.org/works/10.1016%2Fj.brs.2010.10.002,2026-10-06T01:25:30.740612+00:00,6a7ebd834acf7437fb525289d42035819be19f1c5d23f87a88c5ae1538a38c00,16787
private-data/nieuwenhuis/citing_dates/dc862cf32e962dc3d2efe89b3062c27e022038eaf6738e1f3359c6272db819bf.json,https://api.crossref.org/works/10.1016%2Fj.jneumeth.2014.12.002,2026-10-06T01:26:01.052242+00:00,ecf08e4923b56ad8913ba5ff253a3d2077780987dc9d2d29510347899f78c7ae,52824
private-data/nieuwenhuis/citing_dates/ddf0615cc71da1b2c086a474d215b5afadaacf8c0c3eb9924086b22d6f2a061f.json,https://api.crossref.org/works/10.1007%2Fs00429-014-0907-5,2026-10-06T01:24:45.771179+00:00,ea95dd305ca1e4c1a7d8d15524eb89e87f0424240c00056e5277bf8fe6f41e10,35915
private-data/nieuwenhuis/citing_dates/df959b4053acb8087917832557b3a60ac903555f909491bc256e12e76e7d2428.json,https://api.crossref.org/works/10.1038%2Fmp.2013.122,2026-10-06T01:27:21.578511+00:00,f0a1f3d612f580cc999058c14b7a42c0a8b7543f9d13af0a8f4fe1abb520dd3d,29227
private-data/nieuwenhuis/citing_dates/e061585110e1572ab8a98b9b81d4660f2cbbbe2708ec218604bbd76e738d3cbb.json,https://api.crossref.org/works/10.1016%2Fj.tics.2011.12.005,2026-10-06T01:27:11.957184+00:00,a90ecfd66c7e7c600bb165c6f8383802cbb06b8fe4637ab36881ab30cb0781fd,5340
private-data/nieuwenhuis/citing_dates/e1724b442bc482137be59d466f2d73d5afa2bcfc0ca9df3dc74e97ff22865166.json,https://api.crossref.org/works/10.1016%2Fj.conb.2013.09.010,2026-10-06T01:25:44.386478+00:00,9b285818605936fc1c54a83c22fe031fa7a2020184f339643f7186ca46865ee3,45197
private-data/nieuwenhuis/citing_dates/e2457d17d53da611529913153be2f575659187ffe2c0f318880e312689d6d2f6.json,https://api.crossref.org/works/10.1007%2F978-1-4939-1969-7_14,2026-10-06T01:24:33.379848+00:00,6c39ae74bbca6cb53d61dc670ff32166c8445942f03cd60430fc3e535f4182ea,21499
private-data/nieuwenhuis/citing_dates/e253a0553c08d1bc8af067573d662975f253cba1515886c66397ab76720caebc.json,https://api.crossref.org/works/10.1002%2Fhipo.20998,2026-10-06T01:24:23.696751+00:00,d1bbb9be0de5634f79f07b6955792a398ad38c498040478a1bb0fe39fabaaa7d,11027
private-data/nieuwenhuis/citing_dates/e40e2d65d094cbfcaa81308116c4a787a4128ea4e9d61bb2300b89c374d52943.json,https://api.crossref.org/works/10.1038%2Fnature11713,2026-10-06T01:27:22.901309+00:00,a8a8249d592381686042b2a7e7e89e1ea808a79cc2ab5ce467e0c8b62a547a67,19210
private-data/nieuwenhuis/citing_dates/e98a183533a121329f20a8b776730b38cb5edd7d66e89667fad94f3af2b55f06.json,https://api.crossref.org/works/10.1098%2Frstb.2012.0528,2026-10-06T01:28:11.288566+00:00,fb307022e4ea6d06f83a18ea527c24c24ff61e6aaf9deb290cdf3e61b96f09df,8105
private-data/nieuwenhuis/citing_dates/eb9dd768a43db3521d9d665a4b3747cb35f523389e43155bad6415bd315bd473.json,https://api.crossref.org/works/10.1093%2Fcercor%2Fbht171,2026-10-06T01:28:03.413945+00:00,46a66f857c1d7a69832f2e356e9e9079e9e1c1de8336e8e196bad7395e31de22,19897
private-data/nieuwenhuis/citing_dates/ec7f5790ec8052fc7804af597c2f7273bcf3105f9f64d36cd589102cf1602543.json,https://api.crossref.org/works/10.1016%2Fb978-0-12-369497-3.10004-4,2026-10-06T01:25:03.020166+00:00,e0b691889495353f394834b6f6eb5b96cbf8efa647f9872590ccfeafb6aa40c8,236695
private-data/nieuwenhuis/citing_dates/eefdea91861d5bf0eb82a44a19b3098d468e00b147e1c5f0aebd84dc1c7a38d1.json,https://api.crossref.org/works/10.1038%2Fnpp.2010.121,2026-10-06T01:27:37.466651+00:00,3708e2b75305009b67a532e5a67bd245be633bd410f798d3265aa7c9d78e0912,73829
private-data/nieuwenhuis/citing_dates/ef90d7e1c3072d3f185b0577478e0b91eb1cbab3a2a4cc68951b78355cb3d71c.json,https://api.crossref.org/works/10.1111%2Fbph.12639,2026-10-06T01:28:16.562755+00:00,849cee1f00f4c90346b6fe8428f2026b988c8f6c2ab88db2331330d65050523f,25751
private-data/nieuwenhuis/citing_dates/f03c25a03a61b40b7f0445bdb8143f8c9a5b3461d52c35452e1e539f1fe8c87f.json,https://api.crossref.org/works/10.1002%2Fdneu.20942,2026-10-06T01:24:10.988257+00:00,273e350616ee358f7d4edbf2d7cdb2e1a8fe1a1f275ac031f369b2826f067b40,8992
private-data/nieuwenhuis/citing_dates/f269b3dbe37125dd12abe2f9b8375e375fc969197f7610dcd915c03e18375620.json,https://api.crossref.org/works/10.1016%2Fb978-0-12-405195-9.00039-1,2026-10-06T01:25:04.379042+00:00,21ea908f7fb8fad2cd6e1be4e83e11f5a6f69249ca1fd49de7fbf6e0b7f99c71,31313
private-data/nieuwenhuis/citing_dates/f37bdb0a70e96dc166ed7ea180e7e757d347da6e7462f81c25abf0777b2aa259.json,https://api.crossref.org/works/10.1038%2Fnn.4187,2026-10-06T01:27:33.389897+00:00,dbd22f06b2fe97c84b8540558e509eeb7e94f36d3015ef1240bf16f4d72f6ba2,10776
private-data/nieuwenhuis/citing_dates/f4c462ff233557434f4b9cf796efe9b6f086124a538b9c8de21eb70e86d1d345.json,https://api.crossref.org/works/10.1016%2Fj.neuropharm.2013.04.031,2026-10-06T01:26:45.358633+00:00,fee21947609850519f05ca30b15e3273b443ed18fcb32c704576c34e45419916,49317
private-data/nieuwenhuis/citing_dates/f6132f28c9bb91bddb221dd9f1046bfcfa9d63f1f04d38d532645e91f4d2a92b.json,https://api.crossref.org/works/10.1016%2Fj.bbr.2014.11.031,2026-10-06T01:25:15.502369+00:00,e8fc8608852cf12c3a804ca40fb5cd204b2fdc81926202db27065c5e764ac7ad,20838
private-data/nieuwenhuis/citing_dates/f6c30c47c36487f33ca89ad38e74eef5045a6ca8e326ee15b734dcf42d783ae6.json,https://api.crossref.org/works/10.1016%2Fj.ajpath.2015.09.023,2026-10-06T01:25:05.739756+00:00,bb874540390aacc482227253ad317ef448223e0816faa1f97439a14c5d760fe3,36612
private-data/nieuwenhuis/citing_dates/f7af73264b13b29947c71550cdc382f9a71dcd107bed64f1258ab24bc5af61bb.json,https://api.crossref.org/works/10.1016%2Fj.neuroimage.2009.11.075,2026-10-06T01:26:21.891807+00:00,4210e8c19bd5448a2443f03601908fe9fb3bf16500a55cd549066d39ee7a1f9f,18981
private-data/nieuwenhuis/citing_dates/f845b8cf39db2324997dd2520560bc777e5fad125881eabad2fe3d66fd4be318.json,https://api.crossref.org/works/10.1093%2Fcercor%2Fbht208,2026-10-06T01:28:04.753008+00:00,864cf5347e1a75c85c78c2c63becff1d1289b42b3c9f18a2f4f1f9b5d554d2d8,19268
private-data/nieuwenhuis/citing_dates/f9658155ca67baa084118df6f22ae32107d7074583be0cf9aaaa2c3eff30e295.json,https://api.crossref.org/works/10.1002%2Fsyn.21784,2026-10-06T01:24:27.561741+00:00,f367669828d395697677916ae10fdc3f983424c6f69b075b4c0877e0dd61b5c1,6585
private-data/nieuwenhuis/citing_dates/fd63591ae21daa26a06903ff89b38212800875cf114411762dcdbfd022b75a7c.json,https://api.crossref.org/works/10.1016%2Fj.neuroimage.2012.09.003,2026-10-06T01:26:27.359003+00:00,9a7dc9e99a985c1a74c6250ac2ca31c99f4c644c160e4c032c9a29cd29157712,17714
private-data/nieuwenhuis/citing_dates/fe32cc947992f28e8240c254f84636a89b49d558c22b42fda6e83b74776ea19e.json,https://api.crossref.org/works/10.1177%2F1073858414545228,2026-10-06T01:28:52.960086+00:00,eb82d46167fb8c98cbc9f0171cfab1a030e29e91eca98959f2389828761f58dc,13144
private-data/nieuwenhuis/citing_dates/fe7418a6bfc24155bb8163f262ad6ccf564db4304e38344c2362d3a0b74ccea4.json,https://api.crossref.org/works/10.1016%2Fj.neuroimage.2013.05.085,2026-10-06T01:26:28.739670+00:00,3f7cedcd646f0644118aada11d02b53045910fabb5b02b7b4bdef6b806637089,32374
private-data/nieuwenhuis/crossref/nw_1.json,https://api.crossref.org/works?query.bibliographic=Nature+Neuroscience+2010+13+12+1526&rows=20&filter=from-pub-date%3A2010-01-01%2Cuntil-pub-date%3A2010-12-31%2Ctype%3Ajournal-article,2026-10-06T00:53:11.496946+00:00,5f97ea07cd9109aa4d2ea163831d95f1b3039a994f3c352af78645cc05e6746b,97432
private-data/nieuwenhuis/crossref/nw_10.json,https://api.crossref.org/works?query.bibliographic=Nature+Neuroscience+2010+13++536&rows=20&filter=from-pub-date%3A2010-01-01%2Cuntil-pub-date%3A2010-12-31%2Ctype%3Ajournal-article,2026-10-06T00:53:16.823982+00:00,a9e2096f14f63ad33943adabfdf1dc46e599cf94cb33c9f0ed451fe8d587ae8e,49639
private-data/nieuwenhuis/crossref/nw_100_eec66d051454.json,https://api.crossref.org/works?query.bibliographic=Science+2009++5927+647+&rows=20&filter=from-pub-date%3A2009-01-01%2Cuntil-pub-date%3A2009-12-31%2Ctype%3Ajournal-article,2026-10-06T00:59:15.494922+00:00,326c0ac227924dc809a5375dc5e78dc3f455839a2ddaef285b8999ac8294ee6c,35728
private-data/nieuwenhuis/crossref/nw_101.json,https://api.crossref.org/works?query.bibliographic=Science+2009++17-Apr+355&rows=20&filter=from-pub-date%3A2009-01-01%2Cuntil-pub-date%3A2009-12-31%2Ctype%3Ajournal-article,2026-10-06T00:54:47.200590+00:00,2acca01cc7e9d501fd7b49084ed294f25f4b9eade5284fef22272bda76162ac2,46117
private-data/nieuwenhuis/crossref/nw_101_a464acad8ffa.json,https://api.crossref.org/works?query.bibliographic=Science+2009++5925+355+&rows=20&filter=from-pub-date%3A2009-01-01%2Cuntil-pub-date%3A2009-12-31%2Ctype%3Ajournal-article,2026-10-06T00:59:17.456621+00:00,ae71e0ed1b5b91af0b7d12c1eec5b098838e9d56d713474b0d2c95e688cd2517,30470
private-data/nieuwenhuis/crossref/nw_102.json,https://api.crossref.org/works?query.bibliographic=Science+2009++01-May+645&rows=20&filter=from-pub-date%3A2009-01-01%2Cuntil-pub-date%3A2009-12-31%2Ctype%3Ajournal-article,2026-10-06T00:54:48.154648+00:00,024cdc5c4c2a58b4fad208a83572a141e7c8b2161a1ee56f72ede789732bc225,44184
private-data/nieuwenhuis/crossref/nw_102_25b3218a50d5.json,https://api.crossref.org/works?query.bibliographic=Science+2009++5927+645+&rows=20&filter=from-pub-date%3A2009-01-01%2Cuntil-pub-date%3A2009-12-31%2Ctype%3Ajournal-article,2026-10-06T00:59:19.024064+00:00,b5d3478d7c47c63edf1f608645a85829b6bacf4bb1846c3e81f0087b81358475,32755
private-data/nieuwenhuis/crossref/nw_103.json,https://api.crossref.org/works?query.bibliographic=Science+2009++13-Feb+938&rows=20&filter=from-pub-date%3A2009-01-01%2Cuntil-pub-date%3A2009-12-31%2Ctype%3Ajournal-article,2026-10-06T00:54:48.866535+00:00,0b0f9661a6e56b5721528f9242f9c04c3d29fd13e6e313c1d349cd8491bea187,64086
private-data/nieuwenhuis/crossref/nw_103_e11f87611105.json,https://api.crossref.org/works?query.bibliographic=Science+2009++5916+938+&rows=20&filter=from-pub-date%3A2009-01-01%2Cuntil-pub-date%3A2009-12-31%2Ctype%3Ajournal-article,2026-10-06T00:59:20.750950+00:00,e1c74e8321a658dc037831e1bae0154178b99631db472a4eb3937cb028700128,32258
private-data/nieuwenhuis/crossref/nw_104.json,https://api.crossref.org/works?query.bibliographic=Science+2009++09-Jan+276&rows=20&filter=from-pub-date%3A2009-01-01%2Cuntil-pub-date%3A2009-12-31%2Ctype%3Ajournal-article,2026-10-06T00:54:51.814303+00:00,e8a56f619fd9a8b18857356fbd488b121f0318cc692c706ce364ad24e3bf2110,52172
private-data/nieuwenhuis/crossref/nw_104_646d3a2b6f1d.json,https://api.crossref.org/works?query.bibliographic=Science+2009++5911+276+&rows=20&filter=from-pub-date%3A2009-01-01%2Cuntil-pub-date%3A2009-12-31%2Ctype%3Ajournal-article,2026-10-06T00:59:22.519194+00:00,ba69692a432f0de4c00cc202a46f8836ddfecbe21d5ef50d6f37562c4728e052,38041
private-data/nieuwenhuis/crossref/nw_105.json,https://api.crossref.org/works?query.bibliographic=Neuron+2009++24-Dec+914&rows=20&filter=from-pub-date%3A2009-01-01%2Cuntil-pub-date%3A2009-12-31%2Ctype%3Ajournal-article,2026-10-06T00:54:52.646362+00:00,2b2e203e0405e1116031758b7a2a07fc3b568d8b2f2807e024ac81605f0eda36,79624
private-data/nieuwenhuis/crossref/nw_106.json,https://api.crossref.org/works?query.bibliographic=Neuron+2009++10-Dec+762&rows=20&filter=from-pub-date%3A2009-01-01%2Cuntil-pub-date%3A2009-12-31%2Ctype%3Ajournal-article,2026-10-06T00:54:53.587803+00:00,ab7d9c404b720b883a2be65d4ae841ea85ebbce8d05cd45d5f0ac798d8bbc67a,151227
private-data/nieuwenhuis/crossref/nw_106_6e27b38b6cc2.json,https://api.crossref.org/works?query.bibliographic=Neuron+2009+64+5+762+&rows=20&filter=from-pub-date%3A2009-01-01%2Cuntil-pub-date%3A2009-12-31%2Ctype%3Ajournal-article,2026-10-06T00:59:24.225839+00:00,da703ff386ea7bba696f5da55ea14b5e2156264857912507a119322d11944fc7,201122
private-data/nieuwenhuis/crossref/nw_107.json,https://api.crossref.org/works?query.bibliographic=Neuron+2009++25-Nov+559&rows=20&filter=from-pub-date%3A2009-01-01%2Cuntil-pub-date%3A2009-12-31%2Ctype%3Ajournal-article,2026-10-06T00:55:00.458011+00:00,2231e96dfc9ada9e1a8d71630a7562ad3e473e3e4eb8c8633fce8953da5d1e8c,87747
private-data/nieuwenhuis/crossref/nw_107_56c2e82e413e.json,https://api.crossref.org/works?query.bibliographic=Neuron+2009+64+4+559+&rows=20&filter=from-pub-date%3A2009-01-01%2Cuntil-pub-date%3A2009-12-31%2Ctype%3Ajournal-article,2026-10-06T00:59:26.121606+00:00,efecd36223bdac8e3a7eb9b819e12183855e744e77fe65aa2a8e894f07c1bbda,205206
private-data/nieuwenhuis/crossref/nw_108.json,https://api.crossref.org/works?query.bibliographic=Neuron+2009++12-Nov+425&rows=20&filter=from-pub-date%3A2009-01-01%2Cuntil-pub-date%3A2009-12-31%2Ctype%3Ajournal-article,2026-10-06T00:54:54.420363+00:00,ecafa288122a35389c446d4997f4bfac24736926236e8fa885de698798d14ead,193325
private-data/nieuwenhuis/crossref/nw_108_c2bcc49454bf.json,https://api.crossref.org/works?query.bibliographic=Neuron+2009+64+3+425+&rows=20&filter=from-pub-date%3A2009-01-01%2Cuntil-pub-date%3A2009-12-31%2Ctype%3Ajournal-article,2026-10-06T00:59:28.479977+00:00,835204d4b73a965fa57538164cf06e0f31921b89ccd13528b1615475fd325bbf,204713
private-data/nieuwenhuis/crossref/nw_109.json,https://api.crossref.org/works?query.bibliographic=Neuron+2009++12-Mar+703&rows=20&filter=from-pub-date%3A2009-01-01%2Cuntil-pub-date%3A2009-12-31%2Ctype%3Ajournal-article,2026-10-06T00:54:55.286871+00:00,465d483d6407f72bc0b66f449d86239394d09776671ba3084c008654be549b17,133517
private-data/nieuwenhuis/crossref/nw_109_ae41ae455334.json,https://api.crossref.org/works?query.bibliographic=Neuron+2009+61+5+703+&rows=20&filter=from-pub-date%3A2009-01-01%2Cuntil-pub-date%3A2009-12-31%2Ctype%3Ajournal-article,2026-10-06T00:59:30.470333+00:00,51e983ef04b288dfe346c5c8993be05fc70af66bb582836f735ae9642bcd581b,347697
private-data/nieuwenhuis/crossref/nw_11.json,https://api.crossref.org/works?query.bibliographic=Nature+Neuroscience+2010+13+2+253&rows=20&filter=from-pub-date%3A2010-01-01%2Cuntil-pub-date%3A2010-12-31%2Ctype%3Ajournal-article,2026-10-06T00:53:18.014840+00:00,052242b67d50faf4c6bef5dcca434bed303d2b963e6176150ce5fc912d1d0544,52009
private-data/nieuwenhuis/crossref/nw_110.json,https://api.crossref.org/works?query.bibliographic=Neuron+2009++16-Jul+132&rows=20&filter=from-pub-date%3A2009-01-01%2Cuntil-pub-date%3A2009-12-31%2Ctype%3Ajournal-article,2026-10-06T00:54:56.018095+00:00,882548f57c759bbfc8016b5d42b6688933d84aa6ed7f3ad314c410a0921ec66f,101402
private-data/nieuwenhuis/crossref/nw_110_ab7d32e97c69.json,https://api.crossref.org/works?query.bibliographic=Neuron+2009+63+1+132+&rows=20&filter=from-pub-date%3A2009-01-01%2Cuntil-pub-date%3A2009-12-31%2Ctype%3Ajournal-article,2026-10-06T00:59:32.292576+00:00,2c5dd4ef9abd8146ddbc795980ce6955646eae6e316db544c133c87182493e16,267780
private-data/nieuwenhuis/crossref/nw_111.json,https://api.crossref.org/works?query.bibliographic=Neuron+2009++25-Jun+865&rows=20&filter=from-pub-date%3A2009-01-01%2Cuntil-pub-date%3A2009-12-31%2Ctype%3Ajournal-article,2026-10-06T00:54:59.039941+00:00,5a4a292c293f10d6dee6e66a1bd2d9514a475dbb91249a0eca78c570b8495d65,115337
private-data/nieuwenhuis/crossref/nw_111_921cbbe1ec94.json,https://api.crossref.org/works?query.bibliographic=Neuron+2009+62+6+865+&rows=20&filter=from-pub-date%3A2009-01-01%2Cuntil-pub-date%3A2009-12-31%2Ctype%3Ajournal-article,2026-10-06T00:59:34.178637+00:00,d6fc135a13424cda4ea8ddd1b144d1552a50d56f7f943443652b8f6419c15dc3,209532
private-data/nieuwenhuis/crossref/nw_112.json,https://api.crossref.org/works?query.bibliographic=Neuron+2009++11-Jun+737&rows=20&filter=from-pub-date%3A2009-01-01%2Cuntil-pub-date%3A2009-12-31%2Ctype%3Ajournal-article,2026-10-06T00:54:59.852464+00:00,7edc1c0af68e93613b67cf75fbbd98ac6eacc3f952cb08168b6a90ab332c3528,93735
private-data/nieuwenhuis/crossref/nw_112_42f537e04a30.json,https://api.crossref.org/works?query.bibliographic=Neuron+2009+62+5+737+&rows=20&filter=from-pub-date%3A2009-01-01%2Cuntil-pub-date%3A2009-12-31%2Ctype%3Ajournal-article,2026-10-06T00:59:36.128788+00:00,926d3129a5c6a8e40add899014532ee38d81febd31ec6335c8db4b04be862932,197292
private-data/nieuwenhuis/crossref/nw_113.json,https://api.crossref.org/works?query.bibliographic=Neuron+2009++30-Apr+270&rows=20&filter=from-pub-date%3A2009-01-01%2Cuntil-pub-date%3A2009-12-31%2Ctype%3Ajournal-article,2026-10-06T00:55:04.079211+00:00,b9baf8ec74513df4c3923e28302cd7c6f3591daf60ea97e0a63c42fcac94c776,68295
private-data/nieuwenhuis/crossref/nw_113_e6ba9f92733e.json,https://api.crossref.org/works?query.bibliographic=Neuron+2009+62+2+270+&rows=20&filter=from-pub-date%3A2009-01-01%2Cuntil-pub-date%3A2009-12-31%2Ctype%3Ajournal-article,2026-10-06T00:59:38.107716+00:00,0b92ad8087720ee8defeeb95494d0f215f5d11c8283b36fa8cd9ce9e098773d0,197291
private-data/nieuwenhuis/crossref/nw_114.json,https://api.crossref.org/works?query.bibliographic=Neuron+2009++26-Mar+943&rows=20&filter=from-pub-date%3A2009-01-01%2Cuntil-pub-date%3A2009-12-31%2Ctype%3Ajournal-article,2026-10-06T00:55:01.167604+00:00,7ae18bd7084ccb2e00f1e9b3730f1df09cc06b204e238379b8fb6511f51d2b5e,216214
private-data/nieuwenhuis/crossref/nw_114_50ecc17a857c.json,https://api.crossref.org/works?query.bibliographic=Neuron+2009+61+6+943+&rows=20&filter=from-pub-date%3A2009-01-01%2Cuntil-pub-date%3A2009-12-31%2Ctype%3Ajournal-article,2026-10-06T00:59:40.055279+00:00,d2dda269e8d123395450faab59c49e9cdc2d09d603659523cee31ee094241a2e,342608
private-data/nieuwenhuis/crossref/nw_115.json,https://api.crossref.org/works?query.bibliographic=Neuron+2009++12-Mar+794&rows=20&filter=from-pub-date%3A2009-01-01%2Cuntil-pub-date%3A2009-12-31%2Ctype%3Ajournal-article,2026-10-06T00:55:04.979549+00:00,3d03edfc359f518216b7d2f09ac77adb35fac913ee7380972846ad0374298701,133370
private-data/nieuwenhuis/crossref/nw_115_71e62fb2aad8.json,https://api.crossref.org/works?query.bibliographic=Neuron+2009+61+5+794+&rows=20&filter=from-pub-date%3A2009-01-01%2Cuntil-pub-date%3A2009-12-31%2Ctype%3Ajournal-article,2026-10-06T00:59:41.840494+00:00,d6a1b8b6a13f8a4dd55b1d6f2c314f97918f1c15ad46964d406b573b5528aa9b,329945
private-data/nieuwenhuis/crossref/nw_116.json,https://api.crossref.org/works?query.bibliographic=Neuron+2009++15-Jan+145&rows=20&filter=from-pub-date%3A2009-01-01%2Cuntil-pub-date%3A2009-12-31%2Ctype%3Ajournal-article,2026-10-06T00:55:05.651986+00:00,d1c063a70787221664ad1fd255e735d1c3c8fdffa615dfa24e7c031cad9e9f34,170367
private-data/nieuwenhuis/crossref/nw_116_3f9e2b777c67.json,https://api.crossref.org/works?query.bibliographic=Neuron+2009+61+1+145+&rows=20&filter=from-pub-date%3A2009-01-01%2Cuntil-pub-date%3A2009-12-31%2Ctype%3Ajournal-article,2026-10-06T00:59:43.684838+00:00,4814014b16b89aa3f878deb0c2f4d074f3f5bb88d02dd18f4448652681f04c3c,330104
private-data/nieuwenhuis/crossref/nw_117.json,https://api.crossref.org/works?query.bibliographic=Journal+of+Neuroscience+2009+29+09-Dec+15410&rows=20&filter=from-pub-date%3A2009-01-01%2Cuntil-pub-date%3A2009-12-31%2Ctype%3Ajournal-article,2026-10-06T00:55:07.218845+00:00,d32d9058a1a6336158711787eecbb05b828773b03222393c1bff0e1ce0c6220d,217847
private-data/nieuwenhuis/crossref/nw_118.json,https://api.crossref.org/works?query.bibliographic=Journal+of+Neuroscience+2009+29+09-Dec+15390&rows=20&filter=from-pub-date%3A2009-01-01%2Cuntil-pub-date%3A2009-12-31%2Ctype%3Ajournal-article,2026-10-06T00:55:07.188965+00:00,bfaaf40a4e87fcf7f384862bfb6c570f646a94d97cc8c013d30112f0b8837ec9,211530
private-data/nieuwenhuis/crossref/nw_118_79fd45162c1c.json,https://api.crossref.org/works?query.bibliographic=Journal+of+Neuroscience+2009+29+49+15390+&rows=20&filter=from-pub-date%3A2009-01-01%2Cuntil-pub-date%3A2009-12-31%2Ctype%3Ajournal-article,2026-10-06T00:59:45.430904+00:00,b003a1474c6846eb7b0302eedc23edbb886b176d8dcef2810e51339953190531,155119
private-data/nieuwenhuis/crossref/nw_119.json,https://api.crossref.org/works?query.bibliographic=Journal+of+Neuroscience+2009+29+11-Nov+14102&rows=20&filter=from-pub-date%3A2009-01-01%2Cuntil-pub-date%3A2009-12-31%2Ctype%3Ajournal-article,2026-10-06T00:55:06.618469+00:00,883bc373f1c114187ddcc47bd0e3f643e77ade24efee11d6286eab5a3695541a,201879
private-data/nieuwenhuis/crossref/nw_119_7361b6c06a84.json,https://api.crossref.org/works?query.bibliographic=Journal+of+Neuroscience+2009+29+45+14102+&rows=20&filter=from-pub-date%3A2009-01-01%2Cuntil-pub-date%3A2009-12-31%2Ctype%3Ajournal-article,2026-10-06T00:59:47.261288+00:00,6186f4ce6d40a2115452d6a62bc3223d4fec86b5eef296a7605aef07c23f2faf,189062
private-data/nieuwenhuis/crossref/nw_11_2c8bb4cceccd.json,https://api.crossref.org/works?query.bibliographic=Nature+Neuroscience+2010+13+2+253+&rows=20&filter=from-pub-date%3A2010-01-01%2Cuntil-pub-date%3A2010-12-31%2Ctype%3Ajournal-article,2026-10-06T00:58:34.539848+00:00,adf7f646a1b14f903298a22e26a8b804eeafb423657d47491e697855aa620030,52012
private-data/nieuwenhuis/crossref/nw_12.json,https://api.crossref.org/works?query.bibliographic=Nature+Neuroscience+2010+13++158&rows=20&filter=from-pub-date%3A2010-01-01%2Cuntil-pub-date%3A2010-12-31%2Ctype%3Ajournal-article,2026-10-06T00:53:18.665429+00:00,e155c07c3528f66825eefa82961915a03abcc30d56e2769773956b350f98273f,52482
private-data/nieuwenhuis/crossref/nw_120.json,https://api.crossref.org/works?query.bibliographic=Journal+of+Neuroscience+2009+29+11-Nov+14163&rows=20&filter=from-pub-date%3A2009-01-01%2Cuntil-pub-date%3A2009-12-31%2Ctype%3Ajournal-article,2026-10-06T00:55:10.100598+00:00,69ce11f9cace0e4da12d73950184c8f4304923c836a7f577672db0843cc5072f,201877
private-data/nieuwenhuis/crossref/nw_120_4051b78c9ffe.json,https://api.crossref.org/works?query.bibliographic=Journal+of+Neuroscience+2009+29+45+14163+&rows=20&filter=from-pub-date%3A2009-01-01%2Cuntil-pub-date%3A2009-12-31%2Ctype%3Ajournal-article,2026-10-06T00:59:50.571292+00:00,914c4bc5cd012f69fa6412686c4c71f2b38379e7eadcbfde412cd2dba571e28d,171775
private-data/nieuwenhuis/crossref/nw_121.json,https://api.crossref.org/works?query.bibliographic=Journal+of+Neuroscience+2009+29+11-Nov+14301&rows=20&filter=from-pub-date%3A2009-01-01%2Cuntil-pub-date%3A2009-12-31%2Ctype%3Ajournal-article,2026-10-06T00:55:08.213359+00:00,0cbf5020420f8dd6aba53e92bd2662ce7beba95765c6c98cfb79241ff4d72398,201878
private-data/nieuwenhuis/crossref/nw_121_658385a0e613.json,https://api.crossref.org/works?query.bibliographic=Journal+of+Neuroscience+2009+29+45+14301+&rows=20&filter=from-pub-date%3A2009-01-01%2Cuntil-pub-date%3A2009-12-31%2Ctype%3Ajournal-article,2026-10-06T00:59:52.307274+00:00,98977e44fa720657b42073a2b6fc2ef442bc89373e2c648cbce357387eeee1cc,171776
private-data/nieuwenhuis/crossref/nw_122.json,https://api.crossref.org/works?query.bibliographic=Journal+of+Neuroscience+2009+29+14-Oct+13076%2F13077&rows=20&filter=from-pub-date%3A2009-01-01%2Cuntil-pub-date%3A2009-12-31%2Ctype%3Ajournal-article,2026-10-06T00:55:23.176335+00:00,ee4406478f3f208225ad904e37067bd59cc88e7b9f4f8abc9dfc3d7658bed53f,265577
private-data/nieuwenhuis/crossref/nw_123.json,https://api.crossref.org/works?query.bibliographic=Journal+of+Neuroscience+2009+29+14-Oct+12911&rows=20&filter=from-pub-date%3A2009-01-01%2Cuntil-pub-date%3A2009-12-31%2Ctype%3Ajournal-article,2026-10-06T00:55:09.374451+00:00,1225ac239e41cddd7371d0fad76e6b245157156d35bb0d789f4948723afb001e,270212
private-data/nieuwenhuis/crossref/nw_123_9d38698fb661.json,https://api.crossref.org/works?query.bibliographic=Journal+of+Neuroscience+2009+29+41+12911+&rows=20&filter=from-pub-date%3A2009-01-01%2Cuntil-pub-date%3A2009-12-31%2Ctype%3Ajournal-article,2026-10-06T00:59:55.795588+00:00,86f5f824aaaae49d63ff4e138fa6e03a256b8ff1cd5df8e5936a81767f688211,167131
private-data/nieuwenhuis/crossref/nw_124.json,https://api.crossref.org/works?query.bibliographic=Journal+of+Neuroscience+2009+29+14-Oct+13055&rows=20&filter=from-pub-date%3A2009-01-01%2Cuntil-pub-date%3A2009-12-31%2Ctype%3Ajournal-article,2026-10-06T00:55:17.052191+00:00,18b4302e1bd31293e517fc1cfe1df15f8bf986f4c76ef16692adda3ae7f7b7f4,267750
private-data/nieuwenhuis/crossref/nw_124_b27865cc231c.json,https://api.crossref.org/works?query.bibliographic=Journal+of+Neuroscience+2009+29+41+13055+&rows=20&filter=from-pub-date%3A2009-01-01%2Cuntil-pub-date%3A2009-12-31%2Ctype%3Ajournal-article,2026-10-06T00:59:57.459632+00:00,5a1083a9241d78873367facdb1c89460273a6627dcb824bb978b87ff5c975cea,167131
private-data/nieuwenhuis/crossref/nw_125.json,https://api.crossref.org/works?query.bibliographic=Journal+of+Neuroscience+2009+29+14-Oct+13081&rows=20&filter=from-pub-date%3A2009-01-01%2Cuntil-pub-date%3A2009-12-31%2Ctype%3Ajournal-article,2026-10-06T00:55:11.044421+00:00,4cab6c9ad7958f446936b94ede8157c952739ab989924a538acb5e3c24c59641,263020
private-data/nieuwenhuis/crossref/nw_125_ca219f88715c.json,https://api.crossref.org/works?query.bibliographic=Journal+of+Neuroscience+2009+29+41+13081+&rows=20&filter=from-pub-date%3A2009-01-01%2Cuntil-pub-date%3A2009-12-31%2Ctype%3Ajournal-article,2026-10-06T00:59:59.692851+00:00,62f09d99261968904a6cc2a2d2c2215d7007984fa3e6f925e6d3675f9bc8c11d,167133
private-data/nieuwenhuis/crossref/nw_126.json,https://api.crossref.org/works?query.bibliographic=Journal+of+Neuroscience+2009+29+16-Sep+11615&rows=20&filter=from-pub-date%3A2009-01-01%2Cuntil-pub-date%3A2009-12-31%2Ctype%3Ajournal-article,2026-10-06T00:55:11.968828+00:00,dfec659c538dff9c8edb7cb04e6f87ff6a91a447b656b7780092223f233f85a5,104658
private-data/nieuwenhuis/crossref/nw_126_0752c60b9836.json,https://api.crossref.org/works?query.bibliographic=Journal+of+Neuroscience+2009+29+37+11615+&rows=20&filter=from-pub-date%3A2009-01-01%2Cuntil-pub-date%3A2009-12-31%2Ctype%3Ajournal-article,2026-10-06T01:00:02.128480+00:00,0d41bdef099043a660962135196914348c84c8e915467b7d70b41442083ebf00,159323
private-data/nieuwenhuis/crossref/nw_127.json,https://api.crossref.org/works?query.bibliographic=Journal+of+Neuroscience+2009+29+16-Sep+11624&rows=20&filter=from-pub-date%3A2009-01-01%2Cuntil-pub-date%3A2009-12-31%2Ctype%3Ajournal-article,2026-10-06T00:55:12.965752+00:00,59fe345d16de039b8f03b51b695fad5246bdbb39a5f83c0d6ad592ee554e0ee4,104655
private-data/nieuwenhuis/crossref/nw_127_0752cb9c4abc.json,https://api.crossref.org/works?query.bibliographic=Journal+of+Neuroscience+2009+29+37+11624+&rows=20&filter=from-pub-date%3A2009-01-01%2Cuntil-pub-date%3A2009-12-31%2Ctype%3Ajournal-article,2026-10-06T01:00:05.331337+00:00,68ec616ceb6a0ac44b4c3207b2d11e17ce014d5905e7185540b59a4ae77dda69,159322
private-data/nieuwenhuis/crossref/nw_128.json,https://api.crossref.org/works?query.bibliographic=Journal+of+Neuroscience+2009+29+16-Sep+11703&rows=20&filter=from-pub-date%3A2009-01-01%2Cuntil-pub-date%3A2009-12-31%2Ctype%3Ajournal-article,2026-10-06T00:55:13.665382+00:00,9fffcb7dceb71b5638211d6900fc446f047201ffc50918999b14b366dc7cdbd5,130475
private-data/nieuwenhuis/crossref/nw_129.json,https://api.crossref.org/works?query.bibliographic=Journal+of+Neuroscience+2009+29+19-Aug+10412&rows=20&filter=from-pub-date%3A2009-01-01%2Cuntil-pub-date%3A2009-12-31%2Ctype%3Ajournal-article,2026-10-06T00:55:14.639788+00:00,272aabebfbfd51d77217dff6be17eff58668b7106518dc06731a63dd32d23d29,300970
private-data/nieuwenhuis/crossref/nw_129_46f138874202.json,https://api.crossref.org/works?query.bibliographic=Journal+of+Neuroscience+2009+29+33+10412+&rows=20&filter=from-pub-date%3A2009-01-01%2Cuntil-pub-date%3A2009-12-31%2Ctype%3Ajournal-article,2026-10-06T01:00:07.347971+00:00,d44f05c253b296cf085cad79ca77a63cf7d026d15fbc75172f1cfd74e75875e2,109738
private-data/nieuwenhuis/crossref/nw_12_caf3eb5451c9.json,https://api.crossref.org/works?query.bibliographic=Nature+Neuroscience+2010+13++158+&rows=20&filter=from-pub-date%3A2010-01-01%2Cuntil-pub-date%3A2010-12-31%2Ctype%3Ajournal-article,2026-10-06T00:58:36.214855+00:00,eede8483891e32da6168dd9e0af0b6b5f9e5738ae861481a87d94f9c0a08edb2,52483
private-data/nieuwenhuis/crossref/nw_13.json,https://api.crossref.org/works?query.bibliographic=Nature+Neuroscience+2009+12+12+1559&rows=20&filter=from-pub-date%3A2009-01-01%2Cuntil-pub-date%3A2009-12-31%2Ctype%3Ajournal-article,2026-10-06T00:53:21.660615+00:00,f13c3c3f9af90422abbe64ad1f0d0fc950b62d7048889e20209a62987332c272,73504
private-data/nieuwenhuis/crossref/nw_130.json,https://api.crossref.org/works?query.bibliographic=Journal+of+Neuroscience+2009+29+19-Aug+10365&rows=20&filter=from-pub-date%3A2009-01-01%2Cuntil-pub-date%3A2009-12-31%2Ctype%3Ajournal-article,2026-10-06T00:55:15.617676+00:00,406c79c70214a9e470e16b86f203d33ed02e2865b23ae6544489872e8301b676,312935
private-data/nieuwenhuis/crossref/nw_130_d20ced4545f6.json,https://api.crossref.org/works?query.bibliographic=Journal+of+Neuroscience+2009+29+33+10365+&rows=20&filter=from-pub-date%3A2009-01-01%2Cuntil-pub-date%3A2009-12-31%2Ctype%3Ajournal-article,2026-10-06T01:00:09.605390+00:00,fab0c7ef5f23c0619aa0603cc95eea9cc84a99296e80052556f7f974658e0090,109739
private-data/nieuwenhuis/crossref/nw_131.json,https://api.crossref.org/works?query.bibliographic=Journal+of+Neuroscience+2009+29+22-Jul+9241&rows=20&filter=from-pub-date%3A2009-01-01%2Cuntil-pub-date%3A2009-12-31%2Ctype%3Ajournal-article,2026-10-06T00:55:16.624056+00:00,cb4e2bef5e768a20019d79bd79a00577454d59d4cbd90f9f08467676acbbf278,147567
private-data/nieuwenhuis/crossref/nw_131_aa1f95a28b6e.json,https://api.crossref.org/works?query.bibliographic=Journal+of+Neuroscience+2009+29+29+9241+&rows=20&filter=from-pub-date%3A2009-01-01%2Cuntil-pub-date%3A2009-12-31%2Ctype%3Ajournal-article,2026-10-06T01:00:12.060826+00:00,2eeb06fb7cb1b57404d410ae46631dc334cde8ed95a55ccf5e6e2194eee7aee1,274609
private-data/nieuwenhuis/crossref/nw_132.json,https://api.crossref.org/works?query.bibliographic=Journal+of+Neuroscience+2009+29+22-Jul+9273&rows=20&filter=from-pub-date%3A2009-01-01%2Cuntil-pub-date%3A2009-12-31%2Ctype%3Ajournal-article,2026-10-06T00:55:19.608142+00:00,59579aa4d13946fcd0021ce51c06ebc512d0b33baacfe57503da6ddc295a4c09,138328
private-data/nieuwenhuis/crossref/nw_133.json,https://api.crossref.org/works?query.bibliographic=Journal+of+Neuroscience+2009+29+22-Jul+9366&rows=20&filter=from-pub-date%3A2009-01-01%2Cuntil-pub-date%3A2009-12-31%2Ctype%3Ajournal-article,2026-10-06T00:55:17.984205+00:00,b484fc1855d0e80f028e0e29c4ebc9fda28fa8179ad3282492636fde29aa14ae,147567
private-data/nieuwenhuis/crossref/nw_133_d4ac420645fb.json,https://api.crossref.org/works?query.bibliographic=Journal+of+Neuroscience+2009+29+29+9366+&rows=20&filter=from-pub-date%3A2009-01-01%2Cuntil-pub-date%3A2009-12-31%2Ctype%3Ajournal-article,2026-10-06T01:00:14.504286+00:00,9102b2c166acef15f7fb29d31641fa4a0b2f0908c778852e630f6e94f9fdca86,274608
private-data/nieuwenhuis/crossref/nw_134.json,https://api.crossref.org/works?query.bibliographic=Journal+of+Neuroscience+2009+29+22-Jul+9398&rows=20&filter=from-pub-date%3A2009-01-01%2Cuntil-pub-date%3A2009-12-31%2Ctype%3Ajournal-article,2026-10-06T00:55:21.173694+00:00,1be12f95924259411a7cff05820b5dc32ff02caac3cb71fbaf0397e0a9a24735,131275
private-data/nieuwenhuis/crossref/nw_134_8003789ee2b4.json,https://api.crossref.org/works?query.bibliographic=Journal+of+Neuroscience+2009+29+29+9398+&rows=20&filter=from-pub-date%3A2009-01-01%2Cuntil-pub-date%3A2009-12-31%2Ctype%3Ajournal-article,2026-10-06T01:00:16.647476+00:00,fe1973dfe99bf017f598dec4da6db1ed9acf388401f6303160dc80674ee0384c,278376
private-data/nieuwenhuis/crossref/nw_135.json,https://api.crossref.org/works?query.bibliographic=Journal+of+Neuroscience+2009+29+24-Jun+8033&rows=20&filter=from-pub-date%3A2009-01-01%2Cuntil-pub-date%3A2009-12-31%2Ctype%3Ajournal-article,2026-10-06T00:55:20.480861+00:00,11f28b2baeefca68bf5be95d2f4ff4f50fb1607ec4b76a9f4a3ab9c70d6ef68a,94973
private-data/nieuwenhuis/crossref/nw_135_de1ea980d0f4.json,https://api.crossref.org/works?query.bibliographic=Journal+of+Neuroscience+2009+29+25+8033+&rows=20&filter=from-pub-date%3A2009-01-01%2Cuntil-pub-date%3A2009-12-31%2Ctype%3Ajournal-article,2026-10-06T01:00:18.489805+00:00,4d08059852d8ee21877b1d24f1df2049e648bd31f35aceb131473b0bfdda9ddc,81669
private-data/nieuwenhuis/crossref/nw_136.json,https://api.crossref.org/works?query.bibliographic=Journal+of+Neuroscience+2009+29+24-Jun+8089&rows=20&filter=from-pub-date%3A2009-01-01%2Cuntil-pub-date%3A2009-12-31%2Ctype%3Ajournal-article,2026-10-06T00:55:23.676897+00:00,bb1382ff8ca1194a692fbfde4b949a54f0cbc66c58677db4caf678cee7205146,95070
private-data/nieuwenhuis/crossref/nw_136_e75de526823a.json,https://api.crossref.org/works?query.bibliographic=Journal+of+Neuroscience+2009+29+25+8089+&rows=20&filter=from-pub-date%3A2009-01-01%2Cuntil-pub-date%3A2009-12-31%2Ctype%3Ajournal-article,2026-10-06T01:00:20.398589+00:00,e97c0a990be96f141c6a721a598ffc104ef790304de562a6d6748208dfa417bb,81665
private-data/nieuwenhuis/crossref/nw_137.json,https://api.crossref.org/works?query.bibliographic=Journal+of+Neuroscience+2009+29+24-Jun+8108&rows=20&filter=from-pub-date%3A2009-01-01%2Cuntil-pub-date%3A2009-12-31%2Ctype%3Ajournal-article,2026-10-06T00:55:22.135777+00:00,f09dac9d240130584ac1a44e1cd4d3314c5ea3ff39e1ad6acc9116bc045920c3,105544
private-data/nieuwenhuis/crossref/nw_137_89ed2f0611bd.json,https://api.crossref.org/works?query.bibliographic=Journal+of+Neuroscience+2009+29+25+8108+&rows=20&filter=from-pub-date%3A2009-01-01%2Cuntil-pub-date%3A2009-12-31%2Ctype%3Ajournal-article,2026-10-06T01:00:22.281077+00:00,464fe98af09585e2afb3c6e6c0f532167d6b0abeb1b46e6223dd55bf98ff29cc,91983
private-data/nieuwenhuis/crossref/nw_138.json,https://api.crossref.org/works?query.bibliographic=Journal+of+Neuroscience+2009+29+24-Jun+8123&rows=20&filter=from-pub-date%3A2009-01-01%2Cuntil-pub-date%3A2009-12-31%2Ctype%3Ajournal-article,2026-10-06T00:55:23.113129+00:00,beb5ef4c2e2c110b1393d1e2478d1245082fb3ca89af29f6a02918dc3aa5bf77,94447
private-data/nieuwenhuis/crossref/nw_138_865e7929c878.json,https://api.crossref.org/works?query.bibliographic=Journal+of+Neuroscience+2009+29+25+8123+&rows=20&filter=from-pub-date%3A2009-01-01%2Cuntil-pub-date%3A2009-12-31%2Ctype%3Ajournal-article,2026-10-06T01:00:24.297699+00:00,9f5104f9a5cffd44936431154d0f33396e5bc9e90befe31eb4b26cd59b0d4b27,57362
private-data/nieuwenhuis/crossref/nw_139.json,https://api.crossref.org/works?query.bibliographic=Journal+of+Neuroscience+2009+29+24-Jun+8159&rows=20&filter=from-pub-date%3A2009-01-01%2Cuntil-pub-date%3A2009-12-31%2Ctype%3Ajournal-article,2026-10-06T00:55:30.374167+00:00,fe2e2550c22222e5eeb65851612164519b05b85a7200d2c081cdb200e240e863,95069
private-data/nieuwenhuis/crossref/nw_139_07cfa8ebbe5b.json,https://api.crossref.org/works?query.bibliographic=Journal+of+Neuroscience+2009+29+25+8159+&rows=20&filter=from-pub-date%3A2009-01-01%2Cuntil-pub-date%3A2009-12-31%2Ctype%3Ajournal-article,2026-10-06T01:00:26.109095+00:00,93e959202a9c534c6c8fd29c9bc63cc042198f7b709d1d6545b13a41c42b9365,81666
private-data/nieuwenhuis/crossref/nw_14.json,https://api.crossref.org/works?query.bibliographic=Nature+Neuroscience+2009+12++1594&rows=20&filter=from-pub-date%3A2009-01-01%2Cuntil-pub-date%3A2009-12-31%2Ctype%3Ajournal-article,2026-10-06T00:53:21.285813+00:00,5fbc677264a0bf39864d3f62fb6b9a477e022a7f3bef9e7a0d5648b94ecd28ec,71611
private-data/nieuwenhuis/crossref/nw_140.json,https://api.crossref.org/works?query.bibliographic=Journal+of+Neuroscience+2009+29+24-Jun+8209&rows=20&filter=from-pub-date%3A2009-01-01%2Cuntil-pub-date%3A2009-12-31%2Ctype%3Ajournal-article,2026-10-06T00:55:24.269454+00:00,877eb613913850a01da4d24f1a91c5ce6d48ac0e124b1804da0bb4649cb6e974,95071
private-data/nieuwenhuis/crossref/nw_140_1a1d07c469b8.json,https://api.crossref.org/works?query.bibliographic=Journal+of+Neuroscience+2009+29+25+8209+&rows=20&filter=from-pub-date%3A2009-01-01%2Cuntil-pub-date%3A2009-12-31%2Ctype%3Ajournal-article,2026-10-06T01:00:28.179507+00:00,d83d6b5e9e66d3c54722d2e264c5056ad53f2c022cf470c040c82ca019c8bdd1,81672
private-data/nieuwenhuis/crossref/nw_141.json,https://api.crossref.org/works?query.bibliographic=Journal+of+Neuroscience+2009+29+24-Jun+8282&rows=20&filter=from-pub-date%3A2009-01-01%2Cuntil-pub-date%3A2009-12-31%2Ctype%3Ajournal-article,2026-10-06T00:55:26.710131+00:00,1f54b407a9943d3292ef3881bf70c9784fdedd750bfc09b53a22d10aa1c848c4,96602
private-data/nieuwenhuis/crossref/nw_141_cb82412c292d.json,https://api.crossref.org/works?query.bibliographic=Journal+of+Neuroscience+2009+29+25+8282+&rows=20&filter=from-pub-date%3A2009-01-01%2Cuntil-pub-date%3A2009-12-31%2Ctype%3Ajournal-article,2026-10-06T01:00:29.938697+00:00,1a36b8d5ea53cee55087e8a5816e9c430fe5d82fdded686d73a5e0dba442ea2f,81669
private-data/nieuwenhuis/crossref/nw_142.json,https://api.crossref.org/works?query.bibliographic=Journal+of+Neuroscience+2009+29+27-May+6928&rows=20&filter=from-pub-date%3A2009-01-01%2Cuntil-pub-date%3A2009-12-31%2Ctype%3Ajournal-article,2026-10-06T00:55:24.889264+00:00,fd5be1e78359b626a571cd4704077bf19f25fc1a46a390810ead7fb69e3d3d22,63145
private-data/nieuwenhuis/crossref/nw_142_99fbecd67203.json,https://api.crossref.org/works?query.bibliographic=Journal+of+Neuroscience+2009+29+21+6928+&rows=20&filter=from-pub-date%3A2009-01-01%2Cuntil-pub-date%3A2009-12-31%2Ctype%3Ajournal-article,2026-10-06T01:00:32.071527+00:00,7d3a3e543cd81414c8215ffcfb87826d2a1c60f0ccbdc1eeae4088ed3e93d044,171684
private-data/nieuwenhuis/crossref/nw_143.json,https://api.crossref.org/works?query.bibliographic=Journal+of+Neuroscience+2009+29+29-Apr+5391&rows=20&filter=from-pub-date%3A2009-01-01%2Cuntil-pub-date%3A2009-12-31%2Ctype%3Ajournal-article,2026-10-06T00:55:25.767974+00:00,3fe10450ccb75a89fd230fe6d705ea010116409122ffb1a04769cafcbbd00abb,276175
private-data/nieuwenhuis/crossref/nw_143_1e71600561de.json,https://api.crossref.org/works?query.bibliographic=Journal+of+Neuroscience+2009+29+17+5391+&rows=20&filter=from-pub-date%3A2009-01-01%2Cuntil-pub-date%3A2009-12-31%2Ctype%3Ajournal-article,2026-10-06T01:00:34.137385+00:00,a73c5e682e1b4858ad2f80d9441263edc514e20c6de03b538f4391da9402f383,294290
private-data/nieuwenhuis/crossref/nw_144.json,https://api.crossref.org/works?query.bibliographic=Journal+of+Neuroscience+2009+29+29-Apr+5499&rows=20&filter=from-pub-date%3A2009-01-01%2Cuntil-pub-date%3A2009-12-31%2Ctype%3Ajournal-article,2026-10-06T00:55:33.316692+00:00,7c9c393da0a2a81e7dda6526350a81eed0d65817aa684b05229f05acf272f0eb,222105
private-data/nieuwenhuis/crossref/nw_144_c2cf6a9fac50.json,https://api.crossref.org/works?query.bibliographic=Journal+of+Neuroscience+2009+29+17+5499+&rows=20&filter=from-pub-date%3A2009-01-01%2Cuntil-pub-date%3A2009-12-31%2Ctype%3Ajournal-article,2026-10-06T01:00:36.208188+00:00,44df842f9fbe9e875c04411b12e0c344d8b063eb32f8c517c3af5645b61e2541,184534
private-data/nieuwenhuis/crossref/nw_145.json,https://api.crossref.org/works?query.bibliographic=Journal+of+Neuroscience+2009+29+29-Apr+5520&rows=20&filter=from-pub-date%3A2009-01-01%2Cuntil-pub-date%3A2009-12-31%2Ctype%3Ajournal-article,2026-10-06T00:55:27.603530+00:00,b53e1c7bad5353a63c8081b580ed1db41eac7aa4b07711703c2eec84bf2123d3,269202
private-data/nieuwenhuis/crossref/nw_145_80f1f8e1f0d3.json,https://api.crossref.org/works?query.bibliographic=Journal+of+Neuroscience+2009+29+17+5520+&rows=20&filter=from-pub-date%3A2009-01-01%2Cuntil-pub-date%3A2009-12-31%2Ctype%3Ajournal-article,2026-10-06T01:00:38.255577+00:00,073371b2806984de5f207d0b8aa8cf6bba85ecd9ff82f2ebe9cb59636fe00d32,288005
private-data/nieuwenhuis/crossref/nw_146.json,https://api.crossref.org/works?query.bibliographic=Journal+of+Neuroscience+2009+29+01-Apr+3985&rows=20&filter=from-pub-date%3A2009-01-01%2Cuntil-pub-date%3A2009-12-31%2Ctype%3Ajournal-article,2026-10-06T00:55:28.634687+00:00,ec367508bb4794fe3def90e2caf01f0ef1d38950c91f38a0e03e297c0680b34b,214251
private-data/nieuwenhuis/crossref/nw_146_8c8af345460a.json,https://api.crossref.org/works?query.bibliographic=Journal+of+Neuroscience+2009+29+13+3985+&rows=20&filter=from-pub-date%3A2009-01-01%2Cuntil-pub-date%3A2009-12-31%2Ctype%3Ajournal-article,2026-10-06T01:00:40.124911+00:00,978b5e00f5b905fc536c005de2d5b6c28b1be6cb188ac67e43c16f68ed693cc5,269013
private-data/nieuwenhuis/crossref/nw_147.json,https://api.crossref.org/works?query.bibliographic=Journal+of+Neuroscience+2009+29+01-Apr+4041&rows=20&filter=from-pub-date%3A2009-01-01%2Cuntil-pub-date%3A2009-12-31%2Ctype%3Ajournal-article,2026-10-06T00:55:29.474504+00:00,7b2f5c400da774842f1b62beb724caeda82fed65a4ad397adae02b9f44db098e,140409
private-data/nieuwenhuis/crossref/nw_147_ce928a7b9c3f.json,https://api.crossref.org/works?query.bibliographic=Journal+of+Neuroscience+2009+29+13+4041+&rows=20&filter=from-pub-date%3A2009-01-01%2Cuntil-pub-date%3A2009-12-31%2Ctype%3Ajournal-article,2026-10-06T01:00:42.114816+00:00,232ee73053d782f9f4943154ed619d0f8da513dac54246615f7a786461571f95,251450
private-data/nieuwenhuis/crossref/nw_148.json,https://api.crossref.org/works?query.bibliographic=Journal+of+Neuroscience+2009+29+01-Apr+4158&rows=20&filter=from-pub-date%3A2009-01-01%2Cuntil-pub-date%3A2009-12-31%2Ctype%3Ajournal-article,2026-10-06T00:55:32.876994+00:00,9cc70d12a3824f7601fb213e3e5a384fb0ef54b5b4eddfa5097b2f4fd001e789,72565
private-data/nieuwenhuis/crossref/nw_148_426153a2d087.json,https://api.crossref.org/works?query.bibliographic=Journal+of+Neuroscience+2009+29+13+4158+&rows=20&filter=from-pub-date%3A2009-01-01%2Cuntil-pub-date%3A2009-12-31%2Ctype%3Ajournal-article,2026-10-06T01:00:44.006719+00:00,aea6c875da2063551699ee6208b4d76b28091ac6e0dfa0f700ac605c5ca21276,164736
private-data/nieuwenhuis/crossref/nw_149.json,https://api.crossref.org/works?query.bibliographic=Journal+of+Neuroscience+2009+29+01-Apr+4165&rows=20&filter=from-pub-date%3A2009-01-01%2Cuntil-pub-date%3A2009-12-31%2Ctype%3Ajournal-article,2026-10-06T00:55:31.218197+00:00,cf5b170c5f7a9465ee975049d89f508d9dbd809b3ba7faa07cdff02f77b7c76e,215465
private-data/nieuwenhuis/crossref/nw_149_a370b587cc74.json,https://api.crossref.org/works?query.bibliographic=Journal+of+Neuroscience+2009+29+13+4165+&rows=20&filter=from-pub-date%3A2009-01-01%2Cuntil-pub-date%3A2009-12-31%2Ctype%3Ajournal-article,2026-10-06T01:00:46.017414+00:00,2f4962a00293aee95a436d9e80d18984ced4e6b25539260b6d0a28fd8c8a0e31,171820
private-data/nieuwenhuis/crossref/nw_15.json,https://api.crossref.org/works?query.bibliographic=Nature+Neuroscience+2009+12+11+1364&rows=20&filter=from-pub-date%3A2009-01-01%2Cuntil-pub-date%3A2009-12-31%2Ctype%3Ajournal-article,2026-10-06T00:53:24.435627+00:00,cb60f03bd1d573179dbf1dc02b77688e23cbaaf5d5cc4db66d6fd048173d4358,117237
private-data/nieuwenhuis/crossref/nw_150.json,https://api.crossref.org/works?query.bibliographic=Journal+of+Neuroscience+2009+29+01-Apr+4223&rows=20&filter=from-pub-date%3A2009-01-01%2Cuntil-pub-date%3A2009-12-31%2Ctype%3Ajournal-article,2026-10-06T00:55:32.016107+00:00,9869887b368ce4b203e3684e9122264008e8d7642b393a23fe6efaebcc61ed6e,215633
private-data/nieuwenhuis/crossref/nw_150_308a725b04f8.json,https://api.crossref.org/works?query.bibliographic=Journal+of+Neuroscience+2009+29+13+4223+&rows=20&filter=from-pub-date%3A2009-01-01%2Cuntil-pub-date%3A2009-12-31%2Ctype%3Ajournal-article,2026-10-06T01:00:48.251100+00:00,f898c519c013dad447be7ceb368d5b50b364c8ca4bf9c8ec7610ae06ff5fcf46,269789
private-data/nieuwenhuis/crossref/nw_151.json,https://api.crossref.org/works?query.bibliographic=Journal+of+Neuroscience+2009+29+04-Mar+2744&rows=20&filter=from-pub-date%3A2009-01-01%2Cuntil-pub-date%3A2009-12-31%2Ctype%3Ajournal-article,2026-10-06T00:55:39.512757+00:00,b426bbced123919f55a2fb8318e7a0d247985271ca66cf890aa38b2e4c599e12,230545
private-data/nieuwenhuis/crossref/nw_151_6304d74824d6.json,https://api.crossref.org/works?query.bibliographic=Journal+of+Neuroscience+2009+29+9+2744+&rows=20&filter=from-pub-date%3A2009-01-01%2Cuntil-pub-date%3A2009-12-31%2Ctype%3Ajournal-article,2026-10-06T01:00:50.045108+00:00,128b401d659ab24c49e61db06322d0cd5ec15fce1826f186967a38b95f857a49,250961
private-data/nieuwenhuis/crossref/nw_152.json,https://api.crossref.org/works?query.bibliographic=Journal+of+Neuroscience+2009+29+04-Mar+2727&rows=20&filter=from-pub-date%3A2009-01-01%2Cuntil-pub-date%3A2009-12-31%2Ctype%3Ajournal-article,2026-10-06T00:55:33.755049+00:00,e3e7c324922d5f290ffe8997a700f4c3441a3bf3d945692abbaf2da70f732349,79349
private-data/nieuwenhuis/crossref/nw_152_479882ad24b1.json,https://api.crossref.org/works?query.bibliographic=Journal+of+Neuroscience+2009+29+9+2727+&rows=20&filter=from-pub-date%3A2009-01-01%2Cuntil-pub-date%3A2009-12-31%2Ctype%3Ajournal-article,2026-10-06T01:00:52.029067+00:00,0e510911be3a61efcabece85f032c9c130e3b2f1025c214f4633881ed43fd52d,212582
private-data/nieuwenhuis/crossref/nw_153.json,https://api.crossref.org/works?query.bibliographic=Journal+of+Neuroscience+2009+29+04-Feb+1398&rows=20&filter=from-pub-date%3A2009-01-01%2Cuntil-pub-date%3A2009-12-31%2Ctype%3Ajournal-article,2026-10-06T00:55:36.598829+00:00,8c42dea245812ed2ed58ac6a43ba94ecd3db50391bc824d2031eb20bd930918b,273534
private-data/nieuwenhuis/crossref/nw_153_27473c258ce1.json,https://api.crossref.org/works?query.bibliographic=Journal+of+Neuroscience+2009+29+5+1398+&rows=20&filter=from-pub-date%3A2009-01-01%2Cuntil-pub-date%3A2009-12-31%2Ctype%3Ajournal-article,2026-10-06T01:00:54.104916+00:00,9127d261c84915dc8373de3a8c15de70177ef257d5145db49536541dcb73b5f9,298516
private-data/nieuwenhuis/crossref/nw_154.json,https://api.crossref.org/works?query.bibliographic=Journal+of+Neuroscience+2009+29+07-Jan+40&rows=20&filter=from-pub-date%3A2009-01-01%2Cuntil-pub-date%3A2009-12-31%2Ctype%3Ajournal-article,2026-10-06T00:55:34.684352+00:00,673055fef347c1cc0a7bc92792a2ed7fa230f0e1fa0c3764d8c4a0cb58265e23,78785
private-data/nieuwenhuis/crossref/nw_154_4add69d67d61.json,https://api.crossref.org/works?query.bibliographic=Journal+of+Neuroscience+2009+29+1+40+&rows=20&filter=from-pub-date%3A2009-01-01%2Cuntil-pub-date%3A2009-12-31%2Ctype%3Ajournal-article,2026-10-06T01:00:56.091579+00:00,788f7dba249dece3796131faf7936d899c437f135b1607000dad7ee5d05a8662,140275
private-data/nieuwenhuis/crossref/nw_155.json,https://api.crossref.org/works?query.bibliographic=Journal+of+Neuroscience+2009+29+07-Jan+102&rows=20&filter=from-pub-date%3A2009-01-01%2Cuntil-pub-date%3A2009-12-31%2Ctype%3Ajournal-article,2026-10-06T00:55:35.735798+00:00,c066bedab7b77db0147407cf760b7315c9c59b402c8fe7650109906bc6853bcf,109151
private-data/nieuwenhuis/crossref/nw_155_52cd95828d17.json,https://api.crossref.org/works?query.bibliographic=Journal+of+Neuroscience+2009+29+1+102+&rows=20&filter=from-pub-date%3A2009-01-01%2Cuntil-pub-date%3A2009-12-31%2Ctype%3Ajournal-article,2026-10-06T01:00:58.082964+00:00,e5e742cc0b14dbdf8610d487674a5a37d71c775807a20e4763b113fc39a8a8f8,288657
private-data/nieuwenhuis/crossref/nw_156.json,https://api.crossref.org/works?query.bibliographic=Journal+of+Neuroscience+2009+29+07-Jan+183&rows=20&filter=from-pub-date%3A2009-01-01%2Cuntil-pub-date%3A2009-12-31%2Ctype%3Ajournal-article,2026-10-06T00:55:36.540708+00:00,15f7a3f2bc7d72b40aa999cfd1ee41989cfd1def7d2042bcf5a65112bfd3bd86,98749
private-data/nieuwenhuis/crossref/nw_156_3c9e450dbee8.json,https://api.crossref.org/works?query.bibliographic=Journal+of+Neuroscience+2009+29+1+183+&rows=20&filter=from-pub-date%3A2009-01-01%2Cuntil-pub-date%3A2009-12-31%2Ctype%3Ajournal-article,2026-10-06T01:00:59.920040+00:00,edc3694fc67a0fac9ef273329165e028095ef8688afc781a4229a3a0550f93a6,211635
private-data/nieuwenhuis/crossref/nw_157.json,https://api.crossref.org/works?query.bibliographic=Journal+of+Neuroscience+2009+29+07-Jan+283&rows=20&filter=from-pub-date%3A2009-01-01%2Cuntil-pub-date%3A2009-12-31%2Ctype%3Ajournal-article,2026-10-06T00:55:43.768487+00:00,d69f6baff8e72a50989e4a9cec7fc2495933fbf72ba6b52844d65e1ca6109030,94600
private-data/nieuwenhuis/crossref/nw_157_a09e0421a797.json,https://api.crossref.org/works?query.bibliographic=Journal+of+Neuroscience+2009+29+1+283+&rows=20&filter=from-pub-date%3A2009-01-01%2Cuntil-pub-date%3A2009-12-31%2Ctype%3Ajournal-article,2026-10-06T01:01:02.150837+00:00,fefad42f41d61a4c1278401ab5b9dd01832b504e0ae8a47f10b0a2d0f369f0a8,301243
private-data/nieuwenhuis/crossref/nw_16.json,https://api.crossref.org/works?query.bibliographic=Nature+Neuroscience+2009+12++1367&rows=20&filter=from-pub-date%3A2009-01-01%2Cuntil-pub-date%3A2009-12-31%2Ctype%3Ajournal-article,2026-10-06T00:53:24.685058+00:00,cc24c71589daf6c5410a2420faeb20ad214d90418b76da9dcd67649b8c16fb53,54653
private-data/nieuwenhuis/crossref/nw_17.json,https://api.crossref.org/works?query.bibliographic=Nature+Neuroscience+2009+12++1370&rows=20&filter=from-pub-date%3A2009-01-01%2Cuntil-pub-date%3A2009-12-31%2Ctype%3Ajournal-article,2026-10-06T00:53:27.512144+00:00,a72b05c830537507f7298f8d0fe4e61e215e3e396681d8e3afe2701a1d3bb898,53586
private-data/nieuwenhuis/crossref/nw_18.json,https://api.crossref.org/works?query.bibliographic=Nature+Neuroscience+2009+12++1463&rows=20&filter=from-pub-date%3A2009-01-01%2Cuntil-pub-date%3A2009-12-31%2Ctype%3Ajournal-article,2026-10-06T00:53:25.460553+00:00,b1ad343a6f8f078801f4be416925b41756fa9361b57f18d8292cea1508db0dac,66740
private-data/nieuwenhuis/crossref/nw_19.json,https://api.crossref.org/works?query.bibliographic=Nature+Neuroscience+2009+12++1469&rows=20&filter=from-pub-date%3A2009-01-01%2Cuntil-pub-date%3A2009-12-31%2Ctype%3Ajournal-article,2026-10-06T00:53:41.317530+00:00,508f87f2d97d95c10ef0e08427a54845221a78ee722165908a21276949a9b6fb,72153
private-data/nieuwenhuis/crossref/nw_2.json,https://api.crossref.org/works?query.bibliographic=Nature+Neuroscience+2010+13+11+1354&rows=20&filter=from-pub-date%3A2010-01-01%2Cuntil-pub-date%3A2010-12-31%2Ctype%3Ajournal-article,2026-10-06T00:53:11.616863+00:00,79b806496bf2342545638919163242bb240544099fe355949d6e1e57f5269e52,141157
private-data/nieuwenhuis/crossref/nw_20.json,https://api.crossref.org/works?query.bibliographic=Nature+Neuroscience+2009+12+9+1152&rows=20&filter=from-pub-date%3A2009-01-01%2Cuntil-pub-date%3A2009-12-31%2Ctype%3Ajournal-article,2026-10-06T00:53:28.648900+00:00,d9ac5da0418bd57af5fd8528405b850b143ab25d9c374dfc12116c6dccad8657,69279
private-data/nieuwenhuis/crossref/nw_21.json,https://api.crossref.org/works?query.bibliographic=Nature+Neuroscience+2009+12+8+970&rows=20&filter=from-pub-date%3A2009-01-01%2Cuntil-pub-date%3A2009-12-31%2Ctype%3Ajournal-article,2026-10-06T00:53:28.487254+00:00,d553a2f1d3e9ce13e5ed2518b791704fe45f1fc16d4421fe970526c8d9d8cbb4,62613
private-data/nieuwenhuis/crossref/nw_22.json,https://api.crossref.org/works?query.bibliographic=Nature+Neuroscience+2009+12+7+932&rows=20&filter=from-pub-date%3A2009-01-01%2Cuntil-pub-date%3A2009-12-31%2Ctype%3Ajournal-article,2026-10-06T00:53:31.648830+00:00,808d009f31ba8d6668d1778d76c0599013dc17ad62921737e781d2f0c9734ee6,67847
private-data/nieuwenhuis/crossref/nw_23.json,https://api.crossref.org/works?query.bibliographic=Nature+Neuroscience+2009+12++939&rows=20&filter=from-pub-date%3A2009-01-01%2Cuntil-pub-date%3A2009-12-31%2Ctype%3Ajournal-article,2026-10-06T00:53:36.079503+00:00,98491366488b058e9d7b6f841064b0292b4610355e61ea80d08f125d6d0e83f2,84656
private-data/nieuwenhuis/crossref/nw_24.json,https://api.crossref.org/works?query.bibliographic=Nature+Neuroscience+2009+12+6+801&rows=20&filter=from-pub-date%3A2009-01-01%2Cuntil-pub-date%3A2009-12-31%2Ctype%3Ajournal-article,2026-10-06T00:53:32.786863+00:00,62ae8220bd9cde3a235a7ccce6dd11a28cde5e9b9ea23ec60880bc5dcdc3d7be,72365
private-data/nieuwenhuis/crossref/nw_25.json,https://api.crossref.org/works?query.bibliographic=Nature+Neuroscience+2009+12+5+547&rows=20&filter=from-pub-date%3A2009-01-01%2Cuntil-pub-date%3A2009-12-31%2Ctype%3Ajournal-article,2026-10-06T00:53:34.525886+00:00,9d76d70a38e1af81ba142ad67c7e45ef84e3ed2b1a2dbb79d669d191e9a524d1,56165
private-data/nieuwenhuis/crossref/nw_26.json,https://api.crossref.org/works?query.bibliographic=Nature+Neuroscience+2009+12++549&rows=20&filter=from-pub-date%3A2009-01-01%2Cuntil-pub-date%3A2009-12-31%2Ctype%3Ajournal-article,2026-10-06T00:53:35.457887+00:00,e93c90ae7a354f453b0eb8ad90a3556846ab12fd6deb4580a50438f68d8c1f5f,124428
private-data/nieuwenhuis/crossref/nw_27.json,https://api.crossref.org/works?query.bibliographic=Nature+Neuroscience+2009+12+4+396&rows=20&filter=from-pub-date%3A2009-01-01%2Cuntil-pub-date%3A2009-12-31%2Ctype%3Ajournal-article,2026-10-06T00:53:38.586548+00:00,e60132803376d86d287b78344e6a8bde061abe220faf25d6ad8b3d5ac0fe3a58,50808
private-data/nieuwenhuis/crossref/nw_27_ffcace667729.json,https://api.crossref.org/works/10.1038%2Fnn.2206,2026-10-06T00:58:37.494744+00:00,4344dc6c0e5baa3fb574ecbae3a8c244aef73ce055182f0af0c223eeef69903c,6676
private-data/nieuwenhuis/crossref/nw_28.json,https://api.crossref.org/works?query.bibliographic=Nature+Neuroscience+2009+12+3+333&rows=20&filter=from-pub-date%3A2009-01-01%2Cuntil-pub-date%3A2009-12-31%2Ctype%3Ajournal-article,2026-10-06T00:53:39.187465+00:00,1e1fabe41cc3b8f0a4a29aeecdacd7ee20caf6664ea2ccc70f804c7c786c922d,111534
private-data/nieuwenhuis/crossref/nw_28_a998c7bb00b2.json,https://api.crossref.org/works/10.1038%2Fnn.2261,2026-10-06T00:58:38.871710+00:00,e70effa22b86f4a8d2f9c8d2781ae34d5baaa27e8f9cc03a348f85db6cdc70b7,22260
private-data/nieuwenhuis/crossref/nw_29.json,https://api.crossref.org/works?query.bibliographic=Nature+Neuroscience+2009+12++256&rows=20&filter=from-pub-date%3A2009-01-01%2Cuntil-pub-date%3A2009-12-31%2Ctype%3Ajournal-article,2026-10-06T00:53:45.859329+00:00,3157d9b8321425a44d18a4f2d00aae824425d314ca182171088e855c8d504b67,54006
private-data/nieuwenhuis/crossref/nw_30.json,https://api.crossref.org/works?query.bibliographic=Nature+Neuroscience+2009+12++253&rows=20&filter=from-pub-date%3A2009-01-01%2Cuntil-pub-date%3A2009-12-31%2Ctype%3Ajournal-article,2026-10-06T00:53:43.431084+00:00,b16071e01c7a266e324383597f2f6177a23ecd424832de6d2ccffbf99284014f,54412
private-data/nieuwenhuis/crossref/nw_31.json,https://api.crossref.org/works?query.bibliographic=Nature+Neuroscience+2009+12+1+85&rows=20&filter=from-pub-date%3A2009-01-01%2Cuntil-pub-date%3A2009-12-31%2Ctype%3Ajournal-article,2026-10-06T00:53:42.398737+00:00,553514f2561f436d4d16e2ed5620c6509117c25a20536c6d203684c107490693,49967
private-data/nieuwenhuis/crossref/nw_31_089361096962.json,https://api.crossref.org/works?query.bibliographic=Nature+Neuroscience+2009+12+1+85+&rows=20&filter=from-pub-date%3A2009-01-01%2Cuntil-pub-date%3A2009-12-31%2Ctype%3Ajournal-article,2026-10-06T00:58:40.608534+00:00,8d4c9b75a0522282434b30cbd5dcf3cdc5132fcb04770fb089467c713ae1b857,53567
private-data/nieuwenhuis/crossref/nw_32.json,https://api.crossref.org/works?query.bibliographic=Nature+Neuroscience+2009+12++60&rows=20&filter=from-pub-date%3A2009-01-01%2Cuntil-pub-date%3A2009-12-31%2Ctype%3Ajournal-article,2026-10-06T00:53:43.529584+00:00,e717d6eeb47f018f789cd31a3c02668bd8c763fee54f93f6749db18edac5a91b,51563
private-data/nieuwenhuis/crossref/nw_32_cfacc8e684e9.json,https://api.crossref.org/works?query.bibliographic=Nature+Neuroscience+2009+12++60+&rows=20&filter=from-pub-date%3A2009-01-01%2Cuntil-pub-date%3A2009-12-31%2Ctype%3Ajournal-article,2026-10-06T00:58:43.104355+00:00,866fe9c410bc43523f49fec036c0485d66ade576f332636183fc4518caf60ce6,53573
private-data/nieuwenhuis/crossref/nw_33.json,https://api.crossref.org/works?query.bibliographic=Nature+Neuroscience+2009+12++32&rows=20&filter=from-pub-date%3A2009-01-01%2Cuntil-pub-date%3A2009-12-31%2Ctype%3Ajournal-article,2026-10-06T00:53:44.671366+00:00,c02f249c635d92fb28e2864f9df3108c4c7c045a1462471d57804b0b9e7fadd7,53389
private-data/nieuwenhuis/crossref/nw_33_f62a36687750.json,https://api.crossref.org/works?query.bibliographic=Nature+Neuroscience+2009+12++32+&rows=20&filter=from-pub-date%3A2009-01-01%2Cuntil-pub-date%3A2009-12-31%2Ctype%3Ajournal-article,2026-10-06T00:58:44.828755+00:00,2333226634588f3e0f3f08e66cd452b72a4d9630fc9637be1b851c32d4b3fc55,53386
private-data/nieuwenhuis/crossref/nw_34.json,https://api.crossref.org/works?query.bibliographic=Nature+2010++07-Jan+49&rows=20&filter=from-pub-date%3A2010-01-01%2Cuntil-pub-date%3A2010-12-31%2Ctype%3Ajournal-article,2026-10-06T00:53:44.468028+00:00,ad68d7c067f0e3bf5682a655f9b5fa9e01fd3ef335898f03362b51417ca1302a,138476
private-data/nieuwenhuis/crossref/nw_34_b651551f0bb4.json,https://api.crossref.org/works/10.1038%2Fnature08637,2026-10-06T00:58:46.159120+00:00,3797af9d25f48bece5190b4e7116492ab27833220e2a8eeee30f60c174a3f89b,14679
private-data/nieuwenhuis/crossref/nw_35.json,https://api.crossref.org/works?query.bibliographic=Nature+2010++18-Feb+948&rows=20&filter=from-pub-date%3A2010-01-01%2Cuntil-pub-date%3A2010-12-31%2Ctype%3Ajournal-article,2026-10-06T00:53:45.375243+00:00,987b10717d4742b74dfbfef71bee6b491d651b13d86426918add2b878f4e4aa4,55963
private-data/nieuwenhuis/crossref/nw_36.json,https://api.crossref.org/works?query.bibliographic=Nature+2010++18-Mar+413&rows=20&filter=from-pub-date%3A2010-01-01%2Cuntil-pub-date%3A2010-12-31%2Ctype%3Ajournal-article,2026-10-06T00:53:45.399263+00:00,7fccc6e9e368f8a96986253bc1aeb0eccf7f5ed4f8eb464d6bd8a9cad7ea38a1,48624
private-data/nieuwenhuis/crossref/nw_36_b8fb209664d1.json,https://api.crossref.org/works/10.1038%2Fnature08826,2026-10-06T00:58:47.504968+00:00,6ea6677fecc98f919420aea2405b7fadabc0ecb5e9a89683bba7a0f6e5aec5d2,18735
private-data/nieuwenhuis/crossref/nw_37.json,https://api.crossref.org/works?query.bibliographic=Nature+2010++22-Jul+457&rows=20&filter=from-pub-date%3A2010-01-01%2Cuntil-pub-date%3A2010-12-31%2Ctype%3Ajournal-article,2026-10-06T00:53:48.695610+00:00,88f54d37ba21b1482cf4abbbaf47a8e0fb06f95c884e629c2fa6fa0d78b74e68,102827
private-data/nieuwenhuis/crossref/nw_38.json,https://api.crossref.org/works?query.bibliographic=Science+2010+328+5984+1412&rows=20&filter=from-pub-date%3A2010-01-01%2Cuntil-pub-date%3A2010-12-31%2Ctype%3Ajournal-article,2026-10-06T00:53:48.446327+00:00,fb73b910d4db10f7f10dee86ab3a6a8aac6d45841fc0cc2256057bcfb00ac041,34706
private-data/nieuwenhuis/crossref/nw_38_4e700f9ff91c.json,https://api.crossref.org/works?query.bibliographic=Science+2010+328+5984+1412+&rows=20&filter=from-pub-date%3A2010-01-01%2Cuntil-pub-date%3A2010-12-31%2Ctype%3Ajournal-article,2026-10-06T00:58:49.224328+00:00,98c718e2156b2136b61a95af28c5acce41ff37566d714944324857a4081b6307,34704
private-data/nieuwenhuis/crossref/nw_39.json,https://api.crossref.org/works?query.bibliographic=Science+2010+328+5984+1408&rows=20&filter=from-pub-date%3A2010-01-01%2Cuntil-pub-date%3A2010-12-31%2Ctype%3Ajournal-article,2026-10-06T00:53:46.552014+00:00,2a85acdc3aaa89a95b15722e6b5ba93f517ffe7f96ba3db4480491c6164a69ce,39985
private-data/nieuwenhuis/crossref/nw_3_7fb72f031c94.json,https://api.crossref.org/works/10.1038%2Fnn.2619,2026-10-06T00:58:32.729879+00:00,ae95fa037b4572fc6ab97d55276eb08f644e95ddea18fe85dec442eb8497dd76,24669
private-data/nieuwenhuis/crossref/nw_4.json,https://api.crossref.org/works?query.bibliographic=Nature+Neuroscience+2010+13+8+979&rows=20&filter=from-pub-date%3A2010-01-01%2Cuntil-pub-date%3A2010-12-31%2Ctype%3Ajournal-article,2026-10-06T00:53:12.294397+00:00,4d8b43cd86cfe9e3b9e8d17c49acaf44ed9314e7a531752d06a45a9ea8664a38,72123
private-data/nieuwenhuis/crossref/nw_40.json,https://api.crossref.org/works?query.bibliographic=Science+2010+330+6004+669&rows=20&filter=from-pub-date%3A2010-01-01%2Cuntil-pub-date%3A2010-12-31%2Ctype%3Ajournal-article,2026-10-06T00:53:53.757817+00:00,47d25f3db0cb5ea55ff74ae4381032a7c346408974953de0fedfb4b847f7d8b9,37803
private-data/nieuwenhuis/crossref/nw_40_a1beb50754ba.json,https://api.crossref.org/works?query.bibliographic=Science+2010+330+6004+669+&rows=20&filter=from-pub-date%3A2010-01-01%2Cuntil-pub-date%3A2010-12-31%2Ctype%3Ajournal-article,2026-10-06T00:58:51.022804+00:00,9adc360d6dc3b4b7ed45aa4697bccd96a4c0ca3b8bf3e18b693e182005b9ba66,37806
private-data/nieuwenhuis/crossref/nw_41.json,https://api.crossref.org/works?query.bibliographic=Science+2010+330+6009+1408&rows=20&filter=from-pub-date%3A2010-01-01%2Cuntil-pub-date%3A2010-12-31%2Ctype%3Ajournal-article,2026-10-06T00:53:55.718716+00:00,1538154c83c291431299a6e3cfd3e3b05299a8a8697020a6f816bd6e2cc4ce82,38704
private-data/nieuwenhuis/crossref/nw_42.json,https://api.crossref.org/works?query.bibliographic=Science+2010+327+5967+863&rows=20&filter=from-pub-date%3A2010-01-01%2Cuntil-pub-date%3A2010-12-31%2Ctype%3Ajournal-article,2026-10-06T00:53:49.441062+00:00,1ee0b070ad0b0ed5ce8e05e627c180fffbf83824df7ee11754ea72d402e92e27,39622
private-data/nieuwenhuis/crossref/nw_43.json,https://api.crossref.org/works?query.bibliographic=Neuron+2010++65+399&rows=20&filter=from-pub-date%3A2010-01-01%2Cuntil-pub-date%3A2010-12-31%2Ctype%3Ajournal-article,2026-10-06T00:53:50.609095+00:00,8230d4f10ed06cb4196913df40d71f8dae3d9f8198d737933366fda5b79a16e0,334257
private-data/nieuwenhuis/crossref/nw_44.json,https://api.crossref.org/works?query.bibliographic=Neuron+2010+++480&rows=20&filter=from-pub-date%3A2010-01-01%2Cuntil-pub-date%3A2010-12-31%2Ctype%3Ajournal-article,2026-10-06T00:53:51.684723+00:00,9b3cb8933ea58a102bb50a956b258082131e95314023c837f9647aa31b2ab5e5,390631
private-data/nieuwenhuis/crossref/nw_44_14835cf231fa.json,https://api.crossref.org/works?query.bibliographic=Neuron+2010+65++480+&rows=20&filter=from-pub-date%3A2010-01-01%2Cuntil-pub-date%3A2010-12-31%2Ctype%3Ajournal-article,2026-10-06T00:58:52.824642+00:00,0794b2cdfe41338f9255f58e35b5cab7e8fbfc22480f6f4960a36ed599ed6dfa,379885
private-data/nieuwenhuis/crossref/nw_45.json,https://api.crossref.org/works?query.bibliographic=Neuron+2010+++682&rows=20&filter=from-pub-date%3A2010-01-01%2Cuntil-pub-date%3A2010-12-31%2Ctype%3Ajournal-article,2026-10-06T00:53:52.318532+00:00,3296a3e02a5142596fac77599b88704e3480be8b906958d89e0f3935d920e12f,182255
private-data/nieuwenhuis/crossref/nw_46.json,https://api.crossref.org/works?query.bibliographic=Neuron+2010+++845&rows=20&filter=from-pub-date%3A2010-01-01%2Cuntil-pub-date%3A2010-12-31%2Ctype%3Ajournal-article,2026-10-06T00:53:53.141502+00:00,8e64e70537fcde98b3a7b17a0683b36307ed852468731b05ba4cd05abfe1553c,137940
private-data/nieuwenhuis/crossref/nw_47.json,https://api.crossref.org/works?query.bibliographic=Neuron+2010+++927&rows=20&filter=from-pub-date%3A2010-01-01%2Cuntil-pub-date%3A2010-12-31%2Ctype%3Ajournal-article,2026-10-06T00:53:54.056307+00:00,52bb1f87e6319d33b9589aa8eb8acc314900249c0946fc83d6cc4b9969f57e2b,107914
private-data/nieuwenhuis/crossref/nw_48.json,https://api.crossref.org/works?query.bibliographic=Neuron+2010++66+896&rows=20&filter=from-pub-date%3A2010-01-01%2Cuntil-pub-date%3A2010-12-31%2Ctype%3Ajournal-article,2026-10-06T00:53:57.032643+00:00,2afe51f98718d6cc48c695d544b3a39bc11bfec8d55b5f1d1ae334a06947e789,298231
private-data/nieuwenhuis/crossref/nw_49.json,https://api.crossref.org/works?query.bibliographic=Neuron+2010+++908&rows=20&filter=from-pub-date%3A2010-01-01%2Cuntil-pub-date%3A2010-12-31%2Ctype%3Ajournal-article,2026-10-06T00:53:54.900833+00:00,b4987b6f23cc91ef552923468ca10a1b2aced8f72fc7b94bcc9fff1a702e6ea2,186410
private-data/nieuwenhuis/crossref/nw_5.json,https://api.crossref.org/works?query.bibliographic=Nature+Neuroscience+2010+13++923&rows=20&filter=from-pub-date%3A2010-01-01%2Cuntil-pub-date%3A2010-12-31%2Ctype%3Ajournal-article,2026-10-06T00:53:14.655866+00:00,15136061d381331af61b6fe45dd10e42a330fda6007bd93dae3f3246d28c33a8,55179
private-data/nieuwenhuis/crossref/nw_50.json,https://api.crossref.org/works?query.bibliographic=Neuron+2010+++921&rows=20&filter=from-pub-date%3A2010-01-01%2Cuntil-pub-date%3A2010-12-31%2Ctype%3Ajournal-article,2026-10-06T00:53:55.733454+00:00,b3c4d10966f25270fd60b780f0373c6887df2e9b134a9dcb25c0039e147b1658,171686
private-data/nieuwenhuis/crossref/nw_51.json,https://api.crossref.org/works?query.bibliographic=Neuron+2010++67+618&rows=20&filter=from-pub-date%3A2010-01-01%2Cuntil-pub-date%3A2010-12-31%2Ctype%3Ajournal-article,2026-10-06T00:53:59.029571+00:00,4cbc9040520b4b6688398518c8ff46cfcba0802aa5b4cd08e43c288fa7c93801,348138
private-data/nieuwenhuis/crossref/nw_52.json,https://api.crossref.org/works?query.bibliographic=Neuron+2010+++656&rows=20&filter=from-pub-date%3A2010-01-01%2Cuntil-pub-date%3A2010-12-31%2Ctype%3Ajournal-article,2026-10-06T00:53:56.686199+00:00,cea46e5d09d7ca6939a36d811bf6cbd847d17dc7b594bf316d9c9b9e1627fc00,166671
private-data/nieuwenhuis/crossref/nw_53.json,https://api.crossref.org/works?query.bibliographic=Neuron+2010+++821&rows=20&filter=from-pub-date%3A2010-01-01%2Cuntil-pub-date%3A2010-12-31%2Ctype%3Ajournal-article,2026-10-06T00:53:57.794927+00:00,aaceb35ed9df3753f9019626ea430362ea072a9a2e56386aaa3dc372cc2d0963,181199
private-data/nieuwenhuis/crossref/nw_54.json,https://api.crossref.org/works?query.bibliographic=Neuron+2010++68+401&rows=20&filter=from-pub-date%3A2010-01-01%2Cuntil-pub-date%3A2010-12-31%2Ctype%3Ajournal-article,2026-10-06T00:53:58.024488+00:00,79b83c72c8828beac0c595760b5192cb52eb8864f3209db88bbcbd921ce67ba3,312557
private-data/nieuwenhuis/crossref/nw_55.json,https://api.crossref.org/works?query.bibliographic=Neuron+2010+++529&rows=20&filter=from-pub-date%3A2010-01-01%2Cuntil-pub-date%3A2010-12-31%2Ctype%3Ajournal-article,2026-10-06T00:53:58.938712+00:00,0b219d8762b5b1bb51bff7e5ea83c5da5ac291eae40a0e1ec3084c57eb624bb3,216623
private-data/nieuwenhuis/crossref/nw_56.json,https://api.crossref.org/works?query.bibliographic=Neuron+2010+++543&rows=20&filter=from-pub-date%3A2010-01-01%2Cuntil-pub-date%3A2010-12-31%2Ctype%3Ajournal-article,2026-10-06T00:54:01.836805+00:00,2538275fec7ddc6dae2c56fb3d06f2961f36cf17c23471cfe95ad09a90f476b0,196440
private-data/nieuwenhuis/crossref/nw_57.json,https://api.crossref.org/works?query.bibliographic=Neuron+2010+++570&rows=20&filter=from-pub-date%3A2010-01-01%2Cuntil-pub-date%3A2010-12-31%2Ctype%3Ajournal-article,2026-10-06T00:54:02.428689+00:00,8d535f2f9701925e124c126dca8cc32e9caaf7fa4b7f74235b9da2c7d5d5e308,278330
private-data/nieuwenhuis/crossref/nw_58.json,https://api.crossref.org/works?query.bibliographic=Neuron+2010+++991&rows=20&filter=from-pub-date%3A2010-01-01%2Cuntil-pub-date%3A2010-12-31%2Ctype%3Ajournal-article,2026-10-06T00:54:07.415638+00:00,6e277bf6c971afd8ff76a2246c2ac2b19713e6d2fb5515cbba4f217fc45dfade,126608
private-data/nieuwenhuis/crossref/nw_59.json,https://api.crossref.org/works?query.bibliographic=Journal+of+Neuroscience+2010+30+1+47&rows=20&filter=from-pub-date%3A2010-01-01%2Cuntil-pub-date%3A2010-12-31%2Ctype%3Ajournal-article,2026-10-06T00:54:03.350344+00:00,8b7618b9322c58db7ac234b75c67f866ee7e4c945f74862299d405e1ff476741,118122
private-data/nieuwenhuis/crossref/nw_6.json,https://api.crossref.org/works?query.bibliographic=Nature+Neuroscience+2010+13++995&rows=20&filter=from-pub-date%3A2010-01-01%2Cuntil-pub-date%3A2010-12-31%2Ctype%3Ajournal-article,2026-10-06T00:53:13.187004+00:00,2c88875c3c1c1d0435412e2ed3c6fa32b668dd80774f1bb67b6721f4db0af272,70289
private-data/nieuwenhuis/crossref/nw_60.json,https://api.crossref.org/works?query.bibliographic=Journal+of+Neuroscience+2010+30++304&rows=20&filter=from-pub-date%3A2010-01-01%2Cuntil-pub-date%3A2010-12-31%2Ctype%3Ajournal-article,2026-10-06T00:54:05.794049+00:00,527defc7621189251bccfd8894ba0b17d02811f98717a9c253cb5faffb87ade4,132755
private-data/nieuwenhuis/crossref/nw_61.json,https://api.crossref.org/works?query.bibliographic=Journal+of+Neuroscience+2010+30+5+1610&rows=20&filter=from-pub-date%3A2010-01-01%2Cuntil-pub-date%3A2010-12-31%2Ctype%3Ajournal-article,2026-10-06T00:54:04.903704+00:00,0512076f7d4d2f88659af3541a167f9bc670596738b8f0910b3e9e8bfd08036a,107450
private-data/nieuwenhuis/crossref/nw_62.json,https://api.crossref.org/works?query.bibliographic=Journal+of+Neuroscience+2010+30+9+3518&rows=20&filter=from-pub-date%3A2010-01-01%2Cuntil-pub-date%3A2010-12-31%2Ctype%3Ajournal-article,2026-10-06T00:54:05.894187+00:00,a405e36e4951459119193fa665d43675c2b5d00effcffe5196ad5da5f136bdbe,107762
private-data/nieuwenhuis/crossref/nw_63.json,https://api.crossref.org/works?query.bibliographic=Journal+of+Neuroscience+2010+30++3544&rows=20&filter=from-pub-date%3A2010-01-01%2Cuntil-pub-date%3A2010-12-31%2Ctype%3Ajournal-article,2026-10-06T00:54:06.736929+00:00,270e9dc45efd0ea39206b9561ecc818d998b57fae06a5db70aa2d20878541fce,115617
private-data/nieuwenhuis/crossref/nw_64.json,https://api.crossref.org/works?query.bibliographic=Journal+of+Neuroscience+2010+30+13+4590&rows=20&filter=from-pub-date%3A2010-01-01%2Cuntil-pub-date%3A2010-12-31%2Ctype%3Ajournal-article,2026-10-06T00:54:13.110153+00:00,7f5d16db29df4d267e0831a488d942dcbe0e2f8a0186054d02a330b16f297735,90537
private-data/nieuwenhuis/crossref/nw_65.json,https://api.crossref.org/works?query.bibliographic=Journal+of+Neuroscience+2010+30++4767&rows=20&filter=from-pub-date%3A2010-01-01%2Cuntil-pub-date%3A2010-12-31%2Ctype%3Ajournal-article,2026-10-06T00:54:07.771107+00:00,b32577e75d3a3c36f075ad670be9b941218adb6bc95e92acb3ab1d1de027eff9,122456
private-data/nieuwenhuis/crossref/nw_66.json,https://api.crossref.org/works?query.bibliographic=Journal+of+Neuroscience+2010+30+17+6072&rows=20&filter=from-pub-date%3A2010-01-01%2Cuntil-pub-date%3A2010-12-31%2Ctype%3Ajournal-article,2026-10-06T00:54:08.443498+00:00,2ddb0c509b1e45bddaa5a29042f74bc7a5e5f0fd3cf258e290ef43b380e36704,109568
private-data/nieuwenhuis/crossref/nw_67.json,https://api.crossref.org/works?query.bibliographic=Journal+of+Neuroscience+2010+30+21+7139&rows=20&filter=from-pub-date%3A2010-01-01%2Cuntil-pub-date%3A2010-12-31%2Ctype%3Ajournal-article,2026-10-06T00:54:10.869675+00:00,a64bb5916264459099924dacb74e6a65425c533647947c6926963d6813de0f3a,216166
private-data/nieuwenhuis/crossref/nw_68.json,https://api.crossref.org/works?query.bibliographic=Journal+of+Neuroscience+2010+30++7202&rows=20&filter=from-pub-date%3A2010-01-01%2Cuntil-pub-date%3A2010-12-31%2Ctype%3Ajournal-article,2026-10-06T00:54:11.587463+00:00,f1bcfbca15cbf29f7afc9efe322e54a3765edbae5440164a23a33d9f815b8615,139702
private-data/nieuwenhuis/crossref/nw_69.json,https://api.crossref.org/works?query.bibliographic=Journal+of+Neuroscience+2010+30+21+7369&rows=20&filter=from-pub-date%3A2010-01-01%2Cuntil-pub-date%3A2010-12-31%2Ctype%3Ajournal-article,2026-10-06T00:54:14.702143+00:00,51b3139a5ec1f1980112525bafda8f0d4da9a166be020cac451e76389b3f12fb,188870
private-data/nieuwenhuis/crossref/nw_7.json,https://api.crossref.org/works?query.bibliographic=Nature+Neuroscience+2010+13+6+753&rows=20&filter=from-pub-date%3A2010-01-01%2Cuntil-pub-date%3A2010-12-31%2Ctype%3Ajournal-article,2026-10-06T00:53:20.531266+00:00,7e5f45d0b096d794d26f5a7596d74ee95e5eba6633d8d47289ddd35b3533c397,64878
private-data/nieuwenhuis/crossref/nw_70.json,https://api.crossref.org/works?query.bibliographic=Journal+of+Neuroscience+2010+30+25+8435&rows=20&filter=from-pub-date%3A2010-01-01%2Cuntil-pub-date%3A2010-12-31%2Ctype%3Ajournal-article,2026-10-06T00:54:12.187711+00:00,ea5e2d04516f0561526c51b59694f762f54e288443e93460e912bcff1d46b8c3,41955
private-data/nieuwenhuis/crossref/nw_71.json,https://api.crossref.org/works?query.bibliographic=Journal+of+Neuroscience+2010+30++8591&rows=20&filter=from-pub-date%3A2010-01-01%2Cuntil-pub-date%3A2010-12-31%2Ctype%3Ajournal-article,2026-10-06T00:54:13.711316+00:00,34ad64501ef61055b54088514ec03509d0f3bfb128d02edb553269be87847d43,107250
private-data/nieuwenhuis/crossref/nw_72.json,https://api.crossref.org/works?query.bibliographic=Journal+of+Neuroscience+2010+30+29+9708&rows=20&filter=from-pub-date%3A2010-01-01%2Cuntil-pub-date%3A2010-12-31%2Ctype%3Ajournal-article,2026-10-06T00:54:14.274569+00:00,565e3c17200f65efd8eaaea238d6b681ca6f3d35f0ebe909670c9566f7e6b5dc,45497
private-data/nieuwenhuis/crossref/nw_73.json,https://api.crossref.org/works?query.bibliographic=Journal+of+Neuroscience+2010+30+29+9782&rows=20&filter=from-pub-date%3A2010-01-01%2Cuntil-pub-date%3A2010-12-31%2Ctype%3Ajournal-article,2026-10-06T00:54:16.973588+00:00,add48fb11aedf20326232475e325e92f33bc86111fcdba101f2983852674745a,41683
private-data/nieuwenhuis/crossref/nw_74.json,https://api.crossref.org/works?query.bibliographic=Journal+of+Neuroscience+2010+30+29+9793&rows=20&filter=from-pub-date%3A2010-01-01%2Cuntil-pub-date%3A2010-12-31%2Ctype%3Ajournal-article,2026-10-06T00:54:21.713644+00:00,21c63e8034aa7f9881b7563a100e8e5d7080eebc3186224ae1f1d24259dc1a41,44325
private-data/nieuwenhuis/crossref/nw_76.json,https://api.crossref.org/works?query.bibliographic=Journal+of+Neuroscience+2010+30+29+9877&rows=20&filter=from-pub-date%3A2010-01-01%2Cuntil-pub-date%3A2010-12-31%2Ctype%3Ajournal-article,2026-10-06T00:54:20.321359+00:00,2e6db250a41858ac2c4ae2623ddd7c3ee284f0131ddf70ca161c2ff418a81710,54663
private-data/nieuwenhuis/crossref/nw_77.json,https://api.crossref.org/works?query.bibliographic=Journal+of+Neuroscience+2010+30+37+12323&rows=20&filter=from-pub-date%3A2010-01-01%2Cuntil-pub-date%3A2010-12-31%2Ctype%3Ajournal-article,2026-10-06T00:54:21.324507+00:00,d1451017a20a73bce0759cb0dfae9297d225d1a8d46256675dfa5e37ba2404fe,179577
private-data/nieuwenhuis/crossref/nw_78.json,https://api.crossref.org/works?query.bibliographic=Journal+of+Neuroscience+2010+30++12329&rows=20&filter=from-pub-date%3A2010-01-01%2Cuntil-pub-date%3A2010-12-31%2Ctype%3Ajournal-article,2026-10-06T00:54:24.653267+00:00,60cd741d9cab0472473a57f39e10b5f159bfbe34a80925778ba35db5c5c1c4e1,140938
private-data/nieuwenhuis/crossref/nw_79.json,https://api.crossref.org/works?query.bibliographic=Journal+of+Neuroscience+2010+30+41+13552&rows=20&filter=from-pub-date%3A2010-01-01%2Cuntil-pub-date%3A2010-12-31%2Ctype%3Ajournal-article,2026-10-06T00:54:29.184961+00:00,f7b2b52a31d8551862d622005004a28495d8e91cfe81b4dc9e8448890d1c9241,154573
private-data/nieuwenhuis/crossref/nw_8.json,https://api.crossref.org/works?query.bibliographic=Nature+Neuroscience+2010+13++669&rows=20&filter=from-pub-date%3A2010-01-01%2Cuntil-pub-date%3A2010-12-31%2Ctype%3Ajournal-article,2026-10-06T00:53:15.335722+00:00,4e78fa117213ab30ec6fe2605875e5cc3127310a332421e3b50621a1ba191b03,53767
private-data/nieuwenhuis/crossref/nw_80.json,https://api.crossref.org/works?query.bibliographic=Journal+of+Neuroscience+2010+30++13670&rows=20&filter=from-pub-date%3A2010-01-01%2Cuntil-pub-date%3A2010-12-31%2Ctype%3Ajournal-article,2026-10-06T00:54:25.509114+00:00,e42a6f9e7315b3af49ce883cadf693a64ce9de05a0c87d23ca0da76e3d850c78,122104
private-data/nieuwenhuis/crossref/nw_81.json,https://api.crossref.org/works?query.bibliographic=Journal+of+Neuroscience+2010+30+45+15254&rows=20&filter=from-pub-date%3A2010-01-01%2Cuntil-pub-date%3A2010-12-31%2Ctype%3Ajournal-article,2026-10-06T00:54:26.461849+00:00,b6a0e05f2af42c7edc671acf84cc43418c4cf5750c7ddbad6b84e8c4a09a4242,149567
private-data/nieuwenhuis/crossref/nw_82.json,https://api.crossref.org/works?query.bibliographic=Journal+of+Neuroscience+2010+30+49+16453&rows=20&filter=from-pub-date%3A2010-01-01%2Cuntil-pub-date%3A2010-12-31%2Ctype%3Ajournal-article,2026-10-06T00:54:27.480177+00:00,f7d1af56fb11f91a7133897a47f7ed0a5d1208fff02d9b161728649c28df1266,139743
private-data/nieuwenhuis/crossref/nw_83.json,https://api.crossref.org/works?query.bibliographic=Journal+of+Neuroscience+2010+30++16601&rows=20&filter=from-pub-date%3A2010-01-01%2Cuntil-pub-date%3A2010-12-31%2Ctype%3Ajournal-article,2026-10-06T00:54:28.344604+00:00,994bd8ba18e9cdccb088526f9434dff7fe6fd4adea16f055a2afcd67f51f1826,120695
private-data/nieuwenhuis/crossref/nw_84.json,https://api.crossref.org/works?query.bibliographic=Nature+2009++17-Dec+916&rows=20&filter=from-pub-date%3A2009-01-01%2Cuntil-pub-date%3A2009-12-31%2Ctype%3Ajournal-article,2026-10-06T00:54:29.268477+00:00,6095d764edadec3f95892ab479f312dc99838079033eb11ea92cb706be73d15d,98676
private-data/nieuwenhuis/crossref/nw_85.json,https://api.crossref.org/works?query.bibliographic=Nature+2009+++921&rows=20&filter=from-pub-date%3A2009-01-01%2Cuntil-pub-date%3A2009-12-31%2Ctype%3Ajournal-article,2026-10-06T00:54:30.426688+00:00,5604186d2cd50ce75f0fcb005579b9c2456daf5cfccdeafbefffecfd4f93a5ff,62790
private-data/nieuwenhuis/crossref/nw_85_b7d16b820042.json,https://api.crossref.org/works/10.1038%2Fnature08577,2026-10-06T00:58:54.154229+00:00,b8f0a5ede87fc69e5a37ce1ccdc93958a8242a99ac09845fb1c3adc743654539,15888
private-data/nieuwenhuis/crossref/nw_86.json,https://api.crossref.org/works?query.bibliographic=Nature+2009++12-Nov+220&rows=20&filter=from-pub-date%3A2009-01-01%2Cuntil-pub-date%3A2009-12-31%2Ctype%3Ajournal-article,2026-10-06T00:54:30.659935+00:00,eb482dc062979b685276564cedbf50d931fcefa08373168f935b7e6b21f4af63,77142
private-data/nieuwenhuis/crossref/nw_86_343ba13c7508.json,https://api.crossref.org/works/10.1038%2Fnature08485,2026-10-06T00:58:55.480025+00:00,b50e204d50b734b5832d5e467b307435a3ffd9fd842134072524962ca071735d,16728
private-data/nieuwenhuis/crossref/nw_87.json,https://api.crossref.org/works?query.bibliographic=Nature+2009++26-Oct+1128&rows=20&filter=from-pub-date%3A2009-01-01%2Cuntil-pub-date%3A2009-12-31%2Ctype%3Ajournal-article,2026-10-06T00:54:33.067619+00:00,913ca921e26475a980f0944d4c8ba8d15f4a1c57642222363cad64a361c04158,74765
private-data/nieuwenhuis/crossref/nw_87_0146257345cc.json,https://api.crossref.org/works/10.1038%2Fnature08488,2026-10-06T00:58:56.814630+00:00,7f7f6954daf3021e76900321c2da4c171ddf9eaa17fb713e5ab0b0be8b54abac,23878
private-data/nieuwenhuis/crossref/nw_88.json,https://api.crossref.org/works?query.bibliographic=Nature+2009++02-Jul+95&rows=20&filter=from-pub-date%3A2009-01-01%2Cuntil-pub-date%3A2009-12-31%2Ctype%3Ajournal-article,2026-10-06T00:54:33.501440+00:00,15fd322fabf198018da0df3d38372871c65837bbc5092606664b41d7bbae25e0,50007
private-data/nieuwenhuis/crossref/nw_88_9795dfb84f85.json,https://api.crossref.org/works/10.1038%2Fnature08103,2026-10-06T00:58:58.072321+00:00,565de9d3793f24a01ada4058d4e537827d480e5e12169dc0ea3c50a18a1b8638,11329
private-data/nieuwenhuis/crossref/nw_89.json,https://api.crossref.org/works?query.bibliographic=Nature+2009++14-May+259&rows=20&filter=from-pub-date%3A2009-01-01%2Cuntil-pub-date%3A2009-12-31%2Ctype%3Ajournal-article,2026-10-06T00:54:37.909937+00:00,c4238bace3b4ec78fec96cf4a2330ac4c20d0450744097c2ddf2fed6972e79a3,43312
private-data/nieuwenhuis/crossref/nw_89_19de7710244b.json,https://api.crossref.org/works/10.1038%2Fnature07868,2026-10-06T00:58:59.401148+00:00,40a9091d72b4f5a683ba931a5dabbf2d6137e2be830acecd7c739bfd2baaba50,15688
private-data/nieuwenhuis/crossref/nw_9.json,https://api.crossref.org/works?query.bibliographic=Nature+Neuroscience+2010+13+5+635&rows=20&filter=from-pub-date%3A2010-01-01%2Cuntil-pub-date%3A2010-12-31%2Ctype%3Ajournal-article,2026-10-06T00:53:16.075480+00:00,350143ef3a9a65db117985aa7da27a2f521bafd3677cf814de4262ce3c27afa8,66900
private-data/nieuwenhuis/crossref/nw_90.json,https://api.crossref.org/works?query.bibliographic=Science+2009++20-Nov+1079&rows=20&filter=from-pub-date%3A2009-01-01%2Cuntil-pub-date%3A2009-12-31%2Ctype%3Ajournal-article,2026-10-06T00:54:40.186259+00:00,6ab6e5b623962d5608ddf25819a9483d5406aab86ae11a2e6ce82c6a6d39d862,59448
private-data/nieuwenhuis/crossref/nw_91.json,https://api.crossref.org/works?query.bibliographic=Science+2009++21-Aug+1018&rows=20&filter=from-pub-date%3A2009-01-01%2Cuntil-pub-date%3A2009-12-31%2Ctype%3Ajournal-article,2026-10-06T00:54:34.378841+00:00,b489d94ba27f39ebbaff190aea00117752aeb29947fd2bcc7985bed3cdd6817c,138414
private-data/nieuwenhuis/crossref/nw_91_01df56c743fc.json,https://api.crossref.org/works?query.bibliographic=Science+2009++5943+1018+&rows=20&filter=from-pub-date%3A2009-01-01%2Cuntil-pub-date%3A2009-12-31%2Ctype%3Ajournal-article,2026-10-06T00:59:01.326668+00:00,ba4888f51692e155f1491f73d9bf3ac646a38d845ecb989b5828c4cec5e918e4,33844
private-data/nieuwenhuis/crossref/nw_92.json,https://api.crossref.org/works?query.bibliographic=Science+2009++31-Jul+612&rows=20&filter=from-pub-date%3A2009-01-01%2Cuntil-pub-date%3A2009-12-31%2Ctype%3Ajournal-article,2026-10-06T00:54:34.943997+00:00,37dc2392458e43586d9fdb00f04354ac0c2e2cc20223b5123c998b221e30f29b,80595
private-data/nieuwenhuis/crossref/nw_93.json,https://api.crossref.org/works?query.bibliographic=Science+2009++31-Jul+622&rows=20&filter=from-pub-date%3A2009-01-01%2Cuntil-pub-date%3A2009-12-31%2Ctype%3Ajournal-article,2026-10-06T00:54:38.005328+00:00,936f2116ae080974f02649559f071129892865e47fa159fc6efb453ce602f046,48626
private-data/nieuwenhuis/crossref/nw_93_93dd1f7278e4.json,https://api.crossref.org/works?query.bibliographic=Science+2009++5940+622+&rows=20&filter=from-pub-date%3A2009-01-01%2Cuntil-pub-date%3A2009-12-31%2Ctype%3Ajournal-article,2026-10-06T00:59:03.788527+00:00,449ca91e0b4956710a712fbbd146cc667d78a11c92ad11aee0df949bbf313894,35517
private-data/nieuwenhuis/crossref/nw_94_a85f5a1cffcc.json,https://api.crossref.org/works?query.bibliographic=Science+2009++5936+55+&rows=20&filter=from-pub-date%3A2009-01-01%2Cuntil-pub-date%3A2009-12-31%2Ctype%3Ajournal-article,2026-10-06T00:59:05.607799+00:00,639441750e80aac3d93db578fe8b52fc679ceda9c7400b31e504e32c4b8feb45,36661
private-data/nieuwenhuis/crossref/nw_95.json,https://api.crossref.org/works?query.bibliographic=Science+2009++03-Jul+780&rows=20&filter=from-pub-date%3A2009-01-01%2Cuntil-pub-date%3A2009-12-31%2Ctype%3Ajournal-article,2026-10-06T00:54:45.262672+00:00,143963f585d69356f31e25125e5e3d7863136bf243859c3443d9083f4a1f445a,43012
private-data/nieuwenhuis/crossref/nw_95_db7b53577176.json,https://api.crossref.org/works?query.bibliographic=Science+2009++5936+780+&rows=20&filter=from-pub-date%3A2009-01-01%2Cuntil-pub-date%3A2009-12-31%2Ctype%3Ajournal-article,2026-10-06T00:59:07.585721+00:00,062db49f775b389eb0b6e423f590e0cab9f12aafcd9ac67796ed68a470ecf3fd,36660
private-data/nieuwenhuis/crossref/nw_96.json,https://api.crossref.org/works?query.bibliographic=Science+2009++19-Jun+1584&rows=20&filter=from-pub-date%3A2009-01-01%2Cuntil-pub-date%3A2009-12-31%2Ctype%3Ajournal-article,2026-10-06T00:54:43.199725+00:00,7d97524dd5b5442e2a5ddf00d87962aac1f70d577a4248f193e0b7eb485d1fa1,73827
private-data/nieuwenhuis/crossref/nw_96_8699b3c59dd6.json,https://api.crossref.org/works?query.bibliographic=Science+2009++5934+1584+&rows=20&filter=from-pub-date%3A2009-01-01%2Cuntil-pub-date%3A2009-12-31%2Ctype%3Ajournal-article,2026-10-06T00:59:09.616976+00:00,9268ca616a74b51fd35f175907480d2dfaef069aa2d02b1f8563d8e7ea4fc42a,33860
private-data/nieuwenhuis/crossref/nw_97.json,https://api.crossref.org/works?query.bibliographic=Science+2009++22-May+1083&rows=20&filter=from-pub-date%3A2009-01-01%2Cuntil-pub-date%3A2009-12-31%2Ctype%3Ajournal-article,2026-10-06T00:54:44.095765+00:00,5d38ebcc675316a1968447431df4177979bbebc44c393012e9b361600b64e48f,58023
private-data/nieuwenhuis/crossref/nw_98.json,https://api.crossref.org/works?query.bibliographic=Science+2009++15-May+952&rows=20&filter=from-pub-date%3A2009-01-01%2Cuntil-pub-date%3A2009-12-31%2Ctype%3Ajournal-article,2026-10-06T00:54:45.009389+00:00,d306686136c8720a0af129beac41b99b4d14a8213e5008994e026f2d23101dbb,56123
private-data/nieuwenhuis/crossref/nw_98_48b8cd7767e7.json,https://api.crossref.org/works?query.bibliographic=Science+2009++5929+952+&rows=20&filter=from-pub-date%3A2009-01-01%2Cuntil-pub-date%3A2009-12-31%2Ctype%3Ajournal-article,2026-10-06T00:59:11.851290+00:00,a9e436128f7461dd4153e53393b62c2fba59356f1f64d72c37f03918a8aed54d,33268
private-data/nieuwenhuis/crossref/nw_99.json,https://api.crossref.org/works?query.bibliographic=Science+2009++15-May+949&rows=20&filter=from-pub-date%3A2009-01-01%2Cuntil-pub-date%3A2009-12-31%2Ctype%3Ajournal-article,2026-10-06T00:54:46.060216+00:00,2e2d4a76e3d09f37f2077fb1addedc3b55e89f311ea898383854907aac7a7052,41041
private-data/nieuwenhuis/crossref/nw_99_7e7013497888.json,https://api.crossref.org/works?query.bibliographic=Science+2009++5929+949+&rows=20&filter=from-pub-date%3A2009-01-01%2Cuntil-pub-date%3A2009-12-31%2Ctype%3Ajournal-article,2026-10-06T00:59:13.709852+00:00,d789b6b4deee54986d16b95f098fddaca1195c3847870df42a1b3ce75267be18,33356
private-data/nieuwenhuis/journals/0028-0836/235055590e5e0225.json,https://api.crossref.org/journals/0028-0836/works?filter=from-pub-date%3A2008-01-01%2Cuntil-pub-date%3A2010-12-31%2Ctype%3Ajournal-article&rows=1000&cursor=MTI2MTQ5OTE3MzAwMCwxMC4xMDM4JTJGNDYyOTYxYw%3D%3D&select=DOI%2Ctitle%2Ccontainer-title%2Cvolume%2Cissue%2Cpage%2Cpublished-print%2Cpublished%2CISSN,2026-10-06T01:05:08.804062+00:00,0489a3bde6c1cd6584eacbe02e4a376c8aaeb6b5707b29d9d2186f173a23e9f0,262648
private-data/nieuwenhuis/journals/0028-0836/32b4e13fe47fdb68.json,https://api.crossref.org/journals/0028-0836/works?filter=from-pub-date%3A2008-01-01%2Cuntil-pub-date%3A2010-12-31%2Ctype%3Ajournal-article&rows=1000&cursor=MTI0MDM5MDc1NjAwMCwxMC4xMDM4JTJGbmV3cy4yMDA5LjM3OA%3D%3D&select=DOI%2Ctitle%2Ccontainer-title%2Cvolume%2Cissue%2Cpage%2Cpublished-print%2Cpublished%2CISSN,2026-10-06T01:04:59.061576+00:00,8289e57dd2e6fffaa7826f43259eeb38245f65d544acbac610a7b5e3f2a83816,259567
private-data/nieuwenhuis/journals/0028-0836/3bb4db0d3d980c44.json,https://api.crossref.org/journals/0028-0836/works?filter=from-pub-date%3A2008-01-01%2Cuntil-pub-date%3A2010-12-31%2Ctype%3Ajournal-article&rows=1000&cursor=MTIxOTg2MTM4MzAwMCwxMC4xMDM4JTJGNDU0MTAzMmQ%3D&select=DOI%2Ctitle%2Ccontainer-title%2Cvolume%2Cissue%2Cpage%2Cpublished-print%2Cpublished%2CISSN,2026-10-06T01:04:52.232253+00:00,4e92674f239fbd7f74d265d33da45b891b29dc76f4f0563fe291e610d88a6e1b,262984
private-data/nieuwenhuis/journals/0028-0836/6601fda4f0164e57.json,https://api.crossref.org/journals/0028-0836/works?filter=from-pub-date%3A2008-01-01%2Cuntil-pub-date%3A2010-12-31%2Ctype%3Ajournal-article&rows=1000&cursor=MTIyNTkwOTU2MTAwMCwxMC4xMDM4JTJGNDU2MDM3YQ%3D%3D&select=DOI%2Ctitle%2Ccontainer-title%2Cvolume%2Cissue%2Cpage%2Cpublished-print%2Cpublished%2CISSN,2026-10-06T01:04:54.296288+00:00,0d5ce1a6f57628cd9140fba6c54c334f26ddfe212d740bea0ae1a97978ccd22d,261557
private-data/nieuwenhuis/journals/0028-0836/69b41dfb583bf6a8.json,https://api.crossref.org/journals/0028-0836/works?filter=from-pub-date%3A2008-01-01%2Cuntil-pub-date%3A2010-12-31%2Ctype%3Ajournal-article&rows=1000&cursor=MTIzMzE1MDQxNzAwMCwxMC4xMDM4JTJGNzIyOTUxMGM%3D&select=DOI%2Ctitle%2Ccontainer-title%2Cvolume%2Cissue%2Cpage%2Cpublished-print%2Cpublished%2CISSN,2026-10-06T01:04:56.755972+00:00,b550f1b7347409b47098d37b9234894ef9fe4a31336bbe90af415f18ebe898b6,258962
private-data/nieuwenhuis/journals/0028-0836/70b06313395a63db.json,https://api.crossref.org/journals/0028-0836/works?filter=from-pub-date%3A2008-01-01%2Cuntil-pub-date%3A2010-12-31%2Ctype%3Ajournal-article&rows=1000&cursor=MTIxMzIwNTcwNTAwMCwxMC4xMDM4JTJGNDUzODIzYQ%3D%3D&select=DOI%2Ctitle%2Ccontainer-title%2Cvolume%2Cissue%2Cpage%2Cpublished-print%2Cpublished%2CISSN,2026-10-06T01:04:49.809073+00:00,ee5668333b2df11115691049e70da0512a120e06e03c338ad228dfb95a35d06d,262108
private-data/nieuwenhuis/journals/0028-0836/77cbb3205223d38d.json,https://api.crossref.org/journals/0028-0836/works?filter=from-pub-date%3A2008-01-01%2Cuntil-pub-date%3A2010-12-31%2Ctype%3Ajournal-article&rows=1000&cursor=MTI0NzA0MjI1NDAwMCwxMC4xMDM4JTJGbmV3cy4yMDA5LjY0NQ%3D%3D&select=DOI%2Ctitle%2Ccontainer-title%2Cvolume%2Cissue%2Cpage%2Cpublished-print%2Cpublished%2CISSN,2026-10-06T01:05:01.455218+00:00,43aa990ad20c5da48dd7ea133638065d84fc70e0c42d2ca5f1ec1aad6a92927e,261029
private-data/nieuwenhuis/journals/0028-0836/8731c42edb7c5c23.json,https://api.crossref.org/journals/0028-0836/works?filter=from-pub-date%3A2008-01-01%2Cuntil-pub-date%3A2010-12-31%2Ctype%3Ajournal-article&rows=1000&cursor=MTIwNjUyNDgxNDAwMCwxMC4xMDM4JTJGbmV3cy4yMDA4LjY4OQ%3D%3D&select=DOI%2Ctitle%2Ccontainer-title%2Cvolume%2Cissue%2Cpage%2Cpublished-print%2Cpublished%2CISSN,2026-10-06T01:04:47.687611+00:00,0edc3fe0f7bd5486f79ee8edc88e9c2f5c4c72bc453c63fcee3394d12c6843d9,262173
private-data/nieuwenhuis/journals/0028-0836/a78a5b700b6183db.json,https://api.crossref.org/journals/0028-0836/works?filter=from-pub-date%3A2008-01-01%2Cuntil-pub-date%3A2010-12-31%2Ctype%3Ajournal-article&rows=1000&cursor=MTI5MTc0NDAyNDAwMCwxMC4xMDM4JTJGNDY4ODU0YQ%3D%3D&select=DOI%2Ctitle%2Ccontainer-title%2Cvolume%2Cissue%2Cpage%2Cpublished-print%2Cpublished%2CISSN,2026-10-06T01:05:19.073740+00:00,d5ff1c1202d7a83929cac3bd55284f9e724db38435e9ef6b67cece8956d09ba9,66070
private-data/nieuwenhuis/journals/0028-0836/ad857cb075e4290a.json,https://api.crossref.org/journals/0028-0836/works?filter=from-pub-date%3A2008-01-01%2Cuntil-pub-date%3A2010-12-31%2Ctype%3Ajournal-article&rows=1000&cursor=MTI2OTM1OTE0MTAwMCwxMC4xMDM4JTJGNDY0NDk3YQ%3D%3D&select=DOI%2Ctitle%2Ccontainer-title%2Cvolume%2Cissue%2Cpage%2Cpublished-print%2Cpublished%2CISSN,2026-10-06T01:05:12.263120+00:00,9261f2539cc7a270c14a79a7a2e10df77d482add165ad0bfc74ab990f0d56b3d,262336
private-data/nieuwenhuis/journals/0028-0836/be2da7dae08abe54.json,https://api.crossref.org/journals/0028-0836/works?filter=from-pub-date%3A2008-01-01%2Cuntil-pub-date%3A2010-12-31%2Ctype%3Ajournal-article&rows=1000&cursor=MTI1NDMyMDQ4MjAwMCwxMC4xMDM4JTJGNDYxNTkzYw%3D%3D&select=DOI%2Ctitle%2Ccontainer-title%2Cvolume%2Cissue%2Cpage%2Cpublished-print%2Cpublished%2CISSN,2026-10-06T01:05:06.121272+00:00,b22eb356da38e4350ee2f6c04928d237f46dd44ea4362901a6f723902dbe6f18,262144
private-data/nieuwenhuis/journals/0028-0836/de39c93bbde1fdd8.json,https://api.crossref.org/journals/0028-0836/works?filter=from-pub-date%3A2008-01-01%2Cuntil-pub-date%3A2010-12-31%2Ctype%3Ajournal-article&rows=1000&cursor=%2A&select=DOI%2Ctitle%2Ccontainer-title%2Cvolume%2Cissue%2Cpage%2Cpublished-print%2Cpublished%2CISSN,2026-10-06T01:04:45.514716+00:00,047aac902c63c597ea2370e026f18bf624823ccf3da014f7514819e9ddf9b926,262152
private-data/nieuwenhuis/journals/0028-0836/f0739c388b2d3676.json,https://api.crossref.org/journals/0028-0836/works?filter=from-pub-date%3A2008-01-01%2Cuntil-pub-date%3A2010-12-31%2Ctype%3Ajournal-article&rows=1000&cursor=MTI3NzIxMDUwMjAwMCwxMC4xMDM4JTJGbmF0dXJlMDkxMTg%3D&select=DOI%2Ctitle%2Ccontainer-title%2Cvolume%2Cissue%2Cpage%2Cpublished-print%2Cpublished%2CISSN,2026-10-06T01:05:14.497525+00:00,194143ee797a4348155d667e45a4e86ca8d14ae32a25d09382931ffec098c373,262390
private-data/nieuwenhuis/journals/0028-0836/f517807e008a2c52.json,https://api.crossref.org/journals/0028-0836/works?filter=from-pub-date%3A2008-01-01%2Cuntil-pub-date%3A2010-12-31%2Ctype%3Ajournal-article&rows=1000&cursor=MTI4NDYyNzY4NzAwMCwxMC4xMDM4JTJGbmV3cy4yMDEwLjQ2OQ%3D%3D&select=DOI%2Ctitle%2Ccontainer-title%2Cvolume%2Cissue%2Cpage%2Cpublished-print%2Cpublished%2CISSN,2026-10-06T01:05:16.760379+00:00,8afbcfa242e6ddd6eec9c70709c97c98c365cf2c096b47e1feef4127a728a810,261885
private-data/nieuwenhuis/journals/0036-8075/0da29fdeab78a719.json,https://api.crossref.org/journals/0036-8075/works?filter=from-pub-date%3A2008-01-01%2Cuntil-pub-date%3A2010-12-31%2Ctype%3Ajournal-article&rows=1000&cursor=MTI1ODY4NTk0ODAwMCwxMC4xMTI2JTJGc2NpZW5jZS4xMTc5MzI3&select=DOI%2Ctitle%2Ccontainer-title%2Cvolume%2Cissue%2Cpage%2Cpublished-print%2Cpublished%2CISSN,2026-10-06T01:05:48.786727+00:00,be9c6b010f447d94918dc266deaffc3f15c815b54dd07d0dd728f1de502439aa,303578
private-data/nieuwenhuis/journals/0036-8075/227a5e0f4162ca39.json,https://api.crossref.org/journals/0036-8075/works?filter=from-pub-date%3A2008-01-01%2Cuntil-pub-date%3A2010-12-31%2Ctype%3Ajournal-article&rows=1000&cursor=MTI4MzQ1NTU1NTAwMCwxMC4xMTI2JTJGc2NpZW5jZS4xMTkyOTA3&select=DOI%2Ctitle%2Ccontainer-title%2Cvolume%2Cissue%2Cpage%2Cpublished-print%2Cpublished%2CISSN,2026-10-06T01:05:55.446749+00:00,6fd239558401ad9ccacaf20c501d194767fff135bbcd8c2a385103680b4a39a7,304020
private-data/nieuwenhuis/journals/0036-8075/31ff20ab445546ff.json,https://api.crossref.org/journals/0036-8075/works?filter=from-pub-date%3A2008-01-01%2Cuntil-pub-date%3A2010-12-31%2Ctype%3Ajournal-article&rows=1000&cursor=MTI0Mjk0MjI3MTAwMCwxMC4xMTI2JTJGc2NpZW5jZS4xMTcyNzQw&select=DOI%2Ctitle%2Ccontainer-title%2Cvolume%2Cissue%2Cpage%2Cpublished-print%2Cpublished%2CISSN,2026-10-06T01:05:43.706164+00:00,795c8133d3b7d7059ded0f04bbcbadc8debe22e948f9e836ccb31e3c9c63b0df,299459
private-data/nieuwenhuis/journals/0036-8075/48c688f99b84bb41.json,https://api.crossref.org/journals/0036-8075/works?filter=from-pub-date%3A2008-01-01%2Cuntil-pub-date%3A2010-12-31%2Ctype%3Ajournal-article&rows=1000&cursor=MTIyMDU3OTcwMjAwMCwxMC4xMTI2JTJGc2NpZW5jZS4xMTY1NDkw&select=DOI%2Ctitle%2Ccontainer-title%2Cvolume%2Cissue%2Cpage%2Cpublished-print%2Cpublished%2CISSN,2026-10-06T01:05:35.947448+00:00,ddc5025b1a2eddf47073b16c96f71ebc9d21b71370e3b22d460d251e234b00fb,291959
private-data/nieuwenhuis/journals/0036-8075/7c4b04f55cc115c3.json,https://api.crossref.org/journals/0036-8075/works?filter=from-pub-date%3A2008-01-01%2Cuntil-pub-date%3A2010-12-31%2Ctype%3Ajournal-article&rows=1000&cursor=MTIwNjA0ODUwODAwMCwxMC4xMTI2JTJGc2NpZW5jZS4zMTkuNTg3MC4xNTkwYQ%3D%3D&select=DOI%2Ctitle%2Ccontainer-title%2Cvolume%2Cissue%2Cpage%2Cpublished-print%2Cpublished%2CISSN,2026-10-06T01:05:31.290552+00:00,7c37bcf3ba690604bcdef84be5b72e0eee266f62f411bff197735d3e55c364a9,288543
private-data/nieuwenhuis/journals/0036-8075/9756b8ec911c72fb.json,https://api.crossref.org/journals/0036-8075/works?filter=from-pub-date%3A2008-01-01%2Cuntil-pub-date%3A2010-12-31%2Ctype%3Ajournal-article&rows=1000&cursor=MTI5MTMwMDgzNjAwMCwxMC4xMTI2JTJGc2NpZW5jZS4zMzAuNjAwOS4xMjg1LWc%3D&select=DOI%2Ctitle%2Ccontainer-title%2Cvolume%2Cissue%2Cpage%2Cpublished-print%2Cpublished%2CISSN,2026-10-06T01:05:57.287050+00:00,f47d3036a833decabd704ebdb5a0dfd2c00247178afc6d9064255d37cca1d0f4,160119
private-data/nieuwenhuis/journals/0036-8075/b15b5f0fdc8d4de2.json,https://api.crossref.org/journals/0036-8075/works?filter=from-pub-date%3A2008-01-01%2Cuntil-pub-date%3A2010-12-31%2Ctype%3Ajournal-article&rows=1000&cursor=MTIxMzMxNTEzMzAwMCwxMC4xMTI2JTJGc2NpZW5jZS4zMjAuNTg4Mi4xMzk2YQ%3D%3D&select=DOI%2Ctitle%2Ccontainer-title%2Cvolume%2Cissue%2Cpage%2Cpublished-print%2Cpublished%2CISSN,2026-10-06T01:05:33.639560+00:00,5406cc517d82a8859b54eea998dabc5ec49a59e9eefb986e68258e2df3a7d4ae,289976
private-data/nieuwenhuis/journals/0036-8075/baf92f0c2b213dc1.json,https://api.crossref.org/journals/0036-8075/works?filter=from-pub-date%3A2008-01-01%2Cuntil-pub-date%3A2010-12-31%2Ctype%3Ajournal-article&rows=1000&cursor=MTI2NzEyOTA0MDAwMCwxMC4xMTI2JTJGc2NpZW5jZS4zMjcuNTk2OS4xMDU3LWc%3D&select=DOI%2Ctitle%2Ccontainer-title%2Cvolume%2Cissue%2Cpage%2Cpublished-print%2Cpublished%2CISSN,2026-10-06T01:05:50.934083+00:00,4179194ac0b659fc49c6b7897c0f62120180acf674a233c726af5382b546b6c6,300656
private-data/nieuwenhuis/journals/0036-8075/c55a029198170778.json,https://api.crossref.org/journals/0036-8075/works?filter=from-pub-date%3A2008-01-01%2Cuntil-pub-date%3A2010-12-31%2Ctype%3Ajournal-article&rows=1000&cursor=MTIyNzIxOTk3NjAwMCwxMC4xMTI2JTJGc2NpZW5jZS4zMjIuNTkwNS4xMTY5Yw%3D%3D&select=DOI%2Ctitle%2Ccontainer-title%2Cvolume%2Cissue%2Cpage%2Cpublished-print%2Cpublished%2CISSN,2026-10-06T01:05:38.737336+00:00,1983ed478c027874f2fccf712453eaccb8f36d5b1271294af7deec9dce7133ac,292112
private-data/nieuwenhuis/journals/0036-8075/d08e7efb3d17588d.json,https://api.crossref.org/journals/0036-8075/works?filter=from-pub-date%3A2008-01-01%2Cuntil-pub-date%3A2010-12-31%2Ctype%3Ajournal-article&rows=1000&cursor=MTIzNTA4NDYyNTAwMCwxMC4xMTI2JTJGc2NpZW5jZS4zMjMuNTkxNy4xMDAz&select=DOI%2Ctitle%2Ccontainer-title%2Cvolume%2Cissue%2Cpage%2Cpublished-print%2Cpublished%2CISSN,2026-10-06T01:05:41.047475+00:00,5a1cce500bdb06157298950d981d6df441640c52f02506ef1537ad6bc3fedb35,293640
private-data/nieuwenhuis/journals/0036-8075/d2310a85d657a767.json,https://api.crossref.org/journals/0036-8075/works?filter=from-pub-date%3A2008-01-01%2Cuntil-pub-date%3A2010-12-31%2Ctype%3Ajournal-article&rows=1000&cursor=MTI1MDc5MDEyMTAwMCwxMC4xMTI2JTJGc2NpZW5jZS4zMjVfOTE4ZQ%3D%3D&select=DOI%2Ctitle%2Ccontainer-title%2Cvolume%2Cissue%2Cpage%2Cpublished-print%2Cpublished%2CISSN,2026-10-06T01:05:46.742763+00:00,d3765621a1ce50bfaabff2ac3c2c528bc89982fed5ec094149fb199e3b9a5f81,300234
private-data/nieuwenhuis/journals/0036-8075/e23e9184660e06d0.json,https://api.crossref.org/journals/0036-8075/works?filter=from-pub-date%3A2008-01-01%2Cuntil-pub-date%3A2010-12-31%2Ctype%3Ajournal-article&rows=1000&cursor=MTI3NDk4NDE0NzAwMCwxMC4xMTI2JTJGc2NpZW5jZS4zMjguNTk4Mi4xMDg5LWI%3D&select=DOI%2Ctitle%2Ccontainer-title%2Cvolume%2Cissue%2Cpage%2Cpublished-print%2Cpublished%2CISSN,2026-10-06T01:05:53.308620+00:00,805af0f9170cedf5d7af864cd661edfec057ad4e349226efa8e102f0fe11d6aa,301496
private-data/nieuwenhuis/journals/0036-8075/fd47734752bf4d4a.json,https://api.crossref.org/journals/0036-8075/works?filter=from-pub-date%3A2008-01-01%2Cuntil-pub-date%3A2010-12-31%2Ctype%3Ajournal-article&rows=1000&cursor=%2A&select=DOI%2Ctitle%2Ccontainer-title%2Cvolume%2Cissue%2Cpage%2Cpublished-print%2Cpublished%2CISSN,2026-10-06T01:05:28.953951+00:00,4ff0778bf9de8809fee283077ff8dac4753951512f423ebe78f550771d75ba16,290740
private-data/nieuwenhuis/journals/0270-6474/0eb2b80ec2f83106.json,https://api.crossref.org/journals/0270-6474/works?filter=from-pub-date%3A2008-01-01%2Cuntil-pub-date%3A2010-12-31%2Ctype%3Ajournal-article&rows=1000&cursor=MTI0MDQyMjYwOTAwMCwxMC4xNTIzJTJGam5ldXJvc2NpLjQ3MzctMDguMjAwOQ%3D%3D&select=DOI%2Ctitle%2Ccontainer-title%2Cvolume%2Cissue%2Cpage%2Cpublished-print%2Cpublished%2CISSN,2026-10-06T01:04:38.992655+00:00,af0c1c6a9b35f0f772f1471bcabac3cc7c0bda6f7e542d899ab1725bafd1e5c4,378471
private-data/nieuwenhuis/journals/0270-6474/6ac6abd4dd0c8784.json,https://api.crossref.org/journals/0270-6474/works?filter=from-pub-date%3A2008-01-01%2Cuntil-pub-date%3A2010-12-31%2Ctype%3Ajournal-article&rows=1000&cursor=%2A&select=DOI%2Ctitle%2Ccontainer-title%2Cvolume%2Cissue%2Cpage%2Cpublished-print%2Cpublished%2CISSN,2026-10-06T01:04:34.338598+00:00,0b59df692eae0c4481fb7639f04d27955f00ec7a6ceab9b144672a6375bdde9f,380617
private-data/nieuwenhuis/journals/0270-6474/7917422a7fc95561.json,https://api.crossref.org/journals/0270-6474/works?filter=from-pub-date%3A2008-01-01%2Cuntil-pub-date%3A2010-12-31%2Ctype%3Ajournal-article&rows=1000&cursor=MTIyMjI3MzcwMzAwMCwxMC4xNTIzJTJGam5ldXJvc2NpLjA1MDktMDguMjAwOA%3D%3D&select=DOI%2Ctitle%2Ccontainer-title%2Cvolume%2Cissue%2Cpage%2Cpublished-print%2Cpublished%2CISSN,2026-10-06T01:04:36.559844+00:00,996ce8cdb1145e32c7e4dbc74163a801ebf863d39d571baccacb46bfd55784ba,382685
private-data/nieuwenhuis/journals/0270-6474/c1c72292f0aeb793.json,https://api.crossref.org/journals/0270-6474/works?filter=from-pub-date%3A2008-01-01%2Cuntil-pub-date%3A2010-12-31%2Ctype%3Ajournal-article&rows=1000&cursor=MTI3OTg5OTIzODAwMCwxMC4xNTIzJTJGam5ldXJvc2NpLjExODMtMTAuMjAxMA%3D%3D&select=DOI%2Ctitle%2Ccontainer-title%2Cvolume%2Cissue%2Cpage%2Cpublished-print%2Cpublished%2CISSN,2026-10-06T01:04:43.388971+00:00,74d1c1d8c849e215c87e244db657f21bc23b70f8fd21bd2def233f6bc38ef082,303296
private-data/nieuwenhuis/journals/0270-6474/f4fd014b5145c4a2.json,https://api.crossref.org/journals/0270-6474/works?filter=from-pub-date%3A2008-01-01%2Cuntil-pub-date%3A2010-12-31%2Ctype%3Ajournal-article&rows=1000&cursor=MTI1OTc3OTMyMzAwMCwxMC4xNTIzJTJGam5ldXJvc2NpLjMyMzEtMDkuMjAwOQ%3D%3D&select=DOI%2Ctitle%2Ccontainer-title%2Cvolume%2Cissue%2Cpage%2Cpublished-print%2Cpublished%2CISSN,2026-10-06T01:04:41.357531+00:00,dfec6a718496328f592f003c578bdfd3f224279628fd78a64b2855204df62ebc,379904
private-data/nieuwenhuis/journals/0896-6273/0c3ebb558f89a597.json,https://api.crossref.org/journals/0896-6273/works?filter=from-pub-date%3A2008-01-01%2Cuntil-pub-date%3A2010-12-31%2Ctype%3Ajournal-article&rows=1000&cursor=%2A&select=DOI%2Ctitle%2Ccontainer-title%2Cvolume%2Cissue%2Cpage%2Cpublished-print%2Cpublished%2CISSN,2026-10-06T01:05:24.276673+00:00,9924095f96ca064608c7edc666b6ba5b84f7674efbbc946e73e79867133e892d,310637
private-data/nieuwenhuis/journals/0896-6273/35d9806bec000a2f.json,https://api.crossref.org/journals/0896-6273/works?filter=from-pub-date%3A2008-01-01%2Cuntil-pub-date%3A2010-12-31%2Ctype%3Ajournal-article&rows=1000&cursor=MTI3NzM1NjIxMjAwMCwxMC4xMDE2JTJGai5uZXVyb24uMjAxMC4wNS4wMTg%3D&select=DOI%2Ctitle%2Ccontainer-title%2Cvolume%2Cissue%2Cpage%2Cpublished-print%2Cpublished%2CISSN,2026-10-06T01:05:26.750042+00:00,7360a934066e2b7b2d902b18b8e5da85c92b7c06cf15fe7aac7ee21e296e4e75,69043
private-data/nieuwenhuis/journals/1097-6256/e91789e15bde8f16.json,https://api.crossref.org/journals/1097-6256/works?filter=from-pub-date%3A2008-01-01%2Cuntil-pub-date%3A2010-12-31%2Ctype%3Ajournal-article&rows=1000&cursor=%2A&select=DOI%2Ctitle%2Ccontainer-title%2Cvolume%2Cissue%2Cpage%2Cpublished-print%2Cpublished%2CISSN,2026-10-06T01:05:21.488131+00:00,e84d119216d465b207b09fdde724ff3ca225a6aa51926b75fc7c9f142bae2e34,276134
