article_id,year,citations,status
i4r_a8e2f8f02be321,2017,98,complete
i4r_a8e2f8f02be321,2018,86,complete
i4r_a8e2f8f02be321,2019,107,complete
i4r_a8e2f8f02be321,2020,95,complete
i4r_a8e2f8f02be321,2021,113,complete
i4r_a8e2f8f02be321,2022,102,complete
i4r_a8e2f8f02be321,2023,106,complete
i4r_a8e2f8f02be321,2024,124,complete
i4r_a8e2f8f02be321,2025,149,complete
i4r_9008b2600de80c,2017,0,complete
i4r_9008b2600de80c,2018,1,complete
i4r_9008b2600de80c,2019,3,complete
i4r_9008b2600de80c,2020,1,complete
i4r_9008b2600de80c,2021,5,complete
i4r_9008b2600de80c,2022,7,complete
i4r_9008b2600de80c,2023,16,complete
i4r_9008b2600de80c,2024,3,complete
i4r_9008b2600de80c,2025,15,complete
i4r_ece0397b04bfa9,2017,7,complete
i4r_ece0397b04bfa9,2018,9,complete
i4r_ece0397b04bfa9,2019,5,complete
i4r_ece0397b04bfa9,2020,6,complete
i4r_ece0397b04bfa9,2021,8,complete
i4r_ece0397b04bfa9,2022,9,complete
i4r_ece0397b04bfa9,2023,9,complete
i4r_ece0397b04bfa9,2024,18,complete
i4r_ece0397b04bfa9,2025,5,complete
i4r_ba9c5a9dc17190,2017,0,complete
i4r_ba9c5a9dc17190,2018,0,complete
i4r_ba9c5a9dc17190,2019,0,complete
i4r_ba9c5a9dc17190,2020,3,complete
i4r_ba9c5a9dc17190,2021,1,complete
i4r_ba9c5a9dc17190,2022,3,complete
i4r_ba9c5a9dc17190,2023,12,complete
i4r_ba9c5a9dc17190,2024,43,complete
i4r_ba9c5a9dc17190,2025,14,complete
i4r_9add9d2fff6627,2017,0,complete
i4r_9add9d2fff6627,2018,9,complete
i4r_9add9d2fff6627,2019,11,complete
i4r_9add9d2fff6627,2020,7,complete
i4r_9add9d2fff6627,2021,13,complete
i4r_9add9d2fff6627,2022,10,complete
i4r_9add9d2fff6627,2023,15,complete
i4r_9add9d2fff6627,2024,22,complete
i4r_9add9d2fff6627,2025,36,complete
i4r_6d77bf53ba0e83,2017,0,complete
i4r_6d77bf53ba0e83,2018,4,complete
i4r_6d77bf53ba0e83,2019,3,complete
i4r_6d77bf53ba0e83,2020,3,complete
i4r_6d77bf53ba0e83,2021,2,complete
i4r_6d77bf53ba0e83,2022,4,complete
i4r_6d77bf53ba0e83,2023,12,complete
i4r_6d77bf53ba0e83,2024,13,complete
i4r_6d77bf53ba0e83,2025,16,complete
i4r_40a2331682db05,2017,0,complete
i4r_40a2331682db05,2018,0,complete
i4r_40a2331682db05,2019,1,complete
i4r_40a2331682db05,2020,2,complete
i4r_40a2331682db05,2021,1,complete
i4r_40a2331682db05,2022,7,complete
i4r_40a2331682db05,2023,4,complete
i4r_40a2331682db05,2024,10,complete
i4r_40a2331682db05,2025,8,complete
i4r_943c99d2618261,2017,0,complete
i4r_943c99d2618261,2018,0,complete
i4r_943c99d2618261,2019,0,complete
i4r_943c99d2618261,2020,4,complete
i4r_943c99d2618261,2021,6,complete
i4r_943c99d2618261,2022,7,complete
i4r_943c99d2618261,2023,29,complete
i4r_943c99d2618261,2024,41,complete
i4r_943c99d2618261,2025,56,complete
i4r_f0ac45a4d0b553,2017,0,complete
i4r_f0ac45a4d0b553,2018,0,complete
i4r_f0ac45a4d0b553,2019,1,complete
i4r_f0ac45a4d0b553,2020,1,complete
i4r_f0ac45a4d0b553,2021,1,complete
i4r_f0ac45a4d0b553,2022,1,complete
i4r_f0ac45a4d0b553,2023,18,complete
i4r_f0ac45a4d0b553,2024,20,complete
i4r_f0ac45a4d0b553,2025,27,complete
i4r_8dd47017682d9a,2017,2,complete
i4r_8dd47017682d9a,2018,3,complete
i4r_8dd47017682d9a,2019,4,complete
i4r_8dd47017682d9a,2020,15,complete
i4r_8dd47017682d9a,2021,29,complete
i4r_8dd47017682d9a,2022,43,complete
i4r_8dd47017682d9a,2023,54,complete
i4r_8dd47017682d9a,2024,57,complete
i4r_8dd47017682d9a,2025,79,complete
i4r_19321c88424658,2017,2,complete
i4r_19321c88424658,2018,1,complete
i4r_19321c88424658,2019,17,complete
i4r_19321c88424658,2020,29,complete
i4r_19321c88424658,2021,111,complete
i4r_19321c88424658,2022,86,complete
i4r_19321c88424658,2023,125,complete
i4r_19321c88424658,2024,126,complete
i4r_19321c88424658,2025,137,complete
i4r_ddd0c180402652,2017,0,complete
i4r_ddd0c180402652,2018,1,complete
i4r_ddd0c180402652,2019,4,complete
i4r_ddd0c180402652,2020,14,complete
i4r_ddd0c180402652,2021,38,complete
i4r_ddd0c180402652,2022,24,complete
i4r_ddd0c180402652,2023,51,complete
i4r_ddd0c180402652,2024,46,complete
i4r_ddd0c180402652,2025,39,complete
i4r_fbc5a7d8cacda5,2017,0,complete
i4r_fbc5a7d8cacda5,2018,0,complete
i4r_fbc5a7d8cacda5,2019,0,complete
i4r_fbc5a7d8cacda5,2020,0,complete
i4r_fbc5a7d8cacda5,2021,0,complete
i4r_fbc5a7d8cacda5,2022,0,complete
i4r_fbc5a7d8cacda5,2023,0,complete
i4r_fbc5a7d8cacda5,2024,6,complete
i4r_fbc5a7d8cacda5,2025,6,complete
i4r_36c277e19924ef,2017,0,complete
i4r_36c277e19924ef,2018,0,complete
i4r_36c277e19924ef,2019,0,complete
i4r_36c277e19924ef,2020,0,complete
i4r_36c277e19924ef,2021,0,complete
i4r_36c277e19924ef,2022,3,complete
i4r_36c277e19924ef,2023,0,complete
i4r_36c277e19924ef,2024,3,complete
i4r_36c277e19924ef,2025,0,complete
i4r_d25399d7025632,2017,0,complete
i4r_d25399d7025632,2018,0,complete
i4r_d25399d7025632,2019,0,complete
i4r_d25399d7025632,2020,0,complete
i4r_d25399d7025632,2021,0,complete
i4r_d25399d7025632,2022,1,complete
i4r_d25399d7025632,2023,3,complete
i4r_d25399d7025632,2024,6,complete
i4r_d25399d7025632,2025,4,complete
i4r_81ed5e78bd7922,2017,0,complete
i4r_81ed5e78bd7922,2018,0,complete
i4r_81ed5e78bd7922,2019,0,complete
i4r_81ed5e78bd7922,2020,0,complete
i4r_81ed5e78bd7922,2021,2,complete
i4r_81ed5e78bd7922,2022,9,complete
i4r_81ed5e78bd7922,2023,23,complete
i4r_81ed5e78bd7922,2024,8,complete
i4r_81ed5e78bd7922,2025,9,complete
i4r_adaea32e2a25ee,2017,0,complete
i4r_adaea32e2a25ee,2018,0,complete
i4r_adaea32e2a25ee,2019,4,complete
i4r_adaea32e2a25ee,2020,1,complete
i4r_adaea32e2a25ee,2021,7,complete
i4r_adaea32e2a25ee,2022,10,complete
i4r_adaea32e2a25ee,2023,10,complete
i4r_adaea32e2a25ee,2024,10,complete
i4r_adaea32e2a25ee,2025,7,complete
i4r_4ad5c8ba27a97a,2017,0,complete
i4r_4ad5c8ba27a97a,2018,0,complete
i4r_4ad5c8ba27a97a,2019,0,complete
i4r_4ad5c8ba27a97a,2020,0,complete
i4r_4ad5c8ba27a97a,2021,0,complete
i4r_4ad5c8ba27a97a,2022,0,complete
i4r_4ad5c8ba27a97a,2023,1,complete
i4r_4ad5c8ba27a97a,2024,1,complete
i4r_4ad5c8ba27a97a,2025,2,complete
i4r_a5c9015fcc205e,2017,0,complete
i4r_a5c9015fcc205e,2018,0,complete
i4r_a5c9015fcc205e,2019,0,complete
i4r_a5c9015fcc205e,2020,0,complete
i4r_a5c9015fcc205e,2021,0,complete
i4r_a5c9015fcc205e,2022,1,complete
i4r_a5c9015fcc205e,2023,2,complete
i4r_a5c9015fcc205e,2024,4,complete
i4r_a5c9015fcc205e,2025,5,complete
i4r_ef48ba7d5dda3b,2017,0,complete
i4r_ef48ba7d5dda3b,2018,0,complete
i4r_ef48ba7d5dda3b,2019,0,complete
i4r_ef48ba7d5dda3b,2020,0,complete
i4r_ef48ba7d5dda3b,2021,0,complete
i4r_ef48ba7d5dda3b,2022,6,complete
i4r_ef48ba7d5dda3b,2023,118,complete
i4r_ef48ba7d5dda3b,2024,176,complete
i4r_ef48ba7d5dda3b,2025,138,complete
i4r_303d46940c06ba,2017,0,complete
i4r_303d46940c06ba,2018,0,complete
i4r_303d46940c06ba,2019,0,complete
i4r_303d46940c06ba,2020,0,complete
i4r_303d46940c06ba,2021,0,complete
i4r_303d46940c06ba,2022,0,complete
i4r_303d46940c06ba,2023,0,complete
i4r_303d46940c06ba,2024,7,complete
i4r_303d46940c06ba,2025,31,complete
i4r_bbc3a15a115bdf,2017,1,complete
i4r_bbc3a15a115bdf,2018,0,complete
i4r_bbc3a15a115bdf,2019,0,complete
i4r_bbc3a15a115bdf,2020,0,complete
i4r_bbc3a15a115bdf,2021,0,complete
i4r_bbc3a15a115bdf,2022,0,complete
i4r_bbc3a15a115bdf,2023,1,complete
i4r_bbc3a15a115bdf,2024,1,complete
i4r_bbc3a15a115bdf,2025,4,complete
i4r_b909931e3840c4,2017,0,complete
i4r_b909931e3840c4,2018,2,complete
i4r_b909931e3840c4,2019,10,complete
i4r_b909931e3840c4,2020,13,complete
i4r_b909931e3840c4,2021,21,complete
i4r_b909931e3840c4,2022,25,complete
i4r_b909931e3840c4,2023,37,complete
i4r_b909931e3840c4,2024,44,complete
i4r_b909931e3840c4,2025,32,complete
i4r_173aa4731697b3,2017,0,complete
i4r_173aa4731697b3,2018,0,complete
i4r_173aa4731697b3,2019,0,complete
i4r_173aa4731697b3,2020,0,complete
i4r_173aa4731697b3,2021,0,complete
i4r_173aa4731697b3,2022,6,complete
i4r_173aa4731697b3,2023,22,complete
i4r_173aa4731697b3,2024,29,complete
i4r_173aa4731697b3,2025,15,complete
i4r_c56641d25d4131,2017,0,complete
i4r_c56641d25d4131,2018,0,complete
i4r_c56641d25d4131,2019,0,complete
i4r_c56641d25d4131,2020,1,complete
i4r_c56641d25d4131,2021,0,complete
i4r_c56641d25d4131,2022,0,complete
i4r_c56641d25d4131,2023,9,complete
i4r_c56641d25d4131,2024,31,complete
i4r_c56641d25d4131,2025,38,complete
i4r_8e08534afd80a1,2017,0,complete
i4r_8e08534afd80a1,2018,0,complete
i4r_8e08534afd80a1,2019,0,complete
i4r_8e08534afd80a1,2020,0,complete
i4r_8e08534afd80a1,2021,0,complete
i4r_8e08534afd80a1,2022,0,complete
i4r_8e08534afd80a1,2023,6,complete
i4r_8e08534afd80a1,2024,13,complete
i4r_8e08534afd80a1,2025,16,complete
i4r_f6e87dd32e413b,2017,0,complete
i4r_f6e87dd32e413b,2018,0,complete
i4r_f6e87dd32e413b,2019,0,complete
i4r_f6e87dd32e413b,2020,0,complete
i4r_f6e87dd32e413b,2021,0,complete
i4r_f6e87dd32e413b,2022,1,complete
i4r_f6e87dd32e413b,2023,12,complete
i4r_f6e87dd32e413b,2024,16,complete
i4r_f6e87dd32e413b,2025,10,complete
i4r_da7d534cd73f21,2017,0,complete
i4r_da7d534cd73f21,2018,0,complete
i4r_da7d534cd73f21,2019,0,complete
i4r_da7d534cd73f21,2020,0,complete
i4r_da7d534cd73f21,2021,0,complete
i4r_da7d534cd73f21,2022,0,complete
i4r_da7d534cd73f21,2023,0,complete
i4r_da7d534cd73f21,2024,0,complete
i4r_da7d534cd73f21,2025,3,complete
i4r_904ac0001198bc,2017,0,complete
i4r_904ac0001198bc,2018,0,complete
i4r_904ac0001198bc,2019,0,complete
i4r_904ac0001198bc,2020,0,complete
i4r_904ac0001198bc,2021,0,complete
i4r_904ac0001198bc,2022,0,complete
i4r_904ac0001198bc,2023,5,complete
i4r_904ac0001198bc,2024,3,complete
i4r_904ac0001198bc,2025,10,complete
i4r_466d580ff67801,2017,0,complete
i4r_466d580ff67801,2018,0,complete
i4r_466d580ff67801,2019,0,complete
i4r_466d580ff67801,2020,0,complete
i4r_466d580ff67801,2021,0,complete
i4r_466d580ff67801,2022,0,complete
i4r_466d580ff67801,2023,1,complete
i4r_466d580ff67801,2024,2,complete
i4r_466d580ff67801,2025,3,complete
i4r_6801aec0cf277a,2017,2,complete
i4r_6801aec0cf277a,2018,1,complete
i4r_6801aec0cf277a,2019,4,complete
i4r_6801aec0cf277a,2020,30,complete
i4r_6801aec0cf277a,2021,22,complete
i4r_6801aec0cf277a,2022,33,complete
i4r_6801aec0cf277a,2023,34,complete
i4r_6801aec0cf277a,2024,55,complete
i4r_6801aec0cf277a,2025,46,complete
i4r_51e335b164f78d,2017,0,complete
i4r_51e335b164f78d,2018,0,complete
i4r_51e335b164f78d,2019,0,complete
i4r_51e335b164f78d,2020,2,complete
i4r_51e335b164f78d,2021,1,complete
i4r_51e335b164f78d,2022,5,complete
i4r_51e335b164f78d,2023,21,complete
i4r_51e335b164f78d,2024,44,complete
i4r_51e335b164f78d,2025,26,complete
i4r_f16f4bc264e9bd,2017,0,complete
i4r_f16f4bc264e9bd,2018,0,complete
i4r_f16f4bc264e9bd,2019,0,complete
i4r_f16f4bc264e9bd,2020,0,complete
i4r_f16f4bc264e9bd,2021,0,complete
i4r_f16f4bc264e9bd,2022,1,complete
i4r_f16f4bc264e9bd,2023,2,complete
i4r_f16f4bc264e9bd,2024,2,complete
i4r_f16f4bc264e9bd,2025,9,complete
i4r_cf5ad6adbfb6b1,2017,0,complete
i4r_cf5ad6adbfb6b1,2018,0,complete
i4r_cf5ad6adbfb6b1,2019,0,complete
i4r_cf5ad6adbfb6b1,2020,0,complete
i4r_cf5ad6adbfb6b1,2021,0,complete
i4r_cf5ad6adbfb6b1,2022,0,complete
i4r_cf5ad6adbfb6b1,2023,7,complete
i4r_cf5ad6adbfb6b1,2024,5,complete
i4r_cf5ad6adbfb6b1,2025,14,complete
i4r_26bd5b00bdcf49,2017,0,complete
i4r_26bd5b00bdcf49,2018,0,complete
i4r_26bd5b00bdcf49,2019,0,complete
i4r_26bd5b00bdcf49,2020,2,complete
i4r_26bd5b00bdcf49,2021,5,complete
i4r_26bd5b00bdcf49,2022,12,complete
i4r_26bd5b00bdcf49,2023,33,complete
i4r_26bd5b00bdcf49,2024,57,complete
i4r_26bd5b00bdcf49,2025,59,complete
i4r_d443a9965545c3,2017,0,complete
i4r_d443a9965545c3,2018,0,complete
i4r_d443a9965545c3,2019,0,complete
i4r_d443a9965545c3,2020,0,complete
i4r_d443a9965545c3,2021,0,complete
i4r_d443a9965545c3,2022,0,complete
i4r_d443a9965545c3,2023,1,complete
i4r_d443a9965545c3,2024,2,complete
i4r_d443a9965545c3,2025,6,complete
i4r_0b8e0798a05816,2017,0,complete
i4r_0b8e0798a05816,2018,0,complete
i4r_0b8e0798a05816,2019,0,complete
i4r_0b8e0798a05816,2020,0,complete
i4r_0b8e0798a05816,2021,0,complete
i4r_0b8e0798a05816,2022,0,complete
i4r_0b8e0798a05816,2023,3,complete
i4r_0b8e0798a05816,2024,6,complete
i4r_0b8e0798a05816,2025,7,complete
i4r_5613309b5aa28b,2017,0,complete
i4r_5613309b5aa28b,2018,0,complete
i4r_5613309b5aa28b,2019,0,complete
i4r_5613309b5aa28b,2020,0,complete
i4r_5613309b5aa28b,2021,0,complete
i4r_5613309b5aa28b,2022,0,complete
i4r_5613309b5aa28b,2023,0,complete
i4r_5613309b5aa28b,2024,0,complete
i4r_5613309b5aa28b,2025,8,complete
i4r_58c93dd66918f1,2017,0,complete
i4r_58c93dd66918f1,2018,0,complete
i4r_58c93dd66918f1,2019,0,complete
i4r_58c93dd66918f1,2020,0,complete
i4r_58c93dd66918f1,2021,0,complete
i4r_58c93dd66918f1,2022,1,complete
i4r_58c93dd66918f1,2023,2,complete
i4r_58c93dd66918f1,2024,2,complete
i4r_58c93dd66918f1,2025,3,complete
i4r_fb4ff09a1124e4,2017,0,complete
i4r_fb4ff09a1124e4,2018,0,complete
i4r_fb4ff09a1124e4,2019,2,complete
i4r_fb4ff09a1124e4,2020,1,complete
i4r_fb4ff09a1124e4,2021,3,complete
i4r_fb4ff09a1124e4,2022,3,complete
i4r_fb4ff09a1124e4,2023,1,complete
i4r_fb4ff09a1124e4,2024,1,complete
i4r_fb4ff09a1124e4,2025,6,complete
i4r_95741d15a3fee9,2017,0,complete
i4r_95741d15a3fee9,2018,0,complete
i4r_95741d15a3fee9,2019,0,complete
i4r_95741d15a3fee9,2020,0,complete
i4r_95741d15a3fee9,2021,0,complete
i4r_95741d15a3fee9,2022,0,complete
i4r_95741d15a3fee9,2023,0,complete
i4r_95741d15a3fee9,2024,2,complete
i4r_95741d15a3fee9,2025,0,complete
i4r_510bf3400bfd3c,2017,113,complete
i4r_510bf3400bfd3c,2018,155,complete
i4r_510bf3400bfd3c,2019,145,complete
i4r_510bf3400bfd3c,2020,238,complete
i4r_510bf3400bfd3c,2021,302,complete
i4r_510bf3400bfd3c,2022,297,complete
i4r_510bf3400bfd3c,2023,265,complete
i4r_510bf3400bfd3c,2024,262,complete
i4r_510bf3400bfd3c,2025,287,complete
i4r_3b074ab4b2ae3d,2017,0,complete
i4r_3b074ab4b2ae3d,2018,0,complete
i4r_3b074ab4b2ae3d,2019,0,complete
i4r_3b074ab4b2ae3d,2020,0,complete
i4r_3b074ab4b2ae3d,2021,0,complete
i4r_3b074ab4b2ae3d,2022,0,complete
i4r_3b074ab4b2ae3d,2023,0,complete
i4r_3b074ab4b2ae3d,2024,0,complete
i4r_3b074ab4b2ae3d,2025,2,complete
i4r_ba130b7f638202,2017,0,complete
i4r_ba130b7f638202,2018,0,complete
i4r_ba130b7f638202,2019,0,complete
i4r_ba130b7f638202,2020,0,complete
i4r_ba130b7f638202,2021,0,complete
i4r_ba130b7f638202,2022,0,complete
i4r_ba130b7f638202,2023,0,complete
i4r_ba130b7f638202,2024,2,complete
i4r_ba130b7f638202,2025,78,complete
i4r_50e50d57127b50,2017,0,complete
i4r_50e50d57127b50,2018,0,complete
i4r_50e50d57127b50,2019,0,complete
i4r_50e50d57127b50,2020,0,complete
i4r_50e50d57127b50,2021,0,complete
i4r_50e50d57127b50,2022,0,complete
i4r_50e50d57127b50,2023,8,complete
i4r_50e50d57127b50,2024,29,complete
i4r_50e50d57127b50,2025,57,complete
i4r_1d1e1e38f3742e,2017,0,complete
i4r_1d1e1e38f3742e,2018,0,complete
i4r_1d1e1e38f3742e,2019,1,complete
i4r_1d1e1e38f3742e,2020,0,complete
i4r_1d1e1e38f3742e,2021,0,complete
i4r_1d1e1e38f3742e,2022,4,complete
i4r_1d1e1e38f3742e,2023,17,complete
i4r_1d1e1e38f3742e,2024,70,complete
i4r_1d1e1e38f3742e,2025,55,complete
i4r_f5f4bed9ea7079,2017,0,complete
i4r_f5f4bed9ea7079,2018,0,complete
i4r_f5f4bed9ea7079,2019,0,complete
i4r_f5f4bed9ea7079,2020,0,complete
i4r_f5f4bed9ea7079,2021,0,complete
i4r_f5f4bed9ea7079,2022,0,complete
i4r_f5f4bed9ea7079,2023,0,complete
i4r_f5f4bed9ea7079,2024,2,complete
i4r_f5f4bed9ea7079,2025,1,complete
i4r_20d617740fb019,2017,0,complete
i4r_20d617740fb019,2018,0,complete
i4r_20d617740fb019,2019,0,complete
i4r_20d617740fb019,2020,0,complete
i4r_20d617740fb019,2021,3,complete
i4r_20d617740fb019,2022,5,complete
i4r_20d617740fb019,2023,2,complete
i4r_20d617740fb019,2024,6,complete
i4r_20d617740fb019,2025,14,complete
i4r_956da772fc6719,2017,0,complete
i4r_956da772fc6719,2018,0,complete
i4r_956da772fc6719,2019,0,complete
i4r_956da772fc6719,2020,1,complete
i4r_956da772fc6719,2021,1,complete
i4r_956da772fc6719,2022,1,complete
i4r_956da772fc6719,2023,5,complete
i4r_956da772fc6719,2024,8,complete
i4r_956da772fc6719,2025,2,complete
i4r_ab1ae3199a69da,2017,7,complete
i4r_ab1ae3199a69da,2018,3,complete
i4r_ab1ae3199a69da,2019,9,complete
i4r_ab1ae3199a69da,2020,7,complete
i4r_ab1ae3199a69da,2021,10,complete
i4r_ab1ae3199a69da,2022,6,complete
i4r_ab1ae3199a69da,2023,9,complete
i4r_ab1ae3199a69da,2024,3,complete
i4r_ab1ae3199a69da,2025,4,complete
i4r_f575febd743cd8,2017,0,complete
i4r_f575febd743cd8,2018,2,complete
i4r_f575febd743cd8,2019,4,complete
i4r_f575febd743cd8,2020,9,complete
i4r_f575febd743cd8,2021,13,complete
i4r_f575febd743cd8,2022,23,complete
i4r_f575febd743cd8,2023,31,complete
i4r_f575febd743cd8,2024,24,complete
i4r_f575febd743cd8,2025,15,complete
i4r_55d334eaeb4010,2017,0,complete
i4r_55d334eaeb4010,2018,0,complete
i4r_55d334eaeb4010,2019,2,complete
i4r_55d334eaeb4010,2020,8,complete
i4r_55d334eaeb4010,2021,8,complete
i4r_55d334eaeb4010,2022,24,complete
i4r_55d334eaeb4010,2023,48,complete
i4r_55d334eaeb4010,2024,53,complete
i4r_55d334eaeb4010,2025,102,complete
i4r_f45e09f5bc283f,2017,27,complete
i4r_f45e09f5bc283f,2018,28,complete
i4r_f45e09f5bc283f,2019,36,complete
i4r_f45e09f5bc283f,2020,34,complete
i4r_f45e09f5bc283f,2021,27,complete
i4r_f45e09f5bc283f,2022,28,complete
i4r_f45e09f5bc283f,2023,41,complete
i4r_f45e09f5bc283f,2024,40,complete
i4r_f45e09f5bc283f,2025,34,complete
i4r_68b6d72ddace25,2017,0,complete
i4r_68b6d72ddace25,2018,0,complete
i4r_68b6d72ddace25,2019,0,complete
i4r_68b6d72ddace25,2020,0,complete
i4r_68b6d72ddace25,2021,0,complete
i4r_68b6d72ddace25,2022,0,complete
i4r_68b6d72ddace25,2023,0,complete
i4r_68b6d72ddace25,2024,1,complete
i4r_68b6d72ddace25,2025,5,complete
i4r_ccb01ea72db6f5,2017,0,complete
i4r_ccb01ea72db6f5,2018,0,complete
i4r_ccb01ea72db6f5,2019,0,complete
i4r_ccb01ea72db6f5,2020,0,complete
i4r_ccb01ea72db6f5,2021,0,complete
i4r_ccb01ea72db6f5,2022,0,complete
i4r_ccb01ea72db6f5,2023,0,complete
i4r_ccb01ea72db6f5,2024,2,complete
i4r_ccb01ea72db6f5,2025,1,complete
i4r_4ce7d02a3a4801,2017,0,complete
i4r_4ce7d02a3a4801,2018,0,complete
i4r_4ce7d02a3a4801,2019,1,complete
i4r_4ce7d02a3a4801,2020,4,complete
i4r_4ce7d02a3a4801,2021,5,complete
i4r_4ce7d02a3a4801,2022,15,complete
i4r_4ce7d02a3a4801,2023,13,complete
i4r_4ce7d02a3a4801,2024,6,complete
i4r_4ce7d02a3a4801,2025,12,complete
i4r_ca7529753c93d2,2017,0,complete
i4r_ca7529753c93d2,2018,0,complete
i4r_ca7529753c93d2,2019,0,complete
i4r_ca7529753c93d2,2020,0,complete
i4r_ca7529753c93d2,2021,0,complete
i4r_ca7529753c93d2,2022,0,complete
i4r_ca7529753c93d2,2023,4,complete
i4r_ca7529753c93d2,2024,8,complete
i4r_ca7529753c93d2,2025,26,complete
i4r_4c66812f14424d,2017,0,complete
i4r_4c66812f14424d,2018,0,complete
i4r_4c66812f14424d,2019,0,complete
i4r_4c66812f14424d,2020,0,complete
i4r_4c66812f14424d,2021,0,complete
i4r_4c66812f14424d,2022,0,complete
i4r_4c66812f14424d,2023,0,complete
i4r_4c66812f14424d,2024,0,complete
i4r_4c66812f14424d,2025,0,complete
i4r_1a19868d4bf37b,2017,0,complete
i4r_1a19868d4bf37b,2018,0,complete
i4r_1a19868d4bf37b,2019,0,complete
i4r_1a19868d4bf37b,2020,0,complete
i4r_1a19868d4bf37b,2021,0,complete
i4r_1a19868d4bf37b,2022,0,complete
i4r_1a19868d4bf37b,2023,16,complete
i4r_1a19868d4bf37b,2024,22,complete
i4r_1a19868d4bf37b,2025,29,complete
i4r_ecb666850e02da,2017,0,complete
i4r_ecb666850e02da,2018,0,complete
i4r_ecb666850e02da,2019,0,complete
i4r_ecb666850e02da,2020,0,complete
i4r_ecb666850e02da,2021,0,complete
i4r_ecb666850e02da,2022,0,complete
i4r_ecb666850e02da,2023,0,complete
i4r_ecb666850e02da,2024,0,complete
i4r_ecb666850e02da,2025,9,complete
i4r_34409cd0399949,2017,0,complete
i4r_34409cd0399949,2018,0,complete
i4r_34409cd0399949,2019,0,complete
i4r_34409cd0399949,2020,0,complete
i4r_34409cd0399949,2021,0,complete
i4r_34409cd0399949,2022,0,complete
i4r_34409cd0399949,2023,4,complete
i4r_34409cd0399949,2024,1,complete
i4r_34409cd0399949,2025,5,complete
i4r_e68eb68cafda80,2017,0,complete
i4r_e68eb68cafda80,2018,0,complete
i4r_e68eb68cafda80,2019,0,complete
i4r_e68eb68cafda80,2020,0,complete
i4r_e68eb68cafda80,2021,0,complete
i4r_e68eb68cafda80,2022,0,complete
i4r_e68eb68cafda80,2023,0,complete
i4r_e68eb68cafda80,2024,0,complete
i4r_e68eb68cafda80,2025,0,complete
i4r_e842f2febff6e0,2017,14,complete
i4r_e842f2febff6e0,2018,34,complete
i4r_e842f2febff6e0,2019,24,complete
i4r_e842f2febff6e0,2020,49,complete
i4r_e842f2febff6e0,2021,66,complete
i4r_e842f2febff6e0,2022,74,complete
i4r_e842f2febff6e0,2023,83,complete
i4r_e842f2febff6e0,2024,95,complete
i4r_e842f2febff6e0,2025,86,complete
i4r_5dfaf41eeeee6a,2017,0,complete
i4r_5dfaf41eeeee6a,2018,0,complete
i4r_5dfaf41eeeee6a,2019,0,complete
i4r_5dfaf41eeeee6a,2020,0,complete
i4r_5dfaf41eeeee6a,2021,0,complete
i4r_5dfaf41eeeee6a,2022,0,complete
i4r_5dfaf41eeeee6a,2023,0,complete
i4r_5dfaf41eeeee6a,2024,0,complete
i4r_5dfaf41eeeee6a,2025,4,complete
i4r_50697e0f84ea90,2017,0,complete
i4r_50697e0f84ea90,2018,0,complete
i4r_50697e0f84ea90,2019,0,complete
i4r_50697e0f84ea90,2020,0,complete
i4r_50697e0f84ea90,2021,0,complete
i4r_50697e0f84ea90,2022,0,complete
i4r_50697e0f84ea90,2023,0,complete
i4r_50697e0f84ea90,2024,0,complete
i4r_50697e0f84ea90,2025,1,complete
i4r_23705c4fe64d2d,2017,0,complete
i4r_23705c4fe64d2d,2018,0,complete
i4r_23705c4fe64d2d,2019,0,complete
i4r_23705c4fe64d2d,2020,2,complete
i4r_23705c4fe64d2d,2021,1,complete
i4r_23705c4fe64d2d,2022,3,complete
i4r_23705c4fe64d2d,2023,1,complete
i4r_23705c4fe64d2d,2024,4,complete
i4r_23705c4fe64d2d,2025,0,complete
i4r_05967d9d4f528b,2017,0,complete
i4r_05967d9d4f528b,2018,1,complete
i4r_05967d9d4f528b,2019,0,complete
i4r_05967d9d4f528b,2020,0,complete
i4r_05967d9d4f528b,2021,2,complete
i4r_05967d9d4f528b,2022,3,complete
i4r_05967d9d4f528b,2023,2,complete
i4r_05967d9d4f528b,2024,4,complete
i4r_05967d9d4f528b,2025,8,complete
i4r_5f53b74ec02dfa,2017,3,complete
i4r_5f53b74ec02dfa,2018,0,complete
i4r_5f53b74ec02dfa,2019,1,complete
i4r_5f53b74ec02dfa,2020,2,complete
i4r_5f53b74ec02dfa,2021,3,complete
i4r_5f53b74ec02dfa,2022,3,complete
i4r_5f53b74ec02dfa,2023,4,complete
i4r_5f53b74ec02dfa,2024,7,complete
i4r_5f53b74ec02dfa,2025,11,complete
i4r_dc4e4eea6b6789,2017,0,complete
i4r_dc4e4eea6b6789,2018,0,complete
i4r_dc4e4eea6b6789,2019,0,complete
i4r_dc4e4eea6b6789,2020,0,complete
i4r_dc4e4eea6b6789,2021,0,complete
i4r_dc4e4eea6b6789,2022,0,complete
i4r_dc4e4eea6b6789,2023,0,complete
i4r_dc4e4eea6b6789,2024,1,complete
i4r_dc4e4eea6b6789,2025,2,complete
i4r_4df07f82ee2bf8,2017,0,complete
i4r_4df07f82ee2bf8,2018,0,complete
i4r_4df07f82ee2bf8,2019,0,complete
i4r_4df07f82ee2bf8,2020,0,complete
i4r_4df07f82ee2bf8,2021,0,complete
i4r_4df07f82ee2bf8,2022,1,complete
i4r_4df07f82ee2bf8,2023,0,complete
i4r_4df07f82ee2bf8,2024,1,complete
i4r_4df07f82ee2bf8,2025,14,complete
i4r_71d3f9bf8f9f9c,2017,0,complete
i4r_71d3f9bf8f9f9c,2018,0,complete
i4r_71d3f9bf8f9f9c,2019,0,complete
i4r_71d3f9bf8f9f9c,2020,0,complete
i4r_71d3f9bf8f9f9c,2021,1,complete
i4r_71d3f9bf8f9f9c,2022,1,complete
i4r_71d3f9bf8f9f9c,2023,17,complete
i4r_71d3f9bf8f9f9c,2024,16,complete
i4r_71d3f9bf8f9f9c,2025,11,complete
i4r_d1a5882f2b0a84,2017,0,complete
i4r_d1a5882f2b0a84,2018,0,complete
i4r_d1a5882f2b0a84,2019,0,complete
i4r_d1a5882f2b0a84,2020,0,complete
i4r_d1a5882f2b0a84,2021,0,complete
i4r_d1a5882f2b0a84,2022,0,complete
i4r_d1a5882f2b0a84,2023,4,complete
i4r_d1a5882f2b0a84,2024,1,complete
i4r_d1a5882f2b0a84,2025,1,complete
i4r_8f9f643a50b4da,2017,0,complete
i4r_8f9f643a50b4da,2018,0,complete
i4r_8f9f643a50b4da,2019,0,complete
i4r_8f9f643a50b4da,2020,0,complete
i4r_8f9f643a50b4da,2021,0,complete
i4r_8f9f643a50b4da,2022,0,complete
i4r_8f9f643a50b4da,2023,1,complete
i4r_8f9f643a50b4da,2024,3,complete
i4r_8f9f643a50b4da,2025,24,complete
i4r_971362288b9856,2017,0,complete
i4r_971362288b9856,2018,0,complete
i4r_971362288b9856,2019,0,complete
i4r_971362288b9856,2020,0,complete
i4r_971362288b9856,2021,0,complete
i4r_971362288b9856,2022,0,complete
i4r_971362288b9856,2023,4,complete
i4r_971362288b9856,2024,18,complete
i4r_971362288b9856,2025,20,complete
i4r_7a44fd82564ee4,2017,0,complete
i4r_7a44fd82564ee4,2018,0,complete
i4r_7a44fd82564ee4,2019,0,complete
i4r_7a44fd82564ee4,2020,2,complete
i4r_7a44fd82564ee4,2021,0,complete
i4r_7a44fd82564ee4,2022,0,complete
i4r_7a44fd82564ee4,2023,1,complete
i4r_7a44fd82564ee4,2024,1,complete
i4r_7a44fd82564ee4,2025,3,complete
i4r_3ba961d8d8ad82,2017,4,complete
i4r_3ba961d8d8ad82,2018,10,complete
i4r_3ba961d8d8ad82,2019,8,complete
i4r_3ba961d8d8ad82,2020,15,complete
i4r_3ba961d8d8ad82,2021,16,complete
i4r_3ba961d8d8ad82,2022,8,complete
i4r_3ba961d8d8ad82,2023,6,complete
i4r_3ba961d8d8ad82,2024,10,complete
i4r_3ba961d8d8ad82,2025,48,complete
i4r_4a701ccef80255,2017,0,complete
i4r_4a701ccef80255,2018,0,complete
i4r_4a701ccef80255,2019,0,complete
i4r_4a701ccef80255,2020,0,complete
i4r_4a701ccef80255,2021,0,complete
i4r_4a701ccef80255,2022,0,complete
i4r_4a701ccef80255,2023,0,complete
i4r_4a701ccef80255,2024,2,complete
i4r_4a701ccef80255,2025,1,complete
i4r_cc26c8d25bd8b4,2017,1,complete
i4r_cc26c8d25bd8b4,2018,0,complete
i4r_cc26c8d25bd8b4,2019,0,complete
i4r_cc26c8d25bd8b4,2020,0,complete
i4r_cc26c8d25bd8b4,2021,1,complete
i4r_cc26c8d25bd8b4,2022,3,complete
i4r_cc26c8d25bd8b4,2023,2,complete
i4r_cc26c8d25bd8b4,2024,5,complete
i4r_cc26c8d25bd8b4,2025,13,complete
i4r_c418322b1f3d74,2017,0,complete
i4r_c418322b1f3d74,2018,0,complete
i4r_c418322b1f3d74,2019,0,complete
i4r_c418322b1f3d74,2020,0,complete
i4r_c418322b1f3d74,2021,0,complete
i4r_c418322b1f3d74,2022,5,complete
i4r_c418322b1f3d74,2023,6,complete
i4r_c418322b1f3d74,2024,13,complete
i4r_c418322b1f3d74,2025,9,complete
i4r_1047747b2b7b84,2017,0,complete
i4r_1047747b2b7b84,2018,0,complete
i4r_1047747b2b7b84,2019,0,complete
i4r_1047747b2b7b84,2020,0,complete
i4r_1047747b2b7b84,2021,1,complete
i4r_1047747b2b7b84,2022,9,complete
i4r_1047747b2b7b84,2023,12,complete
i4r_1047747b2b7b84,2024,7,complete
i4r_1047747b2b7b84,2025,6,complete
i4r_af96f2f5a8192b,2017,0,complete
i4r_af96f2f5a8192b,2018,0,complete
i4r_af96f2f5a8192b,2019,0,complete
i4r_af96f2f5a8192b,2020,0,complete
i4r_af96f2f5a8192b,2021,0,complete
i4r_af96f2f5a8192b,2022,0,complete
i4r_af96f2f5a8192b,2023,0,complete
i4r_af96f2f5a8192b,2024,4,complete
i4r_af96f2f5a8192b,2025,12,complete
i4r_c6bfe109b920e0,2017,0,complete
i4r_c6bfe109b920e0,2018,0,complete
i4r_c6bfe109b920e0,2019,0,complete
i4r_c6bfe109b920e0,2020,1,complete
i4r_c6bfe109b920e0,2021,1,complete
i4r_c6bfe109b920e0,2022,8,complete
i4r_c6bfe109b920e0,2023,10,complete
i4r_c6bfe109b920e0,2024,11,complete
i4r_c6bfe109b920e0,2025,12,complete
i4r_0a4ed61b338367,2017,0,complete
i4r_0a4ed61b338367,2018,0,complete
i4r_0a4ed61b338367,2019,0,complete
i4r_0a4ed61b338367,2020,0,complete
i4r_0a4ed61b338367,2021,0,complete
i4r_0a4ed61b338367,2022,0,complete
i4r_0a4ed61b338367,2023,2,complete
i4r_0a4ed61b338367,2024,2,complete
i4r_0a4ed61b338367,2025,4,complete
i4r_4cccca425b9f64,2017,0,complete
i4r_4cccca425b9f64,2018,0,complete
i4r_4cccca425b9f64,2019,0,complete
i4r_4cccca425b9f64,2020,0,complete
i4r_4cccca425b9f64,2021,0,complete
i4r_4cccca425b9f64,2022,1,complete
i4r_4cccca425b9f64,2023,6,complete
i4r_4cccca425b9f64,2024,2,complete
i4r_4cccca425b9f64,2025,5,complete
i4r_197f83228f83d1,2017,0,complete
i4r_197f83228f83d1,2018,0,complete
i4r_197f83228f83d1,2019,0,complete
i4r_197f83228f83d1,2020,0,complete
i4r_197f83228f83d1,2021,0,complete
i4r_197f83228f83d1,2022,0,complete
i4r_197f83228f83d1,2023,2,complete
i4r_197f83228f83d1,2024,0,complete
i4r_197f83228f83d1,2025,14,complete
i4r_eb8ad334247c25,2017,22,complete
i4r_eb8ad334247c25,2018,19,complete
i4r_eb8ad334247c25,2019,12,complete
i4r_eb8ad334247c25,2020,18,complete
i4r_eb8ad334247c25,2021,20,complete
i4r_eb8ad334247c25,2022,21,complete
i4r_eb8ad334247c25,2023,21,complete
i4r_eb8ad334247c25,2024,25,complete
i4r_eb8ad334247c25,2025,21,complete
i4r_e9a00a69af9d7c,2017,0,complete
i4r_e9a00a69af9d7c,2018,0,complete
i4r_e9a00a69af9d7c,2019,0,complete
i4r_e9a00a69af9d7c,2020,1,complete
i4r_e9a00a69af9d7c,2021,1,complete
i4r_e9a00a69af9d7c,2022,6,complete
i4r_e9a00a69af9d7c,2023,11,complete
i4r_e9a00a69af9d7c,2024,13,complete
i4r_e9a00a69af9d7c,2025,12,complete
i4r_5aaf98d31de173,2017,0,complete
i4r_5aaf98d31de173,2018,1,complete
i4r_5aaf98d31de173,2019,0,complete
i4r_5aaf98d31de173,2020,1,complete
i4r_5aaf98d31de173,2021,2,complete
i4r_5aaf98d31de173,2022,14,complete
i4r_5aaf98d31de173,2023,49,complete
i4r_5aaf98d31de173,2024,54,complete
i4r_5aaf98d31de173,2025,65,complete
i4r_8352cdb6c90932,2017,0,complete
i4r_8352cdb6c90932,2018,0,complete
i4r_8352cdb6c90932,2019,0,complete
i4r_8352cdb6c90932,2020,0,complete
i4r_8352cdb6c90932,2021,0,complete
i4r_8352cdb6c90932,2022,0,complete
i4r_8352cdb6c90932,2023,6,complete
i4r_8352cdb6c90932,2024,9,complete
i4r_8352cdb6c90932,2025,4,complete
i4r_10706b4bd15a86,2017,0,complete
i4r_10706b4bd15a86,2018,0,complete
i4r_10706b4bd15a86,2019,0,complete
i4r_10706b4bd15a86,2020,0,complete
i4r_10706b4bd15a86,2021,0,complete
i4r_10706b4bd15a86,2022,0,complete
i4r_10706b4bd15a86,2023,1,complete
i4r_10706b4bd15a86,2024,4,complete
i4r_10706b4bd15a86,2025,10,complete
i4r_b4f30e3423cabe,2017,1,complete
i4r_b4f30e3423cabe,2018,1,complete
i4r_b4f30e3423cabe,2019,2,complete
i4r_b4f30e3423cabe,2020,4,complete
i4r_b4f30e3423cabe,2021,1,complete
i4r_b4f30e3423cabe,2022,8,complete
i4r_b4f30e3423cabe,2023,21,complete
i4r_b4f30e3423cabe,2024,37,complete
i4r_b4f30e3423cabe,2025,29,complete
i4r_e465f2798ea97a,2017,0,complete
i4r_e465f2798ea97a,2018,0,complete
i4r_e465f2798ea97a,2019,0,complete
i4r_e465f2798ea97a,2020,0,complete
i4r_e465f2798ea97a,2021,0,complete
i4r_e465f2798ea97a,2022,0,complete
i4r_e465f2798ea97a,2023,1,complete
i4r_e465f2798ea97a,2024,1,complete
i4r_e465f2798ea97a,2025,17,complete
i4r_2d3552be9deb6a,2017,0,complete
i4r_2d3552be9deb6a,2018,0,complete
i4r_2d3552be9deb6a,2019,0,complete
i4r_2d3552be9deb6a,2020,0,complete
i4r_2d3552be9deb6a,2021,0,complete
i4r_2d3552be9deb6a,2022,3,complete
i4r_2d3552be9deb6a,2023,9,complete
i4r_2d3552be9deb6a,2024,1,complete
i4r_2d3552be9deb6a,2025,7,complete
i4r_b9f29af734d7fb,2017,0,complete
i4r_b9f29af734d7fb,2018,0,complete
i4r_b9f29af734d7fb,2019,0,complete
i4r_b9f29af734d7fb,2020,0,complete
i4r_b9f29af734d7fb,2021,0,complete
i4r_b9f29af734d7fb,2022,0,complete
i4r_b9f29af734d7fb,2023,0,complete
i4r_b9f29af734d7fb,2024,1,complete
i4r_b9f29af734d7fb,2025,7,complete
i4r_8209ae0009ba5b,2017,0,complete
i4r_8209ae0009ba5b,2018,0,complete
i4r_8209ae0009ba5b,2019,0,complete
i4r_8209ae0009ba5b,2020,0,complete
i4r_8209ae0009ba5b,2021,0,complete
i4r_8209ae0009ba5b,2022,0,complete
i4r_8209ae0009ba5b,2023,0,complete
i4r_8209ae0009ba5b,2024,0,complete
i4r_8209ae0009ba5b,2025,4,complete
i4r_5f809ab2668f08,2017,0,complete
i4r_5f809ab2668f08,2018,0,complete
i4r_5f809ab2668f08,2019,0,complete
i4r_5f809ab2668f08,2020,2,complete
i4r_5f809ab2668f08,2021,8,complete
i4r_5f809ab2668f08,2022,4,complete
i4r_5f809ab2668f08,2023,12,complete
i4r_5f809ab2668f08,2024,14,complete
i4r_5f809ab2668f08,2025,8,complete
i4r_a81f3eed0ef89f,2017,0,complete
i4r_a81f3eed0ef89f,2018,0,complete
i4r_a81f3eed0ef89f,2019,0,complete
i4r_a81f3eed0ef89f,2020,0,complete
i4r_a81f3eed0ef89f,2021,1,complete
i4r_a81f3eed0ef89f,2022,1,complete
i4r_a81f3eed0ef89f,2023,5,complete
i4r_a81f3eed0ef89f,2024,33,complete
i4r_a81f3eed0ef89f,2025,19,complete
i4r_29a3eef3624f9f,2017,0,complete
i4r_29a3eef3624f9f,2018,0,complete
i4r_29a3eef3624f9f,2019,0,complete
i4r_29a3eef3624f9f,2020,0,complete
i4r_29a3eef3624f9f,2021,0,complete
i4r_29a3eef3624f9f,2022,0,complete
i4r_29a3eef3624f9f,2023,0,complete
i4r_29a3eef3624f9f,2024,0,complete
i4r_29a3eef3624f9f,2025,4,complete
i4r_93e7537528f84f,2017,0,complete
i4r_93e7537528f84f,2018,0,complete
i4r_93e7537528f84f,2019,0,complete
i4r_93e7537528f84f,2020,0,complete
i4r_93e7537528f84f,2021,1,complete
i4r_93e7537528f84f,2022,0,complete
i4r_93e7537528f84f,2023,7,complete
i4r_93e7537528f84f,2024,31,complete
i4r_93e7537528f84f,2025,54,complete
i4r_7a78e6aec081b8,2017,0,complete
i4r_7a78e6aec081b8,2018,0,complete
i4r_7a78e6aec081b8,2019,0,complete
i4r_7a78e6aec081b8,2020,0,complete
i4r_7a78e6aec081b8,2021,0,complete
i4r_7a78e6aec081b8,2022,0,complete
i4r_7a78e6aec081b8,2023,0,complete
i4r_7a78e6aec081b8,2024,0,complete
i4r_7a78e6aec081b8,2025,3,complete
i4r_0f8ae5b1ef3bff,2017,0,complete
i4r_0f8ae5b1ef3bff,2018,0,complete
i4r_0f8ae5b1ef3bff,2019,0,complete
i4r_0f8ae5b1ef3bff,2020,0,complete
i4r_0f8ae5b1ef3bff,2021,0,complete
i4r_0f8ae5b1ef3bff,2022,0,complete
i4r_0f8ae5b1ef3bff,2023,0,complete
i4r_0f8ae5b1ef3bff,2024,0,complete
i4r_0f8ae5b1ef3bff,2025,5,complete
i4r_cf2a0f198d2736,2017,0,complete
i4r_cf2a0f198d2736,2018,0,complete
i4r_cf2a0f198d2736,2019,0,complete
i4r_cf2a0f198d2736,2020,1,complete
i4r_cf2a0f198d2736,2021,0,complete
i4r_cf2a0f198d2736,2022,0,complete
i4r_cf2a0f198d2736,2023,3,complete
i4r_cf2a0f198d2736,2024,4,complete
i4r_cf2a0f198d2736,2025,14,complete
i4r_a2116d1d002be2,2017,0,complete
i4r_a2116d1d002be2,2018,1,complete
i4r_a2116d1d002be2,2019,0,complete
i4r_a2116d1d002be2,2020,4,complete
i4r_a2116d1d002be2,2021,6,complete
i4r_a2116d1d002be2,2022,10,complete
i4r_a2116d1d002be2,2023,22,complete
i4r_a2116d1d002be2,2024,16,complete
i4r_a2116d1d002be2,2025,17,complete
i4r_1f8aaf983f42bf,2017,0,complete
i4r_1f8aaf983f42bf,2018,0,complete
i4r_1f8aaf983f42bf,2019,0,complete
i4r_1f8aaf983f42bf,2020,1,complete
i4r_1f8aaf983f42bf,2021,1,complete
i4r_1f8aaf983f42bf,2022,0,complete
i4r_1f8aaf983f42bf,2023,0,complete
i4r_1f8aaf983f42bf,2024,1,complete
i4r_1f8aaf983f42bf,2025,5,complete
i4r_b09bba6d8c898b,2017,0,complete
i4r_b09bba6d8c898b,2018,0,complete
i4r_b09bba6d8c898b,2019,0,complete
i4r_b09bba6d8c898b,2020,0,complete
i4r_b09bba6d8c898b,2021,0,complete
i4r_b09bba6d8c898b,2022,0,complete
i4r_b09bba6d8c898b,2023,0,complete
i4r_b09bba6d8c898b,2024,4,complete
i4r_b09bba6d8c898b,2025,6,complete
i4r_d0d1a1f92945b9,2017,0,complete
i4r_d0d1a1f92945b9,2018,0,complete
i4r_d0d1a1f92945b9,2019,0,complete
i4r_d0d1a1f92945b9,2020,0,complete
i4r_d0d1a1f92945b9,2021,0,complete
i4r_d0d1a1f92945b9,2022,0,complete
i4r_d0d1a1f92945b9,2023,0,complete
i4r_d0d1a1f92945b9,2024,1,complete
i4r_d0d1a1f92945b9,2025,1,complete
i4r_b5e56b2183644e,2017,0,complete
i4r_b5e56b2183644e,2018,0,complete
i4r_b5e56b2183644e,2019,0,complete
i4r_b5e56b2183644e,2020,0,complete
i4r_b5e56b2183644e,2021,0,complete
i4r_b5e56b2183644e,2022,0,complete
i4r_b5e56b2183644e,2023,0,complete
i4r_b5e56b2183644e,2024,4,complete
i4r_b5e56b2183644e,2025,1,complete
i4r_bc2979a789c2c8,2017,0,complete
i4r_bc2979a789c2c8,2018,0,complete
i4r_bc2979a789c2c8,2019,0,complete
i4r_bc2979a789c2c8,2020,0,complete
i4r_bc2979a789c2c8,2021,0,complete
i4r_bc2979a789c2c8,2022,0,complete
i4r_bc2979a789c2c8,2023,0,complete
i4r_bc2979a789c2c8,2024,0,complete
i4r_bc2979a789c2c8,2025,0,complete
i4r_73d67d705fa1ff,2017,0,complete
i4r_73d67d705fa1ff,2018,0,complete
i4r_73d67d705fa1ff,2019,0,complete
i4r_73d67d705fa1ff,2020,1,complete
i4r_73d67d705fa1ff,2021,2,complete
i4r_73d67d705fa1ff,2022,6,complete
i4r_73d67d705fa1ff,2023,11,complete
i4r_73d67d705fa1ff,2024,10,complete
i4r_73d67d705fa1ff,2025,10,complete
i4r_a1aa774c0837cb,2017,0,complete
i4r_a1aa774c0837cb,2018,0,complete
i4r_a1aa774c0837cb,2019,0,complete
i4r_a1aa774c0837cb,2020,3,complete
i4r_a1aa774c0837cb,2021,4,complete
i4r_a1aa774c0837cb,2022,4,complete
i4r_a1aa774c0837cb,2023,2,complete
i4r_a1aa774c0837cb,2024,3,complete
i4r_a1aa774c0837cb,2025,5,complete
i4r_51dfe91b5076cc,2017,0,complete
i4r_51dfe91b5076cc,2018,0,complete
i4r_51dfe91b5076cc,2019,0,complete
i4r_51dfe91b5076cc,2020,0,complete
i4r_51dfe91b5076cc,2021,0,complete
i4r_51dfe91b5076cc,2022,0,complete
i4r_51dfe91b5076cc,2023,0,complete
i4r_51dfe91b5076cc,2024,0,complete
i4r_51dfe91b5076cc,2025,0,complete
i4r_79625eff586b3c,2017,0,complete
i4r_79625eff586b3c,2018,0,complete
i4r_79625eff586b3c,2019,0,complete
i4r_79625eff586b3c,2020,0,complete
i4r_79625eff586b3c,2021,0,complete
i4r_79625eff586b3c,2022,1,complete
i4r_79625eff586b3c,2023,3,complete
i4r_79625eff586b3c,2024,9,complete
i4r_79625eff586b3c,2025,11,complete
i4r_128180e128ceb4,2017,0,complete
i4r_128180e128ceb4,2018,0,complete
i4r_128180e128ceb4,2019,0,complete
i4r_128180e128ceb4,2020,0,complete
i4r_128180e128ceb4,2021,0,complete
i4r_128180e128ceb4,2022,0,complete
i4r_128180e128ceb4,2023,0,complete
i4r_128180e128ceb4,2024,2,complete
i4r_128180e128ceb4,2025,2,complete
i4r_dfc6fa3a718df4,2017,0,complete
i4r_dfc6fa3a718df4,2018,0,complete
i4r_dfc6fa3a718df4,2019,0,complete
i4r_dfc6fa3a718df4,2020,0,complete
i4r_dfc6fa3a718df4,2021,0,complete
i4r_dfc6fa3a718df4,2022,1,complete
i4r_dfc6fa3a718df4,2023,1,complete
i4r_dfc6fa3a718df4,2024,1,complete
i4r_dfc6fa3a718df4,2025,0,complete
i4r_57694abf8a1078,2017,0,complete
i4r_57694abf8a1078,2018,0,complete
i4r_57694abf8a1078,2019,0,complete
i4r_57694abf8a1078,2020,0,complete
i4r_57694abf8a1078,2021,0,complete
i4r_57694abf8a1078,2022,0,complete
i4r_57694abf8a1078,2023,1,complete
i4r_57694abf8a1078,2024,41,complete
i4r_57694abf8a1078,2025,45,complete
i4r_0e5754e4a6588c,2017,0,complete
i4r_0e5754e4a6588c,2018,0,complete
i4r_0e5754e4a6588c,2019,0,complete
i4r_0e5754e4a6588c,2020,0,complete
i4r_0e5754e4a6588c,2021,0,complete
i4r_0e5754e4a6588c,2022,0,complete
i4r_0e5754e4a6588c,2023,0,complete
i4r_0e5754e4a6588c,2024,0,complete
i4r_0e5754e4a6588c,2025,3,complete
i4r_209a3d7ebbcf2f,2017,0,complete
i4r_209a3d7ebbcf2f,2018,0,complete
i4r_209a3d7ebbcf2f,2019,0,complete
i4r_209a3d7ebbcf2f,2020,0,complete
i4r_209a3d7ebbcf2f,2021,0,complete
i4r_209a3d7ebbcf2f,2022,3,complete
i4r_209a3d7ebbcf2f,2023,4,complete
i4r_209a3d7ebbcf2f,2024,5,complete
i4r_209a3d7ebbcf2f,2025,4,complete
i4r_0d8ed83ff029b6,2017,0,complete
i4r_0d8ed83ff029b6,2018,0,complete
i4r_0d8ed83ff029b6,2019,0,complete
i4r_0d8ed83ff029b6,2020,0,complete
i4r_0d8ed83ff029b6,2021,0,complete
i4r_0d8ed83ff029b6,2022,1,complete
i4r_0d8ed83ff029b6,2023,4,complete
i4r_0d8ed83ff029b6,2024,2,complete
i4r_0d8ed83ff029b6,2025,3,complete
i4r_4d93df3063de24,2017,0,complete
i4r_4d93df3063de24,2018,0,complete
i4r_4d93df3063de24,2019,0,complete
i4r_4d93df3063de24,2020,0,complete
i4r_4d93df3063de24,2021,0,complete
i4r_4d93df3063de24,2022,9,complete
i4r_4d93df3063de24,2023,16,complete
i4r_4d93df3063de24,2024,13,complete
i4r_4d93df3063de24,2025,6,complete
i4r_9eb237907661e4,2017,0,complete
i4r_9eb237907661e4,2018,0,complete
i4r_9eb237907661e4,2019,0,complete
i4r_9eb237907661e4,2020,0,complete
i4r_9eb237907661e4,2021,0,complete
i4r_9eb237907661e4,2022,0,complete
i4r_9eb237907661e4,2023,0,complete
i4r_9eb237907661e4,2024,1,complete
i4r_9eb237907661e4,2025,37,complete
i4r_f044775aa7eac4,2017,0,complete
i4r_f044775aa7eac4,2018,1,complete
i4r_f044775aa7eac4,2019,2,complete
i4r_f044775aa7eac4,2020,0,complete
i4r_f044775aa7eac4,2021,2,complete
i4r_f044775aa7eac4,2022,1,complete
i4r_f044775aa7eac4,2023,6,complete
i4r_f044775aa7eac4,2024,4,complete
i4r_f044775aa7eac4,2025,6,complete
i4r_34d39af6283973,2017,0,complete
i4r_34d39af6283973,2018,0,complete
i4r_34d39af6283973,2019,0,complete
i4r_34d39af6283973,2020,0,complete
i4r_34d39af6283973,2021,2,complete
i4r_34d39af6283973,2022,15,complete
i4r_34d39af6283973,2023,11,complete
i4r_34d39af6283973,2024,15,complete
i4r_34d39af6283973,2025,11,complete
i4r_42a9a8483eb942,2017,0,complete
i4r_42a9a8483eb942,2018,0,complete
i4r_42a9a8483eb942,2019,0,complete
i4r_42a9a8483eb942,2020,0,complete
i4r_42a9a8483eb942,2021,0,complete
i4r_42a9a8483eb942,2022,0,complete
i4r_42a9a8483eb942,2023,26,complete
i4r_42a9a8483eb942,2024,123,complete
i4r_42a9a8483eb942,2025,165,complete
i4r_ca62233f8f9c98,2017,0,complete
i4r_ca62233f8f9c98,2018,0,complete
i4r_ca62233f8f9c98,2019,0,complete
i4r_ca62233f8f9c98,2020,0,complete
i4r_ca62233f8f9c98,2021,0,complete
i4r_ca62233f8f9c98,2022,0,complete
i4r_ca62233f8f9c98,2023,0,complete
i4r_ca62233f8f9c98,2024,0,complete
i4r_ca62233f8f9c98,2025,5,complete
i4r_1832693fac344b,2017,0,complete
i4r_1832693fac344b,2018,0,complete
i4r_1832693fac344b,2019,0,complete
i4r_1832693fac344b,2020,0,complete
i4r_1832693fac344b,2021,1,complete
i4r_1832693fac344b,2022,2,complete
i4r_1832693fac344b,2023,3,complete
i4r_1832693fac344b,2024,6,complete
i4r_1832693fac344b,2025,6,complete
i4r_0a185bb51f093d,2017,0,complete
i4r_0a185bb51f093d,2018,0,complete
i4r_0a185bb51f093d,2019,2,complete
i4r_0a185bb51f093d,2020,1,complete
i4r_0a185bb51f093d,2021,1,complete
i4r_0a185bb51f093d,2022,1,complete
i4r_0a185bb51f093d,2023,2,complete
i4r_0a185bb51f093d,2024,4,complete
i4r_0a185bb51f093d,2025,3,complete
i4r_bdea01b63b12b3,2017,0,complete
i4r_bdea01b63b12b3,2018,0,complete
i4r_bdea01b63b12b3,2019,0,complete
i4r_bdea01b63b12b3,2020,0,complete
i4r_bdea01b63b12b3,2021,0,complete
i4r_bdea01b63b12b3,2022,0,complete
i4r_bdea01b63b12b3,2023,0,complete
i4r_bdea01b63b12b3,2024,13,complete
i4r_bdea01b63b12b3,2025,16,complete
i4r_0533917042e441,2017,5,complete
i4r_0533917042e441,2018,10,complete
i4r_0533917042e441,2019,21,complete
i4r_0533917042e441,2020,6,complete
i4r_0533917042e441,2021,5,complete
i4r_0533917042e441,2022,7,complete
i4r_0533917042e441,2023,7,complete
i4r_0533917042e441,2024,7,complete
i4r_0533917042e441,2025,5,complete
i4r_ccf00835723894,2017,0,complete
i4r_ccf00835723894,2018,0,complete
i4r_ccf00835723894,2019,0,complete
i4r_ccf00835723894,2020,0,complete
i4r_ccf00835723894,2021,2,complete
i4r_ccf00835723894,2022,2,complete
i4r_ccf00835723894,2023,12,complete
i4r_ccf00835723894,2024,14,complete
i4r_ccf00835723894,2025,18,complete
i4r_1900591db58f80,2017,0,complete
i4r_1900591db58f80,2018,0,complete
i4r_1900591db58f80,2019,0,complete
i4r_1900591db58f80,2020,1,complete
i4r_1900591db58f80,2021,0,complete
i4r_1900591db58f80,2022,11,complete
i4r_1900591db58f80,2023,14,complete
i4r_1900591db58f80,2024,27,complete
i4r_1900591db58f80,2025,28,complete
i4r_c65f039028e41b,2017,0,complete
i4r_c65f039028e41b,2018,0,complete
i4r_c65f039028e41b,2019,0,complete
i4r_c65f039028e41b,2020,2,complete
i4r_c65f039028e41b,2021,2,complete
i4r_c65f039028e41b,2022,5,complete
i4r_c65f039028e41b,2023,11,complete
i4r_c65f039028e41b,2024,9,complete
i4r_c65f039028e41b,2025,5,complete
i4r_ce322bf32caa0b,2017,0,complete
i4r_ce322bf32caa0b,2018,0,complete
i4r_ce322bf32caa0b,2019,0,complete
i4r_ce322bf32caa0b,2020,0,complete
i4r_ce322bf32caa0b,2021,0,complete
i4r_ce322bf32caa0b,2022,0,complete
i4r_ce322bf32caa0b,2023,0,complete
i4r_ce322bf32caa0b,2024,0,complete
i4r_ce322bf32caa0b,2025,6,complete
i4r_19dbfc8cc667d6,2017,0,complete
i4r_19dbfc8cc667d6,2018,0,complete
i4r_19dbfc8cc667d6,2019,0,complete
i4r_19dbfc8cc667d6,2020,0,complete
i4r_19dbfc8cc667d6,2021,1,complete
i4r_19dbfc8cc667d6,2022,0,complete
i4r_19dbfc8cc667d6,2023,13,complete
i4r_19dbfc8cc667d6,2024,25,complete
i4r_19dbfc8cc667d6,2025,27,complete
i4r_5882c373b90c07,2017,0,complete
i4r_5882c373b90c07,2018,2,complete
i4r_5882c373b90c07,2019,10,complete
i4r_5882c373b90c07,2020,9,complete
i4r_5882c373b90c07,2021,19,complete
i4r_5882c373b90c07,2022,33,complete
i4r_5882c373b90c07,2023,55,complete
i4r_5882c373b90c07,2024,100,complete
i4r_5882c373b90c07,2025,95,complete
i4r_4a8f9935ceba08,2017,0,complete
i4r_4a8f9935ceba08,2018,0,complete
i4r_4a8f9935ceba08,2019,0,complete
i4r_4a8f9935ceba08,2020,1,complete
i4r_4a8f9935ceba08,2021,0,complete
i4r_4a8f9935ceba08,2022,8,complete
i4r_4a8f9935ceba08,2023,9,complete
i4r_4a8f9935ceba08,2024,12,complete
i4r_4a8f9935ceba08,2025,10,complete
i4r_3b061a93c341ed,2017,1,complete
i4r_3b061a93c341ed,2018,0,complete
i4r_3b061a93c341ed,2019,0,complete
i4r_3b061a93c341ed,2020,1,complete
i4r_3b061a93c341ed,2021,8,complete
i4r_3b061a93c341ed,2022,7,complete
i4r_3b061a93c341ed,2023,22,complete
i4r_3b061a93c341ed,2024,18,complete
i4r_3b061a93c341ed,2025,28,complete
i4r_afbf6e94bbd584,2017,0,complete
i4r_afbf6e94bbd584,2018,0,complete
i4r_afbf6e94bbd584,2019,0,complete
i4r_afbf6e94bbd584,2020,0,complete
i4r_afbf6e94bbd584,2021,0,complete
i4r_afbf6e94bbd584,2022,2,complete
i4r_afbf6e94bbd584,2023,2,complete
i4r_afbf6e94bbd584,2024,9,complete
i4r_afbf6e94bbd584,2025,5,complete
i4r_efc62433a517d8,2017,0,complete
i4r_efc62433a517d8,2018,0,complete
i4r_efc62433a517d8,2019,0,complete
i4r_efc62433a517d8,2020,0,complete
i4r_efc62433a517d8,2021,0,complete
i4r_efc62433a517d8,2022,0,complete
i4r_efc62433a517d8,2023,2,complete
i4r_efc62433a517d8,2024,5,complete
i4r_efc62433a517d8,2025,7,complete
i4r_0f7986d9eb98f6,2017,0,complete
i4r_0f7986d9eb98f6,2018,0,complete
i4r_0f7986d9eb98f6,2019,0,complete
i4r_0f7986d9eb98f6,2020,1,complete
i4r_0f7986d9eb98f6,2021,8,complete
i4r_0f7986d9eb98f6,2022,8,complete
i4r_0f7986d9eb98f6,2023,15,complete
i4r_0f7986d9eb98f6,2024,17,complete
i4r_0f7986d9eb98f6,2025,17,complete
i4r_b144cde29bad0c,2017,0,complete
i4r_b144cde29bad0c,2018,0,complete
i4r_b144cde29bad0c,2019,0,complete
i4r_b144cde29bad0c,2020,0,complete
i4r_b144cde29bad0c,2021,0,complete
i4r_b144cde29bad0c,2022,0,complete
i4r_b144cde29bad0c,2023,0,complete
i4r_b144cde29bad0c,2024,2,complete
i4r_b144cde29bad0c,2025,7,complete
i4r_3f4e753653c097,2017,0,complete
i4r_3f4e753653c097,2018,0,complete
i4r_3f4e753653c097,2019,0,complete
i4r_3f4e753653c097,2020,0,complete
i4r_3f4e753653c097,2021,0,complete
i4r_3f4e753653c097,2022,0,complete
i4r_3f4e753653c097,2023,2,complete
i4r_3f4e753653c097,2024,4,complete
i4r_3f4e753653c097,2025,9,complete
i4r_d12ff19f2afb78,2017,0,complete
i4r_d12ff19f2afb78,2018,0,complete
i4r_d12ff19f2afb78,2019,0,complete
i4r_d12ff19f2afb78,2020,0,complete
i4r_d12ff19f2afb78,2021,0,complete
i4r_d12ff19f2afb78,2022,0,complete
i4r_d12ff19f2afb78,2023,2,complete
i4r_d12ff19f2afb78,2024,4,complete
i4r_d12ff19f2afb78,2025,12,complete
i4r_50832534a075c4,2017,0,complete
i4r_50832534a075c4,2018,0,complete
i4r_50832534a075c4,2019,2,complete
i4r_50832534a075c4,2020,0,complete
i4r_50832534a075c4,2021,2,complete
i4r_50832534a075c4,2022,4,complete
i4r_50832534a075c4,2023,10,complete
i4r_50832534a075c4,2024,26,complete
i4r_50832534a075c4,2025,21,complete
i4r_0f35e14c8396db,2017,0,complete
i4r_0f35e14c8396db,2018,0,complete
i4r_0f35e14c8396db,2019,0,complete
i4r_0f35e14c8396db,2020,0,complete
i4r_0f35e14c8396db,2021,0,complete
i4r_0f35e14c8396db,2022,0,complete
i4r_0f35e14c8396db,2023,1,complete
i4r_0f35e14c8396db,2024,14,complete
i4r_0f35e14c8396db,2025,19,complete
i4r_15579450db4bed,2017,0,complete
i4r_15579450db4bed,2018,0,complete
i4r_15579450db4bed,2019,0,complete
i4r_15579450db4bed,2020,0,complete
i4r_15579450db4bed,2021,5,complete
i4r_15579450db4bed,2022,2,complete
i4r_15579450db4bed,2023,0,complete
i4r_15579450db4bed,2024,12,complete
i4r_15579450db4bed,2025,26,complete
i4r_0e985f214a95ea,2017,0,complete
i4r_0e985f214a95ea,2018,0,complete
i4r_0e985f214a95ea,2019,0,complete
i4r_0e985f214a95ea,2020,0,complete
i4r_0e985f214a95ea,2021,3,complete
i4r_0e985f214a95ea,2022,17,complete
i4r_0e985f214a95ea,2023,13,complete
i4r_0e985f214a95ea,2024,16,complete
i4r_0e985f214a95ea,2025,19,complete
i4r_7f4ffe6e18eb6f,2017,28,complete
i4r_7f4ffe6e18eb6f,2018,24,complete
i4r_7f4ffe6e18eb6f,2019,49,complete
i4r_7f4ffe6e18eb6f,2020,39,complete
i4r_7f4ffe6e18eb6f,2021,23,complete
i4r_7f4ffe6e18eb6f,2022,35,complete
i4r_7f4ffe6e18eb6f,2023,35,complete
i4r_7f4ffe6e18eb6f,2024,39,complete
i4r_7f4ffe6e18eb6f,2025,23,complete
i4r_e7ca44b52edab3,2017,0,complete
i4r_e7ca44b52edab3,2018,0,complete
i4r_e7ca44b52edab3,2019,0,complete
i4r_e7ca44b52edab3,2020,0,complete
i4r_e7ca44b52edab3,2021,0,complete
i4r_e7ca44b52edab3,2022,8,complete
i4r_e7ca44b52edab3,2023,77,complete
i4r_e7ca44b52edab3,2024,74,complete
i4r_e7ca44b52edab3,2025,90,complete
i4r_e175c95f14ba80,2017,0,complete
i4r_e175c95f14ba80,2018,1,complete
i4r_e175c95f14ba80,2019,0,complete
i4r_e175c95f14ba80,2020,3,complete
i4r_e175c95f14ba80,2021,7,complete
i4r_e175c95f14ba80,2022,12,complete
i4r_e175c95f14ba80,2023,16,complete
i4r_e175c95f14ba80,2024,26,complete
i4r_e175c95f14ba80,2025,29,complete
i4r_b5b71baf152877,2017,0,complete
i4r_b5b71baf152877,2018,0,complete
i4r_b5b71baf152877,2019,1,complete
i4r_b5b71baf152877,2020,0,complete
i4r_b5b71baf152877,2021,1,complete
i4r_b5b71baf152877,2022,2,complete
i4r_b5b71baf152877,2023,12,complete
i4r_b5b71baf152877,2024,12,complete
i4r_b5b71baf152877,2025,22,complete
i4r_838593c0639b65,2017,0,complete
i4r_838593c0639b65,2018,0,complete
i4r_838593c0639b65,2019,0,complete
i4r_838593c0639b65,2020,0,complete
i4r_838593c0639b65,2021,0,complete
i4r_838593c0639b65,2022,0,complete
i4r_838593c0639b65,2023,1,complete
i4r_838593c0639b65,2024,5,complete
i4r_838593c0639b65,2025,6,complete
i4r_aaadcedb577970,2017,0,complete
i4r_aaadcedb577970,2018,0,complete
i4r_aaadcedb577970,2019,0,complete
i4r_aaadcedb577970,2020,0,complete
i4r_aaadcedb577970,2021,0,complete
i4r_aaadcedb577970,2022,0,complete
i4r_aaadcedb577970,2023,0,complete
i4r_aaadcedb577970,2024,0,complete
i4r_aaadcedb577970,2025,5,complete
i4r_2baf592b86d576,2017,0,complete
i4r_2baf592b86d576,2018,0,complete
i4r_2baf592b86d576,2019,1,complete
i4r_2baf592b86d576,2020,0,complete
i4r_2baf592b86d576,2021,5,complete
i4r_2baf592b86d576,2022,23,complete
i4r_2baf592b86d576,2023,37,complete
i4r_2baf592b86d576,2024,83,complete
i4r_2baf592b86d576,2025,67,complete
i4r_0d99e2b3dcaee6,2017,0,complete
i4r_0d99e2b3dcaee6,2018,0,complete
i4r_0d99e2b3dcaee6,2019,0,complete
i4r_0d99e2b3dcaee6,2020,0,complete
i4r_0d99e2b3dcaee6,2021,0,complete
i4r_0d99e2b3dcaee6,2022,1,complete
i4r_0d99e2b3dcaee6,2023,10,complete
i4r_0d99e2b3dcaee6,2024,9,complete
i4r_0d99e2b3dcaee6,2025,10,complete
i4r_c726fd9fcc3543,2017,0,complete
i4r_c726fd9fcc3543,2018,0,complete
i4r_c726fd9fcc3543,2019,0,complete
i4r_c726fd9fcc3543,2020,0,complete
i4r_c726fd9fcc3543,2021,0,complete
i4r_c726fd9fcc3543,2022,0,complete
i4r_c726fd9fcc3543,2023,1,complete
i4r_c726fd9fcc3543,2024,7,complete
i4r_c726fd9fcc3543,2025,4,complete
i4r_09d3d6d35758a2,2017,0,complete
i4r_09d3d6d35758a2,2018,0,complete
i4r_09d3d6d35758a2,2019,0,complete
i4r_09d3d6d35758a2,2020,0,complete
i4r_09d3d6d35758a2,2021,0,complete
i4r_09d3d6d35758a2,2022,0,complete
i4r_09d3d6d35758a2,2023,3,complete
i4r_09d3d6d35758a2,2024,1,complete
i4r_09d3d6d35758a2,2025,1,complete
i4r_7dbb84cf3df58f,2017,0,complete
i4r_7dbb84cf3df58f,2018,0,complete
i4r_7dbb84cf3df58f,2019,0,complete
i4r_7dbb84cf3df58f,2020,0,complete
i4r_7dbb84cf3df58f,2021,0,complete
i4r_7dbb84cf3df58f,2022,2,complete
i4r_7dbb84cf3df58f,2023,3,complete
i4r_7dbb84cf3df58f,2024,14,complete
i4r_7dbb84cf3df58f,2025,9,complete
i4r_f6849749fd2fbd,2017,0,complete
i4r_f6849749fd2fbd,2018,0,complete
i4r_f6849749fd2fbd,2019,0,complete
i4r_f6849749fd2fbd,2020,0,complete
i4r_f6849749fd2fbd,2021,0,complete
i4r_f6849749fd2fbd,2022,0,complete
i4r_f6849749fd2fbd,2023,1,complete
i4r_f6849749fd2fbd,2024,0,complete
i4r_f6849749fd2fbd,2025,2,complete
i4r_953790a4e95949,2017,0,complete
i4r_953790a4e95949,2018,1,complete
i4r_953790a4e95949,2019,0,complete
i4r_953790a4e95949,2020,1,complete
i4r_953790a4e95949,2021,1,complete
i4r_953790a4e95949,2022,5,complete
i4r_953790a4e95949,2023,47,complete
i4r_953790a4e95949,2024,82,complete
i4r_953790a4e95949,2025,96,complete
i4r_fc5b9e224be139,2017,0,complete
i4r_fc5b9e224be139,2018,0,complete
i4r_fc5b9e224be139,2019,1,complete
i4r_fc5b9e224be139,2020,0,complete
i4r_fc5b9e224be139,2021,0,complete
i4r_fc5b9e224be139,2022,5,complete
i4r_fc5b9e224be139,2023,10,complete
i4r_fc5b9e224be139,2024,6,complete
i4r_fc5b9e224be139,2025,5,complete
i4r_c3732e5fd26705,2017,0,complete
i4r_c3732e5fd26705,2018,0,complete
i4r_c3732e5fd26705,2019,0,complete
i4r_c3732e5fd26705,2020,0,complete
i4r_c3732e5fd26705,2021,0,complete
i4r_c3732e5fd26705,2022,1,complete
i4r_c3732e5fd26705,2023,1,complete
i4r_c3732e5fd26705,2024,1,complete
i4r_c3732e5fd26705,2025,2,complete
i4r_0758d17ecc15af,2017,0,complete
i4r_0758d17ecc15af,2018,0,complete
i4r_0758d17ecc15af,2019,0,complete
i4r_0758d17ecc15af,2020,0,complete
i4r_0758d17ecc15af,2021,0,complete
i4r_0758d17ecc15af,2022,0,complete
i4r_0758d17ecc15af,2023,0,complete
i4r_0758d17ecc15af,2024,1,complete
i4r_0758d17ecc15af,2025,7,complete
i4r_039b7a3320e8b9,2017,0,complete
i4r_039b7a3320e8b9,2018,0,complete
i4r_039b7a3320e8b9,2019,0,complete
i4r_039b7a3320e8b9,2020,0,complete
i4r_039b7a3320e8b9,2021,0,complete
i4r_039b7a3320e8b9,2022,0,complete
i4r_039b7a3320e8b9,2023,1,complete
i4r_039b7a3320e8b9,2024,1,complete
i4r_039b7a3320e8b9,2025,1,complete
i4r_2a95497a872e17,2017,0,complete
i4r_2a95497a872e17,2018,0,complete
i4r_2a95497a872e17,2019,0,complete
i4r_2a95497a872e17,2020,1,complete
i4r_2a95497a872e17,2021,0,complete
i4r_2a95497a872e17,2022,2,complete
i4r_2a95497a872e17,2023,4,complete
i4r_2a95497a872e17,2024,1,complete
i4r_2a95497a872e17,2025,1,complete
i4r_010c1ba670651d,2017,0,complete
i4r_010c1ba670651d,2018,0,complete
i4r_010c1ba670651d,2019,0,complete
i4r_010c1ba670651d,2020,0,complete
i4r_010c1ba670651d,2021,0,complete
i4r_010c1ba670651d,2022,0,complete
i4r_010c1ba670651d,2023,5,complete
i4r_010c1ba670651d,2024,12,complete
i4r_010c1ba670651d,2025,4,complete
i4r_c18466c11222e5,2017,0,complete
i4r_c18466c11222e5,2018,0,complete
i4r_c18466c11222e5,2019,0,complete
i4r_c18466c11222e5,2020,5,complete
i4r_c18466c11222e5,2021,9,complete
i4r_c18466c11222e5,2022,12,complete
i4r_c18466c11222e5,2023,21,complete
i4r_c18466c11222e5,2024,30,complete
i4r_c18466c11222e5,2025,30,complete
i4r_aba48fbb929436,2017,0,complete
i4r_aba48fbb929436,2018,0,complete
i4r_aba48fbb929436,2019,0,complete
i4r_aba48fbb929436,2020,0,complete
i4r_aba48fbb929436,2021,0,complete
i4r_aba48fbb929436,2022,1,complete
i4r_aba48fbb929436,2023,17,complete
i4r_aba48fbb929436,2024,48,complete
i4r_aba48fbb929436,2025,32,complete
i4r_247329a83c93cb,2017,0,complete
i4r_247329a83c93cb,2018,0,complete
i4r_247329a83c93cb,2019,0,complete
i4r_247329a83c93cb,2020,0,complete
i4r_247329a83c93cb,2021,0,complete
i4r_247329a83c93cb,2022,0,complete
i4r_247329a83c93cb,2023,3,complete
i4r_247329a83c93cb,2024,4,complete
i4r_247329a83c93cb,2025,6,complete
i4r_cea7cbf66ea2ff,2017,0,complete
i4r_cea7cbf66ea2ff,2018,0,complete
i4r_cea7cbf66ea2ff,2019,0,complete
i4r_cea7cbf66ea2ff,2020,0,complete
i4r_cea7cbf66ea2ff,2021,0,complete
i4r_cea7cbf66ea2ff,2022,0,complete
i4r_cea7cbf66ea2ff,2023,30,complete
i4r_cea7cbf66ea2ff,2024,55,complete
i4r_cea7cbf66ea2ff,2025,25,complete
i4r_9cf994708af66e,2017,0,complete
i4r_9cf994708af66e,2018,0,complete
i4r_9cf994708af66e,2019,0,complete
i4r_9cf994708af66e,2020,0,complete
i4r_9cf994708af66e,2021,0,complete
i4r_9cf994708af66e,2022,2,complete
i4r_9cf994708af66e,2023,4,complete
i4r_9cf994708af66e,2024,12,complete
i4r_9cf994708af66e,2025,15,complete
i4r_bb89cad0ac4c42,2017,0,complete
i4r_bb89cad0ac4c42,2018,0,complete
i4r_bb89cad0ac4c42,2019,0,complete
i4r_bb89cad0ac4c42,2020,0,complete
i4r_bb89cad0ac4c42,2021,1,complete
i4r_bb89cad0ac4c42,2022,1,complete
i4r_bb89cad0ac4c42,2023,17,complete
i4r_bb89cad0ac4c42,2024,13,complete
i4r_bb89cad0ac4c42,2025,20,complete
i4r_0283bc57bbde94,2017,0,complete
i4r_0283bc57bbde94,2018,0,complete
i4r_0283bc57bbde94,2019,0,complete
i4r_0283bc57bbde94,2020,0,complete
i4r_0283bc57bbde94,2021,0,complete
i4r_0283bc57bbde94,2022,3,complete
i4r_0283bc57bbde94,2023,9,complete
i4r_0283bc57bbde94,2024,11,complete
i4r_0283bc57bbde94,2025,20,complete
i4r_4428c05f3928fe,2017,0,complete
i4r_4428c05f3928fe,2018,0,complete
i4r_4428c05f3928fe,2019,0,complete
i4r_4428c05f3928fe,2020,0,complete
i4r_4428c05f3928fe,2021,0,complete
i4r_4428c05f3928fe,2022,0,complete
i4r_4428c05f3928fe,2023,2,complete
i4r_4428c05f3928fe,2024,5,complete
i4r_4428c05f3928fe,2025,3,complete
i4r_7be5d436e30757,2017,0,complete
i4r_7be5d436e30757,2018,0,complete
i4r_7be5d436e30757,2019,1,complete
i4r_7be5d436e30757,2020,0,complete
i4r_7be5d436e30757,2021,8,complete
i4r_7be5d436e30757,2022,15,complete
i4r_7be5d436e30757,2023,55,complete
i4r_7be5d436e30757,2024,63,complete
i4r_7be5d436e30757,2025,84,complete
i4r_a915fe49787d9e,2017,0,complete
i4r_a915fe49787d9e,2018,0,complete
i4r_a915fe49787d9e,2019,0,complete
i4r_a915fe49787d9e,2020,0,complete
i4r_a915fe49787d9e,2021,0,complete
i4r_a915fe49787d9e,2022,0,complete
i4r_a915fe49787d9e,2023,0,complete
i4r_a915fe49787d9e,2024,0,complete
i4r_a915fe49787d9e,2025,1,complete
i4r_f000b20e5ffa71,2017,0,complete
i4r_f000b20e5ffa71,2018,0,complete
i4r_f000b20e5ffa71,2019,0,complete
i4r_f000b20e5ffa71,2020,0,complete
i4r_f000b20e5ffa71,2021,0,complete
i4r_f000b20e5ffa71,2022,0,complete
i4r_f000b20e5ffa71,2023,0,complete
i4r_f000b20e5ffa71,2024,0,complete
i4r_f000b20e5ffa71,2025,0,complete
i4r_ee6f868eed410d,2017,0,complete
i4r_ee6f868eed410d,2018,0,complete
i4r_ee6f868eed410d,2019,0,complete
i4r_ee6f868eed410d,2020,0,complete
i4r_ee6f868eed410d,2021,0,complete
i4r_ee6f868eed410d,2022,1,complete
i4r_ee6f868eed410d,2023,3,complete
i4r_ee6f868eed410d,2024,3,complete
i4r_ee6f868eed410d,2025,13,complete
i4r_5627b3380d1216,2017,0,complete
i4r_5627b3380d1216,2018,0,complete
i4r_5627b3380d1216,2019,0,complete
i4r_5627b3380d1216,2020,1,complete
i4r_5627b3380d1216,2021,0,complete
i4r_5627b3380d1216,2022,3,complete
i4r_5627b3380d1216,2023,7,complete
i4r_5627b3380d1216,2024,4,complete
i4r_5627b3380d1216,2025,4,complete
i4r_03b13451b0f503,2017,0,complete
i4r_03b13451b0f503,2018,0,complete
i4r_03b13451b0f503,2019,0,complete
i4r_03b13451b0f503,2020,0,complete
i4r_03b13451b0f503,2021,0,complete
i4r_03b13451b0f503,2022,0,complete
i4r_03b13451b0f503,2023,0,complete
i4r_03b13451b0f503,2024,3,complete
i4r_03b13451b0f503,2025,12,complete
i4r_71774654aced48,2017,0,complete
i4r_71774654aced48,2018,0,complete
i4r_71774654aced48,2019,0,complete
i4r_71774654aced48,2020,1,complete
i4r_71774654aced48,2021,1,complete
i4r_71774654aced48,2022,1,complete
i4r_71774654aced48,2023,2,complete
i4r_71774654aced48,2024,6,complete
i4r_71774654aced48,2025,7,complete
i4r_5b4a0b94e93c4d,2017,0,complete
i4r_5b4a0b94e93c4d,2018,0,complete
i4r_5b4a0b94e93c4d,2019,0,complete
i4r_5b4a0b94e93c4d,2020,0,complete
i4r_5b4a0b94e93c4d,2021,0,complete
i4r_5b4a0b94e93c4d,2022,0,complete
i4r_5b4a0b94e93c4d,2023,0,complete
i4r_5b4a0b94e93c4d,2024,0,complete
i4r_5b4a0b94e93c4d,2025,0,complete
i4r_9c373d960012f0,2017,0,complete
i4r_9c373d960012f0,2018,0,complete
i4r_9c373d960012f0,2019,0,complete
i4r_9c373d960012f0,2020,0,complete
i4r_9c373d960012f0,2021,0,complete
i4r_9c373d960012f0,2022,0,complete
i4r_9c373d960012f0,2023,0,complete
i4r_9c373d960012f0,2024,1,complete
i4r_9c373d960012f0,2025,6,complete
i4r_59e4056e4cbbce,2017,0,complete
i4r_59e4056e4cbbce,2018,0,complete
i4r_59e4056e4cbbce,2019,0,complete
i4r_59e4056e4cbbce,2020,1,complete
i4r_59e4056e4cbbce,2021,1,complete
i4r_59e4056e4cbbce,2022,1,complete
i4r_59e4056e4cbbce,2023,6,complete
i4r_59e4056e4cbbce,2024,8,complete
i4r_59e4056e4cbbce,2025,13,complete
i4r_662cab2485e0a8,2017,0,complete
i4r_662cab2485e0a8,2018,0,complete
i4r_662cab2485e0a8,2019,0,complete
i4r_662cab2485e0a8,2020,0,complete
i4r_662cab2485e0a8,2021,0,complete
i4r_662cab2485e0a8,2022,1,complete
i4r_662cab2485e0a8,2023,11,complete
i4r_662cab2485e0a8,2024,18,complete
i4r_662cab2485e0a8,2025,14,complete
i4r_ef1a870a21d355,2017,0,complete
i4r_ef1a870a21d355,2018,0,complete
i4r_ef1a870a21d355,2019,0,complete
i4r_ef1a870a21d355,2020,0,complete
i4r_ef1a870a21d355,2021,0,complete
i4r_ef1a870a21d355,2022,0,complete
i4r_ef1a870a21d355,2023,0,complete
i4r_ef1a870a21d355,2024,0,complete
i4r_ef1a870a21d355,2025,2,complete
i4r_2d63d3acc10c3e,2017,0,complete
i4r_2d63d3acc10c3e,2018,0,complete
i4r_2d63d3acc10c3e,2019,0,complete
i4r_2d63d3acc10c3e,2020,0,complete
i4r_2d63d3acc10c3e,2021,0,complete
i4r_2d63d3acc10c3e,2022,0,complete
i4r_2d63d3acc10c3e,2023,3,complete
i4r_2d63d3acc10c3e,2024,2,complete
i4r_2d63d3acc10c3e,2025,6,complete
i4r_fc0ccba474ba71,2017,0,complete
i4r_fc0ccba474ba71,2018,0,complete
i4r_fc0ccba474ba71,2019,0,complete
i4r_fc0ccba474ba71,2020,0,complete
i4r_fc0ccba474ba71,2021,0,complete
i4r_fc0ccba474ba71,2022,0,complete
i4r_fc0ccba474ba71,2023,27,complete
i4r_fc0ccba474ba71,2024,23,complete
i4r_fc0ccba474ba71,2025,24,complete
i4r_001884d6d28ef4,2017,0,complete
i4r_001884d6d28ef4,2018,0,complete
i4r_001884d6d28ef4,2019,0,complete
i4r_001884d6d28ef4,2020,0,complete
i4r_001884d6d28ef4,2021,0,complete
i4r_001884d6d28ef4,2022,0,complete
i4r_001884d6d28ef4,2023,0,complete
i4r_001884d6d28ef4,2024,0,complete
i4r_001884d6d28ef4,2025,1,complete
i4r_a085a54b5bab68,2017,0,complete
i4r_a085a54b5bab68,2018,0,complete
i4r_a085a54b5bab68,2019,0,complete
i4r_a085a54b5bab68,2020,0,complete
i4r_a085a54b5bab68,2021,0,complete
i4r_a085a54b5bab68,2022,2,complete
i4r_a085a54b5bab68,2023,5,complete
i4r_a085a54b5bab68,2024,8,complete
i4r_a085a54b5bab68,2025,11,complete
i4r_3f304907a7b2b5,2017,0,complete
i4r_3f304907a7b2b5,2018,0,complete
i4r_3f304907a7b2b5,2019,0,complete
i4r_3f304907a7b2b5,2020,1,complete
i4r_3f304907a7b2b5,2021,1,complete
i4r_3f304907a7b2b5,2022,1,complete
i4r_3f304907a7b2b5,2023,6,complete
i4r_3f304907a7b2b5,2024,6,complete
i4r_3f304907a7b2b5,2025,6,complete
i4r_2a3a31c778d929,2017,0,complete
i4r_2a3a31c778d929,2018,0,complete
i4r_2a3a31c778d929,2019,0,complete
i4r_2a3a31c778d929,2020,0,complete
i4r_2a3a31c778d929,2021,0,complete
i4r_2a3a31c778d929,2022,0,complete
i4r_2a3a31c778d929,2023,4,complete
i4r_2a3a31c778d929,2024,21,complete
i4r_2a3a31c778d929,2025,19,complete
i4r_0308a34a78db05,2017,0,complete
i4r_0308a34a78db05,2018,0,complete
i4r_0308a34a78db05,2019,0,complete
i4r_0308a34a78db05,2020,0,complete
i4r_0308a34a78db05,2021,0,complete
i4r_0308a34a78db05,2022,0,complete
i4r_0308a34a78db05,2023,0,complete
i4r_0308a34a78db05,2024,7,complete
i4r_0308a34a78db05,2025,26,complete
i4r_beae0869e67c95,2017,0,complete
i4r_beae0869e67c95,2018,0,complete
i4r_beae0869e67c95,2019,0,complete
i4r_beae0869e67c95,2020,0,complete
i4r_beae0869e67c95,2021,0,complete
i4r_beae0869e67c95,2022,0,complete
i4r_beae0869e67c95,2023,0,complete
i4r_beae0869e67c95,2024,0,complete
i4r_beae0869e67c95,2025,0,complete
i4r_faabea000ddfc5,2017,0,complete
i4r_faabea000ddfc5,2018,0,complete
i4r_faabea000ddfc5,2019,0,complete
i4r_faabea000ddfc5,2020,1,complete
i4r_faabea000ddfc5,2021,2,complete
i4r_faabea000ddfc5,2022,3,complete
i4r_faabea000ddfc5,2023,13,complete
i4r_faabea000ddfc5,2024,9,complete
i4r_faabea000ddfc5,2025,21,complete
i4r_a23361f71884cf,2017,0,complete
i4r_a23361f71884cf,2018,0,complete
i4r_a23361f71884cf,2019,0,complete
i4r_a23361f71884cf,2020,0,complete
i4r_a23361f71884cf,2021,0,complete
i4r_a23361f71884cf,2022,0,complete
i4r_a23361f71884cf,2023,0,complete
i4r_a23361f71884cf,2024,3,complete
i4r_a23361f71884cf,2025,1,complete
i4r_3ad0b1ebbb732b,2017,0,complete
i4r_3ad0b1ebbb732b,2018,0,complete
i4r_3ad0b1ebbb732b,2019,0,complete
i4r_3ad0b1ebbb732b,2020,0,complete
i4r_3ad0b1ebbb732b,2021,0,complete
i4r_3ad0b1ebbb732b,2022,0,complete
i4r_3ad0b1ebbb732b,2023,0,complete
i4r_3ad0b1ebbb732b,2024,14,complete
i4r_3ad0b1ebbb732b,2025,19,complete
i4r_f710eeeba0e767,2017,0,complete
i4r_f710eeeba0e767,2018,0,complete
i4r_f710eeeba0e767,2019,0,complete
i4r_f710eeeba0e767,2020,0,complete
i4r_f710eeeba0e767,2021,0,complete
i4r_f710eeeba0e767,2022,0,complete
i4r_f710eeeba0e767,2023,0,complete
i4r_f710eeeba0e767,2024,8,complete
i4r_f710eeeba0e767,2025,8,complete
i4r_8a072573dd6bed,2017,0,complete
i4r_8a072573dd6bed,2018,1,complete
i4r_8a072573dd6bed,2019,1,complete
i4r_8a072573dd6bed,2020,1,complete
i4r_8a072573dd6bed,2021,2,complete
i4r_8a072573dd6bed,2022,2,complete
i4r_8a072573dd6bed,2023,1,complete
i4r_8a072573dd6bed,2024,5,complete
i4r_8a072573dd6bed,2025,9,complete
i4r_ea3969dc593bce,2017,0,complete
i4r_ea3969dc593bce,2018,0,complete
i4r_ea3969dc593bce,2019,1,complete
i4r_ea3969dc593bce,2020,0,complete
i4r_ea3969dc593bce,2021,1,complete
i4r_ea3969dc593bce,2022,6,complete
i4r_ea3969dc593bce,2023,14,complete
i4r_ea3969dc593bce,2024,8,complete
i4r_ea3969dc593bce,2025,11,complete
i4r_b12ba571078880,2017,0,complete
i4r_b12ba571078880,2018,0,complete
i4r_b12ba571078880,2019,0,complete
i4r_b12ba571078880,2020,2,complete
i4r_b12ba571078880,2021,0,complete
i4r_b12ba571078880,2022,3,complete
i4r_b12ba571078880,2023,12,complete
i4r_b12ba571078880,2024,22,complete
i4r_b12ba571078880,2025,30,complete
i4r_58c95aa983d13b,2017,0,complete
i4r_58c95aa983d13b,2018,0,complete
i4r_58c95aa983d13b,2019,0,complete
i4r_58c95aa983d13b,2020,0,complete
i4r_58c95aa983d13b,2021,0,complete
i4r_58c95aa983d13b,2022,0,complete
i4r_58c95aa983d13b,2023,0,complete
i4r_58c95aa983d13b,2024,5,complete
i4r_58c95aa983d13b,2025,18,complete
i4r_05ae5a989185bc,2017,0,complete
i4r_05ae5a989185bc,2018,0,complete
i4r_05ae5a989185bc,2019,0,complete
i4r_05ae5a989185bc,2020,0,complete
i4r_05ae5a989185bc,2021,0,complete
i4r_05ae5a989185bc,2022,0,complete
i4r_05ae5a989185bc,2023,3,complete
i4r_05ae5a989185bc,2024,6,complete
i4r_05ae5a989185bc,2025,9,complete
i4r_bdfc52bcc57057,2017,0,complete
i4r_bdfc52bcc57057,2018,0,complete
i4r_bdfc52bcc57057,2019,0,complete
i4r_bdfc52bcc57057,2020,0,complete
i4r_bdfc52bcc57057,2021,0,complete
i4r_bdfc52bcc57057,2022,0,complete
i4r_bdfc52bcc57057,2023,0,complete
i4r_bdfc52bcc57057,2024,2,complete
i4r_bdfc52bcc57057,2025,5,complete
i4r_2aa7e452fa0797,2017,0,complete
i4r_2aa7e452fa0797,2018,0,complete
i4r_2aa7e452fa0797,2019,1,complete
i4r_2aa7e452fa0797,2020,1,complete
i4r_2aa7e452fa0797,2021,4,complete
i4r_2aa7e452fa0797,2022,14,complete
i4r_2aa7e452fa0797,2023,38,complete
i4r_2aa7e452fa0797,2024,55,complete
i4r_2aa7e452fa0797,2025,68,complete
i4r_cd3a18dd7f9367,2017,0,complete
i4r_cd3a18dd7f9367,2018,0,complete
i4r_cd3a18dd7f9367,2019,0,complete
i4r_cd3a18dd7f9367,2020,0,complete
i4r_cd3a18dd7f9367,2021,0,complete
i4r_cd3a18dd7f9367,2022,1,complete
i4r_cd3a18dd7f9367,2023,0,complete
i4r_cd3a18dd7f9367,2024,0,complete
i4r_cd3a18dd7f9367,2025,3,complete
i4r_7c50141a4b18bd,2017,0,complete
i4r_7c50141a4b18bd,2018,0,complete
i4r_7c50141a4b18bd,2019,0,complete
i4r_7c50141a4b18bd,2020,0,complete
i4r_7c50141a4b18bd,2021,0,complete
i4r_7c50141a4b18bd,2022,1,complete
i4r_7c50141a4b18bd,2023,1,complete
i4r_7c50141a4b18bd,2024,5,complete
i4r_7c50141a4b18bd,2025,12,complete
i4r_767d5ba27bc880,2017,0,complete
i4r_767d5ba27bc880,2018,0,complete
i4r_767d5ba27bc880,2019,0,complete
i4r_767d5ba27bc880,2020,0,complete
i4r_767d5ba27bc880,2021,0,complete
i4r_767d5ba27bc880,2022,0,complete
i4r_767d5ba27bc880,2023,0,complete
i4r_767d5ba27bc880,2024,6,complete
i4r_767d5ba27bc880,2025,11,complete
i4r_a39353e38424bc,2017,0,complete
i4r_a39353e38424bc,2018,0,complete
i4r_a39353e38424bc,2019,0,complete
i4r_a39353e38424bc,2020,0,complete
i4r_a39353e38424bc,2021,0,complete
i4r_a39353e38424bc,2022,0,complete
i4r_a39353e38424bc,2023,1,complete
i4r_a39353e38424bc,2024,1,complete
i4r_a39353e38424bc,2025,9,complete
i4r_b04c3729231cfb,2017,0,complete
i4r_b04c3729231cfb,2018,0,complete
i4r_b04c3729231cfb,2019,0,complete
i4r_b04c3729231cfb,2020,0,complete
i4r_b04c3729231cfb,2021,0,complete
i4r_b04c3729231cfb,2022,0,complete
i4r_b04c3729231cfb,2023,0,complete
i4r_b04c3729231cfb,2024,2,complete
i4r_b04c3729231cfb,2025,9,complete
i4r_b24004f9686a95,2017,0,complete
i4r_b24004f9686a95,2018,0,complete
i4r_b24004f9686a95,2019,0,complete
i4r_b24004f9686a95,2020,0,complete
i4r_b24004f9686a95,2021,0,complete
i4r_b24004f9686a95,2022,0,complete
i4r_b24004f9686a95,2023,0,complete
i4r_b24004f9686a95,2024,0,complete
i4r_b24004f9686a95,2025,3,complete
i4r_d02cb327b2d73d,2017,0,complete
i4r_d02cb327b2d73d,2018,0,complete
i4r_d02cb327b2d73d,2019,0,complete
i4r_d02cb327b2d73d,2020,0,complete
i4r_d02cb327b2d73d,2021,0,complete
i4r_d02cb327b2d73d,2022,0,complete
i4r_d02cb327b2d73d,2023,0,complete
i4r_d02cb327b2d73d,2024,1,complete
i4r_d02cb327b2d73d,2025,7,complete
i4r_6a9c2a3846bc77,2017,0,complete
i4r_6a9c2a3846bc77,2018,0,complete
i4r_6a9c2a3846bc77,2019,0,complete
i4r_6a9c2a3846bc77,2020,0,complete
i4r_6a9c2a3846bc77,2021,0,complete
i4r_6a9c2a3846bc77,2022,0,complete
i4r_6a9c2a3846bc77,2023,0,complete
i4r_6a9c2a3846bc77,2024,0,complete
i4r_6a9c2a3846bc77,2025,1,complete
i4r_10ac5e85e02ecd,2017,0,complete
i4r_10ac5e85e02ecd,2018,0,complete
i4r_10ac5e85e02ecd,2019,0,complete
i4r_10ac5e85e02ecd,2020,0,complete
i4r_10ac5e85e02ecd,2021,1,complete
i4r_10ac5e85e02ecd,2022,2,complete
i4r_10ac5e85e02ecd,2023,6,complete
i4r_10ac5e85e02ecd,2024,22,complete
i4r_10ac5e85e02ecd,2025,10,complete
i4r_f510ef0c5b9abe,2017,0,complete
i4r_f510ef0c5b9abe,2018,0,complete
i4r_f510ef0c5b9abe,2019,0,complete
i4r_f510ef0c5b9abe,2020,0,complete
i4r_f510ef0c5b9abe,2021,0,complete
i4r_f510ef0c5b9abe,2022,0,complete
i4r_f510ef0c5b9abe,2023,0,complete
i4r_f510ef0c5b9abe,2024,16,complete
i4r_f510ef0c5b9abe,2025,11,complete
i4r_b3dcb743e64d53,2017,0,complete
i4r_b3dcb743e64d53,2018,0,complete
i4r_b3dcb743e64d53,2019,0,complete
i4r_b3dcb743e64d53,2020,0,complete
i4r_b3dcb743e64d53,2021,0,complete
i4r_b3dcb743e64d53,2022,0,complete
i4r_b3dcb743e64d53,2023,1,complete
i4r_b3dcb743e64d53,2024,14,complete
i4r_b3dcb743e64d53,2025,32,complete
i4r_03d52fedeb62e1,2017,0,complete
i4r_03d52fedeb62e1,2018,0,complete
i4r_03d52fedeb62e1,2019,0,complete
i4r_03d52fedeb62e1,2020,0,complete
i4r_03d52fedeb62e1,2021,0,complete
i4r_03d52fedeb62e1,2022,0,complete
i4r_03d52fedeb62e1,2023,0,complete
i4r_03d52fedeb62e1,2024,0,complete
i4r_03d52fedeb62e1,2025,2,complete
i4r_41216cee4fbe14,2017,0,complete
i4r_41216cee4fbe14,2018,0,complete
i4r_41216cee4fbe14,2019,0,complete
i4r_41216cee4fbe14,2020,0,complete
i4r_41216cee4fbe14,2021,0,complete
i4r_41216cee4fbe14,2022,0,complete
i4r_41216cee4fbe14,2023,17,complete
i4r_41216cee4fbe14,2024,54,complete
i4r_41216cee4fbe14,2025,45,complete
i4r_7a6c603119c3ca,2017,0,complete
i4r_7a6c603119c3ca,2018,0,complete
i4r_7a6c603119c3ca,2019,0,complete
i4r_7a6c603119c3ca,2020,0,complete
i4r_7a6c603119c3ca,2021,2,complete
i4r_7a6c603119c3ca,2022,2,complete
i4r_7a6c603119c3ca,2023,6,complete
i4r_7a6c603119c3ca,2024,20,complete
i4r_7a6c603119c3ca,2025,15,complete
i4r_7318933aa2e4cc,2017,0,complete
i4r_7318933aa2e4cc,2018,0,complete
i4r_7318933aa2e4cc,2019,0,complete
i4r_7318933aa2e4cc,2020,0,complete
i4r_7318933aa2e4cc,2021,1,complete
i4r_7318933aa2e4cc,2022,8,complete
i4r_7318933aa2e4cc,2023,10,complete
i4r_7318933aa2e4cc,2024,16,complete
i4r_7318933aa2e4cc,2025,13,complete
i4r_1f4c1d832ef836,2017,0,complete
i4r_1f4c1d832ef836,2018,0,complete
i4r_1f4c1d832ef836,2019,0,complete
i4r_1f4c1d832ef836,2020,0,complete
i4r_1f4c1d832ef836,2021,0,complete
i4r_1f4c1d832ef836,2022,0,complete
i4r_1f4c1d832ef836,2023,0,complete
i4r_1f4c1d832ef836,2024,1,complete
i4r_1f4c1d832ef836,2025,4,complete
i4r_dbd134284ecf6a,2017,18,complete
i4r_dbd134284ecf6a,2018,16,complete
i4r_dbd134284ecf6a,2019,21,complete
i4r_dbd134284ecf6a,2020,17,complete
i4r_dbd134284ecf6a,2021,14,complete
i4r_dbd134284ecf6a,2022,22,complete
i4r_dbd134284ecf6a,2023,18,complete
i4r_dbd134284ecf6a,2024,14,complete
i4r_dbd134284ecf6a,2025,13,complete
i4r_d1d9e8ef381ad9,2017,0,complete
i4r_d1d9e8ef381ad9,2018,0,complete
i4r_d1d9e8ef381ad9,2019,0,complete
i4r_d1d9e8ef381ad9,2020,3,complete
i4r_d1d9e8ef381ad9,2021,16,complete
i4r_d1d9e8ef381ad9,2022,40,complete
i4r_d1d9e8ef381ad9,2023,60,complete
i4r_d1d9e8ef381ad9,2024,76,complete
i4r_d1d9e8ef381ad9,2025,68,complete
i4r_faaae14cc9ebbe,2017,0,complete
i4r_faaae14cc9ebbe,2018,0,complete
i4r_faaae14cc9ebbe,2019,0,complete
i4r_faaae14cc9ebbe,2020,0,complete
i4r_faaae14cc9ebbe,2021,2,complete
i4r_faaae14cc9ebbe,2022,7,complete
i4r_faaae14cc9ebbe,2023,20,complete
i4r_faaae14cc9ebbe,2024,15,complete
i4r_faaae14cc9ebbe,2025,10,complete
i4r_74bd842fe50045,2017,0,complete
i4r_74bd842fe50045,2018,0,complete
i4r_74bd842fe50045,2019,0,complete
i4r_74bd842fe50045,2020,0,complete
i4r_74bd842fe50045,2021,0,complete
i4r_74bd842fe50045,2022,4,complete
i4r_74bd842fe50045,2023,2,complete
i4r_74bd842fe50045,2024,3,complete
i4r_74bd842fe50045,2025,4,complete
i4r_a7d156251a08f2,2017,0,complete
i4r_a7d156251a08f2,2018,0,complete
i4r_a7d156251a08f2,2019,0,complete
i4r_a7d156251a08f2,2020,1,complete
i4r_a7d156251a08f2,2021,0,complete
i4r_a7d156251a08f2,2022,4,complete
i4r_a7d156251a08f2,2023,13,complete
i4r_a7d156251a08f2,2024,66,complete
i4r_a7d156251a08f2,2025,93,complete
i4r_157f2e64e11dde,2017,0,complete
i4r_157f2e64e11dde,2018,0,complete
i4r_157f2e64e11dde,2019,0,complete
i4r_157f2e64e11dde,2020,1,complete
i4r_157f2e64e11dde,2021,4,complete
i4r_157f2e64e11dde,2022,11,complete
i4r_157f2e64e11dde,2023,14,complete
i4r_157f2e64e11dde,2024,27,complete
i4r_157f2e64e11dde,2025,25,complete
i4r_8cc2e537f0fbab,2017,0,complete
i4r_8cc2e537f0fbab,2018,0,complete
i4r_8cc2e537f0fbab,2019,0,complete
i4r_8cc2e537f0fbab,2020,1,complete
i4r_8cc2e537f0fbab,2021,1,complete
i4r_8cc2e537f0fbab,2022,5,complete
i4r_8cc2e537f0fbab,2023,11,complete
i4r_8cc2e537f0fbab,2024,15,complete
i4r_8cc2e537f0fbab,2025,6,complete
i4r_4d967f7e70fed1,2017,0,complete
i4r_4d967f7e70fed1,2018,0,complete
i4r_4d967f7e70fed1,2019,0,complete
i4r_4d967f7e70fed1,2020,0,complete
i4r_4d967f7e70fed1,2021,1,complete
i4r_4d967f7e70fed1,2022,0,complete
i4r_4d967f7e70fed1,2023,1,complete
i4r_4d967f7e70fed1,2024,4,complete
i4r_4d967f7e70fed1,2025,4,complete
i4r_52b8a6f5241559,2017,0,complete
i4r_52b8a6f5241559,2018,0,complete
i4r_52b8a6f5241559,2019,0,complete
i4r_52b8a6f5241559,2020,0,complete
i4r_52b8a6f5241559,2021,0,complete
i4r_52b8a6f5241559,2022,1,complete
i4r_52b8a6f5241559,2023,0,complete
i4r_52b8a6f5241559,2024,0,complete
i4r_52b8a6f5241559,2025,5,complete
i4r_fb4a182ac194b2,2017,0,complete
i4r_fb4a182ac194b2,2018,0,complete
i4r_fb4a182ac194b2,2019,0,complete
i4r_fb4a182ac194b2,2020,0,complete
i4r_fb4a182ac194b2,2021,1,complete
i4r_fb4a182ac194b2,2022,4,complete
i4r_fb4a182ac194b2,2023,11,complete
i4r_fb4a182ac194b2,2024,10,complete
i4r_fb4a182ac194b2,2025,9,complete
i4r_65faae5bc9cc7e,2017,0,complete
i4r_65faae5bc9cc7e,2018,0,complete
i4r_65faae5bc9cc7e,2019,0,complete
i4r_65faae5bc9cc7e,2020,0,complete
i4r_65faae5bc9cc7e,2021,0,complete
i4r_65faae5bc9cc7e,2022,0,complete
i4r_65faae5bc9cc7e,2023,0,complete
i4r_65faae5bc9cc7e,2024,0,complete
i4r_65faae5bc9cc7e,2025,1,complete
i4r_3a0d3284e9abf8,2017,0,complete
i4r_3a0d3284e9abf8,2018,0,complete
i4r_3a0d3284e9abf8,2019,0,complete
i4r_3a0d3284e9abf8,2020,0,complete
i4r_3a0d3284e9abf8,2021,0,complete
i4r_3a0d3284e9abf8,2022,0,complete
i4r_3a0d3284e9abf8,2023,0,complete
i4r_3a0d3284e9abf8,2024,0,complete
i4r_3a0d3284e9abf8,2025,0,complete
i4r_8610151154c4e2,2017,0,complete
i4r_8610151154c4e2,2018,0,complete
i4r_8610151154c4e2,2019,0,complete
i4r_8610151154c4e2,2020,0,complete
i4r_8610151154c4e2,2021,0,complete
i4r_8610151154c4e2,2022,0,complete
i4r_8610151154c4e2,2023,0,complete
i4r_8610151154c4e2,2024,3,complete
i4r_8610151154c4e2,2025,3,complete
i4r_3e46b1dc5916cc,2017,0,complete
i4r_3e46b1dc5916cc,2018,0,complete
i4r_3e46b1dc5916cc,2019,0,complete
i4r_3e46b1dc5916cc,2020,0,complete
i4r_3e46b1dc5916cc,2021,1,complete
i4r_3e46b1dc5916cc,2022,6,complete
i4r_3e46b1dc5916cc,2023,14,complete
i4r_3e46b1dc5916cc,2024,18,complete
i4r_3e46b1dc5916cc,2025,25,complete
i4r_54473a4b190ace,2017,0,complete
i4r_54473a4b190ace,2018,1,complete
i4r_54473a4b190ace,2019,4,complete
i4r_54473a4b190ace,2020,5,complete
i4r_54473a4b190ace,2021,3,complete
i4r_54473a4b190ace,2022,8,complete
i4r_54473a4b190ace,2023,9,complete
i4r_54473a4b190ace,2024,7,complete
i4r_54473a4b190ace,2025,2,complete
i4r_d9bfa0680a58a5,2017,0,complete
i4r_d9bfa0680a58a5,2018,0,complete
i4r_d9bfa0680a58a5,2019,0,complete
i4r_d9bfa0680a58a5,2020,0,complete
i4r_d9bfa0680a58a5,2021,0,complete
i4r_d9bfa0680a58a5,2022,0,complete
i4r_d9bfa0680a58a5,2023,2,complete
i4r_d9bfa0680a58a5,2024,17,complete
i4r_d9bfa0680a58a5,2025,20,complete
i4r_3db54b90ce115c,2017,0,complete
i4r_3db54b90ce115c,2018,0,complete
i4r_3db54b90ce115c,2019,0,complete
i4r_3db54b90ce115c,2020,0,complete
i4r_3db54b90ce115c,2021,0,complete
i4r_3db54b90ce115c,2022,0,complete
i4r_3db54b90ce115c,2023,1,complete
i4r_3db54b90ce115c,2024,0,complete
i4r_3db54b90ce115c,2025,1,complete
i4r_e4e8bc83efd2d5,2017,0,complete
i4r_e4e8bc83efd2d5,2018,0,complete
i4r_e4e8bc83efd2d5,2019,0,complete
i4r_e4e8bc83efd2d5,2020,0,complete
i4r_e4e8bc83efd2d5,2021,0,complete
i4r_e4e8bc83efd2d5,2022,0,complete
i4r_e4e8bc83efd2d5,2023,0,complete
i4r_e4e8bc83efd2d5,2024,3,complete
i4r_e4e8bc83efd2d5,2025,2,complete
i4r_961b7abc21ec43,2017,0,complete
i4r_961b7abc21ec43,2018,0,complete
i4r_961b7abc21ec43,2019,0,complete
i4r_961b7abc21ec43,2020,0,complete
i4r_961b7abc21ec43,2021,0,complete
i4r_961b7abc21ec43,2022,0,complete
i4r_961b7abc21ec43,2023,2,complete
i4r_961b7abc21ec43,2024,0,complete
i4r_961b7abc21ec43,2025,3,complete
i4r_f967a1d97f7092,2017,0,complete
i4r_f967a1d97f7092,2018,0,complete
i4r_f967a1d97f7092,2019,0,complete
i4r_f967a1d97f7092,2020,0,complete
i4r_f967a1d97f7092,2021,0,complete
i4r_f967a1d97f7092,2022,0,complete
i4r_f967a1d97f7092,2023,0,complete
i4r_f967a1d97f7092,2024,1,complete
i4r_f967a1d97f7092,2025,8,complete
i4r_8d320d8db9b266,2017,0,complete
i4r_8d320d8db9b266,2018,0,complete
i4r_8d320d8db9b266,2019,0,complete
i4r_8d320d8db9b266,2020,0,complete
i4r_8d320d8db9b266,2021,0,complete
i4r_8d320d8db9b266,2022,0,complete
i4r_8d320d8db9b266,2023,0,complete
i4r_8d320d8db9b266,2024,0,complete
i4r_8d320d8db9b266,2025,3,complete
i4r_ffa96d98089db3,2017,0,complete
i4r_ffa96d98089db3,2018,0,complete
i4r_ffa96d98089db3,2019,0,complete
i4r_ffa96d98089db3,2020,0,complete
i4r_ffa96d98089db3,2021,0,complete
i4r_ffa96d98089db3,2022,0,complete
i4r_ffa96d98089db3,2023,4,complete
i4r_ffa96d98089db3,2024,1,complete
i4r_ffa96d98089db3,2025,12,complete
i4r_47b17b0abae3f7,2017,0,complete
i4r_47b17b0abae3f7,2018,0,complete
i4r_47b17b0abae3f7,2019,0,complete
i4r_47b17b0abae3f7,2020,0,complete
i4r_47b17b0abae3f7,2021,0,complete
i4r_47b17b0abae3f7,2022,0,complete
i4r_47b17b0abae3f7,2023,0,complete
i4r_47b17b0abae3f7,2024,1,complete
i4r_47b17b0abae3f7,2025,3,complete
i4r_f69538d52999a1,2017,0,complete
i4r_f69538d52999a1,2018,0,complete
i4r_f69538d52999a1,2019,0,complete
i4r_f69538d52999a1,2020,0,complete
i4r_f69538d52999a1,2021,0,complete
i4r_f69538d52999a1,2022,1,complete
i4r_f69538d52999a1,2023,12,complete
i4r_f69538d52999a1,2024,26,complete
i4r_f69538d52999a1,2025,23,complete
i4r_a00391562a54f0,2017,0,complete
i4r_a00391562a54f0,2018,0,complete
i4r_a00391562a54f0,2019,0,complete
i4r_a00391562a54f0,2020,0,complete
i4r_a00391562a54f0,2021,0,complete
i4r_a00391562a54f0,2022,0,complete
i4r_a00391562a54f0,2023,11,complete
i4r_a00391562a54f0,2024,19,complete
i4r_a00391562a54f0,2025,13,complete
i4r_a55044729bfec5,2017,0,complete
i4r_a55044729bfec5,2018,0,complete
i4r_a55044729bfec5,2019,0,complete
i4r_a55044729bfec5,2020,0,complete
i4r_a55044729bfec5,2021,0,complete
i4r_a55044729bfec5,2022,2,complete
i4r_a55044729bfec5,2023,6,complete
i4r_a55044729bfec5,2024,19,complete
i4r_a55044729bfec5,2025,15,complete
i4r_accd82dca4efa7,2017,0,complete
i4r_accd82dca4efa7,2018,0,complete
i4r_accd82dca4efa7,2019,0,complete
i4r_accd82dca4efa7,2020,0,complete
i4r_accd82dca4efa7,2021,0,complete
i4r_accd82dca4efa7,2022,0,complete
i4r_accd82dca4efa7,2023,58,complete
i4r_accd82dca4efa7,2024,122,complete
i4r_accd82dca4efa7,2025,157,complete
i4r_3014c845d709fb,2017,0,complete
i4r_3014c845d709fb,2018,0,complete
i4r_3014c845d709fb,2019,0,complete
i4r_3014c845d709fb,2020,0,complete
i4r_3014c845d709fb,2021,0,complete
i4r_3014c845d709fb,2022,0,complete
i4r_3014c845d709fb,2023,1,complete
i4r_3014c845d709fb,2024,9,complete
i4r_3014c845d709fb,2025,11,complete
i4r_28513f8883b99d,2017,0,complete
i4r_28513f8883b99d,2018,0,complete
i4r_28513f8883b99d,2019,0,complete
i4r_28513f8883b99d,2020,0,complete
i4r_28513f8883b99d,2021,0,complete
i4r_28513f8883b99d,2022,0,complete
i4r_28513f8883b99d,2023,0,complete
i4r_28513f8883b99d,2024,0,complete
i4r_28513f8883b99d,2025,0,complete
i4r_cf513abee94f85,2017,0,complete
i4r_cf513abee94f85,2018,0,complete
i4r_cf513abee94f85,2019,0,complete
i4r_cf513abee94f85,2020,0,complete
i4r_cf513abee94f85,2021,0,complete
i4r_cf513abee94f85,2022,1,complete
i4r_cf513abee94f85,2023,0,complete
i4r_cf513abee94f85,2024,1,complete
i4r_cf513abee94f85,2025,2,complete
i4r_a263e130c7cbda,2017,0,complete
i4r_a263e130c7cbda,2018,0,complete
i4r_a263e130c7cbda,2019,2,complete
i4r_a263e130c7cbda,2020,6,complete
i4r_a263e130c7cbda,2021,6,complete
i4r_a263e130c7cbda,2022,5,complete
i4r_a263e130c7cbda,2023,10,complete
i4r_a263e130c7cbda,2024,13,complete
i4r_a263e130c7cbda,2025,17,complete
i4r_8d04eb78291d52,2017,0,complete
i4r_8d04eb78291d52,2018,0,complete
i4r_8d04eb78291d52,2019,0,complete
i4r_8d04eb78291d52,2020,0,complete
i4r_8d04eb78291d52,2021,0,complete
i4r_8d04eb78291d52,2022,2,complete
i4r_8d04eb78291d52,2023,12,complete
i4r_8d04eb78291d52,2024,10,complete
i4r_8d04eb78291d52,2025,14,complete
i4r_e712723ecd5248,2017,0,complete
i4r_e712723ecd5248,2018,0,complete
i4r_e712723ecd5248,2019,0,complete
i4r_e712723ecd5248,2020,2,complete
i4r_e712723ecd5248,2021,1,complete
i4r_e712723ecd5248,2022,2,complete
i4r_e712723ecd5248,2023,7,complete
i4r_e712723ecd5248,2024,6,complete
i4r_e712723ecd5248,2025,5,complete
i4r_907e66b1c46d77,2017,0,complete
i4r_907e66b1c46d77,2018,0,complete
i4r_907e66b1c46d77,2019,0,complete
i4r_907e66b1c46d77,2020,1,complete
i4r_907e66b1c46d77,2021,2,complete
i4r_907e66b1c46d77,2022,9,complete
i4r_907e66b1c46d77,2023,20,complete
i4r_907e66b1c46d77,2024,34,complete
i4r_907e66b1c46d77,2025,21,complete
i4r_ea1871a358c81b,2017,0,complete
i4r_ea1871a358c81b,2018,0,complete
i4r_ea1871a358c81b,2019,0,complete
i4r_ea1871a358c81b,2020,0,complete
i4r_ea1871a358c81b,2021,0,complete
i4r_ea1871a358c81b,2022,0,complete
i4r_ea1871a358c81b,2023,0,complete
i4r_ea1871a358c81b,2024,1,complete
i4r_ea1871a358c81b,2025,2,complete
i4r_67cc01d8c92e21,2017,0,complete
i4r_67cc01d8c92e21,2018,0,complete
i4r_67cc01d8c92e21,2019,0,complete
i4r_67cc01d8c92e21,2020,0,complete
i4r_67cc01d8c92e21,2021,0,complete
i4r_67cc01d8c92e21,2022,10,complete
i4r_67cc01d8c92e21,2023,5,complete
i4r_67cc01d8c92e21,2024,3,complete
i4r_67cc01d8c92e21,2025,9,complete
i4r_98508e02694faf,2017,0,complete
i4r_98508e02694faf,2018,0,complete
i4r_98508e02694faf,2019,0,complete
i4r_98508e02694faf,2020,1,complete
i4r_98508e02694faf,2021,0,complete
i4r_98508e02694faf,2022,0,complete
i4r_98508e02694faf,2023,0,complete
i4r_98508e02694faf,2024,8,complete
i4r_98508e02694faf,2025,159,complete
i4r_48fc39a3fbbd46,2017,0,complete
i4r_48fc39a3fbbd46,2018,0,complete
i4r_48fc39a3fbbd46,2019,0,complete
i4r_48fc39a3fbbd46,2020,0,complete
i4r_48fc39a3fbbd46,2021,0,complete
i4r_48fc39a3fbbd46,2022,0,complete
i4r_48fc39a3fbbd46,2023,0,complete
i4r_48fc39a3fbbd46,2024,0,complete
i4r_48fc39a3fbbd46,2025,0,complete
i4r_0eb3671732fb52,2017,0,complete
i4r_0eb3671732fb52,2018,0,complete
i4r_0eb3671732fb52,2019,0,complete
i4r_0eb3671732fb52,2020,0,complete
i4r_0eb3671732fb52,2021,0,complete
i4r_0eb3671732fb52,2022,2,complete
i4r_0eb3671732fb52,2023,0,complete
i4r_0eb3671732fb52,2024,4,complete
i4r_0eb3671732fb52,2025,3,complete
i4r_3d6bffccda47ef,2017,0,complete
i4r_3d6bffccda47ef,2018,0,complete
i4r_3d6bffccda47ef,2019,0,complete
i4r_3d6bffccda47ef,2020,1,complete
i4r_3d6bffccda47ef,2021,2,complete
i4r_3d6bffccda47ef,2022,5,complete
i4r_3d6bffccda47ef,2023,10,complete
i4r_3d6bffccda47ef,2024,18,complete
i4r_3d6bffccda47ef,2025,10,complete
i4r_e20541f3f8a2e4,2017,0,complete
i4r_e20541f3f8a2e4,2018,0,complete
i4r_e20541f3f8a2e4,2019,0,complete
i4r_e20541f3f8a2e4,2020,0,complete
i4r_e20541f3f8a2e4,2021,1,complete
i4r_e20541f3f8a2e4,2022,0,complete
i4r_e20541f3f8a2e4,2023,7,complete
i4r_e20541f3f8a2e4,2024,10,complete
i4r_e20541f3f8a2e4,2025,8,complete
i4r_1766a6c6319ce7,2017,0,complete
i4r_1766a6c6319ce7,2018,0,complete
i4r_1766a6c6319ce7,2019,0,complete
i4r_1766a6c6319ce7,2020,0,complete
i4r_1766a6c6319ce7,2021,0,complete
i4r_1766a6c6319ce7,2022,0,complete
i4r_1766a6c6319ce7,2023,0,complete
i4r_1766a6c6319ce7,2024,2,complete
i4r_1766a6c6319ce7,2025,7,complete
i4r_1f3114ecb63ba2,2017,0,complete
i4r_1f3114ecb63ba2,2018,0,complete
i4r_1f3114ecb63ba2,2019,0,complete
i4r_1f3114ecb63ba2,2020,0,complete
i4r_1f3114ecb63ba2,2021,0,complete
i4r_1f3114ecb63ba2,2022,3,complete
i4r_1f3114ecb63ba2,2023,23,complete
i4r_1f3114ecb63ba2,2024,8,complete
i4r_1f3114ecb63ba2,2025,21,complete
i4r_2b9b2265a60a60,2017,0,complete
i4r_2b9b2265a60a60,2018,0,complete
i4r_2b9b2265a60a60,2019,0,complete
i4r_2b9b2265a60a60,2020,0,complete
i4r_2b9b2265a60a60,2021,0,complete
i4r_2b9b2265a60a60,2022,3,complete
i4r_2b9b2265a60a60,2023,9,complete
i4r_2b9b2265a60a60,2024,30,complete
i4r_2b9b2265a60a60,2025,65,complete
i4r_4666b3c9df58f1,2017,0,complete
i4r_4666b3c9df58f1,2018,0,complete
i4r_4666b3c9df58f1,2019,0,complete
i4r_4666b3c9df58f1,2020,0,complete
i4r_4666b3c9df58f1,2021,0,complete
i4r_4666b3c9df58f1,2022,1,complete
i4r_4666b3c9df58f1,2023,25,complete
i4r_4666b3c9df58f1,2024,4,complete
i4r_4666b3c9df58f1,2025,4,complete
i4r_0bb3b6960e969c,2017,0,complete
i4r_0bb3b6960e969c,2018,0,complete
i4r_0bb3b6960e969c,2019,1,complete
i4r_0bb3b6960e969c,2020,0,complete
i4r_0bb3b6960e969c,2021,2,complete
i4r_0bb3b6960e969c,2022,2,complete
i4r_0bb3b6960e969c,2023,13,complete
i4r_0bb3b6960e969c,2024,7,complete
i4r_0bb3b6960e969c,2025,13,complete
i4r_e23e0a95346c8c,2017,0,complete
i4r_e23e0a95346c8c,2018,0,complete
i4r_e23e0a95346c8c,2019,0,complete
i4r_e23e0a95346c8c,2020,0,complete
i4r_e23e0a95346c8c,2021,1,complete
i4r_e23e0a95346c8c,2022,8,complete
i4r_e23e0a95346c8c,2023,14,complete
i4r_e23e0a95346c8c,2024,16,complete
i4r_e23e0a95346c8c,2025,31,complete
i4r_2483d635b163d0,2017,0,complete
i4r_2483d635b163d0,2018,1,complete
i4r_2483d635b163d0,2019,0,complete
i4r_2483d635b163d0,2020,0,complete
i4r_2483d635b163d0,2021,2,complete
i4r_2483d635b163d0,2022,5,complete
i4r_2483d635b163d0,2023,15,complete
i4r_2483d635b163d0,2024,15,complete
i4r_2483d635b163d0,2025,18,complete
i4r_be5b6dd9892402,2017,0,complete
i4r_be5b6dd9892402,2018,0,complete
i4r_be5b6dd9892402,2019,0,complete
i4r_be5b6dd9892402,2020,0,complete
i4r_be5b6dd9892402,2021,0,complete
i4r_be5b6dd9892402,2022,0,complete
i4r_be5b6dd9892402,2023,0,complete
i4r_be5b6dd9892402,2024,5,complete
i4r_be5b6dd9892402,2025,7,complete
i4r_ca5d7ac158921d,2017,0,complete
i4r_ca5d7ac158921d,2018,0,complete
i4r_ca5d7ac158921d,2019,0,complete
i4r_ca5d7ac158921d,2020,0,complete
i4r_ca5d7ac158921d,2021,0,complete
i4r_ca5d7ac158921d,2022,0,complete
i4r_ca5d7ac158921d,2023,0,complete
i4r_ca5d7ac158921d,2024,0,complete
i4r_ca5d7ac158921d,2025,3,complete
i4r_38d206a0db1875,2017,0,complete
i4r_38d206a0db1875,2018,0,complete
i4r_38d206a0db1875,2019,0,complete
i4r_38d206a0db1875,2020,0,complete
i4r_38d206a0db1875,2021,0,complete
i4r_38d206a0db1875,2022,1,complete
i4r_38d206a0db1875,2023,2,complete
i4r_38d206a0db1875,2024,4,complete
i4r_38d206a0db1875,2025,3,complete
i4r_422c7f8b95afe9,2017,0,complete
i4r_422c7f8b95afe9,2018,0,complete
i4r_422c7f8b95afe9,2019,0,complete
i4r_422c7f8b95afe9,2020,0,complete
i4r_422c7f8b95afe9,2021,0,complete
i4r_422c7f8b95afe9,2022,5,complete
i4r_422c7f8b95afe9,2023,22,complete
i4r_422c7f8b95afe9,2024,34,complete
i4r_422c7f8b95afe9,2025,25,complete
i4r_5d2f4a9c86bf6a,2017,0,complete
i4r_5d2f4a9c86bf6a,2018,0,complete
i4r_5d2f4a9c86bf6a,2019,0,complete
i4r_5d2f4a9c86bf6a,2020,0,complete
i4r_5d2f4a9c86bf6a,2021,0,complete
i4r_5d2f4a9c86bf6a,2022,0,complete
i4r_5d2f4a9c86bf6a,2023,6,complete
i4r_5d2f4a9c86bf6a,2024,6,complete
i4r_5d2f4a9c86bf6a,2025,9,complete
i4r_672d6c33f02d25,2017,0,complete
i4r_672d6c33f02d25,2018,0,complete
i4r_672d6c33f02d25,2019,0,complete
i4r_672d6c33f02d25,2020,0,complete
i4r_672d6c33f02d25,2021,0,complete
i4r_672d6c33f02d25,2022,0,complete
i4r_672d6c33f02d25,2023,0,complete
i4r_672d6c33f02d25,2024,2,complete
i4r_672d6c33f02d25,2025,1,complete
i4r_603bec58059860,2017,47,complete
i4r_603bec58059860,2018,56,complete
i4r_603bec58059860,2019,46,complete
i4r_603bec58059860,2020,66,complete
i4r_603bec58059860,2021,67,complete
i4r_603bec58059860,2022,71,complete
i4r_603bec58059860,2023,81,complete
i4r_603bec58059860,2024,66,complete
i4r_603bec58059860,2025,76,complete
i4r_c6365e3cdd16cc,2017,0,complete
i4r_c6365e3cdd16cc,2018,0,complete
i4r_c6365e3cdd16cc,2019,0,complete
i4r_c6365e3cdd16cc,2020,1,complete
i4r_c6365e3cdd16cc,2021,0,complete
i4r_c6365e3cdd16cc,2022,0,complete
i4r_c6365e3cdd16cc,2023,0,complete
i4r_c6365e3cdd16cc,2024,2,complete
i4r_c6365e3cdd16cc,2025,1,complete
i4r_8f76843e7c39d1,2017,0,complete
i4r_8f76843e7c39d1,2018,0,complete
i4r_8f76843e7c39d1,2019,0,complete
i4r_8f76843e7c39d1,2020,0,complete
i4r_8f76843e7c39d1,2021,0,complete
i4r_8f76843e7c39d1,2022,0,complete
i4r_8f76843e7c39d1,2023,2,complete
i4r_8f76843e7c39d1,2024,18,complete
i4r_8f76843e7c39d1,2025,27,complete
i4r_90fbf93a685bf0,2017,0,complete
i4r_90fbf93a685bf0,2018,0,complete
i4r_90fbf93a685bf0,2019,0,complete
i4r_90fbf93a685bf0,2020,0,complete
i4r_90fbf93a685bf0,2021,0,complete
i4r_90fbf93a685bf0,2022,0,complete
i4r_90fbf93a685bf0,2023,1,complete
i4r_90fbf93a685bf0,2024,11,complete
i4r_90fbf93a685bf0,2025,20,complete
i4r_01dff8ac4b4d8c,2017,0,complete
i4r_01dff8ac4b4d8c,2018,0,complete
i4r_01dff8ac4b4d8c,2019,0,complete
i4r_01dff8ac4b4d8c,2020,0,complete
i4r_01dff8ac4b4d8c,2021,0,complete
i4r_01dff8ac4b4d8c,2022,0,complete
i4r_01dff8ac4b4d8c,2023,1,complete
i4r_01dff8ac4b4d8c,2024,4,complete
i4r_01dff8ac4b4d8c,2025,2,complete
i4r_2b07362a9fd0ea,2017,0,complete
i4r_2b07362a9fd0ea,2018,0,complete
i4r_2b07362a9fd0ea,2019,1,complete
i4r_2b07362a9fd0ea,2020,1,complete
i4r_2b07362a9fd0ea,2021,2,complete
i4r_2b07362a9fd0ea,2022,3,complete
i4r_2b07362a9fd0ea,2023,11,complete
i4r_2b07362a9fd0ea,2024,13,complete
i4r_2b07362a9fd0ea,2025,14,complete
i4r_a666cffb9262f1,2017,0,complete
i4r_a666cffb9262f1,2018,1,complete
i4r_a666cffb9262f1,2019,0,complete
i4r_a666cffb9262f1,2020,0,complete
i4r_a666cffb9262f1,2021,0,complete
i4r_a666cffb9262f1,2022,0,complete
i4r_a666cffb9262f1,2023,3,complete
i4r_a666cffb9262f1,2024,16,complete
i4r_a666cffb9262f1,2025,18,complete
i4r_677211167d98b2,2017,0,complete
i4r_677211167d98b2,2018,0,complete
i4r_677211167d98b2,2019,0,complete
i4r_677211167d98b2,2020,0,complete
i4r_677211167d98b2,2021,0,complete
i4r_677211167d98b2,2022,4,complete
i4r_677211167d98b2,2023,8,complete
i4r_677211167d98b2,2024,35,complete
i4r_677211167d98b2,2025,22,complete
i4r_111c8d6a565df2,2017,0,complete
i4r_111c8d6a565df2,2018,0,complete
i4r_111c8d6a565df2,2019,0,complete
i4r_111c8d6a565df2,2020,0,complete
i4r_111c8d6a565df2,2021,0,complete
i4r_111c8d6a565df2,2022,0,complete
i4r_111c8d6a565df2,2023,0,complete
i4r_111c8d6a565df2,2024,0,complete
i4r_111c8d6a565df2,2025,1,complete
i4r_940f49b06e0a1b,2017,1,complete
i4r_940f49b06e0a1b,2018,0,complete
i4r_940f49b06e0a1b,2019,1,complete
i4r_940f49b06e0a1b,2020,0,complete
i4r_940f49b06e0a1b,2021,6,complete
i4r_940f49b06e0a1b,2022,2,complete
i4r_940f49b06e0a1b,2023,9,complete
i4r_940f49b06e0a1b,2024,13,complete
i4r_940f49b06e0a1b,2025,10,complete
i4r_8200bea4d44d05,2017,0,complete
i4r_8200bea4d44d05,2018,0,complete
i4r_8200bea4d44d05,2019,0,complete
i4r_8200bea4d44d05,2020,2,complete
i4r_8200bea4d44d05,2021,1,complete
i4r_8200bea4d44d05,2022,10,complete
i4r_8200bea4d44d05,2023,16,complete
i4r_8200bea4d44d05,2024,33,complete
i4r_8200bea4d44d05,2025,42,complete
i4r_7a8bbd3f37dc59,2017,0,complete
i4r_7a8bbd3f37dc59,2018,0,complete
i4r_7a8bbd3f37dc59,2019,1,complete
i4r_7a8bbd3f37dc59,2020,0,complete
i4r_7a8bbd3f37dc59,2021,0,complete
i4r_7a8bbd3f37dc59,2022,1,complete
i4r_7a8bbd3f37dc59,2023,8,complete
i4r_7a8bbd3f37dc59,2024,9,complete
i4r_7a8bbd3f37dc59,2025,3,complete
i4r_f38e421249f279,2017,0,complete
i4r_f38e421249f279,2018,0,complete
i4r_f38e421249f279,2019,0,complete
i4r_f38e421249f279,2020,0,complete
i4r_f38e421249f279,2021,0,complete
i4r_f38e421249f279,2022,0,complete
i4r_f38e421249f279,2023,0,complete
i4r_f38e421249f279,2024,1,complete
i4r_f38e421249f279,2025,3,complete
i4r_7f6edff0964000,2017,0,complete
i4r_7f6edff0964000,2018,0,complete
i4r_7f6edff0964000,2019,0,complete
i4r_7f6edff0964000,2020,0,complete
i4r_7f6edff0964000,2021,1,complete
i4r_7f6edff0964000,2022,5,complete
i4r_7f6edff0964000,2023,6,complete
i4r_7f6edff0964000,2024,12,complete
i4r_7f6edff0964000,2025,11,complete
i4r_d43db55fa4ff9a,2017,0,complete
i4r_d43db55fa4ff9a,2018,0,complete
i4r_d43db55fa4ff9a,2019,0,complete
i4r_d43db55fa4ff9a,2020,0,complete
i4r_d43db55fa4ff9a,2021,0,complete
i4r_d43db55fa4ff9a,2022,0,complete
i4r_d43db55fa4ff9a,2023,6,complete
i4r_d43db55fa4ff9a,2024,8,complete
i4r_d43db55fa4ff9a,2025,5,complete
i4r_ce6d7ed92e92d4,2017,0,complete
i4r_ce6d7ed92e92d4,2018,0,complete
i4r_ce6d7ed92e92d4,2019,0,complete
i4r_ce6d7ed92e92d4,2020,0,complete
i4r_ce6d7ed92e92d4,2021,0,complete
i4r_ce6d7ed92e92d4,2022,0,complete
i4r_ce6d7ed92e92d4,2023,0,complete
i4r_ce6d7ed92e92d4,2024,4,complete
i4r_ce6d7ed92e92d4,2025,3,complete
i4r_76744d86ba8066,2017,0,complete
i4r_76744d86ba8066,2018,0,complete
i4r_76744d86ba8066,2019,1,complete
i4r_76744d86ba8066,2020,0,complete
i4r_76744d86ba8066,2021,0,complete
i4r_76744d86ba8066,2022,1,complete
i4r_76744d86ba8066,2023,7,complete
i4r_76744d86ba8066,2024,3,complete
i4r_76744d86ba8066,2025,3,complete
i4r_50817ab008c1eb,2017,0,complete
i4r_50817ab008c1eb,2018,0,complete
i4r_50817ab008c1eb,2019,0,complete
i4r_50817ab008c1eb,2020,0,complete
i4r_50817ab008c1eb,2021,1,complete
i4r_50817ab008c1eb,2022,0,complete
i4r_50817ab008c1eb,2023,3,complete
i4r_50817ab008c1eb,2024,6,complete
i4r_50817ab008c1eb,2025,24,complete
i4r_19a02c91c93fc2,2017,0,complete
i4r_19a02c91c93fc2,2018,0,complete
i4r_19a02c91c93fc2,2019,0,complete
i4r_19a02c91c93fc2,2020,0,complete
i4r_19a02c91c93fc2,2021,1,complete
i4r_19a02c91c93fc2,2022,0,complete
i4r_19a02c91c93fc2,2023,0,complete
i4r_19a02c91c93fc2,2024,0,complete
i4r_19a02c91c93fc2,2025,1,complete
i4r_e67138eea69dc4,2017,0,complete
i4r_e67138eea69dc4,2018,0,complete
i4r_e67138eea69dc4,2019,0,complete
i4r_e67138eea69dc4,2020,0,complete
i4r_e67138eea69dc4,2021,0,complete
i4r_e67138eea69dc4,2022,0,complete
i4r_e67138eea69dc4,2023,1,complete
i4r_e67138eea69dc4,2024,14,complete
i4r_e67138eea69dc4,2025,54,complete
i4r_c1193007da282f,2017,0,complete
i4r_c1193007da282f,2018,0,complete
i4r_c1193007da282f,2019,0,complete
i4r_c1193007da282f,2020,0,complete
i4r_c1193007da282f,2021,0,complete
i4r_c1193007da282f,2022,4,complete
i4r_c1193007da282f,2023,7,complete
i4r_c1193007da282f,2024,18,complete
i4r_c1193007da282f,2025,11,complete
i4r_444c3576194e5d,2017,0,complete
i4r_444c3576194e5d,2018,0,complete
i4r_444c3576194e5d,2019,0,complete
i4r_444c3576194e5d,2020,0,complete
i4r_444c3576194e5d,2021,0,complete
i4r_444c3576194e5d,2022,0,complete
i4r_444c3576194e5d,2023,0,complete
i4r_444c3576194e5d,2024,0,complete
i4r_444c3576194e5d,2025,4,complete
i4r_15f81063b339a1,2017,0,complete
i4r_15f81063b339a1,2018,0,complete
i4r_15f81063b339a1,2019,0,complete
i4r_15f81063b339a1,2020,0,complete
i4r_15f81063b339a1,2021,1,complete
i4r_15f81063b339a1,2022,2,complete
i4r_15f81063b339a1,2023,1,complete
i4r_15f81063b339a1,2024,3,complete
i4r_15f81063b339a1,2025,3,complete
i4r_35ccb6f9cb41be,2017,0,complete
i4r_35ccb6f9cb41be,2018,0,complete
i4r_35ccb6f9cb41be,2019,0,complete
i4r_35ccb6f9cb41be,2020,0,complete
i4r_35ccb6f9cb41be,2021,0,complete
i4r_35ccb6f9cb41be,2022,0,complete
i4r_35ccb6f9cb41be,2023,0,complete
i4r_35ccb6f9cb41be,2024,0,complete
i4r_35ccb6f9cb41be,2025,2,complete
i4r_db81e4ac883300,2017,0,complete
i4r_db81e4ac883300,2018,0,complete
i4r_db81e4ac883300,2019,0,complete
i4r_db81e4ac883300,2020,0,complete
i4r_db81e4ac883300,2021,0,complete
i4r_db81e4ac883300,2022,0,complete
i4r_db81e4ac883300,2023,0,complete
i4r_db81e4ac883300,2024,0,complete
i4r_db81e4ac883300,2025,4,complete
i4r_4a6190f48b7613,2017,0,complete
i4r_4a6190f48b7613,2018,0,complete
i4r_4a6190f48b7613,2019,0,complete
i4r_4a6190f48b7613,2020,0,complete
i4r_4a6190f48b7613,2021,0,complete
i4r_4a6190f48b7613,2022,0,complete
i4r_4a6190f48b7613,2023,1,complete
i4r_4a6190f48b7613,2024,6,complete
i4r_4a6190f48b7613,2025,12,complete
i4r_7c253b5d2f3e7b,2017,0,complete
i4r_7c253b5d2f3e7b,2018,0,complete
i4r_7c253b5d2f3e7b,2019,0,complete
i4r_7c253b5d2f3e7b,2020,0,complete
i4r_7c253b5d2f3e7b,2021,3,complete
i4r_7c253b5d2f3e7b,2022,9,complete
i4r_7c253b5d2f3e7b,2023,10,complete
i4r_7c253b5d2f3e7b,2024,17,complete
i4r_7c253b5d2f3e7b,2025,10,complete
i4r_67ac27dea6838a,2017,0,complete
i4r_67ac27dea6838a,2018,0,complete
i4r_67ac27dea6838a,2019,0,complete
i4r_67ac27dea6838a,2020,0,complete
i4r_67ac27dea6838a,2021,0,complete
i4r_67ac27dea6838a,2022,1,complete
i4r_67ac27dea6838a,2023,0,complete
i4r_67ac27dea6838a,2024,1,complete
i4r_67ac27dea6838a,2025,3,complete
i4r_e7ab2877159b24,2017,0,complete
i4r_e7ab2877159b24,2018,0,complete
i4r_e7ab2877159b24,2019,0,complete
i4r_e7ab2877159b24,2020,0,complete
i4r_e7ab2877159b24,2021,1,complete
i4r_e7ab2877159b24,2022,8,complete
i4r_e7ab2877159b24,2023,5,complete
i4r_e7ab2877159b24,2024,8,complete
i4r_e7ab2877159b24,2025,2,complete
i4r_51271c7ce7d2f0,2017,0,complete
i4r_51271c7ce7d2f0,2018,1,complete
i4r_51271c7ce7d2f0,2019,1,complete
i4r_51271c7ce7d2f0,2020,3,complete
i4r_51271c7ce7d2f0,2021,6,complete
i4r_51271c7ce7d2f0,2022,3,complete
i4r_51271c7ce7d2f0,2023,14,complete
i4r_51271c7ce7d2f0,2024,35,complete
i4r_51271c7ce7d2f0,2025,49,complete
i4r_a26d0ae23ac780,2017,0,complete
i4r_a26d0ae23ac780,2018,0,complete
i4r_a26d0ae23ac780,2019,0,complete
i4r_a26d0ae23ac780,2020,0,complete
i4r_a26d0ae23ac780,2021,0,complete
i4r_a26d0ae23ac780,2022,4,complete
i4r_a26d0ae23ac780,2023,10,complete
i4r_a26d0ae23ac780,2024,8,complete
i4r_a26d0ae23ac780,2025,14,complete
i4r_0864b554624ac5,2017,0,complete
i4r_0864b554624ac5,2018,0,complete
i4r_0864b554624ac5,2019,0,complete
i4r_0864b554624ac5,2020,0,complete
i4r_0864b554624ac5,2021,2,complete
i4r_0864b554624ac5,2022,5,complete
i4r_0864b554624ac5,2023,10,complete
i4r_0864b554624ac5,2024,15,complete
i4r_0864b554624ac5,2025,3,complete
i4r_6cb48cb3a4322d,2017,0,complete
i4r_6cb48cb3a4322d,2018,0,complete
i4r_6cb48cb3a4322d,2019,0,complete
i4r_6cb48cb3a4322d,2020,0,complete
i4r_6cb48cb3a4322d,2021,0,complete
i4r_6cb48cb3a4322d,2022,0,complete
i4r_6cb48cb3a4322d,2023,0,complete
i4r_6cb48cb3a4322d,2024,0,complete
i4r_6cb48cb3a4322d,2025,3,complete
i4r_4d1b0f0b6b94c2,2017,0,complete
i4r_4d1b0f0b6b94c2,2018,0,complete
i4r_4d1b0f0b6b94c2,2019,0,complete
i4r_4d1b0f0b6b94c2,2020,4,complete
i4r_4d1b0f0b6b94c2,2021,5,complete
i4r_4d1b0f0b6b94c2,2022,6,complete
i4r_4d1b0f0b6b94c2,2023,19,complete
i4r_4d1b0f0b6b94c2,2024,40,complete
i4r_4d1b0f0b6b94c2,2025,23,complete
i4r_b846dc877ea10d,2017,0,complete
i4r_b846dc877ea10d,2018,0,complete
i4r_b846dc877ea10d,2019,0,complete
i4r_b846dc877ea10d,2020,0,complete
i4r_b846dc877ea10d,2021,2,complete
i4r_b846dc877ea10d,2022,1,complete
i4r_b846dc877ea10d,2023,2,complete
i4r_b846dc877ea10d,2024,5,complete
i4r_b846dc877ea10d,2025,6,complete
i4r_ebfb219be76024,2017,0,complete
i4r_ebfb219be76024,2018,0,complete
i4r_ebfb219be76024,2019,0,complete
i4r_ebfb219be76024,2020,0,complete
i4r_ebfb219be76024,2021,0,complete
i4r_ebfb219be76024,2022,0,complete
i4r_ebfb219be76024,2023,5,complete
i4r_ebfb219be76024,2024,12,complete
i4r_ebfb219be76024,2025,14,complete
i4r_e88273fc7bdb95,2017,0,complete
i4r_e88273fc7bdb95,2018,0,complete
i4r_e88273fc7bdb95,2019,0,complete
i4r_e88273fc7bdb95,2020,0,complete
i4r_e88273fc7bdb95,2021,0,complete
i4r_e88273fc7bdb95,2022,1,complete
i4r_e88273fc7bdb95,2023,10,complete
i4r_e88273fc7bdb95,2024,12,complete
i4r_e88273fc7bdb95,2025,11,complete
i4r_40fdc820b2481c,2017,0,complete
i4r_40fdc820b2481c,2018,0,complete
i4r_40fdc820b2481c,2019,0,complete
i4r_40fdc820b2481c,2020,0,complete
i4r_40fdc820b2481c,2021,1,complete
i4r_40fdc820b2481c,2022,1,complete
i4r_40fdc820b2481c,2023,1,complete
i4r_40fdc820b2481c,2024,0,complete
i4r_40fdc820b2481c,2025,2,complete
i4r_272c1f236c830c,2017,0,complete
i4r_272c1f236c830c,2018,0,complete
i4r_272c1f236c830c,2019,0,complete
i4r_272c1f236c830c,2020,0,complete
i4r_272c1f236c830c,2021,0,complete
i4r_272c1f236c830c,2022,1,complete
i4r_272c1f236c830c,2023,3,complete
i4r_272c1f236c830c,2024,23,complete
i4r_272c1f236c830c,2025,29,complete
i4r_8776af8b9d6b33,2017,0,complete
i4r_8776af8b9d6b33,2018,0,complete
i4r_8776af8b9d6b33,2019,0,complete
i4r_8776af8b9d6b33,2020,0,complete
i4r_8776af8b9d6b33,2021,0,complete
i4r_8776af8b9d6b33,2022,0,complete
i4r_8776af8b9d6b33,2023,0,complete
i4r_8776af8b9d6b33,2024,5,complete
i4r_8776af8b9d6b33,2025,8,complete
i4r_cffe1b81bab13d,2017,0,complete
i4r_cffe1b81bab13d,2018,0,complete
i4r_cffe1b81bab13d,2019,1,complete
i4r_cffe1b81bab13d,2020,0,complete
i4r_cffe1b81bab13d,2021,0,complete
i4r_cffe1b81bab13d,2022,0,complete
i4r_cffe1b81bab13d,2023,7,complete
i4r_cffe1b81bab13d,2024,12,complete
i4r_cffe1b81bab13d,2025,14,complete
i4r_81be914d6650c0,2017,0,complete
i4r_81be914d6650c0,2018,0,complete
i4r_81be914d6650c0,2019,0,complete
i4r_81be914d6650c0,2020,0,complete
i4r_81be914d6650c0,2021,0,complete
i4r_81be914d6650c0,2022,1,complete
i4r_81be914d6650c0,2023,2,complete
i4r_81be914d6650c0,2024,3,complete
i4r_81be914d6650c0,2025,8,complete
i4r_5fbf008addb5aa,2017,0,complete
i4r_5fbf008addb5aa,2018,0,complete
i4r_5fbf008addb5aa,2019,0,complete
i4r_5fbf008addb5aa,2020,1,complete
i4r_5fbf008addb5aa,2021,0,complete
i4r_5fbf008addb5aa,2022,0,complete
i4r_5fbf008addb5aa,2023,4,complete
i4r_5fbf008addb5aa,2024,11,complete
i4r_5fbf008addb5aa,2025,14,complete
i4r_bc011f31e726f8,2017,0,complete
i4r_bc011f31e726f8,2018,0,complete
i4r_bc011f31e726f8,2019,0,complete
i4r_bc011f31e726f8,2020,0,complete
i4r_bc011f31e726f8,2021,0,complete
i4r_bc011f31e726f8,2022,0,complete
i4r_bc011f31e726f8,2023,0,complete
i4r_bc011f31e726f8,2024,1,complete
i4r_bc011f31e726f8,2025,0,complete
i4r_27a5f51081d3ad,2017,0,complete
i4r_27a5f51081d3ad,2018,0,complete
i4r_27a5f51081d3ad,2019,0,complete
i4r_27a5f51081d3ad,2020,0,complete
i4r_27a5f51081d3ad,2021,0,complete
i4r_27a5f51081d3ad,2022,0,complete
i4r_27a5f51081d3ad,2023,0,complete
i4r_27a5f51081d3ad,2024,11,complete
i4r_27a5f51081d3ad,2025,16,complete
i4r_7cddd9c067c39d,2017,0,complete
i4r_7cddd9c067c39d,2018,0,complete
i4r_7cddd9c067c39d,2019,2,complete
i4r_7cddd9c067c39d,2020,0,complete
i4r_7cddd9c067c39d,2021,0,complete
i4r_7cddd9c067c39d,2022,4,complete
i4r_7cddd9c067c39d,2023,3,complete
i4r_7cddd9c067c39d,2024,3,complete
i4r_7cddd9c067c39d,2025,0,complete
i4r_ffc35238cdd82b,2017,0,complete
i4r_ffc35238cdd82b,2018,0,complete
i4r_ffc35238cdd82b,2019,0,complete
i4r_ffc35238cdd82b,2020,0,complete
i4r_ffc35238cdd82b,2021,1,complete
i4r_ffc35238cdd82b,2022,0,complete
i4r_ffc35238cdd82b,2023,1,complete
i4r_ffc35238cdd82b,2024,9,complete
i4r_ffc35238cdd82b,2025,9,complete
i4r_11aff0427cd032,2017,0,complete
i4r_11aff0427cd032,2018,1,complete
i4r_11aff0427cd032,2019,4,complete
i4r_11aff0427cd032,2020,1,complete
i4r_11aff0427cd032,2021,4,complete
i4r_11aff0427cd032,2022,8,complete
i4r_11aff0427cd032,2023,28,complete
i4r_11aff0427cd032,2024,18,complete
i4r_11aff0427cd032,2025,13,complete
i4r_887ec2673e997a,2017,0,complete
i4r_887ec2673e997a,2018,4,complete
i4r_887ec2673e997a,2019,8,complete
i4r_887ec2673e997a,2020,10,complete
i4r_887ec2673e997a,2021,10,complete
i4r_887ec2673e997a,2022,19,complete
i4r_887ec2673e997a,2023,48,complete
i4r_887ec2673e997a,2024,55,complete
i4r_887ec2673e997a,2025,61,complete
i4r_5852a6d68934d9,2017,0,complete
i4r_5852a6d68934d9,2018,0,complete
i4r_5852a6d68934d9,2019,0,complete
i4r_5852a6d68934d9,2020,0,complete
i4r_5852a6d68934d9,2021,0,complete
i4r_5852a6d68934d9,2022,0,complete
i4r_5852a6d68934d9,2023,0,complete
i4r_5852a6d68934d9,2024,0,complete
i4r_5852a6d68934d9,2025,2,complete
i4r_a1ccc652a6fa97,2017,0,complete
i4r_a1ccc652a6fa97,2018,0,complete
i4r_a1ccc652a6fa97,2019,0,complete
i4r_a1ccc652a6fa97,2020,0,complete
i4r_a1ccc652a6fa97,2021,0,complete
i4r_a1ccc652a6fa97,2022,1,complete
i4r_a1ccc652a6fa97,2023,11,complete
i4r_a1ccc652a6fa97,2024,25,complete
i4r_a1ccc652a6fa97,2025,20,complete
i4r_badc2f18bda9bc,2017,0,complete
i4r_badc2f18bda9bc,2018,0,complete
i4r_badc2f18bda9bc,2019,0,complete
i4r_badc2f18bda9bc,2020,0,complete
i4r_badc2f18bda9bc,2021,0,complete
i4r_badc2f18bda9bc,2022,0,complete
i4r_badc2f18bda9bc,2023,0,complete
i4r_badc2f18bda9bc,2024,0,complete
i4r_badc2f18bda9bc,2025,4,complete
i4r_e8896e14ad14d2,2017,0,complete
i4r_e8896e14ad14d2,2018,0,complete
i4r_e8896e14ad14d2,2019,0,complete
i4r_e8896e14ad14d2,2020,0,complete
i4r_e8896e14ad14d2,2021,0,complete
i4r_e8896e14ad14d2,2022,3,complete
i4r_e8896e14ad14d2,2023,3,complete
i4r_e8896e14ad14d2,2024,4,complete
i4r_e8896e14ad14d2,2025,7,complete
i4r_68e7605de557d1,2017,0,complete
i4r_68e7605de557d1,2018,0,complete
i4r_68e7605de557d1,2019,0,complete
i4r_68e7605de557d1,2020,3,complete
i4r_68e7605de557d1,2021,1,complete
i4r_68e7605de557d1,2022,2,complete
i4r_68e7605de557d1,2023,11,complete
i4r_68e7605de557d1,2024,18,complete
i4r_68e7605de557d1,2025,30,complete
i4r_093bc85ab4502e,2017,0,complete
i4r_093bc85ab4502e,2018,0,complete
i4r_093bc85ab4502e,2019,0,complete
i4r_093bc85ab4502e,2020,0,complete
i4r_093bc85ab4502e,2021,0,complete
i4r_093bc85ab4502e,2022,0,complete
i4r_093bc85ab4502e,2023,0,complete
i4r_093bc85ab4502e,2024,1,complete
i4r_093bc85ab4502e,2025,5,complete
i4r_861bb632e17225,2017,0,complete
i4r_861bb632e17225,2018,0,complete
i4r_861bb632e17225,2019,2,complete
i4r_861bb632e17225,2020,2,complete
i4r_861bb632e17225,2021,2,complete
i4r_861bb632e17225,2022,0,complete
i4r_861bb632e17225,2023,1,complete
i4r_861bb632e17225,2024,2,complete
i4r_861bb632e17225,2025,2,complete
i4r_3394d41bcf2449,2017,1,complete
i4r_3394d41bcf2449,2018,0,complete
i4r_3394d41bcf2449,2019,2,complete
i4r_3394d41bcf2449,2020,5,complete
i4r_3394d41bcf2449,2021,12,complete
i4r_3394d41bcf2449,2022,11,complete
i4r_3394d41bcf2449,2023,18,complete
i4r_3394d41bcf2449,2024,15,complete
i4r_3394d41bcf2449,2025,8,complete
i4r_a0eb66757dd34c,2017,0,complete
i4r_a0eb66757dd34c,2018,0,complete
i4r_a0eb66757dd34c,2019,0,complete
i4r_a0eb66757dd34c,2020,0,complete
i4r_a0eb66757dd34c,2021,0,complete
i4r_a0eb66757dd34c,2022,0,complete
i4r_a0eb66757dd34c,2023,0,complete
i4r_a0eb66757dd34c,2024,21,complete
i4r_a0eb66757dd34c,2025,38,complete
i4r_2dbf1bcabf7284,2017,0,complete
i4r_2dbf1bcabf7284,2018,0,complete
i4r_2dbf1bcabf7284,2019,0,complete
i4r_2dbf1bcabf7284,2020,0,complete
i4r_2dbf1bcabf7284,2021,0,complete
i4r_2dbf1bcabf7284,2022,0,complete
i4r_2dbf1bcabf7284,2023,1,complete
i4r_2dbf1bcabf7284,2024,4,complete
i4r_2dbf1bcabf7284,2025,8,complete
i4r_02e9676e9b0ae3,2017,0,complete
i4r_02e9676e9b0ae3,2018,0,complete
i4r_02e9676e9b0ae3,2019,0,complete
i4r_02e9676e9b0ae3,2020,0,complete
i4r_02e9676e9b0ae3,2021,0,complete
i4r_02e9676e9b0ae3,2022,0,complete
i4r_02e9676e9b0ae3,2023,3,complete
i4r_02e9676e9b0ae3,2024,11,complete
i4r_02e9676e9b0ae3,2025,17,complete
i4r_7f8d5a3d9394e5,2017,0,complete
i4r_7f8d5a3d9394e5,2018,0,complete
i4r_7f8d5a3d9394e5,2019,0,complete
i4r_7f8d5a3d9394e5,2020,1,complete
i4r_7f8d5a3d9394e5,2021,0,complete
i4r_7f8d5a3d9394e5,2022,0,complete
i4r_7f8d5a3d9394e5,2023,1,complete
i4r_7f8d5a3d9394e5,2024,2,complete
i4r_7f8d5a3d9394e5,2025,3,complete
i4r_8fb562d0177410,2017,0,complete
i4r_8fb562d0177410,2018,0,complete
i4r_8fb562d0177410,2019,0,complete
i4r_8fb562d0177410,2020,0,complete
i4r_8fb562d0177410,2021,0,complete
i4r_8fb562d0177410,2022,0,complete
i4r_8fb562d0177410,2023,0,complete
i4r_8fb562d0177410,2024,0,complete
i4r_8fb562d0177410,2025,0,complete
i4r_0407e5a8561717,2017,0,complete
i4r_0407e5a8561717,2018,0,complete
i4r_0407e5a8561717,2019,0,complete
i4r_0407e5a8561717,2020,1,complete
i4r_0407e5a8561717,2021,0,complete
i4r_0407e5a8561717,2022,0,complete
i4r_0407e5a8561717,2023,7,complete
i4r_0407e5a8561717,2024,8,complete
i4r_0407e5a8561717,2025,14,complete
i4r_c9271cacd98799,2017,0,complete
i4r_c9271cacd98799,2018,0,complete
i4r_c9271cacd98799,2019,0,complete
i4r_c9271cacd98799,2020,0,complete
i4r_c9271cacd98799,2021,0,complete
i4r_c9271cacd98799,2022,0,complete
i4r_c9271cacd98799,2023,6,complete
i4r_c9271cacd98799,2024,5,complete
i4r_c9271cacd98799,2025,1,complete
i4r_4a3c9f4f09679b,2017,1,complete
i4r_4a3c9f4f09679b,2018,1,complete
i4r_4a3c9f4f09679b,2019,3,complete
i4r_4a3c9f4f09679b,2020,1,complete
i4r_4a3c9f4f09679b,2021,8,complete
i4r_4a3c9f4f09679b,2022,19,complete
i4r_4a3c9f4f09679b,2023,32,complete
i4r_4a3c9f4f09679b,2024,38,complete
i4r_4a3c9f4f09679b,2025,32,complete
i4r_2832a2e08ace03,2017,0,complete
i4r_2832a2e08ace03,2018,0,complete
i4r_2832a2e08ace03,2019,0,complete
i4r_2832a2e08ace03,2020,0,complete
i4r_2832a2e08ace03,2021,0,complete
i4r_2832a2e08ace03,2022,2,complete
i4r_2832a2e08ace03,2023,15,complete
i4r_2832a2e08ace03,2024,14,complete
i4r_2832a2e08ace03,2025,12,complete
i4r_f2654ccd9a5b54,2017,2,complete
i4r_f2654ccd9a5b54,2018,1,complete
i4r_f2654ccd9a5b54,2019,3,complete
i4r_f2654ccd9a5b54,2020,0,complete
i4r_f2654ccd9a5b54,2021,5,complete
i4r_f2654ccd9a5b54,2022,2,complete
i4r_f2654ccd9a5b54,2023,6,complete
i4r_f2654ccd9a5b54,2024,6,complete
i4r_f2654ccd9a5b54,2025,2,complete
i4r_6f5f20edfe034a,2017,0,complete
i4r_6f5f20edfe034a,2018,0,complete
i4r_6f5f20edfe034a,2019,0,complete
i4r_6f5f20edfe034a,2020,9,complete
i4r_6f5f20edfe034a,2021,6,complete
i4r_6f5f20edfe034a,2022,14,complete
i4r_6f5f20edfe034a,2023,22,complete
i4r_6f5f20edfe034a,2024,22,complete
i4r_6f5f20edfe034a,2025,17,complete
i4r_482d62309d91a6,2017,0,complete
i4r_482d62309d91a6,2018,0,complete
i4r_482d62309d91a6,2019,0,complete
i4r_482d62309d91a6,2020,0,complete
i4r_482d62309d91a6,2021,1,complete
i4r_482d62309d91a6,2022,0,complete
i4r_482d62309d91a6,2023,0,complete
i4r_482d62309d91a6,2024,1,complete
i4r_482d62309d91a6,2025,2,complete
i4r_b638d07559becb,2017,0,complete
i4r_b638d07559becb,2018,0,complete
i4r_b638d07559becb,2019,0,complete
i4r_b638d07559becb,2020,0,complete
i4r_b638d07559becb,2021,0,complete
i4r_b638d07559becb,2022,0,complete
i4r_b638d07559becb,2023,0,complete
i4r_b638d07559becb,2024,0,complete
i4r_b638d07559becb,2025,3,complete
i4r_a437edb3c2ae20,2017,0,complete
i4r_a437edb3c2ae20,2018,0,complete
i4r_a437edb3c2ae20,2019,2,complete
i4r_a437edb3c2ae20,2020,3,complete
i4r_a437edb3c2ae20,2021,2,complete
i4r_a437edb3c2ae20,2022,12,complete
i4r_a437edb3c2ae20,2023,25,complete
i4r_a437edb3c2ae20,2024,29,complete
i4r_a437edb3c2ae20,2025,23,complete
i4r_9ebc38902cb96f,2017,2,complete
i4r_9ebc38902cb96f,2018,2,complete
i4r_9ebc38902cb96f,2019,2,complete
i4r_9ebc38902cb96f,2020,1,complete
i4r_9ebc38902cb96f,2021,3,complete
i4r_9ebc38902cb96f,2022,2,complete
i4r_9ebc38902cb96f,2023,10,complete
i4r_9ebc38902cb96f,2024,23,complete
i4r_9ebc38902cb96f,2025,14,complete
i4r_898bb4a89f03c5,2017,0,complete
i4r_898bb4a89f03c5,2018,0,complete
i4r_898bb4a89f03c5,2019,0,complete
i4r_898bb4a89f03c5,2020,0,complete
i4r_898bb4a89f03c5,2021,1,complete
i4r_898bb4a89f03c5,2022,0,complete
i4r_898bb4a89f03c5,2023,10,complete
i4r_898bb4a89f03c5,2024,7,complete
i4r_898bb4a89f03c5,2025,4,complete
i4r_9509bf1041b62c,2017,0,complete
i4r_9509bf1041b62c,2018,0,complete
i4r_9509bf1041b62c,2019,0,complete
i4r_9509bf1041b62c,2020,0,complete
i4r_9509bf1041b62c,2021,0,complete
i4r_9509bf1041b62c,2022,3,complete
i4r_9509bf1041b62c,2023,0,complete
i4r_9509bf1041b62c,2024,1,complete
i4r_9509bf1041b62c,2025,4,complete
i4r_9acc1a65677d9a,2017,0,complete
i4r_9acc1a65677d9a,2018,1,complete
i4r_9acc1a65677d9a,2019,0,complete
i4r_9acc1a65677d9a,2020,4,complete
i4r_9acc1a65677d9a,2021,4,complete
i4r_9acc1a65677d9a,2022,9,complete
i4r_9acc1a65677d9a,2023,31,complete
i4r_9acc1a65677d9a,2024,31,complete
i4r_9acc1a65677d9a,2025,23,complete
i4r_dc90105f69d42f,2017,102,complete
i4r_dc90105f69d42f,2018,101,complete
i4r_dc90105f69d42f,2019,128,complete
i4r_dc90105f69d42f,2020,174,complete
i4r_dc90105f69d42f,2021,199,complete
i4r_dc90105f69d42f,2022,211,complete
i4r_dc90105f69d42f,2023,210,complete
i4r_dc90105f69d42f,2024,254,complete
i4r_dc90105f69d42f,2025,237,complete
i4r_8e2a7c0f2b4a27,2017,0,complete
i4r_8e2a7c0f2b4a27,2018,0,complete
i4r_8e2a7c0f2b4a27,2019,0,complete
i4r_8e2a7c0f2b4a27,2020,0,complete
i4r_8e2a7c0f2b4a27,2021,0,complete
i4r_8e2a7c0f2b4a27,2022,0,complete
i4r_8e2a7c0f2b4a27,2023,3,complete
i4r_8e2a7c0f2b4a27,2024,2,complete
i4r_8e2a7c0f2b4a27,2025,2,complete
i4r_0d948c8c796282,2017,0,complete
i4r_0d948c8c796282,2018,1,complete
i4r_0d948c8c796282,2019,1,complete
i4r_0d948c8c796282,2020,3,complete
i4r_0d948c8c796282,2021,18,complete
i4r_0d948c8c796282,2022,66,complete
i4r_0d948c8c796282,2023,77,complete
i4r_0d948c8c796282,2024,46,complete
i4r_0d948c8c796282,2025,41,complete
i4r_81bb8b6f80ff84,2017,0,complete
i4r_81bb8b6f80ff84,2018,0,complete
i4r_81bb8b6f80ff84,2019,0,complete
i4r_81bb8b6f80ff84,2020,0,complete
i4r_81bb8b6f80ff84,2021,0,complete
i4r_81bb8b6f80ff84,2022,0,complete
i4r_81bb8b6f80ff84,2023,6,complete
i4r_81bb8b6f80ff84,2024,8,complete
i4r_81bb8b6f80ff84,2025,15,complete
i4r_309fd636c057d3,2017,0,complete
i4r_309fd636c057d3,2018,0,complete
i4r_309fd636c057d3,2019,0,complete
i4r_309fd636c057d3,2020,0,complete
i4r_309fd636c057d3,2021,1,complete
i4r_309fd636c057d3,2022,25,complete
i4r_309fd636c057d3,2023,18,complete
i4r_309fd636c057d3,2024,16,complete
i4r_309fd636c057d3,2025,31,complete
i4r_83f6f79da59245,2017,0,complete
i4r_83f6f79da59245,2018,0,complete
i4r_83f6f79da59245,2019,1,complete
i4r_83f6f79da59245,2020,0,complete
i4r_83f6f79da59245,2021,1,complete
i4r_83f6f79da59245,2022,8,complete
i4r_83f6f79da59245,2023,36,complete
i4r_83f6f79da59245,2024,19,complete
i4r_83f6f79da59245,2025,12,complete
i4r_cf2bd03bac85d9,2017,0,complete
i4r_cf2bd03bac85d9,2018,0,complete
i4r_cf2bd03bac85d9,2019,0,complete
i4r_cf2bd03bac85d9,2020,0,complete
i4r_cf2bd03bac85d9,2021,0,complete
i4r_cf2bd03bac85d9,2022,0,complete
i4r_cf2bd03bac85d9,2023,0,complete
i4r_cf2bd03bac85d9,2024,2,complete
i4r_cf2bd03bac85d9,2025,2,complete
i4r_1f16bc42822a03,2017,0,complete
i4r_1f16bc42822a03,2018,0,complete
i4r_1f16bc42822a03,2019,0,complete
i4r_1f16bc42822a03,2020,0,complete
i4r_1f16bc42822a03,2021,0,complete
i4r_1f16bc42822a03,2022,0,complete
i4r_1f16bc42822a03,2023,1,complete
i4r_1f16bc42822a03,2024,4,complete
i4r_1f16bc42822a03,2025,4,complete
i4r_ba8ec4cdcb37b0,2017,0,complete
i4r_ba8ec4cdcb37b0,2018,1,complete
i4r_ba8ec4cdcb37b0,2019,3,complete
i4r_ba8ec4cdcb37b0,2020,39,complete
i4r_ba8ec4cdcb37b0,2021,45,complete
i4r_ba8ec4cdcb37b0,2022,67,complete
i4r_ba8ec4cdcb37b0,2023,87,complete
i4r_ba8ec4cdcb37b0,2024,104,complete
i4r_ba8ec4cdcb37b0,2025,109,complete
i4r_6768b961e4381a,2017,0,complete
i4r_6768b961e4381a,2018,1,complete
i4r_6768b961e4381a,2019,1,complete
i4r_6768b961e4381a,2020,1,complete
i4r_6768b961e4381a,2021,2,complete
i4r_6768b961e4381a,2022,13,complete
i4r_6768b961e4381a,2023,29,complete
i4r_6768b961e4381a,2024,19,complete
i4r_6768b961e4381a,2025,35,complete
i4r_e4b77e6ae7c03c,2017,0,complete
i4r_e4b77e6ae7c03c,2018,0,complete
i4r_e4b77e6ae7c03c,2019,0,complete
i4r_e4b77e6ae7c03c,2020,1,complete
i4r_e4b77e6ae7c03c,2021,0,complete
i4r_e4b77e6ae7c03c,2022,0,complete
i4r_e4b77e6ae7c03c,2023,2,complete
i4r_e4b77e6ae7c03c,2024,3,complete
i4r_e4b77e6ae7c03c,2025,5,complete
i4r_1e54efd9121888,2017,0,complete
i4r_1e54efd9121888,2018,0,complete
i4r_1e54efd9121888,2019,0,complete
i4r_1e54efd9121888,2020,3,complete
i4r_1e54efd9121888,2021,3,complete
i4r_1e54efd9121888,2022,7,complete
i4r_1e54efd9121888,2023,8,complete
i4r_1e54efd9121888,2024,17,complete
i4r_1e54efd9121888,2025,19,complete
i4r_3c32bdf0a2e193,2017,0,complete
i4r_3c32bdf0a2e193,2018,0,complete
i4r_3c32bdf0a2e193,2019,0,complete
i4r_3c32bdf0a2e193,2020,1,complete
i4r_3c32bdf0a2e193,2021,1,complete
i4r_3c32bdf0a2e193,2022,4,complete
i4r_3c32bdf0a2e193,2023,3,complete
i4r_3c32bdf0a2e193,2024,2,complete
i4r_3c32bdf0a2e193,2025,1,complete
i4r_ffb85d29fca5f6,2017,0,complete
i4r_ffb85d29fca5f6,2018,0,complete
i4r_ffb85d29fca5f6,2019,1,complete
i4r_ffb85d29fca5f6,2020,1,complete
i4r_ffb85d29fca5f6,2021,0,complete
i4r_ffb85d29fca5f6,2022,1,complete
i4r_ffb85d29fca5f6,2023,13,complete
i4r_ffb85d29fca5f6,2024,12,complete
i4r_ffb85d29fca5f6,2025,11,complete
i4r_92cb2396f27a49,2017,0,complete
i4r_92cb2396f27a49,2018,0,complete
i4r_92cb2396f27a49,2019,2,complete
i4r_92cb2396f27a49,2020,4,complete
i4r_92cb2396f27a49,2021,10,complete
i4r_92cb2396f27a49,2022,16,complete
i4r_92cb2396f27a49,2023,42,complete
i4r_92cb2396f27a49,2024,63,complete
i4r_92cb2396f27a49,2025,83,complete
i4r_51fda417516cca,2017,0,complete
i4r_51fda417516cca,2018,0,complete
i4r_51fda417516cca,2019,0,complete
i4r_51fda417516cca,2020,0,complete
i4r_51fda417516cca,2021,0,complete
i4r_51fda417516cca,2022,0,complete
i4r_51fda417516cca,2023,0,complete
i4r_51fda417516cca,2024,0,complete
i4r_51fda417516cca,2025,0,complete
i4r_7415af5cb1eede,2017,0,complete
i4r_7415af5cb1eede,2018,0,complete
i4r_7415af5cb1eede,2019,0,complete
i4r_7415af5cb1eede,2020,0,complete
i4r_7415af5cb1eede,2021,0,complete
i4r_7415af5cb1eede,2022,0,complete
i4r_7415af5cb1eede,2023,0,complete
i4r_7415af5cb1eede,2024,0,complete
i4r_7415af5cb1eede,2025,0,complete
i4r_e2e3e523cdb4dd,2017,0,complete
i4r_e2e3e523cdb4dd,2018,0,complete
i4r_e2e3e523cdb4dd,2019,0,complete
i4r_e2e3e523cdb4dd,2020,0,complete
i4r_e2e3e523cdb4dd,2021,0,complete
i4r_e2e3e523cdb4dd,2022,0,complete
i4r_e2e3e523cdb4dd,2023,0,complete
i4r_e2e3e523cdb4dd,2024,0,complete
i4r_e2e3e523cdb4dd,2025,2,complete
i4r_ff450daa9170b5,2017,0,complete
i4r_ff450daa9170b5,2018,0,complete
i4r_ff450daa9170b5,2019,0,complete
i4r_ff450daa9170b5,2020,0,complete
i4r_ff450daa9170b5,2021,1,complete
i4r_ff450daa9170b5,2022,4,complete
i4r_ff450daa9170b5,2023,23,complete
i4r_ff450daa9170b5,2024,38,complete
i4r_ff450daa9170b5,2025,29,complete
i4r_7bd7b96eedcb28,2017,2,complete
i4r_7bd7b96eedcb28,2018,0,complete
i4r_7bd7b96eedcb28,2019,0,complete
i4r_7bd7b96eedcb28,2020,1,complete
i4r_7bd7b96eedcb28,2021,10,complete
i4r_7bd7b96eedcb28,2022,34,complete
i4r_7bd7b96eedcb28,2023,47,complete
i4r_7bd7b96eedcb28,2024,59,complete
i4r_7bd7b96eedcb28,2025,81,complete
i4r_bf7068420e2b17,2017,0,complete
i4r_bf7068420e2b17,2018,0,complete
i4r_bf7068420e2b17,2019,0,complete
i4r_bf7068420e2b17,2020,0,complete
i4r_bf7068420e2b17,2021,1,complete
i4r_bf7068420e2b17,2022,1,complete
i4r_bf7068420e2b17,2023,3,complete
i4r_bf7068420e2b17,2024,1,complete
i4r_bf7068420e2b17,2025,4,complete
i4r_aa4241eff0a698,2017,0,complete
i4r_aa4241eff0a698,2018,0,complete
i4r_aa4241eff0a698,2019,0,complete
i4r_aa4241eff0a698,2020,0,complete
i4r_aa4241eff0a698,2021,2,complete
i4r_aa4241eff0a698,2022,1,complete
i4r_aa4241eff0a698,2023,4,complete
i4r_aa4241eff0a698,2024,10,complete
i4r_aa4241eff0a698,2025,9,complete
i4r_eab3b128d6b295,2017,0,complete
i4r_eab3b128d6b295,2018,0,complete
i4r_eab3b128d6b295,2019,0,complete
i4r_eab3b128d6b295,2020,3,complete
i4r_eab3b128d6b295,2021,2,complete
i4r_eab3b128d6b295,2022,3,complete
i4r_eab3b128d6b295,2023,1,complete
i4r_eab3b128d6b295,2024,10,complete
i4r_eab3b128d6b295,2025,8,complete
i4r_b6ba72cfc516c4,2017,0,complete
i4r_b6ba72cfc516c4,2018,0,complete
i4r_b6ba72cfc516c4,2019,0,complete
i4r_b6ba72cfc516c4,2020,0,complete
i4r_b6ba72cfc516c4,2021,0,complete
i4r_b6ba72cfc516c4,2022,0,complete
i4r_b6ba72cfc516c4,2023,0,complete
i4r_b6ba72cfc516c4,2024,0,complete
i4r_b6ba72cfc516c4,2025,1,complete
i4r_1e972a57ca9cf5,2017,0,complete
i4r_1e972a57ca9cf5,2018,0,complete
i4r_1e972a57ca9cf5,2019,0,complete
i4r_1e972a57ca9cf5,2020,0,complete
i4r_1e972a57ca9cf5,2021,0,complete
i4r_1e972a57ca9cf5,2022,0,complete
i4r_1e972a57ca9cf5,2023,0,complete
i4r_1e972a57ca9cf5,2024,1,complete
i4r_1e972a57ca9cf5,2025,0,complete
i4r_c1de1bb30bf698,2017,0,complete
i4r_c1de1bb30bf698,2018,0,complete
i4r_c1de1bb30bf698,2019,0,complete
i4r_c1de1bb30bf698,2020,0,complete
i4r_c1de1bb30bf698,2021,0,complete
i4r_c1de1bb30bf698,2022,0,complete
i4r_c1de1bb30bf698,2023,0,complete
i4r_c1de1bb30bf698,2024,0,complete
i4r_c1de1bb30bf698,2025,3,complete
i4r_fbb2e9ec5b5896,2017,0,complete
i4r_fbb2e9ec5b5896,2018,0,complete
i4r_fbb2e9ec5b5896,2019,0,complete
i4r_fbb2e9ec5b5896,2020,0,complete
i4r_fbb2e9ec5b5896,2021,0,complete
i4r_fbb2e9ec5b5896,2022,1,complete
i4r_fbb2e9ec5b5896,2023,4,complete
i4r_fbb2e9ec5b5896,2024,8,complete
i4r_fbb2e9ec5b5896,2025,8,complete
i4r_5af2ce4e4b1ea0,2017,0,complete
i4r_5af2ce4e4b1ea0,2018,0,complete
i4r_5af2ce4e4b1ea0,2019,0,complete
i4r_5af2ce4e4b1ea0,2020,0,complete
i4r_5af2ce4e4b1ea0,2021,0,complete
i4r_5af2ce4e4b1ea0,2022,0,complete
i4r_5af2ce4e4b1ea0,2023,0,complete
i4r_5af2ce4e4b1ea0,2024,0,complete
i4r_5af2ce4e4b1ea0,2025,5,complete
i4r_2e7c5a7a4af051,2017,0,complete
i4r_2e7c5a7a4af051,2018,0,complete
i4r_2e7c5a7a4af051,2019,0,complete
i4r_2e7c5a7a4af051,2020,0,complete
i4r_2e7c5a7a4af051,2021,0,complete
i4r_2e7c5a7a4af051,2022,0,complete
i4r_2e7c5a7a4af051,2023,4,complete
i4r_2e7c5a7a4af051,2024,7,complete
i4r_2e7c5a7a4af051,2025,12,complete
i4r_5637f367fe2561,2017,0,complete
i4r_5637f367fe2561,2018,0,complete
i4r_5637f367fe2561,2019,0,complete
i4r_5637f367fe2561,2020,0,complete
i4r_5637f367fe2561,2021,0,complete
i4r_5637f367fe2561,2022,0,complete
i4r_5637f367fe2561,2023,0,complete
i4r_5637f367fe2561,2024,0,complete
i4r_5637f367fe2561,2025,5,complete
i4r_dce7582f440c8b,2017,0,complete
i4r_dce7582f440c8b,2018,0,complete
i4r_dce7582f440c8b,2019,0,complete
i4r_dce7582f440c8b,2020,0,complete
i4r_dce7582f440c8b,2021,0,complete
i4r_dce7582f440c8b,2022,0,complete
i4r_dce7582f440c8b,2023,0,complete
i4r_dce7582f440c8b,2024,1,complete
i4r_dce7582f440c8b,2025,0,complete
i4r_9f1c26558502bc,2017,0,complete
i4r_9f1c26558502bc,2018,0,complete
i4r_9f1c26558502bc,2019,0,complete
i4r_9f1c26558502bc,2020,0,complete
i4r_9f1c26558502bc,2021,0,complete
i4r_9f1c26558502bc,2022,0,complete
i4r_9f1c26558502bc,2023,0,complete
i4r_9f1c26558502bc,2024,0,complete
i4r_9f1c26558502bc,2025,3,complete
i4r_02e547f6606f9b,2017,0,complete
i4r_02e547f6606f9b,2018,0,complete
i4r_02e547f6606f9b,2019,0,complete
i4r_02e547f6606f9b,2020,0,complete
i4r_02e547f6606f9b,2021,0,complete
i4r_02e547f6606f9b,2022,0,complete
i4r_02e547f6606f9b,2023,0,complete
i4r_02e547f6606f9b,2024,2,complete
i4r_02e547f6606f9b,2025,3,complete
control_00259acb491fb2,2017,2,complete
control_00259acb491fb2,2018,2,complete
control_00259acb491fb2,2019,1,complete
control_00259acb491fb2,2020,0,complete
control_00259acb491fb2,2021,3,complete
control_00259acb491fb2,2022,0,complete
control_00259acb491fb2,2023,0,complete
control_00259acb491fb2,2024,7,complete
control_00259acb491fb2,2025,0,complete
control_005c4a6749de6b,2017,0,complete
control_005c4a6749de6b,2018,0,complete
control_005c4a6749de6b,2019,1,complete
control_005c4a6749de6b,2020,3,complete
control_005c4a6749de6b,2021,6,complete
control_005c4a6749de6b,2022,4,complete
control_005c4a6749de6b,2023,3,complete
control_005c4a6749de6b,2024,1,complete
control_005c4a6749de6b,2025,3,complete
control_006bbb9378ee19,2017,8,complete
control_006bbb9378ee19,2018,8,complete
control_006bbb9378ee19,2019,25,complete
control_006bbb9378ee19,2020,22,complete
control_006bbb9378ee19,2021,36,complete
control_006bbb9378ee19,2022,30,complete
control_006bbb9378ee19,2023,16,complete
control_006bbb9378ee19,2024,21,complete
control_006bbb9378ee19,2025,29,complete
control_009476583d0084,2017,2,complete
control_009476583d0084,2018,3,complete
control_009476583d0084,2019,6,complete
control_009476583d0084,2020,4,complete
control_009476583d0084,2021,3,complete
control_009476583d0084,2022,5,complete
control_009476583d0084,2023,2,complete
control_009476583d0084,2024,3,complete
control_009476583d0084,2025,4,complete
control_00a64a51d73ccc,2017,0,complete
control_00a64a51d73ccc,2018,0,complete
control_00a64a51d73ccc,2019,1,complete
control_00a64a51d73ccc,2020,1,complete
control_00a64a51d73ccc,2021,0,complete
control_00a64a51d73ccc,2022,0,complete
control_00a64a51d73ccc,2023,0,complete
control_00a64a51d73ccc,2024,1,complete
control_00a64a51d73ccc,2025,0,complete
control_00c0043950d889,2017,0,complete
control_00c0043950d889,2018,0,complete
control_00c0043950d889,2019,0,complete
control_00c0043950d889,2020,1,complete
control_00c0043950d889,2021,0,complete
control_00c0043950d889,2022,1,complete
control_00c0043950d889,2023,1,complete
control_00c0043950d889,2024,2,complete
control_00c0043950d889,2025,4,complete
control_00d3bd3e1f17e4,2017,0,complete
control_00d3bd3e1f17e4,2018,1,complete
control_00d3bd3e1f17e4,2019,0,complete
control_00d3bd3e1f17e4,2020,4,complete
control_00d3bd3e1f17e4,2021,9,complete
control_00d3bd3e1f17e4,2022,11,complete
control_00d3bd3e1f17e4,2023,8,complete
control_00d3bd3e1f17e4,2024,8,complete
control_00d3bd3e1f17e4,2025,8,complete
control_01035a6e1e6061,2017,0,complete
control_01035a6e1e6061,2018,0,complete
control_01035a6e1e6061,2019,0,complete
control_01035a6e1e6061,2020,0,complete
control_01035a6e1e6061,2021,0,complete
control_01035a6e1e6061,2022,1,complete
control_01035a6e1e6061,2023,2,complete
control_01035a6e1e6061,2024,2,complete
control_01035a6e1e6061,2025,1,complete
control_01347e7b66baad,2017,0,complete
control_01347e7b66baad,2018,0,complete
control_01347e7b66baad,2019,0,complete
control_01347e7b66baad,2020,0,complete
control_01347e7b66baad,2021,3,complete
control_01347e7b66baad,2022,0,complete
control_01347e7b66baad,2023,0,complete
control_01347e7b66baad,2024,2,complete
control_01347e7b66baad,2025,3,complete
control_01452d058589e0,2017,0,complete
control_01452d058589e0,2018,0,complete
control_01452d058589e0,2019,0,complete
control_01452d058589e0,2020,0,complete
control_01452d058589e0,2021,0,complete
control_01452d058589e0,2022,1,complete
control_01452d058589e0,2023,0,complete
control_01452d058589e0,2024,0,complete
control_01452d058589e0,2025,2,complete
control_01fe71544cbf18,2017,0,complete
control_01fe71544cbf18,2018,0,complete
control_01fe71544cbf18,2019,0,complete
control_01fe71544cbf18,2020,2,complete
control_01fe71544cbf18,2021,0,complete
control_01fe71544cbf18,2022,2,complete
control_01fe71544cbf18,2023,0,complete
control_01fe71544cbf18,2024,1,complete
control_01fe71544cbf18,2025,0,complete
control_026112fcc97eef,2017,1,complete
control_026112fcc97eef,2018,0,complete
control_026112fcc97eef,2019,2,complete
control_026112fcc97eef,2020,10,complete
control_026112fcc97eef,2021,8,complete
control_026112fcc97eef,2022,10,complete
control_026112fcc97eef,2023,5,complete
control_026112fcc97eef,2024,8,complete
control_026112fcc97eef,2025,6,complete
control_02694763cdd419,2017,0,complete
control_02694763cdd419,2018,1,complete
control_02694763cdd419,2019,1,complete
control_02694763cdd419,2020,0,complete
control_02694763cdd419,2021,0,complete
control_02694763cdd419,2022,2,complete
control_02694763cdd419,2023,1,complete
control_02694763cdd419,2024,0,complete
control_02694763cdd419,2025,0,complete
control_028d211a7c99e7,2017,1,complete
control_028d211a7c99e7,2018,0,complete
control_028d211a7c99e7,2019,2,complete
control_028d211a7c99e7,2020,6,complete
control_028d211a7c99e7,2021,12,complete
control_028d211a7c99e7,2022,7,complete
control_028d211a7c99e7,2023,3,complete
control_028d211a7c99e7,2024,1,complete
control_028d211a7c99e7,2025,7,complete
control_0368d048cb3743,2017,0,complete
control_0368d048cb3743,2018,0,complete
control_0368d048cb3743,2019,2,complete
control_0368d048cb3743,2020,3,complete
control_0368d048cb3743,2021,2,complete
control_0368d048cb3743,2022,7,complete
control_0368d048cb3743,2023,2,complete
control_0368d048cb3743,2024,3,complete
control_0368d048cb3743,2025,3,complete
control_036ff77f09c171,2017,0,complete
control_036ff77f09c171,2018,1,complete
control_036ff77f09c171,2019,2,complete
control_036ff77f09c171,2020,0,complete
control_036ff77f09c171,2021,18,complete
control_036ff77f09c171,2022,17,complete
control_036ff77f09c171,2023,12,complete
control_036ff77f09c171,2024,32,complete
control_036ff77f09c171,2025,17,complete
control_03c527c6193ade,2017,2,complete
control_03c527c6193ade,2018,1,complete
control_03c527c6193ade,2019,1,complete
control_03c527c6193ade,2020,8,complete
control_03c527c6193ade,2021,7,complete
control_03c527c6193ade,2022,2,complete
control_03c527c6193ade,2023,9,complete
control_03c527c6193ade,2024,12,complete
control_03c527c6193ade,2025,12,complete
control_03c78549c51812,2017,2,complete
control_03c78549c51812,2018,5,complete
control_03c78549c51812,2019,8,complete
control_03c78549c51812,2020,6,complete
control_03c78549c51812,2021,13,complete
control_03c78549c51812,2022,6,complete
control_03c78549c51812,2023,8,complete
control_03c78549c51812,2024,10,complete
control_03c78549c51812,2025,9,complete
control_03d259d8d365a7,2017,0,complete
control_03d259d8d365a7,2018,0,complete
control_03d259d8d365a7,2019,5,complete
control_03d259d8d365a7,2020,16,complete
control_03d259d8d365a7,2021,36,complete
control_03d259d8d365a7,2022,56,complete
control_03d259d8d365a7,2023,90,complete
control_03d259d8d365a7,2024,90,complete
control_03d259d8d365a7,2025,75,complete
control_03fc4df8a61958,2017,3,complete
control_03fc4df8a61958,2018,2,complete
control_03fc4df8a61958,2019,4,complete
control_03fc4df8a61958,2020,1,complete
control_03fc4df8a61958,2021,6,complete
control_03fc4df8a61958,2022,5,complete
control_03fc4df8a61958,2023,2,complete
control_03fc4df8a61958,2024,5,complete
control_03fc4df8a61958,2025,6,complete
control_041d8cfa848ca3,2017,1,complete
control_041d8cfa848ca3,2018,2,complete
control_041d8cfa848ca3,2019,3,complete
control_041d8cfa848ca3,2020,5,complete
control_041d8cfa848ca3,2021,3,complete
control_041d8cfa848ca3,2022,3,complete
control_041d8cfa848ca3,2023,2,complete
control_041d8cfa848ca3,2024,3,complete
control_041d8cfa848ca3,2025,7,complete
control_0436cd1342bc42,2017,2,complete
control_0436cd1342bc42,2018,0,complete
control_0436cd1342bc42,2019,3,complete
control_0436cd1342bc42,2020,7,complete
control_0436cd1342bc42,2021,4,complete
control_0436cd1342bc42,2022,1,complete
control_0436cd1342bc42,2023,3,complete
control_0436cd1342bc42,2024,8,complete
control_0436cd1342bc42,2025,1,complete
control_046311309f78cc,2017,0,complete
control_046311309f78cc,2018,0,complete
control_046311309f78cc,2019,2,complete
control_046311309f78cc,2020,2,complete
control_046311309f78cc,2021,2,complete
control_046311309f78cc,2022,3,complete
control_046311309f78cc,2023,11,complete
control_046311309f78cc,2024,13,complete
control_046311309f78cc,2025,13,complete
control_04cdf568036066,2017,3,complete
control_04cdf568036066,2018,5,complete
control_04cdf568036066,2019,7,complete
control_04cdf568036066,2020,6,complete
control_04cdf568036066,2021,11,complete
control_04cdf568036066,2022,5,complete
control_04cdf568036066,2023,15,complete
control_04cdf568036066,2024,3,complete
control_04cdf568036066,2025,4,complete
control_0523b77c849d2f,2017,2,complete
control_0523b77c849d2f,2018,8,complete
control_0523b77c849d2f,2019,7,complete
control_0523b77c849d2f,2020,2,complete
control_0523b77c849d2f,2021,6,complete
control_0523b77c849d2f,2022,7,complete
control_0523b77c849d2f,2023,6,complete
control_0523b77c849d2f,2024,5,complete
control_0523b77c849d2f,2025,4,complete
control_05729f0f25f43f,2017,1,complete
control_05729f0f25f43f,2018,0,complete
control_05729f0f25f43f,2019,0,complete
control_05729f0f25f43f,2020,1,complete
control_05729f0f25f43f,2021,0,complete
control_05729f0f25f43f,2022,5,complete
control_05729f0f25f43f,2023,3,complete
control_05729f0f25f43f,2024,1,complete
control_05729f0f25f43f,2025,1,complete
control_057ebf0dee3047,2017,0,complete
control_057ebf0dee3047,2018,0,complete
control_057ebf0dee3047,2019,0,complete
control_057ebf0dee3047,2020,0,complete
control_057ebf0dee3047,2021,1,complete
control_057ebf0dee3047,2022,5,complete
control_057ebf0dee3047,2023,3,complete
control_057ebf0dee3047,2024,10,complete
control_057ebf0dee3047,2025,6,complete
control_0582b910900f44,2017,0,complete
control_0582b910900f44,2018,1,complete
control_0582b910900f44,2019,4,complete
control_0582b910900f44,2020,3,complete
control_0582b910900f44,2021,8,complete
control_0582b910900f44,2022,10,complete
control_0582b910900f44,2023,5,complete
control_0582b910900f44,2024,2,complete
control_0582b910900f44,2025,4,complete
control_063004d85656e5,2017,0,complete
control_063004d85656e5,2018,3,complete
control_063004d85656e5,2019,3,complete
control_063004d85656e5,2020,7,complete
control_063004d85656e5,2021,6,complete
control_063004d85656e5,2022,3,complete
control_063004d85656e5,2023,5,complete
control_063004d85656e5,2024,6,complete
control_063004d85656e5,2025,6,complete
control_06f0b711137db0,2017,5,complete
control_06f0b711137db0,2018,6,complete
control_06f0b711137db0,2019,14,complete
control_06f0b711137db0,2020,22,complete
control_06f0b711137db0,2021,32,complete
control_06f0b711137db0,2022,37,complete
control_06f0b711137db0,2023,38,complete
control_06f0b711137db0,2024,20,complete
control_06f0b711137db0,2025,23,complete
control_070b00594c8c6b,2017,3,complete
control_070b00594c8c6b,2018,2,complete
control_070b00594c8c6b,2019,1,complete
control_070b00594c8c6b,2020,4,complete
control_070b00594c8c6b,2021,4,complete
control_070b00594c8c6b,2022,6,complete
control_070b00594c8c6b,2023,3,complete
control_070b00594c8c6b,2024,3,complete
control_070b00594c8c6b,2025,2,complete
control_07aa92147730dc,2017,3,complete
control_07aa92147730dc,2018,2,complete
control_07aa92147730dc,2019,5,complete
control_07aa92147730dc,2020,4,complete
control_07aa92147730dc,2021,2,complete
control_07aa92147730dc,2022,5,complete
control_07aa92147730dc,2023,4,complete
control_07aa92147730dc,2024,3,complete
control_07aa92147730dc,2025,3,complete
control_080cdf83f6f93c,2017,4,complete
control_080cdf83f6f93c,2018,5,complete
control_080cdf83f6f93c,2019,8,complete
control_080cdf83f6f93c,2020,5,complete
control_080cdf83f6f93c,2021,6,complete
control_080cdf83f6f93c,2022,14,complete
control_080cdf83f6f93c,2023,8,complete
control_080cdf83f6f93c,2024,18,complete
control_080cdf83f6f93c,2025,5,complete
control_082bdd4bac2644,2017,9,complete
control_082bdd4bac2644,2018,9,complete
control_082bdd4bac2644,2019,14,complete
control_082bdd4bac2644,2020,15,complete
control_082bdd4bac2644,2021,20,complete
control_082bdd4bac2644,2022,12,complete
control_082bdd4bac2644,2023,9,complete
control_082bdd4bac2644,2024,8,complete
control_082bdd4bac2644,2025,17,complete
control_084c96e5bc25da,2017,1,complete
control_084c96e5bc25da,2018,0,complete
control_084c96e5bc25da,2019,1,complete
control_084c96e5bc25da,2020,3,complete
control_084c96e5bc25da,2021,8,complete
control_084c96e5bc25da,2022,20,complete
control_084c96e5bc25da,2023,62,complete
control_084c96e5bc25da,2024,51,complete
control_084c96e5bc25da,2025,50,complete
control_08751260307f55,2017,0,complete
control_08751260307f55,2018,1,complete
control_08751260307f55,2019,1,complete
control_08751260307f55,2020,0,complete
control_08751260307f55,2021,2,complete
control_08751260307f55,2022,2,complete
control_08751260307f55,2023,19,complete
control_08751260307f55,2024,34,complete
control_08751260307f55,2025,15,complete
control_093b5fbc483c22,2017,0,complete
control_093b5fbc483c22,2018,0,complete
control_093b5fbc483c22,2019,0,complete
control_093b5fbc483c22,2020,0,complete
control_093b5fbc483c22,2021,2,complete
control_093b5fbc483c22,2022,0,complete
control_093b5fbc483c22,2023,0,complete
control_093b5fbc483c22,2024,0,complete
control_093b5fbc483c22,2025,0,complete
control_09535fa602a605,2017,0,complete
control_09535fa602a605,2018,0,complete
control_09535fa602a605,2019,0,complete
control_09535fa602a605,2020,1,complete
control_09535fa602a605,2021,0,complete
control_09535fa602a605,2022,1,complete
control_09535fa602a605,2023,1,complete
control_09535fa602a605,2024,0,complete
control_09535fa602a605,2025,2,complete
control_097293b25ad151,2017,0,complete
control_097293b25ad151,2018,0,complete
control_097293b25ad151,2019,1,complete
control_097293b25ad151,2020,2,complete
control_097293b25ad151,2021,3,complete
control_097293b25ad151,2022,5,complete
control_097293b25ad151,2023,2,complete
control_097293b25ad151,2024,1,complete
control_097293b25ad151,2025,7,complete
control_09820167eef52d,2017,0,complete
control_09820167eef52d,2018,1,complete
control_09820167eef52d,2019,1,complete
control_09820167eef52d,2020,2,complete
control_09820167eef52d,2021,1,complete
control_09820167eef52d,2022,0,complete
control_09820167eef52d,2023,1,complete
control_09820167eef52d,2024,0,complete
control_09820167eef52d,2025,0,complete
control_09a28ea2aa806f,2017,14,complete
control_09a28ea2aa806f,2018,16,complete
control_09a28ea2aa806f,2019,15,complete
control_09a28ea2aa806f,2020,15,complete
control_09a28ea2aa806f,2021,16,complete
control_09a28ea2aa806f,2022,13,complete
control_09a28ea2aa806f,2023,15,complete
control_09a28ea2aa806f,2024,19,complete
control_09a28ea2aa806f,2025,12,complete
control_09abb91724d953,2017,4,complete
control_09abb91724d953,2018,6,complete
control_09abb91724d953,2019,11,complete
control_09abb91724d953,2020,11,complete
control_09abb91724d953,2021,11,complete
control_09abb91724d953,2022,18,complete
control_09abb91724d953,2023,23,complete
control_09abb91724d953,2024,17,complete
control_09abb91724d953,2025,22,complete
control_09ff1e92e210fe,2017,0,complete
control_09ff1e92e210fe,2018,0,complete
control_09ff1e92e210fe,2019,1,complete
control_09ff1e92e210fe,2020,0,complete
control_09ff1e92e210fe,2021,3,complete
control_09ff1e92e210fe,2022,11,complete
control_09ff1e92e210fe,2023,10,complete
control_09ff1e92e210fe,2024,4,complete
control_09ff1e92e210fe,2025,5,complete
control_0a271e7051eb29,2017,0,complete
control_0a271e7051eb29,2018,6,complete
control_0a271e7051eb29,2019,4,complete
control_0a271e7051eb29,2020,21,complete
control_0a271e7051eb29,2021,48,complete
control_0a271e7051eb29,2022,44,complete
control_0a271e7051eb29,2023,50,complete
control_0a271e7051eb29,2024,43,complete
control_0a271e7051eb29,2025,52,complete
control_0aa3abfa25f2b0,2017,0,complete
control_0aa3abfa25f2b0,2018,2,complete
control_0aa3abfa25f2b0,2019,3,complete
control_0aa3abfa25f2b0,2020,9,complete
control_0aa3abfa25f2b0,2021,14,complete
control_0aa3abfa25f2b0,2022,21,complete
control_0aa3abfa25f2b0,2023,9,complete
control_0aa3abfa25f2b0,2024,15,complete
control_0aa3abfa25f2b0,2025,30,complete
control_0ad0c4fabd60a6,2017,0,complete
control_0ad0c4fabd60a6,2018,1,complete
control_0ad0c4fabd60a6,2019,3,complete
control_0ad0c4fabd60a6,2020,7,complete
control_0ad0c4fabd60a6,2021,2,complete
control_0ad0c4fabd60a6,2022,3,complete
control_0ad0c4fabd60a6,2023,3,complete
control_0ad0c4fabd60a6,2024,4,complete
control_0ad0c4fabd60a6,2025,5,complete
control_0af0a84740cc66,2017,0,complete
control_0af0a84740cc66,2018,1,complete
control_0af0a84740cc66,2019,1,complete
control_0af0a84740cc66,2020,2,complete
control_0af0a84740cc66,2021,3,complete
control_0af0a84740cc66,2022,7,complete
control_0af0a84740cc66,2023,17,complete
control_0af0a84740cc66,2024,21,complete
control_0af0a84740cc66,2025,29,complete
control_0afbd785bc8a21,2017,2,complete
control_0afbd785bc8a21,2018,3,complete
control_0afbd785bc8a21,2019,4,complete
control_0afbd785bc8a21,2020,7,complete
control_0afbd785bc8a21,2021,4,complete
control_0afbd785bc8a21,2022,1,complete
control_0afbd785bc8a21,2023,2,complete
control_0afbd785bc8a21,2024,0,complete
control_0afbd785bc8a21,2025,3,complete
control_0b0a83874bba9a,2017,0,complete
control_0b0a83874bba9a,2018,0,complete
control_0b0a83874bba9a,2019,1,complete
control_0b0a83874bba9a,2020,15,complete
control_0b0a83874bba9a,2021,14,complete
control_0b0a83874bba9a,2022,20,complete
control_0b0a83874bba9a,2023,23,complete
control_0b0a83874bba9a,2024,31,complete
control_0b0a83874bba9a,2025,32,complete
control_0b9196a7ffc23f,2017,0,complete
control_0b9196a7ffc23f,2018,2,complete
control_0b9196a7ffc23f,2019,0,complete
control_0b9196a7ffc23f,2020,2,complete
control_0b9196a7ffc23f,2021,1,complete
control_0b9196a7ffc23f,2022,0,complete
control_0b9196a7ffc23f,2023,2,complete
control_0b9196a7ffc23f,2024,2,complete
control_0b9196a7ffc23f,2025,0,complete
control_0bf75b011a02d5,2017,0,complete
control_0bf75b011a02d5,2018,2,complete
control_0bf75b011a02d5,2019,5,complete
control_0bf75b011a02d5,2020,32,complete
control_0bf75b011a02d5,2021,30,complete
control_0bf75b011a02d5,2022,27,complete
control_0bf75b011a02d5,2023,26,complete
control_0bf75b011a02d5,2024,30,complete
control_0bf75b011a02d5,2025,19,complete
control_0c77131a05ee5e,2017,3,complete
control_0c77131a05ee5e,2018,20,complete
control_0c77131a05ee5e,2019,38,complete
control_0c77131a05ee5e,2020,39,complete
control_0c77131a05ee5e,2021,51,complete
control_0c77131a05ee5e,2022,78,complete
control_0c77131a05ee5e,2023,79,complete
control_0c77131a05ee5e,2024,106,complete
control_0c77131a05ee5e,2025,102,complete
control_0c99b81ca4ef46,2017,1,complete
control_0c99b81ca4ef46,2018,3,complete
control_0c99b81ca4ef46,2019,16,complete
control_0c99b81ca4ef46,2020,17,complete
control_0c99b81ca4ef46,2021,29,complete
control_0c99b81ca4ef46,2022,27,complete
control_0c99b81ca4ef46,2023,24,complete
control_0c99b81ca4ef46,2024,19,complete
control_0c99b81ca4ef46,2025,25,complete
control_0cf1cf73e7ec5d,2017,0,complete
control_0cf1cf73e7ec5d,2018,0,complete
control_0cf1cf73e7ec5d,2019,2,complete
control_0cf1cf73e7ec5d,2020,4,complete
control_0cf1cf73e7ec5d,2021,7,complete
control_0cf1cf73e7ec5d,2022,19,complete
control_0cf1cf73e7ec5d,2023,28,complete
control_0cf1cf73e7ec5d,2024,32,complete
control_0cf1cf73e7ec5d,2025,39,complete
control_0d63e7f40d8691,2017,0,complete
control_0d63e7f40d8691,2018,0,complete
control_0d63e7f40d8691,2019,0,complete
control_0d63e7f40d8691,2020,0,complete
control_0d63e7f40d8691,2021,3,complete
control_0d63e7f40d8691,2022,3,complete
control_0d63e7f40d8691,2023,3,complete
control_0d63e7f40d8691,2024,3,complete
control_0d63e7f40d8691,2025,4,complete
control_0d87981d539ab4,2017,0,complete
control_0d87981d539ab4,2018,0,complete
control_0d87981d539ab4,2019,0,complete
control_0d87981d539ab4,2020,0,complete
control_0d87981d539ab4,2021,4,complete
control_0d87981d539ab4,2022,11,complete
control_0d87981d539ab4,2023,14,complete
control_0d87981d539ab4,2024,24,complete
control_0d87981d539ab4,2025,13,complete
control_0db118efc377e8,2017,0,complete
control_0db118efc377e8,2018,0,complete
control_0db118efc377e8,2019,0,complete
control_0db118efc377e8,2020,2,complete
control_0db118efc377e8,2021,7,complete
control_0db118efc377e8,2022,8,complete
control_0db118efc377e8,2023,23,complete
control_0db118efc377e8,2024,21,complete
control_0db118efc377e8,2025,27,complete
control_0dd2c98fab61a5,2017,4,complete
control_0dd2c98fab61a5,2018,13,complete
control_0dd2c98fab61a5,2019,6,complete
control_0dd2c98fab61a5,2020,6,complete
control_0dd2c98fab61a5,2021,21,complete
control_0dd2c98fab61a5,2022,35,complete
control_0dd2c98fab61a5,2023,55,complete
control_0dd2c98fab61a5,2024,55,complete
control_0dd2c98fab61a5,2025,78,complete
control_0dff7bac63903b,2017,0,complete
control_0dff7bac63903b,2018,0,complete
control_0dff7bac63903b,2019,0,complete
control_0dff7bac63903b,2020,0,complete
control_0dff7bac63903b,2021,2,complete
control_0dff7bac63903b,2022,2,complete
control_0dff7bac63903b,2023,6,complete
control_0dff7bac63903b,2024,7,complete
control_0dff7bac63903b,2025,8,complete
control_0ecf5b030d9e6c,2017,0,complete
control_0ecf5b030d9e6c,2018,0,complete
control_0ecf5b030d9e6c,2019,2,complete
control_0ecf5b030d9e6c,2020,3,complete
control_0ecf5b030d9e6c,2021,19,complete
control_0ecf5b030d9e6c,2022,39,complete
control_0ecf5b030d9e6c,2023,68,complete
control_0ecf5b030d9e6c,2024,94,complete
control_0ecf5b030d9e6c,2025,117,complete
control_0ed256733e8a63,2017,10,complete
control_0ed256733e8a63,2018,30,complete
control_0ed256733e8a63,2019,38,complete
control_0ed256733e8a63,2020,104,complete
control_0ed256733e8a63,2021,180,complete
control_0ed256733e8a63,2022,240,complete
control_0ed256733e8a63,2023,311,complete
control_0ed256733e8a63,2024,416,complete
control_0ed256733e8a63,2025,533,complete
control_0eddc7266a9b01,2017,9,complete
control_0eddc7266a9b01,2018,7,complete
control_0eddc7266a9b01,2019,33,complete
control_0eddc7266a9b01,2020,13,complete
control_0eddc7266a9b01,2021,11,complete
control_0eddc7266a9b01,2022,13,complete
control_0eddc7266a9b01,2023,16,complete
control_0eddc7266a9b01,2024,15,complete
control_0eddc7266a9b01,2025,5,complete
control_0eea55b5691d72,2017,5,complete
control_0eea55b5691d72,2018,24,complete
control_0eea55b5691d72,2019,49,complete
control_0eea55b5691d72,2020,98,complete
control_0eea55b5691d72,2021,139,complete
control_0eea55b5691d72,2022,143,complete
control_0eea55b5691d72,2023,125,complete
control_0eea55b5691d72,2024,178,complete
control_0eea55b5691d72,2025,123,complete
control_0eee91265067b9,2017,1,complete
control_0eee91265067b9,2018,7,complete
control_0eee91265067b9,2019,12,complete
control_0eee91265067b9,2020,15,complete
control_0eee91265067b9,2021,20,complete
control_0eee91265067b9,2022,20,complete
control_0eee91265067b9,2023,29,complete
control_0eee91265067b9,2024,23,complete
control_0eee91265067b9,2025,44,complete
control_0f5efe1427f0c7,2017,1,complete
control_0f5efe1427f0c7,2018,4,complete
control_0f5efe1427f0c7,2019,7,complete
control_0f5efe1427f0c7,2020,7,complete
control_0f5efe1427f0c7,2021,7,complete
control_0f5efe1427f0c7,2022,4,complete
control_0f5efe1427f0c7,2023,9,complete
control_0f5efe1427f0c7,2024,5,complete
control_0f5efe1427f0c7,2025,4,complete
control_0f75856414fbd7,2017,22,complete
control_0f75856414fbd7,2018,16,complete
control_0f75856414fbd7,2019,17,complete
control_0f75856414fbd7,2020,20,complete
control_0f75856414fbd7,2021,11,complete
control_0f75856414fbd7,2022,38,complete
control_0f75856414fbd7,2023,17,complete
control_0f75856414fbd7,2024,21,complete
control_0f75856414fbd7,2025,6,complete
control_0fd76ba983cbdc,2017,2,complete
control_0fd76ba983cbdc,2018,3,complete
control_0fd76ba983cbdc,2019,2,complete
control_0fd76ba983cbdc,2020,11,complete
control_0fd76ba983cbdc,2021,14,complete
control_0fd76ba983cbdc,2022,10,complete
control_0fd76ba983cbdc,2023,16,complete
control_0fd76ba983cbdc,2024,12,complete
control_0fd76ba983cbdc,2025,4,complete
control_10cdeb08ec8199,2017,1,complete
control_10cdeb08ec8199,2018,1,complete
control_10cdeb08ec8199,2019,2,complete
control_10cdeb08ec8199,2020,2,complete
control_10cdeb08ec8199,2021,1,complete
control_10cdeb08ec8199,2022,0,complete
control_10cdeb08ec8199,2023,2,complete
control_10cdeb08ec8199,2024,0,complete
control_10cdeb08ec8199,2025,2,complete
control_114db2f03d81e6,2017,1,complete
control_114db2f03d81e6,2018,3,complete
control_114db2f03d81e6,2019,2,complete
control_114db2f03d81e6,2020,2,complete
control_114db2f03d81e6,2021,0,complete
control_114db2f03d81e6,2022,1,complete
control_114db2f03d81e6,2023,0,complete
control_114db2f03d81e6,2024,0,complete
control_114db2f03d81e6,2025,0,complete
control_11540c15bdf741,2017,1,complete
control_11540c15bdf741,2018,4,complete
control_11540c15bdf741,2019,5,complete
control_11540c15bdf741,2020,12,complete
control_11540c15bdf741,2021,17,complete
control_11540c15bdf741,2022,22,complete
control_11540c15bdf741,2023,29,complete
control_11540c15bdf741,2024,31,complete
control_11540c15bdf741,2025,25,complete
control_11ada61a6e6de0,2017,4,complete
control_11ada61a6e6de0,2018,5,complete
control_11ada61a6e6de0,2019,8,complete
control_11ada61a6e6de0,2020,7,complete
control_11ada61a6e6de0,2021,7,complete
control_11ada61a6e6de0,2022,10,complete
control_11ada61a6e6de0,2023,16,complete
control_11ada61a6e6de0,2024,17,complete
control_11ada61a6e6de0,2025,11,complete
control_11e6f278340d63,2017,25,complete
control_11e6f278340d63,2018,39,complete
control_11e6f278340d63,2019,25,complete
control_11e6f278340d63,2020,29,complete
control_11e6f278340d63,2021,33,complete
control_11e6f278340d63,2022,19,complete
control_11e6f278340d63,2023,38,complete
control_11e6f278340d63,2024,24,complete
control_11e6f278340d63,2025,6,complete
control_12649a1c209fae,2017,3,complete
control_12649a1c209fae,2018,4,complete
control_12649a1c209fae,2019,5,complete
control_12649a1c209fae,2020,7,complete
control_12649a1c209fae,2021,16,complete
control_12649a1c209fae,2022,11,complete
control_12649a1c209fae,2023,4,complete
control_12649a1c209fae,2024,5,complete
control_12649a1c209fae,2025,3,complete
control_128fb8a6143a4c,2017,0,complete
control_128fb8a6143a4c,2018,2,complete
control_128fb8a6143a4c,2019,11,complete
control_128fb8a6143a4c,2020,15,complete
control_128fb8a6143a4c,2021,55,complete
control_128fb8a6143a4c,2022,12,complete
control_128fb8a6143a4c,2023,21,complete
control_128fb8a6143a4c,2024,23,complete
control_128fb8a6143a4c,2025,26,complete
control_12c81bbf1e22d5,2017,0,complete
control_12c81bbf1e22d5,2018,0,complete
control_12c81bbf1e22d5,2019,1,complete
control_12c81bbf1e22d5,2020,0,complete
control_12c81bbf1e22d5,2021,1,complete
control_12c81bbf1e22d5,2022,1,complete
control_12c81bbf1e22d5,2023,0,complete
control_12c81bbf1e22d5,2024,0,complete
control_12c81bbf1e22d5,2025,3,complete
control_13d49c760b4d67,2017,2,complete
control_13d49c760b4d67,2018,2,complete
control_13d49c760b4d67,2019,0,complete
control_13d49c760b4d67,2020,3,complete
control_13d49c760b4d67,2021,0,complete
control_13d49c760b4d67,2022,6,complete
control_13d49c760b4d67,2023,4,complete
control_13d49c760b4d67,2024,1,complete
control_13d49c760b4d67,2025,1,complete
control_13e1712908b9bf,2017,0,complete
control_13e1712908b9bf,2018,2,complete
control_13e1712908b9bf,2019,7,complete
control_13e1712908b9bf,2020,6,complete
control_13e1712908b9bf,2021,10,complete
control_13e1712908b9bf,2022,10,complete
control_13e1712908b9bf,2023,13,complete
control_13e1712908b9bf,2024,12,complete
control_13e1712908b9bf,2025,8,complete
control_13f565073713ba,2017,2,complete
control_13f565073713ba,2018,7,complete
control_13f565073713ba,2019,6,complete
control_13f565073713ba,2020,48,complete
control_13f565073713ba,2021,15,complete
control_13f565073713ba,2022,12,complete
control_13f565073713ba,2023,13,complete
control_13f565073713ba,2024,11,complete
control_13f565073713ba,2025,10,complete
control_13f955a006ca08,2017,1,complete
control_13f955a006ca08,2018,0,complete
control_13f955a006ca08,2019,1,complete
control_13f955a006ca08,2020,0,complete
control_13f955a006ca08,2021,1,complete
control_13f955a006ca08,2022,1,complete
control_13f955a006ca08,2023,0,complete
control_13f955a006ca08,2024,0,complete
control_13f955a006ca08,2025,0,complete
control_1431b7ebb8a315,2017,0,complete
control_1431b7ebb8a315,2018,1,complete
control_1431b7ebb8a315,2019,1,complete
control_1431b7ebb8a315,2020,0,complete
control_1431b7ebb8a315,2021,5,complete
control_1431b7ebb8a315,2022,2,complete
control_1431b7ebb8a315,2023,2,complete
control_1431b7ebb8a315,2024,6,complete
control_1431b7ebb8a315,2025,6,complete
control_146618886f71c7,2017,0,complete
control_146618886f71c7,2018,0,complete
control_146618886f71c7,2019,0,complete
control_146618886f71c7,2020,1,complete
control_146618886f71c7,2021,0,complete
control_146618886f71c7,2022,0,complete
control_146618886f71c7,2023,0,complete
control_146618886f71c7,2024,0,complete
control_146618886f71c7,2025,0,complete
control_1496d45f1aad6b,2017,0,complete
control_1496d45f1aad6b,2018,0,complete
control_1496d45f1aad6b,2019,5,complete
control_1496d45f1aad6b,2020,4,complete
control_1496d45f1aad6b,2021,5,complete
control_1496d45f1aad6b,2022,8,complete
control_1496d45f1aad6b,2023,8,complete
control_1496d45f1aad6b,2024,6,complete
control_1496d45f1aad6b,2025,5,complete
control_1506e4b9ca99e3,2017,0,complete
control_1506e4b9ca99e3,2018,1,complete
control_1506e4b9ca99e3,2019,6,complete
control_1506e4b9ca99e3,2020,19,complete
control_1506e4b9ca99e3,2021,60,complete
control_1506e4b9ca99e3,2022,66,complete
control_1506e4b9ca99e3,2023,96,complete
control_1506e4b9ca99e3,2024,96,complete
control_1506e4b9ca99e3,2025,170,complete
control_15209eed6713cf,2017,1,complete
control_15209eed6713cf,2018,1,complete
control_15209eed6713cf,2019,8,complete
control_15209eed6713cf,2020,11,complete
control_15209eed6713cf,2021,28,complete
control_15209eed6713cf,2022,36,complete
control_15209eed6713cf,2023,38,complete
control_15209eed6713cf,2024,39,complete
control_15209eed6713cf,2025,39,complete
control_1548f1d3272306,2017,0,complete
control_1548f1d3272306,2018,3,complete
control_1548f1d3272306,2019,4,complete
control_1548f1d3272306,2020,8,complete
control_1548f1d3272306,2021,15,complete
control_1548f1d3272306,2022,12,complete
control_1548f1d3272306,2023,12,complete
control_1548f1d3272306,2024,8,complete
control_1548f1d3272306,2025,10,complete
control_15700cebe5ceda,2017,0,complete
control_15700cebe5ceda,2018,0,complete
control_15700cebe5ceda,2019,0,complete
control_15700cebe5ceda,2020,0,complete
control_15700cebe5ceda,2021,0,complete
control_15700cebe5ceda,2022,3,complete
control_15700cebe5ceda,2023,5,complete
control_15700cebe5ceda,2024,8,complete
control_15700cebe5ceda,2025,5,complete
control_15a20aa744c4ce,2017,0,complete
control_15a20aa744c4ce,2018,0,complete
control_15a20aa744c4ce,2019,0,complete
control_15a20aa744c4ce,2020,0,complete
control_15a20aa744c4ce,2021,0,complete
control_15a20aa744c4ce,2022,0,complete
control_15a20aa744c4ce,2023,0,complete
control_15a20aa744c4ce,2024,0,complete
control_15a20aa744c4ce,2025,0,complete
control_15c90711079397,2017,0,complete
control_15c90711079397,2018,0,complete
control_15c90711079397,2019,6,complete
control_15c90711079397,2020,10,complete
control_15c90711079397,2021,18,complete
control_15c90711079397,2022,15,complete
control_15c90711079397,2023,22,complete
control_15c90711079397,2024,11,complete
control_15c90711079397,2025,13,complete
control_15d40335788eff,2017,1,complete
control_15d40335788eff,2018,0,complete
control_15d40335788eff,2019,0,complete
control_15d40335788eff,2020,0,complete
control_15d40335788eff,2021,1,complete
control_15d40335788eff,2022,1,complete
control_15d40335788eff,2023,3,complete
control_15d40335788eff,2024,0,complete
control_15d40335788eff,2025,1,complete
control_15f47fb3eb8360,2017,0,complete
control_15f47fb3eb8360,2018,1,complete
control_15f47fb3eb8360,2019,1,complete
control_15f47fb3eb8360,2020,1,complete
control_15f47fb3eb8360,2021,3,complete
control_15f47fb3eb8360,2022,1,complete
control_15f47fb3eb8360,2023,31,complete
control_15f47fb3eb8360,2024,3,complete
control_15f47fb3eb8360,2025,3,complete
control_167bb7c958bf2d,2017,0,complete
control_167bb7c958bf2d,2018,2,complete
control_167bb7c958bf2d,2019,1,complete
control_167bb7c958bf2d,2020,4,complete
control_167bb7c958bf2d,2021,19,complete
control_167bb7c958bf2d,2022,12,complete
control_167bb7c958bf2d,2023,12,complete
control_167bb7c958bf2d,2024,5,complete
control_167bb7c958bf2d,2025,16,complete
control_16806b04b59199,2017,0,complete
control_16806b04b59199,2018,4,complete
control_16806b04b59199,2019,4,complete
control_16806b04b59199,2020,9,complete
control_16806b04b59199,2021,8,complete
control_16806b04b59199,2022,12,complete
control_16806b04b59199,2023,15,complete
control_16806b04b59199,2024,10,complete
control_16806b04b59199,2025,8,complete
control_16c2287aa1478c,2017,1,complete
control_16c2287aa1478c,2018,2,complete
control_16c2287aa1478c,2019,1,complete
control_16c2287aa1478c,2020,2,complete
control_16c2287aa1478c,2021,3,complete
control_16c2287aa1478c,2022,2,complete
control_16c2287aa1478c,2023,1,complete
control_16c2287aa1478c,2024,0,complete
control_16c2287aa1478c,2025,1,complete
control_1728d41df2dc90,2017,0,complete
control_1728d41df2dc90,2018,4,complete
control_1728d41df2dc90,2019,3,complete
control_1728d41df2dc90,2020,5,complete
control_1728d41df2dc90,2021,1,complete
control_1728d41df2dc90,2022,3,complete
control_1728d41df2dc90,2023,4,complete
control_1728d41df2dc90,2024,2,complete
control_1728d41df2dc90,2025,1,complete
control_17663bc73cbc21,2017,4,complete
control_17663bc73cbc21,2018,6,complete
control_17663bc73cbc21,2019,8,complete
control_17663bc73cbc21,2020,16,complete
control_17663bc73cbc21,2021,15,complete
control_17663bc73cbc21,2022,11,complete
control_17663bc73cbc21,2023,20,complete
control_17663bc73cbc21,2024,23,complete
control_17663bc73cbc21,2025,11,complete
control_17714869d754ca,2017,10,complete
control_17714869d754ca,2018,8,complete
control_17714869d754ca,2019,10,complete
control_17714869d754ca,2020,11,complete
control_17714869d754ca,2021,15,complete
control_17714869d754ca,2022,14,complete
control_17714869d754ca,2023,18,complete
control_17714869d754ca,2024,14,complete
control_17714869d754ca,2025,3,complete
control_17746bd6ef8503,2017,0,complete
control_17746bd6ef8503,2018,0,complete
control_17746bd6ef8503,2019,0,complete
control_17746bd6ef8503,2020,0,complete
control_17746bd6ef8503,2021,3,complete
control_17746bd6ef8503,2022,3,complete
control_17746bd6ef8503,2023,3,complete
control_17746bd6ef8503,2024,2,complete
control_17746bd6ef8503,2025,2,complete
control_1783c2843fad43,2017,0,complete
control_1783c2843fad43,2018,0,complete
control_1783c2843fad43,2019,1,complete
control_1783c2843fad43,2020,2,complete
control_1783c2843fad43,2021,10,complete
control_1783c2843fad43,2022,22,complete
control_1783c2843fad43,2023,38,complete
control_1783c2843fad43,2024,46,complete
control_1783c2843fad43,2025,35,complete
control_17a7dfcce19819,2017,1,complete
control_17a7dfcce19819,2018,3,complete
control_17a7dfcce19819,2019,8,complete
control_17a7dfcce19819,2020,15,complete
control_17a7dfcce19819,2021,14,complete
control_17a7dfcce19819,2022,23,complete
control_17a7dfcce19819,2023,22,complete
control_17a7dfcce19819,2024,13,complete
control_17a7dfcce19819,2025,15,complete
control_1820db733f7137,2017,0,complete
control_1820db733f7137,2018,1,complete
control_1820db733f7137,2019,1,complete
control_1820db733f7137,2020,1,complete
control_1820db733f7137,2021,2,complete
control_1820db733f7137,2022,5,complete
control_1820db733f7137,2023,17,complete
control_1820db733f7137,2024,12,complete
control_1820db733f7137,2025,40,complete
control_182bcd019ba0d7,2017,2,complete
control_182bcd019ba0d7,2018,5,complete
control_182bcd019ba0d7,2019,8,complete
control_182bcd019ba0d7,2020,26,complete
control_182bcd019ba0d7,2021,14,complete
control_182bcd019ba0d7,2022,20,complete
control_182bcd019ba0d7,2023,11,complete
control_182bcd019ba0d7,2024,20,complete
control_182bcd019ba0d7,2025,15,complete
control_1831052c68ce3f,2017,2,complete
control_1831052c68ce3f,2018,5,complete
control_1831052c68ce3f,2019,1,complete
control_1831052c68ce3f,2020,3,complete
control_1831052c68ce3f,2021,2,complete
control_1831052c68ce3f,2022,53,complete
control_1831052c68ce3f,2023,18,complete
control_1831052c68ce3f,2024,24,complete
control_1831052c68ce3f,2025,16,complete
control_183a03fb4eaf8f,2017,0,complete
control_183a03fb4eaf8f,2018,0,complete
control_183a03fb4eaf8f,2019,0,complete
control_183a03fb4eaf8f,2020,0,complete
control_183a03fb4eaf8f,2021,1,complete
control_183a03fb4eaf8f,2022,1,complete
control_183a03fb4eaf8f,2023,6,complete
control_183a03fb4eaf8f,2024,7,complete
control_183a03fb4eaf8f,2025,5,complete
control_1859d12ce7f444,2017,0,complete
control_1859d12ce7f444,2018,1,complete
control_1859d12ce7f444,2019,7,complete
control_1859d12ce7f444,2020,7,complete
control_1859d12ce7f444,2021,11,complete
control_1859d12ce7f444,2022,7,complete
control_1859d12ce7f444,2023,13,complete
control_1859d12ce7f444,2024,8,complete
control_1859d12ce7f444,2025,3,complete
control_186ca3530426bc,2017,1,complete
control_186ca3530426bc,2018,0,complete
control_186ca3530426bc,2019,0,complete
control_186ca3530426bc,2020,7,complete
control_186ca3530426bc,2021,8,complete
control_186ca3530426bc,2022,6,complete
control_186ca3530426bc,2023,9,complete
control_186ca3530426bc,2024,10,complete
control_186ca3530426bc,2025,10,complete
control_18fc68aa07de3b,2017,0,complete
control_18fc68aa07de3b,2018,0,complete
control_18fc68aa07de3b,2019,1,complete
control_18fc68aa07de3b,2020,0,complete
control_18fc68aa07de3b,2021,1,complete
control_18fc68aa07de3b,2022,1,complete
control_18fc68aa07de3b,2023,0,complete
control_18fc68aa07de3b,2024,0,complete
control_18fc68aa07de3b,2025,1,complete
control_197a72c60f934c,2017,5,complete
control_197a72c60f934c,2018,4,complete
control_197a72c60f934c,2019,14,complete
control_197a72c60f934c,2020,18,complete
control_197a72c60f934c,2021,25,complete
control_197a72c60f934c,2022,25,complete
control_197a72c60f934c,2023,23,complete
control_197a72c60f934c,2024,37,complete
control_197a72c60f934c,2025,37,complete
control_199d3cb30c9d9f,2017,0,complete
control_199d3cb30c9d9f,2018,6,complete
control_199d3cb30c9d9f,2019,11,complete
control_199d3cb30c9d9f,2020,16,complete
control_199d3cb30c9d9f,2021,26,complete
control_199d3cb30c9d9f,2022,20,complete
control_199d3cb30c9d9f,2023,14,complete
control_199d3cb30c9d9f,2024,25,complete
control_199d3cb30c9d9f,2025,17,complete
control_1a225f4d28ef9c,2017,3,complete
control_1a225f4d28ef9c,2018,7,complete
control_1a225f4d28ef9c,2019,4,complete
control_1a225f4d28ef9c,2020,17,complete
control_1a225f4d28ef9c,2021,29,complete
control_1a225f4d28ef9c,2022,45,complete
control_1a225f4d28ef9c,2023,40,complete
control_1a225f4d28ef9c,2024,49,complete
control_1a225f4d28ef9c,2025,63,complete
control_1a2693f37eb29d,2017,0,complete
control_1a2693f37eb29d,2018,12,complete
control_1a2693f37eb29d,2019,16,complete
control_1a2693f37eb29d,2020,50,complete
control_1a2693f37eb29d,2021,78,complete
control_1a2693f37eb29d,2022,82,complete
control_1a2693f37eb29d,2023,83,complete
control_1a2693f37eb29d,2024,74,complete
control_1a2693f37eb29d,2025,97,complete
control_1a507a0377e0c8,2017,4,complete
control_1a507a0377e0c8,2018,6,complete
control_1a507a0377e0c8,2019,21,complete
control_1a507a0377e0c8,2020,78,complete
control_1a507a0377e0c8,2021,86,complete
control_1a507a0377e0c8,2022,62,complete
control_1a507a0377e0c8,2023,106,complete
control_1a507a0377e0c8,2024,77,complete
control_1a507a0377e0c8,2025,106,complete
control_1a67c6de9824b0,2017,0,complete
control_1a67c6de9824b0,2018,0,complete
control_1a67c6de9824b0,2019,0,complete
control_1a67c6de9824b0,2020,0,complete
control_1a67c6de9824b0,2021,0,complete
control_1a67c6de9824b0,2022,7,complete
control_1a67c6de9824b0,2023,1,complete
control_1a67c6de9824b0,2024,2,complete
control_1a67c6de9824b0,2025,1,complete
control_1ad15ee4f75bb7,2017,1,complete
control_1ad15ee4f75bb7,2018,6,complete
control_1ad15ee4f75bb7,2019,5,complete
control_1ad15ee4f75bb7,2020,9,complete
control_1ad15ee4f75bb7,2021,4,complete
control_1ad15ee4f75bb7,2022,8,complete
control_1ad15ee4f75bb7,2023,6,complete
control_1ad15ee4f75bb7,2024,4,complete
control_1ad15ee4f75bb7,2025,4,complete
control_1b178c9dd1948a,2017,2,complete
control_1b178c9dd1948a,2018,0,complete
control_1b178c9dd1948a,2019,5,complete
control_1b178c9dd1948a,2020,10,complete
control_1b178c9dd1948a,2021,18,complete
control_1b178c9dd1948a,2022,19,complete
control_1b178c9dd1948a,2023,26,complete
control_1b178c9dd1948a,2024,32,complete
control_1b178c9dd1948a,2025,31,complete
control_1b284d63b9aa0a,2017,0,complete
control_1b284d63b9aa0a,2018,0,complete
control_1b284d63b9aa0a,2019,3,complete
control_1b284d63b9aa0a,2020,6,complete
control_1b284d63b9aa0a,2021,18,complete
control_1b284d63b9aa0a,2022,18,complete
control_1b284d63b9aa0a,2023,30,complete
control_1b284d63b9aa0a,2024,24,complete
control_1b284d63b9aa0a,2025,24,complete
control_1b62a41b083c7a,2017,2,complete
control_1b62a41b083c7a,2018,2,complete
control_1b62a41b083c7a,2019,11,complete
control_1b62a41b083c7a,2020,21,complete
control_1b62a41b083c7a,2021,34,complete
control_1b62a41b083c7a,2022,31,complete
control_1b62a41b083c7a,2023,43,complete
control_1b62a41b083c7a,2024,43,complete
control_1b62a41b083c7a,2025,41,complete
control_1b70951011e006,2017,1,complete
control_1b70951011e006,2018,4,complete
control_1b70951011e006,2019,16,complete
control_1b70951011e006,2020,23,complete
control_1b70951011e006,2021,54,complete
control_1b70951011e006,2022,63,complete
control_1b70951011e006,2023,73,complete
control_1b70951011e006,2024,69,complete
control_1b70951011e006,2025,72,complete
control_1b94225d974a6b,2017,0,complete
control_1b94225d974a6b,2018,1,complete
control_1b94225d974a6b,2019,1,complete
control_1b94225d974a6b,2020,0,complete
control_1b94225d974a6b,2021,0,complete
control_1b94225d974a6b,2022,0,complete
control_1b94225d974a6b,2023,0,complete
control_1b94225d974a6b,2024,0,complete
control_1b94225d974a6b,2025,1,complete
control_1bd40a130ecb60,2017,0,complete
control_1bd40a130ecb60,2018,4,complete
control_1bd40a130ecb60,2019,7,complete
control_1bd40a130ecb60,2020,7,complete
control_1bd40a130ecb60,2021,22,complete
control_1bd40a130ecb60,2022,15,complete
control_1bd40a130ecb60,2023,14,complete
control_1bd40a130ecb60,2024,16,complete
control_1bd40a130ecb60,2025,15,complete
control_1be53cbe39de48,2017,2,complete
control_1be53cbe39de48,2018,2,complete
control_1be53cbe39de48,2019,2,complete
control_1be53cbe39de48,2020,1,complete
control_1be53cbe39de48,2021,4,complete
control_1be53cbe39de48,2022,6,complete
control_1be53cbe39de48,2023,6,complete
control_1be53cbe39de48,2024,8,complete
control_1be53cbe39de48,2025,7,complete
control_1c6f835de852e1,2017,1,complete
control_1c6f835de852e1,2018,0,complete
control_1c6f835de852e1,2019,0,complete
control_1c6f835de852e1,2020,0,complete
control_1c6f835de852e1,2021,2,complete
control_1c6f835de852e1,2022,3,complete
control_1c6f835de852e1,2023,7,complete
control_1c6f835de852e1,2024,10,complete
control_1c6f835de852e1,2025,8,complete
control_1c72e8c2189c23,2017,3,complete
control_1c72e8c2189c23,2018,2,complete
control_1c72e8c2189c23,2019,4,complete
control_1c72e8c2189c23,2020,1,complete
control_1c72e8c2189c23,2021,5,complete
control_1c72e8c2189c23,2022,5,complete
control_1c72e8c2189c23,2023,10,complete
control_1c72e8c2189c23,2024,1,complete
control_1c72e8c2189c23,2025,6,complete
control_1ce99598291f10,2017,3,complete
control_1ce99598291f10,2018,3,complete
control_1ce99598291f10,2019,1,complete
control_1ce99598291f10,2020,5,complete
control_1ce99598291f10,2021,4,complete
control_1ce99598291f10,2022,0,complete
control_1ce99598291f10,2023,4,complete
control_1ce99598291f10,2024,3,complete
control_1ce99598291f10,2025,1,complete
control_1d5aa4748447f3,2017,0,complete
control_1d5aa4748447f3,2018,1,complete
control_1d5aa4748447f3,2019,1,complete
control_1d5aa4748447f3,2020,2,complete
control_1d5aa4748447f3,2021,6,complete
control_1d5aa4748447f3,2022,9,complete
control_1d5aa4748447f3,2023,5,complete
control_1d5aa4748447f3,2024,10,complete
control_1d5aa4748447f3,2025,6,complete
control_1d5c942b817d75,2017,1,complete
control_1d5c942b817d75,2018,0,complete
control_1d5c942b817d75,2019,1,complete
control_1d5c942b817d75,2020,1,complete
control_1d5c942b817d75,2021,7,complete
control_1d5c942b817d75,2022,4,complete
control_1d5c942b817d75,2023,12,complete
control_1d5c942b817d75,2024,6,complete
control_1d5c942b817d75,2025,9,complete
control_1dc8c75afec3c1,2017,0,complete
control_1dc8c75afec3c1,2018,1,complete
control_1dc8c75afec3c1,2019,1,complete
control_1dc8c75afec3c1,2020,9,complete
control_1dc8c75afec3c1,2021,10,complete
control_1dc8c75afec3c1,2022,12,complete
control_1dc8c75afec3c1,2023,8,complete
control_1dc8c75afec3c1,2024,8,complete
control_1dc8c75afec3c1,2025,9,complete
control_1dcc75fb6fd79e,2017,12,complete
control_1dcc75fb6fd79e,2018,10,complete
control_1dcc75fb6fd79e,2019,10,complete
control_1dcc75fb6fd79e,2020,10,complete
control_1dcc75fb6fd79e,2021,8,complete
control_1dcc75fb6fd79e,2022,8,complete
control_1dcc75fb6fd79e,2023,10,complete
control_1dcc75fb6fd79e,2024,5,complete
control_1dcc75fb6fd79e,2025,5,complete
control_1e686028b7c37c,2017,0,complete
control_1e686028b7c37c,2018,0,complete
control_1e686028b7c37c,2019,1,complete
control_1e686028b7c37c,2020,1,complete
control_1e686028b7c37c,2021,3,complete
control_1e686028b7c37c,2022,3,complete
control_1e686028b7c37c,2023,4,complete
control_1e686028b7c37c,2024,7,complete
control_1e686028b7c37c,2025,3,complete
control_1ee550cda7c1d2,2017,4,complete
control_1ee550cda7c1d2,2018,7,complete
control_1ee550cda7c1d2,2019,13,complete
control_1ee550cda7c1d2,2020,17,complete
control_1ee550cda7c1d2,2021,26,complete
control_1ee550cda7c1d2,2022,35,complete
control_1ee550cda7c1d2,2023,31,complete
control_1ee550cda7c1d2,2024,29,complete
control_1ee550cda7c1d2,2025,26,complete
control_1f02433d216f2f,2017,3,complete
control_1f02433d216f2f,2018,1,complete
control_1f02433d216f2f,2019,3,complete
control_1f02433d216f2f,2020,3,complete
control_1f02433d216f2f,2021,4,complete
control_1f02433d216f2f,2022,3,complete
control_1f02433d216f2f,2023,38,complete
control_1f02433d216f2f,2024,8,complete
control_1f02433d216f2f,2025,3,complete
control_1f8ac271552596,2017,1,complete
control_1f8ac271552596,2018,0,complete
control_1f8ac271552596,2019,1,complete
control_1f8ac271552596,2020,3,complete
control_1f8ac271552596,2021,6,complete
control_1f8ac271552596,2022,6,complete
control_1f8ac271552596,2023,10,complete
control_1f8ac271552596,2024,13,complete
control_1f8ac271552596,2025,14,complete
control_1ff1fd62df7892,2017,11,complete
control_1ff1fd62df7892,2018,9,complete
control_1ff1fd62df7892,2019,6,complete
control_1ff1fd62df7892,2020,5,complete
control_1ff1fd62df7892,2021,7,complete
control_1ff1fd62df7892,2022,1,complete
control_1ff1fd62df7892,2023,5,complete
control_1ff1fd62df7892,2024,3,complete
control_1ff1fd62df7892,2025,4,complete
control_20ef8495387442,2017,0,complete
control_20ef8495387442,2018,0,complete
control_20ef8495387442,2019,0,complete
control_20ef8495387442,2020,3,complete
control_20ef8495387442,2021,0,complete
control_20ef8495387442,2022,4,complete
control_20ef8495387442,2023,13,complete
control_20ef8495387442,2024,14,complete
control_20ef8495387442,2025,16,complete
control_210817ac4d5efa,2017,0,complete
control_210817ac4d5efa,2018,0,complete
control_210817ac4d5efa,2019,3,complete
control_210817ac4d5efa,2020,3,complete
control_210817ac4d5efa,2021,6,complete
control_210817ac4d5efa,2022,15,complete
control_210817ac4d5efa,2023,19,complete
control_210817ac4d5efa,2024,27,complete
control_210817ac4d5efa,2025,22,complete
control_21470a70e2f339,2017,5,complete
control_21470a70e2f339,2018,3,complete
control_21470a70e2f339,2019,7,complete
control_21470a70e2f339,2020,34,complete
control_21470a70e2f339,2021,35,complete
control_21470a70e2f339,2022,24,complete
control_21470a70e2f339,2023,33,complete
control_21470a70e2f339,2024,32,complete
control_21470a70e2f339,2025,24,complete
control_21a0ce8ecf69f4,2017,1,complete
control_21a0ce8ecf69f4,2018,2,complete
control_21a0ce8ecf69f4,2019,9,complete
control_21a0ce8ecf69f4,2020,27,complete
control_21a0ce8ecf69f4,2021,51,complete
control_21a0ce8ecf69f4,2022,84,complete
control_21a0ce8ecf69f4,2023,76,complete
control_21a0ce8ecf69f4,2024,114,complete
control_21a0ce8ecf69f4,2025,109,complete
control_2207684513f2be,2017,40,complete
control_2207684513f2be,2018,56,complete
control_2207684513f2be,2019,68,complete
control_2207684513f2be,2020,94,complete
control_2207684513f2be,2021,93,complete
control_2207684513f2be,2022,166,complete
control_2207684513f2be,2023,204,complete
control_2207684513f2be,2024,234,complete
control_2207684513f2be,2025,252,complete
control_220cb229a49d06,2017,0,complete
control_220cb229a49d06,2018,1,complete
control_220cb229a49d06,2019,2,complete
control_220cb229a49d06,2020,13,complete
control_220cb229a49d06,2021,38,complete
control_220cb229a49d06,2022,53,complete
control_220cb229a49d06,2023,54,complete
control_220cb229a49d06,2024,51,complete
control_220cb229a49d06,2025,49,complete
control_221278fd92a2b7,2017,1,complete
control_221278fd92a2b7,2018,5,complete
control_221278fd92a2b7,2019,3,complete
control_221278fd92a2b7,2020,15,complete
control_221278fd92a2b7,2021,18,complete
control_221278fd92a2b7,2022,15,complete
control_221278fd92a2b7,2023,23,complete
control_221278fd92a2b7,2024,20,complete
control_221278fd92a2b7,2025,15,complete
control_224c9653260507,2017,0,complete
control_224c9653260507,2018,0,complete
control_224c9653260507,2019,0,complete
control_224c9653260507,2020,1,complete
control_224c9653260507,2021,10,complete
control_224c9653260507,2022,19,complete
control_224c9653260507,2023,18,complete
control_224c9653260507,2024,32,complete
control_224c9653260507,2025,29,complete
control_2294cb518d3673,2017,0,complete
control_2294cb518d3673,2018,0,complete
control_2294cb518d3673,2019,1,complete
control_2294cb518d3673,2020,3,complete
control_2294cb518d3673,2021,4,complete
control_2294cb518d3673,2022,2,complete
control_2294cb518d3673,2023,3,complete
control_2294cb518d3673,2024,3,complete
control_2294cb518d3673,2025,3,complete
control_2308b46ef7b996,2017,2,complete
control_2308b46ef7b996,2018,4,complete
control_2308b46ef7b996,2019,2,complete
control_2308b46ef7b996,2020,6,complete
control_2308b46ef7b996,2021,3,complete
control_2308b46ef7b996,2022,5,complete
control_2308b46ef7b996,2023,4,complete
control_2308b46ef7b996,2024,3,complete
control_2308b46ef7b996,2025,5,complete
control_230b743084a420,2017,0,complete
control_230b743084a420,2018,1,complete
control_230b743084a420,2019,1,complete
control_230b743084a420,2020,3,complete
control_230b743084a420,2021,3,complete
control_230b743084a420,2022,2,complete
control_230b743084a420,2023,3,complete
control_230b743084a420,2024,1,complete
control_230b743084a420,2025,2,complete
control_241b1b2acc9585,2017,0,complete
control_241b1b2acc9585,2018,0,complete
control_241b1b2acc9585,2019,0,complete
control_241b1b2acc9585,2020,4,complete
control_241b1b2acc9585,2021,1,complete
control_241b1b2acc9585,2022,1,complete
control_241b1b2acc9585,2023,2,complete
control_241b1b2acc9585,2024,0,complete
control_241b1b2acc9585,2025,1,complete
control_24da7c498202bf,2017,1,complete
control_24da7c498202bf,2018,3,complete
control_24da7c498202bf,2019,0,complete
control_24da7c498202bf,2020,7,complete
control_24da7c498202bf,2021,7,complete
control_24da7c498202bf,2022,10,complete
control_24da7c498202bf,2023,12,complete
control_24da7c498202bf,2024,3,complete
control_24da7c498202bf,2025,6,complete
control_25193743ea1032,2017,2,complete
control_25193743ea1032,2018,6,complete
control_25193743ea1032,2019,10,complete
control_25193743ea1032,2020,12,complete
control_25193743ea1032,2021,14,complete
control_25193743ea1032,2022,12,complete
control_25193743ea1032,2023,25,complete
control_25193743ea1032,2024,16,complete
control_25193743ea1032,2025,2,complete
control_2530aa8b434a19,2017,0,complete
control_2530aa8b434a19,2018,0,complete
control_2530aa8b434a19,2019,0,complete
control_2530aa8b434a19,2020,2,complete
control_2530aa8b434a19,2021,4,complete
control_2530aa8b434a19,2022,6,complete
control_2530aa8b434a19,2023,2,complete
control_2530aa8b434a19,2024,4,complete
control_2530aa8b434a19,2025,3,complete
control_2536c116e35f30,2017,1,complete
control_2536c116e35f30,2018,1,complete
control_2536c116e35f30,2019,2,complete
control_2536c116e35f30,2020,1,complete
control_2536c116e35f30,2021,0,complete
control_2536c116e35f30,2022,0,complete
control_2536c116e35f30,2023,1,complete
control_2536c116e35f30,2024,0,complete
control_2536c116e35f30,2025,0,complete
control_25580b1b44b7f4,2017,2,complete
control_25580b1b44b7f4,2018,6,complete
control_25580b1b44b7f4,2019,6,complete
control_25580b1b44b7f4,2020,5,complete
control_25580b1b44b7f4,2021,3,complete
control_25580b1b44b7f4,2022,8,complete
control_25580b1b44b7f4,2023,2,complete
control_25580b1b44b7f4,2024,3,complete
control_25580b1b44b7f4,2025,4,complete
control_25fb763c531347,2017,0,complete
control_25fb763c531347,2018,2,complete
control_25fb763c531347,2019,6,complete
control_25fb763c531347,2020,17,complete
control_25fb763c531347,2021,20,complete
control_25fb763c531347,2022,93,complete
control_25fb763c531347,2023,185,complete
control_25fb763c531347,2024,323,complete
control_25fb763c531347,2025,464,complete
control_261f700c55a16b,2017,0,complete
control_261f700c55a16b,2018,1,complete
control_261f700c55a16b,2019,1,complete
control_261f700c55a16b,2020,1,complete
control_261f700c55a16b,2021,4,complete
control_261f700c55a16b,2022,2,complete
control_261f700c55a16b,2023,4,complete
control_261f700c55a16b,2024,0,complete
control_261f700c55a16b,2025,3,complete
control_2638c55ce87751,2017,0,complete
control_2638c55ce87751,2018,1,complete
control_2638c55ce87751,2019,2,complete
control_2638c55ce87751,2020,0,complete
control_2638c55ce87751,2021,4,complete
control_2638c55ce87751,2022,8,complete
control_2638c55ce87751,2023,21,complete
control_2638c55ce87751,2024,13,complete
control_2638c55ce87751,2025,9,complete
control_26628a858b2711,2017,1,complete
control_26628a858b2711,2018,3,complete
control_26628a858b2711,2019,2,complete
control_26628a858b2711,2020,13,complete
control_26628a858b2711,2021,19,complete
control_26628a858b2711,2022,21,complete
control_26628a858b2711,2023,18,complete
control_26628a858b2711,2024,23,complete
control_26628a858b2711,2025,15,complete
control_2666a7a5b985f0,2017,0,complete
control_2666a7a5b985f0,2018,0,complete
control_2666a7a5b985f0,2019,0,complete
control_2666a7a5b985f0,2020,2,complete
control_2666a7a5b985f0,2021,0,complete
control_2666a7a5b985f0,2022,3,complete
control_2666a7a5b985f0,2023,10,complete
control_2666a7a5b985f0,2024,1,complete
control_2666a7a5b985f0,2025,1,complete
control_266b067bb88fc7,2017,1,complete
control_266b067bb88fc7,2018,1,complete
control_266b067bb88fc7,2019,5,complete
control_266b067bb88fc7,2020,12,complete
control_266b067bb88fc7,2021,13,complete
control_266b067bb88fc7,2022,17,complete
control_266b067bb88fc7,2023,15,complete
control_266b067bb88fc7,2024,19,complete
control_266b067bb88fc7,2025,24,complete
control_26b7f7f59e173e,2017,3,complete
control_26b7f7f59e173e,2018,7,complete
control_26b7f7f59e173e,2019,3,complete
control_26b7f7f59e173e,2020,3,complete
control_26b7f7f59e173e,2021,4,complete
control_26b7f7f59e173e,2022,8,complete
control_26b7f7f59e173e,2023,7,complete
control_26b7f7f59e173e,2024,5,complete
control_26b7f7f59e173e,2025,4,complete
control_26d888335499a0,2017,163,complete
control_26d888335499a0,2018,63,complete
control_26d888335499a0,2019,58,complete
control_26d888335499a0,2020,95,complete
control_26d888335499a0,2021,193,complete
control_26d888335499a0,2022,98,complete
control_26d888335499a0,2023,78,complete
control_26d888335499a0,2024,67,complete
control_26d888335499a0,2025,56,complete
control_270b2da474b448,2017,3,complete
control_270b2da474b448,2018,4,complete
control_270b2da474b448,2019,7,complete
control_270b2da474b448,2020,22,complete
control_270b2da474b448,2021,27,complete
control_270b2da474b448,2022,22,complete
control_270b2da474b448,2023,17,complete
control_270b2da474b448,2024,35,complete
control_270b2da474b448,2025,33,complete
control_27520295f65aae,2017,1,complete
control_27520295f65aae,2018,8,complete
control_27520295f65aae,2019,5,complete
control_27520295f65aae,2020,13,complete
control_27520295f65aae,2021,15,complete
control_27520295f65aae,2022,22,complete
control_27520295f65aae,2023,14,complete
control_27520295f65aae,2024,14,complete
control_27520295f65aae,2025,10,complete
control_27565903e80bae,2017,0,complete
control_27565903e80bae,2018,1,complete
control_27565903e80bae,2019,0,complete
control_27565903e80bae,2020,0,complete
control_27565903e80bae,2021,0,complete
control_27565903e80bae,2022,0,complete
control_27565903e80bae,2023,0,complete
control_27565903e80bae,2024,0,complete
control_27565903e80bae,2025,0,complete
control_2777362303a18d,2017,5,complete
control_2777362303a18d,2018,3,complete
control_2777362303a18d,2019,0,complete
control_2777362303a18d,2020,1,complete
control_2777362303a18d,2021,0,complete
control_2777362303a18d,2022,0,complete
control_2777362303a18d,2023,0,complete
control_2777362303a18d,2024,0,complete
control_2777362303a18d,2025,0,complete
control_2799a79f236c84,2017,1,complete
control_2799a79f236c84,2018,3,complete
control_2799a79f236c84,2019,10,complete
control_2799a79f236c84,2020,53,complete
control_2799a79f236c84,2021,101,complete
control_2799a79f236c84,2022,165,complete
control_2799a79f236c84,2023,111,complete
control_2799a79f236c84,2024,99,complete
control_2799a79f236c84,2025,101,complete
control_27fabe81bf5c0a,2017,2,complete
control_27fabe81bf5c0a,2018,0,complete
control_27fabe81bf5c0a,2019,1,complete
control_27fabe81bf5c0a,2020,2,complete
control_27fabe81bf5c0a,2021,7,complete
control_27fabe81bf5c0a,2022,3,complete
control_27fabe81bf5c0a,2023,0,complete
control_27fabe81bf5c0a,2024,12,complete
control_27fabe81bf5c0a,2025,7,complete
control_2835e30b8fd4d9,2017,0,complete
control_2835e30b8fd4d9,2018,3,complete
control_2835e30b8fd4d9,2019,3,complete
control_2835e30b8fd4d9,2020,1,complete
control_2835e30b8fd4d9,2021,0,complete
control_2835e30b8fd4d9,2022,2,complete
control_2835e30b8fd4d9,2023,1,complete
control_2835e30b8fd4d9,2024,3,complete
control_2835e30b8fd4d9,2025,1,complete
control_28716b5060945b,2017,0,complete
control_28716b5060945b,2018,1,complete
control_28716b5060945b,2019,0,complete
control_28716b5060945b,2020,0,complete
control_28716b5060945b,2021,0,complete
control_28716b5060945b,2022,2,complete
control_28716b5060945b,2023,0,complete
control_28716b5060945b,2024,1,complete
control_28716b5060945b,2025,2,complete
control_2895c9d37d56bd,2017,0,complete
control_2895c9d37d56bd,2018,0,complete
control_2895c9d37d56bd,2019,0,complete
control_2895c9d37d56bd,2020,4,complete
control_2895c9d37d56bd,2021,10,complete
control_2895c9d37d56bd,2022,23,complete
control_2895c9d37d56bd,2023,28,complete
control_2895c9d37d56bd,2024,45,complete
control_2895c9d37d56bd,2025,37,complete
control_289a90b21e1b68,2017,5,complete
control_289a90b21e1b68,2018,9,complete
control_289a90b21e1b68,2019,6,complete
control_289a90b21e1b68,2020,10,complete
control_289a90b21e1b68,2021,7,complete
control_289a90b21e1b68,2022,8,complete
control_289a90b21e1b68,2023,5,complete
control_289a90b21e1b68,2024,8,complete
control_289a90b21e1b68,2025,8,complete
control_28d348539b03b3,2017,5,complete
control_28d348539b03b3,2018,5,complete
control_28d348539b03b3,2019,7,complete
control_28d348539b03b3,2020,30,complete
control_28d348539b03b3,2021,16,complete
control_28d348539b03b3,2022,9,complete
control_28d348539b03b3,2023,6,complete
control_28d348539b03b3,2024,11,complete
control_28d348539b03b3,2025,7,complete
control_295277154503e7,2017,10,complete
control_295277154503e7,2018,15,complete
control_295277154503e7,2019,7,complete
control_295277154503e7,2020,9,complete
control_295277154503e7,2021,15,complete
control_295277154503e7,2022,9,complete
control_295277154503e7,2023,14,complete
control_295277154503e7,2024,10,complete
control_295277154503e7,2025,7,complete
control_296421bc4929ff,2017,0,complete
control_296421bc4929ff,2018,0,complete
control_296421bc4929ff,2019,1,complete
control_296421bc4929ff,2020,0,complete
control_296421bc4929ff,2021,2,complete
control_296421bc4929ff,2022,0,complete
control_296421bc4929ff,2023,0,complete
control_296421bc4929ff,2024,0,complete
control_296421bc4929ff,2025,0,complete
control_2a3eff994c7ea5,2017,15,complete
control_2a3eff994c7ea5,2018,10,complete
control_2a3eff994c7ea5,2019,16,complete
control_2a3eff994c7ea5,2020,7,complete
control_2a3eff994c7ea5,2021,9,complete
control_2a3eff994c7ea5,2022,12,complete
control_2a3eff994c7ea5,2023,10,complete
control_2a3eff994c7ea5,2024,4,complete
control_2a3eff994c7ea5,2025,4,complete
control_2a56aae663bfda,2017,0,complete
control_2a56aae663bfda,2018,0,complete
control_2a56aae663bfda,2019,1,complete
control_2a56aae663bfda,2020,2,complete
control_2a56aae663bfda,2021,3,complete
control_2a56aae663bfda,2022,2,complete
control_2a56aae663bfda,2023,3,complete
control_2a56aae663bfda,2024,2,complete
control_2a56aae663bfda,2025,7,complete
control_2a7e6dd985227c,2017,0,complete
control_2a7e6dd985227c,2018,0,complete
control_2a7e6dd985227c,2019,0,complete
control_2a7e6dd985227c,2020,0,complete
control_2a7e6dd985227c,2021,0,complete
control_2a7e6dd985227c,2022,1,complete
control_2a7e6dd985227c,2023,0,complete
control_2a7e6dd985227c,2024,1,complete
control_2a7e6dd985227c,2025,0,complete
control_2a8d64f2cd87e0,2017,1,complete
control_2a8d64f2cd87e0,2018,0,complete
control_2a8d64f2cd87e0,2019,14,complete
control_2a8d64f2cd87e0,2020,22,complete
control_2a8d64f2cd87e0,2021,42,complete
control_2a8d64f2cd87e0,2022,51,complete
control_2a8d64f2cd87e0,2023,49,complete
control_2a8d64f2cd87e0,2024,49,complete
control_2a8d64f2cd87e0,2025,67,complete
control_2aa2ae1c7e7d31,2017,1,complete
control_2aa2ae1c7e7d31,2018,4,complete
control_2aa2ae1c7e7d31,2019,3,complete
control_2aa2ae1c7e7d31,2020,26,complete
control_2aa2ae1c7e7d31,2021,33,complete
control_2aa2ae1c7e7d31,2022,28,complete
control_2aa2ae1c7e7d31,2023,22,complete
control_2aa2ae1c7e7d31,2024,12,complete
control_2aa2ae1c7e7d31,2025,15,complete
control_2ad95ba52fe1dd,2017,3,complete
control_2ad95ba52fe1dd,2018,5,complete
control_2ad95ba52fe1dd,2019,25,complete
control_2ad95ba52fe1dd,2020,41,complete
control_2ad95ba52fe1dd,2021,47,complete
control_2ad95ba52fe1dd,2022,74,complete
control_2ad95ba52fe1dd,2023,54,complete
control_2ad95ba52fe1dd,2024,65,complete
control_2ad95ba52fe1dd,2025,54,complete
control_2b011a3080cb88,2017,0,complete
control_2b011a3080cb88,2018,0,complete
control_2b011a3080cb88,2019,1,complete
control_2b011a3080cb88,2020,5,complete
control_2b011a3080cb88,2021,10,complete
control_2b011a3080cb88,2022,15,complete
control_2b011a3080cb88,2023,13,complete
control_2b011a3080cb88,2024,9,complete
control_2b011a3080cb88,2025,16,complete
control_2b11a4970e7e3b,2017,0,complete
control_2b11a4970e7e3b,2018,2,complete
control_2b11a4970e7e3b,2019,2,complete
control_2b11a4970e7e3b,2020,5,complete
control_2b11a4970e7e3b,2021,7,complete
control_2b11a4970e7e3b,2022,7,complete
control_2b11a4970e7e3b,2023,12,complete
control_2b11a4970e7e3b,2024,16,complete
control_2b11a4970e7e3b,2025,18,complete
control_2b8e39bbbf356c,2017,3,complete
control_2b8e39bbbf356c,2018,4,complete
control_2b8e39bbbf356c,2019,4,complete
control_2b8e39bbbf356c,2020,4,complete
control_2b8e39bbbf356c,2021,8,complete
control_2b8e39bbbf356c,2022,7,complete
control_2b8e39bbbf356c,2023,8,complete
control_2b8e39bbbf356c,2024,3,complete
control_2b8e39bbbf356c,2025,2,complete
control_2ba16102a2c038,2017,1,complete
control_2ba16102a2c038,2018,0,complete
control_2ba16102a2c038,2019,1,complete
control_2ba16102a2c038,2020,2,complete
control_2ba16102a2c038,2021,0,complete
control_2ba16102a2c038,2022,1,complete
control_2ba16102a2c038,2023,1,complete
control_2ba16102a2c038,2024,1,complete
control_2ba16102a2c038,2025,2,complete
control_2bb7c170f8bb5a,2017,0,complete
control_2bb7c170f8bb5a,2018,1,complete
control_2bb7c170f8bb5a,2019,0,complete
control_2bb7c170f8bb5a,2020,0,complete
control_2bb7c170f8bb5a,2021,2,complete
control_2bb7c170f8bb5a,2022,0,complete
control_2bb7c170f8bb5a,2023,1,complete
control_2bb7c170f8bb5a,2024,3,complete
control_2bb7c170f8bb5a,2025,3,complete
control_2c35191515b78b,2017,5,complete
control_2c35191515b78b,2018,5,complete
control_2c35191515b78b,2019,6,complete
control_2c35191515b78b,2020,8,complete
control_2c35191515b78b,2021,8,complete
control_2c35191515b78b,2022,6,complete
control_2c35191515b78b,2023,9,complete
control_2c35191515b78b,2024,9,complete
control_2c35191515b78b,2025,7,complete
control_2c746eaf8a2d02,2017,0,complete
control_2c746eaf8a2d02,2018,0,complete
control_2c746eaf8a2d02,2019,1,complete
control_2c746eaf8a2d02,2020,0,complete
control_2c746eaf8a2d02,2021,0,complete
control_2c746eaf8a2d02,2022,2,complete
control_2c746eaf8a2d02,2023,0,complete
control_2c746eaf8a2d02,2024,4,complete
control_2c746eaf8a2d02,2025,1,complete
control_2c7e191fea1589,2017,1,complete
control_2c7e191fea1589,2018,0,complete
control_2c7e191fea1589,2019,1,complete
control_2c7e191fea1589,2020,2,complete
control_2c7e191fea1589,2021,0,complete
control_2c7e191fea1589,2022,2,complete
control_2c7e191fea1589,2023,1,complete
control_2c7e191fea1589,2024,3,complete
control_2c7e191fea1589,2025,2,complete
control_2c7fe1deb2c391,2017,12,complete
control_2c7fe1deb2c391,2018,7,complete
control_2c7fe1deb2c391,2019,9,complete
control_2c7fe1deb2c391,2020,10,complete
control_2c7fe1deb2c391,2021,13,complete
control_2c7fe1deb2c391,2022,7,complete
control_2c7fe1deb2c391,2023,5,complete
control_2c7fe1deb2c391,2024,4,complete
control_2c7fe1deb2c391,2025,5,complete
control_2d780858c56946,2017,2,complete
control_2d780858c56946,2018,2,complete
control_2d780858c56946,2019,0,complete
control_2d780858c56946,2020,5,complete
control_2d780858c56946,2021,5,complete
control_2d780858c56946,2022,4,complete
control_2d780858c56946,2023,9,complete
control_2d780858c56946,2024,2,complete
control_2d780858c56946,2025,4,complete
control_2e4901925314c0,2017,0,complete
control_2e4901925314c0,2018,0,complete
control_2e4901925314c0,2019,1,complete
control_2e4901925314c0,2020,7,complete
control_2e4901925314c0,2021,22,complete
control_2e4901925314c0,2022,18,complete
control_2e4901925314c0,2023,19,complete
control_2e4901925314c0,2024,38,complete
control_2e4901925314c0,2025,39,complete
control_2eba3a9c505e7f,2017,2,complete
control_2eba3a9c505e7f,2018,10,complete
control_2eba3a9c505e7f,2019,13,complete
control_2eba3a9c505e7f,2020,49,complete
control_2eba3a9c505e7f,2021,105,complete
control_2eba3a9c505e7f,2022,93,complete
control_2eba3a9c505e7f,2023,161,complete
control_2eba3a9c505e7f,2024,153,complete
control_2eba3a9c505e7f,2025,118,complete
control_2f2476764b314b,2017,64,complete
control_2f2476764b314b,2018,69,complete
control_2f2476764b314b,2019,67,complete
control_2f2476764b314b,2020,85,complete
control_2f2476764b314b,2021,75,complete
control_2f2476764b314b,2022,70,complete
control_2f2476764b314b,2023,79,complete
control_2f2476764b314b,2024,75,complete
control_2f2476764b314b,2025,67,complete
control_2f74ca2b375f9f,2017,8,complete
control_2f74ca2b375f9f,2018,6,complete
control_2f74ca2b375f9f,2019,7,complete
control_2f74ca2b375f9f,2020,9,complete
control_2f74ca2b375f9f,2021,10,complete
control_2f74ca2b375f9f,2022,10,complete
control_2f74ca2b375f9f,2023,23,complete
control_2f74ca2b375f9f,2024,6,complete
control_2f74ca2b375f9f,2025,9,complete
control_2f88b27addb1d5,2017,5,complete
control_2f88b27addb1d5,2018,2,complete
control_2f88b27addb1d5,2019,3,complete
control_2f88b27addb1d5,2020,3,complete
control_2f88b27addb1d5,2021,3,complete
control_2f88b27addb1d5,2022,2,complete
control_2f88b27addb1d5,2023,2,complete
control_2f88b27addb1d5,2024,2,complete
control_2f88b27addb1d5,2025,5,complete
control_3030aa84f8df73,2017,0,complete
control_3030aa84f8df73,2018,0,complete
control_3030aa84f8df73,2019,0,complete
control_3030aa84f8df73,2020,0,complete
control_3030aa84f8df73,2021,0,complete
control_3030aa84f8df73,2022,0,complete
control_3030aa84f8df73,2023,0,complete
control_3030aa84f8df73,2024,0,complete
control_3030aa84f8df73,2025,0,complete
control_3089cd1aaa5bff,2017,5,complete
control_3089cd1aaa5bff,2018,2,complete
control_3089cd1aaa5bff,2019,12,complete
control_3089cd1aaa5bff,2020,10,complete
control_3089cd1aaa5bff,2021,15,complete
control_3089cd1aaa5bff,2022,7,complete
control_3089cd1aaa5bff,2023,13,complete
control_3089cd1aaa5bff,2024,11,complete
control_3089cd1aaa5bff,2025,10,complete
control_308f8fb6e9ec15,2017,17,complete
control_308f8fb6e9ec15,2018,17,complete
control_308f8fb6e9ec15,2019,17,complete
control_308f8fb6e9ec15,2020,22,complete
control_308f8fb6e9ec15,2021,24,complete
control_308f8fb6e9ec15,2022,15,complete
control_308f8fb6e9ec15,2023,22,complete
control_308f8fb6e9ec15,2024,20,complete
control_308f8fb6e9ec15,2025,9,complete
control_30c7ed5d0a2cdb,2017,0,complete
control_30c7ed5d0a2cdb,2018,0,complete
control_30c7ed5d0a2cdb,2019,1,complete
control_30c7ed5d0a2cdb,2020,3,complete
control_30c7ed5d0a2cdb,2021,4,complete
control_30c7ed5d0a2cdb,2022,6,complete
control_30c7ed5d0a2cdb,2023,7,complete
control_30c7ed5d0a2cdb,2024,13,complete
control_30c7ed5d0a2cdb,2025,25,complete
control_30d91825852301,2017,8,complete
control_30d91825852301,2018,8,complete
control_30d91825852301,2019,8,complete
control_30d91825852301,2020,8,complete
control_30d91825852301,2021,9,complete
control_30d91825852301,2022,4,complete
control_30d91825852301,2023,5,complete
control_30d91825852301,2024,12,complete
control_30d91825852301,2025,9,complete
control_31359ebb99160e,2017,0,complete
control_31359ebb99160e,2018,0,complete
control_31359ebb99160e,2019,2,complete
control_31359ebb99160e,2020,2,complete
control_31359ebb99160e,2021,5,complete
control_31359ebb99160e,2022,16,complete
control_31359ebb99160e,2023,51,complete
control_31359ebb99160e,2024,53,complete
control_31359ebb99160e,2025,93,complete
control_317d376d84f80e,2017,0,complete
control_317d376d84f80e,2018,1,complete
control_317d376d84f80e,2019,1,complete
control_317d376d84f80e,2020,0,complete
control_317d376d84f80e,2021,0,complete
control_317d376d84f80e,2022,1,complete
control_317d376d84f80e,2023,0,complete
control_317d376d84f80e,2024,0,complete
control_317d376d84f80e,2025,0,complete
control_31e8db4e606517,2017,0,complete
control_31e8db4e606517,2018,1,complete
control_31e8db4e606517,2019,4,complete
control_31e8db4e606517,2020,9,complete
control_31e8db4e606517,2021,18,complete
control_31e8db4e606517,2022,23,complete
control_31e8db4e606517,2023,34,complete
control_31e8db4e606517,2024,130,complete
control_31e8db4e606517,2025,50,complete
control_320abe11e3eed3,2017,0,complete
control_320abe11e3eed3,2018,4,complete
control_320abe11e3eed3,2019,0,complete
control_320abe11e3eed3,2020,4,complete
control_320abe11e3eed3,2021,4,complete
control_320abe11e3eed3,2022,11,complete
control_320abe11e3eed3,2023,6,complete
control_320abe11e3eed3,2024,6,complete
control_320abe11e3eed3,2025,9,complete
control_3234d3179b2ed8,2017,4,complete
control_3234d3179b2ed8,2018,4,complete
control_3234d3179b2ed8,2019,6,complete
control_3234d3179b2ed8,2020,4,complete
control_3234d3179b2ed8,2021,13,complete
control_3234d3179b2ed8,2022,4,complete
control_3234d3179b2ed8,2023,4,complete
control_3234d3179b2ed8,2024,5,complete
control_3234d3179b2ed8,2025,0,complete
control_324975a367578e,2017,1,complete
control_324975a367578e,2018,2,complete
control_324975a367578e,2019,3,complete
control_324975a367578e,2020,3,complete
control_324975a367578e,2021,2,complete
control_324975a367578e,2022,1,complete
control_324975a367578e,2023,2,complete
control_324975a367578e,2024,1,complete
control_324975a367578e,2025,0,complete
control_3262332744b680,2017,2,complete
control_3262332744b680,2018,7,complete
control_3262332744b680,2019,7,complete
control_3262332744b680,2020,12,complete
control_3262332744b680,2021,10,complete
control_3262332744b680,2022,15,complete
control_3262332744b680,2023,11,complete
control_3262332744b680,2024,10,complete
control_3262332744b680,2025,14,complete
control_32846f2821ad03,2017,5,complete
control_32846f2821ad03,2018,3,complete
control_32846f2821ad03,2019,5,complete
control_32846f2821ad03,2020,3,complete
control_32846f2821ad03,2021,11,complete
control_32846f2821ad03,2022,6,complete
control_32846f2821ad03,2023,5,complete
control_32846f2821ad03,2024,3,complete
control_32846f2821ad03,2025,9,complete
control_329c81894620d2,2017,5,complete
control_329c81894620d2,2018,4,complete
control_329c81894620d2,2019,12,complete
control_329c81894620d2,2020,28,complete
control_329c81894620d2,2021,29,complete
control_329c81894620d2,2022,38,complete
control_329c81894620d2,2023,44,complete
control_329c81894620d2,2024,46,complete
control_329c81894620d2,2025,50,complete
control_32ad6521e2bf5b,2017,0,complete
control_32ad6521e2bf5b,2018,1,complete
control_32ad6521e2bf5b,2019,3,complete
control_32ad6521e2bf5b,2020,4,complete
control_32ad6521e2bf5b,2021,5,complete
control_32ad6521e2bf5b,2022,6,complete
control_32ad6521e2bf5b,2023,13,complete
control_32ad6521e2bf5b,2024,5,complete
control_32ad6521e2bf5b,2025,7,complete
control_32ce38ee570c2c,2017,0,complete
control_32ce38ee570c2c,2018,0,complete
control_32ce38ee570c2c,2019,0,complete
control_32ce38ee570c2c,2020,1,complete
control_32ce38ee570c2c,2021,2,complete
control_32ce38ee570c2c,2022,8,complete
control_32ce38ee570c2c,2023,11,complete
control_32ce38ee570c2c,2024,15,complete
control_32ce38ee570c2c,2025,21,complete
control_332dc403eb3097,2017,2,complete
control_332dc403eb3097,2018,11,complete
control_332dc403eb3097,2019,13,complete
control_332dc403eb3097,2020,48,complete
control_332dc403eb3097,2021,61,complete
control_332dc403eb3097,2022,55,complete
control_332dc403eb3097,2023,63,complete
control_332dc403eb3097,2024,88,complete
control_332dc403eb3097,2025,60,complete
control_33489299cc23a4,2017,0,complete
control_33489299cc23a4,2018,0,complete
control_33489299cc23a4,2019,0,complete
control_33489299cc23a4,2020,0,complete
control_33489299cc23a4,2021,0,complete
control_33489299cc23a4,2022,1,complete
control_33489299cc23a4,2023,3,complete
control_33489299cc23a4,2024,5,complete
control_33489299cc23a4,2025,5,complete
control_33a30ae7dbf4ab,2017,9,complete
control_33a30ae7dbf4ab,2018,8,complete
control_33a30ae7dbf4ab,2019,38,complete
control_33a30ae7dbf4ab,2020,13,complete
control_33a30ae7dbf4ab,2021,23,complete
control_33a30ae7dbf4ab,2022,3,complete
control_33a30ae7dbf4ab,2023,4,complete
control_33a30ae7dbf4ab,2024,8,complete
control_33a30ae7dbf4ab,2025,6,complete
control_33b104dd6a7140,2017,0,complete
control_33b104dd6a7140,2018,6,complete
control_33b104dd6a7140,2019,3,complete
control_33b104dd6a7140,2020,13,complete
control_33b104dd6a7140,2021,30,complete
control_33b104dd6a7140,2022,25,complete
control_33b104dd6a7140,2023,33,complete
control_33b104dd6a7140,2024,41,complete
control_33b104dd6a7140,2025,50,complete
control_33c87eb97fe423,2017,2,complete
control_33c87eb97fe423,2018,2,complete
control_33c87eb97fe423,2019,5,complete
control_33c87eb97fe423,2020,5,complete
control_33c87eb97fe423,2021,9,complete
control_33c87eb97fe423,2022,5,complete
control_33c87eb97fe423,2023,4,complete
control_33c87eb97fe423,2024,8,complete
control_33c87eb97fe423,2025,4,complete
control_33e506bdc65a85,2017,10,complete
control_33e506bdc65a85,2018,10,complete
control_33e506bdc65a85,2019,7,complete
control_33e506bdc65a85,2020,2,complete
control_33e506bdc65a85,2021,6,complete
control_33e506bdc65a85,2022,2,complete
control_33e506bdc65a85,2023,4,complete
control_33e506bdc65a85,2024,0,complete
control_33e506bdc65a85,2025,5,complete
control_3477233f6529c2,2017,0,complete
control_3477233f6529c2,2018,2,complete
control_3477233f6529c2,2019,8,complete
control_3477233f6529c2,2020,9,complete
control_3477233f6529c2,2021,13,complete
control_3477233f6529c2,2022,8,complete
control_3477233f6529c2,2023,9,complete
control_3477233f6529c2,2024,25,complete
control_3477233f6529c2,2025,11,complete
control_34a742086262b8,2017,4,complete
control_34a742086262b8,2018,6,complete
control_34a742086262b8,2019,8,complete
control_34a742086262b8,2020,36,complete
control_34a742086262b8,2021,27,complete
control_34a742086262b8,2022,48,complete
control_34a742086262b8,2023,32,complete
control_34a742086262b8,2024,44,complete
control_34a742086262b8,2025,41,complete
control_34c70332805fee,2017,0,complete
control_34c70332805fee,2018,4,complete
control_34c70332805fee,2019,1,complete
control_34c70332805fee,2020,11,complete
control_34c70332805fee,2021,10,complete
control_34c70332805fee,2022,8,complete
control_34c70332805fee,2023,9,complete
control_34c70332805fee,2024,14,complete
control_34c70332805fee,2025,8,complete
control_356f10923575d0,2017,2,complete
control_356f10923575d0,2018,0,complete
control_356f10923575d0,2019,1,complete
control_356f10923575d0,2020,0,complete
control_356f10923575d0,2021,0,complete
control_356f10923575d0,2022,1,complete
control_356f10923575d0,2023,0,complete
control_356f10923575d0,2024,2,complete
control_356f10923575d0,2025,0,complete
control_3586800bab168d,2017,2,complete
control_3586800bab168d,2018,1,complete
control_3586800bab168d,2019,2,complete
control_3586800bab168d,2020,1,complete
control_3586800bab168d,2021,1,complete
control_3586800bab168d,2022,3,complete
control_3586800bab168d,2023,17,complete
control_3586800bab168d,2024,0,complete
control_3586800bab168d,2025,2,complete
control_367d1bd5838845,2017,0,complete
control_367d1bd5838845,2018,7,complete
control_367d1bd5838845,2019,1,complete
control_367d1bd5838845,2020,3,complete
control_367d1bd5838845,2021,7,complete
control_367d1bd5838845,2022,3,complete
control_367d1bd5838845,2023,1,complete
control_367d1bd5838845,2024,4,complete
control_367d1bd5838845,2025,2,complete
control_372eeeaa613e5c,2017,0,complete
control_372eeeaa613e5c,2018,0,complete
control_372eeeaa613e5c,2019,2,complete
control_372eeeaa613e5c,2020,1,complete
control_372eeeaa613e5c,2021,1,complete
control_372eeeaa613e5c,2022,14,complete
control_372eeeaa613e5c,2023,21,complete
control_372eeeaa613e5c,2024,31,complete
control_372eeeaa613e5c,2025,16,complete
control_3739bbb6215e78,2017,0,complete
control_3739bbb6215e78,2018,0,complete
control_3739bbb6215e78,2019,0,complete
control_3739bbb6215e78,2020,0,complete
control_3739bbb6215e78,2021,0,complete
control_3739bbb6215e78,2022,1,complete
control_3739bbb6215e78,2023,2,complete
control_3739bbb6215e78,2024,3,complete
control_3739bbb6215e78,2025,1,complete
control_373c97b3d2c660,2017,0,complete
control_373c97b3d2c660,2018,0,complete
control_373c97b3d2c660,2019,1,complete
control_373c97b3d2c660,2020,1,complete
control_373c97b3d2c660,2021,2,complete
control_373c97b3d2c660,2022,2,complete
control_373c97b3d2c660,2023,2,complete
control_373c97b3d2c660,2024,1,complete
control_373c97b3d2c660,2025,0,complete
control_37b7c6d0423cb7,2017,4,complete
control_37b7c6d0423cb7,2018,5,complete
control_37b7c6d0423cb7,2019,9,complete
control_37b7c6d0423cb7,2020,24,complete
control_37b7c6d0423cb7,2021,34,complete
control_37b7c6d0423cb7,2022,26,complete
control_37b7c6d0423cb7,2023,47,complete
control_37b7c6d0423cb7,2024,66,complete
control_37b7c6d0423cb7,2025,33,complete
control_37ca078c7658b1,2017,0,complete
control_37ca078c7658b1,2018,0,complete
control_37ca078c7658b1,2019,1,complete
control_37ca078c7658b1,2020,2,complete
control_37ca078c7658b1,2021,6,complete
control_37ca078c7658b1,2022,13,complete
control_37ca078c7658b1,2023,12,complete
control_37ca078c7658b1,2024,11,complete
control_37ca078c7658b1,2025,9,complete
control_37f507efc5a617,2017,0,complete
control_37f507efc5a617,2018,4,complete
control_37f507efc5a617,2019,0,complete
control_37f507efc5a617,2020,4,complete
control_37f507efc5a617,2021,4,complete
control_37f507efc5a617,2022,3,complete
control_37f507efc5a617,2023,1,complete
control_37f507efc5a617,2024,1,complete
control_37f507efc5a617,2025,5,complete
control_38c9a55652135c,2017,1,complete
control_38c9a55652135c,2018,1,complete
control_38c9a55652135c,2019,2,complete
control_38c9a55652135c,2020,0,complete
control_38c9a55652135c,2021,1,complete
control_38c9a55652135c,2022,0,complete
control_38c9a55652135c,2023,3,complete
control_38c9a55652135c,2024,0,complete
control_38c9a55652135c,2025,0,complete
control_3907bbb9334fd7,2017,0,complete
control_3907bbb9334fd7,2018,2,complete
control_3907bbb9334fd7,2019,8,complete
control_3907bbb9334fd7,2020,12,complete
control_3907bbb9334fd7,2021,28,complete
control_3907bbb9334fd7,2022,40,complete
control_3907bbb9334fd7,2023,52,complete
control_3907bbb9334fd7,2024,43,complete
control_3907bbb9334fd7,2025,77,complete
control_39925236ca3815,2017,2,complete
control_39925236ca3815,2018,1,complete
control_39925236ca3815,2019,4,complete
control_39925236ca3815,2020,4,complete
control_39925236ca3815,2021,3,complete
control_39925236ca3815,2022,1,complete
control_39925236ca3815,2023,6,complete
control_39925236ca3815,2024,5,complete
control_39925236ca3815,2025,0,complete
control_39fef64c4ace2a,2017,0,complete
control_39fef64c4ace2a,2018,4,complete
control_39fef64c4ace2a,2019,4,complete
control_39fef64c4ace2a,2020,13,complete
control_39fef64c4ace2a,2021,22,complete
control_39fef64c4ace2a,2022,17,complete
control_39fef64c4ace2a,2023,25,complete
control_39fef64c4ace2a,2024,43,complete
control_39fef64c4ace2a,2025,41,complete
control_3a2aec9fa61221,2017,0,complete
control_3a2aec9fa61221,2018,1,complete
control_3a2aec9fa61221,2019,5,complete
control_3a2aec9fa61221,2020,4,complete
control_3a2aec9fa61221,2021,21,complete
control_3a2aec9fa61221,2022,15,complete
control_3a2aec9fa61221,2023,19,complete
control_3a2aec9fa61221,2024,46,complete
control_3a2aec9fa61221,2025,17,complete
control_3a7db499c4357b,2017,0,complete
control_3a7db499c4357b,2018,3,complete
control_3a7db499c4357b,2019,5,complete
control_3a7db499c4357b,2020,5,complete
control_3a7db499c4357b,2021,6,complete
control_3a7db499c4357b,2022,8,complete
control_3a7db499c4357b,2023,6,complete
control_3a7db499c4357b,2024,6,complete
control_3a7db499c4357b,2025,0,complete
control_3ab3c6a9b77394,2017,0,complete
control_3ab3c6a9b77394,2018,0,complete
control_3ab3c6a9b77394,2019,1,complete
control_3ab3c6a9b77394,2020,11,complete
control_3ab3c6a9b77394,2021,12,complete
control_3ab3c6a9b77394,2022,8,complete
control_3ab3c6a9b77394,2023,16,complete
control_3ab3c6a9b77394,2024,17,complete
control_3ab3c6a9b77394,2025,8,complete
control_3b1c2cba13f8e2,2017,0,complete
control_3b1c2cba13f8e2,2018,1,complete
control_3b1c2cba13f8e2,2019,0,complete
control_3b1c2cba13f8e2,2020,0,complete
control_3b1c2cba13f8e2,2021,0,complete
control_3b1c2cba13f8e2,2022,2,complete
control_3b1c2cba13f8e2,2023,13,complete
control_3b1c2cba13f8e2,2024,12,complete
control_3b1c2cba13f8e2,2025,14,complete
control_3b260c5b7d2fc9,2017,0,complete
control_3b260c5b7d2fc9,2018,1,complete
control_3b260c5b7d2fc9,2019,1,complete
control_3b260c5b7d2fc9,2020,1,complete
control_3b260c5b7d2fc9,2021,3,complete
control_3b260c5b7d2fc9,2022,3,complete
control_3b260c5b7d2fc9,2023,3,complete
control_3b260c5b7d2fc9,2024,6,complete
control_3b260c5b7d2fc9,2025,6,complete
control_3ba6cabbf75f29,2017,0,complete
control_3ba6cabbf75f29,2018,0,complete
control_3ba6cabbf75f29,2019,0,complete
control_3ba6cabbf75f29,2020,0,complete
control_3ba6cabbf75f29,2021,0,complete
control_3ba6cabbf75f29,2022,0,complete
control_3ba6cabbf75f29,2023,0,complete
control_3ba6cabbf75f29,2024,5,complete
control_3ba6cabbf75f29,2025,2,complete
control_3bc770b3d46d4a,2017,0,complete
control_3bc770b3d46d4a,2018,2,complete
control_3bc770b3d46d4a,2019,3,complete
control_3bc770b3d46d4a,2020,2,complete
control_3bc770b3d46d4a,2021,0,complete
control_3bc770b3d46d4a,2022,2,complete
control_3bc770b3d46d4a,2023,0,complete
control_3bc770b3d46d4a,2024,1,complete
control_3bc770b3d46d4a,2025,4,complete
control_3bc81b046300fe,2017,0,complete
control_3bc81b046300fe,2018,0,complete
control_3bc81b046300fe,2019,2,complete
control_3bc81b046300fe,2020,1,complete
control_3bc81b046300fe,2021,4,complete
control_3bc81b046300fe,2022,4,complete
control_3bc81b046300fe,2023,5,complete
control_3bc81b046300fe,2024,2,complete
control_3bc81b046300fe,2025,3,complete
control_3bf6c6a71a97e9,2017,0,complete
control_3bf6c6a71a97e9,2018,4,complete
control_3bf6c6a71a97e9,2019,7,complete
control_3bf6c6a71a97e9,2020,8,complete
control_3bf6c6a71a97e9,2021,19,complete
control_3bf6c6a71a97e9,2022,17,complete
control_3bf6c6a71a97e9,2023,14,complete
control_3bf6c6a71a97e9,2024,14,complete
control_3bf6c6a71a97e9,2025,19,complete
control_3c57b2e9f04c56,2017,2,complete
control_3c57b2e9f04c56,2018,2,complete
control_3c57b2e9f04c56,2019,3,complete
control_3c57b2e9f04c56,2020,4,complete
control_3c57b2e9f04c56,2021,4,complete
control_3c57b2e9f04c56,2022,4,complete
control_3c57b2e9f04c56,2023,2,complete
control_3c57b2e9f04c56,2024,3,complete
control_3c57b2e9f04c56,2025,5,complete
control_3caf4f05c175de,2017,0,complete
control_3caf4f05c175de,2018,0,complete
control_3caf4f05c175de,2019,3,complete
control_3caf4f05c175de,2020,2,complete
control_3caf4f05c175de,2021,0,complete
control_3caf4f05c175de,2022,0,complete
control_3caf4f05c175de,2023,1,complete
control_3caf4f05c175de,2024,3,complete
control_3caf4f05c175de,2025,1,complete
control_3ce91e0aec0bd9,2017,0,complete
control_3ce91e0aec0bd9,2018,0,complete
control_3ce91e0aec0bd9,2019,0,complete
control_3ce91e0aec0bd9,2020,3,complete
control_3ce91e0aec0bd9,2021,1,complete
control_3ce91e0aec0bd9,2022,8,complete
control_3ce91e0aec0bd9,2023,23,complete
control_3ce91e0aec0bd9,2024,13,complete
control_3ce91e0aec0bd9,2025,4,complete
control_3d2967caeac719,2017,0,complete
control_3d2967caeac719,2018,0,complete
control_3d2967caeac719,2019,0,complete
control_3d2967caeac719,2020,0,complete
control_3d2967caeac719,2021,0,complete
control_3d2967caeac719,2022,3,complete
control_3d2967caeac719,2023,1,complete
control_3d2967caeac719,2024,1,complete
control_3d2967caeac719,2025,1,complete
control_3d7fa75cfad491,2017,0,complete
control_3d7fa75cfad491,2018,4,complete
control_3d7fa75cfad491,2019,5,complete
control_3d7fa75cfad491,2020,10,complete
control_3d7fa75cfad491,2021,13,complete
control_3d7fa75cfad491,2022,14,complete
control_3d7fa75cfad491,2023,13,complete
control_3d7fa75cfad491,2024,6,complete
control_3d7fa75cfad491,2025,13,complete
control_3d80d23b6a0b8d,2017,4,complete
control_3d80d23b6a0b8d,2018,9,complete
control_3d80d23b6a0b8d,2019,11,complete
control_3d80d23b6a0b8d,2020,2,complete
control_3d80d23b6a0b8d,2021,14,complete
control_3d80d23b6a0b8d,2022,24,complete
control_3d80d23b6a0b8d,2023,27,complete
control_3d80d23b6a0b8d,2024,19,complete
control_3d80d23b6a0b8d,2025,27,complete
control_3da24aa65545c5,2017,3,complete
control_3da24aa65545c5,2018,3,complete
control_3da24aa65545c5,2019,13,complete
control_3da24aa65545c5,2020,27,complete
control_3da24aa65545c5,2021,34,complete
control_3da24aa65545c5,2022,46,complete
control_3da24aa65545c5,2023,28,complete
control_3da24aa65545c5,2024,44,complete
control_3da24aa65545c5,2025,46,complete
control_3daef387eb5688,2017,3,complete
control_3daef387eb5688,2018,5,complete
control_3daef387eb5688,2019,13,complete
control_3daef387eb5688,2020,6,complete
control_3daef387eb5688,2021,13,complete
control_3daef387eb5688,2022,15,complete
control_3daef387eb5688,2023,10,complete
control_3daef387eb5688,2024,11,complete
control_3daef387eb5688,2025,4,complete
control_3e5dd35a94f76e,2017,5,complete
control_3e5dd35a94f76e,2018,8,complete
control_3e5dd35a94f76e,2019,7,complete
control_3e5dd35a94f76e,2020,13,complete
control_3e5dd35a94f76e,2021,12,complete
control_3e5dd35a94f76e,2022,18,complete
control_3e5dd35a94f76e,2023,18,complete
control_3e5dd35a94f76e,2024,13,complete
control_3e5dd35a94f76e,2025,18,complete
control_3e924389110b3c,2017,7,complete
control_3e924389110b3c,2018,10,complete
control_3e924389110b3c,2019,5,complete
control_3e924389110b3c,2020,7,complete
control_3e924389110b3c,2021,5,complete
control_3e924389110b3c,2022,5,complete
control_3e924389110b3c,2023,6,complete
control_3e924389110b3c,2024,9,complete
control_3e924389110b3c,2025,5,complete
control_3e9e96a08430d9,2017,1,complete
control_3e9e96a08430d9,2018,0,complete
control_3e9e96a08430d9,2019,2,complete
control_3e9e96a08430d9,2020,9,complete
control_3e9e96a08430d9,2021,39,complete
control_3e9e96a08430d9,2022,111,complete
control_3e9e96a08430d9,2023,124,complete
control_3e9e96a08430d9,2024,122,complete
control_3e9e96a08430d9,2025,120,complete
control_3ed716339b5593,2017,5,complete
control_3ed716339b5593,2018,9,complete
control_3ed716339b5593,2019,11,complete
control_3ed716339b5593,2020,6,complete
control_3ed716339b5593,2021,6,complete
control_3ed716339b5593,2022,13,complete
control_3ed716339b5593,2023,11,complete
control_3ed716339b5593,2024,6,complete
control_3ed716339b5593,2025,3,complete
control_3eda996abe40d5,2017,0,complete
control_3eda996abe40d5,2018,0,complete
control_3eda996abe40d5,2019,0,complete
control_3eda996abe40d5,2020,0,complete
control_3eda996abe40d5,2021,0,complete
control_3eda996abe40d5,2022,0,complete
control_3eda996abe40d5,2023,0,complete
control_3eda996abe40d5,2024,0,complete
control_3eda996abe40d5,2025,0,complete
control_3eecdd97b1035c,2017,0,complete
control_3eecdd97b1035c,2018,0,complete
control_3eecdd97b1035c,2019,1,complete
control_3eecdd97b1035c,2020,7,complete
control_3eecdd97b1035c,2021,13,complete
control_3eecdd97b1035c,2022,16,complete
control_3eecdd97b1035c,2023,17,complete
control_3eecdd97b1035c,2024,22,complete
control_3eecdd97b1035c,2025,33,complete
control_3f5ecbb073a110,2017,22,complete
control_3f5ecbb073a110,2018,15,complete
control_3f5ecbb073a110,2019,15,complete
control_3f5ecbb073a110,2020,23,complete
control_3f5ecbb073a110,2021,20,complete
control_3f5ecbb073a110,2022,11,complete
control_3f5ecbb073a110,2023,22,complete
control_3f5ecbb073a110,2024,25,complete
control_3f5ecbb073a110,2025,2,complete
control_3fff3c590b9e17,2017,0,complete
control_3fff3c590b9e17,2018,0,complete
control_3fff3c590b9e17,2019,0,complete
control_3fff3c590b9e17,2020,0,complete
control_3fff3c590b9e17,2021,0,complete
control_3fff3c590b9e17,2022,0,complete
control_3fff3c590b9e17,2023,0,complete
control_3fff3c590b9e17,2024,0,complete
control_3fff3c590b9e17,2025,2,complete
control_4091164a22b963,2017,0,complete
control_4091164a22b963,2018,2,complete
control_4091164a22b963,2019,4,complete
control_4091164a22b963,2020,1,complete
control_4091164a22b963,2021,4,complete
control_4091164a22b963,2022,9,complete
control_4091164a22b963,2023,7,complete
control_4091164a22b963,2024,3,complete
control_4091164a22b963,2025,6,complete
control_40b3dea4061fb1,2017,0,complete
control_40b3dea4061fb1,2018,2,complete
control_40b3dea4061fb1,2019,1,complete
control_40b3dea4061fb1,2020,2,complete
control_40b3dea4061fb1,2021,8,complete
control_40b3dea4061fb1,2022,4,complete
control_40b3dea4061fb1,2023,3,complete
control_40b3dea4061fb1,2024,8,complete
control_40b3dea4061fb1,2025,7,complete
control_40db1dfb9978ca,2017,1,complete
control_40db1dfb9978ca,2018,4,complete
control_40db1dfb9978ca,2019,5,complete
control_40db1dfb9978ca,2020,7,complete
control_40db1dfb9978ca,2021,7,complete
control_40db1dfb9978ca,2022,3,complete
control_40db1dfb9978ca,2023,4,complete
control_40db1dfb9978ca,2024,7,complete
control_40db1dfb9978ca,2025,7,complete
control_412a829a44b219,2017,0,complete
control_412a829a44b219,2018,0,complete
control_412a829a44b219,2019,0,complete
control_412a829a44b219,2020,0,complete
control_412a829a44b219,2021,0,complete
control_412a829a44b219,2022,0,complete
control_412a829a44b219,2023,3,complete
control_412a829a44b219,2024,1,complete
control_412a829a44b219,2025,4,complete
control_4137f9e8da59a4,2017,0,complete
control_4137f9e8da59a4,2018,0,complete
control_4137f9e8da59a4,2019,0,complete
control_4137f9e8da59a4,2020,0,complete
control_4137f9e8da59a4,2021,4,complete
control_4137f9e8da59a4,2022,5,complete
control_4137f9e8da59a4,2023,8,complete
control_4137f9e8da59a4,2024,8,complete
control_4137f9e8da59a4,2025,7,complete
control_414a68513e9b2f,2017,2,complete
control_414a68513e9b2f,2018,4,complete
control_414a68513e9b2f,2019,6,complete
control_414a68513e9b2f,2020,21,complete
control_414a68513e9b2f,2021,7,complete
control_414a68513e9b2f,2022,8,complete
control_414a68513e9b2f,2023,5,complete
control_414a68513e9b2f,2024,4,complete
control_414a68513e9b2f,2025,3,complete
control_41764c3288f51e,2017,2,complete
control_41764c3288f51e,2018,4,complete
control_41764c3288f51e,2019,26,complete
control_41764c3288f51e,2020,36,complete
control_41764c3288f51e,2021,38,complete
control_41764c3288f51e,2022,58,complete
control_41764c3288f51e,2023,63,complete
control_41764c3288f51e,2024,48,complete
control_41764c3288f51e,2025,54,complete
control_41b0cc8dee6b3c,2017,2,complete
control_41b0cc8dee6b3c,2018,8,complete
control_41b0cc8dee6b3c,2019,13,complete
control_41b0cc8dee6b3c,2020,40,complete
control_41b0cc8dee6b3c,2021,42,complete
control_41b0cc8dee6b3c,2022,28,complete
control_41b0cc8dee6b3c,2023,35,complete
control_41b0cc8dee6b3c,2024,31,complete
control_41b0cc8dee6b3c,2025,41,complete
control_421355a5023258,2017,0,complete
control_421355a5023258,2018,6,complete
control_421355a5023258,2019,1,complete
control_421355a5023258,2020,8,complete
control_421355a5023258,2021,8,complete
control_421355a5023258,2022,4,complete
control_421355a5023258,2023,7,complete
control_421355a5023258,2024,3,complete
control_421355a5023258,2025,2,complete
control_422df16582bda9,2017,0,complete
control_422df16582bda9,2018,0,complete
control_422df16582bda9,2019,0,complete
control_422df16582bda9,2020,1,complete
control_422df16582bda9,2021,5,complete
control_422df16582bda9,2022,4,complete
control_422df16582bda9,2023,9,complete
control_422df16582bda9,2024,14,complete
control_422df16582bda9,2025,15,complete
control_4280aa06ed6c31,2017,1,complete
control_4280aa06ed6c31,2018,4,complete
control_4280aa06ed6c31,2019,4,complete
control_4280aa06ed6c31,2020,8,complete
control_4280aa06ed6c31,2021,7,complete
control_4280aa06ed6c31,2022,10,complete
control_4280aa06ed6c31,2023,11,complete
control_4280aa06ed6c31,2024,7,complete
control_4280aa06ed6c31,2025,12,complete
control_42b207fa15bcf0,2017,7,complete
control_42b207fa15bcf0,2018,10,complete
control_42b207fa15bcf0,2019,15,complete
control_42b207fa15bcf0,2020,14,complete
control_42b207fa15bcf0,2021,20,complete
control_42b207fa15bcf0,2022,9,complete
control_42b207fa15bcf0,2023,19,complete
control_42b207fa15bcf0,2024,13,complete
control_42b207fa15bcf0,2025,8,complete
control_42b9ad11c18948,2017,0,complete
control_42b9ad11c18948,2018,0,complete
control_42b9ad11c18948,2019,1,complete
control_42b9ad11c18948,2020,1,complete
control_42b9ad11c18948,2021,9,complete
control_42b9ad11c18948,2022,3,complete
control_42b9ad11c18948,2023,8,complete
control_42b9ad11c18948,2024,7,complete
control_42b9ad11c18948,2025,14,complete
control_437902c0770fec,2017,0,complete
control_437902c0770fec,2018,0,complete
control_437902c0770fec,2019,0,complete
control_437902c0770fec,2020,0,complete
control_437902c0770fec,2021,1,complete
control_437902c0770fec,2022,0,complete
control_437902c0770fec,2023,0,complete
control_437902c0770fec,2024,0,complete
control_437902c0770fec,2025,0,complete
control_43dc7b37da91f5,2017,0,complete
control_43dc7b37da91f5,2018,0,complete
control_43dc7b37da91f5,2019,2,complete
control_43dc7b37da91f5,2020,3,complete
control_43dc7b37da91f5,2021,6,complete
control_43dc7b37da91f5,2022,3,complete
control_43dc7b37da91f5,2023,14,complete
control_43dc7b37da91f5,2024,6,complete
control_43dc7b37da91f5,2025,7,complete
control_4421e3b7bdc8f7,2017,0,complete
control_4421e3b7bdc8f7,2018,4,complete
control_4421e3b7bdc8f7,2019,7,complete
control_4421e3b7bdc8f7,2020,17,complete
control_4421e3b7bdc8f7,2021,25,complete
control_4421e3b7bdc8f7,2022,41,complete
control_4421e3b7bdc8f7,2023,54,complete
control_4421e3b7bdc8f7,2024,60,complete
control_4421e3b7bdc8f7,2025,49,complete
control_442291d2b43fa8,2017,1,complete
control_442291d2b43fa8,2018,1,complete
control_442291d2b43fa8,2019,5,complete
control_442291d2b43fa8,2020,1,complete
control_442291d2b43fa8,2021,3,complete
control_442291d2b43fa8,2022,3,complete
control_442291d2b43fa8,2023,0,complete
control_442291d2b43fa8,2024,0,complete
control_442291d2b43fa8,2025,0,complete
control_44358a632e7bf0,2017,0,complete
control_44358a632e7bf0,2018,0,complete
control_44358a632e7bf0,2019,0,complete
control_44358a632e7bf0,2020,0,complete
control_44358a632e7bf0,2021,0,complete
control_44358a632e7bf0,2022,0,complete
control_44358a632e7bf0,2023,8,complete
control_44358a632e7bf0,2024,1,complete
control_44358a632e7bf0,2025,2,complete
control_445a207ad56a6d,2017,1,complete
control_445a207ad56a6d,2018,4,complete
control_445a207ad56a6d,2019,18,complete
control_445a207ad56a6d,2020,23,complete
control_445a207ad56a6d,2021,28,complete
control_445a207ad56a6d,2022,30,complete
control_445a207ad56a6d,2023,85,complete
control_445a207ad56a6d,2024,33,complete
control_445a207ad56a6d,2025,28,complete
control_44ddbdd2e0df68,2017,0,complete
control_44ddbdd2e0df68,2018,0,complete
control_44ddbdd2e0df68,2019,1,complete
control_44ddbdd2e0df68,2020,28,complete
control_44ddbdd2e0df68,2021,37,complete
control_44ddbdd2e0df68,2022,75,complete
control_44ddbdd2e0df68,2023,118,complete
control_44ddbdd2e0df68,2024,100,complete
control_44ddbdd2e0df68,2025,87,complete
control_44e132de91a527,2017,1,complete
control_44e132de91a527,2018,3,complete
control_44e132de91a527,2019,5,complete
control_44e132de91a527,2020,18,complete
control_44e132de91a527,2021,10,complete
control_44e132de91a527,2022,16,complete
control_44e132de91a527,2023,13,complete
control_44e132de91a527,2024,21,complete
control_44e132de91a527,2025,12,complete
control_45001bdf96081b,2017,0,complete
control_45001bdf96081b,2018,4,complete
control_45001bdf96081b,2019,5,complete
control_45001bdf96081b,2020,9,complete
control_45001bdf96081b,2021,27,complete
control_45001bdf96081b,2022,31,complete
control_45001bdf96081b,2023,40,complete
control_45001bdf96081b,2024,44,complete
control_45001bdf96081b,2025,53,complete
control_454e2faa287b6f,2017,0,complete
control_454e2faa287b6f,2018,4,complete
control_454e2faa287b6f,2019,2,complete
control_454e2faa287b6f,2020,4,complete
control_454e2faa287b6f,2021,0,complete
control_454e2faa287b6f,2022,1,complete
control_454e2faa287b6f,2023,2,complete
control_454e2faa287b6f,2024,5,complete
control_454e2faa287b6f,2025,2,complete
control_4578159bda77aa,2017,1,complete
control_4578159bda77aa,2018,6,complete
control_4578159bda77aa,2019,8,complete
control_4578159bda77aa,2020,19,complete
control_4578159bda77aa,2021,38,complete
control_4578159bda77aa,2022,26,complete
control_4578159bda77aa,2023,51,complete
control_4578159bda77aa,2024,45,complete
control_4578159bda77aa,2025,44,complete
control_457b1cc0729410,2017,4,complete
control_457b1cc0729410,2018,6,complete
control_457b1cc0729410,2019,14,complete
control_457b1cc0729410,2020,29,complete
control_457b1cc0729410,2021,25,complete
control_457b1cc0729410,2022,34,complete
control_457b1cc0729410,2023,40,complete
control_457b1cc0729410,2024,46,complete
control_457b1cc0729410,2025,17,complete
control_45a8dc281dda17,2017,0,complete
control_45a8dc281dda17,2018,2,complete
control_45a8dc281dda17,2019,8,complete
control_45a8dc281dda17,2020,3,complete
control_45a8dc281dda17,2021,4,complete
control_45a8dc281dda17,2022,7,complete
control_45a8dc281dda17,2023,7,complete
control_45a8dc281dda17,2024,3,complete
control_45a8dc281dda17,2025,2,complete
control_461eb1beede8fd,2017,1,complete
control_461eb1beede8fd,2018,9,complete
control_461eb1beede8fd,2019,5,complete
control_461eb1beede8fd,2020,8,complete
control_461eb1beede8fd,2021,13,complete
control_461eb1beede8fd,2022,10,complete
control_461eb1beede8fd,2023,11,complete
control_461eb1beede8fd,2024,6,complete
control_461eb1beede8fd,2025,8,complete
control_463677dae5ec16,2017,9,complete
control_463677dae5ec16,2018,12,complete
control_463677dae5ec16,2019,19,complete
control_463677dae5ec16,2020,20,complete
control_463677dae5ec16,2021,19,complete
control_463677dae5ec16,2022,13,complete
control_463677dae5ec16,2023,12,complete
control_463677dae5ec16,2024,40,complete
control_463677dae5ec16,2025,6,complete
control_464e506c9f52e8,2017,12,complete
control_464e506c9f52e8,2018,12,complete
control_464e506c9f52e8,2019,10,complete
control_464e506c9f52e8,2020,8,complete
control_464e506c9f52e8,2021,10,complete
control_464e506c9f52e8,2022,9,complete
control_464e506c9f52e8,2023,8,complete
control_464e506c9f52e8,2024,6,complete
control_464e506c9f52e8,2025,1,complete
control_465804fd7862ef,2017,0,complete
control_465804fd7862ef,2018,0,complete
control_465804fd7862ef,2019,0,complete
control_465804fd7862ef,2020,0,complete
control_465804fd7862ef,2021,2,complete
control_465804fd7862ef,2022,0,complete
control_465804fd7862ef,2023,0,complete
control_465804fd7862ef,2024,4,complete
control_465804fd7862ef,2025,4,complete
control_46783f2c263445,2017,10,complete
control_46783f2c263445,2018,12,complete
control_46783f2c263445,2019,9,complete
control_46783f2c263445,2020,9,complete
control_46783f2c263445,2021,9,complete
control_46783f2c263445,2022,6,complete
control_46783f2c263445,2023,7,complete
control_46783f2c263445,2024,12,complete
control_46783f2c263445,2025,6,complete
control_4685026a5f49a6,2017,1,complete
control_4685026a5f49a6,2018,6,complete
control_4685026a5f49a6,2019,9,complete
control_4685026a5f49a6,2020,12,complete
control_4685026a5f49a6,2021,7,complete
control_4685026a5f49a6,2022,4,complete
control_4685026a5f49a6,2023,5,complete
control_4685026a5f49a6,2024,2,complete
control_4685026a5f49a6,2025,3,complete
control_46bd2193686633,2017,2,complete
control_46bd2193686633,2018,1,complete
control_46bd2193686633,2019,0,complete
control_46bd2193686633,2020,6,complete
control_46bd2193686633,2021,2,complete
control_46bd2193686633,2022,2,complete
control_46bd2193686633,2023,6,complete
control_46bd2193686633,2024,4,complete
control_46bd2193686633,2025,2,complete
control_46de83660c3167,2017,0,complete
control_46de83660c3167,2018,0,complete
control_46de83660c3167,2019,1,complete
control_46de83660c3167,2020,5,complete
control_46de83660c3167,2021,11,complete
control_46de83660c3167,2022,20,complete
control_46de83660c3167,2023,41,complete
control_46de83660c3167,2024,20,complete
control_46de83660c3167,2025,21,complete
control_46f1536b9ab229,2017,0,complete
control_46f1536b9ab229,2018,0,complete
control_46f1536b9ab229,2019,1,complete
control_46f1536b9ab229,2020,1,complete
control_46f1536b9ab229,2021,1,complete
control_46f1536b9ab229,2022,0,complete
control_46f1536b9ab229,2023,1,complete
control_46f1536b9ab229,2024,1,complete
control_46f1536b9ab229,2025,3,complete
control_4737a9e7c4a771,2017,0,complete
control_4737a9e7c4a771,2018,0,complete
control_4737a9e7c4a771,2019,0,complete
control_4737a9e7c4a771,2020,1,complete
control_4737a9e7c4a771,2021,8,complete
control_4737a9e7c4a771,2022,21,complete
control_4737a9e7c4a771,2023,23,complete
control_4737a9e7c4a771,2024,27,complete
control_4737a9e7c4a771,2025,25,complete
control_47aecdbca415ff,2017,2,complete
control_47aecdbca415ff,2018,5,complete
control_47aecdbca415ff,2019,10,complete
control_47aecdbca415ff,2020,15,complete
control_47aecdbca415ff,2021,19,complete
control_47aecdbca415ff,2022,175,complete
control_47aecdbca415ff,2023,558,complete
control_47aecdbca415ff,2024,754,complete
control_47aecdbca415ff,2025,1097,complete
control_4801e49dd6ac18,2017,0,complete
control_4801e49dd6ac18,2018,0,complete
control_4801e49dd6ac18,2019,6,complete
control_4801e49dd6ac18,2020,5,complete
control_4801e49dd6ac18,2021,9,complete
control_4801e49dd6ac18,2022,5,complete
control_4801e49dd6ac18,2023,11,complete
control_4801e49dd6ac18,2024,9,complete
control_4801e49dd6ac18,2025,11,complete
control_480f8049f8284e,2017,1,complete
control_480f8049f8284e,2018,2,complete
control_480f8049f8284e,2019,2,complete
control_480f8049f8284e,2020,2,complete
control_480f8049f8284e,2021,1,complete
control_480f8049f8284e,2022,1,complete
control_480f8049f8284e,2023,4,complete
control_480f8049f8284e,2024,2,complete
control_480f8049f8284e,2025,1,complete
control_48e5e15552eccf,2017,0,complete
control_48e5e15552eccf,2018,0,complete
control_48e5e15552eccf,2019,3,complete
control_48e5e15552eccf,2020,0,complete
control_48e5e15552eccf,2021,0,complete
control_48e5e15552eccf,2022,1,complete
control_48e5e15552eccf,2023,1,complete
control_48e5e15552eccf,2024,1,complete
control_48e5e15552eccf,2025,1,complete
control_48f583f210e414,2017,0,complete
control_48f583f210e414,2018,9,complete
control_48f583f210e414,2019,13,complete
control_48f583f210e414,2020,37,complete
control_48f583f210e414,2021,25,complete
control_48f583f210e414,2022,35,complete
control_48f583f210e414,2023,33,complete
control_48f583f210e414,2024,37,complete
control_48f583f210e414,2025,34,complete
control_498d866fdd4705,2017,0,complete
control_498d866fdd4705,2018,1,complete
control_498d866fdd4705,2019,3,complete
control_498d866fdd4705,2020,3,complete
control_498d866fdd4705,2021,5,complete
control_498d866fdd4705,2022,3,complete
control_498d866fdd4705,2023,7,complete
control_498d866fdd4705,2024,6,complete
control_498d866fdd4705,2025,4,complete
control_49d4cf395c88d7,2017,0,complete
control_49d4cf395c88d7,2018,0,complete
control_49d4cf395c88d7,2019,0,complete
control_49d4cf395c88d7,2020,0,complete
control_49d4cf395c88d7,2021,0,complete
control_49d4cf395c88d7,2022,0,complete
control_49d4cf395c88d7,2023,0,complete
control_49d4cf395c88d7,2024,0,complete
control_49d4cf395c88d7,2025,0,complete
control_49d9079e375d70,2017,1,complete
control_49d9079e375d70,2018,1,complete
control_49d9079e375d70,2019,0,complete
control_49d9079e375d70,2020,6,complete
control_49d9079e375d70,2021,7,complete
control_49d9079e375d70,2022,6,complete
control_49d9079e375d70,2023,6,complete
control_49d9079e375d70,2024,6,complete
control_49d9079e375d70,2025,7,complete
control_49ed74952504c5,2017,0,complete
control_49ed74952504c5,2018,2,complete
control_49ed74952504c5,2019,1,complete
control_49ed74952504c5,2020,5,complete
control_49ed74952504c5,2021,0,complete
control_49ed74952504c5,2022,3,complete
control_49ed74952504c5,2023,3,complete
control_49ed74952504c5,2024,5,complete
control_49ed74952504c5,2025,3,complete
control_4a002a8ca46f2f,2017,4,complete
control_4a002a8ca46f2f,2018,9,complete
control_4a002a8ca46f2f,2019,10,complete
control_4a002a8ca46f2f,2020,19,complete
control_4a002a8ca46f2f,2021,32,complete
control_4a002a8ca46f2f,2022,23,complete
control_4a002a8ca46f2f,2023,25,complete
control_4a002a8ca46f2f,2024,30,complete
control_4a002a8ca46f2f,2025,26,complete
control_4a278341c9ed22,2017,0,complete
control_4a278341c9ed22,2018,0,complete
control_4a278341c9ed22,2019,4,complete
control_4a278341c9ed22,2020,3,complete
control_4a278341c9ed22,2021,4,complete
control_4a278341c9ed22,2022,8,complete
control_4a278341c9ed22,2023,7,complete
control_4a278341c9ed22,2024,10,complete
control_4a278341c9ed22,2025,5,complete
control_4a626e1bd09ef8,2017,0,complete
control_4a626e1bd09ef8,2018,4,complete
control_4a626e1bd09ef8,2019,0,complete
control_4a626e1bd09ef8,2020,4,complete
control_4a626e1bd09ef8,2021,7,complete
control_4a626e1bd09ef8,2022,10,complete
control_4a626e1bd09ef8,2023,15,complete
control_4a626e1bd09ef8,2024,18,complete
control_4a626e1bd09ef8,2025,19,complete
control_4a66ef52206d72,2017,0,complete
control_4a66ef52206d72,2018,1,complete
control_4a66ef52206d72,2019,3,complete
control_4a66ef52206d72,2020,5,complete
control_4a66ef52206d72,2021,15,complete
control_4a66ef52206d72,2022,22,complete
control_4a66ef52206d72,2023,21,complete
control_4a66ef52206d72,2024,17,complete
control_4a66ef52206d72,2025,23,complete
control_4abf102d5fc7e8,2017,1,complete
control_4abf102d5fc7e8,2018,4,complete
control_4abf102d5fc7e8,2019,5,complete
control_4abf102d5fc7e8,2020,3,complete
control_4abf102d5fc7e8,2021,5,complete
control_4abf102d5fc7e8,2022,3,complete
control_4abf102d5fc7e8,2023,2,complete
control_4abf102d5fc7e8,2024,4,complete
control_4abf102d5fc7e8,2025,2,complete
control_4b42471c3ab304,2017,0,complete
control_4b42471c3ab304,2018,0,complete
control_4b42471c3ab304,2019,1,complete
control_4b42471c3ab304,2020,0,complete
control_4b42471c3ab304,2021,0,complete
control_4b42471c3ab304,2022,3,complete
control_4b42471c3ab304,2023,4,complete
control_4b42471c3ab304,2024,7,complete
control_4b42471c3ab304,2025,10,complete
control_4bb13aa9eba893,2017,0,complete
control_4bb13aa9eba893,2018,2,complete
control_4bb13aa9eba893,2019,3,complete
control_4bb13aa9eba893,2020,5,complete
control_4bb13aa9eba893,2021,14,complete
control_4bb13aa9eba893,2022,13,complete
control_4bb13aa9eba893,2023,12,complete
control_4bb13aa9eba893,2024,14,complete
control_4bb13aa9eba893,2025,16,complete
control_4bfff7f5b47ec2,2017,1,complete
control_4bfff7f5b47ec2,2018,2,complete
control_4bfff7f5b47ec2,2019,6,complete
control_4bfff7f5b47ec2,2020,6,complete
control_4bfff7f5b47ec2,2021,8,complete
control_4bfff7f5b47ec2,2022,10,complete
control_4bfff7f5b47ec2,2023,10,complete
control_4bfff7f5b47ec2,2024,9,complete
control_4bfff7f5b47ec2,2025,8,complete
control_4c4a4614533042,2017,6,complete
control_4c4a4614533042,2018,4,complete
control_4c4a4614533042,2019,4,complete
control_4c4a4614533042,2020,11,complete
control_4c4a4614533042,2021,3,complete
control_4c4a4614533042,2022,6,complete
control_4c4a4614533042,2023,5,complete
control_4c4a4614533042,2024,2,complete
control_4c4a4614533042,2025,1,complete
control_4c87a15d49fe6d,2017,1,complete
control_4c87a15d49fe6d,2018,6,complete
control_4c87a15d49fe6d,2019,8,complete
control_4c87a15d49fe6d,2020,5,complete
control_4c87a15d49fe6d,2021,5,complete
control_4c87a15d49fe6d,2022,6,complete
control_4c87a15d49fe6d,2023,11,complete
control_4c87a15d49fe6d,2024,6,complete
control_4c87a15d49fe6d,2025,7,complete
control_4c8e35fedfd7eb,2017,3,complete
control_4c8e35fedfd7eb,2018,4,complete
control_4c8e35fedfd7eb,2019,7,complete
control_4c8e35fedfd7eb,2020,13,complete
control_4c8e35fedfd7eb,2021,14,complete
control_4c8e35fedfd7eb,2022,15,complete
control_4c8e35fedfd7eb,2023,19,complete
control_4c8e35fedfd7eb,2024,14,complete
control_4c8e35fedfd7eb,2025,16,complete
control_4ca81c0f77cab9,2017,6,complete
control_4ca81c0f77cab9,2018,7,complete
control_4ca81c0f77cab9,2019,16,complete
control_4ca81c0f77cab9,2020,49,complete
control_4ca81c0f77cab9,2021,68,complete
control_4ca81c0f77cab9,2022,79,complete
control_4ca81c0f77cab9,2023,75,complete
control_4ca81c0f77cab9,2024,73,complete
control_4ca81c0f77cab9,2025,89,complete
control_4cb1706278e05e,2017,0,complete
control_4cb1706278e05e,2018,0,complete
control_4cb1706278e05e,2019,0,complete
control_4cb1706278e05e,2020,0,complete
control_4cb1706278e05e,2021,0,complete
control_4cb1706278e05e,2022,0,complete
control_4cb1706278e05e,2023,0,complete
control_4cb1706278e05e,2024,0,complete
control_4cb1706278e05e,2025,0,complete
control_4d0e600beb4ec5,2017,1,complete
control_4d0e600beb4ec5,2018,0,complete
control_4d0e600beb4ec5,2019,1,complete
control_4d0e600beb4ec5,2020,4,complete
control_4d0e600beb4ec5,2021,4,complete
control_4d0e600beb4ec5,2022,12,complete
control_4d0e600beb4ec5,2023,17,complete
control_4d0e600beb4ec5,2024,25,complete
control_4d0e600beb4ec5,2025,24,complete
control_4d6a77e277b8ea,2017,0,complete
control_4d6a77e277b8ea,2018,0,complete
control_4d6a77e277b8ea,2019,0,complete
control_4d6a77e277b8ea,2020,0,complete
control_4d6a77e277b8ea,2021,0,complete
control_4d6a77e277b8ea,2022,0,complete
control_4d6a77e277b8ea,2023,0,complete
control_4d6a77e277b8ea,2024,1,complete
control_4d6a77e277b8ea,2025,1,complete
control_4d728d28064fcb,2017,0,complete
control_4d728d28064fcb,2018,0,complete
control_4d728d28064fcb,2019,0,complete
control_4d728d28064fcb,2020,0,complete
control_4d728d28064fcb,2021,0,complete
control_4d728d28064fcb,2022,0,complete
control_4d728d28064fcb,2023,0,complete
control_4d728d28064fcb,2024,0,complete
control_4d728d28064fcb,2025,1,complete
control_4d94a319d237ca,2017,0,complete
control_4d94a319d237ca,2018,2,complete
control_4d94a319d237ca,2019,1,complete
control_4d94a319d237ca,2020,6,complete
control_4d94a319d237ca,2021,21,complete
control_4d94a319d237ca,2022,20,complete
control_4d94a319d237ca,2023,26,complete
control_4d94a319d237ca,2024,17,complete
control_4d94a319d237ca,2025,16,complete
control_4db0ddf0add608,2017,0,complete
control_4db0ddf0add608,2018,0,complete
control_4db0ddf0add608,2019,0,complete
control_4db0ddf0add608,2020,3,complete
control_4db0ddf0add608,2021,9,complete
control_4db0ddf0add608,2022,5,complete
control_4db0ddf0add608,2023,10,complete
control_4db0ddf0add608,2024,15,complete
control_4db0ddf0add608,2025,11,complete
control_4dc84e4a597dd6,2017,0,complete
control_4dc84e4a597dd6,2018,0,complete
control_4dc84e4a597dd6,2019,0,complete
control_4dc84e4a597dd6,2020,0,complete
control_4dc84e4a597dd6,2021,0,complete
control_4dc84e4a597dd6,2022,2,complete
control_4dc84e4a597dd6,2023,3,complete
control_4dc84e4a597dd6,2024,4,complete
control_4dc84e4a597dd6,2025,6,complete
control_4e1060466f2892,2017,0,complete
control_4e1060466f2892,2018,0,complete
control_4e1060466f2892,2019,0,complete
control_4e1060466f2892,2020,0,complete
control_4e1060466f2892,2021,0,complete
control_4e1060466f2892,2022,2,complete
control_4e1060466f2892,2023,1,complete
control_4e1060466f2892,2024,1,complete
control_4e1060466f2892,2025,6,complete
control_4e7e900117e104,2017,0,complete
control_4e7e900117e104,2018,2,complete
control_4e7e900117e104,2019,3,complete
control_4e7e900117e104,2020,2,complete
control_4e7e900117e104,2021,2,complete
control_4e7e900117e104,2022,7,complete
control_4e7e900117e104,2023,7,complete
control_4e7e900117e104,2024,1,complete
control_4e7e900117e104,2025,6,complete
control_4e9ad50a8784cc,2017,0,complete
control_4e9ad50a8784cc,2018,11,complete
control_4e9ad50a8784cc,2019,25,complete
control_4e9ad50a8784cc,2020,50,complete
control_4e9ad50a8784cc,2021,43,complete
control_4e9ad50a8784cc,2022,37,complete
control_4e9ad50a8784cc,2023,50,complete
control_4e9ad50a8784cc,2024,32,complete
control_4e9ad50a8784cc,2025,48,complete
control_4ea8ec6fa9f948,2017,0,complete
control_4ea8ec6fa9f948,2018,0,complete
control_4ea8ec6fa9f948,2019,0,complete
control_4ea8ec6fa9f948,2020,0,complete
control_4ea8ec6fa9f948,2021,1,complete
control_4ea8ec6fa9f948,2022,0,complete
control_4ea8ec6fa9f948,2023,7,complete
control_4ea8ec6fa9f948,2024,3,complete
control_4ea8ec6fa9f948,2025,2,complete
control_4f1873d999ea05,2017,0,complete
control_4f1873d999ea05,2018,0,complete
control_4f1873d999ea05,2019,0,complete
control_4f1873d999ea05,2020,0,complete
control_4f1873d999ea05,2021,0,complete
control_4f1873d999ea05,2022,0,complete
control_4f1873d999ea05,2023,1,complete
control_4f1873d999ea05,2024,1,complete
control_4f1873d999ea05,2025,2,complete
control_4f416ae7b3e0ce,2017,20,complete
control_4f416ae7b3e0ce,2018,11,complete
control_4f416ae7b3e0ce,2019,23,complete
control_4f416ae7b3e0ce,2020,49,complete
control_4f416ae7b3e0ce,2021,17,complete
control_4f416ae7b3e0ce,2022,44,complete
control_4f416ae7b3e0ce,2023,23,complete
control_4f416ae7b3e0ce,2024,8,complete
control_4f416ae7b3e0ce,2025,18,complete
control_4fb2ab71666b79,2017,9,complete
control_4fb2ab71666b79,2018,3,complete
control_4fb2ab71666b79,2019,1,complete
control_4fb2ab71666b79,2020,3,complete
control_4fb2ab71666b79,2021,4,complete
control_4fb2ab71666b79,2022,2,complete
control_4fb2ab71666b79,2023,3,complete
control_4fb2ab71666b79,2024,2,complete
control_4fb2ab71666b79,2025,3,complete
control_4fe862e5184b87,2017,0,complete
control_4fe862e5184b87,2018,0,complete
control_4fe862e5184b87,2019,0,complete
control_4fe862e5184b87,2020,0,complete
control_4fe862e5184b87,2021,1,complete
control_4fe862e5184b87,2022,0,complete
control_4fe862e5184b87,2023,5,complete
control_4fe862e5184b87,2024,3,complete
control_4fe862e5184b87,2025,5,complete
control_503c79f0c2e7aa,2017,0,complete
control_503c79f0c2e7aa,2018,1,complete
control_503c79f0c2e7aa,2019,1,complete
control_503c79f0c2e7aa,2020,1,complete
control_503c79f0c2e7aa,2021,6,complete
control_503c79f0c2e7aa,2022,4,complete
control_503c79f0c2e7aa,2023,6,complete
control_503c79f0c2e7aa,2024,3,complete
control_503c79f0c2e7aa,2025,2,complete
control_508e9d994df40a,2017,6,complete
control_508e9d994df40a,2018,7,complete
control_508e9d994df40a,2019,3,complete
control_508e9d994df40a,2020,1,complete
control_508e9d994df40a,2021,6,complete
control_508e9d994df40a,2022,1,complete
control_508e9d994df40a,2023,11,complete
control_508e9d994df40a,2024,3,complete
control_508e9d994df40a,2025,2,complete
control_511ff7b0e39e37,2017,4,complete
control_511ff7b0e39e37,2018,3,complete
control_511ff7b0e39e37,2019,9,complete
control_511ff7b0e39e37,2020,15,complete
control_511ff7b0e39e37,2021,10,complete
control_511ff7b0e39e37,2022,7,complete
control_511ff7b0e39e37,2023,16,complete
control_511ff7b0e39e37,2024,9,complete
control_511ff7b0e39e37,2025,13,complete
control_51295e67b7106b,2017,0,complete
control_51295e67b7106b,2018,2,complete
control_51295e67b7106b,2019,1,complete
control_51295e67b7106b,2020,12,complete
control_51295e67b7106b,2021,9,complete
control_51295e67b7106b,2022,9,complete
control_51295e67b7106b,2023,9,complete
control_51295e67b7106b,2024,6,complete
control_51295e67b7106b,2025,5,complete
control_51546acc4fbf1d,2017,10,complete
control_51546acc4fbf1d,2018,13,complete
control_51546acc4fbf1d,2019,18,complete
control_51546acc4fbf1d,2020,12,complete
control_51546acc4fbf1d,2021,9,complete
control_51546acc4fbf1d,2022,8,complete
control_51546acc4fbf1d,2023,8,complete
control_51546acc4fbf1d,2024,4,complete
control_51546acc4fbf1d,2025,3,complete
control_51568807f9aaab,2017,4,complete
control_51568807f9aaab,2018,1,complete
control_51568807f9aaab,2019,0,complete
control_51568807f9aaab,2020,7,complete
control_51568807f9aaab,2021,1,complete
control_51568807f9aaab,2022,7,complete
control_51568807f9aaab,2023,3,complete
control_51568807f9aaab,2024,1,complete
control_51568807f9aaab,2025,3,complete
control_518dda0be57994,2017,0,complete
control_518dda0be57994,2018,0,complete
control_518dda0be57994,2019,2,complete
control_518dda0be57994,2020,2,complete
control_518dda0be57994,2021,2,complete
control_518dda0be57994,2022,3,complete
control_518dda0be57994,2023,15,complete
control_518dda0be57994,2024,3,complete
control_518dda0be57994,2025,0,complete
control_51b1e7965dd806,2017,0,complete
control_51b1e7965dd806,2018,4,complete
control_51b1e7965dd806,2019,2,complete
control_51b1e7965dd806,2020,16,complete
control_51b1e7965dd806,2021,23,complete
control_51b1e7965dd806,2022,31,complete
control_51b1e7965dd806,2023,24,complete
control_51b1e7965dd806,2024,46,complete
control_51b1e7965dd806,2025,34,complete
control_51dd7f2d43c85c,2017,1,complete
control_51dd7f2d43c85c,2018,5,complete
control_51dd7f2d43c85c,2019,2,complete
control_51dd7f2d43c85c,2020,3,complete
control_51dd7f2d43c85c,2021,3,complete
control_51dd7f2d43c85c,2022,4,complete
control_51dd7f2d43c85c,2023,5,complete
control_51dd7f2d43c85c,2024,1,complete
control_51dd7f2d43c85c,2025,1,complete
control_52ef945da9d899,2017,0,complete
control_52ef945da9d899,2018,0,complete
control_52ef945da9d899,2019,1,complete
control_52ef945da9d899,2020,0,complete
control_52ef945da9d899,2021,0,complete
control_52ef945da9d899,2022,0,complete
control_52ef945da9d899,2023,2,complete
control_52ef945da9d899,2024,0,complete
control_52ef945da9d899,2025,1,complete
control_52f366d4141bb3,2017,3,complete
control_52f366d4141bb3,2018,6,complete
control_52f366d4141bb3,2019,12,complete
control_52f366d4141bb3,2020,42,complete
control_52f366d4141bb3,2021,79,complete
control_52f366d4141bb3,2022,91,complete
control_52f366d4141bb3,2023,100,complete
control_52f366d4141bb3,2024,101,complete
control_52f366d4141bb3,2025,94,complete
control_539d5176c09e20,2017,2,complete
control_539d5176c09e20,2018,2,complete
control_539d5176c09e20,2019,3,complete
control_539d5176c09e20,2020,14,complete
control_539d5176c09e20,2021,13,complete
control_539d5176c09e20,2022,29,complete
control_539d5176c09e20,2023,47,complete
control_539d5176c09e20,2024,27,complete
control_539d5176c09e20,2025,35,complete
control_53d46cb203a2d1,2017,1,complete
control_53d46cb203a2d1,2018,5,complete
control_53d46cb203a2d1,2019,5,complete
control_53d46cb203a2d1,2020,7,complete
control_53d46cb203a2d1,2021,16,complete
control_53d46cb203a2d1,2022,7,complete
control_53d46cb203a2d1,2023,9,complete
control_53d46cb203a2d1,2024,11,complete
control_53d46cb203a2d1,2025,9,complete
control_53e2a6bc51b9f7,2017,42,complete
control_53e2a6bc51b9f7,2018,76,complete
control_53e2a6bc51b9f7,2019,124,complete
control_53e2a6bc51b9f7,2020,125,complete
control_53e2a6bc51b9f7,2021,196,complete
control_53e2a6bc51b9f7,2022,191,complete
control_53e2a6bc51b9f7,2023,175,complete
control_53e2a6bc51b9f7,2024,162,complete
control_53e2a6bc51b9f7,2025,205,complete
control_549ee4c8c55204,2017,1,complete
control_549ee4c8c55204,2018,1,complete
control_549ee4c8c55204,2019,3,complete
control_549ee4c8c55204,2020,8,complete
control_549ee4c8c55204,2021,15,complete
control_549ee4c8c55204,2022,15,complete
control_549ee4c8c55204,2023,13,complete
control_549ee4c8c55204,2024,18,complete
control_549ee4c8c55204,2025,13,complete
control_5501a99b8e4a78,2017,3,complete
control_5501a99b8e4a78,2018,15,complete
control_5501a99b8e4a78,2019,49,complete
control_5501a99b8e4a78,2020,32,complete
control_5501a99b8e4a78,2021,15,complete
control_5501a99b8e4a78,2022,26,complete
control_5501a99b8e4a78,2023,15,complete
control_5501a99b8e4a78,2024,31,complete
control_5501a99b8e4a78,2025,12,complete
control_5548bb55b123d5,2017,2,complete
control_5548bb55b123d5,2018,17,complete
control_5548bb55b123d5,2019,10,complete
control_5548bb55b123d5,2020,11,complete
control_5548bb55b123d5,2021,11,complete
control_5548bb55b123d5,2022,21,complete
control_5548bb55b123d5,2023,18,complete
control_5548bb55b123d5,2024,20,complete
control_5548bb55b123d5,2025,23,complete
control_554ffdeb4a85c0,2017,2,complete
control_554ffdeb4a85c0,2018,0,complete
control_554ffdeb4a85c0,2019,3,complete
control_554ffdeb4a85c0,2020,4,complete
control_554ffdeb4a85c0,2021,4,complete
control_554ffdeb4a85c0,2022,4,complete
control_554ffdeb4a85c0,2023,5,complete
control_554ffdeb4a85c0,2024,2,complete
control_554ffdeb4a85c0,2025,4,complete
control_564aebaa60b818,2017,0,complete
control_564aebaa60b818,2018,0,complete
control_564aebaa60b818,2019,4,complete
control_564aebaa60b818,2020,2,complete
control_564aebaa60b818,2021,6,complete
control_564aebaa60b818,2022,17,complete
control_564aebaa60b818,2023,23,complete
control_564aebaa60b818,2024,22,complete
control_564aebaa60b818,2025,20,complete
control_5660852a9f985e,2017,0,complete
control_5660852a9f985e,2018,0,complete
control_5660852a9f985e,2019,1,complete
control_5660852a9f985e,2020,2,complete
control_5660852a9f985e,2021,2,complete
control_5660852a9f985e,2022,2,complete
control_5660852a9f985e,2023,0,complete
control_5660852a9f985e,2024,0,complete
control_5660852a9f985e,2025,0,complete
control_5671f0e0a943ed,2017,0,complete
control_5671f0e0a943ed,2018,0,complete
control_5671f0e0a943ed,2019,3,complete
control_5671f0e0a943ed,2020,3,complete
control_5671f0e0a943ed,2021,19,complete
control_5671f0e0a943ed,2022,33,complete
control_5671f0e0a943ed,2023,42,complete
control_5671f0e0a943ed,2024,74,complete
control_5671f0e0a943ed,2025,67,complete
control_56f9da0334bc05,2017,51,complete
control_56f9da0334bc05,2018,41,complete
control_56f9da0334bc05,2019,54,complete
control_56f9da0334bc05,2020,55,complete
control_56f9da0334bc05,2021,45,complete
control_56f9da0334bc05,2022,37,complete
control_56f9da0334bc05,2023,33,complete
control_56f9da0334bc05,2024,33,complete
control_56f9da0334bc05,2025,31,complete
control_574825753e9e96,2017,0,complete
control_574825753e9e96,2018,0,complete
control_574825753e9e96,2019,0,complete
control_574825753e9e96,2020,0,complete
control_574825753e9e96,2021,0,complete
control_574825753e9e96,2022,3,complete
control_574825753e9e96,2023,5,complete
control_574825753e9e96,2024,4,complete
control_574825753e9e96,2025,7,complete
control_580dea64feb7e7,2017,2,complete
control_580dea64feb7e7,2018,11,complete
control_580dea64feb7e7,2019,16,complete
control_580dea64feb7e7,2020,20,complete
control_580dea64feb7e7,2021,27,complete
control_580dea64feb7e7,2022,23,complete
control_580dea64feb7e7,2023,27,complete
control_580dea64feb7e7,2024,31,complete
control_580dea64feb7e7,2025,17,complete
control_5873d7e8bfc581,2017,0,complete
control_5873d7e8bfc581,2018,2,complete
control_5873d7e8bfc581,2019,1,complete
control_5873d7e8bfc581,2020,5,complete
control_5873d7e8bfc581,2021,5,complete
control_5873d7e8bfc581,2022,5,complete
control_5873d7e8bfc581,2023,11,complete
control_5873d7e8bfc581,2024,9,complete
control_5873d7e8bfc581,2025,19,complete
control_58d1b4b6d98486,2017,2,complete
control_58d1b4b6d98486,2018,2,complete
control_58d1b4b6d98486,2019,10,complete
control_58d1b4b6d98486,2020,6,complete
control_58d1b4b6d98486,2021,12,complete
control_58d1b4b6d98486,2022,12,complete
control_58d1b4b6d98486,2023,9,complete
control_58d1b4b6d98486,2024,3,complete
control_58d1b4b6d98486,2025,27,complete
control_58d8ca0e26e43a,2017,0,complete
control_58d8ca0e26e43a,2018,1,complete
control_58d8ca0e26e43a,2019,0,complete
control_58d8ca0e26e43a,2020,2,complete
control_58d8ca0e26e43a,2021,8,complete
control_58d8ca0e26e43a,2022,16,complete
control_58d8ca0e26e43a,2023,16,complete
control_58d8ca0e26e43a,2024,24,complete
control_58d8ca0e26e43a,2025,20,complete
control_58e0de81df4c8d,2017,0,complete
control_58e0de81df4c8d,2018,0,complete
control_58e0de81df4c8d,2019,2,complete
control_58e0de81df4c8d,2020,3,complete
control_58e0de81df4c8d,2021,7,complete
control_58e0de81df4c8d,2022,6,complete
control_58e0de81df4c8d,2023,4,complete
control_58e0de81df4c8d,2024,9,complete
control_58e0de81df4c8d,2025,6,complete
control_597c64e59f14bf,2017,0,complete
control_597c64e59f14bf,2018,1,complete
control_597c64e59f14bf,2019,1,complete
control_597c64e59f14bf,2020,3,complete
control_597c64e59f14bf,2021,7,complete
control_597c64e59f14bf,2022,10,complete
control_597c64e59f14bf,2023,7,complete
control_597c64e59f14bf,2024,8,complete
control_597c64e59f14bf,2025,8,complete
control_597da78282d61d,2017,0,complete
control_597da78282d61d,2018,0,complete
control_597da78282d61d,2019,0,complete
control_597da78282d61d,2020,1,complete
control_597da78282d61d,2021,1,complete
control_597da78282d61d,2022,10,complete
control_597da78282d61d,2023,26,complete
control_597da78282d61d,2024,33,complete
control_597da78282d61d,2025,39,complete
control_5a31adc0547906,2017,2,complete
control_5a31adc0547906,2018,1,complete
control_5a31adc0547906,2019,1,complete
control_5a31adc0547906,2020,4,complete
control_5a31adc0547906,2021,6,complete
control_5a31adc0547906,2022,3,complete
control_5a31adc0547906,2023,2,complete
control_5a31adc0547906,2024,4,complete
control_5a31adc0547906,2025,2,complete
control_5a3a4eb97f4d02,2017,9,complete
control_5a3a4eb97f4d02,2018,10,complete
control_5a3a4eb97f4d02,2019,10,complete
control_5a3a4eb97f4d02,2020,12,complete
control_5a3a4eb97f4d02,2021,18,complete
control_5a3a4eb97f4d02,2022,18,complete
control_5a3a4eb97f4d02,2023,12,complete
control_5a3a4eb97f4d02,2024,16,complete
control_5a3a4eb97f4d02,2025,22,complete
control_5a68831682a28b,2017,2,complete
control_5a68831682a28b,2018,5,complete
control_5a68831682a28b,2019,7,complete
control_5a68831682a28b,2020,4,complete
control_5a68831682a28b,2021,15,complete
control_5a68831682a28b,2022,9,complete
control_5a68831682a28b,2023,6,complete
control_5a68831682a28b,2024,12,complete
control_5a68831682a28b,2025,9,complete
control_5ace538683bff0,2017,2,complete
control_5ace538683bff0,2018,1,complete
control_5ace538683bff0,2019,7,complete
control_5ace538683bff0,2020,14,complete
control_5ace538683bff0,2021,26,complete
control_5ace538683bff0,2022,49,complete
control_5ace538683bff0,2023,73,complete
control_5ace538683bff0,2024,89,complete
control_5ace538683bff0,2025,109,complete
control_5b56a1acaee954,2017,0,complete
control_5b56a1acaee954,2018,2,complete
control_5b56a1acaee954,2019,0,complete
control_5b56a1acaee954,2020,0,complete
control_5b56a1acaee954,2021,0,complete
control_5b56a1acaee954,2022,0,complete
control_5b56a1acaee954,2023,0,complete
control_5b56a1acaee954,2024,0,complete
control_5b56a1acaee954,2025,0,complete
control_5bbd748866ea98,2017,0,complete
control_5bbd748866ea98,2018,0,complete
control_5bbd748866ea98,2019,1,complete
control_5bbd748866ea98,2020,1,complete
control_5bbd748866ea98,2021,1,complete
control_5bbd748866ea98,2022,4,complete
control_5bbd748866ea98,2023,11,complete
control_5bbd748866ea98,2024,20,complete
control_5bbd748866ea98,2025,31,complete
control_5be112dde61ef6,2017,0,complete
control_5be112dde61ef6,2018,1,complete
control_5be112dde61ef6,2019,0,complete
control_5be112dde61ef6,2020,0,complete
control_5be112dde61ef6,2021,3,complete
control_5be112dde61ef6,2022,9,complete
control_5be112dde61ef6,2023,11,complete
control_5be112dde61ef6,2024,18,complete
control_5be112dde61ef6,2025,5,complete
control_5bf56f14f5b9ee,2017,0,complete
control_5bf56f14f5b9ee,2018,0,complete
control_5bf56f14f5b9ee,2019,1,complete
control_5bf56f14f5b9ee,2020,0,complete
control_5bf56f14f5b9ee,2021,1,complete
control_5bf56f14f5b9ee,2022,3,complete
control_5bf56f14f5b9ee,2023,29,complete
control_5bf56f14f5b9ee,2024,9,complete
control_5bf56f14f5b9ee,2025,10,complete
control_5c3901fa764a69,2017,0,complete
control_5c3901fa764a69,2018,1,complete
control_5c3901fa764a69,2019,5,complete
control_5c3901fa764a69,2020,2,complete
control_5c3901fa764a69,2021,3,complete
control_5c3901fa764a69,2022,8,complete
control_5c3901fa764a69,2023,4,complete
control_5c3901fa764a69,2024,3,complete
control_5c3901fa764a69,2025,1,complete
control_5c59d4ff650a78,2017,1,complete
control_5c59d4ff650a78,2018,5,complete
control_5c59d4ff650a78,2019,9,complete
control_5c59d4ff650a78,2020,14,complete
control_5c59d4ff650a78,2021,15,complete
control_5c59d4ff650a78,2022,7,complete
control_5c59d4ff650a78,2023,17,complete
control_5c59d4ff650a78,2024,11,complete
control_5c59d4ff650a78,2025,12,complete
control_5c7f144ee2348c,2017,2,complete
control_5c7f144ee2348c,2018,3,complete
control_5c7f144ee2348c,2019,4,complete
control_5c7f144ee2348c,2020,9,complete
control_5c7f144ee2348c,2021,18,complete
control_5c7f144ee2348c,2022,19,complete
control_5c7f144ee2348c,2023,11,complete
control_5c7f144ee2348c,2024,15,complete
control_5c7f144ee2348c,2025,8,complete
control_5cae205072ead6,2017,0,complete
control_5cae205072ead6,2018,0,complete
control_5cae205072ead6,2019,0,complete
control_5cae205072ead6,2020,0,complete
control_5cae205072ead6,2021,0,complete
control_5cae205072ead6,2022,3,complete
control_5cae205072ead6,2023,15,complete
control_5cae205072ead6,2024,18,complete
control_5cae205072ead6,2025,37,complete
control_5cbb97f4910798,2017,1,complete
control_5cbb97f4910798,2018,1,complete
control_5cbb97f4910798,2019,1,complete
control_5cbb97f4910798,2020,4,complete
control_5cbb97f4910798,2021,2,complete
control_5cbb97f4910798,2022,7,complete
control_5cbb97f4910798,2023,3,complete
control_5cbb97f4910798,2024,2,complete
control_5cbb97f4910798,2025,5,complete
control_5cc31a4fd837cb,2017,0,complete
control_5cc31a4fd837cb,2018,0,complete
control_5cc31a4fd837cb,2019,0,complete
control_5cc31a4fd837cb,2020,1,complete
control_5cc31a4fd837cb,2021,1,complete
control_5cc31a4fd837cb,2022,4,complete
control_5cc31a4fd837cb,2023,17,complete
control_5cc31a4fd837cb,2024,50,complete
control_5cc31a4fd837cb,2025,41,complete
control_5cda46d4262c37,2017,0,complete
control_5cda46d4262c37,2018,0,complete
control_5cda46d4262c37,2019,0,complete
control_5cda46d4262c37,2020,0,complete
control_5cda46d4262c37,2021,0,complete
control_5cda46d4262c37,2022,9,complete
control_5cda46d4262c37,2023,8,complete
control_5cda46d4262c37,2024,7,complete
control_5cda46d4262c37,2025,5,complete
control_5cfc2a84a15add,2017,1,complete
control_5cfc2a84a15add,2018,2,complete
control_5cfc2a84a15add,2019,1,complete
control_5cfc2a84a15add,2020,5,complete
control_5cfc2a84a15add,2021,8,complete
control_5cfc2a84a15add,2022,2,complete
control_5cfc2a84a15add,2023,7,complete
control_5cfc2a84a15add,2024,6,complete
control_5cfc2a84a15add,2025,4,complete
control_5d32a9edd01644,2017,0,complete
control_5d32a9edd01644,2018,5,complete
control_5d32a9edd01644,2019,10,complete
control_5d32a9edd01644,2020,8,complete
control_5d32a9edd01644,2021,7,complete
control_5d32a9edd01644,2022,9,complete
control_5d32a9edd01644,2023,7,complete
control_5d32a9edd01644,2024,7,complete
control_5d32a9edd01644,2025,7,complete
control_5db11331d863c2,2017,1,complete
control_5db11331d863c2,2018,6,complete
control_5db11331d863c2,2019,5,complete
control_5db11331d863c2,2020,7,complete
control_5db11331d863c2,2021,5,complete
control_5db11331d863c2,2022,14,complete
control_5db11331d863c2,2023,8,complete
control_5db11331d863c2,2024,6,complete
control_5db11331d863c2,2025,10,complete
control_5dde9aa01446f0,2017,0,complete
control_5dde9aa01446f0,2018,1,complete
control_5dde9aa01446f0,2019,2,complete
control_5dde9aa01446f0,2020,3,complete
control_5dde9aa01446f0,2021,2,complete
control_5dde9aa01446f0,2022,3,complete
control_5dde9aa01446f0,2023,0,complete
control_5dde9aa01446f0,2024,0,complete
control_5dde9aa01446f0,2025,2,complete
control_5de57bb3fab761,2017,1,complete
control_5de57bb3fab761,2018,6,complete
control_5de57bb3fab761,2019,5,complete
control_5de57bb3fab761,2020,10,complete
control_5de57bb3fab761,2021,12,complete
control_5de57bb3fab761,2022,15,complete
control_5de57bb3fab761,2023,12,complete
control_5de57bb3fab761,2024,8,complete
control_5de57bb3fab761,2025,13,complete
control_5dfd038a7f741d,2017,0,complete
control_5dfd038a7f741d,2018,0,complete
control_5dfd038a7f741d,2019,0,complete
control_5dfd038a7f741d,2020,0,complete
control_5dfd038a7f741d,2021,0,complete
control_5dfd038a7f741d,2022,3,complete
control_5dfd038a7f741d,2023,3,complete
control_5dfd038a7f741d,2024,6,complete
control_5dfd038a7f741d,2025,4,complete
control_5dfe8b709658a1,2017,0,complete
control_5dfe8b709658a1,2018,0,complete
control_5dfe8b709658a1,2019,2,complete
control_5dfe8b709658a1,2020,3,complete
control_5dfe8b709658a1,2021,17,complete
control_5dfe8b709658a1,2022,38,complete
control_5dfe8b709658a1,2023,68,complete
control_5dfe8b709658a1,2024,124,complete
control_5dfe8b709658a1,2025,215,complete
control_5e55ce730aa845,2017,1,complete
control_5e55ce730aa845,2018,1,complete
control_5e55ce730aa845,2019,55,complete
control_5e55ce730aa845,2020,107,complete
control_5e55ce730aa845,2021,123,complete
control_5e55ce730aa845,2022,97,complete
control_5e55ce730aa845,2023,86,complete
control_5e55ce730aa845,2024,87,complete
control_5e55ce730aa845,2025,116,complete
control_5e8c86f20c4f35,2017,15,complete
control_5e8c86f20c4f35,2018,23,complete
control_5e8c86f20c4f35,2019,26,complete
control_5e8c86f20c4f35,2020,20,complete
control_5e8c86f20c4f35,2021,19,complete
control_5e8c86f20c4f35,2022,23,complete
control_5e8c86f20c4f35,2023,24,complete
control_5e8c86f20c4f35,2024,30,complete
control_5e8c86f20c4f35,2025,19,complete
control_5ead0ca1d825cf,2017,1,complete
control_5ead0ca1d825cf,2018,1,complete
control_5ead0ca1d825cf,2019,1,complete
control_5ead0ca1d825cf,2020,12,complete
control_5ead0ca1d825cf,2021,2,complete
control_5ead0ca1d825cf,2022,9,complete
control_5ead0ca1d825cf,2023,5,complete
control_5ead0ca1d825cf,2024,10,complete
control_5ead0ca1d825cf,2025,13,complete
control_5eb66a8b6fa314,2017,2,complete
control_5eb66a8b6fa314,2018,1,complete
control_5eb66a8b6fa314,2019,2,complete
control_5eb66a8b6fa314,2020,3,complete
control_5eb66a8b6fa314,2021,5,complete
control_5eb66a8b6fa314,2022,2,complete
control_5eb66a8b6fa314,2023,7,complete
control_5eb66a8b6fa314,2024,10,complete
control_5eb66a8b6fa314,2025,3,complete
control_5eccf96c09dc36,2017,0,complete
control_5eccf96c09dc36,2018,5,complete
control_5eccf96c09dc36,2019,0,complete
control_5eccf96c09dc36,2020,5,complete
control_5eccf96c09dc36,2021,3,complete
control_5eccf96c09dc36,2022,1,complete
control_5eccf96c09dc36,2023,3,complete
control_5eccf96c09dc36,2024,2,complete
control_5eccf96c09dc36,2025,0,complete
control_5f0aaadb6fa858,2017,6,complete
control_5f0aaadb6fa858,2018,9,complete
control_5f0aaadb6fa858,2019,11,complete
control_5f0aaadb6fa858,2020,31,complete
control_5f0aaadb6fa858,2021,20,complete
control_5f0aaadb6fa858,2022,23,complete
control_5f0aaadb6fa858,2023,16,complete
control_5f0aaadb6fa858,2024,19,complete
control_5f0aaadb6fa858,2025,13,complete
control_5f2b7c4426469b,2017,1,complete
control_5f2b7c4426469b,2018,2,complete
control_5f2b7c4426469b,2019,2,complete
control_5f2b7c4426469b,2020,3,complete
control_5f2b7c4426469b,2021,5,complete
control_5f2b7c4426469b,2022,9,complete
control_5f2b7c4426469b,2023,6,complete
control_5f2b7c4426469b,2024,6,complete
control_5f2b7c4426469b,2025,9,complete
control_5fbdafd71c9562,2017,3,complete
control_5fbdafd71c9562,2018,3,complete
control_5fbdafd71c9562,2019,6,complete
control_5fbdafd71c9562,2020,12,complete
control_5fbdafd71c9562,2021,17,complete
control_5fbdafd71c9562,2022,17,complete
control_5fbdafd71c9562,2023,10,complete
control_5fbdafd71c9562,2024,18,complete
control_5fbdafd71c9562,2025,11,complete
control_6009da4cf22f00,2017,0,complete
control_6009da4cf22f00,2018,2,complete
control_6009da4cf22f00,2019,1,complete
control_6009da4cf22f00,2020,9,complete
control_6009da4cf22f00,2021,11,complete
control_6009da4cf22f00,2022,5,complete
control_6009da4cf22f00,2023,6,complete
control_6009da4cf22f00,2024,2,complete
control_6009da4cf22f00,2025,6,complete
control_607dc3a2171c0f,2017,6,complete
control_607dc3a2171c0f,2018,9,complete
control_607dc3a2171c0f,2019,7,complete
control_607dc3a2171c0f,2020,14,complete
control_607dc3a2171c0f,2021,9,complete
control_607dc3a2171c0f,2022,9,complete
control_607dc3a2171c0f,2023,11,complete
control_607dc3a2171c0f,2024,20,complete
control_607dc3a2171c0f,2025,6,complete
control_608e4d87ba2cb8,2017,0,complete
control_608e4d87ba2cb8,2018,4,complete
control_608e4d87ba2cb8,2019,7,complete
control_608e4d87ba2cb8,2020,9,complete
control_608e4d87ba2cb8,2021,9,complete
control_608e4d87ba2cb8,2022,6,complete
control_608e4d87ba2cb8,2023,13,complete
control_608e4d87ba2cb8,2024,15,complete
control_608e4d87ba2cb8,2025,22,complete
control_6105142bfe6942,2017,0,complete
control_6105142bfe6942,2018,2,complete
control_6105142bfe6942,2019,7,complete
control_6105142bfe6942,2020,12,complete
control_6105142bfe6942,2021,20,complete
control_6105142bfe6942,2022,33,complete
control_6105142bfe6942,2023,28,complete
control_6105142bfe6942,2024,40,complete
control_6105142bfe6942,2025,34,complete
control_612bf12a671890,2017,0,complete
control_612bf12a671890,2018,0,complete
control_612bf12a671890,2019,0,complete
control_612bf12a671890,2020,6,complete
control_612bf12a671890,2021,4,complete
control_612bf12a671890,2022,8,complete
control_612bf12a671890,2023,11,complete
control_612bf12a671890,2024,22,complete
control_612bf12a671890,2025,23,complete
control_628d33fba19b27,2017,0,complete
control_628d33fba19b27,2018,0,complete
control_628d33fba19b27,2019,1,complete
control_628d33fba19b27,2020,9,complete
control_628d33fba19b27,2021,6,complete
control_628d33fba19b27,2022,5,complete
control_628d33fba19b27,2023,8,complete
control_628d33fba19b27,2024,5,complete
control_628d33fba19b27,2025,2,complete
control_6290cbc96124b4,2017,1,complete
control_6290cbc96124b4,2018,0,complete
control_6290cbc96124b4,2019,2,complete
control_6290cbc96124b4,2020,3,complete
control_6290cbc96124b4,2021,3,complete
control_6290cbc96124b4,2022,2,complete
control_6290cbc96124b4,2023,4,complete
control_6290cbc96124b4,2024,4,complete
control_6290cbc96124b4,2025,2,complete
control_629249b09d465c,2017,5,complete
control_629249b09d465c,2018,1,complete
control_629249b09d465c,2019,1,complete
control_629249b09d465c,2020,5,complete
control_629249b09d465c,2021,4,complete
control_629249b09d465c,2022,4,complete
control_629249b09d465c,2023,2,complete
control_629249b09d465c,2024,8,complete
control_629249b09d465c,2025,5,complete
control_62bc62c6272e0d,2017,14,complete
control_62bc62c6272e0d,2018,6,complete
control_62bc62c6272e0d,2019,18,complete
control_62bc62c6272e0d,2020,14,complete
control_62bc62c6272e0d,2021,54,complete
control_62bc62c6272e0d,2022,14,complete
control_62bc62c6272e0d,2023,24,complete
control_62bc62c6272e0d,2024,9,complete
control_62bc62c6272e0d,2025,11,complete
control_631db3fc5e4c98,2017,1,complete
control_631db3fc5e4c98,2018,0,complete
control_631db3fc5e4c98,2019,2,complete
control_631db3fc5e4c98,2020,6,complete
control_631db3fc5e4c98,2021,5,complete
control_631db3fc5e4c98,2022,9,complete
control_631db3fc5e4c98,2023,5,complete
control_631db3fc5e4c98,2024,7,complete
control_631db3fc5e4c98,2025,5,complete
control_633c4368c0b252,2017,0,complete
control_633c4368c0b252,2018,1,complete
control_633c4368c0b252,2019,1,complete
control_633c4368c0b252,2020,0,complete
control_633c4368c0b252,2021,1,complete
control_633c4368c0b252,2022,0,complete
control_633c4368c0b252,2023,0,complete
control_633c4368c0b252,2024,1,complete
control_633c4368c0b252,2025,0,complete
control_637017d89d8808,2017,7,complete
control_637017d89d8808,2018,3,complete
control_637017d89d8808,2019,4,complete
control_637017d89d8808,2020,2,complete
control_637017d89d8808,2021,2,complete
control_637017d89d8808,2022,3,complete
control_637017d89d8808,2023,2,complete
control_637017d89d8808,2024,2,complete
control_637017d89d8808,2025,1,complete
control_63797b95627cb5,2017,9,complete
control_63797b95627cb5,2018,12,complete
control_63797b95627cb5,2019,17,complete
control_63797b95627cb5,2020,10,complete
control_63797b95627cb5,2021,12,complete
control_63797b95627cb5,2022,10,complete
control_63797b95627cb5,2023,9,complete
control_63797b95627cb5,2024,6,complete
control_63797b95627cb5,2025,4,complete
control_639ae447d5f99c,2017,2,complete
control_639ae447d5f99c,2018,10,complete
control_639ae447d5f99c,2019,8,complete
control_639ae447d5f99c,2020,27,complete
control_639ae447d5f99c,2021,17,complete
control_639ae447d5f99c,2022,22,complete
control_639ae447d5f99c,2023,25,complete
control_639ae447d5f99c,2024,17,complete
control_639ae447d5f99c,2025,14,complete
control_639d48bda30407,2017,5,complete
control_639d48bda30407,2018,18,complete
control_639d48bda30407,2019,34,complete
control_639d48bda30407,2020,96,complete
control_639d48bda30407,2021,277,complete
control_639d48bda30407,2022,512,complete
control_639d48bda30407,2023,750,complete
control_639d48bda30407,2024,1075,complete
control_639d48bda30407,2025,1213,complete
control_63a5f5b4e6acea,2017,2,complete
control_63a5f5b4e6acea,2018,3,complete
control_63a5f5b4e6acea,2019,4,complete
control_63a5f5b4e6acea,2020,5,complete
control_63a5f5b4e6acea,2021,3,complete
control_63a5f5b4e6acea,2022,3,complete
control_63a5f5b4e6acea,2023,2,complete
control_63a5f5b4e6acea,2024,2,complete
control_63a5f5b4e6acea,2025,1,complete
control_63f77dd6a7de20,2017,1,complete
control_63f77dd6a7de20,2018,0,complete
control_63f77dd6a7de20,2019,1,complete
control_63f77dd6a7de20,2020,52,complete
control_63f77dd6a7de20,2021,65,complete
control_63f77dd6a7de20,2022,63,complete
control_63f77dd6a7de20,2023,77,complete
control_63f77dd6a7de20,2024,116,complete
control_63f77dd6a7de20,2025,80,complete
control_646bc2e34fc0b7,2017,3,complete
control_646bc2e34fc0b7,2018,9,complete
control_646bc2e34fc0b7,2019,13,complete
control_646bc2e34fc0b7,2020,10,complete
control_646bc2e34fc0b7,2021,21,complete
control_646bc2e34fc0b7,2022,21,complete
control_646bc2e34fc0b7,2023,32,complete
control_646bc2e34fc0b7,2024,17,complete
control_646bc2e34fc0b7,2025,24,complete
control_6525342215f6ff,2017,1,complete
control_6525342215f6ff,2018,1,complete
control_6525342215f6ff,2019,1,complete
control_6525342215f6ff,2020,1,complete
control_6525342215f6ff,2021,8,complete
control_6525342215f6ff,2022,19,complete
control_6525342215f6ff,2023,12,complete
control_6525342215f6ff,2024,43,complete
control_6525342215f6ff,2025,16,complete
control_65595a2ff70366,2017,1,complete
control_65595a2ff70366,2018,9,complete
control_65595a2ff70366,2019,24,complete
control_65595a2ff70366,2020,37,complete
control_65595a2ff70366,2021,39,complete
control_65595a2ff70366,2022,50,complete
control_65595a2ff70366,2023,43,complete
control_65595a2ff70366,2024,44,complete
control_65595a2ff70366,2025,60,complete
control_6565d214f6a0d8,2017,2,complete
control_6565d214f6a0d8,2018,3,complete
control_6565d214f6a0d8,2019,4,complete
control_6565d214f6a0d8,2020,6,complete
control_6565d214f6a0d8,2021,14,complete
control_6565d214f6a0d8,2022,9,complete
control_6565d214f6a0d8,2023,13,complete
control_6565d214f6a0d8,2024,11,complete
control_6565d214f6a0d8,2025,10,complete
control_65830a4a5e806d,2017,17,complete
control_65830a4a5e806d,2018,29,complete
control_65830a4a5e806d,2019,36,complete
control_65830a4a5e806d,2020,62,complete
control_65830a4a5e806d,2021,147,complete
control_65830a4a5e806d,2022,123,complete
control_65830a4a5e806d,2023,175,complete
control_65830a4a5e806d,2024,211,complete
control_65830a4a5e806d,2025,196,complete
control_667bc4716098d8,2017,0,complete
control_667bc4716098d8,2018,1,complete
control_667bc4716098d8,2019,2,complete
control_667bc4716098d8,2020,6,complete
control_667bc4716098d8,2021,21,complete
control_667bc4716098d8,2022,32,complete
control_667bc4716098d8,2023,32,complete
control_667bc4716098d8,2024,35,complete
control_667bc4716098d8,2025,17,complete
control_66959e563f48c5,2017,1,complete
control_66959e563f48c5,2018,6,complete
control_66959e563f48c5,2019,20,complete
control_66959e563f48c5,2020,40,complete
control_66959e563f48c5,2021,76,complete
control_66959e563f48c5,2022,121,complete
control_66959e563f48c5,2023,199,complete
control_66959e563f48c5,2024,190,complete
control_66959e563f48c5,2025,191,complete
control_66e542962a1dc6,2017,7,complete
control_66e542962a1dc6,2018,6,complete
control_66e542962a1dc6,2019,8,complete
control_66e542962a1dc6,2020,7,complete
control_66e542962a1dc6,2021,6,complete
control_66e542962a1dc6,2022,4,complete
control_66e542962a1dc6,2023,7,complete
control_66e542962a1dc6,2024,3,complete
control_66e542962a1dc6,2025,3,complete
control_66ef6c7e6e863d,2017,0,complete
control_66ef6c7e6e863d,2018,0,complete
control_66ef6c7e6e863d,2019,0,complete
control_66ef6c7e6e863d,2020,1,complete
control_66ef6c7e6e863d,2021,8,complete
control_66ef6c7e6e863d,2022,10,complete
control_66ef6c7e6e863d,2023,8,complete
control_66ef6c7e6e863d,2024,30,complete
control_66ef6c7e6e863d,2025,14,complete
control_671098be124051,2017,1,complete
control_671098be124051,2018,0,complete
control_671098be124051,2019,2,complete
control_671098be124051,2020,1,complete
control_671098be124051,2021,0,complete
control_671098be124051,2022,6,complete
control_671098be124051,2023,3,complete
control_671098be124051,2024,7,complete
control_671098be124051,2025,5,complete
control_673499735a57f8,2017,1,complete
control_673499735a57f8,2018,0,complete
control_673499735a57f8,2019,0,complete
control_673499735a57f8,2020,0,complete
control_673499735a57f8,2021,0,complete
control_673499735a57f8,2022,4,complete
control_673499735a57f8,2023,1,complete
control_673499735a57f8,2024,1,complete
control_673499735a57f8,2025,2,complete
control_67aec1fede4410,2017,0,complete
control_67aec1fede4410,2018,0,complete
control_67aec1fede4410,2019,1,complete
control_67aec1fede4410,2020,2,complete
control_67aec1fede4410,2021,5,complete
control_67aec1fede4410,2022,0,complete
control_67aec1fede4410,2023,1,complete
control_67aec1fede4410,2024,0,complete
control_67aec1fede4410,2025,0,complete
control_67dbb9268ce739,2017,6,complete
control_67dbb9268ce739,2018,8,complete
control_67dbb9268ce739,2019,10,complete
control_67dbb9268ce739,2020,13,complete
control_67dbb9268ce739,2021,18,complete
control_67dbb9268ce739,2022,27,complete
control_67dbb9268ce739,2023,29,complete
control_67dbb9268ce739,2024,26,complete
control_67dbb9268ce739,2025,28,complete
control_68580f1a292e85,2017,3,complete
control_68580f1a292e85,2018,3,complete
control_68580f1a292e85,2019,2,complete
control_68580f1a292e85,2020,3,complete
control_68580f1a292e85,2021,7,complete
control_68580f1a292e85,2022,9,complete
control_68580f1a292e85,2023,1,complete
control_68580f1a292e85,2024,1,complete
control_68580f1a292e85,2025,2,complete
control_691cf233358c4c,2017,2,complete
control_691cf233358c4c,2018,10,complete
control_691cf233358c4c,2019,9,complete
control_691cf233358c4c,2020,26,complete
control_691cf233358c4c,2021,14,complete
control_691cf233358c4c,2022,14,complete
control_691cf233358c4c,2023,24,complete
control_691cf233358c4c,2024,14,complete
control_691cf233358c4c,2025,11,complete
control_69677cc633749d,2017,2,complete
control_69677cc633749d,2018,1,complete
control_69677cc633749d,2019,3,complete
control_69677cc633749d,2020,7,complete
control_69677cc633749d,2021,4,complete
control_69677cc633749d,2022,3,complete
control_69677cc633749d,2023,4,complete
control_69677cc633749d,2024,7,complete
control_69677cc633749d,2025,8,complete
control_699653dd4fecd4,2017,3,complete
control_699653dd4fecd4,2018,6,complete
control_699653dd4fecd4,2019,32,complete
control_699653dd4fecd4,2020,47,complete
control_699653dd4fecd4,2021,62,complete
control_699653dd4fecd4,2022,56,complete
control_699653dd4fecd4,2023,98,complete
control_699653dd4fecd4,2024,66,complete
control_699653dd4fecd4,2025,63,complete
control_6a0904ee75b6b7,2017,5,complete
control_6a0904ee75b6b7,2018,10,complete
control_6a0904ee75b6b7,2019,26,complete
control_6a0904ee75b6b7,2020,22,complete
control_6a0904ee75b6b7,2021,38,complete
control_6a0904ee75b6b7,2022,44,complete
control_6a0904ee75b6b7,2023,78,complete
control_6a0904ee75b6b7,2024,47,complete
control_6a0904ee75b6b7,2025,35,complete
control_6a11f9a0a2b256,2017,1,complete
control_6a11f9a0a2b256,2018,2,complete
control_6a11f9a0a2b256,2019,1,complete
control_6a11f9a0a2b256,2020,4,complete
control_6a11f9a0a2b256,2021,2,complete
control_6a11f9a0a2b256,2022,2,complete
control_6a11f9a0a2b256,2023,3,complete
control_6a11f9a0a2b256,2024,1,complete
control_6a11f9a0a2b256,2025,2,complete
control_6a65accb819edb,2017,0,complete
control_6a65accb819edb,2018,1,complete
control_6a65accb819edb,2019,1,complete
control_6a65accb819edb,2020,5,complete
control_6a65accb819edb,2021,4,complete
control_6a65accb819edb,2022,4,complete
control_6a65accb819edb,2023,1,complete
control_6a65accb819edb,2024,5,complete
control_6a65accb819edb,2025,2,complete
control_6a673e1a70b6be,2017,0,complete
control_6a673e1a70b6be,2018,1,complete
control_6a673e1a70b6be,2019,1,complete
control_6a673e1a70b6be,2020,2,complete
control_6a673e1a70b6be,2021,3,complete
control_6a673e1a70b6be,2022,1,complete
control_6a673e1a70b6be,2023,2,complete
control_6a673e1a70b6be,2024,0,complete
control_6a673e1a70b6be,2025,0,complete
control_6a73687a8d2b95,2017,8,complete
control_6a73687a8d2b95,2018,16,complete
control_6a73687a8d2b95,2019,9,complete
control_6a73687a8d2b95,2020,7,complete
control_6a73687a8d2b95,2021,18,complete
control_6a73687a8d2b95,2022,12,complete
control_6a73687a8d2b95,2023,11,complete
control_6a73687a8d2b95,2024,6,complete
control_6a73687a8d2b95,2025,8,complete
control_6aa5877e98398e,2017,1,complete
control_6aa5877e98398e,2018,1,complete
control_6aa5877e98398e,2019,1,complete
control_6aa5877e98398e,2020,1,complete
control_6aa5877e98398e,2021,0,complete
control_6aa5877e98398e,2022,1,complete
control_6aa5877e98398e,2023,1,complete
control_6aa5877e98398e,2024,1,complete
control_6aa5877e98398e,2025,2,complete
control_6b04686a59b6ed,2017,0,complete
control_6b04686a59b6ed,2018,0,complete
control_6b04686a59b6ed,2019,0,complete
control_6b04686a59b6ed,2020,2,complete
control_6b04686a59b6ed,2021,4,complete
control_6b04686a59b6ed,2022,3,complete
control_6b04686a59b6ed,2023,3,complete
control_6b04686a59b6ed,2024,4,complete
control_6b04686a59b6ed,2025,17,complete
control_6b07def4928d97,2017,2,complete
control_6b07def4928d97,2018,0,complete
control_6b07def4928d97,2019,1,complete
control_6b07def4928d97,2020,21,complete
control_6b07def4928d97,2021,26,complete
control_6b07def4928d97,2022,34,complete
control_6b07def4928d97,2023,48,complete
control_6b07def4928d97,2024,34,complete
control_6b07def4928d97,2025,45,complete
control_6b4dfee4e618d4,2017,0,complete
control_6b4dfee4e618d4,2018,1,complete
control_6b4dfee4e618d4,2019,8,complete
control_6b4dfee4e618d4,2020,55,complete
control_6b4dfee4e618d4,2021,81,complete
control_6b4dfee4e618d4,2022,128,complete
control_6b4dfee4e618d4,2023,169,complete
control_6b4dfee4e618d4,2024,162,complete
control_6b4dfee4e618d4,2025,148,complete
control_6befa48dd9e0f1,2017,4,complete
control_6befa48dd9e0f1,2018,2,complete
control_6befa48dd9e0f1,2019,6,complete
control_6befa48dd9e0f1,2020,5,complete
control_6befa48dd9e0f1,2021,2,complete
control_6befa48dd9e0f1,2022,3,complete
control_6befa48dd9e0f1,2023,1,complete
control_6befa48dd9e0f1,2024,3,complete
control_6befa48dd9e0f1,2025,1,complete
control_6c2a5830b7a2a2,2017,0,complete
control_6c2a5830b7a2a2,2018,2,complete
control_6c2a5830b7a2a2,2019,0,complete
control_6c2a5830b7a2a2,2020,0,complete
control_6c2a5830b7a2a2,2021,0,complete
control_6c2a5830b7a2a2,2022,0,complete
control_6c2a5830b7a2a2,2023,0,complete
control_6c2a5830b7a2a2,2024,0,complete
control_6c2a5830b7a2a2,2025,1,complete
control_6c67f94bcc58ce,2017,2,complete
control_6c67f94bcc58ce,2018,7,complete
control_6c67f94bcc58ce,2019,3,complete
control_6c67f94bcc58ce,2020,8,complete
control_6c67f94bcc58ce,2021,14,complete
control_6c67f94bcc58ce,2022,11,complete
control_6c67f94bcc58ce,2023,14,complete
control_6c67f94bcc58ce,2024,19,complete
control_6c67f94bcc58ce,2025,14,complete
control_6c6d3a981b2365,2017,0,complete
control_6c6d3a981b2365,2018,0,complete
control_6c6d3a981b2365,2019,0,complete
control_6c6d3a981b2365,2020,0,complete
control_6c6d3a981b2365,2021,0,complete
control_6c6d3a981b2365,2022,6,complete
control_6c6d3a981b2365,2023,15,complete
control_6c6d3a981b2365,2024,22,complete
control_6c6d3a981b2365,2025,22,complete
control_6cacf1390c376b,2017,0,complete
control_6cacf1390c376b,2018,0,complete
control_6cacf1390c376b,2019,11,complete
control_6cacf1390c376b,2020,60,complete
control_6cacf1390c376b,2021,108,complete
control_6cacf1390c376b,2022,121,complete
control_6cacf1390c376b,2023,168,complete
control_6cacf1390c376b,2024,171,complete
control_6cacf1390c376b,2025,188,complete
control_6cdc6f66c7dd3f,2017,1,complete
control_6cdc6f66c7dd3f,2018,0,complete
control_6cdc6f66c7dd3f,2019,5,complete
control_6cdc6f66c7dd3f,2020,3,complete
control_6cdc6f66c7dd3f,2021,4,complete
control_6cdc6f66c7dd3f,2022,3,complete
control_6cdc6f66c7dd3f,2023,1,complete
control_6cdc6f66c7dd3f,2024,4,complete
control_6cdc6f66c7dd3f,2025,10,complete
control_6da047dffa9686,2017,1,complete
control_6da047dffa9686,2018,8,complete
control_6da047dffa9686,2019,12,complete
control_6da047dffa9686,2020,15,complete
control_6da047dffa9686,2021,26,complete
control_6da047dffa9686,2022,20,complete
control_6da047dffa9686,2023,16,complete
control_6da047dffa9686,2024,21,complete
control_6da047dffa9686,2025,16,complete
control_6e059a541e618c,2017,1,complete
control_6e059a541e618c,2018,1,complete
control_6e059a541e618c,2019,2,complete
control_6e059a541e618c,2020,1,complete
control_6e059a541e618c,2021,1,complete
control_6e059a541e618c,2022,2,complete
control_6e059a541e618c,2023,1,complete
control_6e059a541e618c,2024,3,complete
control_6e059a541e618c,2025,1,complete
control_6e9f5fcd14f789,2017,10,complete
control_6e9f5fcd14f789,2018,7,complete
control_6e9f5fcd14f789,2019,19,complete
control_6e9f5fcd14f789,2020,32,complete
control_6e9f5fcd14f789,2021,33,complete
control_6e9f5fcd14f789,2022,44,complete
control_6e9f5fcd14f789,2023,49,complete
control_6e9f5fcd14f789,2024,32,complete
control_6e9f5fcd14f789,2025,42,complete
control_6f1c859a9f3574,2017,9,complete
control_6f1c859a9f3574,2018,10,complete
control_6f1c859a9f3574,2019,5,complete
control_6f1c859a9f3574,2020,14,complete
control_6f1c859a9f3574,2021,23,complete
control_6f1c859a9f3574,2022,14,complete
control_6f1c859a9f3574,2023,12,complete
control_6f1c859a9f3574,2024,13,complete
control_6f1c859a9f3574,2025,9,complete
control_6f6d2bcc308c4f,2017,1,complete
control_6f6d2bcc308c4f,2018,0,complete
control_6f6d2bcc308c4f,2019,0,complete
control_6f6d2bcc308c4f,2020,0,complete
control_6f6d2bcc308c4f,2021,1,complete
control_6f6d2bcc308c4f,2022,0,complete
control_6f6d2bcc308c4f,2023,0,complete
control_6f6d2bcc308c4f,2024,0,complete
control_6f6d2bcc308c4f,2025,0,complete
control_6fe97f465f0bfe,2017,3,complete
control_6fe97f465f0bfe,2018,5,complete
control_6fe97f465f0bfe,2019,15,complete
control_6fe97f465f0bfe,2020,13,complete
control_6fe97f465f0bfe,2021,9,complete
control_6fe97f465f0bfe,2022,4,complete
control_6fe97f465f0bfe,2023,10,complete
control_6fe97f465f0bfe,2024,13,complete
control_6fe97f465f0bfe,2025,7,complete
control_6ffc1895e8126f,2017,2,complete
control_6ffc1895e8126f,2018,8,complete
control_6ffc1895e8126f,2019,15,complete
control_6ffc1895e8126f,2020,41,complete
control_6ffc1895e8126f,2021,20,complete
control_6ffc1895e8126f,2022,26,complete
control_6ffc1895e8126f,2023,22,complete
control_6ffc1895e8126f,2024,44,complete
control_6ffc1895e8126f,2025,21,complete
control_704da3168039f9,2017,0,complete
control_704da3168039f9,2018,0,complete
control_704da3168039f9,2019,0,complete
control_704da3168039f9,2020,1,complete
control_704da3168039f9,2021,3,complete
control_704da3168039f9,2022,3,complete
control_704da3168039f9,2023,28,complete
control_704da3168039f9,2024,25,complete
control_704da3168039f9,2025,45,complete
control_70777c4f695039,2017,0,complete
control_70777c4f695039,2018,0,complete
control_70777c4f695039,2019,1,complete
control_70777c4f695039,2020,1,complete
control_70777c4f695039,2021,1,complete
control_70777c4f695039,2022,8,complete
control_70777c4f695039,2023,11,complete
control_70777c4f695039,2024,7,complete
control_70777c4f695039,2025,12,complete
control_708fb8d740513f,2017,0,complete
control_708fb8d740513f,2018,0,complete
control_708fb8d740513f,2019,3,complete
control_708fb8d740513f,2020,3,complete
control_708fb8d740513f,2021,6,complete
control_708fb8d740513f,2022,13,complete
control_708fb8d740513f,2023,20,complete
control_708fb8d740513f,2024,14,complete
control_708fb8d740513f,2025,15,complete
control_70f4c0e73539bf,2017,8,complete
control_70f4c0e73539bf,2018,5,complete
control_70f4c0e73539bf,2019,16,complete
control_70f4c0e73539bf,2020,31,complete
control_70f4c0e73539bf,2021,28,complete
control_70f4c0e73539bf,2022,31,complete
control_70f4c0e73539bf,2023,31,complete
control_70f4c0e73539bf,2024,30,complete
control_70f4c0e73539bf,2025,25,complete
control_718e6258ebbf57,2017,14,complete
control_718e6258ebbf57,2018,45,complete
control_718e6258ebbf57,2019,47,complete
control_718e6258ebbf57,2020,50,complete
control_718e6258ebbf57,2021,43,complete
control_718e6258ebbf57,2022,57,complete
control_718e6258ebbf57,2023,32,complete
control_718e6258ebbf57,2024,30,complete
control_718e6258ebbf57,2025,25,complete
control_71a5877f8f17e2,2017,0,complete
control_71a5877f8f17e2,2018,0,complete
control_71a5877f8f17e2,2019,0,complete
control_71a5877f8f17e2,2020,0,complete
control_71a5877f8f17e2,2021,0,complete
control_71a5877f8f17e2,2022,1,complete
control_71a5877f8f17e2,2023,2,complete
control_71a5877f8f17e2,2024,0,complete
control_71a5877f8f17e2,2025,0,complete
control_725ed0d5367f5b,2017,0,complete
control_725ed0d5367f5b,2018,0,complete
control_725ed0d5367f5b,2019,0,complete
control_725ed0d5367f5b,2020,2,complete
control_725ed0d5367f5b,2021,5,complete
control_725ed0d5367f5b,2022,2,complete
control_725ed0d5367f5b,2023,2,complete
control_725ed0d5367f5b,2024,0,complete
control_725ed0d5367f5b,2025,7,complete
control_726cecc8e87a89,2017,0,complete
control_726cecc8e87a89,2018,1,complete
control_726cecc8e87a89,2019,2,complete
control_726cecc8e87a89,2020,7,complete
control_726cecc8e87a89,2021,47,complete
control_726cecc8e87a89,2022,53,complete
control_726cecc8e87a89,2023,50,complete
control_726cecc8e87a89,2024,101,complete
control_726cecc8e87a89,2025,50,complete
control_729704e54c6029,2017,3,complete
control_729704e54c6029,2018,13,complete
control_729704e54c6029,2019,10,complete
control_729704e54c6029,2020,20,complete
control_729704e54c6029,2021,36,complete
control_729704e54c6029,2022,19,complete
control_729704e54c6029,2023,35,complete
control_729704e54c6029,2024,29,complete
control_729704e54c6029,2025,26,complete
control_7299ee89e67d05,2017,1,complete
control_7299ee89e67d05,2018,3,complete
control_7299ee89e67d05,2019,2,complete
control_7299ee89e67d05,2020,12,complete
control_7299ee89e67d05,2021,8,complete
control_7299ee89e67d05,2022,8,complete
control_7299ee89e67d05,2023,7,complete
control_7299ee89e67d05,2024,7,complete
control_7299ee89e67d05,2025,8,complete
control_72d39f47d3b230,2017,9,complete
control_72d39f47d3b230,2018,8,complete
control_72d39f47d3b230,2019,13,complete
control_72d39f47d3b230,2020,49,complete
control_72d39f47d3b230,2021,53,complete
control_72d39f47d3b230,2022,67,complete
control_72d39f47d3b230,2023,80,complete
control_72d39f47d3b230,2024,97,complete
control_72d39f47d3b230,2025,130,complete
control_72dc5caad9fdb3,2017,1,complete
control_72dc5caad9fdb3,2018,2,complete
control_72dc5caad9fdb3,2019,5,complete
control_72dc5caad9fdb3,2020,6,complete
control_72dc5caad9fdb3,2021,8,complete
control_72dc5caad9fdb3,2022,9,complete
control_72dc5caad9fdb3,2023,3,complete
control_72dc5caad9fdb3,2024,14,complete
control_72dc5caad9fdb3,2025,10,complete
control_72dc99c22372f1,2017,1,complete
control_72dc99c22372f1,2018,1,complete
control_72dc99c22372f1,2019,5,complete
control_72dc99c22372f1,2020,2,complete
control_72dc99c22372f1,2021,6,complete
control_72dc99c22372f1,2022,5,complete
control_72dc99c22372f1,2023,10,complete
control_72dc99c22372f1,2024,8,complete
control_72dc99c22372f1,2025,10,complete
control_72ef80ee482b5a,2017,1,complete
control_72ef80ee482b5a,2018,4,complete
control_72ef80ee482b5a,2019,2,complete
control_72ef80ee482b5a,2020,11,complete
control_72ef80ee482b5a,2021,19,complete
control_72ef80ee482b5a,2022,15,complete
control_72ef80ee482b5a,2023,16,complete
control_72ef80ee482b5a,2024,18,complete
control_72ef80ee482b5a,2025,16,complete
control_7320abbe24b0d1,2017,6,complete
control_7320abbe24b0d1,2018,10,complete
control_7320abbe24b0d1,2019,12,complete
control_7320abbe24b0d1,2020,15,complete
control_7320abbe24b0d1,2021,13,complete
control_7320abbe24b0d1,2022,10,complete
control_7320abbe24b0d1,2023,5,complete
control_7320abbe24b0d1,2024,3,complete
control_7320abbe24b0d1,2025,5,complete
control_73b379eeb0ebab,2017,2,complete
control_73b379eeb0ebab,2018,5,complete
control_73b379eeb0ebab,2019,5,complete
control_73b379eeb0ebab,2020,7,complete
control_73b379eeb0ebab,2021,13,complete
control_73b379eeb0ebab,2022,18,complete
control_73b379eeb0ebab,2023,23,complete
control_73b379eeb0ebab,2024,23,complete
control_73b379eeb0ebab,2025,31,complete
control_745d98204548f4,2017,1,complete
control_745d98204548f4,2018,1,complete
control_745d98204548f4,2019,2,complete
control_745d98204548f4,2020,2,complete
control_745d98204548f4,2021,2,complete
control_745d98204548f4,2022,3,complete
control_745d98204548f4,2023,7,complete
control_745d98204548f4,2024,4,complete
control_745d98204548f4,2025,6,complete
control_74830d9977e9ee,2017,0,complete
control_74830d9977e9ee,2018,1,complete
control_74830d9977e9ee,2019,2,complete
control_74830d9977e9ee,2020,12,complete
control_74830d9977e9ee,2021,24,complete
control_74830d9977e9ee,2022,20,complete
control_74830d9977e9ee,2023,12,complete
control_74830d9977e9ee,2024,17,complete
control_74830d9977e9ee,2025,7,complete
control_74d27c06462fac,2017,44,complete
control_74d27c06462fac,2018,24,complete
control_74d27c06462fac,2019,49,complete
control_74d27c06462fac,2020,37,complete
control_74d27c06462fac,2021,42,complete
control_74d27c06462fac,2022,62,complete
control_74d27c06462fac,2023,46,complete
control_74d27c06462fac,2024,42,complete
control_74d27c06462fac,2025,25,complete
control_7539f5759ebadc,2017,0,complete
control_7539f5759ebadc,2018,5,complete
control_7539f5759ebadc,2019,8,complete
control_7539f5759ebadc,2020,7,complete
control_7539f5759ebadc,2021,8,complete
control_7539f5759ebadc,2022,5,complete
control_7539f5759ebadc,2023,5,complete
control_7539f5759ebadc,2024,4,complete
control_7539f5759ebadc,2025,3,complete
control_7545bb5f3508ad,2017,1,complete
control_7545bb5f3508ad,2018,1,complete
control_7545bb5f3508ad,2019,3,complete
control_7545bb5f3508ad,2020,10,complete
control_7545bb5f3508ad,2021,12,complete
control_7545bb5f3508ad,2022,13,complete
control_7545bb5f3508ad,2023,14,complete
control_7545bb5f3508ad,2024,28,complete
control_7545bb5f3508ad,2025,20,complete
control_755ad3dae71102,2017,1,complete
control_755ad3dae71102,2018,0,complete
control_755ad3dae71102,2019,0,complete
control_755ad3dae71102,2020,1,complete
control_755ad3dae71102,2021,3,complete
control_755ad3dae71102,2022,14,complete
control_755ad3dae71102,2023,89,complete
control_755ad3dae71102,2024,138,complete
control_755ad3dae71102,2025,175,complete
control_7569bb7b1dc8ea,2017,0,complete
control_7569bb7b1dc8ea,2018,1,complete
control_7569bb7b1dc8ea,2019,1,complete
control_7569bb7b1dc8ea,2020,4,complete
control_7569bb7b1dc8ea,2021,3,complete
control_7569bb7b1dc8ea,2022,4,complete
control_7569bb7b1dc8ea,2023,6,complete
control_7569bb7b1dc8ea,2024,6,complete
control_7569bb7b1dc8ea,2025,1,complete
control_756b6db7e57bd7,2017,0,complete
control_756b6db7e57bd7,2018,2,complete
control_756b6db7e57bd7,2019,2,complete
control_756b6db7e57bd7,2020,0,complete
control_756b6db7e57bd7,2021,2,complete
control_756b6db7e57bd7,2022,3,complete
control_756b6db7e57bd7,2023,2,complete
control_756b6db7e57bd7,2024,1,complete
control_756b6db7e57bd7,2025,1,complete
control_7596f97e9bbe2d,2017,0,complete
control_7596f97e9bbe2d,2018,3,complete
control_7596f97e9bbe2d,2019,3,complete
control_7596f97e9bbe2d,2020,5,complete
control_7596f97e9bbe2d,2021,6,complete
control_7596f97e9bbe2d,2022,5,complete
control_7596f97e9bbe2d,2023,10,complete
control_7596f97e9bbe2d,2024,8,complete
control_7596f97e9bbe2d,2025,10,complete
control_763e5a2e5c24fb,2017,1,complete
control_763e5a2e5c24fb,2018,0,complete
control_763e5a2e5c24fb,2019,1,complete
control_763e5a2e5c24fb,2020,5,complete
control_763e5a2e5c24fb,2021,6,complete
control_763e5a2e5c24fb,2022,7,complete
control_763e5a2e5c24fb,2023,12,complete
control_763e5a2e5c24fb,2024,6,complete
control_763e5a2e5c24fb,2025,10,complete
control_76712aa324bc17,2017,0,complete
control_76712aa324bc17,2018,0,complete
control_76712aa324bc17,2019,1,complete
control_76712aa324bc17,2020,0,complete
control_76712aa324bc17,2021,0,complete
control_76712aa324bc17,2022,1,complete
control_76712aa324bc17,2023,1,complete
control_76712aa324bc17,2024,3,complete
control_76712aa324bc17,2025,0,complete
control_7676c8e0283dfc,2017,2,complete
control_7676c8e0283dfc,2018,5,complete
control_7676c8e0283dfc,2019,11,complete
control_7676c8e0283dfc,2020,11,complete
control_7676c8e0283dfc,2021,34,complete
control_7676c8e0283dfc,2022,29,complete
control_7676c8e0283dfc,2023,34,complete
control_7676c8e0283dfc,2024,41,complete
control_7676c8e0283dfc,2025,52,complete
control_767c1c62e87a8b,2017,0,complete
control_767c1c62e87a8b,2018,1,complete
control_767c1c62e87a8b,2019,1,complete
control_767c1c62e87a8b,2020,0,complete
control_767c1c62e87a8b,2021,0,complete
control_767c1c62e87a8b,2022,1,complete
control_767c1c62e87a8b,2023,1,complete
control_767c1c62e87a8b,2024,1,complete
control_767c1c62e87a8b,2025,0,complete
control_76d159d7ad4ea2,2017,1,complete
control_76d159d7ad4ea2,2018,1,complete
control_76d159d7ad4ea2,2019,1,complete
control_76d159d7ad4ea2,2020,2,complete
control_76d159d7ad4ea2,2021,9,complete
control_76d159d7ad4ea2,2022,8,complete
control_76d159d7ad4ea2,2023,11,complete
control_76d159d7ad4ea2,2024,5,complete
control_76d159d7ad4ea2,2025,3,complete
control_76fdbd1473c089,2017,1,complete
control_76fdbd1473c089,2018,3,complete
control_76fdbd1473c089,2019,2,complete
control_76fdbd1473c089,2020,0,complete
control_76fdbd1473c089,2021,1,complete
control_76fdbd1473c089,2022,0,complete
control_76fdbd1473c089,2023,1,complete
control_76fdbd1473c089,2024,0,complete
control_76fdbd1473c089,2025,0,complete
control_7720cc4d574956,2017,0,complete
control_7720cc4d574956,2018,0,complete
control_7720cc4d574956,2019,0,complete
control_7720cc4d574956,2020,2,complete
control_7720cc4d574956,2021,6,complete
control_7720cc4d574956,2022,11,complete
control_7720cc4d574956,2023,30,complete
control_7720cc4d574956,2024,44,complete
control_7720cc4d574956,2025,34,complete
control_7721cac291da60,2017,1,complete
control_7721cac291da60,2018,2,complete
control_7721cac291da60,2019,1,complete
control_7721cac291da60,2020,2,complete
control_7721cac291da60,2021,1,complete
control_7721cac291da60,2022,0,complete
control_7721cac291da60,2023,0,complete
control_7721cac291da60,2024,0,complete
control_7721cac291da60,2025,0,complete
control_77412ae1f7eb32,2017,3,complete
control_77412ae1f7eb32,2018,7,complete
control_77412ae1f7eb32,2019,5,complete
control_77412ae1f7eb32,2020,3,complete
control_77412ae1f7eb32,2021,3,complete
control_77412ae1f7eb32,2022,7,complete
control_77412ae1f7eb32,2023,4,complete
control_77412ae1f7eb32,2024,10,complete
control_77412ae1f7eb32,2025,2,complete
control_778e30c6204e1c,2017,1,complete
control_778e30c6204e1c,2018,0,complete
control_778e30c6204e1c,2019,9,complete
control_778e30c6204e1c,2020,21,complete
control_778e30c6204e1c,2021,20,complete
control_778e30c6204e1c,2022,16,complete
control_778e30c6204e1c,2023,28,complete
control_778e30c6204e1c,2024,12,complete
control_778e30c6204e1c,2025,12,complete
control_77d320edac36c0,2017,2,complete
control_77d320edac36c0,2018,1,complete
control_77d320edac36c0,2019,1,complete
control_77d320edac36c0,2020,6,complete
control_77d320edac36c0,2021,5,complete
control_77d320edac36c0,2022,3,complete
control_77d320edac36c0,2023,4,complete
control_77d320edac36c0,2024,3,complete
control_77d320edac36c0,2025,0,complete
control_77f7046a2e3f29,2017,1,complete
control_77f7046a2e3f29,2018,4,complete
control_77f7046a2e3f29,2019,4,complete
control_77f7046a2e3f29,2020,4,complete
control_77f7046a2e3f29,2021,7,complete
control_77f7046a2e3f29,2022,5,complete
control_77f7046a2e3f29,2023,10,complete
control_77f7046a2e3f29,2024,4,complete
control_77f7046a2e3f29,2025,7,complete
control_788390747f2f7a,2017,0,complete
control_788390747f2f7a,2018,2,complete
control_788390747f2f7a,2019,0,complete
control_788390747f2f7a,2020,0,complete
control_788390747f2f7a,2021,1,complete
control_788390747f2f7a,2022,2,complete
control_788390747f2f7a,2023,0,complete
control_788390747f2f7a,2024,3,complete
control_788390747f2f7a,2025,1,complete
control_788e4212dfe793,2017,0,complete
control_788e4212dfe793,2018,0,complete
control_788e4212dfe793,2019,12,complete
control_788e4212dfe793,2020,29,complete
control_788e4212dfe793,2021,20,complete
control_788e4212dfe793,2022,21,complete
control_788e4212dfe793,2023,31,complete
control_788e4212dfe793,2024,28,complete
control_788e4212dfe793,2025,33,complete
control_78c9bd2cec45a5,2017,0,complete
control_78c9bd2cec45a5,2018,4,complete
control_78c9bd2cec45a5,2019,7,complete
control_78c9bd2cec45a5,2020,13,complete
control_78c9bd2cec45a5,2021,8,complete
control_78c9bd2cec45a5,2022,11,complete
control_78c9bd2cec45a5,2023,11,complete
control_78c9bd2cec45a5,2024,9,complete
control_78c9bd2cec45a5,2025,9,complete
control_78db8500a0d19a,2017,0,complete
control_78db8500a0d19a,2018,0,complete
control_78db8500a0d19a,2019,0,complete
control_78db8500a0d19a,2020,0,complete
control_78db8500a0d19a,2021,0,complete
control_78db8500a0d19a,2022,0,complete
control_78db8500a0d19a,2023,0,complete
control_78db8500a0d19a,2024,0,complete
control_78db8500a0d19a,2025,0,complete
control_78ec52bb39e92b,2017,0,complete
control_78ec52bb39e92b,2018,0,complete
control_78ec52bb39e92b,2019,1,complete
control_78ec52bb39e92b,2020,5,complete
control_78ec52bb39e92b,2021,9,complete
control_78ec52bb39e92b,2022,8,complete
control_78ec52bb39e92b,2023,8,complete
control_78ec52bb39e92b,2024,15,complete
control_78ec52bb39e92b,2025,14,complete
control_79623804e4f5c5,2017,0,complete
control_79623804e4f5c5,2018,0,complete
control_79623804e4f5c5,2019,0,complete
control_79623804e4f5c5,2020,0,complete
control_79623804e4f5c5,2021,0,complete
control_79623804e4f5c5,2022,1,complete
control_79623804e4f5c5,2023,5,complete
control_79623804e4f5c5,2024,3,complete
control_79623804e4f5c5,2025,2,complete
control_797063487dcecb,2017,6,complete
control_797063487dcecb,2018,19,complete
control_797063487dcecb,2019,43,complete
control_797063487dcecb,2020,54,complete
control_797063487dcecb,2021,56,complete
control_797063487dcecb,2022,90,complete
control_797063487dcecb,2023,95,complete
control_797063487dcecb,2024,86,complete
control_797063487dcecb,2025,82,complete
control_7a24a02fbd2965,2017,0,complete
control_7a24a02fbd2965,2018,2,complete
control_7a24a02fbd2965,2019,0,complete
control_7a24a02fbd2965,2020,3,complete
control_7a24a02fbd2965,2021,2,complete
control_7a24a02fbd2965,2022,3,complete
control_7a24a02fbd2965,2023,11,complete
control_7a24a02fbd2965,2024,7,complete
control_7a24a02fbd2965,2025,3,complete
control_7a4855cca0fc0f,2017,0,complete
control_7a4855cca0fc0f,2018,0,complete
control_7a4855cca0fc0f,2019,2,complete
control_7a4855cca0fc0f,2020,1,complete
control_7a4855cca0fc0f,2021,4,complete
control_7a4855cca0fc0f,2022,3,complete
control_7a4855cca0fc0f,2023,0,complete
control_7a4855cca0fc0f,2024,2,complete
control_7a4855cca0fc0f,2025,1,complete
control_7a81a477c0b4e0,2017,0,complete
control_7a81a477c0b4e0,2018,0,complete
control_7a81a477c0b4e0,2019,0,complete
control_7a81a477c0b4e0,2020,0,complete
control_7a81a477c0b4e0,2021,12,complete
control_7a81a477c0b4e0,2022,13,complete
control_7a81a477c0b4e0,2023,29,complete
control_7a81a477c0b4e0,2024,22,complete
control_7a81a477c0b4e0,2025,36,complete
control_7b05e2a2fa2a4d,2017,0,complete
control_7b05e2a2fa2a4d,2018,0,complete
control_7b05e2a2fa2a4d,2019,0,complete
control_7b05e2a2fa2a4d,2020,0,complete
control_7b05e2a2fa2a4d,2021,1,complete
control_7b05e2a2fa2a4d,2022,7,complete
control_7b05e2a2fa2a4d,2023,18,complete
control_7b05e2a2fa2a4d,2024,12,complete
control_7b05e2a2fa2a4d,2025,23,complete
control_7b0f822970ad9a,2017,0,complete
control_7b0f822970ad9a,2018,0,complete
control_7b0f822970ad9a,2019,1,complete
control_7b0f822970ad9a,2020,3,complete
control_7b0f822970ad9a,2021,0,complete
control_7b0f822970ad9a,2022,1,complete
control_7b0f822970ad9a,2023,2,complete
control_7b0f822970ad9a,2024,0,complete
control_7b0f822970ad9a,2025,0,complete
control_7be59b8463fc68,2017,1,complete
control_7be59b8463fc68,2018,1,complete
control_7be59b8463fc68,2019,1,complete
control_7be59b8463fc68,2020,4,complete
control_7be59b8463fc68,2021,6,complete
control_7be59b8463fc68,2022,5,complete
control_7be59b8463fc68,2023,27,complete
control_7be59b8463fc68,2024,27,complete
control_7be59b8463fc68,2025,23,complete
control_7c0604c2f1b4b6,2017,0,complete
control_7c0604c2f1b4b6,2018,0,complete
control_7c0604c2f1b4b6,2019,1,complete
control_7c0604c2f1b4b6,2020,0,complete
control_7c0604c2f1b4b6,2021,6,complete
control_7c0604c2f1b4b6,2022,3,complete
control_7c0604c2f1b4b6,2023,10,complete
control_7c0604c2f1b4b6,2024,5,complete
control_7c0604c2f1b4b6,2025,3,complete
control_7cbd16adb9545d,2017,2,complete
control_7cbd16adb9545d,2018,5,complete
control_7cbd16adb9545d,2019,4,complete
control_7cbd16adb9545d,2020,3,complete
control_7cbd16adb9545d,2021,7,complete
control_7cbd16adb9545d,2022,6,complete
control_7cbd16adb9545d,2023,1,complete
control_7cbd16adb9545d,2024,5,complete
control_7cbd16adb9545d,2025,2,complete
control_7d0179d47f62dd,2017,7,complete
control_7d0179d47f62dd,2018,10,complete
control_7d0179d47f62dd,2019,8,complete
control_7d0179d47f62dd,2020,11,complete
control_7d0179d47f62dd,2021,7,complete
control_7d0179d47f62dd,2022,3,complete
control_7d0179d47f62dd,2023,7,complete
control_7d0179d47f62dd,2024,7,complete
control_7d0179d47f62dd,2025,1,complete
control_7d2bcf531e2b4a,2017,0,complete
control_7d2bcf531e2b4a,2018,0,complete
control_7d2bcf531e2b4a,2019,0,complete
control_7d2bcf531e2b4a,2020,1,complete
control_7d2bcf531e2b4a,2021,1,complete
control_7d2bcf531e2b4a,2022,0,complete
control_7d2bcf531e2b4a,2023,0,complete
control_7d2bcf531e2b4a,2024,1,complete
control_7d2bcf531e2b4a,2025,0,complete
control_7d8a1c65e46070,2017,0,complete
control_7d8a1c65e46070,2018,0,complete
control_7d8a1c65e46070,2019,1,complete
control_7d8a1c65e46070,2020,1,complete
control_7d8a1c65e46070,2021,3,complete
control_7d8a1c65e46070,2022,15,complete
control_7d8a1c65e46070,2023,19,complete
control_7d8a1c65e46070,2024,39,complete
control_7d8a1c65e46070,2025,29,complete
control_7df39063b9bade,2017,1,complete
control_7df39063b9bade,2018,2,complete
control_7df39063b9bade,2019,2,complete
control_7df39063b9bade,2020,19,complete
control_7df39063b9bade,2021,22,complete
control_7df39063b9bade,2022,35,complete
control_7df39063b9bade,2023,29,complete
control_7df39063b9bade,2024,38,complete
control_7df39063b9bade,2025,35,complete
control_7e065546c9645c,2017,0,complete
control_7e065546c9645c,2018,1,complete
control_7e065546c9645c,2019,0,complete
control_7e065546c9645c,2020,3,complete
control_7e065546c9645c,2021,8,complete
control_7e065546c9645c,2022,0,complete
control_7e065546c9645c,2023,6,complete
control_7e065546c9645c,2024,1,complete
control_7e065546c9645c,2025,1,complete
control_7e15f08b9de5c9,2017,4,complete
control_7e15f08b9de5c9,2018,7,complete
control_7e15f08b9de5c9,2019,3,complete
control_7e15f08b9de5c9,2020,0,complete
control_7e15f08b9de5c9,2021,0,complete
control_7e15f08b9de5c9,2022,1,complete
control_7e15f08b9de5c9,2023,6,complete
control_7e15f08b9de5c9,2024,1,complete
control_7e15f08b9de5c9,2025,2,complete
control_7e23606b31e144,2017,2,complete
control_7e23606b31e144,2018,4,complete
control_7e23606b31e144,2019,6,complete
control_7e23606b31e144,2020,11,complete
control_7e23606b31e144,2021,11,complete
control_7e23606b31e144,2022,8,complete
control_7e23606b31e144,2023,13,complete
control_7e23606b31e144,2024,20,complete
control_7e23606b31e144,2025,21,complete
control_7e588c2e797c25,2017,25,complete
control_7e588c2e797c25,2018,21,complete
control_7e588c2e797c25,2019,18,complete
control_7e588c2e797c25,2020,23,complete
control_7e588c2e797c25,2021,12,complete
control_7e588c2e797c25,2022,23,complete
control_7e588c2e797c25,2023,12,complete
control_7e588c2e797c25,2024,19,complete
control_7e588c2e797c25,2025,8,complete
control_7e76ab977f5a70,2017,0,complete
control_7e76ab977f5a70,2018,1,complete
control_7e76ab977f5a70,2019,3,complete
control_7e76ab977f5a70,2020,16,complete
control_7e76ab977f5a70,2021,27,complete
control_7e76ab977f5a70,2022,29,complete
control_7e76ab977f5a70,2023,30,complete
control_7e76ab977f5a70,2024,34,complete
control_7e76ab977f5a70,2025,28,complete
control_7e84055da711a4,2017,0,complete
control_7e84055da711a4,2018,2,complete
control_7e84055da711a4,2019,4,complete
control_7e84055da711a4,2020,10,complete
control_7e84055da711a4,2021,9,complete
control_7e84055da711a4,2022,7,complete
control_7e84055da711a4,2023,10,complete
control_7e84055da711a4,2024,12,complete
control_7e84055da711a4,2025,9,complete
control_7f238b1f526230,2017,0,complete
control_7f238b1f526230,2018,1,complete
control_7f238b1f526230,2019,1,complete
control_7f238b1f526230,2020,1,complete
control_7f238b1f526230,2021,1,complete
control_7f238b1f526230,2022,2,complete
control_7f238b1f526230,2023,1,complete
control_7f238b1f526230,2024,1,complete
control_7f238b1f526230,2025,1,complete
control_7f8254350d1420,2017,0,complete
control_7f8254350d1420,2018,0,complete
control_7f8254350d1420,2019,0,complete
control_7f8254350d1420,2020,8,complete
control_7f8254350d1420,2021,3,complete
control_7f8254350d1420,2022,11,complete
control_7f8254350d1420,2023,3,complete
control_7f8254350d1420,2024,2,complete
control_7f8254350d1420,2025,6,complete
control_7f8b94b62e131d,2017,0,complete
control_7f8b94b62e131d,2018,0,complete
control_7f8b94b62e131d,2019,0,complete
control_7f8b94b62e131d,2020,3,complete
control_7f8b94b62e131d,2021,4,complete
control_7f8b94b62e131d,2022,6,complete
control_7f8b94b62e131d,2023,7,complete
control_7f8b94b62e131d,2024,15,complete
control_7f8b94b62e131d,2025,8,complete
control_7f9e5445ca35cc,2017,0,complete
control_7f9e5445ca35cc,2018,1,complete
control_7f9e5445ca35cc,2019,0,complete
control_7f9e5445ca35cc,2020,0,complete
control_7f9e5445ca35cc,2021,10,complete
control_7f9e5445ca35cc,2022,14,complete
control_7f9e5445ca35cc,2023,16,complete
control_7f9e5445ca35cc,2024,7,complete
control_7f9e5445ca35cc,2025,11,complete
control_7fa00b2523e2da,2017,0,complete
control_7fa00b2523e2da,2018,0,complete
control_7fa00b2523e2da,2019,1,complete
control_7fa00b2523e2da,2020,1,complete
control_7fa00b2523e2da,2021,1,complete
control_7fa00b2523e2da,2022,0,complete
control_7fa00b2523e2da,2023,1,complete
control_7fa00b2523e2da,2024,0,complete
control_7fa00b2523e2da,2025,0,complete
control_7fbbdebbcbafe0,2017,0,complete
control_7fbbdebbcbafe0,2018,0,complete
control_7fbbdebbcbafe0,2019,4,complete
control_7fbbdebbcbafe0,2020,4,complete
control_7fbbdebbcbafe0,2021,9,complete
control_7fbbdebbcbafe0,2022,12,complete
control_7fbbdebbcbafe0,2023,15,complete
control_7fbbdebbcbafe0,2024,13,complete
control_7fbbdebbcbafe0,2025,11,complete
control_802ac7cf2e93be,2017,0,complete
control_802ac7cf2e93be,2018,1,complete
control_802ac7cf2e93be,2019,0,complete
control_802ac7cf2e93be,2020,2,complete
control_802ac7cf2e93be,2021,8,complete
control_802ac7cf2e93be,2022,5,complete
control_802ac7cf2e93be,2023,11,complete
control_802ac7cf2e93be,2024,7,complete
control_802ac7cf2e93be,2025,11,complete
control_803fbd8468e4ef,2017,0,complete
control_803fbd8468e4ef,2018,1,complete
control_803fbd8468e4ef,2019,1,complete
control_803fbd8468e4ef,2020,1,complete
control_803fbd8468e4ef,2021,8,complete
control_803fbd8468e4ef,2022,3,complete
control_803fbd8468e4ef,2023,6,complete
control_803fbd8468e4ef,2024,6,complete
control_803fbd8468e4ef,2025,1,complete
control_81551046a74193,2017,0,complete
control_81551046a74193,2018,0,complete
control_81551046a74193,2019,1,complete
control_81551046a74193,2020,2,complete
control_81551046a74193,2021,5,complete
control_81551046a74193,2022,3,complete
control_81551046a74193,2023,3,complete
control_81551046a74193,2024,8,complete
control_81551046a74193,2025,5,complete
control_817f5e77f644c9,2017,8,complete
control_817f5e77f644c9,2018,9,complete
control_817f5e77f644c9,2019,5,complete
control_817f5e77f644c9,2020,6,complete
control_817f5e77f644c9,2021,10,complete
control_817f5e77f644c9,2022,6,complete
control_817f5e77f644c9,2023,3,complete
control_817f5e77f644c9,2024,2,complete
control_817f5e77f644c9,2025,2,complete
control_81b59008cd9466,2017,0,complete
control_81b59008cd9466,2018,0,complete
control_81b59008cd9466,2019,3,complete
control_81b59008cd9466,2020,2,complete
control_81b59008cd9466,2021,14,complete
control_81b59008cd9466,2022,23,complete
control_81b59008cd9466,2023,22,complete
control_81b59008cd9466,2024,27,complete
control_81b59008cd9466,2025,32,complete
control_81d0e131c8b434,2017,13,complete
control_81d0e131c8b434,2018,6,complete
control_81d0e131c8b434,2019,18,complete
control_81d0e131c8b434,2020,12,complete
control_81d0e131c8b434,2021,12,complete
control_81d0e131c8b434,2022,7,complete
control_81d0e131c8b434,2023,6,complete
control_81d0e131c8b434,2024,10,complete
control_81d0e131c8b434,2025,11,complete
control_81e1e4940c3903,2017,0,complete
control_81e1e4940c3903,2018,2,complete
control_81e1e4940c3903,2019,1,complete
control_81e1e4940c3903,2020,12,complete
control_81e1e4940c3903,2021,32,complete
control_81e1e4940c3903,2022,41,complete
control_81e1e4940c3903,2023,31,complete
control_81e1e4940c3903,2024,34,complete
control_81e1e4940c3903,2025,28,complete
control_81ed027ef62e01,2017,4,complete
control_81ed027ef62e01,2018,3,complete
control_81ed027ef62e01,2019,9,complete
control_81ed027ef62e01,2020,24,complete
control_81ed027ef62e01,2021,19,complete
control_81ed027ef62e01,2022,24,complete
control_81ed027ef62e01,2023,23,complete
control_81ed027ef62e01,2024,21,complete
control_81ed027ef62e01,2025,29,complete
control_824390917820b4,2017,1,complete
control_824390917820b4,2018,1,complete
control_824390917820b4,2019,4,complete
control_824390917820b4,2020,6,complete
control_824390917820b4,2021,1,complete
control_824390917820b4,2022,1,complete
control_824390917820b4,2023,11,complete
control_824390917820b4,2024,7,complete
control_824390917820b4,2025,7,complete
control_825a86cefee96f,2017,7,complete
control_825a86cefee96f,2018,10,complete
control_825a86cefee96f,2019,8,complete
control_825a86cefee96f,2020,34,complete
control_825a86cefee96f,2021,14,complete
control_825a86cefee96f,2022,17,complete
control_825a86cefee96f,2023,10,complete
control_825a86cefee96f,2024,17,complete
control_825a86cefee96f,2025,10,complete
control_82a9f7e580cc2f,2017,0,complete
control_82a9f7e580cc2f,2018,3,complete
control_82a9f7e580cc2f,2019,7,complete
control_82a9f7e580cc2f,2020,12,complete
control_82a9f7e580cc2f,2021,12,complete
control_82a9f7e580cc2f,2022,5,complete
control_82a9f7e580cc2f,2023,4,complete
control_82a9f7e580cc2f,2024,8,complete
control_82a9f7e580cc2f,2025,2,complete
control_83850146375bb5,2017,0,complete
control_83850146375bb5,2018,4,complete
control_83850146375bb5,2019,1,complete
control_83850146375bb5,2020,4,complete
control_83850146375bb5,2021,28,complete
control_83850146375bb5,2022,15,complete
control_83850146375bb5,2023,15,complete
control_83850146375bb5,2024,19,complete
control_83850146375bb5,2025,22,complete
control_8419fb652d4237,2017,1,complete
control_8419fb652d4237,2018,0,complete
control_8419fb652d4237,2019,6,complete
control_8419fb652d4237,2020,9,complete
control_8419fb652d4237,2021,18,complete
control_8419fb652d4237,2022,18,complete
control_8419fb652d4237,2023,18,complete
control_8419fb652d4237,2024,13,complete
control_8419fb652d4237,2025,12,complete
control_848b81045f2a5b,2017,3,complete
control_848b81045f2a5b,2018,2,complete
control_848b81045f2a5b,2019,7,complete
control_848b81045f2a5b,2020,16,complete
control_848b81045f2a5b,2021,25,complete
control_848b81045f2a5b,2022,25,complete
control_848b81045f2a5b,2023,20,complete
control_848b81045f2a5b,2024,21,complete
control_848b81045f2a5b,2025,18,complete
control_84922a913bd1d8,2017,1,complete
control_84922a913bd1d8,2018,0,complete
control_84922a913bd1d8,2019,3,complete
control_84922a913bd1d8,2020,9,complete
control_84922a913bd1d8,2021,4,complete
control_84922a913bd1d8,2022,11,complete
control_84922a913bd1d8,2023,35,complete
control_84922a913bd1d8,2024,35,complete
control_84922a913bd1d8,2025,49,complete
control_84c96b57f8121f,2017,0,complete
control_84c96b57f8121f,2018,1,complete
control_84c96b57f8121f,2019,6,complete
control_84c96b57f8121f,2020,6,complete
control_84c96b57f8121f,2021,13,complete
control_84c96b57f8121f,2022,16,complete
control_84c96b57f8121f,2023,13,complete
control_84c96b57f8121f,2024,40,complete
control_84c96b57f8121f,2025,20,complete
control_85258160015015,2017,1,complete
control_85258160015015,2018,2,complete
control_85258160015015,2019,2,complete
control_85258160015015,2020,0,complete
control_85258160015015,2021,7,complete
control_85258160015015,2022,6,complete
control_85258160015015,2023,1,complete
control_85258160015015,2024,8,complete
control_85258160015015,2025,5,complete
control_854a97f55b5696,2017,5,complete
control_854a97f55b5696,2018,9,complete
control_854a97f55b5696,2019,30,complete
control_854a97f55b5696,2020,18,complete
control_854a97f55b5696,2021,26,complete
control_854a97f55b5696,2022,29,complete
control_854a97f55b5696,2023,41,complete
control_854a97f55b5696,2024,28,complete
control_854a97f55b5696,2025,31,complete
control_855652fbfc762f,2017,0,complete
control_855652fbfc762f,2018,1,complete
control_855652fbfc762f,2019,0,complete
control_855652fbfc762f,2020,6,complete
control_855652fbfc762f,2021,11,complete
control_855652fbfc762f,2022,8,complete
control_855652fbfc762f,2023,28,complete
control_855652fbfc762f,2024,24,complete
control_855652fbfc762f,2025,33,complete
control_859928931c778b,2017,0,complete
control_859928931c778b,2018,1,complete
control_859928931c778b,2019,4,complete
control_859928931c778b,2020,16,complete
control_859928931c778b,2021,22,complete
control_859928931c778b,2022,30,complete
control_859928931c778b,2023,32,complete
control_859928931c778b,2024,33,complete
control_859928931c778b,2025,33,complete
control_8645b0a05b86fc,2017,3,complete
control_8645b0a05b86fc,2018,4,complete
control_8645b0a05b86fc,2019,4,complete
control_8645b0a05b86fc,2020,5,complete
control_8645b0a05b86fc,2021,12,complete
control_8645b0a05b86fc,2022,7,complete
control_8645b0a05b86fc,2023,7,complete
control_8645b0a05b86fc,2024,4,complete
control_8645b0a05b86fc,2025,9,complete
control_864bb33b1db8ce,2017,1,complete
control_864bb33b1db8ce,2018,0,complete
control_864bb33b1db8ce,2019,3,complete
control_864bb33b1db8ce,2020,13,complete
control_864bb33b1db8ce,2021,24,complete
control_864bb33b1db8ce,2022,28,complete
control_864bb33b1db8ce,2023,43,complete
control_864bb33b1db8ce,2024,38,complete
control_864bb33b1db8ce,2025,33,complete
control_8660727f00a179,2017,2,complete
control_8660727f00a179,2018,1,complete
control_8660727f00a179,2019,3,complete
control_8660727f00a179,2020,4,complete
control_8660727f00a179,2021,9,complete
control_8660727f00a179,2022,8,complete
control_8660727f00a179,2023,6,complete
control_8660727f00a179,2024,4,complete
control_8660727f00a179,2025,5,complete
control_875d7a5ca98889,2017,34,complete
control_875d7a5ca98889,2018,29,complete
control_875d7a5ca98889,2019,38,complete
control_875d7a5ca98889,2020,53,complete
control_875d7a5ca98889,2021,63,complete
control_875d7a5ca98889,2022,65,complete
control_875d7a5ca98889,2023,49,complete
control_875d7a5ca98889,2024,73,complete
control_875d7a5ca98889,2025,48,complete
control_876191c546b3c8,2017,0,complete
control_876191c546b3c8,2018,2,complete
control_876191c546b3c8,2019,4,complete
control_876191c546b3c8,2020,5,complete
control_876191c546b3c8,2021,7,complete
control_876191c546b3c8,2022,12,complete
control_876191c546b3c8,2023,19,complete
control_876191c546b3c8,2024,35,complete
control_876191c546b3c8,2025,25,complete
control_87a0de9b6c14bd,2017,1,complete
control_87a0de9b6c14bd,2018,0,complete
control_87a0de9b6c14bd,2019,0,complete
control_87a0de9b6c14bd,2020,2,complete
control_87a0de9b6c14bd,2021,0,complete
control_87a0de9b6c14bd,2022,1,complete
control_87a0de9b6c14bd,2023,3,complete
control_87a0de9b6c14bd,2024,2,complete
control_87a0de9b6c14bd,2025,2,complete
control_885b11d0565518,2017,6,complete
control_885b11d0565518,2018,5,complete
control_885b11d0565518,2019,7,complete
control_885b11d0565518,2020,3,complete
control_885b11d0565518,2021,2,complete
control_885b11d0565518,2022,4,complete
control_885b11d0565518,2023,4,complete
control_885b11d0565518,2024,5,complete
control_885b11d0565518,2025,2,complete
control_886d1b5e592a20,2017,1,complete
control_886d1b5e592a20,2018,5,complete
control_886d1b5e592a20,2019,1,complete
control_886d1b5e592a20,2020,3,complete
control_886d1b5e592a20,2021,4,complete
control_886d1b5e592a20,2022,30,complete
control_886d1b5e592a20,2023,29,complete
control_886d1b5e592a20,2024,49,complete
control_886d1b5e592a20,2025,46,complete
control_8870e55251059f,2017,16,complete
control_8870e55251059f,2018,23,complete
control_8870e55251059f,2019,17,complete
control_8870e55251059f,2020,13,complete
control_8870e55251059f,2021,17,complete
control_8870e55251059f,2022,12,complete
control_8870e55251059f,2023,9,complete
control_8870e55251059f,2024,10,complete
control_8870e55251059f,2025,5,complete
control_887457f057220c,2017,0,complete
control_887457f057220c,2018,1,complete
control_887457f057220c,2019,2,complete
control_887457f057220c,2020,4,complete
control_887457f057220c,2021,2,complete
control_887457f057220c,2022,6,complete
control_887457f057220c,2023,3,complete
control_887457f057220c,2024,4,complete
control_887457f057220c,2025,5,complete
control_889944c6f68427,2017,0,complete
control_889944c6f68427,2018,0,complete
control_889944c6f68427,2019,0,complete
control_889944c6f68427,2020,2,complete
control_889944c6f68427,2021,1,complete
control_889944c6f68427,2022,3,complete
control_889944c6f68427,2023,4,complete
control_889944c6f68427,2024,5,complete
control_889944c6f68427,2025,7,complete
control_88c8208c5c74a2,2017,0,complete
control_88c8208c5c74a2,2018,0,complete
control_88c8208c5c74a2,2019,0,complete
control_88c8208c5c74a2,2020,0,complete
control_88c8208c5c74a2,2021,0,complete
control_88c8208c5c74a2,2022,0,complete
control_88c8208c5c74a2,2023,0,complete
control_88c8208c5c74a2,2024,0,complete
control_88c8208c5c74a2,2025,0,complete
control_88f97d6cfb2f93,2017,0,complete
control_88f97d6cfb2f93,2018,1,complete
control_88f97d6cfb2f93,2019,0,complete
control_88f97d6cfb2f93,2020,0,complete
control_88f97d6cfb2f93,2021,1,complete
control_88f97d6cfb2f93,2022,6,complete
control_88f97d6cfb2f93,2023,7,complete
control_88f97d6cfb2f93,2024,9,complete
control_88f97d6cfb2f93,2025,18,complete
control_8941c9e2401723,2017,17,complete
control_8941c9e2401723,2018,31,complete
control_8941c9e2401723,2019,99,complete
control_8941c9e2401723,2020,145,complete
control_8941c9e2401723,2021,224,complete
control_8941c9e2401723,2022,300,complete
control_8941c9e2401723,2023,387,complete
control_8941c9e2401723,2024,589,complete
control_8941c9e2401723,2025,674,complete
control_894767037ade3d,2017,16,complete
control_894767037ade3d,2018,21,complete
control_894767037ade3d,2019,14,complete
control_894767037ade3d,2020,28,complete
control_894767037ade3d,2021,26,complete
control_894767037ade3d,2022,35,complete
control_894767037ade3d,2023,45,complete
control_894767037ade3d,2024,47,complete
control_894767037ade3d,2025,28,complete
control_8970e6e9323d68,2017,1,complete
control_8970e6e9323d68,2018,8,complete
control_8970e6e9323d68,2019,16,complete
control_8970e6e9323d68,2020,51,complete
control_8970e6e9323d68,2021,56,complete
control_8970e6e9323d68,2022,61,complete
control_8970e6e9323d68,2023,63,complete
control_8970e6e9323d68,2024,56,complete
control_8970e6e9323d68,2025,46,complete
control_89fd54dc9e0b13,2017,0,complete
control_89fd54dc9e0b13,2018,2,complete
control_89fd54dc9e0b13,2019,4,complete
control_89fd54dc9e0b13,2020,3,complete
control_89fd54dc9e0b13,2021,3,complete
control_89fd54dc9e0b13,2022,2,complete
control_89fd54dc9e0b13,2023,6,complete
control_89fd54dc9e0b13,2024,3,complete
control_89fd54dc9e0b13,2025,4,complete
control_8a3dae8616974f,2017,2,complete
control_8a3dae8616974f,2018,2,complete
control_8a3dae8616974f,2019,5,complete
control_8a3dae8616974f,2020,7,complete
control_8a3dae8616974f,2021,11,complete
control_8a3dae8616974f,2022,14,complete
control_8a3dae8616974f,2023,12,complete
control_8a3dae8616974f,2024,9,complete
control_8a3dae8616974f,2025,15,complete
control_8a53b85af66ef5,2017,0,complete
control_8a53b85af66ef5,2018,4,complete
control_8a53b85af66ef5,2019,7,complete
control_8a53b85af66ef5,2020,17,complete
control_8a53b85af66ef5,2021,23,complete
control_8a53b85af66ef5,2022,30,complete
control_8a53b85af66ef5,2023,30,complete
control_8a53b85af66ef5,2024,36,complete
control_8a53b85af66ef5,2025,39,complete
control_8a71b24ef45d86,2017,0,complete
control_8a71b24ef45d86,2018,1,complete
control_8a71b24ef45d86,2019,3,complete
control_8a71b24ef45d86,2020,1,complete
control_8a71b24ef45d86,2021,6,complete
control_8a71b24ef45d86,2022,13,complete
control_8a71b24ef45d86,2023,36,complete
control_8a71b24ef45d86,2024,54,complete
control_8a71b24ef45d86,2025,68,complete
control_8a9afac6a82a0a,2017,0,complete
control_8a9afac6a82a0a,2018,1,complete
control_8a9afac6a82a0a,2019,0,complete
control_8a9afac6a82a0a,2020,1,complete
control_8a9afac6a82a0a,2021,0,complete
control_8a9afac6a82a0a,2022,1,complete
control_8a9afac6a82a0a,2023,4,complete
control_8a9afac6a82a0a,2024,3,complete
control_8a9afac6a82a0a,2025,4,complete
control_8b049751c54b5a,2017,3,complete
control_8b049751c54b5a,2018,7,complete
control_8b049751c54b5a,2019,12,complete
control_8b049751c54b5a,2020,26,complete
control_8b049751c54b5a,2021,25,complete
control_8b049751c54b5a,2022,31,complete
control_8b049751c54b5a,2023,28,complete
control_8b049751c54b5a,2024,15,complete
control_8b049751c54b5a,2025,15,complete
control_8b5293e1ff0e81,2017,0,complete
control_8b5293e1ff0e81,2018,1,complete
control_8b5293e1ff0e81,2019,0,complete
control_8b5293e1ff0e81,2020,1,complete
control_8b5293e1ff0e81,2021,1,complete
control_8b5293e1ff0e81,2022,0,complete
control_8b5293e1ff0e81,2023,0,complete
control_8b5293e1ff0e81,2024,0,complete
control_8b5293e1ff0e81,2025,0,complete
control_8bc9f05f23374e,2017,1,complete
control_8bc9f05f23374e,2018,6,complete
control_8bc9f05f23374e,2019,11,complete
control_8bc9f05f23374e,2020,30,complete
control_8bc9f05f23374e,2021,45,complete
control_8bc9f05f23374e,2022,62,complete
control_8bc9f05f23374e,2023,75,complete
control_8bc9f05f23374e,2024,58,complete
control_8bc9f05f23374e,2025,71,complete
control_8be27ffedef4b5,2017,1,complete
control_8be27ffedef4b5,2018,1,complete
control_8be27ffedef4b5,2019,0,complete
control_8be27ffedef4b5,2020,1,complete
control_8be27ffedef4b5,2021,0,complete
control_8be27ffedef4b5,2022,1,complete
control_8be27ffedef4b5,2023,0,complete
control_8be27ffedef4b5,2024,0,complete
control_8be27ffedef4b5,2025,0,complete
control_8bec382d6a7911,2017,3,complete
control_8bec382d6a7911,2018,17,complete
control_8bec382d6a7911,2019,33,complete
control_8bec382d6a7911,2020,52,complete
control_8bec382d6a7911,2021,59,complete
control_8bec382d6a7911,2022,69,complete
control_8bec382d6a7911,2023,107,complete
control_8bec382d6a7911,2024,95,complete
control_8bec382d6a7911,2025,94,complete
control_8c5ffc545d396a,2017,2,complete
control_8c5ffc545d396a,2018,0,complete
control_8c5ffc545d396a,2019,1,complete
control_8c5ffc545d396a,2020,2,complete
control_8c5ffc545d396a,2021,7,complete
control_8c5ffc545d396a,2022,7,complete
control_8c5ffc545d396a,2023,9,complete
control_8c5ffc545d396a,2024,20,complete
control_8c5ffc545d396a,2025,6,complete
control_8cb0087229f95e,2017,0,complete
control_8cb0087229f95e,2018,2,complete
control_8cb0087229f95e,2019,4,complete
control_8cb0087229f95e,2020,4,complete
control_8cb0087229f95e,2021,4,complete
control_8cb0087229f95e,2022,3,complete
control_8cb0087229f95e,2023,2,complete
control_8cb0087229f95e,2024,2,complete
control_8cb0087229f95e,2025,1,complete
control_8d36b6aecc34d3,2017,9,complete
control_8d36b6aecc34d3,2018,12,complete
control_8d36b6aecc34d3,2019,3,complete
control_8d36b6aecc34d3,2020,7,complete
control_8d36b6aecc34d3,2021,7,complete
control_8d36b6aecc34d3,2022,11,complete
control_8d36b6aecc34d3,2023,9,complete
control_8d36b6aecc34d3,2024,3,complete
control_8d36b6aecc34d3,2025,6,complete
control_8d7024598695dc,2017,5,complete
control_8d7024598695dc,2018,5,complete
control_8d7024598695dc,2019,12,complete
control_8d7024598695dc,2020,28,complete
control_8d7024598695dc,2021,50,complete
control_8d7024598695dc,2022,60,complete
control_8d7024598695dc,2023,53,complete
control_8d7024598695dc,2024,95,complete
control_8d7024598695dc,2025,56,complete
control_8dca310be201f4,2017,0,complete
control_8dca310be201f4,2018,0,complete
control_8dca310be201f4,2019,0,complete
control_8dca310be201f4,2020,2,complete
control_8dca310be201f4,2021,5,complete
control_8dca310be201f4,2022,0,complete
control_8dca310be201f4,2023,4,complete
control_8dca310be201f4,2024,2,complete
control_8dca310be201f4,2025,4,complete
control_8e596493b61601,2017,2,complete
control_8e596493b61601,2018,3,complete
control_8e596493b61601,2019,4,complete
control_8e596493b61601,2020,16,complete
control_8e596493b61601,2021,17,complete
control_8e596493b61601,2022,19,complete
control_8e596493b61601,2023,22,complete
control_8e596493b61601,2024,19,complete
control_8e596493b61601,2025,27,complete
control_8e69c21bdf23c1,2017,0,complete
control_8e69c21bdf23c1,2018,0,complete
control_8e69c21bdf23c1,2019,2,complete
control_8e69c21bdf23c1,2020,2,complete
control_8e69c21bdf23c1,2021,5,complete
control_8e69c21bdf23c1,2022,6,complete
control_8e69c21bdf23c1,2023,7,complete
control_8e69c21bdf23c1,2024,29,complete
control_8e69c21bdf23c1,2025,7,complete
control_8e779c290646f0,2017,2,complete
control_8e779c290646f0,2018,11,complete
control_8e779c290646f0,2019,29,complete
control_8e779c290646f0,2020,20,complete
control_8e779c290646f0,2021,28,complete
control_8e779c290646f0,2022,32,complete
control_8e779c290646f0,2023,35,complete
control_8e779c290646f0,2024,50,complete
control_8e779c290646f0,2025,61,complete
control_8eb7b07f7ba12a,2017,16,complete
control_8eb7b07f7ba12a,2018,26,complete
control_8eb7b07f7ba12a,2019,33,complete
control_8eb7b07f7ba12a,2020,24,complete
control_8eb7b07f7ba12a,2021,32,complete
control_8eb7b07f7ba12a,2022,36,complete
control_8eb7b07f7ba12a,2023,33,complete
control_8eb7b07f7ba12a,2024,39,complete
control_8eb7b07f7ba12a,2025,21,complete
control_8ed7f2dd1c7970,2017,3,complete
control_8ed7f2dd1c7970,2018,1,complete
control_8ed7f2dd1c7970,2019,2,complete
control_8ed7f2dd1c7970,2020,0,complete
control_8ed7f2dd1c7970,2021,3,complete
control_8ed7f2dd1c7970,2022,0,complete
control_8ed7f2dd1c7970,2023,1,complete
control_8ed7f2dd1c7970,2024,2,complete
control_8ed7f2dd1c7970,2025,1,complete
control_8f4ff27b3cfe1f,2017,0,complete
control_8f4ff27b3cfe1f,2018,0,complete
control_8f4ff27b3cfe1f,2019,0,complete
control_8f4ff27b3cfe1f,2020,0,complete
control_8f4ff27b3cfe1f,2021,0,complete
control_8f4ff27b3cfe1f,2022,0,complete
control_8f4ff27b3cfe1f,2023,0,complete
control_8f4ff27b3cfe1f,2024,0,complete
control_8f4ff27b3cfe1f,2025,0,complete
control_8f7884b5092e98,2017,1,complete
control_8f7884b5092e98,2018,2,complete
control_8f7884b5092e98,2019,1,complete
control_8f7884b5092e98,2020,5,complete
control_8f7884b5092e98,2021,5,complete
control_8f7884b5092e98,2022,8,complete
control_8f7884b5092e98,2023,10,complete
control_8f7884b5092e98,2024,6,complete
control_8f7884b5092e98,2025,3,complete
control_8f986412bb9c0f,2017,0,complete
control_8f986412bb9c0f,2018,3,complete
control_8f986412bb9c0f,2019,0,complete
control_8f986412bb9c0f,2020,3,complete
control_8f986412bb9c0f,2021,0,complete
control_8f986412bb9c0f,2022,2,complete
control_8f986412bb9c0f,2023,2,complete
control_8f986412bb9c0f,2024,0,complete
control_8f986412bb9c0f,2025,2,complete
control_8fa514a7bb03b1,2017,2,complete
control_8fa514a7bb03b1,2018,3,complete
control_8fa514a7bb03b1,2019,4,complete
control_8fa514a7bb03b1,2020,5,complete
control_8fa514a7bb03b1,2021,3,complete
control_8fa514a7bb03b1,2022,7,complete
control_8fa514a7bb03b1,2023,3,complete
control_8fa514a7bb03b1,2024,5,complete
control_8fa514a7bb03b1,2025,6,complete
control_901ed67be8422e,2017,1,complete
control_901ed67be8422e,2018,1,complete
control_901ed67be8422e,2019,1,complete
control_901ed67be8422e,2020,13,complete
control_901ed67be8422e,2021,11,complete
control_901ed67be8422e,2022,14,complete
control_901ed67be8422e,2023,20,complete
control_901ed67be8422e,2024,64,complete
control_901ed67be8422e,2025,17,complete
control_903bc5a7aa5b56,2017,1,complete
control_903bc5a7aa5b56,2018,0,complete
control_903bc5a7aa5b56,2019,2,complete
control_903bc5a7aa5b56,2020,3,complete
control_903bc5a7aa5b56,2021,46,complete
control_903bc5a7aa5b56,2022,34,complete
control_903bc5a7aa5b56,2023,37,complete
control_903bc5a7aa5b56,2024,40,complete
control_903bc5a7aa5b56,2025,33,complete
control_90c4b392202e3a,2017,5,complete
control_90c4b392202e3a,2018,13,complete
control_90c4b392202e3a,2019,25,complete
control_90c4b392202e3a,2020,45,complete
control_90c4b392202e3a,2021,59,complete
control_90c4b392202e3a,2022,33,complete
control_90c4b392202e3a,2023,34,complete
control_90c4b392202e3a,2024,40,complete
control_90c4b392202e3a,2025,41,complete
control_90ec35648f2eb1,2017,7,complete
control_90ec35648f2eb1,2018,7,complete
control_90ec35648f2eb1,2019,33,complete
control_90ec35648f2eb1,2020,14,complete
control_90ec35648f2eb1,2021,8,complete
control_90ec35648f2eb1,2022,12,complete
control_90ec35648f2eb1,2023,12,complete
control_90ec35648f2eb1,2024,6,complete
control_90ec35648f2eb1,2025,1,complete
control_910519b07572c9,2017,1,complete
control_910519b07572c9,2018,5,complete
control_910519b07572c9,2019,7,complete
control_910519b07572c9,2020,3,complete
control_910519b07572c9,2021,3,complete
control_910519b07572c9,2022,6,complete
control_910519b07572c9,2023,1,complete
control_910519b07572c9,2024,8,complete
control_910519b07572c9,2025,7,complete
control_9149d00ddbf450,2017,0,complete
control_9149d00ddbf450,2018,1,complete
control_9149d00ddbf450,2019,2,complete
control_9149d00ddbf450,2020,11,complete
control_9149d00ddbf450,2021,7,complete
control_9149d00ddbf450,2022,10,complete
control_9149d00ddbf450,2023,20,complete
control_9149d00ddbf450,2024,16,complete
control_9149d00ddbf450,2025,32,complete
control_915c5c5d32b9cd,2017,0,complete
control_915c5c5d32b9cd,2018,1,complete
control_915c5c5d32b9cd,2019,6,complete
control_915c5c5d32b9cd,2020,3,complete
control_915c5c5d32b9cd,2021,2,complete
control_915c5c5d32b9cd,2022,2,complete
control_915c5c5d32b9cd,2023,3,complete
control_915c5c5d32b9cd,2024,3,complete
control_915c5c5d32b9cd,2025,4,complete
control_928d33f200c7e0,2017,1,complete
control_928d33f200c7e0,2018,2,complete
control_928d33f200c7e0,2019,5,complete
control_928d33f200c7e0,2020,14,complete
control_928d33f200c7e0,2021,22,complete
control_928d33f200c7e0,2022,28,complete
control_928d33f200c7e0,2023,44,complete
control_928d33f200c7e0,2024,24,complete
control_928d33f200c7e0,2025,35,complete
control_92c432f034b627,2017,0,complete
control_92c432f034b627,2018,0,complete
control_92c432f034b627,2019,0,complete
control_92c432f034b627,2020,2,complete
control_92c432f034b627,2021,2,complete
control_92c432f034b627,2022,0,complete
control_92c432f034b627,2023,0,complete
control_92c432f034b627,2024,0,complete
control_92c432f034b627,2025,0,complete
control_92e79588b96422,2017,4,complete
control_92e79588b96422,2018,7,complete
control_92e79588b96422,2019,9,complete
control_92e79588b96422,2020,13,complete
control_92e79588b96422,2021,26,complete
control_92e79588b96422,2022,19,complete
control_92e79588b96422,2023,20,complete
control_92e79588b96422,2024,18,complete
control_92e79588b96422,2025,22,complete
control_938ba7ffaa65f8,2017,0,complete
control_938ba7ffaa65f8,2018,0,complete
control_938ba7ffaa65f8,2019,1,complete
control_938ba7ffaa65f8,2020,0,complete
control_938ba7ffaa65f8,2021,3,complete
control_938ba7ffaa65f8,2022,3,complete
control_938ba7ffaa65f8,2023,11,complete
control_938ba7ffaa65f8,2024,5,complete
control_938ba7ffaa65f8,2025,7,complete
control_939c2a1b468d42,2017,2,complete
control_939c2a1b468d42,2018,0,complete
control_939c2a1b468d42,2019,0,complete
control_939c2a1b468d42,2020,1,complete
control_939c2a1b468d42,2021,2,complete
control_939c2a1b468d42,2022,4,complete
control_939c2a1b468d42,2023,4,complete
control_939c2a1b468d42,2024,14,complete
control_939c2a1b468d42,2025,10,complete
control_94163ec39965a4,2017,0,complete
control_94163ec39965a4,2018,0,complete
control_94163ec39965a4,2019,0,complete
control_94163ec39965a4,2020,0,complete
control_94163ec39965a4,2021,0,complete
control_94163ec39965a4,2022,0,complete
control_94163ec39965a4,2023,0,complete
control_94163ec39965a4,2024,0,complete
control_94163ec39965a4,2025,0,complete
control_941d7b40978eb6,2017,1,complete
control_941d7b40978eb6,2018,4,complete
control_941d7b40978eb6,2019,8,complete
control_941d7b40978eb6,2020,15,complete
control_941d7b40978eb6,2021,11,complete
control_941d7b40978eb6,2022,18,complete
control_941d7b40978eb6,2023,12,complete
control_941d7b40978eb6,2024,16,complete
control_941d7b40978eb6,2025,12,complete
control_944a761ca02ced,2017,2,complete
control_944a761ca02ced,2018,4,complete
control_944a761ca02ced,2019,4,complete
control_944a761ca02ced,2020,18,complete
control_944a761ca02ced,2021,23,complete
control_944a761ca02ced,2022,18,complete
control_944a761ca02ced,2023,33,complete
control_944a761ca02ced,2024,31,complete
control_944a761ca02ced,2025,19,complete
control_945c687e6e29c6,2017,6,complete
control_945c687e6e29c6,2018,9,complete
control_945c687e6e29c6,2019,17,complete
control_945c687e6e29c6,2020,23,complete
control_945c687e6e29c6,2021,22,complete
control_945c687e6e29c6,2022,25,complete
control_945c687e6e29c6,2023,29,complete
control_945c687e6e29c6,2024,28,complete
control_945c687e6e29c6,2025,41,complete
control_94fc0fd5526c5b,2017,2,complete
control_94fc0fd5526c5b,2018,0,complete
control_94fc0fd5526c5b,2019,4,complete
control_94fc0fd5526c5b,2020,7,complete
control_94fc0fd5526c5b,2021,8,complete
control_94fc0fd5526c5b,2022,12,complete
control_94fc0fd5526c5b,2023,16,complete
control_94fc0fd5526c5b,2024,12,complete
control_94fc0fd5526c5b,2025,9,complete
control_951d77137f6ce5,2017,3,complete
control_951d77137f6ce5,2018,10,complete
control_951d77137f6ce5,2019,29,complete
control_951d77137f6ce5,2020,37,complete
control_951d77137f6ce5,2021,60,complete
control_951d77137f6ce5,2022,87,complete
control_951d77137f6ce5,2023,68,complete
control_951d77137f6ce5,2024,79,complete
control_951d77137f6ce5,2025,122,complete
control_9572d124476774,2017,0,complete
control_9572d124476774,2018,0,complete
control_9572d124476774,2019,0,complete
control_9572d124476774,2020,0,complete
control_9572d124476774,2021,0,complete
control_9572d124476774,2022,1,complete
control_9572d124476774,2023,11,complete
control_9572d124476774,2024,8,complete
control_9572d124476774,2025,18,complete
control_957475399e25e9,2017,3,complete
control_957475399e25e9,2018,4,complete
control_957475399e25e9,2019,2,complete
control_957475399e25e9,2020,4,complete
control_957475399e25e9,2021,3,complete
control_957475399e25e9,2022,4,complete
control_957475399e25e9,2023,3,complete
control_957475399e25e9,2024,1,complete
control_957475399e25e9,2025,3,complete
control_9584e16e75cc36,2017,7,complete
control_9584e16e75cc36,2018,6,complete
control_9584e16e75cc36,2019,5,complete
control_9584e16e75cc36,2020,9,complete
control_9584e16e75cc36,2021,11,complete
control_9584e16e75cc36,2022,8,complete
control_9584e16e75cc36,2023,6,complete
control_9584e16e75cc36,2024,4,complete
control_9584e16e75cc36,2025,3,complete
control_95c4e7c4ac03bb,2017,3,complete
control_95c4e7c4ac03bb,2018,6,complete
control_95c4e7c4ac03bb,2019,34,complete
control_95c4e7c4ac03bb,2020,39,complete
control_95c4e7c4ac03bb,2021,65,complete
control_95c4e7c4ac03bb,2022,47,complete
control_95c4e7c4ac03bb,2023,80,complete
control_95c4e7c4ac03bb,2024,88,complete
control_95c4e7c4ac03bb,2025,100,complete
control_96174ef72dcd83,2017,0,complete
control_96174ef72dcd83,2018,0,complete
control_96174ef72dcd83,2019,1,complete
control_96174ef72dcd83,2020,0,complete
control_96174ef72dcd83,2021,0,complete
control_96174ef72dcd83,2022,2,complete
control_96174ef72dcd83,2023,1,complete
control_96174ef72dcd83,2024,0,complete
control_96174ef72dcd83,2025,1,complete
control_963cc99b553f3d,2017,6,complete
control_963cc99b553f3d,2018,6,complete
control_963cc99b553f3d,2019,13,complete
control_963cc99b553f3d,2020,49,complete
control_963cc99b553f3d,2021,37,complete
control_963cc99b553f3d,2022,32,complete
control_963cc99b553f3d,2023,22,complete
control_963cc99b553f3d,2024,23,complete
control_963cc99b553f3d,2025,9,complete
control_9688c6466838b2,2017,0,complete
control_9688c6466838b2,2018,7,complete
control_9688c6466838b2,2019,7,complete
control_9688c6466838b2,2020,13,complete
control_9688c6466838b2,2021,15,complete
control_9688c6466838b2,2022,12,complete
control_9688c6466838b2,2023,14,complete
control_9688c6466838b2,2024,19,complete
control_9688c6466838b2,2025,20,complete
control_96c96c95d8a18b,2017,1,complete
control_96c96c95d8a18b,2018,2,complete
control_96c96c95d8a18b,2019,2,complete
control_96c96c95d8a18b,2020,12,complete
control_96c96c95d8a18b,2021,5,complete
control_96c96c95d8a18b,2022,13,complete
control_96c96c95d8a18b,2023,10,complete
control_96c96c95d8a18b,2024,4,complete
control_96c96c95d8a18b,2025,13,complete
control_96f341ae602d38,2017,5,complete
control_96f341ae602d38,2018,4,complete
control_96f341ae602d38,2019,5,complete
control_96f341ae602d38,2020,5,complete
control_96f341ae602d38,2021,15,complete
control_96f341ae602d38,2022,8,complete
control_96f341ae602d38,2023,11,complete
control_96f341ae602d38,2024,19,complete
control_96f341ae602d38,2025,11,complete
control_9700fc1b5cb16e,2017,0,complete
control_9700fc1b5cb16e,2018,0,complete
control_9700fc1b5cb16e,2019,0,complete
control_9700fc1b5cb16e,2020,6,complete
control_9700fc1b5cb16e,2021,3,complete
control_9700fc1b5cb16e,2022,6,complete
control_9700fc1b5cb16e,2023,0,complete
control_9700fc1b5cb16e,2024,0,complete
control_9700fc1b5cb16e,2025,1,complete
control_9729d144412f55,2017,0,complete
control_9729d144412f55,2018,5,complete
control_9729d144412f55,2019,3,complete
control_9729d144412f55,2020,6,complete
control_9729d144412f55,2021,10,complete
control_9729d144412f55,2022,11,complete
control_9729d144412f55,2023,15,complete
control_9729d144412f55,2024,14,complete
control_9729d144412f55,2025,7,complete
control_9762bb1c13fe7f,2017,2,complete
control_9762bb1c13fe7f,2018,6,complete
control_9762bb1c13fe7f,2019,8,complete
control_9762bb1c13fe7f,2020,6,complete
control_9762bb1c13fe7f,2021,9,complete
control_9762bb1c13fe7f,2022,6,complete
control_9762bb1c13fe7f,2023,8,complete
control_9762bb1c13fe7f,2024,11,complete
control_9762bb1c13fe7f,2025,14,complete
control_97ed8e7478774f,2017,0,complete
control_97ed8e7478774f,2018,0,complete
control_97ed8e7478774f,2019,0,complete
control_97ed8e7478774f,2020,0,complete
control_97ed8e7478774f,2021,1,complete
control_97ed8e7478774f,2022,0,complete
control_97ed8e7478774f,2023,1,complete
control_97ed8e7478774f,2024,0,complete
control_97ed8e7478774f,2025,0,complete
control_9831070fec2c19,2017,0,complete
control_9831070fec2c19,2018,0,complete
control_9831070fec2c19,2019,1,complete
control_9831070fec2c19,2020,6,complete
control_9831070fec2c19,2021,27,complete
control_9831070fec2c19,2022,28,complete
control_9831070fec2c19,2023,35,complete
control_9831070fec2c19,2024,37,complete
control_9831070fec2c19,2025,29,complete
control_98315989205759,2017,0,complete
control_98315989205759,2018,0,complete
control_98315989205759,2019,3,complete
control_98315989205759,2020,2,complete
control_98315989205759,2021,1,complete
control_98315989205759,2022,5,complete
control_98315989205759,2023,3,complete
control_98315989205759,2024,5,complete
control_98315989205759,2025,1,complete
control_983f763647bf0d,2017,12,complete
control_983f763647bf0d,2018,21,complete
control_983f763647bf0d,2019,28,complete
control_983f763647bf0d,2020,66,complete
control_983f763647bf0d,2021,75,complete
control_983f763647bf0d,2022,54,complete
control_983f763647bf0d,2023,52,complete
control_983f763647bf0d,2024,48,complete
control_983f763647bf0d,2025,24,complete
control_985e93db795a51,2017,0,complete
control_985e93db795a51,2018,1,complete
control_985e93db795a51,2019,0,complete
control_985e93db795a51,2020,10,complete
control_985e93db795a51,2021,9,complete
control_985e93db795a51,2022,12,complete
control_985e93db795a51,2023,20,complete
control_985e93db795a51,2024,39,complete
control_985e93db795a51,2025,20,complete
control_9867a973df8e5b,2017,4,complete
control_9867a973df8e5b,2018,6,complete
control_9867a973df8e5b,2019,9,complete
control_9867a973df8e5b,2020,9,complete
control_9867a973df8e5b,2021,15,complete
control_9867a973df8e5b,2022,17,complete
control_9867a973df8e5b,2023,14,complete
control_9867a973df8e5b,2024,17,complete
control_9867a973df8e5b,2025,16,complete
control_98e1463d0498cb,2017,7,complete
control_98e1463d0498cb,2018,4,complete
control_98e1463d0498cb,2019,6,complete
control_98e1463d0498cb,2020,3,complete
control_98e1463d0498cb,2021,7,complete
control_98e1463d0498cb,2022,4,complete
control_98e1463d0498cb,2023,2,complete
control_98e1463d0498cb,2024,2,complete
control_98e1463d0498cb,2025,3,complete
control_99ca3cd828197c,2017,6,complete
control_99ca3cd828197c,2018,5,complete
control_99ca3cd828197c,2019,16,complete
control_99ca3cd828197c,2020,11,complete
control_99ca3cd828197c,2021,15,complete
control_99ca3cd828197c,2022,10,complete
control_99ca3cd828197c,2023,11,complete
control_99ca3cd828197c,2024,14,complete
control_99ca3cd828197c,2025,8,complete
control_99d0f97b3817ca,2017,0,complete
control_99d0f97b3817ca,2018,1,complete
control_99d0f97b3817ca,2019,0,complete
control_99d0f97b3817ca,2020,4,complete
control_99d0f97b3817ca,2021,9,complete
control_99d0f97b3817ca,2022,8,complete
control_99d0f97b3817ca,2023,20,complete
control_99d0f97b3817ca,2024,18,complete
control_99d0f97b3817ca,2025,16,complete
control_9a8bb059096f93,2017,0,complete
control_9a8bb059096f93,2018,3,complete
control_9a8bb059096f93,2019,2,complete
control_9a8bb059096f93,2020,8,complete
control_9a8bb059096f93,2021,14,complete
control_9a8bb059096f93,2022,19,complete
control_9a8bb059096f93,2023,22,complete
control_9a8bb059096f93,2024,23,complete
control_9a8bb059096f93,2025,19,complete
control_9b195488940f5f,2017,25,complete
control_9b195488940f5f,2018,24,complete
control_9b195488940f5f,2019,29,complete
control_9b195488940f5f,2020,18,complete
control_9b195488940f5f,2021,19,complete
control_9b195488940f5f,2022,22,complete
control_9b195488940f5f,2023,18,complete
control_9b195488940f5f,2024,13,complete
control_9b195488940f5f,2025,12,complete
control_9b1d6471f1241f,2017,0,complete
control_9b1d6471f1241f,2018,0,complete
control_9b1d6471f1241f,2019,1,complete
control_9b1d6471f1241f,2020,0,complete
control_9b1d6471f1241f,2021,3,complete
control_9b1d6471f1241f,2022,1,complete
control_9b1d6471f1241f,2023,3,complete
control_9b1d6471f1241f,2024,0,complete
control_9b1d6471f1241f,2025,0,complete
control_9b273cc1386abe,2017,2,complete
control_9b273cc1386abe,2018,2,complete
control_9b273cc1386abe,2019,6,complete
control_9b273cc1386abe,2020,9,complete
control_9b273cc1386abe,2021,5,complete
control_9b273cc1386abe,2022,8,complete
control_9b273cc1386abe,2023,8,complete
control_9b273cc1386abe,2024,6,complete
control_9b273cc1386abe,2025,10,complete
control_9b2812b954f6ca,2017,2,complete
control_9b2812b954f6ca,2018,3,complete
control_9b2812b954f6ca,2019,13,complete
control_9b2812b954f6ca,2020,15,complete
control_9b2812b954f6ca,2021,40,complete
control_9b2812b954f6ca,2022,27,complete
control_9b2812b954f6ca,2023,32,complete
control_9b2812b954f6ca,2024,65,complete
control_9b2812b954f6ca,2025,22,complete
control_9b308ee7190f2f,2017,1,complete
control_9b308ee7190f2f,2018,0,complete
control_9b308ee7190f2f,2019,0,complete
control_9b308ee7190f2f,2020,3,complete
control_9b308ee7190f2f,2021,18,complete
control_9b308ee7190f2f,2022,27,complete
control_9b308ee7190f2f,2023,36,complete
control_9b308ee7190f2f,2024,35,complete
control_9b308ee7190f2f,2025,58,complete
control_9bcb551293af39,2017,0,complete
control_9bcb551293af39,2018,0,complete
control_9bcb551293af39,2019,0,complete
control_9bcb551293af39,2020,1,complete
control_9bcb551293af39,2021,3,complete
control_9bcb551293af39,2022,7,complete
control_9bcb551293af39,2023,25,complete
control_9bcb551293af39,2024,30,complete
control_9bcb551293af39,2025,26,complete
control_9c06de4755a801,2017,0,complete
control_9c06de4755a801,2018,0,complete
control_9c06de4755a801,2019,1,complete
control_9c06de4755a801,2020,1,complete
control_9c06de4755a801,2021,1,complete
control_9c06de4755a801,2022,8,complete
control_9c06de4755a801,2023,26,complete
control_9c06de4755a801,2024,47,complete
control_9c06de4755a801,2025,60,complete
control_9c460848de9bec,2017,0,complete
control_9c460848de9bec,2018,0,complete
control_9c460848de9bec,2019,0,complete
control_9c460848de9bec,2020,1,complete
control_9c460848de9bec,2021,8,complete
control_9c460848de9bec,2022,15,complete
control_9c460848de9bec,2023,14,complete
control_9c460848de9bec,2024,9,complete
control_9c460848de9bec,2025,11,complete
control_9c7beaf0b0c2c6,2017,0,complete
control_9c7beaf0b0c2c6,2018,1,complete
control_9c7beaf0b0c2c6,2019,0,complete
control_9c7beaf0b0c2c6,2020,0,complete
control_9c7beaf0b0c2c6,2021,2,complete
control_9c7beaf0b0c2c6,2022,0,complete
control_9c7beaf0b0c2c6,2023,3,complete
control_9c7beaf0b0c2c6,2024,4,complete
control_9c7beaf0b0c2c6,2025,3,complete
control_9cde794c82ae83,2017,3,complete
control_9cde794c82ae83,2018,1,complete
control_9cde794c82ae83,2019,1,complete
control_9cde794c82ae83,2020,0,complete
control_9cde794c82ae83,2021,1,complete
control_9cde794c82ae83,2022,1,complete
control_9cde794c82ae83,2023,1,complete
control_9cde794c82ae83,2024,0,complete
control_9cde794c82ae83,2025,2,complete
control_9d215eb2db9899,2017,6,complete
control_9d215eb2db9899,2018,8,complete
control_9d215eb2db9899,2019,15,complete
control_9d215eb2db9899,2020,5,complete
control_9d215eb2db9899,2021,9,complete
control_9d215eb2db9899,2022,5,complete
control_9d215eb2db9899,2023,6,complete
control_9d215eb2db9899,2024,2,complete
control_9d215eb2db9899,2025,7,complete
control_9d296f53a126e9,2017,0,complete
control_9d296f53a126e9,2018,1,complete
control_9d296f53a126e9,2019,1,complete
control_9d296f53a126e9,2020,5,complete
control_9d296f53a126e9,2021,22,complete
control_9d296f53a126e9,2022,11,complete
control_9d296f53a126e9,2023,24,complete
control_9d296f53a126e9,2024,24,complete
control_9d296f53a126e9,2025,37,complete
control_9e714a77e0575d,2017,0,complete
control_9e714a77e0575d,2018,5,complete
control_9e714a77e0575d,2019,7,complete
control_9e714a77e0575d,2020,11,complete
control_9e714a77e0575d,2021,23,complete
control_9e714a77e0575d,2022,13,complete
control_9e714a77e0575d,2023,13,complete
control_9e714a77e0575d,2024,10,complete
control_9e714a77e0575d,2025,22,complete
control_9eab52e5973194,2017,1,complete
control_9eab52e5973194,2018,8,complete
control_9eab52e5973194,2019,8,complete
control_9eab52e5973194,2020,17,complete
control_9eab52e5973194,2021,31,complete
control_9eab52e5973194,2022,25,complete
control_9eab52e5973194,2023,18,complete
control_9eab52e5973194,2024,25,complete
control_9eab52e5973194,2025,22,complete
control_9f5df3c0137974,2017,0,complete
control_9f5df3c0137974,2018,0,complete
control_9f5df3c0137974,2019,2,complete
control_9f5df3c0137974,2020,0,complete
control_9f5df3c0137974,2021,0,complete
control_9f5df3c0137974,2022,1,complete
control_9f5df3c0137974,2023,1,complete
control_9f5df3c0137974,2024,0,complete
control_9f5df3c0137974,2025,0,complete
control_9f62719ff84440,2017,5,complete
control_9f62719ff84440,2018,3,complete
control_9f62719ff84440,2019,14,complete
control_9f62719ff84440,2020,22,complete
control_9f62719ff84440,2021,26,complete
control_9f62719ff84440,2022,18,complete
control_9f62719ff84440,2023,22,complete
control_9f62719ff84440,2024,27,complete
control_9f62719ff84440,2025,22,complete
control_9fac923557513e,2017,4,complete
control_9fac923557513e,2018,3,complete
control_9fac923557513e,2019,2,complete
control_9fac923557513e,2020,7,complete
control_9fac923557513e,2021,6,complete
control_9fac923557513e,2022,7,complete
control_9fac923557513e,2023,4,complete
control_9fac923557513e,2024,3,complete
control_9fac923557513e,2025,7,complete
control_9fc235e9b3b1a5,2017,23,complete
control_9fc235e9b3b1a5,2018,24,complete
control_9fc235e9b3b1a5,2019,41,complete
control_9fc235e9b3b1a5,2020,45,complete
control_9fc235e9b3b1a5,2021,34,complete
control_9fc235e9b3b1a5,2022,35,complete
control_9fc235e9b3b1a5,2023,24,complete
control_9fc235e9b3b1a5,2024,23,complete
control_9fc235e9b3b1a5,2025,19,complete
control_a017a538704bf9,2017,1,complete
control_a017a538704bf9,2018,3,complete
control_a017a538704bf9,2019,5,complete
control_a017a538704bf9,2020,5,complete
control_a017a538704bf9,2021,10,complete
control_a017a538704bf9,2022,17,complete
control_a017a538704bf9,2023,16,complete
control_a017a538704bf9,2024,14,complete
control_a017a538704bf9,2025,15,complete
control_a045b08bdc3c10,2017,0,complete
control_a045b08bdc3c10,2018,2,complete
control_a045b08bdc3c10,2019,6,complete
control_a045b08bdc3c10,2020,5,complete
control_a045b08bdc3c10,2021,11,complete
control_a045b08bdc3c10,2022,10,complete
control_a045b08bdc3c10,2023,9,complete
control_a045b08bdc3c10,2024,14,complete
control_a045b08bdc3c10,2025,5,complete
control_a064d0c914e3b8,2017,0,complete
control_a064d0c914e3b8,2018,0,complete
control_a064d0c914e3b8,2019,1,complete
control_a064d0c914e3b8,2020,3,complete
control_a064d0c914e3b8,2021,3,complete
control_a064d0c914e3b8,2022,2,complete
control_a064d0c914e3b8,2023,4,complete
control_a064d0c914e3b8,2024,3,complete
control_a064d0c914e3b8,2025,3,complete
control_a075520c0890aa,2017,1,complete
control_a075520c0890aa,2018,0,complete
control_a075520c0890aa,2019,0,complete
control_a075520c0890aa,2020,13,complete
control_a075520c0890aa,2021,26,complete
control_a075520c0890aa,2022,30,complete
control_a075520c0890aa,2023,25,complete
control_a075520c0890aa,2024,31,complete
control_a075520c0890aa,2025,39,complete
control_a14fa5f9337f88,2017,0,complete
control_a14fa5f9337f88,2018,0,complete
control_a14fa5f9337f88,2019,0,complete
control_a14fa5f9337f88,2020,0,complete
control_a14fa5f9337f88,2021,2,complete
control_a14fa5f9337f88,2022,2,complete
control_a14fa5f9337f88,2023,1,complete
control_a14fa5f9337f88,2024,1,complete
control_a14fa5f9337f88,2025,2,complete
control_a1e2fb16f53dbd,2017,0,complete
control_a1e2fb16f53dbd,2018,0,complete
control_a1e2fb16f53dbd,2019,1,complete
control_a1e2fb16f53dbd,2020,1,complete
control_a1e2fb16f53dbd,2021,3,complete
control_a1e2fb16f53dbd,2022,14,complete
control_a1e2fb16f53dbd,2023,18,complete
control_a1e2fb16f53dbd,2024,23,complete
control_a1e2fb16f53dbd,2025,25,complete
control_a1f0f1efbc2315,2017,0,complete
control_a1f0f1efbc2315,2018,0,complete
control_a1f0f1efbc2315,2019,2,complete
control_a1f0f1efbc2315,2020,8,complete
control_a1f0f1efbc2315,2021,13,complete
control_a1f0f1efbc2315,2022,16,complete
control_a1f0f1efbc2315,2023,21,complete
control_a1f0f1efbc2315,2024,16,complete
control_a1f0f1efbc2315,2025,15,complete
control_a2397a15e1de58,2017,4,complete
control_a2397a15e1de58,2018,8,complete
control_a2397a15e1de58,2019,3,complete
control_a2397a15e1de58,2020,5,complete
control_a2397a15e1de58,2021,3,complete
control_a2397a15e1de58,2022,3,complete
control_a2397a15e1de58,2023,8,complete
control_a2397a15e1de58,2024,4,complete
control_a2397a15e1de58,2025,4,complete
control_a3043184785807,2017,3,complete
control_a3043184785807,2018,0,complete
control_a3043184785807,2019,1,complete
control_a3043184785807,2020,0,complete
control_a3043184785807,2021,3,complete
control_a3043184785807,2022,1,complete
control_a3043184785807,2023,1,complete
control_a3043184785807,2024,0,complete
control_a3043184785807,2025,0,complete
control_a3185b87b1982a,2017,0,complete
control_a3185b87b1982a,2018,2,complete
control_a3185b87b1982a,2019,0,complete
control_a3185b87b1982a,2020,3,complete
control_a3185b87b1982a,2021,11,complete
control_a3185b87b1982a,2022,4,complete
control_a3185b87b1982a,2023,3,complete
control_a3185b87b1982a,2024,8,complete
control_a3185b87b1982a,2025,10,complete
control_a36feaeb5dce9b,2017,5,complete
control_a36feaeb5dce9b,2018,0,complete
control_a36feaeb5dce9b,2019,3,complete
control_a36feaeb5dce9b,2020,6,complete
control_a36feaeb5dce9b,2021,13,complete
control_a36feaeb5dce9b,2022,7,complete
control_a36feaeb5dce9b,2023,11,complete
control_a36feaeb5dce9b,2024,17,complete
control_a36feaeb5dce9b,2025,13,complete
control_a3a6818c2b6652,2017,0,complete
control_a3a6818c2b6652,2018,0,complete
control_a3a6818c2b6652,2019,1,complete
control_a3a6818c2b6652,2020,3,complete
control_a3a6818c2b6652,2021,4,complete
control_a3a6818c2b6652,2022,2,complete
control_a3a6818c2b6652,2023,9,complete
control_a3a6818c2b6652,2024,9,complete
control_a3a6818c2b6652,2025,6,complete
control_a3c74451e74acf,2017,1,complete
control_a3c74451e74acf,2018,9,complete
control_a3c74451e74acf,2019,14,complete
control_a3c74451e74acf,2020,73,complete
control_a3c74451e74acf,2021,73,complete
control_a3c74451e74acf,2022,57,complete
control_a3c74451e74acf,2023,66,complete
control_a3c74451e74acf,2024,57,complete
control_a3c74451e74acf,2025,71,complete
control_a3d00c519e219c,2017,6,complete
control_a3d00c519e219c,2018,2,complete
control_a3d00c519e219c,2019,6,complete
control_a3d00c519e219c,2020,3,complete
control_a3d00c519e219c,2021,2,complete
control_a3d00c519e219c,2022,4,complete
control_a3d00c519e219c,2023,4,complete
control_a3d00c519e219c,2024,7,complete
control_a3d00c519e219c,2025,3,complete
control_a3eff2dce9209b,2017,3,complete
control_a3eff2dce9209b,2018,7,complete
control_a3eff2dce9209b,2019,12,complete
control_a3eff2dce9209b,2020,12,complete
control_a3eff2dce9209b,2021,28,complete
control_a3eff2dce9209b,2022,21,complete
control_a3eff2dce9209b,2023,28,complete
control_a3eff2dce9209b,2024,34,complete
control_a3eff2dce9209b,2025,36,complete
control_a40d17b4e21215,2017,1,complete
control_a40d17b4e21215,2018,2,complete
control_a40d17b4e21215,2019,0,complete
control_a40d17b4e21215,2020,6,complete
control_a40d17b4e21215,2021,9,complete
control_a40d17b4e21215,2022,4,complete
control_a40d17b4e21215,2023,5,complete
control_a40d17b4e21215,2024,8,complete
control_a40d17b4e21215,2025,2,complete
control_a4722497e1ba78,2017,3,complete
control_a4722497e1ba78,2018,6,complete
control_a4722497e1ba78,2019,42,complete
control_a4722497e1ba78,2020,11,complete
control_a4722497e1ba78,2021,12,complete
control_a4722497e1ba78,2022,20,complete
control_a4722497e1ba78,2023,18,complete
control_a4722497e1ba78,2024,15,complete
control_a4722497e1ba78,2025,21,complete
control_a4e705a2744b5f,2017,1,complete
control_a4e705a2744b5f,2018,2,complete
control_a4e705a2744b5f,2019,0,complete
control_a4e705a2744b5f,2020,9,complete
control_a4e705a2744b5f,2021,20,complete
control_a4e705a2744b5f,2022,30,complete
control_a4e705a2744b5f,2023,58,complete
control_a4e705a2744b5f,2024,83,complete
control_a4e705a2744b5f,2025,91,complete
control_a55abf6fb357fe,2017,3,complete
control_a55abf6fb357fe,2018,1,complete
control_a55abf6fb357fe,2019,2,complete
control_a55abf6fb357fe,2020,1,complete
control_a55abf6fb357fe,2021,4,complete
control_a55abf6fb357fe,2022,2,complete
control_a55abf6fb357fe,2023,3,complete
control_a55abf6fb357fe,2024,4,complete
control_a55abf6fb357fe,2025,3,complete
control_a578b862234ac6,2017,4,complete
control_a578b862234ac6,2018,5,complete
control_a578b862234ac6,2019,2,complete
control_a578b862234ac6,2020,4,complete
control_a578b862234ac6,2021,4,complete
control_a578b862234ac6,2022,4,complete
control_a578b862234ac6,2023,2,complete
control_a578b862234ac6,2024,2,complete
control_a578b862234ac6,2025,1,complete
control_a5b8097213f200,2017,1,complete
control_a5b8097213f200,2018,6,complete
control_a5b8097213f200,2019,9,complete
control_a5b8097213f200,2020,15,complete
control_a5b8097213f200,2021,11,complete
control_a5b8097213f200,2022,10,complete
control_a5b8097213f200,2023,11,complete
control_a5b8097213f200,2024,11,complete
control_a5b8097213f200,2025,12,complete
control_a5dab48d352fe7,2017,1,complete
control_a5dab48d352fe7,2018,2,complete
control_a5dab48d352fe7,2019,2,complete
control_a5dab48d352fe7,2020,6,complete
control_a5dab48d352fe7,2021,1,complete
control_a5dab48d352fe7,2022,7,complete
control_a5dab48d352fe7,2023,4,complete
control_a5dab48d352fe7,2024,6,complete
control_a5dab48d352fe7,2025,6,complete
control_a5deffd28446e6,2017,1,complete
control_a5deffd28446e6,2018,0,complete
control_a5deffd28446e6,2019,0,complete
control_a5deffd28446e6,2020,2,complete
control_a5deffd28446e6,2021,0,complete
control_a5deffd28446e6,2022,10,complete
control_a5deffd28446e6,2023,18,complete
control_a5deffd28446e6,2024,30,complete
control_a5deffd28446e6,2025,52,complete
control_a5ed6ecdc75313,2017,1,complete
control_a5ed6ecdc75313,2018,2,complete
control_a5ed6ecdc75313,2019,2,complete
control_a5ed6ecdc75313,2020,3,complete
control_a5ed6ecdc75313,2021,5,complete
control_a5ed6ecdc75313,2022,3,complete
control_a5ed6ecdc75313,2023,4,complete
control_a5ed6ecdc75313,2024,33,complete
control_a5ed6ecdc75313,2025,3,complete
control_a5ee4823cca80c,2017,2,complete
control_a5ee4823cca80c,2018,6,complete
control_a5ee4823cca80c,2019,14,complete
control_a5ee4823cca80c,2020,9,complete
control_a5ee4823cca80c,2021,7,complete
control_a5ee4823cca80c,2022,5,complete
control_a5ee4823cca80c,2023,27,complete
control_a5ee4823cca80c,2024,11,complete
control_a5ee4823cca80c,2025,6,complete
control_a6040a607b6986,2017,1,complete
control_a6040a607b6986,2018,3,complete
control_a6040a607b6986,2019,7,complete
control_a6040a607b6986,2020,10,complete
control_a6040a607b6986,2021,41,complete
control_a6040a607b6986,2022,39,complete
control_a6040a607b6986,2023,54,complete
control_a6040a607b6986,2024,54,complete
control_a6040a607b6986,2025,41,complete
control_a60c3e9f8548ec,2017,0,complete
control_a60c3e9f8548ec,2018,0,complete
control_a60c3e9f8548ec,2019,0,complete
control_a60c3e9f8548ec,2020,1,complete
control_a60c3e9f8548ec,2021,2,complete
control_a60c3e9f8548ec,2022,2,complete
control_a60c3e9f8548ec,2023,4,complete
control_a60c3e9f8548ec,2024,1,complete
control_a60c3e9f8548ec,2025,0,complete
control_a67782974bc988,2017,2,complete
control_a67782974bc988,2018,6,complete
control_a67782974bc988,2019,7,complete
control_a67782974bc988,2020,1,complete
control_a67782974bc988,2021,6,complete
control_a67782974bc988,2022,6,complete
control_a67782974bc988,2023,2,complete
control_a67782974bc988,2024,2,complete
control_a67782974bc988,2025,0,complete
control_a728d2fd2f0c8b,2017,0,complete
control_a728d2fd2f0c8b,2018,2,complete
control_a728d2fd2f0c8b,2019,1,complete
control_a728d2fd2f0c8b,2020,2,complete
control_a728d2fd2f0c8b,2021,3,complete
control_a728d2fd2f0c8b,2022,5,complete
control_a728d2fd2f0c8b,2023,7,complete
control_a728d2fd2f0c8b,2024,8,complete
control_a728d2fd2f0c8b,2025,5,complete
control_a732f986451f68,2017,0,complete
control_a732f986451f68,2018,0,complete
control_a732f986451f68,2019,0,complete
control_a732f986451f68,2020,0,complete
control_a732f986451f68,2021,0,complete
control_a732f986451f68,2022,0,complete
control_a732f986451f68,2023,0,complete
control_a732f986451f68,2024,0,complete
control_a732f986451f68,2025,0,complete
control_a77701761c137c,2017,0,complete
control_a77701761c137c,2018,0,complete
control_a77701761c137c,2019,1,complete
control_a77701761c137c,2020,0,complete
control_a77701761c137c,2021,0,complete
control_a77701761c137c,2022,2,complete
control_a77701761c137c,2023,1,complete
control_a77701761c137c,2024,3,complete
control_a77701761c137c,2025,3,complete
control_a7ce06ea75d239,2017,0,complete
control_a7ce06ea75d239,2018,1,complete
control_a7ce06ea75d239,2019,4,complete
control_a7ce06ea75d239,2020,14,complete
control_a7ce06ea75d239,2021,32,complete
control_a7ce06ea75d239,2022,25,complete
control_a7ce06ea75d239,2023,38,complete
control_a7ce06ea75d239,2024,47,complete
control_a7ce06ea75d239,2025,41,complete
control_a7f1e299aaaea5,2017,1,complete
control_a7f1e299aaaea5,2018,6,complete
control_a7f1e299aaaea5,2019,12,complete
control_a7f1e299aaaea5,2020,17,complete
control_a7f1e299aaaea5,2021,28,complete
control_a7f1e299aaaea5,2022,22,complete
control_a7f1e299aaaea5,2023,26,complete
control_a7f1e299aaaea5,2024,22,complete
control_a7f1e299aaaea5,2025,19,complete
control_a7f83625e7317b,2017,2,complete
control_a7f83625e7317b,2018,2,complete
control_a7f83625e7317b,2019,4,complete
control_a7f83625e7317b,2020,4,complete
control_a7f83625e7317b,2021,1,complete
control_a7f83625e7317b,2022,3,complete
control_a7f83625e7317b,2023,6,complete
control_a7f83625e7317b,2024,2,complete
control_a7f83625e7317b,2025,0,complete
control_a7fe7e38c53cae,2017,0,complete
control_a7fe7e38c53cae,2018,2,complete
control_a7fe7e38c53cae,2019,4,complete
control_a7fe7e38c53cae,2020,8,complete
control_a7fe7e38c53cae,2021,10,complete
control_a7fe7e38c53cae,2022,5,complete
control_a7fe7e38c53cae,2023,7,complete
control_a7fe7e38c53cae,2024,9,complete
control_a7fe7e38c53cae,2025,6,complete
control_a88f2435eeed07,2017,1,complete
control_a88f2435eeed07,2018,1,complete
control_a88f2435eeed07,2019,1,complete
control_a88f2435eeed07,2020,3,complete
control_a88f2435eeed07,2021,10,complete
control_a88f2435eeed07,2022,8,complete
control_a88f2435eeed07,2023,7,complete
control_a88f2435eeed07,2024,10,complete
control_a88f2435eeed07,2025,13,complete
control_a893fbe7f1d747,2017,0,complete
control_a893fbe7f1d747,2018,2,complete
control_a893fbe7f1d747,2019,6,complete
control_a893fbe7f1d747,2020,15,complete
control_a893fbe7f1d747,2021,59,complete
control_a893fbe7f1d747,2022,66,complete
control_a893fbe7f1d747,2023,108,complete
control_a893fbe7f1d747,2024,140,complete
control_a893fbe7f1d747,2025,237,complete
control_a8c2d2a3dfda2f,2017,1,complete
control_a8c2d2a3dfda2f,2018,2,complete
control_a8c2d2a3dfda2f,2019,1,complete
control_a8c2d2a3dfda2f,2020,6,complete
control_a8c2d2a3dfda2f,2021,7,complete
control_a8c2d2a3dfda2f,2022,7,complete
control_a8c2d2a3dfda2f,2023,7,complete
control_a8c2d2a3dfda2f,2024,6,complete
control_a8c2d2a3dfda2f,2025,6,complete
control_aa12575c82a8e7,2017,0,complete
control_aa12575c82a8e7,2018,9,complete
control_aa12575c82a8e7,2019,15,complete
control_aa12575c82a8e7,2020,18,complete
control_aa12575c82a8e7,2021,28,complete
control_aa12575c82a8e7,2022,16,complete
control_aa12575c82a8e7,2023,27,complete
control_aa12575c82a8e7,2024,28,complete
control_aa12575c82a8e7,2025,24,complete
control_aa50716af31aea,2017,7,complete
control_aa50716af31aea,2018,10,complete
control_aa50716af31aea,2019,3,complete
control_aa50716af31aea,2020,15,complete
control_aa50716af31aea,2021,19,complete
control_aa50716af31aea,2022,26,complete
control_aa50716af31aea,2023,22,complete
control_aa50716af31aea,2024,19,complete
control_aa50716af31aea,2025,17,complete
control_aa9f04fb7face1,2017,0,complete
control_aa9f04fb7face1,2018,0,complete
control_aa9f04fb7face1,2019,3,complete
control_aa9f04fb7face1,2020,6,complete
control_aa9f04fb7face1,2021,7,complete
control_aa9f04fb7face1,2022,6,complete
control_aa9f04fb7face1,2023,4,complete
control_aa9f04fb7face1,2024,7,complete
control_aa9f04fb7face1,2025,1,complete
control_ab713b8e74f4c1,2017,3,complete
control_ab713b8e74f4c1,2018,21,complete
control_ab713b8e74f4c1,2019,32,complete
control_ab713b8e74f4c1,2020,37,complete
control_ab713b8e74f4c1,2021,49,complete
control_ab713b8e74f4c1,2022,61,complete
control_ab713b8e74f4c1,2023,56,complete
control_ab713b8e74f4c1,2024,56,complete
control_ab713b8e74f4c1,2025,52,complete
control_ab8ebe53e22456,2017,1,complete
control_ab8ebe53e22456,2018,11,complete
control_ab8ebe53e22456,2019,8,complete
control_ab8ebe53e22456,2020,14,complete
control_ab8ebe53e22456,2021,19,complete
control_ab8ebe53e22456,2022,23,complete
control_ab8ebe53e22456,2023,12,complete
control_ab8ebe53e22456,2024,17,complete
control_ab8ebe53e22456,2025,15,complete
control_abbd7edc4de714,2017,2,complete
control_abbd7edc4de714,2018,1,complete
control_abbd7edc4de714,2019,2,complete
control_abbd7edc4de714,2020,3,complete
control_abbd7edc4de714,2021,9,complete
control_abbd7edc4de714,2022,6,complete
control_abbd7edc4de714,2023,6,complete
control_abbd7edc4de714,2024,7,complete
control_abbd7edc4de714,2025,2,complete
control_abd4719cd0ce86,2017,11,complete
control_abd4719cd0ce86,2018,27,complete
control_abd4719cd0ce86,2019,14,complete
control_abd4719cd0ce86,2020,34,complete
control_abd4719cd0ce86,2021,47,complete
control_abd4719cd0ce86,2022,42,complete
control_abd4719cd0ce86,2023,34,complete
control_abd4719cd0ce86,2024,40,complete
control_abd4719cd0ce86,2025,33,complete
control_abe0fd1bbda9e8,2017,0,complete
control_abe0fd1bbda9e8,2018,0,complete
control_abe0fd1bbda9e8,2019,1,complete
control_abe0fd1bbda9e8,2020,0,complete
control_abe0fd1bbda9e8,2021,0,complete
control_abe0fd1bbda9e8,2022,0,complete
control_abe0fd1bbda9e8,2023,0,complete
control_abe0fd1bbda9e8,2024,0,complete
control_abe0fd1bbda9e8,2025,0,complete
control_ac13c2ab2e2404,2017,2,complete
control_ac13c2ab2e2404,2018,4,complete
control_ac13c2ab2e2404,2019,7,complete
control_ac13c2ab2e2404,2020,4,complete
control_ac13c2ab2e2404,2021,6,complete
control_ac13c2ab2e2404,2022,5,complete
control_ac13c2ab2e2404,2023,11,complete
control_ac13c2ab2e2404,2024,8,complete
control_ac13c2ab2e2404,2025,5,complete
control_acb176bf149384,2017,0,complete
control_acb176bf149384,2018,0,complete
control_acb176bf149384,2019,3,complete
control_acb176bf149384,2020,7,complete
control_acb176bf149384,2021,7,complete
control_acb176bf149384,2022,9,complete
control_acb176bf149384,2023,0,complete
control_acb176bf149384,2024,1,complete
control_acb176bf149384,2025,4,complete
control_acc5f3017f1285,2017,1,complete
control_acc5f3017f1285,2018,1,complete
control_acc5f3017f1285,2019,1,complete
control_acc5f3017f1285,2020,3,complete
control_acc5f3017f1285,2021,5,complete
control_acc5f3017f1285,2022,4,complete
control_acc5f3017f1285,2023,9,complete
control_acc5f3017f1285,2024,5,complete
control_acc5f3017f1285,2025,10,complete
control_ada858b2ed4744,2017,1,complete
control_ada858b2ed4744,2018,2,complete
control_ada858b2ed4744,2019,6,complete
control_ada858b2ed4744,2020,59,complete
control_ada858b2ed4744,2021,31,complete
control_ada858b2ed4744,2022,17,complete
control_ada858b2ed4744,2023,20,complete
control_ada858b2ed4744,2024,18,complete
control_ada858b2ed4744,2025,24,complete
control_adb5a03cfee41f,2017,6,complete
control_adb5a03cfee41f,2018,4,complete
control_adb5a03cfee41f,2019,5,complete
control_adb5a03cfee41f,2020,30,complete
control_adb5a03cfee41f,2021,47,complete
control_adb5a03cfee41f,2022,44,complete
control_adb5a03cfee41f,2023,81,complete
control_adb5a03cfee41f,2024,64,complete
control_adb5a03cfee41f,2025,60,complete
control_adfd12dda37307,2017,0,complete
control_adfd12dda37307,2018,3,complete
control_adfd12dda37307,2019,0,complete
control_adfd12dda37307,2020,0,complete
control_adfd12dda37307,2021,2,complete
control_adfd12dda37307,2022,1,complete
control_adfd12dda37307,2023,0,complete
control_adfd12dda37307,2024,2,complete
control_adfd12dda37307,2025,0,complete
control_ae39c80339f319,2017,0,complete
control_ae39c80339f319,2018,0,complete
control_ae39c80339f319,2019,0,complete
control_ae39c80339f319,2020,0,complete
control_ae39c80339f319,2021,0,complete
control_ae39c80339f319,2022,0,complete
control_ae39c80339f319,2023,0,complete
control_ae39c80339f319,2024,0,complete
control_ae39c80339f319,2025,0,complete
control_aef57a55a116a8,2017,5,complete
control_aef57a55a116a8,2018,6,complete
control_aef57a55a116a8,2019,12,complete
control_aef57a55a116a8,2020,19,complete
control_aef57a55a116a8,2021,13,complete
control_aef57a55a116a8,2022,25,complete
control_aef57a55a116a8,2023,7,complete
control_aef57a55a116a8,2024,12,complete
control_aef57a55a116a8,2025,10,complete
control_af5b6baf19b0ad,2017,2,complete
control_af5b6baf19b0ad,2018,4,complete
control_af5b6baf19b0ad,2019,4,complete
control_af5b6baf19b0ad,2020,16,complete
control_af5b6baf19b0ad,2021,13,complete
control_af5b6baf19b0ad,2022,19,complete
control_af5b6baf19b0ad,2023,14,complete
control_af5b6baf19b0ad,2024,18,complete
control_af5b6baf19b0ad,2025,12,complete
control_af601378dc8e54,2017,4,complete
control_af601378dc8e54,2018,4,complete
control_af601378dc8e54,2019,3,complete
control_af601378dc8e54,2020,10,complete
control_af601378dc8e54,2021,1,complete
control_af601378dc8e54,2022,5,complete
control_af601378dc8e54,2023,9,complete
control_af601378dc8e54,2024,18,complete
control_af601378dc8e54,2025,5,complete
control_af669c955713c2,2017,7,complete
control_af669c955713c2,2018,12,complete
control_af669c955713c2,2019,21,complete
control_af669c955713c2,2020,58,complete
control_af669c955713c2,2021,74,complete
control_af669c955713c2,2022,56,complete
control_af669c955713c2,2023,41,complete
control_af669c955713c2,2024,40,complete
control_af669c955713c2,2025,42,complete
control_af8adc394991df,2017,3,complete
control_af8adc394991df,2018,6,complete
control_af8adc394991df,2019,3,complete
control_af8adc394991df,2020,10,complete
control_af8adc394991df,2021,5,complete
control_af8adc394991df,2022,9,complete
control_af8adc394991df,2023,1,complete
control_af8adc394991df,2024,7,complete
control_af8adc394991df,2025,4,complete
control_b011ff5273779b,2017,1,complete
control_b011ff5273779b,2018,1,complete
control_b011ff5273779b,2019,6,complete
control_b011ff5273779b,2020,4,complete
control_b011ff5273779b,2021,5,complete
control_b011ff5273779b,2022,3,complete
control_b011ff5273779b,2023,6,complete
control_b011ff5273779b,2024,3,complete
control_b011ff5273779b,2025,1,complete
control_b069ce670601bd,2017,6,complete
control_b069ce670601bd,2018,3,complete
control_b069ce670601bd,2019,4,complete
control_b069ce670601bd,2020,6,complete
control_b069ce670601bd,2021,4,complete
control_b069ce670601bd,2022,3,complete
control_b069ce670601bd,2023,4,complete
control_b069ce670601bd,2024,2,complete
control_b069ce670601bd,2025,5,complete
control_b07f0258f543a0,2017,17,complete
control_b07f0258f543a0,2018,30,complete
control_b07f0258f543a0,2019,19,complete
control_b07f0258f543a0,2020,26,complete
control_b07f0258f543a0,2021,17,complete
control_b07f0258f543a0,2022,22,complete
control_b07f0258f543a0,2023,28,complete
control_b07f0258f543a0,2024,29,complete
control_b07f0258f543a0,2025,14,complete
control_b105a2c8469993,2017,0,complete
control_b105a2c8469993,2018,2,complete
control_b105a2c8469993,2019,16,complete
control_b105a2c8469993,2020,22,complete
control_b105a2c8469993,2021,20,complete
control_b105a2c8469993,2022,30,complete
control_b105a2c8469993,2023,24,complete
control_b105a2c8469993,2024,16,complete
control_b105a2c8469993,2025,19,complete
control_b1a64f6ffb7579,2017,0,complete
control_b1a64f6ffb7579,2018,0,complete
control_b1a64f6ffb7579,2019,0,complete
control_b1a64f6ffb7579,2020,0,complete
control_b1a64f6ffb7579,2021,0,complete
control_b1a64f6ffb7579,2022,0,complete
control_b1a64f6ffb7579,2023,0,complete
control_b1a64f6ffb7579,2024,0,complete
control_b1a64f6ffb7579,2025,0,complete
control_b20418649fc251,2017,0,complete
control_b20418649fc251,2018,0,complete
control_b20418649fc251,2019,3,complete
control_b20418649fc251,2020,8,complete
control_b20418649fc251,2021,20,complete
control_b20418649fc251,2022,21,complete
control_b20418649fc251,2023,25,complete
control_b20418649fc251,2024,20,complete
control_b20418649fc251,2025,22,complete
control_b211c47afb9dd3,2017,0,complete
control_b211c47afb9dd3,2018,0,complete
control_b211c47afb9dd3,2019,2,complete
control_b211c47afb9dd3,2020,1,complete
control_b211c47afb9dd3,2021,10,complete
control_b211c47afb9dd3,2022,5,complete
control_b211c47afb9dd3,2023,8,complete
control_b211c47afb9dd3,2024,3,complete
control_b211c47afb9dd3,2025,6,complete
control_b23175cb4a2b80,2017,13,complete
control_b23175cb4a2b80,2018,15,complete
control_b23175cb4a2b80,2019,21,complete
control_b23175cb4a2b80,2020,45,complete
control_b23175cb4a2b80,2021,34,complete
control_b23175cb4a2b80,2022,31,complete
control_b23175cb4a2b80,2023,38,complete
control_b23175cb4a2b80,2024,34,complete
control_b23175cb4a2b80,2025,18,complete
control_b28298bd74e69a,2017,0,complete
control_b28298bd74e69a,2018,0,complete
control_b28298bd74e69a,2019,0,complete
control_b28298bd74e69a,2020,3,complete
control_b28298bd74e69a,2021,10,complete
control_b28298bd74e69a,2022,4,complete
control_b28298bd74e69a,2023,3,complete
control_b28298bd74e69a,2024,7,complete
control_b28298bd74e69a,2025,7,complete
control_b295724082d458,2017,0,complete
control_b295724082d458,2018,1,complete
control_b295724082d458,2019,3,complete
control_b295724082d458,2020,6,complete
control_b295724082d458,2021,7,complete
control_b295724082d458,2022,10,complete
control_b295724082d458,2023,10,complete
control_b295724082d458,2024,13,complete
control_b295724082d458,2025,5,complete
control_b29afa0c11f837,2017,0,complete
control_b29afa0c11f837,2018,0,complete
control_b29afa0c11f837,2019,1,complete
control_b29afa0c11f837,2020,0,complete
control_b29afa0c11f837,2021,0,complete
control_b29afa0c11f837,2022,2,complete
control_b29afa0c11f837,2023,0,complete
control_b29afa0c11f837,2024,1,complete
control_b29afa0c11f837,2025,0,complete
control_b2a723b2c57a38,2017,1,complete
control_b2a723b2c57a38,2018,5,complete
control_b2a723b2c57a38,2019,3,complete
control_b2a723b2c57a38,2020,10,complete
control_b2a723b2c57a38,2021,11,complete
control_b2a723b2c57a38,2022,18,complete
control_b2a723b2c57a38,2023,10,complete
control_b2a723b2c57a38,2024,20,complete
control_b2a723b2c57a38,2025,10,complete
control_b35f1087f81cb1,2017,1,complete
control_b35f1087f81cb1,2018,1,complete
control_b35f1087f81cb1,2019,9,complete
control_b35f1087f81cb1,2020,7,complete
control_b35f1087f81cb1,2021,18,complete
control_b35f1087f81cb1,2022,15,complete
control_b35f1087f81cb1,2023,22,complete
control_b35f1087f81cb1,2024,20,complete
control_b35f1087f81cb1,2025,16,complete
control_b39b91bc5b9d9a,2017,35,complete
control_b39b91bc5b9d9a,2018,36,complete
control_b39b91bc5b9d9a,2019,33,complete
control_b39b91bc5b9d9a,2020,56,complete
control_b39b91bc5b9d9a,2021,34,complete
control_b39b91bc5b9d9a,2022,54,complete
control_b39b91bc5b9d9a,2023,35,complete
control_b39b91bc5b9d9a,2024,38,complete
control_b39b91bc5b9d9a,2025,26,complete
control_b39e2d9398eeb1,2017,0,complete
control_b39e2d9398eeb1,2018,1,complete
control_b39e2d9398eeb1,2019,1,complete
control_b39e2d9398eeb1,2020,10,complete
control_b39e2d9398eeb1,2021,14,complete
control_b39e2d9398eeb1,2022,20,complete
control_b39e2d9398eeb1,2023,16,complete
control_b39e2d9398eeb1,2024,16,complete
control_b39e2d9398eeb1,2025,10,complete
control_b3bcd8ba80e03b,2017,14,complete
control_b3bcd8ba80e03b,2018,63,complete
control_b3bcd8ba80e03b,2019,84,complete
control_b3bcd8ba80e03b,2020,123,complete
control_b3bcd8ba80e03b,2021,166,complete
control_b3bcd8ba80e03b,2022,175,complete
control_b3bcd8ba80e03b,2023,171,complete
control_b3bcd8ba80e03b,2024,203,complete
control_b3bcd8ba80e03b,2025,252,complete
control_b42bf648dba9ce,2017,8,complete
control_b42bf648dba9ce,2018,8,complete
control_b42bf648dba9ce,2019,15,complete
control_b42bf648dba9ce,2020,25,complete
control_b42bf648dba9ce,2021,15,complete
control_b42bf648dba9ce,2022,16,complete
control_b42bf648dba9ce,2023,11,complete
control_b42bf648dba9ce,2024,12,complete
control_b42bf648dba9ce,2025,13,complete
control_b4ca772e38ee9c,2017,2,complete
control_b4ca772e38ee9c,2018,3,complete
control_b4ca772e38ee9c,2019,7,complete
control_b4ca772e38ee9c,2020,15,complete
control_b4ca772e38ee9c,2021,10,complete
control_b4ca772e38ee9c,2022,30,complete
control_b4ca772e38ee9c,2023,29,complete
control_b4ca772e38ee9c,2024,30,complete
control_b4ca772e38ee9c,2025,24,complete
control_b4ccd14badb363,2017,2,complete
control_b4ccd14badb363,2018,1,complete
control_b4ccd14badb363,2019,1,complete
control_b4ccd14badb363,2020,4,complete
control_b4ccd14badb363,2021,3,complete
control_b4ccd14badb363,2022,7,complete
control_b4ccd14badb363,2023,15,complete
control_b4ccd14badb363,2024,18,complete
control_b4ccd14badb363,2025,15,complete
control_b5135c92f6ee80,2017,3,complete
control_b5135c92f6ee80,2018,0,complete
control_b5135c92f6ee80,2019,1,complete
control_b5135c92f6ee80,2020,5,complete
control_b5135c92f6ee80,2021,6,complete
control_b5135c92f6ee80,2022,9,complete
control_b5135c92f6ee80,2023,15,complete
control_b5135c92f6ee80,2024,11,complete
control_b5135c92f6ee80,2025,17,complete
control_b51e069ef9dbba,2017,0,complete
control_b51e069ef9dbba,2018,0,complete
control_b51e069ef9dbba,2019,2,complete
control_b51e069ef9dbba,2020,7,complete
control_b51e069ef9dbba,2021,2,complete
control_b51e069ef9dbba,2022,30,complete
control_b51e069ef9dbba,2023,52,complete
control_b51e069ef9dbba,2024,67,complete
control_b51e069ef9dbba,2025,49,complete
control_b56ba210c8e222,2017,0,complete
control_b56ba210c8e222,2018,0,complete
control_b56ba210c8e222,2019,0,complete
control_b56ba210c8e222,2020,0,complete
control_b56ba210c8e222,2021,0,complete
control_b56ba210c8e222,2022,0,complete
control_b56ba210c8e222,2023,0,complete
control_b56ba210c8e222,2024,1,complete
control_b56ba210c8e222,2025,0,complete
control_b5fd59ee323fd3,2017,0,complete
control_b5fd59ee323fd3,2018,1,complete
control_b5fd59ee323fd3,2019,3,complete
control_b5fd59ee323fd3,2020,3,complete
control_b5fd59ee323fd3,2021,6,complete
control_b5fd59ee323fd3,2022,4,complete
control_b5fd59ee323fd3,2023,5,complete
control_b5fd59ee323fd3,2024,6,complete
control_b5fd59ee323fd3,2025,2,complete
control_b61b7589d2f5b9,2017,4,complete
control_b61b7589d2f5b9,2018,5,complete
control_b61b7589d2f5b9,2019,13,complete
control_b61b7589d2f5b9,2020,12,complete
control_b61b7589d2f5b9,2021,16,complete
control_b61b7589d2f5b9,2022,16,complete
control_b61b7589d2f5b9,2023,10,complete
control_b61b7589d2f5b9,2024,32,complete
control_b61b7589d2f5b9,2025,9,complete
control_b6b1cb265e612c,2017,0,complete
control_b6b1cb265e612c,2018,1,complete
control_b6b1cb265e612c,2019,1,complete
control_b6b1cb265e612c,2020,3,complete
control_b6b1cb265e612c,2021,5,complete
control_b6b1cb265e612c,2022,0,complete
control_b6b1cb265e612c,2023,3,complete
control_b6b1cb265e612c,2024,3,complete
control_b6b1cb265e612c,2025,1,complete
control_b73837a7f97769,2017,0,complete
control_b73837a7f97769,2018,0,complete
control_b73837a7f97769,2019,1,complete
control_b73837a7f97769,2020,0,complete
control_b73837a7f97769,2021,0,complete
control_b73837a7f97769,2022,0,complete
control_b73837a7f97769,2023,0,complete
control_b73837a7f97769,2024,0,complete
control_b73837a7f97769,2025,0,complete
control_b751b58e9be0b0,2017,0,complete
control_b751b58e9be0b0,2018,1,complete
control_b751b58e9be0b0,2019,8,complete
control_b751b58e9be0b0,2020,5,complete
control_b751b58e9be0b0,2021,3,complete
control_b751b58e9be0b0,2022,4,complete
control_b751b58e9be0b0,2023,0,complete
control_b751b58e9be0b0,2024,2,complete
control_b751b58e9be0b0,2025,2,complete
control_b845b5d05c40ad,2017,5,complete
control_b845b5d05c40ad,2018,14,complete
control_b845b5d05c40ad,2019,11,complete
control_b845b5d05c40ad,2020,13,complete
control_b845b5d05c40ad,2021,4,complete
control_b845b5d05c40ad,2022,11,complete
control_b845b5d05c40ad,2023,10,complete
control_b845b5d05c40ad,2024,8,complete
control_b845b5d05c40ad,2025,13,complete
control_b8966eaa3468d8,2017,0,complete
control_b8966eaa3468d8,2018,0,complete
control_b8966eaa3468d8,2019,0,complete
control_b8966eaa3468d8,2020,2,complete
control_b8966eaa3468d8,2021,5,complete
control_b8966eaa3468d8,2022,14,complete
control_b8966eaa3468d8,2023,15,complete
control_b8966eaa3468d8,2024,20,complete
control_b8966eaa3468d8,2025,17,complete
control_b8a7f9190bed50,2017,11,complete
control_b8a7f9190bed50,2018,7,complete
control_b8a7f9190bed50,2019,15,complete
control_b8a7f9190bed50,2020,6,complete
control_b8a7f9190bed50,2021,9,complete
control_b8a7f9190bed50,2022,10,complete
control_b8a7f9190bed50,2023,8,complete
control_b8a7f9190bed50,2024,5,complete
control_b8a7f9190bed50,2025,5,complete
control_b8ea9634a6207f,2017,0,complete
control_b8ea9634a6207f,2018,0,complete
control_b8ea9634a6207f,2019,1,complete
control_b8ea9634a6207f,2020,0,complete
control_b8ea9634a6207f,2021,0,complete
control_b8ea9634a6207f,2022,3,complete
control_b8ea9634a6207f,2023,1,complete
control_b8ea9634a6207f,2024,0,complete
control_b8ea9634a6207f,2025,1,complete
control_b8ebac6154a9b8,2017,0,complete
control_b8ebac6154a9b8,2018,8,complete
control_b8ebac6154a9b8,2019,6,complete
control_b8ebac6154a9b8,2020,8,complete
control_b8ebac6154a9b8,2021,11,complete
control_b8ebac6154a9b8,2022,2,complete
control_b8ebac6154a9b8,2023,5,complete
control_b8ebac6154a9b8,2024,5,complete
control_b8ebac6154a9b8,2025,4,complete
control_b926b50eac8ca3,2017,1,complete
control_b926b50eac8ca3,2018,1,complete
control_b926b50eac8ca3,2019,2,complete
control_b926b50eac8ca3,2020,3,complete
control_b926b50eac8ca3,2021,1,complete
control_b926b50eac8ca3,2022,1,complete
control_b926b50eac8ca3,2023,1,complete
control_b926b50eac8ca3,2024,0,complete
control_b926b50eac8ca3,2025,2,complete
control_b94048d1856c0c,2017,0,complete
control_b94048d1856c0c,2018,0,complete
control_b94048d1856c0c,2019,1,complete
control_b94048d1856c0c,2020,0,complete
control_b94048d1856c0c,2021,1,complete
control_b94048d1856c0c,2022,8,complete
control_b94048d1856c0c,2023,8,complete
control_b94048d1856c0c,2024,10,complete
control_b94048d1856c0c,2025,6,complete
control_b9aa91a9e10f85,2017,0,complete
control_b9aa91a9e10f85,2018,0,complete
control_b9aa91a9e10f85,2019,1,complete
control_b9aa91a9e10f85,2020,2,complete
control_b9aa91a9e10f85,2021,11,complete
control_b9aa91a9e10f85,2022,13,complete
control_b9aa91a9e10f85,2023,29,complete
control_b9aa91a9e10f85,2024,47,complete
control_b9aa91a9e10f85,2025,46,complete
control_b9df96027839f7,2017,2,complete
control_b9df96027839f7,2018,5,complete
control_b9df96027839f7,2019,7,complete
control_b9df96027839f7,2020,8,complete
control_b9df96027839f7,2021,3,complete
control_b9df96027839f7,2022,3,complete
control_b9df96027839f7,2023,8,complete
control_b9df96027839f7,2024,4,complete
control_b9df96027839f7,2025,4,complete
control_ba1d9b04db7d4a,2017,1,complete
control_ba1d9b04db7d4a,2018,1,complete
control_ba1d9b04db7d4a,2019,0,complete
control_ba1d9b04db7d4a,2020,1,complete
control_ba1d9b04db7d4a,2021,2,complete
control_ba1d9b04db7d4a,2022,4,complete
control_ba1d9b04db7d4a,2023,13,complete
control_ba1d9b04db7d4a,2024,17,complete
control_ba1d9b04db7d4a,2025,21,complete
control_bac91a6a421055,2017,4,complete
control_bac91a6a421055,2018,2,complete
control_bac91a6a421055,2019,3,complete
control_bac91a6a421055,2020,15,complete
control_bac91a6a421055,2021,25,complete
control_bac91a6a421055,2022,23,complete
control_bac91a6a421055,2023,32,complete
control_bac91a6a421055,2024,30,complete
control_bac91a6a421055,2025,32,complete
control_bb3088cdd470de,2017,7,complete
control_bb3088cdd470de,2018,16,complete
control_bb3088cdd470de,2019,20,complete
control_bb3088cdd470de,2020,32,complete
control_bb3088cdd470de,2021,33,complete
control_bb3088cdd470de,2022,32,complete
control_bb3088cdd470de,2023,33,complete
control_bb3088cdd470de,2024,19,complete
control_bb3088cdd470de,2025,37,complete
control_bb31896860af4a,2017,15,complete
control_bb31896860af4a,2018,15,complete
control_bb31896860af4a,2019,10,complete
control_bb31896860af4a,2020,16,complete
control_bb31896860af4a,2021,17,complete
control_bb31896860af4a,2022,16,complete
control_bb31896860af4a,2023,23,complete
control_bb31896860af4a,2024,16,complete
control_bb31896860af4a,2025,16,complete
control_bb5cb67c11bd87,2017,0,complete
control_bb5cb67c11bd87,2018,6,complete
control_bb5cb67c11bd87,2019,1,complete
control_bb5cb67c11bd87,2020,2,complete
control_bb5cb67c11bd87,2021,7,complete
control_bb5cb67c11bd87,2022,3,complete
control_bb5cb67c11bd87,2023,4,complete
control_bb5cb67c11bd87,2024,4,complete
control_bb5cb67c11bd87,2025,6,complete
control_bb66faa6389ba2,2017,1,complete
control_bb66faa6389ba2,2018,6,complete
control_bb66faa6389ba2,2019,12,complete
control_bb66faa6389ba2,2020,14,complete
control_bb66faa6389ba2,2021,9,complete
control_bb66faa6389ba2,2022,8,complete
control_bb66faa6389ba2,2023,7,complete
control_bb66faa6389ba2,2024,11,complete
control_bb66faa6389ba2,2025,21,complete
control_bb6edf001a9b59,2017,1,complete
control_bb6edf001a9b59,2018,6,complete
control_bb6edf001a9b59,2019,2,complete
control_bb6edf001a9b59,2020,5,complete
control_bb6edf001a9b59,2021,5,complete
control_bb6edf001a9b59,2022,6,complete
control_bb6edf001a9b59,2023,6,complete
control_bb6edf001a9b59,2024,6,complete
control_bb6edf001a9b59,2025,5,complete
control_bb766bf2a06ca5,2017,1,complete
control_bb766bf2a06ca5,2018,4,complete
control_bb766bf2a06ca5,2019,15,complete
control_bb766bf2a06ca5,2020,11,complete
control_bb766bf2a06ca5,2021,11,complete
control_bb766bf2a06ca5,2022,12,complete
control_bb766bf2a06ca5,2023,14,complete
control_bb766bf2a06ca5,2024,10,complete
control_bb766bf2a06ca5,2025,11,complete
control_bb9d5aabca0cb2,2017,0,complete
control_bb9d5aabca0cb2,2018,1,complete
control_bb9d5aabca0cb2,2019,5,complete
control_bb9d5aabca0cb2,2020,9,complete
control_bb9d5aabca0cb2,2021,8,complete
control_bb9d5aabca0cb2,2022,12,complete
control_bb9d5aabca0cb2,2023,4,complete
control_bb9d5aabca0cb2,2024,9,complete
control_bb9d5aabca0cb2,2025,8,complete
control_bbbfd629713d7e,2017,15,complete
control_bbbfd629713d7e,2018,4,complete
control_bbbfd629713d7e,2019,16,complete
control_bbbfd629713d7e,2020,7,complete
control_bbbfd629713d7e,2021,14,complete
control_bbbfd629713d7e,2022,7,complete
control_bbbfd629713d7e,2023,10,complete
control_bbbfd629713d7e,2024,12,complete
control_bbbfd629713d7e,2025,7,complete
control_bbdf7f6419c9e9,2017,6,complete
control_bbdf7f6419c9e9,2018,12,complete
control_bbdf7f6419c9e9,2019,5,complete
control_bbdf7f6419c9e9,2020,4,complete
control_bbdf7f6419c9e9,2021,8,complete
control_bbdf7f6419c9e9,2022,11,complete
control_bbdf7f6419c9e9,2023,7,complete
control_bbdf7f6419c9e9,2024,13,complete
control_bbdf7f6419c9e9,2025,3,complete
control_bbfbc61823aac0,2017,1,complete
control_bbfbc61823aac0,2018,9,complete
control_bbfbc61823aac0,2019,12,complete
control_bbfbc61823aac0,2020,17,complete
control_bbfbc61823aac0,2021,15,complete
control_bbfbc61823aac0,2022,14,complete
control_bbfbc61823aac0,2023,11,complete
control_bbfbc61823aac0,2024,5,complete
control_bbfbc61823aac0,2025,15,complete
control_bc308ff58c6fe8,2017,0,complete
control_bc308ff58c6fe8,2018,0,complete
control_bc308ff58c6fe8,2019,0,complete
control_bc308ff58c6fe8,2020,1,complete
control_bc308ff58c6fe8,2021,1,complete
control_bc308ff58c6fe8,2022,1,complete
control_bc308ff58c6fe8,2023,2,complete
control_bc308ff58c6fe8,2024,0,complete
control_bc308ff58c6fe8,2025,0,complete
control_bc6137393b204a,2017,14,complete
control_bc6137393b204a,2018,15,complete
control_bc6137393b204a,2019,14,complete
control_bc6137393b204a,2020,9,complete
control_bc6137393b204a,2021,6,complete
control_bc6137393b204a,2022,12,complete
control_bc6137393b204a,2023,3,complete
control_bc6137393b204a,2024,5,complete
control_bc6137393b204a,2025,1,complete
control_bcb3356fa82d5d,2017,1,complete
control_bcb3356fa82d5d,2018,1,complete
control_bcb3356fa82d5d,2019,0,complete
control_bcb3356fa82d5d,2020,0,complete
control_bcb3356fa82d5d,2021,7,complete
control_bcb3356fa82d5d,2022,14,complete
control_bcb3356fa82d5d,2023,54,complete
control_bcb3356fa82d5d,2024,39,complete
control_bcb3356fa82d5d,2025,36,complete
control_bcd521e733bdf1,2017,9,complete
control_bcd521e733bdf1,2018,6,complete
control_bcd521e733bdf1,2019,14,complete
control_bcd521e733bdf1,2020,12,complete
control_bcd521e733bdf1,2021,18,complete
control_bcd521e733bdf1,2022,8,complete
control_bcd521e733bdf1,2023,9,complete
control_bcd521e733bdf1,2024,40,complete
control_bcd521e733bdf1,2025,11,complete
control_bce0e97e6e806a,2017,14,complete
control_bce0e97e6e806a,2018,17,complete
control_bce0e97e6e806a,2019,32,complete
control_bce0e97e6e806a,2020,84,complete
control_bce0e97e6e806a,2021,132,complete
control_bce0e97e6e806a,2022,109,complete
control_bce0e97e6e806a,2023,97,complete
control_bce0e97e6e806a,2024,101,complete
control_bce0e97e6e806a,2025,103,complete
control_bcee4bdcdf22ad,2017,3,complete
control_bcee4bdcdf22ad,2018,1,complete
control_bcee4bdcdf22ad,2019,33,complete
control_bcee4bdcdf22ad,2020,19,complete
control_bcee4bdcdf22ad,2021,10,complete
control_bcee4bdcdf22ad,2022,11,complete
control_bcee4bdcdf22ad,2023,9,complete
control_bcee4bdcdf22ad,2024,12,complete
control_bcee4bdcdf22ad,2025,2,complete
control_bcfa43de025745,2017,2,complete
control_bcfa43de025745,2018,5,complete
control_bcfa43de025745,2019,11,complete
control_bcfa43de025745,2020,22,complete
control_bcfa43de025745,2021,22,complete
control_bcfa43de025745,2022,33,complete
control_bcfa43de025745,2023,28,complete
control_bcfa43de025745,2024,29,complete
control_bcfa43de025745,2025,25,complete
control_bd5932038823be,2017,1,complete
control_bd5932038823be,2018,5,complete
control_bd5932038823be,2019,19,complete
control_bd5932038823be,2020,56,complete
control_bd5932038823be,2021,67,complete
control_bd5932038823be,2022,89,complete
control_bd5932038823be,2023,99,complete
control_bd5932038823be,2024,128,complete
control_bd5932038823be,2025,119,complete
control_bd634d42492f4c,2017,0,complete
control_bd634d42492f4c,2018,0,complete
control_bd634d42492f4c,2019,1,complete
control_bd634d42492f4c,2020,1,complete
control_bd634d42492f4c,2021,5,complete
control_bd634d42492f4c,2022,2,complete
control_bd634d42492f4c,2023,2,complete
control_bd634d42492f4c,2024,2,complete
control_bd634d42492f4c,2025,3,complete
control_bdbd1103746061,2017,0,complete
control_bdbd1103746061,2018,1,complete
control_bdbd1103746061,2019,0,complete
control_bdbd1103746061,2020,1,complete
control_bdbd1103746061,2021,2,complete
control_bdbd1103746061,2022,0,complete
control_bdbd1103746061,2023,0,complete
control_bdbd1103746061,2024,1,complete
control_bdbd1103746061,2025,3,complete
control_bdcf86df2d62d6,2017,0,complete
control_bdcf86df2d62d6,2018,0,complete
control_bdcf86df2d62d6,2019,0,complete
control_bdcf86df2d62d6,2020,2,complete
control_bdcf86df2d62d6,2021,3,complete
control_bdcf86df2d62d6,2022,11,complete
control_bdcf86df2d62d6,2023,23,complete
control_bdcf86df2d62d6,2024,20,complete
control_bdcf86df2d62d6,2025,28,complete
control_be36b739b02da7,2017,0,complete
control_be36b739b02da7,2018,3,complete
control_be36b739b02da7,2019,6,complete
control_be36b739b02da7,2020,7,complete
control_be36b739b02da7,2021,9,complete
control_be36b739b02da7,2022,10,complete
control_be36b739b02da7,2023,10,complete
control_be36b739b02da7,2024,4,complete
control_be36b739b02da7,2025,11,complete
control_be55abc26d2dc5,2017,10,complete
control_be55abc26d2dc5,2018,18,complete
control_be55abc26d2dc5,2019,22,complete
control_be55abc26d2dc5,2020,56,complete
control_be55abc26d2dc5,2021,28,complete
control_be55abc26d2dc5,2022,24,complete
control_be55abc26d2dc5,2023,37,complete
control_be55abc26d2dc5,2024,29,complete
control_be55abc26d2dc5,2025,17,complete
control_be6eacd8e27df7,2017,0,complete
control_be6eacd8e27df7,2018,0,complete
control_be6eacd8e27df7,2019,0,complete
control_be6eacd8e27df7,2020,0,complete
control_be6eacd8e27df7,2021,0,complete
control_be6eacd8e27df7,2022,0,complete
control_be6eacd8e27df7,2023,1,complete
control_be6eacd8e27df7,2024,1,complete
control_be6eacd8e27df7,2025,0,complete
control_be886172d05803,2017,0,complete
control_be886172d05803,2018,1,complete
control_be886172d05803,2019,5,complete
control_be886172d05803,2020,4,complete
control_be886172d05803,2021,5,complete
control_be886172d05803,2022,2,complete
control_be886172d05803,2023,8,complete
control_be886172d05803,2024,8,complete
control_be886172d05803,2025,5,complete
control_bf63d7a7653268,2017,2,complete
control_bf63d7a7653268,2018,5,complete
control_bf63d7a7653268,2019,7,complete
control_bf63d7a7653268,2020,13,complete
control_bf63d7a7653268,2021,17,complete
control_bf63d7a7653268,2022,34,complete
control_bf63d7a7653268,2023,24,complete
control_bf63d7a7653268,2024,25,complete
control_bf63d7a7653268,2025,49,complete
control_c0299c098d549b,2017,2,complete
control_c0299c098d549b,2018,1,complete
control_c0299c098d549b,2019,7,complete
control_c0299c098d549b,2020,14,complete
control_c0299c098d549b,2021,35,complete
control_c0299c098d549b,2022,25,complete
control_c0299c098d549b,2023,27,complete
control_c0299c098d549b,2024,43,complete
control_c0299c098d549b,2025,40,complete
control_c0448e62118f7e,2017,5,complete
control_c0448e62118f7e,2018,11,complete
control_c0448e62118f7e,2019,7,complete
control_c0448e62118f7e,2020,16,complete
control_c0448e62118f7e,2021,15,complete
control_c0448e62118f7e,2022,10,complete
control_c0448e62118f7e,2023,14,complete
control_c0448e62118f7e,2024,9,complete
control_c0448e62118f7e,2025,6,complete
control_c067444177c2d2,2017,1,complete
control_c067444177c2d2,2018,4,complete
control_c067444177c2d2,2019,9,complete
control_c067444177c2d2,2020,28,complete
control_c067444177c2d2,2021,32,complete
control_c067444177c2d2,2022,44,complete
control_c067444177c2d2,2023,43,complete
control_c067444177c2d2,2024,47,complete
control_c067444177c2d2,2025,42,complete
control_c087801fdb8bd6,2017,0,complete
control_c087801fdb8bd6,2018,2,complete
control_c087801fdb8bd6,2019,3,complete
control_c087801fdb8bd6,2020,4,complete
control_c087801fdb8bd6,2021,11,complete
control_c087801fdb8bd6,2022,5,complete
control_c087801fdb8bd6,2023,6,complete
control_c087801fdb8bd6,2024,10,complete
control_c087801fdb8bd6,2025,17,complete
control_c08d6d2f00543d,2017,12,complete
control_c08d6d2f00543d,2018,11,complete
control_c08d6d2f00543d,2019,7,complete
control_c08d6d2f00543d,2020,10,complete
control_c08d6d2f00543d,2021,10,complete
control_c08d6d2f00543d,2022,11,complete
control_c08d6d2f00543d,2023,6,complete
control_c08d6d2f00543d,2024,5,complete
control_c08d6d2f00543d,2025,5,complete
control_c1a466dd6f42e0,2017,5,complete
control_c1a466dd6f42e0,2018,2,complete
control_c1a466dd6f42e0,2019,8,complete
control_c1a466dd6f42e0,2020,7,complete
control_c1a466dd6f42e0,2021,18,complete
control_c1a466dd6f42e0,2022,20,complete
control_c1a466dd6f42e0,2023,27,complete
control_c1a466dd6f42e0,2024,28,complete
control_c1a466dd6f42e0,2025,23,complete
control_c1b16823696ae6,2017,0,complete
control_c1b16823696ae6,2018,1,complete
control_c1b16823696ae6,2019,3,complete
control_c1b16823696ae6,2020,4,complete
control_c1b16823696ae6,2021,5,complete
control_c1b16823696ae6,2022,11,complete
control_c1b16823696ae6,2023,6,complete
control_c1b16823696ae6,2024,6,complete
control_c1b16823696ae6,2025,5,complete
control_c1d607ca2b0f19,2017,0,complete
control_c1d607ca2b0f19,2018,0,complete
control_c1d607ca2b0f19,2019,1,complete
control_c1d607ca2b0f19,2020,3,complete
control_c1d607ca2b0f19,2021,8,complete
control_c1d607ca2b0f19,2022,13,complete
control_c1d607ca2b0f19,2023,14,complete
control_c1d607ca2b0f19,2024,20,complete
control_c1d607ca2b0f19,2025,20,complete
control_c2a4a4d6f50f9a,2017,3,complete
control_c2a4a4d6f50f9a,2018,6,complete
control_c2a4a4d6f50f9a,2019,2,complete
control_c2a4a4d6f50f9a,2020,0,complete
control_c2a4a4d6f50f9a,2021,6,complete
control_c2a4a4d6f50f9a,2022,6,complete
control_c2a4a4d6f50f9a,2023,3,complete
control_c2a4a4d6f50f9a,2024,1,complete
control_c2a4a4d6f50f9a,2025,2,complete
control_c2ff296aa792cb,2017,0,complete
control_c2ff296aa792cb,2018,1,complete
control_c2ff296aa792cb,2019,1,complete
control_c2ff296aa792cb,2020,1,complete
control_c2ff296aa792cb,2021,0,complete
control_c2ff296aa792cb,2022,2,complete
control_c2ff296aa792cb,2023,1,complete
control_c2ff296aa792cb,2024,8,complete
control_c2ff296aa792cb,2025,4,complete
control_c320f96b88de66,2017,2,complete
control_c320f96b88de66,2018,5,complete
control_c320f96b88de66,2019,3,complete
control_c320f96b88de66,2020,7,complete
control_c320f96b88de66,2021,12,complete
control_c320f96b88de66,2022,42,complete
control_c320f96b88de66,2023,9,complete
control_c320f96b88de66,2024,15,complete
control_c320f96b88de66,2025,2,complete
control_c33e572315049a,2017,2,complete
control_c33e572315049a,2018,2,complete
control_c33e572315049a,2019,0,complete
control_c33e572315049a,2020,1,complete
control_c33e572315049a,2021,2,complete
control_c33e572315049a,2022,2,complete
control_c33e572315049a,2023,2,complete
control_c33e572315049a,2024,2,complete
control_c33e572315049a,2025,0,complete
control_c363640cc586f5,2017,0,complete
control_c363640cc586f5,2018,1,complete
control_c363640cc586f5,2019,5,complete
control_c363640cc586f5,2020,15,complete
control_c363640cc586f5,2021,11,complete
control_c363640cc586f5,2022,23,complete
control_c363640cc586f5,2023,18,complete
control_c363640cc586f5,2024,34,complete
control_c363640cc586f5,2025,26,complete
control_c394269679250b,2017,0,complete
control_c394269679250b,2018,0,complete
control_c394269679250b,2019,1,complete
control_c394269679250b,2020,2,complete
control_c394269679250b,2021,6,complete
control_c394269679250b,2022,9,complete
control_c394269679250b,2023,9,complete
control_c394269679250b,2024,37,complete
control_c394269679250b,2025,9,complete
control_c3f9cbfd888cee,2017,0,complete
control_c3f9cbfd888cee,2018,0,complete
control_c3f9cbfd888cee,2019,2,complete
control_c3f9cbfd888cee,2020,1,complete
control_c3f9cbfd888cee,2021,9,complete
control_c3f9cbfd888cee,2022,4,complete
control_c3f9cbfd888cee,2023,7,complete
control_c3f9cbfd888cee,2024,31,complete
control_c3f9cbfd888cee,2025,2,complete
control_c416675044b039,2017,0,complete
control_c416675044b039,2018,1,complete
control_c416675044b039,2019,0,complete
control_c416675044b039,2020,1,complete
control_c416675044b039,2021,2,complete
control_c416675044b039,2022,5,complete
control_c416675044b039,2023,1,complete
control_c416675044b039,2024,2,complete
control_c416675044b039,2025,2,complete
control_c43d57e17d3397,2017,1,complete
control_c43d57e17d3397,2018,4,complete
control_c43d57e17d3397,2019,4,complete
control_c43d57e17d3397,2020,6,complete
control_c43d57e17d3397,2021,9,complete
control_c43d57e17d3397,2022,6,complete
control_c43d57e17d3397,2023,1,complete
control_c43d57e17d3397,2024,9,complete
control_c43d57e17d3397,2025,8,complete
control_c49ebc8dfa2d69,2017,0,complete
control_c49ebc8dfa2d69,2018,1,complete
control_c49ebc8dfa2d69,2019,1,complete
control_c49ebc8dfa2d69,2020,2,complete
control_c49ebc8dfa2d69,2021,4,complete
control_c49ebc8dfa2d69,2022,0,complete
control_c49ebc8dfa2d69,2023,2,complete
control_c49ebc8dfa2d69,2024,2,complete
control_c49ebc8dfa2d69,2025,2,complete
control_c4c15aa6b473a2,2017,3,complete
control_c4c15aa6b473a2,2018,1,complete
control_c4c15aa6b473a2,2019,4,complete
control_c4c15aa6b473a2,2020,0,complete
control_c4c15aa6b473a2,2021,1,complete
control_c4c15aa6b473a2,2022,0,complete
control_c4c15aa6b473a2,2023,1,complete
control_c4c15aa6b473a2,2024,1,complete
control_c4c15aa6b473a2,2025,4,complete
control_c4d77ff3c1902e,2017,1,complete
control_c4d77ff3c1902e,2018,1,complete
control_c4d77ff3c1902e,2019,2,complete
control_c4d77ff3c1902e,2020,7,complete
control_c4d77ff3c1902e,2021,16,complete
control_c4d77ff3c1902e,2022,14,complete
control_c4d77ff3c1902e,2023,6,complete
control_c4d77ff3c1902e,2024,14,complete
control_c4d77ff3c1902e,2025,15,complete
control_c529d97333402e,2017,1,complete
control_c529d97333402e,2018,0,complete
control_c529d97333402e,2019,1,complete
control_c529d97333402e,2020,3,complete
control_c529d97333402e,2021,4,complete
control_c529d97333402e,2022,5,complete
control_c529d97333402e,2023,5,complete
control_c529d97333402e,2024,4,complete
control_c529d97333402e,2025,1,complete
control_c547b415dd9854,2017,0,complete
control_c547b415dd9854,2018,1,complete
control_c547b415dd9854,2019,0,complete
control_c547b415dd9854,2020,0,complete
control_c547b415dd9854,2021,0,complete
control_c547b415dd9854,2022,1,complete
control_c547b415dd9854,2023,1,complete
control_c547b415dd9854,2024,0,complete
control_c547b415dd9854,2025,0,complete
control_c583d80c3ddd48,2017,3,complete
control_c583d80c3ddd48,2018,9,complete
control_c583d80c3ddd48,2019,5,complete
control_c583d80c3ddd48,2020,13,complete
control_c583d80c3ddd48,2021,10,complete
control_c583d80c3ddd48,2022,7,complete
control_c583d80c3ddd48,2023,7,complete
control_c583d80c3ddd48,2024,7,complete
control_c583d80c3ddd48,2025,5,complete
control_c5a44c4655dfbb,2017,0,complete
control_c5a44c4655dfbb,2018,0,complete
control_c5a44c4655dfbb,2019,0,complete
control_c5a44c4655dfbb,2020,1,complete
control_c5a44c4655dfbb,2021,1,complete
control_c5a44c4655dfbb,2022,2,complete
control_c5a44c4655dfbb,2023,6,complete
control_c5a44c4655dfbb,2024,7,complete
control_c5a44c4655dfbb,2025,15,complete
control_c5a51df5007c34,2017,0,complete
control_c5a51df5007c34,2018,0,complete
control_c5a51df5007c34,2019,0,complete
control_c5a51df5007c34,2020,0,complete
control_c5a51df5007c34,2021,0,complete
control_c5a51df5007c34,2022,1,complete
control_c5a51df5007c34,2023,3,complete
control_c5a51df5007c34,2024,3,complete
control_c5a51df5007c34,2025,3,complete
control_c614b001e81d52,2017,4,complete
control_c614b001e81d52,2018,3,complete
control_c614b001e81d52,2019,1,complete
control_c614b001e81d52,2020,4,complete
control_c614b001e81d52,2021,4,complete
control_c614b001e81d52,2022,8,complete
control_c614b001e81d52,2023,9,complete
control_c614b001e81d52,2024,1,complete
control_c614b001e81d52,2025,7,complete
control_c6980fe14663fa,2017,2,complete
control_c6980fe14663fa,2018,6,complete
control_c6980fe14663fa,2019,0,complete
control_c6980fe14663fa,2020,0,complete
control_c6980fe14663fa,2021,3,complete
control_c6980fe14663fa,2022,6,complete
control_c6980fe14663fa,2023,2,complete
control_c6980fe14663fa,2024,7,complete
control_c6980fe14663fa,2025,4,complete
control_c6c011fe73e84f,2017,0,complete
control_c6c011fe73e84f,2018,1,complete
control_c6c011fe73e84f,2019,5,complete
control_c6c011fe73e84f,2020,7,complete
control_c6c011fe73e84f,2021,15,complete
control_c6c011fe73e84f,2022,11,complete
control_c6c011fe73e84f,2023,22,complete
control_c6c011fe73e84f,2024,15,complete
control_c6c011fe73e84f,2025,16,complete
control_c75b925498459e,2017,0,complete
control_c75b925498459e,2018,1,complete
control_c75b925498459e,2019,4,complete
control_c75b925498459e,2020,2,complete
control_c75b925498459e,2021,12,complete
control_c75b925498459e,2022,24,complete
control_c75b925498459e,2023,46,complete
control_c75b925498459e,2024,46,complete
control_c75b925498459e,2025,47,complete
control_c7812ddd824d17,2017,0,complete
control_c7812ddd824d17,2018,5,complete
control_c7812ddd824d17,2019,10,complete
control_c7812ddd824d17,2020,42,complete
control_c7812ddd824d17,2021,26,complete
control_c7812ddd824d17,2022,50,complete
control_c7812ddd824d17,2023,47,complete
control_c7812ddd824d17,2024,69,complete
control_c7812ddd824d17,2025,43,complete
control_c78c407615c461,2017,0,complete
control_c78c407615c461,2018,1,complete
control_c78c407615c461,2019,2,complete
control_c78c407615c461,2020,5,complete
control_c78c407615c461,2021,5,complete
control_c78c407615c461,2022,3,complete
control_c78c407615c461,2023,0,complete
control_c78c407615c461,2024,4,complete
control_c78c407615c461,2025,3,complete
control_c80b789d1ae8ad,2017,1,complete
control_c80b789d1ae8ad,2018,4,complete
control_c80b789d1ae8ad,2019,3,complete
control_c80b789d1ae8ad,2020,5,complete
control_c80b789d1ae8ad,2021,5,complete
control_c80b789d1ae8ad,2022,6,complete
control_c80b789d1ae8ad,2023,2,complete
control_c80b789d1ae8ad,2024,2,complete
control_c80b789d1ae8ad,2025,3,complete
control_c86dd241f5a85f,2017,1,complete
control_c86dd241f5a85f,2018,4,complete
control_c86dd241f5a85f,2019,12,complete
control_c86dd241f5a85f,2020,45,complete
control_c86dd241f5a85f,2021,19,complete
control_c86dd241f5a85f,2022,21,complete
control_c86dd241f5a85f,2023,29,complete
control_c86dd241f5a85f,2024,32,complete
control_c86dd241f5a85f,2025,15,complete
control_c8927a01ad8f00,2017,0,complete
control_c8927a01ad8f00,2018,0,complete
control_c8927a01ad8f00,2019,0,complete
control_c8927a01ad8f00,2020,3,complete
control_c8927a01ad8f00,2021,4,complete
control_c8927a01ad8f00,2022,3,complete
control_c8927a01ad8f00,2023,6,complete
control_c8927a01ad8f00,2024,5,complete
control_c8927a01ad8f00,2025,4,complete
control_c95a3782f32aa2,2017,5,complete
control_c95a3782f32aa2,2018,6,complete
control_c95a3782f32aa2,2019,5,complete
control_c95a3782f32aa2,2020,10,complete
control_c95a3782f32aa2,2021,7,complete
control_c95a3782f32aa2,2022,1,complete
control_c95a3782f32aa2,2023,4,complete
control_c95a3782f32aa2,2024,1,complete
control_c95a3782f32aa2,2025,1,complete
control_ca285fd2c3a7d8,2017,7,complete
control_ca285fd2c3a7d8,2018,22,complete
control_ca285fd2c3a7d8,2019,8,complete
control_ca285fd2c3a7d8,2020,14,complete
control_ca285fd2c3a7d8,2021,17,complete
control_ca285fd2c3a7d8,2022,17,complete
control_ca285fd2c3a7d8,2023,10,complete
control_ca285fd2c3a7d8,2024,27,complete
control_ca285fd2c3a7d8,2025,17,complete
control_ca4cfcdee56fa8,2017,6,complete
control_ca4cfcdee56fa8,2018,5,complete
control_ca4cfcdee56fa8,2019,5,complete
control_ca4cfcdee56fa8,2020,13,complete
control_ca4cfcdee56fa8,2021,21,complete
control_ca4cfcdee56fa8,2022,15,complete
control_ca4cfcdee56fa8,2023,22,complete
control_ca4cfcdee56fa8,2024,19,complete
control_ca4cfcdee56fa8,2025,23,complete
control_ca937976983094,2017,1,complete
control_ca937976983094,2018,2,complete
control_ca937976983094,2019,3,complete
control_ca937976983094,2020,3,complete
control_ca937976983094,2021,2,complete
control_ca937976983094,2022,3,complete
control_ca937976983094,2023,5,complete
control_ca937976983094,2024,3,complete
control_ca937976983094,2025,1,complete
control_cb19ec6bc847bb,2017,0,complete
control_cb19ec6bc847bb,2018,1,complete
control_cb19ec6bc847bb,2019,3,complete
control_cb19ec6bc847bb,2020,3,complete
control_cb19ec6bc847bb,2021,5,complete
control_cb19ec6bc847bb,2022,1,complete
control_cb19ec6bc847bb,2023,12,complete
control_cb19ec6bc847bb,2024,8,complete
control_cb19ec6bc847bb,2025,6,complete
control_cb870400575be0,2017,1,complete
control_cb870400575be0,2018,1,complete
control_cb870400575be0,2019,3,complete
control_cb870400575be0,2020,4,complete
control_cb870400575be0,2021,18,complete
control_cb870400575be0,2022,8,complete
control_cb870400575be0,2023,15,complete
control_cb870400575be0,2024,27,complete
control_cb870400575be0,2025,20,complete
control_cbe3fc734ea279,2017,7,complete
control_cbe3fc734ea279,2018,12,complete
control_cbe3fc734ea279,2019,14,complete
control_cbe3fc734ea279,2020,29,complete
control_cbe3fc734ea279,2021,33,complete
control_cbe3fc734ea279,2022,28,complete
control_cbe3fc734ea279,2023,33,complete
control_cbe3fc734ea279,2024,29,complete
control_cbe3fc734ea279,2025,20,complete
control_cc2b4e10269d7c,2017,0,complete
control_cc2b4e10269d7c,2018,1,complete
control_cc2b4e10269d7c,2019,3,complete
control_cc2b4e10269d7c,2020,2,complete
control_cc2b4e10269d7c,2021,8,complete
control_cc2b4e10269d7c,2022,12,complete
control_cc2b4e10269d7c,2023,9,complete
control_cc2b4e10269d7c,2024,15,complete
control_cc2b4e10269d7c,2025,20,complete
control_cc467d51184c7a,2017,0,complete
control_cc467d51184c7a,2018,0,complete
control_cc467d51184c7a,2019,0,complete
control_cc467d51184c7a,2020,0,complete
control_cc467d51184c7a,2021,2,complete
control_cc467d51184c7a,2022,8,complete
control_cc467d51184c7a,2023,24,complete
control_cc467d51184c7a,2024,34,complete
control_cc467d51184c7a,2025,25,complete
control_cc51880013f900,2017,6,complete
control_cc51880013f900,2018,13,complete
control_cc51880013f900,2019,18,complete
control_cc51880013f900,2020,62,complete
control_cc51880013f900,2021,20,complete
control_cc51880013f900,2022,34,complete
control_cc51880013f900,2023,40,complete
control_cc51880013f900,2024,21,complete
control_cc51880013f900,2025,25,complete
control_cc66b4694d9a79,2017,2,complete
control_cc66b4694d9a79,2018,1,complete
control_cc66b4694d9a79,2019,3,complete
control_cc66b4694d9a79,2020,6,complete
control_cc66b4694d9a79,2021,9,complete
control_cc66b4694d9a79,2022,9,complete
control_cc66b4694d9a79,2023,18,complete
control_cc66b4694d9a79,2024,16,complete
control_cc66b4694d9a79,2025,15,complete
control_cca7cc73d77dc0,2017,0,complete
control_cca7cc73d77dc0,2018,0,complete
control_cca7cc73d77dc0,2019,0,complete
control_cca7cc73d77dc0,2020,0,complete
control_cca7cc73d77dc0,2021,1,complete
control_cca7cc73d77dc0,2022,0,complete
control_cca7cc73d77dc0,2023,0,complete
control_cca7cc73d77dc0,2024,0,complete
control_cca7cc73d77dc0,2025,0,complete
control_ccc7453e02e96f,2017,0,complete
control_ccc7453e02e96f,2018,0,complete
control_ccc7453e02e96f,2019,1,complete
control_ccc7453e02e96f,2020,0,complete
control_ccc7453e02e96f,2021,0,complete
control_ccc7453e02e96f,2022,6,complete
control_ccc7453e02e96f,2023,5,complete
control_ccc7453e02e96f,2024,3,complete
control_ccc7453e02e96f,2025,5,complete
control_cd145f9912f10c,2017,0,complete
control_cd145f9912f10c,2018,0,complete
control_cd145f9912f10c,2019,1,complete
control_cd145f9912f10c,2020,4,complete
control_cd145f9912f10c,2021,12,complete
control_cd145f9912f10c,2022,19,complete
control_cd145f9912f10c,2023,32,complete
control_cd145f9912f10c,2024,29,complete
control_cd145f9912f10c,2025,47,complete
control_cd3280ed3405d9,2017,1,complete
control_cd3280ed3405d9,2018,8,complete
control_cd3280ed3405d9,2019,24,complete
control_cd3280ed3405d9,2020,48,complete
control_cd3280ed3405d9,2021,77,complete
control_cd3280ed3405d9,2022,89,complete
control_cd3280ed3405d9,2023,99,complete
control_cd3280ed3405d9,2024,122,complete
control_cd3280ed3405d9,2025,112,complete
control_cd6f72f095db6e,2017,2,complete
control_cd6f72f095db6e,2018,4,complete
control_cd6f72f095db6e,2019,7,complete
control_cd6f72f095db6e,2020,7,complete
control_cd6f72f095db6e,2021,1,complete
control_cd6f72f095db6e,2022,7,complete
control_cd6f72f095db6e,2023,4,complete
control_cd6f72f095db6e,2024,5,complete
control_cd6f72f095db6e,2025,4,complete
control_ce34c33002d3c2,2017,26,complete
control_ce34c33002d3c2,2018,45,complete
control_ce34c33002d3c2,2019,92,complete
control_ce34c33002d3c2,2020,96,complete
control_ce34c33002d3c2,2021,75,complete
control_ce34c33002d3c2,2022,63,complete
control_ce34c33002d3c2,2023,77,complete
control_ce34c33002d3c2,2024,72,complete
control_ce34c33002d3c2,2025,57,complete
control_ce6b399b8c56e3,2017,15,complete
control_ce6b399b8c56e3,2018,9,complete
control_ce6b399b8c56e3,2019,8,complete
control_ce6b399b8c56e3,2020,25,complete
control_ce6b399b8c56e3,2021,13,complete
control_ce6b399b8c56e3,2022,14,complete
control_ce6b399b8c56e3,2023,10,complete
control_ce6b399b8c56e3,2024,8,complete
control_ce6b399b8c56e3,2025,7,complete
control_cf72db8ad41c3a,2017,8,complete
control_cf72db8ad41c3a,2018,5,complete
control_cf72db8ad41c3a,2019,4,complete
control_cf72db8ad41c3a,2020,4,complete
control_cf72db8ad41c3a,2021,8,complete
control_cf72db8ad41c3a,2022,3,complete
control_cf72db8ad41c3a,2023,6,complete
control_cf72db8ad41c3a,2024,0,complete
control_cf72db8ad41c3a,2025,0,complete
control_cf7b93280ac777,2017,0,complete
control_cf7b93280ac777,2018,1,complete
control_cf7b93280ac777,2019,1,complete
control_cf7b93280ac777,2020,1,complete
control_cf7b93280ac777,2021,2,complete
control_cf7b93280ac777,2022,1,complete
control_cf7b93280ac777,2023,0,complete
control_cf7b93280ac777,2024,1,complete
control_cf7b93280ac777,2025,0,complete
control_d05ca367f7020d,2017,2,complete
control_d05ca367f7020d,2018,4,complete
control_d05ca367f7020d,2019,4,complete
control_d05ca367f7020d,2020,14,complete
control_d05ca367f7020d,2021,23,complete
control_d05ca367f7020d,2022,18,complete
control_d05ca367f7020d,2023,12,complete
control_d05ca367f7020d,2024,17,complete
control_d05ca367f7020d,2025,21,complete
control_d07f3eb9ecd288,2017,0,complete
control_d07f3eb9ecd288,2018,1,complete
control_d07f3eb9ecd288,2019,1,complete
control_d07f3eb9ecd288,2020,2,complete
control_d07f3eb9ecd288,2021,5,complete
control_d07f3eb9ecd288,2022,5,complete
control_d07f3eb9ecd288,2023,3,complete
control_d07f3eb9ecd288,2024,5,complete
control_d07f3eb9ecd288,2025,3,complete
control_d102ced1f1ea39,2017,0,complete
control_d102ced1f1ea39,2018,0,complete
control_d102ced1f1ea39,2019,0,complete
control_d102ced1f1ea39,2020,0,complete
control_d102ced1f1ea39,2021,1,complete
control_d102ced1f1ea39,2022,0,complete
control_d102ced1f1ea39,2023,2,complete
control_d102ced1f1ea39,2024,1,complete
control_d102ced1f1ea39,2025,9,complete
control_d1089b4c1398c4,2017,5,complete
control_d1089b4c1398c4,2018,7,complete
control_d1089b4c1398c4,2019,2,complete
control_d1089b4c1398c4,2020,6,complete
control_d1089b4c1398c4,2021,14,complete
control_d1089b4c1398c4,2022,0,complete
control_d1089b4c1398c4,2023,1,complete
control_d1089b4c1398c4,2024,1,complete
control_d1089b4c1398c4,2025,0,complete
control_d165392910c4bc,2017,0,complete
control_d165392910c4bc,2018,1,complete
control_d165392910c4bc,2019,4,complete
control_d165392910c4bc,2020,5,complete
control_d165392910c4bc,2021,6,complete
control_d165392910c4bc,2022,7,complete
control_d165392910c4bc,2023,4,complete
control_d165392910c4bc,2024,5,complete
control_d165392910c4bc,2025,3,complete
control_d1732177e01e90,2017,12,complete
control_d1732177e01e90,2018,8,complete
control_d1732177e01e90,2019,22,complete
control_d1732177e01e90,2020,31,complete
control_d1732177e01e90,2021,32,complete
control_d1732177e01e90,2022,45,complete
control_d1732177e01e90,2023,67,complete
control_d1732177e01e90,2024,47,complete
control_d1732177e01e90,2025,46,complete
control_d17f016a3439ff,2017,6,complete
control_d17f016a3439ff,2018,10,complete
control_d17f016a3439ff,2019,11,complete
control_d17f016a3439ff,2020,11,complete
control_d17f016a3439ff,2021,5,complete
control_d17f016a3439ff,2022,11,complete
control_d17f016a3439ff,2023,4,complete
control_d17f016a3439ff,2024,5,complete
control_d17f016a3439ff,2025,6,complete
control_d24852b000d8d0,2017,1,complete
control_d24852b000d8d0,2018,1,complete
control_d24852b000d8d0,2019,1,complete
control_d24852b000d8d0,2020,8,complete
control_d24852b000d8d0,2021,8,complete
control_d24852b000d8d0,2022,6,complete
control_d24852b000d8d0,2023,10,complete
control_d24852b000d8d0,2024,10,complete
control_d24852b000d8d0,2025,5,complete
control_d257fe776728ba,2017,0,complete
control_d257fe776728ba,2018,0,complete
control_d257fe776728ba,2019,0,complete
control_d257fe776728ba,2020,1,complete
control_d257fe776728ba,2021,1,complete
control_d257fe776728ba,2022,1,complete
control_d257fe776728ba,2023,4,complete
control_d257fe776728ba,2024,2,complete
control_d257fe776728ba,2025,4,complete
control_d2642298b834cc,2017,1,complete
control_d2642298b834cc,2018,1,complete
control_d2642298b834cc,2019,1,complete
control_d2642298b834cc,2020,5,complete
control_d2642298b834cc,2021,1,complete
control_d2642298b834cc,2022,6,complete
control_d2642298b834cc,2023,6,complete
control_d2642298b834cc,2024,5,complete
control_d2642298b834cc,2025,5,complete
control_d2d067e964a55e,2017,16,complete
control_d2d067e964a55e,2018,18,complete
control_d2d067e964a55e,2019,9,complete
control_d2d067e964a55e,2020,8,complete
control_d2d067e964a55e,2021,12,complete
control_d2d067e964a55e,2022,10,complete
control_d2d067e964a55e,2023,6,complete
control_d2d067e964a55e,2024,7,complete
control_d2d067e964a55e,2025,6,complete
control_d3149e97c09b0e,2017,0,complete
control_d3149e97c09b0e,2018,0,complete
control_d3149e97c09b0e,2019,1,complete
control_d3149e97c09b0e,2020,0,complete
control_d3149e97c09b0e,2021,3,complete
control_d3149e97c09b0e,2022,5,complete
control_d3149e97c09b0e,2023,9,complete
control_d3149e97c09b0e,2024,19,complete
control_d3149e97c09b0e,2025,23,complete
control_d32d81eaae6803,2017,0,complete
control_d32d81eaae6803,2018,2,complete
control_d32d81eaae6803,2019,10,complete
control_d32d81eaae6803,2020,9,complete
control_d32d81eaae6803,2021,11,complete
control_d32d81eaae6803,2022,11,complete
control_d32d81eaae6803,2023,15,complete
control_d32d81eaae6803,2024,12,complete
control_d32d81eaae6803,2025,10,complete
control_d3e93e5bd8d371,2017,0,complete
control_d3e93e5bd8d371,2018,8,complete
control_d3e93e5bd8d371,2019,13,complete
control_d3e93e5bd8d371,2020,17,complete
control_d3e93e5bd8d371,2021,12,complete
control_d3e93e5bd8d371,2022,14,complete
control_d3e93e5bd8d371,2023,20,complete
control_d3e93e5bd8d371,2024,13,complete
control_d3e93e5bd8d371,2025,13,complete
control_d4180669a09db9,2017,0,complete
control_d4180669a09db9,2018,0,complete
control_d4180669a09db9,2019,1,complete
control_d4180669a09db9,2020,1,complete
control_d4180669a09db9,2021,10,complete
control_d4180669a09db9,2022,5,complete
control_d4180669a09db9,2023,5,complete
control_d4180669a09db9,2024,2,complete
control_d4180669a09db9,2025,3,complete
control_d421684b3d0a2b,2017,3,complete
control_d421684b3d0a2b,2018,5,complete
control_d421684b3d0a2b,2019,6,complete
control_d421684b3d0a2b,2020,7,complete
control_d421684b3d0a2b,2021,21,complete
control_d421684b3d0a2b,2022,20,complete
control_d421684b3d0a2b,2023,14,complete
control_d421684b3d0a2b,2024,20,complete
control_d421684b3d0a2b,2025,31,complete
control_d46bd82ef0101a,2017,0,complete
control_d46bd82ef0101a,2018,1,complete
control_d46bd82ef0101a,2019,6,complete
control_d46bd82ef0101a,2020,1,complete
control_d46bd82ef0101a,2021,4,complete
control_d46bd82ef0101a,2022,4,complete
control_d46bd82ef0101a,2023,2,complete
control_d46bd82ef0101a,2024,1,complete
control_d46bd82ef0101a,2025,6,complete
control_d47d5c7d2a6535,2017,0,complete
control_d47d5c7d2a6535,2018,1,complete
control_d47d5c7d2a6535,2019,1,complete
control_d47d5c7d2a6535,2020,0,complete
control_d47d5c7d2a6535,2021,0,complete
control_d47d5c7d2a6535,2022,4,complete
control_d47d5c7d2a6535,2023,3,complete
control_d47d5c7d2a6535,2024,1,complete
control_d47d5c7d2a6535,2025,4,complete
control_d4953551bd43c7,2017,0,complete
control_d4953551bd43c7,2018,1,complete
control_d4953551bd43c7,2019,1,complete
control_d4953551bd43c7,2020,11,complete
control_d4953551bd43c7,2021,10,complete
control_d4953551bd43c7,2022,8,complete
control_d4953551bd43c7,2023,8,complete
control_d4953551bd43c7,2024,13,complete
control_d4953551bd43c7,2025,12,complete
control_d497168fa91e74,2017,0,complete
control_d497168fa91e74,2018,3,complete
control_d497168fa91e74,2019,43,complete
control_d497168fa91e74,2020,30,complete
control_d497168fa91e74,2021,33,complete
control_d497168fa91e74,2022,28,complete
control_d497168fa91e74,2023,40,complete
control_d497168fa91e74,2024,44,complete
control_d497168fa91e74,2025,38,complete
control_d615ed5a157752,2017,0,complete
control_d615ed5a157752,2018,0,complete
control_d615ed5a157752,2019,0,complete
control_d615ed5a157752,2020,0,complete
control_d615ed5a157752,2021,0,complete
control_d615ed5a157752,2022,1,complete
control_d615ed5a157752,2023,8,complete
control_d615ed5a157752,2024,28,complete
control_d615ed5a157752,2025,16,complete
control_d623f214a841ab,2017,0,complete
control_d623f214a841ab,2018,0,complete
control_d623f214a841ab,2019,0,complete
control_d623f214a841ab,2020,1,complete
control_d623f214a841ab,2021,1,complete
control_d623f214a841ab,2022,4,complete
control_d623f214a841ab,2023,3,complete
control_d623f214a841ab,2024,3,complete
control_d623f214a841ab,2025,3,complete
control_d65fb3c18ef66e,2017,0,complete
control_d65fb3c18ef66e,2018,1,complete
control_d65fb3c18ef66e,2019,2,complete
control_d65fb3c18ef66e,2020,1,complete
control_d65fb3c18ef66e,2021,9,complete
control_d65fb3c18ef66e,2022,15,complete
control_d65fb3c18ef66e,2023,27,complete
control_d65fb3c18ef66e,2024,24,complete
control_d65fb3c18ef66e,2025,30,complete
control_d6892353661590,2017,57,complete
control_d6892353661590,2018,56,complete
control_d6892353661590,2019,55,complete
control_d6892353661590,2020,84,complete
control_d6892353661590,2021,66,complete
control_d6892353661590,2022,71,complete
control_d6892353661590,2023,50,complete
control_d6892353661590,2024,61,complete
control_d6892353661590,2025,47,complete
control_d69200138e5da3,2017,0,complete
control_d69200138e5da3,2018,0,complete
control_d69200138e5da3,2019,0,complete
control_d69200138e5da3,2020,0,complete
control_d69200138e5da3,2021,0,complete
control_d69200138e5da3,2022,2,complete
control_d69200138e5da3,2023,2,complete
control_d69200138e5da3,2024,6,complete
control_d69200138e5da3,2025,4,complete
control_d6965687bf6623,2017,8,complete
control_d6965687bf6623,2018,28,complete
control_d6965687bf6623,2019,31,complete
control_d6965687bf6623,2020,50,complete
control_d6965687bf6623,2021,72,complete
control_d6965687bf6623,2022,82,complete
control_d6965687bf6623,2023,90,complete
control_d6965687bf6623,2024,70,complete
control_d6965687bf6623,2025,75,complete
control_d6efc037f84918,2017,0,complete
control_d6efc037f84918,2018,2,complete
control_d6efc037f84918,2019,0,complete
control_d6efc037f84918,2020,0,complete
control_d6efc037f84918,2021,1,complete
control_d6efc037f84918,2022,0,complete
control_d6efc037f84918,2023,0,complete
control_d6efc037f84918,2024,0,complete
control_d6efc037f84918,2025,1,complete
control_d70a4c2f389f5f,2017,2,complete
control_d70a4c2f389f5f,2018,3,complete
control_d70a4c2f389f5f,2019,7,complete
control_d70a4c2f389f5f,2020,7,complete
control_d70a4c2f389f5f,2021,15,complete
control_d70a4c2f389f5f,2022,10,complete
control_d70a4c2f389f5f,2023,4,complete
control_d70a4c2f389f5f,2024,4,complete
control_d70a4c2f389f5f,2025,9,complete
control_d75508cfe6f86f,2017,3,complete
control_d75508cfe6f86f,2018,5,complete
control_d75508cfe6f86f,2019,3,complete
control_d75508cfe6f86f,2020,8,complete
control_d75508cfe6f86f,2021,9,complete
control_d75508cfe6f86f,2022,5,complete
control_d75508cfe6f86f,2023,9,complete
control_d75508cfe6f86f,2024,24,complete
control_d75508cfe6f86f,2025,10,complete
control_d75c56cb4cef64,2017,2,complete
control_d75c56cb4cef64,2018,3,complete
control_d75c56cb4cef64,2019,7,complete
control_d75c56cb4cef64,2020,5,complete
control_d75c56cb4cef64,2021,4,complete
control_d75c56cb4cef64,2022,3,complete
control_d75c56cb4cef64,2023,8,complete
control_d75c56cb4cef64,2024,6,complete
control_d75c56cb4cef64,2025,7,complete
control_d769d646c3757f,2017,0,complete
control_d769d646c3757f,2018,1,complete
control_d769d646c3757f,2019,0,complete
control_d769d646c3757f,2020,2,complete
control_d769d646c3757f,2021,5,complete
control_d769d646c3757f,2022,3,complete
control_d769d646c3757f,2023,3,complete
control_d769d646c3757f,2024,3,complete
control_d769d646c3757f,2025,1,complete
control_d783f90d6145e2,2017,11,complete
control_d783f90d6145e2,2018,20,complete
control_d783f90d6145e2,2019,18,complete
control_d783f90d6145e2,2020,45,complete
control_d783f90d6145e2,2021,34,complete
control_d783f90d6145e2,2022,46,complete
control_d783f90d6145e2,2023,37,complete
control_d783f90d6145e2,2024,25,complete
control_d783f90d6145e2,2025,35,complete
control_d85aedd4f08c68,2017,3,complete
control_d85aedd4f08c68,2018,0,complete
control_d85aedd4f08c68,2019,11,complete
control_d85aedd4f08c68,2020,21,complete
control_d85aedd4f08c68,2021,43,complete
control_d85aedd4f08c68,2022,21,complete
control_d85aedd4f08c68,2023,20,complete
control_d85aedd4f08c68,2024,21,complete
control_d85aedd4f08c68,2025,30,complete
control_d8b3d12fd45de6,2017,0,complete
control_d8b3d12fd45de6,2018,2,complete
control_d8b3d12fd45de6,2019,1,complete
control_d8b3d12fd45de6,2020,3,complete
control_d8b3d12fd45de6,2021,1,complete
control_d8b3d12fd45de6,2022,3,complete
control_d8b3d12fd45de6,2023,2,complete
control_d8b3d12fd45de6,2024,8,complete
control_d8b3d12fd45de6,2025,5,complete
control_d8c65e096d136c,2017,5,complete
control_d8c65e096d136c,2018,3,complete
control_d8c65e096d136c,2019,13,complete
control_d8c65e096d136c,2020,25,complete
control_d8c65e096d136c,2021,25,complete
control_d8c65e096d136c,2022,30,complete
control_d8c65e096d136c,2023,46,complete
control_d8c65e096d136c,2024,21,complete
control_d8c65e096d136c,2025,31,complete
control_d8c6e9dcc161cd,2017,17,complete
control_d8c6e9dcc161cd,2018,13,complete
control_d8c6e9dcc161cd,2019,48,complete
control_d8c6e9dcc161cd,2020,28,complete
control_d8c6e9dcc161cd,2021,25,complete
control_d8c6e9dcc161cd,2022,13,complete
control_d8c6e9dcc161cd,2023,27,complete
control_d8c6e9dcc161cd,2024,10,complete
control_d8c6e9dcc161cd,2025,9,complete
control_d9c57c411c210b,2017,0,complete
control_d9c57c411c210b,2018,3,complete
control_d9c57c411c210b,2019,3,complete
control_d9c57c411c210b,2020,14,complete
control_d9c57c411c210b,2021,23,complete
control_d9c57c411c210b,2022,38,complete
control_d9c57c411c210b,2023,42,complete
control_d9c57c411c210b,2024,36,complete
control_d9c57c411c210b,2025,49,complete
control_d9ce424f9afa10,2017,0,complete
control_d9ce424f9afa10,2018,1,complete
control_d9ce424f9afa10,2019,1,complete
control_d9ce424f9afa10,2020,1,complete
control_d9ce424f9afa10,2021,0,complete
control_d9ce424f9afa10,2022,3,complete
control_d9ce424f9afa10,2023,28,complete
control_d9ce424f9afa10,2024,49,complete
control_d9ce424f9afa10,2025,30,complete
control_da1017edf2ba62,2017,1,complete
control_da1017edf2ba62,2018,1,complete
control_da1017edf2ba62,2019,2,complete
control_da1017edf2ba62,2020,17,complete
control_da1017edf2ba62,2021,55,complete
control_da1017edf2ba62,2022,88,complete
control_da1017edf2ba62,2023,102,complete
control_da1017edf2ba62,2024,140,complete
control_da1017edf2ba62,2025,123,complete
control_da52d29ed255ae,2017,1,complete
control_da52d29ed255ae,2018,6,complete
control_da52d29ed255ae,2019,7,complete
control_da52d29ed255ae,2020,9,complete
control_da52d29ed255ae,2021,24,complete
control_da52d29ed255ae,2022,15,complete
control_da52d29ed255ae,2023,27,complete
control_da52d29ed255ae,2024,14,complete
control_da52d29ed255ae,2025,16,complete
control_da8c9af930cf03,2017,7,complete
control_da8c9af930cf03,2018,7,complete
control_da8c9af930cf03,2019,4,complete
control_da8c9af930cf03,2020,15,complete
control_da8c9af930cf03,2021,4,complete
control_da8c9af930cf03,2022,8,complete
control_da8c9af930cf03,2023,7,complete
control_da8c9af930cf03,2024,4,complete
control_da8c9af930cf03,2025,2,complete
control_daa0cba3202398,2017,4,complete
control_daa0cba3202398,2018,1,complete
control_daa0cba3202398,2019,6,complete
control_daa0cba3202398,2020,11,complete
control_daa0cba3202398,2021,30,complete
control_daa0cba3202398,2022,4,complete
control_daa0cba3202398,2023,8,complete
control_daa0cba3202398,2024,5,complete
control_daa0cba3202398,2025,2,complete
control_dac769cd6f4c1b,2017,2,complete
control_dac769cd6f4c1b,2018,7,complete
control_dac769cd6f4c1b,2019,11,complete
control_dac769cd6f4c1b,2020,15,complete
control_dac769cd6f4c1b,2021,10,complete
control_dac769cd6f4c1b,2022,21,complete
control_dac769cd6f4c1b,2023,21,complete
control_dac769cd6f4c1b,2024,12,complete
control_dac769cd6f4c1b,2025,13,complete
control_dac9bce81dc083,2017,2,complete
control_dac9bce81dc083,2018,1,complete
control_dac9bce81dc083,2019,11,complete
control_dac9bce81dc083,2020,10,complete
control_dac9bce81dc083,2021,8,complete
control_dac9bce81dc083,2022,14,complete
control_dac9bce81dc083,2023,11,complete
control_dac9bce81dc083,2024,11,complete
control_dac9bce81dc083,2025,10,complete
control_db31df273f99e1,2017,0,complete
control_db31df273f99e1,2018,1,complete
control_db31df273f99e1,2019,2,complete
control_db31df273f99e1,2020,7,complete
control_db31df273f99e1,2021,7,complete
control_db31df273f99e1,2022,6,complete
control_db31df273f99e1,2023,20,complete
control_db31df273f99e1,2024,14,complete
control_db31df273f99e1,2025,20,complete
control_db42adc559095e,2017,12,complete
control_db42adc559095e,2018,17,complete
control_db42adc559095e,2019,15,complete
control_db42adc559095e,2020,16,complete
control_db42adc559095e,2021,15,complete
control_db42adc559095e,2022,11,complete
control_db42adc559095e,2023,11,complete
control_db42adc559095e,2024,7,complete
control_db42adc559095e,2025,12,complete
control_db5b3621d15776,2017,8,complete
control_db5b3621d15776,2018,16,complete
control_db5b3621d15776,2019,12,complete
control_db5b3621d15776,2020,17,complete
control_db5b3621d15776,2021,25,complete
control_db5b3621d15776,2022,23,complete
control_db5b3621d15776,2023,20,complete
control_db5b3621d15776,2024,11,complete
control_db5b3621d15776,2025,12,complete
control_db6859a2c638d3,2017,4,complete
control_db6859a2c638d3,2018,1,complete
control_db6859a2c638d3,2019,8,complete
control_db6859a2c638d3,2020,23,complete
control_db6859a2c638d3,2021,22,complete
control_db6859a2c638d3,2022,22,complete
control_db6859a2c638d3,2023,18,complete
control_db6859a2c638d3,2024,44,complete
control_db6859a2c638d3,2025,20,complete
control_dc21a768303dc9,2017,0,complete
control_dc21a768303dc9,2018,0,complete
control_dc21a768303dc9,2019,0,complete
control_dc21a768303dc9,2020,0,complete
control_dc21a768303dc9,2021,0,complete
control_dc21a768303dc9,2022,0,complete
control_dc21a768303dc9,2023,0,complete
control_dc21a768303dc9,2024,0,complete
control_dc21a768303dc9,2025,0,complete
control_dc3eaee6c105c9,2017,9,complete
control_dc3eaee6c105c9,2018,8,complete
control_dc3eaee6c105c9,2019,11,complete
control_dc3eaee6c105c9,2020,7,complete
control_dc3eaee6c105c9,2021,10,complete
control_dc3eaee6c105c9,2022,10,complete
control_dc3eaee6c105c9,2023,7,complete
control_dc3eaee6c105c9,2024,8,complete
control_dc3eaee6c105c9,2025,10,complete
control_dc81ae0b3e5781,2017,0,complete
control_dc81ae0b3e5781,2018,1,complete
control_dc81ae0b3e5781,2019,0,complete
control_dc81ae0b3e5781,2020,1,complete
control_dc81ae0b3e5781,2021,8,complete
control_dc81ae0b3e5781,2022,12,complete
control_dc81ae0b3e5781,2023,14,complete
control_dc81ae0b3e5781,2024,22,complete
control_dc81ae0b3e5781,2025,27,complete
control_dd26dbea3d71b6,2017,2,complete
control_dd26dbea3d71b6,2018,6,complete
control_dd26dbea3d71b6,2019,3,complete
control_dd26dbea3d71b6,2020,3,complete
control_dd26dbea3d71b6,2021,5,complete
control_dd26dbea3d71b6,2022,5,complete
control_dd26dbea3d71b6,2023,4,complete
control_dd26dbea3d71b6,2024,2,complete
control_dd26dbea3d71b6,2025,2,complete
control_dd6b0ef324a475,2017,2,complete
control_dd6b0ef324a475,2018,7,complete
control_dd6b0ef324a475,2019,5,complete
control_dd6b0ef324a475,2020,13,complete
control_dd6b0ef324a475,2021,12,complete
control_dd6b0ef324a475,2022,13,complete
control_dd6b0ef324a475,2023,8,complete
control_dd6b0ef324a475,2024,14,complete
control_dd6b0ef324a475,2025,6,complete
control_dd87001aeea060,2017,2,complete
control_dd87001aeea060,2018,10,complete
control_dd87001aeea060,2019,10,complete
control_dd87001aeea060,2020,13,complete
control_dd87001aeea060,2021,10,complete
control_dd87001aeea060,2022,18,complete
control_dd87001aeea060,2023,6,complete
control_dd87001aeea060,2024,17,complete
control_dd87001aeea060,2025,8,complete
control_dd873a1937af3d,2017,0,complete
control_dd873a1937af3d,2018,0,complete
control_dd873a1937af3d,2019,0,complete
control_dd873a1937af3d,2020,0,complete
control_dd873a1937af3d,2021,0,complete
control_dd873a1937af3d,2022,0,complete
control_dd873a1937af3d,2023,0,complete
control_dd873a1937af3d,2024,0,complete
control_dd873a1937af3d,2025,0,complete
control_dd952ab9387811,2017,5,complete
control_dd952ab9387811,2018,11,complete
control_dd952ab9387811,2019,21,complete
control_dd952ab9387811,2020,54,complete
control_dd952ab9387811,2021,94,complete
control_dd952ab9387811,2022,126,complete
control_dd952ab9387811,2023,154,complete
control_dd952ab9387811,2024,175,complete
control_dd952ab9387811,2025,178,complete
control_de22014b30fc94,2017,1,complete
control_de22014b30fc94,2018,6,complete
control_de22014b30fc94,2019,6,complete
control_de22014b30fc94,2020,13,complete
control_de22014b30fc94,2021,18,complete
control_de22014b30fc94,2022,14,complete
control_de22014b30fc94,2023,13,complete
control_de22014b30fc94,2024,20,complete
control_de22014b30fc94,2025,23,complete
control_de8dc916150366,2017,0,complete
control_de8dc916150366,2018,0,complete
control_de8dc916150366,2019,0,complete
control_de8dc916150366,2020,3,complete
control_de8dc916150366,2021,2,complete
control_de8dc916150366,2022,4,complete
control_de8dc916150366,2023,13,complete
control_de8dc916150366,2024,6,complete
control_de8dc916150366,2025,11,complete
control_ded185d4a9ddfd,2017,0,complete
control_ded185d4a9ddfd,2018,0,complete
control_ded185d4a9ddfd,2019,4,complete
control_ded185d4a9ddfd,2020,7,complete
control_ded185d4a9ddfd,2021,14,complete
control_ded185d4a9ddfd,2022,29,complete
control_ded185d4a9ddfd,2023,30,complete
control_ded185d4a9ddfd,2024,46,complete
control_ded185d4a9ddfd,2025,43,complete
control_dee7778beba557,2017,5,complete
control_dee7778beba557,2018,11,complete
control_dee7778beba557,2019,19,complete
control_dee7778beba557,2020,50,complete
control_dee7778beba557,2021,81,complete
control_dee7778beba557,2022,76,complete
control_dee7778beba557,2023,76,complete
control_dee7778beba557,2024,79,complete
control_dee7778beba557,2025,94,complete
control_df0e2ba083b63d,2017,4,complete
control_df0e2ba083b63d,2018,6,complete
control_df0e2ba083b63d,2019,7,complete
control_df0e2ba083b63d,2020,4,complete
control_df0e2ba083b63d,2021,4,complete
control_df0e2ba083b63d,2022,8,complete
control_df0e2ba083b63d,2023,2,complete
control_df0e2ba083b63d,2024,3,complete
control_df0e2ba083b63d,2025,3,complete
control_df2114fc9e66a0,2017,5,complete
control_df2114fc9e66a0,2018,15,complete
control_df2114fc9e66a0,2019,5,complete
control_df2114fc9e66a0,2020,10,complete
control_df2114fc9e66a0,2021,9,complete
control_df2114fc9e66a0,2022,15,complete
control_df2114fc9e66a0,2023,7,complete
control_df2114fc9e66a0,2024,17,complete
control_df2114fc9e66a0,2025,3,complete
control_df4050a8af57d1,2017,0,complete
control_df4050a8af57d1,2018,0,complete
control_df4050a8af57d1,2019,4,complete
control_df4050a8af57d1,2020,3,complete
control_df4050a8af57d1,2021,7,complete
control_df4050a8af57d1,2022,8,complete
control_df4050a8af57d1,2023,6,complete
control_df4050a8af57d1,2024,7,complete
control_df4050a8af57d1,2025,11,complete
control_df8dd7466a7eef,2017,0,complete
control_df8dd7466a7eef,2018,1,complete
control_df8dd7466a7eef,2019,4,complete
control_df8dd7466a7eef,2020,2,complete
control_df8dd7466a7eef,2021,8,complete
control_df8dd7466a7eef,2022,24,complete
control_df8dd7466a7eef,2023,37,complete
control_df8dd7466a7eef,2024,43,complete
control_df8dd7466a7eef,2025,67,complete
control_df9accc3409126,2017,3,complete
control_df9accc3409126,2018,7,complete
control_df9accc3409126,2019,11,complete
control_df9accc3409126,2020,6,complete
control_df9accc3409126,2021,12,complete
control_df9accc3409126,2022,15,complete
control_df9accc3409126,2023,16,complete
control_df9accc3409126,2024,22,complete
control_df9accc3409126,2025,17,complete
control_dfff93351aa471,2017,2,complete
control_dfff93351aa471,2018,13,complete
control_dfff93351aa471,2019,9,complete
control_dfff93351aa471,2020,6,complete
control_dfff93351aa471,2021,16,complete
control_dfff93351aa471,2022,16,complete
control_dfff93351aa471,2023,10,complete
control_dfff93351aa471,2024,19,complete
control_dfff93351aa471,2025,11,complete
control_e057d0f0eb742c,2017,21,complete
control_e057d0f0eb742c,2018,34,complete
control_e057d0f0eb742c,2019,33,complete
control_e057d0f0eb742c,2020,72,complete
control_e057d0f0eb742c,2021,46,complete
control_e057d0f0eb742c,2022,27,complete
control_e057d0f0eb742c,2023,52,complete
control_e057d0f0eb742c,2024,27,complete
control_e057d0f0eb742c,2025,12,complete
control_e05bad310734c1,2017,0,complete
control_e05bad310734c1,2018,0,complete
control_e05bad310734c1,2019,0,complete
control_e05bad310734c1,2020,0,complete
control_e05bad310734c1,2021,5,complete
control_e05bad310734c1,2022,5,complete
control_e05bad310734c1,2023,17,complete
control_e05bad310734c1,2024,22,complete
control_e05bad310734c1,2025,15,complete
control_e066b7a7a73775,2017,0,complete
control_e066b7a7a73775,2018,0,complete
control_e066b7a7a73775,2019,1,complete
control_e066b7a7a73775,2020,2,complete
control_e066b7a7a73775,2021,6,complete
control_e066b7a7a73775,2022,7,complete
control_e066b7a7a73775,2023,19,complete
control_e066b7a7a73775,2024,26,complete
control_e066b7a7a73775,2025,39,complete
control_e07854a009243a,2017,0,complete
control_e07854a009243a,2018,0,complete
control_e07854a009243a,2019,1,complete
control_e07854a009243a,2020,0,complete
control_e07854a009243a,2021,2,complete
control_e07854a009243a,2022,5,complete
control_e07854a009243a,2023,5,complete
control_e07854a009243a,2024,5,complete
control_e07854a009243a,2025,6,complete
control_e0817a5a4a549a,2017,1,complete
control_e0817a5a4a549a,2018,1,complete
control_e0817a5a4a549a,2019,1,complete
control_e0817a5a4a549a,2020,3,complete
control_e0817a5a4a549a,2021,1,complete
control_e0817a5a4a549a,2022,6,complete
control_e0817a5a4a549a,2023,3,complete
control_e0817a5a4a549a,2024,2,complete
control_e0817a5a4a549a,2025,5,complete
control_e1295eb99ba086,2017,0,complete
control_e1295eb99ba086,2018,1,complete
control_e1295eb99ba086,2019,3,complete
control_e1295eb99ba086,2020,9,complete
control_e1295eb99ba086,2021,20,complete
control_e1295eb99ba086,2022,37,complete
control_e1295eb99ba086,2023,38,complete
control_e1295eb99ba086,2024,33,complete
control_e1295eb99ba086,2025,30,complete
control_e1506b283300f1,2017,4,complete
control_e1506b283300f1,2018,13,complete
control_e1506b283300f1,2019,30,complete
control_e1506b283300f1,2020,27,complete
control_e1506b283300f1,2021,84,complete
control_e1506b283300f1,2022,98,complete
control_e1506b283300f1,2023,94,complete
control_e1506b283300f1,2024,110,complete
control_e1506b283300f1,2025,119,complete
control_e182c51a8999d8,2017,5,complete
control_e182c51a8999d8,2018,9,complete
control_e182c51a8999d8,2019,13,complete
control_e182c51a8999d8,2020,17,complete
control_e182c51a8999d8,2021,21,complete
control_e182c51a8999d8,2022,34,complete
control_e182c51a8999d8,2023,22,complete
control_e182c51a8999d8,2024,17,complete
control_e182c51a8999d8,2025,23,complete
control_e1d4bf74741392,2017,24,complete
control_e1d4bf74741392,2018,34,complete
control_e1d4bf74741392,2019,13,complete
control_e1d4bf74741392,2020,27,complete
control_e1d4bf74741392,2021,37,complete
control_e1d4bf74741392,2022,38,complete
control_e1d4bf74741392,2023,44,complete
control_e1d4bf74741392,2024,24,complete
control_e1d4bf74741392,2025,44,complete
control_e28bb3ae58d98b,2017,1,complete
control_e28bb3ae58d98b,2018,5,complete
control_e28bb3ae58d98b,2019,34,complete
control_e28bb3ae58d98b,2020,6,complete
control_e28bb3ae58d98b,2021,6,complete
control_e28bb3ae58d98b,2022,5,complete
control_e28bb3ae58d98b,2023,10,complete
control_e28bb3ae58d98b,2024,9,complete
control_e28bb3ae58d98b,2025,5,complete
control_e2afdffc7a792e,2017,0,complete
control_e2afdffc7a792e,2018,0,complete
control_e2afdffc7a792e,2019,0,complete
control_e2afdffc7a792e,2020,0,complete
control_e2afdffc7a792e,2021,0,complete
control_e2afdffc7a792e,2022,0,complete
control_e2afdffc7a792e,2023,0,complete
control_e2afdffc7a792e,2024,0,complete
control_e2afdffc7a792e,2025,0,complete
control_e2bd747a5210d9,2017,0,complete
control_e2bd747a5210d9,2018,0,complete
control_e2bd747a5210d9,2019,0,complete
control_e2bd747a5210d9,2020,0,complete
control_e2bd747a5210d9,2021,0,complete
control_e2bd747a5210d9,2022,0,complete
control_e2bd747a5210d9,2023,2,complete
control_e2bd747a5210d9,2024,1,complete
control_e2bd747a5210d9,2025,0,complete
control_e2da23a091db0b,2017,0,complete
control_e2da23a091db0b,2018,1,complete
control_e2da23a091db0b,2019,3,complete
control_e2da23a091db0b,2020,1,complete
control_e2da23a091db0b,2021,1,complete
control_e2da23a091db0b,2022,2,complete
control_e2da23a091db0b,2023,1,complete
control_e2da23a091db0b,2024,1,complete
control_e2da23a091db0b,2025,1,complete
control_e30d2685df8343,2017,1,complete
control_e30d2685df8343,2018,0,complete
control_e30d2685df8343,2019,4,complete
control_e30d2685df8343,2020,4,complete
control_e30d2685df8343,2021,6,complete
control_e30d2685df8343,2022,11,complete
control_e30d2685df8343,2023,17,complete
control_e30d2685df8343,2024,10,complete
control_e30d2685df8343,2025,13,complete
control_e36fde706d4d12,2017,2,complete
control_e36fde706d4d12,2018,5,complete
control_e36fde706d4d12,2019,6,complete
control_e36fde706d4d12,2020,11,complete
control_e36fde706d4d12,2021,15,complete
control_e36fde706d4d12,2022,11,complete
control_e36fde706d4d12,2023,13,complete
control_e36fde706d4d12,2024,8,complete
control_e36fde706d4d12,2025,14,complete
control_e37bbbf58dfddf,2017,7,complete
control_e37bbbf58dfddf,2018,11,complete
control_e37bbbf58dfddf,2019,25,complete
control_e37bbbf58dfddf,2020,34,complete
control_e37bbbf58dfddf,2021,46,complete
control_e37bbbf58dfddf,2022,43,complete
control_e37bbbf58dfddf,2023,46,complete
control_e37bbbf58dfddf,2024,32,complete
control_e37bbbf58dfddf,2025,42,complete
control_e380cb541949f8,2017,0,complete
control_e380cb541949f8,2018,0,complete
control_e380cb541949f8,2019,2,complete
control_e380cb541949f8,2020,2,complete
control_e380cb541949f8,2021,5,complete
control_e380cb541949f8,2022,3,complete
control_e380cb541949f8,2023,2,complete
control_e380cb541949f8,2024,6,complete
control_e380cb541949f8,2025,2,complete
control_e416a3a81ea62c,2017,0,complete
control_e416a3a81ea62c,2018,0,complete
control_e416a3a81ea62c,2019,1,complete
control_e416a3a81ea62c,2020,3,complete
control_e416a3a81ea62c,2021,2,complete
control_e416a3a81ea62c,2022,8,complete
control_e416a3a81ea62c,2023,8,complete
control_e416a3a81ea62c,2024,9,complete
control_e416a3a81ea62c,2025,8,complete
control_e46b55fbc444d3,2017,0,complete
control_e46b55fbc444d3,2018,0,complete
control_e46b55fbc444d3,2019,0,complete
control_e46b55fbc444d3,2020,0,complete
control_e46b55fbc444d3,2021,2,complete
control_e46b55fbc444d3,2022,5,complete
control_e46b55fbc444d3,2023,14,complete
control_e46b55fbc444d3,2024,8,complete
control_e46b55fbc444d3,2025,7,complete
control_e4c12a585cb604,2017,0,complete
control_e4c12a585cb604,2018,0,complete
control_e4c12a585cb604,2019,0,complete
control_e4c12a585cb604,2020,0,complete
control_e4c12a585cb604,2021,2,complete
control_e4c12a585cb604,2022,1,complete
control_e4c12a585cb604,2023,1,complete
control_e4c12a585cb604,2024,0,complete
control_e4c12a585cb604,2025,1,complete
control_e4dfb2954f0033,2017,2,complete
control_e4dfb2954f0033,2018,14,complete
control_e4dfb2954f0033,2019,27,complete
control_e4dfb2954f0033,2020,30,complete
control_e4dfb2954f0033,2021,31,complete
control_e4dfb2954f0033,2022,37,complete
control_e4dfb2954f0033,2023,32,complete
control_e4dfb2954f0033,2024,27,complete
control_e4dfb2954f0033,2025,38,complete
control_e4f0be29f3280f,2017,2,complete
control_e4f0be29f3280f,2018,5,complete
control_e4f0be29f3280f,2019,5,complete
control_e4f0be29f3280f,2020,6,complete
control_e4f0be29f3280f,2021,6,complete
control_e4f0be29f3280f,2022,4,complete
control_e4f0be29f3280f,2023,5,complete
control_e4f0be29f3280f,2024,4,complete
control_e4f0be29f3280f,2025,6,complete
control_e4f162b270e924,2017,0,complete
control_e4f162b270e924,2018,0,complete
control_e4f162b270e924,2019,1,complete
control_e4f162b270e924,2020,1,complete
control_e4f162b270e924,2021,4,complete
control_e4f162b270e924,2022,7,complete
control_e4f162b270e924,2023,1,complete
control_e4f162b270e924,2024,5,complete
control_e4f162b270e924,2025,3,complete
control_e505093d607c73,2017,4,complete
control_e505093d607c73,2018,13,complete
control_e505093d607c73,2019,12,complete
control_e505093d607c73,2020,23,complete
control_e505093d607c73,2021,34,complete
control_e505093d607c73,2022,29,complete
control_e505093d607c73,2023,30,complete
control_e505093d607c73,2024,29,complete
control_e505093d607c73,2025,18,complete
control_e50ae36987bad2,2017,0,complete
control_e50ae36987bad2,2018,0,complete
control_e50ae36987bad2,2019,0,complete
control_e50ae36987bad2,2020,1,complete
control_e50ae36987bad2,2021,2,complete
control_e50ae36987bad2,2022,1,complete
control_e50ae36987bad2,2023,1,complete
control_e50ae36987bad2,2024,1,complete
control_e50ae36987bad2,2025,1,complete
control_e513c8b08afe65,2017,0,complete
control_e513c8b08afe65,2018,0,complete
control_e513c8b08afe65,2019,0,complete
control_e513c8b08afe65,2020,1,complete
control_e513c8b08afe65,2021,1,complete
control_e513c8b08afe65,2022,2,complete
control_e513c8b08afe65,2023,1,complete
control_e513c8b08afe65,2024,1,complete
control_e513c8b08afe65,2025,1,complete
control_e54ea07230a892,2017,59,complete
control_e54ea07230a892,2018,58,complete
control_e54ea07230a892,2019,66,complete
control_e54ea07230a892,2020,91,complete
control_e54ea07230a892,2021,84,complete
control_e54ea07230a892,2022,86,complete
control_e54ea07230a892,2023,97,complete
control_e54ea07230a892,2024,69,complete
control_e54ea07230a892,2025,55,complete
control_e58f36bc4351dc,2017,5,complete
control_e58f36bc4351dc,2018,6,complete
control_e58f36bc4351dc,2019,3,complete
control_e58f36bc4351dc,2020,2,complete
control_e58f36bc4351dc,2021,2,complete
control_e58f36bc4351dc,2022,4,complete
control_e58f36bc4351dc,2023,5,complete
control_e58f36bc4351dc,2024,1,complete
control_e58f36bc4351dc,2025,2,complete
control_e5b7f25ca9b0be,2017,6,complete
control_e5b7f25ca9b0be,2018,7,complete
control_e5b7f25ca9b0be,2019,18,complete
control_e5b7f25ca9b0be,2020,10,complete
control_e5b7f25ca9b0be,2021,13,complete
control_e5b7f25ca9b0be,2022,15,complete
control_e5b7f25ca9b0be,2023,14,complete
control_e5b7f25ca9b0be,2024,8,complete
control_e5b7f25ca9b0be,2025,19,complete
control_e5c217d29c5764,2017,2,complete
control_e5c217d29c5764,2018,4,complete
control_e5c217d29c5764,2019,1,complete
control_e5c217d29c5764,2020,8,complete
control_e5c217d29c5764,2021,18,complete
control_e5c217d29c5764,2022,14,complete
control_e5c217d29c5764,2023,20,complete
control_e5c217d29c5764,2024,16,complete
control_e5c217d29c5764,2025,29,complete
control_e5d1bf442b2612,2017,4,complete
control_e5d1bf442b2612,2018,1,complete
control_e5d1bf442b2612,2019,5,complete
control_e5d1bf442b2612,2020,5,complete
control_e5d1bf442b2612,2021,8,complete
control_e5d1bf442b2612,2022,8,complete
control_e5d1bf442b2612,2023,4,complete
control_e5d1bf442b2612,2024,10,complete
control_e5d1bf442b2612,2025,1,complete
control_e6c183f1ecc2ad,2017,5,complete
control_e6c183f1ecc2ad,2018,3,complete
control_e6c183f1ecc2ad,2019,5,complete
control_e6c183f1ecc2ad,2020,15,complete
control_e6c183f1ecc2ad,2021,11,complete
control_e6c183f1ecc2ad,2022,12,complete
control_e6c183f1ecc2ad,2023,11,complete
control_e6c183f1ecc2ad,2024,9,complete
control_e6c183f1ecc2ad,2025,11,complete
control_e72d8c58bb582b,2017,16,complete
control_e72d8c58bb582b,2018,8,complete
control_e72d8c58bb582b,2019,10,complete
control_e72d8c58bb582b,2020,6,complete
control_e72d8c58bb582b,2021,17,complete
control_e72d8c58bb582b,2022,18,complete
control_e72d8c58bb582b,2023,9,complete
control_e72d8c58bb582b,2024,17,complete
control_e72d8c58bb582b,2025,16,complete
control_e739f80fb4a6ae,2017,1,complete
control_e739f80fb4a6ae,2018,1,complete
control_e739f80fb4a6ae,2019,1,complete
control_e739f80fb4a6ae,2020,5,complete
control_e739f80fb4a6ae,2021,12,complete
control_e739f80fb4a6ae,2022,19,complete
control_e739f80fb4a6ae,2023,16,complete
control_e739f80fb4a6ae,2024,12,complete
control_e739f80fb4a6ae,2025,16,complete
control_e75d1fc02b7b79,2017,4,complete
control_e75d1fc02b7b79,2018,8,complete
control_e75d1fc02b7b79,2019,44,complete
control_e75d1fc02b7b79,2020,66,complete
control_e75d1fc02b7b79,2021,70,complete
control_e75d1fc02b7b79,2022,66,complete
control_e75d1fc02b7b79,2023,87,complete
control_e75d1fc02b7b79,2024,97,complete
control_e75d1fc02b7b79,2025,94,complete
control_e89efaa2f2f242,2017,0,complete
control_e89efaa2f2f242,2018,1,complete
control_e89efaa2f2f242,2019,0,complete
control_e89efaa2f2f242,2020,2,complete
control_e89efaa2f2f242,2021,16,complete
control_e89efaa2f2f242,2022,8,complete
control_e89efaa2f2f242,2023,15,complete
control_e89efaa2f2f242,2024,19,complete
control_e89efaa2f2f242,2025,21,complete
control_e8b01dd745dc63,2017,0,complete
control_e8b01dd745dc63,2018,0,complete
control_e8b01dd745dc63,2019,0,complete
control_e8b01dd745dc63,2020,0,complete
control_e8b01dd745dc63,2021,0,complete
control_e8b01dd745dc63,2022,2,complete
control_e8b01dd745dc63,2023,0,complete
control_e8b01dd745dc63,2024,1,complete
control_e8b01dd745dc63,2025,0,complete
control_e93ea18956d7e8,2017,2,complete
control_e93ea18956d7e8,2018,1,complete
control_e93ea18956d7e8,2019,4,complete
control_e93ea18956d7e8,2020,4,complete
control_e93ea18956d7e8,2021,1,complete
control_e93ea18956d7e8,2022,5,complete
control_e93ea18956d7e8,2023,3,complete
control_e93ea18956d7e8,2024,7,complete
control_e93ea18956d7e8,2025,3,complete
control_e9463569fa9927,2017,2,complete
control_e9463569fa9927,2018,0,complete
control_e9463569fa9927,2019,0,complete
control_e9463569fa9927,2020,2,complete
control_e9463569fa9927,2021,4,complete
control_e9463569fa9927,2022,9,complete
control_e9463569fa9927,2023,12,complete
control_e9463569fa9927,2024,13,complete
control_e9463569fa9927,2025,7,complete
control_e986fa1a5eaf45,2017,0,complete
control_e986fa1a5eaf45,2018,1,complete
control_e986fa1a5eaf45,2019,0,complete
control_e986fa1a5eaf45,2020,2,complete
control_e986fa1a5eaf45,2021,8,complete
control_e986fa1a5eaf45,2022,23,complete
control_e986fa1a5eaf45,2023,18,complete
control_e986fa1a5eaf45,2024,25,complete
control_e986fa1a5eaf45,2025,26,complete
control_e9bb87cb77b69e,2017,1,complete
control_e9bb87cb77b69e,2018,2,complete
control_e9bb87cb77b69e,2019,0,complete
control_e9bb87cb77b69e,2020,2,complete
control_e9bb87cb77b69e,2021,3,complete
control_e9bb87cb77b69e,2022,2,complete
control_e9bb87cb77b69e,2023,4,complete
control_e9bb87cb77b69e,2024,1,complete
control_e9bb87cb77b69e,2025,3,complete
control_ea6dc632755689,2017,1,complete
control_ea6dc632755689,2018,2,complete
control_ea6dc632755689,2019,5,complete
control_ea6dc632755689,2020,6,complete
control_ea6dc632755689,2021,8,complete
control_ea6dc632755689,2022,4,complete
control_ea6dc632755689,2023,5,complete
control_ea6dc632755689,2024,13,complete
control_ea6dc632755689,2025,7,complete
control_ea8d895e8a5681,2017,0,complete
control_ea8d895e8a5681,2018,1,complete
control_ea8d895e8a5681,2019,1,complete
control_ea8d895e8a5681,2020,3,complete
control_ea8d895e8a5681,2021,3,complete
control_ea8d895e8a5681,2022,2,complete
control_ea8d895e8a5681,2023,3,complete
control_ea8d895e8a5681,2024,1,complete
control_ea8d895e8a5681,2025,0,complete
control_eaa388d13a126d,2017,0,complete
control_eaa388d13a126d,2018,0,complete
control_eaa388d13a126d,2019,0,complete
control_eaa388d13a126d,2020,1,complete
control_eaa388d13a126d,2021,0,complete
control_eaa388d13a126d,2022,0,complete
control_eaa388d13a126d,2023,3,complete
control_eaa388d13a126d,2024,10,complete
control_eaa388d13a126d,2025,9,complete
control_eab448f2cebc74,2017,1,complete
control_eab448f2cebc74,2018,4,complete
control_eab448f2cebc74,2019,3,complete
control_eab448f2cebc74,2020,3,complete
control_eab448f2cebc74,2021,2,complete
control_eab448f2cebc74,2022,9,complete
control_eab448f2cebc74,2023,3,complete
control_eab448f2cebc74,2024,2,complete
control_eab448f2cebc74,2025,0,complete
control_eaf1996a9b7475,2017,1,complete
control_eaf1996a9b7475,2018,1,complete
control_eaf1996a9b7475,2019,10,complete
control_eaf1996a9b7475,2020,20,complete
control_eaf1996a9b7475,2021,36,complete
control_eaf1996a9b7475,2022,43,complete
control_eaf1996a9b7475,2023,40,complete
control_eaf1996a9b7475,2024,29,complete
control_eaf1996a9b7475,2025,59,complete
control_eb27d8462fe735,2017,0,complete
control_eb27d8462fe735,2018,0,complete
control_eb27d8462fe735,2019,2,complete
control_eb27d8462fe735,2020,3,complete
control_eb27d8462fe735,2021,3,complete
control_eb27d8462fe735,2022,5,complete
control_eb27d8462fe735,2023,8,complete
control_eb27d8462fe735,2024,6,complete
control_eb27d8462fe735,2025,6,complete
control_ebb1ae4b4d18cb,2017,0,complete
control_ebb1ae4b4d18cb,2018,2,complete
control_ebb1ae4b4d18cb,2019,4,complete
control_ebb1ae4b4d18cb,2020,5,complete
control_ebb1ae4b4d18cb,2021,23,complete
control_ebb1ae4b4d18cb,2022,15,complete
control_ebb1ae4b4d18cb,2023,14,complete
control_ebb1ae4b4d18cb,2024,16,complete
control_ebb1ae4b4d18cb,2025,17,complete
control_ebb74ab9756dff,2017,1,complete
control_ebb74ab9756dff,2018,8,complete
control_ebb74ab9756dff,2019,8,complete
control_ebb74ab9756dff,2020,7,complete
control_ebb74ab9756dff,2021,15,complete
control_ebb74ab9756dff,2022,4,complete
control_ebb74ab9756dff,2023,9,complete
control_ebb74ab9756dff,2024,4,complete
control_ebb74ab9756dff,2025,6,complete
control_ebecf10e9e5ce6,2017,0,complete
control_ebecf10e9e5ce6,2018,0,complete
control_ebecf10e9e5ce6,2019,1,complete
control_ebecf10e9e5ce6,2020,2,complete
control_ebecf10e9e5ce6,2021,1,complete
control_ebecf10e9e5ce6,2022,1,complete
control_ebecf10e9e5ce6,2023,1,complete
control_ebecf10e9e5ce6,2024,3,complete
control_ebecf10e9e5ce6,2025,2,complete
control_ebff86ed674f36,2017,1,complete
control_ebff86ed674f36,2018,12,complete
control_ebff86ed674f36,2019,27,complete
control_ebff86ed674f36,2020,59,complete
control_ebff86ed674f36,2021,68,complete
control_ebff86ed674f36,2022,75,complete
control_ebff86ed674f36,2023,97,complete
control_ebff86ed674f36,2024,98,complete
control_ebff86ed674f36,2025,131,complete
control_ec2055915a7f66,2017,0,complete
control_ec2055915a7f66,2018,0,complete
control_ec2055915a7f66,2019,2,complete
control_ec2055915a7f66,2020,1,complete
control_ec2055915a7f66,2021,3,complete
control_ec2055915a7f66,2022,5,complete
control_ec2055915a7f66,2023,2,complete
control_ec2055915a7f66,2024,3,complete
control_ec2055915a7f66,2025,3,complete
control_ecd4536522c81d,2017,1,complete
control_ecd4536522c81d,2018,1,complete
control_ecd4536522c81d,2019,4,complete
control_ecd4536522c81d,2020,6,complete
control_ecd4536522c81d,2021,8,complete
control_ecd4536522c81d,2022,7,complete
control_ecd4536522c81d,2023,5,complete
control_ecd4536522c81d,2024,4,complete
control_ecd4536522c81d,2025,7,complete
control_ed6dd708658250,2017,0,complete
control_ed6dd708658250,2018,2,complete
control_ed6dd708658250,2019,1,complete
control_ed6dd708658250,2020,5,complete
control_ed6dd708658250,2021,22,complete
control_ed6dd708658250,2022,23,complete
control_ed6dd708658250,2023,25,complete
control_ed6dd708658250,2024,24,complete
control_ed6dd708658250,2025,25,complete
control_ed70706cedc6bf,2017,9,complete
control_ed70706cedc6bf,2018,7,complete
control_ed70706cedc6bf,2019,4,complete
control_ed70706cedc6bf,2020,11,complete
control_ed70706cedc6bf,2021,9,complete
control_ed70706cedc6bf,2022,10,complete
control_ed70706cedc6bf,2023,7,complete
control_ed70706cedc6bf,2024,3,complete
control_ed70706cedc6bf,2025,6,complete
control_ed71ed5c221d3f,2017,0,complete
control_ed71ed5c221d3f,2018,0,complete
control_ed71ed5c221d3f,2019,0,complete
control_ed71ed5c221d3f,2020,1,complete
control_ed71ed5c221d3f,2021,7,complete
control_ed71ed5c221d3f,2022,13,complete
control_ed71ed5c221d3f,2023,10,complete
control_ed71ed5c221d3f,2024,17,complete
control_ed71ed5c221d3f,2025,10,complete
control_edb74e43902111,2017,0,complete
control_edb74e43902111,2018,2,complete
control_edb74e43902111,2019,3,complete
control_edb74e43902111,2020,4,complete
control_edb74e43902111,2021,8,complete
control_edb74e43902111,2022,11,complete
control_edb74e43902111,2023,21,complete
control_edb74e43902111,2024,11,complete
control_edb74e43902111,2025,23,complete
control_edc52f602da559,2017,9,complete
control_edc52f602da559,2018,9,complete
control_edc52f602da559,2019,14,complete
control_edc52f602da559,2020,11,complete
control_edc52f602da559,2021,14,complete
control_edc52f602da559,2022,14,complete
control_edc52f602da559,2023,12,complete
control_edc52f602da559,2024,14,complete
control_edc52f602da559,2025,13,complete
control_eef212145ce845,2017,0,complete
control_eef212145ce845,2018,3,complete
control_eef212145ce845,2019,3,complete
control_eef212145ce845,2020,6,complete
control_eef212145ce845,2021,9,complete
control_eef212145ce845,2022,2,complete
control_eef212145ce845,2023,3,complete
control_eef212145ce845,2024,1,complete
control_eef212145ce845,2025,0,complete
control_ef1835d75fa5a9,2017,0,complete
control_ef1835d75fa5a9,2018,0,complete
control_ef1835d75fa5a9,2019,0,complete
control_ef1835d75fa5a9,2020,0,complete
control_ef1835d75fa5a9,2021,0,complete
control_ef1835d75fa5a9,2022,0,complete
control_ef1835d75fa5a9,2023,0,complete
control_ef1835d75fa5a9,2024,0,complete
control_ef1835d75fa5a9,2025,0,complete
control_ef1b142518c867,2017,4,complete
control_ef1b142518c867,2018,3,complete
control_ef1b142518c867,2019,1,complete
control_ef1b142518c867,2020,7,complete
control_ef1b142518c867,2021,5,complete
control_ef1b142518c867,2022,5,complete
control_ef1b142518c867,2023,2,complete
control_ef1b142518c867,2024,6,complete
control_ef1b142518c867,2025,5,complete
control_ef6f010209753b,2017,0,complete
control_ef6f010209753b,2018,0,complete
control_ef6f010209753b,2019,0,complete
control_ef6f010209753b,2020,0,complete
control_ef6f010209753b,2021,0,complete
control_ef6f010209753b,2022,0,complete
control_ef6f010209753b,2023,0,complete
control_ef6f010209753b,2024,0,complete
control_ef6f010209753b,2025,0,complete
control_ef7be165fa6130,2017,5,complete
control_ef7be165fa6130,2018,3,complete
control_ef7be165fa6130,2019,3,complete
control_ef7be165fa6130,2020,13,complete
control_ef7be165fa6130,2021,5,complete
control_ef7be165fa6130,2022,8,complete
control_ef7be165fa6130,2023,13,complete
control_ef7be165fa6130,2024,7,complete
control_ef7be165fa6130,2025,7,complete
control_efca45ee255eea,2017,1,complete
control_efca45ee255eea,2018,1,complete
control_efca45ee255eea,2019,8,complete
control_efca45ee255eea,2020,18,complete
control_efca45ee255eea,2021,24,complete
control_efca45ee255eea,2022,18,complete
control_efca45ee255eea,2023,21,complete
control_efca45ee255eea,2024,19,complete
control_efca45ee255eea,2025,17,complete
control_efd1547257966c,2017,0,complete
control_efd1547257966c,2018,3,complete
control_efd1547257966c,2019,7,complete
control_efd1547257966c,2020,3,complete
control_efd1547257966c,2021,2,complete
control_efd1547257966c,2022,4,complete
control_efd1547257966c,2023,6,complete
control_efd1547257966c,2024,2,complete
control_efd1547257966c,2025,2,complete
control_efdbe139288250,2017,4,complete
control_efdbe139288250,2018,12,complete
control_efdbe139288250,2019,18,complete
control_efdbe139288250,2020,17,complete
control_efdbe139288250,2021,23,complete
control_efdbe139288250,2022,17,complete
control_efdbe139288250,2023,19,complete
control_efdbe139288250,2024,9,complete
control_efdbe139288250,2025,8,complete
control_f00dd22dbe72cb,2017,27,complete
control_f00dd22dbe72cb,2018,28,complete
control_f00dd22dbe72cb,2019,32,complete
control_f00dd22dbe72cb,2020,19,complete
control_f00dd22dbe72cb,2021,27,complete
control_f00dd22dbe72cb,2022,18,complete
control_f00dd22dbe72cb,2023,24,complete
control_f00dd22dbe72cb,2024,29,complete
control_f00dd22dbe72cb,2025,25,complete
control_f0b1bb1c3221d7,2017,1,complete
control_f0b1bb1c3221d7,2018,1,complete
control_f0b1bb1c3221d7,2019,0,complete
control_f0b1bb1c3221d7,2020,3,complete
control_f0b1bb1c3221d7,2021,3,complete
control_f0b1bb1c3221d7,2022,5,complete
control_f0b1bb1c3221d7,2023,10,complete
control_f0b1bb1c3221d7,2024,9,complete
control_f0b1bb1c3221d7,2025,5,complete
control_f0f35d1d6d5ffa,2017,0,complete
control_f0f35d1d6d5ffa,2018,0,complete
control_f0f35d1d6d5ffa,2019,0,complete
control_f0f35d1d6d5ffa,2020,2,complete
control_f0f35d1d6d5ffa,2021,5,complete
control_f0f35d1d6d5ffa,2022,10,complete
control_f0f35d1d6d5ffa,2023,6,complete
control_f0f35d1d6d5ffa,2024,15,complete
control_f0f35d1d6d5ffa,2025,17,complete
control_f0f6ca3d316604,2017,4,complete
control_f0f6ca3d316604,2018,2,complete
control_f0f6ca3d316604,2019,3,complete
control_f0f6ca3d316604,2020,7,complete
control_f0f6ca3d316604,2021,7,complete
control_f0f6ca3d316604,2022,1,complete
control_f0f6ca3d316604,2023,5,complete
control_f0f6ca3d316604,2024,4,complete
control_f0f6ca3d316604,2025,5,complete
control_f112738c246e3d,2017,0,complete
control_f112738c246e3d,2018,3,complete
control_f112738c246e3d,2019,4,complete
control_f112738c246e3d,2020,6,complete
control_f112738c246e3d,2021,2,complete
control_f112738c246e3d,2022,7,complete
control_f112738c246e3d,2023,7,complete
control_f112738c246e3d,2024,5,complete
control_f112738c246e3d,2025,4,complete
control_f16209d67eb74f,2017,3,complete
control_f16209d67eb74f,2018,3,complete
control_f16209d67eb74f,2019,5,complete
control_f16209d67eb74f,2020,6,complete
control_f16209d67eb74f,2021,6,complete
control_f16209d67eb74f,2022,9,complete
control_f16209d67eb74f,2023,9,complete
control_f16209d67eb74f,2024,4,complete
control_f16209d67eb74f,2025,4,complete
control_f1d882343c36f4,2017,3,complete
control_f1d882343c36f4,2018,9,complete
control_f1d882343c36f4,2019,26,complete
control_f1d882343c36f4,2020,31,complete
control_f1d882343c36f4,2021,47,complete
control_f1d882343c36f4,2022,61,complete
control_f1d882343c36f4,2023,45,complete
control_f1d882343c36f4,2024,46,complete
control_f1d882343c36f4,2025,53,complete
control_f2005e2a5a7047,2017,0,complete
control_f2005e2a5a7047,2018,1,complete
control_f2005e2a5a7047,2019,0,complete
control_f2005e2a5a7047,2020,2,complete
control_f2005e2a5a7047,2021,2,complete
control_f2005e2a5a7047,2022,2,complete
control_f2005e2a5a7047,2023,1,complete
control_f2005e2a5a7047,2024,2,complete
control_f2005e2a5a7047,2025,2,complete
control_f2224a4d251175,2017,0,complete
control_f2224a4d251175,2018,1,complete
control_f2224a4d251175,2019,0,complete
control_f2224a4d251175,2020,1,complete
control_f2224a4d251175,2021,2,complete
control_f2224a4d251175,2022,0,complete
control_f2224a4d251175,2023,0,complete
control_f2224a4d251175,2024,0,complete
control_f2224a4d251175,2025,0,complete
control_f28bc3514608f7,2017,2,complete
control_f28bc3514608f7,2018,7,complete
control_f28bc3514608f7,2019,8,complete
control_f28bc3514608f7,2020,13,complete
control_f28bc3514608f7,2021,13,complete
control_f28bc3514608f7,2022,20,complete
control_f28bc3514608f7,2023,20,complete
control_f28bc3514608f7,2024,20,complete
control_f28bc3514608f7,2025,18,complete
control_f3258e791e1fcc,2017,0,complete
control_f3258e791e1fcc,2018,1,complete
control_f3258e791e1fcc,2019,0,complete
control_f3258e791e1fcc,2020,3,complete
control_f3258e791e1fcc,2021,5,complete
control_f3258e791e1fcc,2022,6,complete
control_f3258e791e1fcc,2023,16,complete
control_f3258e791e1fcc,2024,29,complete
control_f3258e791e1fcc,2025,24,complete
control_f33414d93e4839,2017,7,complete
control_f33414d93e4839,2018,6,complete
control_f33414d93e4839,2019,11,complete
control_f33414d93e4839,2020,6,complete
control_f33414d93e4839,2021,12,complete
control_f33414d93e4839,2022,13,complete
control_f33414d93e4839,2023,9,complete
control_f33414d93e4839,2024,8,complete
control_f33414d93e4839,2025,4,complete
control_f35000f15b41fa,2017,0,complete
control_f35000f15b41fa,2018,0,complete
control_f35000f15b41fa,2019,0,complete
control_f35000f15b41fa,2020,0,complete
control_f35000f15b41fa,2021,0,complete
control_f35000f15b41fa,2022,4,complete
control_f35000f15b41fa,2023,9,complete
control_f35000f15b41fa,2024,13,complete
control_f35000f15b41fa,2025,8,complete
control_f364686442e60d,2017,2,complete
control_f364686442e60d,2018,6,complete
control_f364686442e60d,2019,12,complete
control_f364686442e60d,2020,10,complete
control_f364686442e60d,2021,7,complete
control_f364686442e60d,2022,18,complete
control_f364686442e60d,2023,16,complete
control_f364686442e60d,2024,14,complete
control_f364686442e60d,2025,14,complete
control_f3781cc302a7c2,2017,1,complete
control_f3781cc302a7c2,2018,7,complete
control_f3781cc302a7c2,2019,5,complete
control_f3781cc302a7c2,2020,21,complete
control_f3781cc302a7c2,2021,24,complete
control_f3781cc302a7c2,2022,31,complete
control_f3781cc302a7c2,2023,22,complete
control_f3781cc302a7c2,2024,30,complete
control_f3781cc302a7c2,2025,26,complete
control_f381a900786ba1,2017,2,complete
control_f381a900786ba1,2018,3,complete
control_f381a900786ba1,2019,1,complete
control_f381a900786ba1,2020,0,complete
control_f381a900786ba1,2021,3,complete
control_f381a900786ba1,2022,0,complete
control_f381a900786ba1,2023,0,complete
control_f381a900786ba1,2024,0,complete
control_f381a900786ba1,2025,0,complete
control_f3f3d7927032c8,2017,0,complete
control_f3f3d7927032c8,2018,1,complete
control_f3f3d7927032c8,2019,1,complete
control_f3f3d7927032c8,2020,4,complete
control_f3f3d7927032c8,2021,4,complete
control_f3f3d7927032c8,2022,5,complete
control_f3f3d7927032c8,2023,5,complete
control_f3f3d7927032c8,2024,5,complete
control_f3f3d7927032c8,2025,2,complete
control_f4437b6d9be483,2017,10,complete
control_f4437b6d9be483,2018,11,complete
control_f4437b6d9be483,2019,21,complete
control_f4437b6d9be483,2020,19,complete
control_f4437b6d9be483,2021,15,complete
control_f4437b6d9be483,2022,8,complete
control_f4437b6d9be483,2023,13,complete
control_f4437b6d9be483,2024,21,complete
control_f4437b6d9be483,2025,25,complete
control_f4690cc655221a,2017,11,complete
control_f4690cc655221a,2018,6,complete
control_f4690cc655221a,2019,54,complete
control_f4690cc655221a,2020,13,complete
control_f4690cc655221a,2021,10,complete
control_f4690cc655221a,2022,6,complete
control_f4690cc655221a,2023,5,complete
control_f4690cc655221a,2024,7,complete
control_f4690cc655221a,2025,9,complete
control_f510d9beb0e90f,2017,0,complete
control_f510d9beb0e90f,2018,2,complete
control_f510d9beb0e90f,2019,10,complete
control_f510d9beb0e90f,2020,8,complete
control_f510d9beb0e90f,2021,13,complete
control_f510d9beb0e90f,2022,15,complete
control_f510d9beb0e90f,2023,14,complete
control_f510d9beb0e90f,2024,28,complete
control_f510d9beb0e90f,2025,7,complete
control_f524750003e918,2017,0,complete
control_f524750003e918,2018,4,complete
control_f524750003e918,2019,2,complete
control_f524750003e918,2020,7,complete
control_f524750003e918,2021,11,complete
control_f524750003e918,2022,6,complete
control_f524750003e918,2023,13,complete
control_f524750003e918,2024,2,complete
control_f524750003e918,2025,10,complete
control_f55778e03f260a,2017,0,complete
control_f55778e03f260a,2018,0,complete
control_f55778e03f260a,2019,1,complete
control_f55778e03f260a,2020,3,complete
control_f55778e03f260a,2021,3,complete
control_f55778e03f260a,2022,5,complete
control_f55778e03f260a,2023,3,complete
control_f55778e03f260a,2024,2,complete
control_f55778e03f260a,2025,0,complete
control_f55df263c311e1,2017,0,complete
control_f55df263c311e1,2018,2,complete
control_f55df263c311e1,2019,1,complete
control_f55df263c311e1,2020,0,complete
control_f55df263c311e1,2021,1,complete
control_f55df263c311e1,2022,4,complete
control_f55df263c311e1,2023,2,complete
control_f55df263c311e1,2024,1,complete
control_f55df263c311e1,2025,2,complete
control_f586d82077f98e,2017,4,complete
control_f586d82077f98e,2018,11,complete
control_f586d82077f98e,2019,12,complete
control_f586d82077f98e,2020,11,complete
control_f586d82077f98e,2021,10,complete
control_f586d82077f98e,2022,10,complete
control_f586d82077f98e,2023,6,complete
control_f586d82077f98e,2024,10,complete
control_f586d82077f98e,2025,11,complete
control_f5a8ff03359f90,2017,3,complete
control_f5a8ff03359f90,2018,2,complete
control_f5a8ff03359f90,2019,2,complete
control_f5a8ff03359f90,2020,21,complete
control_f5a8ff03359f90,2021,4,complete
control_f5a8ff03359f90,2022,3,complete
control_f5a8ff03359f90,2023,3,complete
control_f5a8ff03359f90,2024,4,complete
control_f5a8ff03359f90,2025,1,complete
control_f60c4da0c3e9c7,2017,1,complete
control_f60c4da0c3e9c7,2018,14,complete
control_f60c4da0c3e9c7,2019,8,complete
control_f60c4da0c3e9c7,2020,21,complete
control_f60c4da0c3e9c7,2021,29,complete
control_f60c4da0c3e9c7,2022,34,complete
control_f60c4da0c3e9c7,2023,22,complete
control_f60c4da0c3e9c7,2024,18,complete
control_f60c4da0c3e9c7,2025,13,complete
control_f648919f397250,2017,9,complete
control_f648919f397250,2018,11,complete
control_f648919f397250,2019,7,complete
control_f648919f397250,2020,13,complete
control_f648919f397250,2021,12,complete
control_f648919f397250,2022,13,complete
control_f648919f397250,2023,4,complete
control_f648919f397250,2024,8,complete
control_f648919f397250,2025,6,complete
control_f6852c48d558e9,2017,1,complete
control_f6852c48d558e9,2018,1,complete
control_f6852c48d558e9,2019,0,complete
control_f6852c48d558e9,2020,4,complete
control_f6852c48d558e9,2021,2,complete
control_f6852c48d558e9,2022,3,complete
control_f6852c48d558e9,2023,4,complete
control_f6852c48d558e9,2024,4,complete
control_f6852c48d558e9,2025,2,complete
control_f6853cd01aeba6,2017,4,complete
control_f6853cd01aeba6,2018,5,complete
control_f6853cd01aeba6,2019,14,complete
control_f6853cd01aeba6,2020,16,complete
control_f6853cd01aeba6,2021,26,complete
control_f6853cd01aeba6,2022,30,complete
control_f6853cd01aeba6,2023,37,complete
control_f6853cd01aeba6,2024,25,complete
control_f6853cd01aeba6,2025,32,complete
control_f6ad3eb34b4c48,2017,8,complete
control_f6ad3eb34b4c48,2018,10,complete
control_f6ad3eb34b4c48,2019,4,complete
control_f6ad3eb34b4c48,2020,14,complete
control_f6ad3eb34b4c48,2021,11,complete
control_f6ad3eb34b4c48,2022,17,complete
control_f6ad3eb34b4c48,2023,13,complete
control_f6ad3eb34b4c48,2024,17,complete
control_f6ad3eb34b4c48,2025,15,complete
control_f6e211b3543df1,2017,0,complete
control_f6e211b3543df1,2018,2,complete
control_f6e211b3543df1,2019,3,complete
control_f6e211b3543df1,2020,8,complete
control_f6e211b3543df1,2021,5,complete
control_f6e211b3543df1,2022,5,complete
control_f6e211b3543df1,2023,5,complete
control_f6e211b3543df1,2024,8,complete
control_f6e211b3543df1,2025,5,complete
control_f6ee8888225db3,2017,31,complete
control_f6ee8888225db3,2018,20,complete
control_f6ee8888225db3,2019,28,complete
control_f6ee8888225db3,2020,32,complete
control_f6ee8888225db3,2021,34,complete
control_f6ee8888225db3,2022,52,complete
control_f6ee8888225db3,2023,35,complete
control_f6ee8888225db3,2024,41,complete
control_f6ee8888225db3,2025,39,complete
control_f6f6e2f8a4e920,2017,0,complete
control_f6f6e2f8a4e920,2018,0,complete
control_f6f6e2f8a4e920,2019,0,complete
control_f6f6e2f8a4e920,2020,3,complete
control_f6f6e2f8a4e920,2021,11,complete
control_f6f6e2f8a4e920,2022,7,complete
control_f6f6e2f8a4e920,2023,57,complete
control_f6f6e2f8a4e920,2024,83,complete
control_f6f6e2f8a4e920,2025,101,complete
control_f703a66d29f278,2017,0,complete
control_f703a66d29f278,2018,2,complete
control_f703a66d29f278,2019,4,complete
control_f703a66d29f278,2020,2,complete
control_f703a66d29f278,2021,15,complete
control_f703a66d29f278,2022,22,complete
control_f703a66d29f278,2023,17,complete
control_f703a66d29f278,2024,23,complete
control_f703a66d29f278,2025,24,complete
control_f704f780a73522,2017,0,complete
control_f704f780a73522,2018,0,complete
control_f704f780a73522,2019,0,complete
control_f704f780a73522,2020,1,complete
control_f704f780a73522,2021,1,complete
control_f704f780a73522,2022,1,complete
control_f704f780a73522,2023,3,complete
control_f704f780a73522,2024,3,complete
control_f704f780a73522,2025,5,complete
control_f76519ebcc180d,2017,0,complete
control_f76519ebcc180d,2018,4,complete
control_f76519ebcc180d,2019,2,complete
control_f76519ebcc180d,2020,5,complete
control_f76519ebcc180d,2021,15,complete
control_f76519ebcc180d,2022,10,complete
control_f76519ebcc180d,2023,6,complete
control_f76519ebcc180d,2024,6,complete
control_f76519ebcc180d,2025,13,complete
control_f7f8163fa6e449,2017,1,complete
control_f7f8163fa6e449,2018,1,complete
control_f7f8163fa6e449,2019,9,complete
control_f7f8163fa6e449,2020,13,complete
control_f7f8163fa6e449,2021,9,complete
control_f7f8163fa6e449,2022,15,complete
control_f7f8163fa6e449,2023,11,complete
control_f7f8163fa6e449,2024,21,complete
control_f7f8163fa6e449,2025,10,complete
control_f83283476d95e1,2017,10,complete
control_f83283476d95e1,2018,39,complete
control_f83283476d95e1,2019,50,complete
control_f83283476d95e1,2020,62,complete
control_f83283476d95e1,2021,60,complete
control_f83283476d95e1,2022,73,complete
control_f83283476d95e1,2023,54,complete
control_f83283476d95e1,2024,54,complete
control_f83283476d95e1,2025,52,complete
control_f84452658a435e,2017,0,complete
control_f84452658a435e,2018,0,complete
control_f84452658a435e,2019,6,complete
control_f84452658a435e,2020,8,complete
control_f84452658a435e,2021,27,complete
control_f84452658a435e,2022,47,complete
control_f84452658a435e,2023,41,complete
control_f84452658a435e,2024,52,complete
control_f84452658a435e,2025,63,complete
control_f871330b40ac80,2017,0,complete
control_f871330b40ac80,2018,0,complete
control_f871330b40ac80,2019,0,complete
control_f871330b40ac80,2020,1,complete
control_f871330b40ac80,2021,17,complete
control_f871330b40ac80,2022,13,complete
control_f871330b40ac80,2023,30,complete
control_f871330b40ac80,2024,25,complete
control_f871330b40ac80,2025,24,complete
control_f87bdfa43c31da,2017,3,complete
control_f87bdfa43c31da,2018,7,complete
control_f87bdfa43c31da,2019,11,complete
control_f87bdfa43c31da,2020,45,complete
control_f87bdfa43c31da,2021,66,complete
control_f87bdfa43c31da,2022,63,complete
control_f87bdfa43c31da,2023,68,complete
control_f87bdfa43c31da,2024,68,complete
control_f87bdfa43c31da,2025,94,complete
control_f89d8fa11048a3,2017,1,complete
control_f89d8fa11048a3,2018,2,complete
control_f89d8fa11048a3,2019,13,complete
control_f89d8fa11048a3,2020,22,complete
control_f89d8fa11048a3,2021,32,complete
control_f89d8fa11048a3,2022,46,complete
control_f89d8fa11048a3,2023,52,complete
control_f89d8fa11048a3,2024,53,complete
control_f89d8fa11048a3,2025,70,complete
control_f8bf0ccd5d064b,2017,2,complete
control_f8bf0ccd5d064b,2018,4,complete
control_f8bf0ccd5d064b,2019,0,complete
control_f8bf0ccd5d064b,2020,0,complete
control_f8bf0ccd5d064b,2021,3,complete
control_f8bf0ccd5d064b,2022,0,complete
control_f8bf0ccd5d064b,2023,1,complete
control_f8bf0ccd5d064b,2024,0,complete
control_f8bf0ccd5d064b,2025,0,complete
control_f96edcfa49fa5e,2017,8,complete
control_f96edcfa49fa5e,2018,10,complete
control_f96edcfa49fa5e,2019,19,complete
control_f96edcfa49fa5e,2020,27,complete
control_f96edcfa49fa5e,2021,29,complete
control_f96edcfa49fa5e,2022,36,complete
control_f96edcfa49fa5e,2023,24,complete
control_f96edcfa49fa5e,2024,22,complete
control_f96edcfa49fa5e,2025,28,complete
control_f9fdaaa4e215f3,2017,1,complete
control_f9fdaaa4e215f3,2018,2,complete
control_f9fdaaa4e215f3,2019,0,complete
control_f9fdaaa4e215f3,2020,2,complete
control_f9fdaaa4e215f3,2021,1,complete
control_f9fdaaa4e215f3,2022,4,complete
control_f9fdaaa4e215f3,2023,12,complete
control_f9fdaaa4e215f3,2024,10,complete
control_f9fdaaa4e215f3,2025,10,complete
control_fa1a96b28da8c7,2017,0,complete
control_fa1a96b28da8c7,2018,4,complete
control_fa1a96b28da8c7,2019,6,complete
control_fa1a96b28da8c7,2020,7,complete
control_fa1a96b28da8c7,2021,6,complete
control_fa1a96b28da8c7,2022,8,complete
control_fa1a96b28da8c7,2023,9,complete
control_fa1a96b28da8c7,2024,11,complete
control_fa1a96b28da8c7,2025,11,complete
control_fa1f357ebff814,2017,0,complete
control_fa1f357ebff814,2018,2,complete
control_fa1f357ebff814,2019,5,complete
control_fa1f357ebff814,2020,4,complete
control_fa1f357ebff814,2021,4,complete
control_fa1f357ebff814,2022,1,complete
control_fa1f357ebff814,2023,0,complete
control_fa1f357ebff814,2024,2,complete
control_fa1f357ebff814,2025,2,complete
control_fa2460fa4df2d6,2017,0,complete
control_fa2460fa4df2d6,2018,0,complete
control_fa2460fa4df2d6,2019,0,complete
control_fa2460fa4df2d6,2020,1,complete
control_fa2460fa4df2d6,2021,9,complete
control_fa2460fa4df2d6,2022,21,complete
control_fa2460fa4df2d6,2023,15,complete
control_fa2460fa4df2d6,2024,23,complete
control_fa2460fa4df2d6,2025,15,complete
control_fa53bb42aa304e,2017,7,complete
control_fa53bb42aa304e,2018,11,complete
control_fa53bb42aa304e,2019,20,complete
control_fa53bb42aa304e,2020,27,complete
control_fa53bb42aa304e,2021,46,complete
control_fa53bb42aa304e,2022,26,complete
control_fa53bb42aa304e,2023,21,complete
control_fa53bb42aa304e,2024,20,complete
control_fa53bb42aa304e,2025,17,complete
control_fa54a570b24a13,2017,0,complete
control_fa54a570b24a13,2018,2,complete
control_fa54a570b24a13,2019,0,complete
control_fa54a570b24a13,2020,0,complete
control_fa54a570b24a13,2021,0,complete
control_fa54a570b24a13,2022,0,complete
control_fa54a570b24a13,2023,0,complete
control_fa54a570b24a13,2024,0,complete
control_fa54a570b24a13,2025,0,complete
control_fa5c0ae0d72bcd,2017,0,complete
control_fa5c0ae0d72bcd,2018,5,complete
control_fa5c0ae0d72bcd,2019,2,complete
control_fa5c0ae0d72bcd,2020,10,complete
control_fa5c0ae0d72bcd,2021,15,complete
control_fa5c0ae0d72bcd,2022,20,complete
control_fa5c0ae0d72bcd,2023,29,complete
control_fa5c0ae0d72bcd,2024,32,complete
control_fa5c0ae0d72bcd,2025,32,complete
control_fa5ddc177dd855,2017,1,complete
control_fa5ddc177dd855,2018,0,complete
control_fa5ddc177dd855,2019,2,complete
control_fa5ddc177dd855,2020,1,complete
control_fa5ddc177dd855,2021,5,complete
control_fa5ddc177dd855,2022,0,complete
control_fa5ddc177dd855,2023,2,complete
control_fa5ddc177dd855,2024,4,complete
control_fa5ddc177dd855,2025,4,complete
control_fab080dc6c9813,2017,3,complete
control_fab080dc6c9813,2018,1,complete
control_fab080dc6c9813,2019,2,complete
control_fab080dc6c9813,2020,3,complete
control_fab080dc6c9813,2021,2,complete
control_fab080dc6c9813,2022,3,complete
control_fab080dc6c9813,2023,0,complete
control_fab080dc6c9813,2024,0,complete
control_fab080dc6c9813,2025,0,complete
control_fac38bd8248529,2017,7,complete
control_fac38bd8248529,2018,16,complete
control_fac38bd8248529,2019,17,complete
control_fac38bd8248529,2020,22,complete
control_fac38bd8248529,2021,21,complete
control_fac38bd8248529,2022,20,complete
control_fac38bd8248529,2023,12,complete
control_fac38bd8248529,2024,11,complete
control_fac38bd8248529,2025,15,complete
control_fafda81a6e210b,2017,0,complete
control_fafda81a6e210b,2018,0,complete
control_fafda81a6e210b,2019,0,complete
control_fafda81a6e210b,2020,3,complete
control_fafda81a6e210b,2021,7,complete
control_fafda81a6e210b,2022,6,complete
control_fafda81a6e210b,2023,5,complete
control_fafda81a6e210b,2024,8,complete
control_fafda81a6e210b,2025,1,complete
control_fba40e77a51825,2017,1,complete
control_fba40e77a51825,2018,0,complete
control_fba40e77a51825,2019,1,complete
control_fba40e77a51825,2020,6,complete
control_fba40e77a51825,2021,4,complete
control_fba40e77a51825,2022,10,complete
control_fba40e77a51825,2023,7,complete
control_fba40e77a51825,2024,2,complete
control_fba40e77a51825,2025,2,complete
control_fbbe88d5446385,2017,1,complete
control_fbbe88d5446385,2018,4,complete
control_fbbe88d5446385,2019,4,complete
control_fbbe88d5446385,2020,6,complete
control_fbbe88d5446385,2021,7,complete
control_fbbe88d5446385,2022,6,complete
control_fbbe88d5446385,2023,8,complete
control_fbbe88d5446385,2024,9,complete
control_fbbe88d5446385,2025,7,complete
control_fc16503aea626d,2017,5,complete
control_fc16503aea626d,2018,5,complete
control_fc16503aea626d,2019,4,complete
control_fc16503aea626d,2020,4,complete
control_fc16503aea626d,2021,4,complete
control_fc16503aea626d,2022,8,complete
control_fc16503aea626d,2023,6,complete
control_fc16503aea626d,2024,7,complete
control_fc16503aea626d,2025,4,complete
control_fc67d4843c9e05,2017,6,complete
control_fc67d4843c9e05,2018,4,complete
control_fc67d4843c9e05,2019,7,complete
control_fc67d4843c9e05,2020,8,complete
control_fc67d4843c9e05,2021,4,complete
control_fc67d4843c9e05,2022,3,complete
control_fc67d4843c9e05,2023,3,complete
control_fc67d4843c9e05,2024,1,complete
control_fc67d4843c9e05,2025,3,complete
control_fc6cebbe70543d,2017,2,complete
control_fc6cebbe70543d,2018,6,complete
control_fc6cebbe70543d,2019,20,complete
control_fc6cebbe70543d,2020,12,complete
control_fc6cebbe70543d,2021,27,complete
control_fc6cebbe70543d,2022,24,complete
control_fc6cebbe70543d,2023,26,complete
control_fc6cebbe70543d,2024,26,complete
control_fc6cebbe70543d,2025,21,complete
control_fc9e62dabd38eb,2017,5,complete
control_fc9e62dabd38eb,2018,13,complete
control_fc9e62dabd38eb,2019,15,complete
control_fc9e62dabd38eb,2020,33,complete
control_fc9e62dabd38eb,2021,23,complete
control_fc9e62dabd38eb,2022,28,complete
control_fc9e62dabd38eb,2023,21,complete
control_fc9e62dabd38eb,2024,26,complete
control_fc9e62dabd38eb,2025,16,complete
control_fcbf4229134eb4,2017,2,complete
control_fcbf4229134eb4,2018,2,complete
control_fcbf4229134eb4,2019,11,complete
control_fcbf4229134eb4,2020,33,complete
control_fcbf4229134eb4,2021,35,complete
control_fcbf4229134eb4,2022,52,complete
control_fcbf4229134eb4,2023,47,complete
control_fcbf4229134eb4,2024,49,complete
control_fcbf4229134eb4,2025,44,complete
control_fd48eb3be6a633,2017,0,complete
control_fd48eb3be6a633,2018,1,complete
control_fd48eb3be6a633,2019,3,complete
control_fd48eb3be6a633,2020,4,complete
control_fd48eb3be6a633,2021,3,complete
control_fd48eb3be6a633,2022,13,complete
control_fd48eb3be6a633,2023,7,complete
control_fd48eb3be6a633,2024,15,complete
control_fd48eb3be6a633,2025,21,complete
control_fddf9af600b9ba,2017,3,complete
control_fddf9af600b9ba,2018,7,complete
control_fddf9af600b9ba,2019,8,complete
control_fddf9af600b9ba,2020,15,complete
control_fddf9af600b9ba,2021,13,complete
control_fddf9af600b9ba,2022,8,complete
control_fddf9af600b9ba,2023,7,complete
control_fddf9af600b9ba,2024,8,complete
control_fddf9af600b9ba,2025,6,complete
control_fe0434b688e1cc,2017,0,complete
control_fe0434b688e1cc,2018,0,complete
control_fe0434b688e1cc,2019,0,complete
control_fe0434b688e1cc,2020,1,complete
control_fe0434b688e1cc,2021,0,complete
control_fe0434b688e1cc,2022,1,complete
control_fe0434b688e1cc,2023,15,complete
control_fe0434b688e1cc,2024,10,complete
control_fe0434b688e1cc,2025,24,complete
control_fe06426e1e2826,2017,0,complete
control_fe06426e1e2826,2018,0,complete
control_fe06426e1e2826,2019,0,complete
control_fe06426e1e2826,2020,3,complete
control_fe06426e1e2826,2021,7,complete
control_fe06426e1e2826,2022,14,complete
control_fe06426e1e2826,2023,17,complete
control_fe06426e1e2826,2024,11,complete
control_fe06426e1e2826,2025,10,complete
control_fe756fa9de81d5,2017,0,complete
control_fe756fa9de81d5,2018,0,complete
control_fe756fa9de81d5,2019,5,complete
control_fe756fa9de81d5,2020,3,complete
control_fe756fa9de81d5,2021,2,complete
control_fe756fa9de81d5,2022,8,complete
control_fe756fa9de81d5,2023,12,complete
control_fe756fa9de81d5,2024,16,complete
control_fe756fa9de81d5,2025,19,complete
control_fea09e92bdf541,2017,8,complete
control_fea09e92bdf541,2018,8,complete
control_fea09e92bdf541,2019,11,complete
control_fea09e92bdf541,2020,6,complete
control_fea09e92bdf541,2021,11,complete
control_fea09e92bdf541,2022,38,complete
control_fea09e92bdf541,2023,34,complete
control_fea09e92bdf541,2024,13,complete
control_fea09e92bdf541,2025,8,complete
control_feecdfebdf5d5f,2017,3,complete
control_feecdfebdf5d5f,2018,0,complete
control_feecdfebdf5d5f,2019,1,complete
control_feecdfebdf5d5f,2020,0,complete
control_feecdfebdf5d5f,2021,0,complete
control_feecdfebdf5d5f,2022,0,complete
control_feecdfebdf5d5f,2023,0,complete
control_feecdfebdf5d5f,2024,2,complete
control_feecdfebdf5d5f,2025,0,complete
control_ff966ce102bafe,2017,0,complete
control_ff966ce102bafe,2018,0,complete
control_ff966ce102bafe,2019,0,complete
control_ff966ce102bafe,2020,0,complete
control_ff966ce102bafe,2021,0,complete
control_ff966ce102bafe,2022,0,complete
control_ff966ce102bafe,2023,0,complete
control_ff966ce102bafe,2024,0,complete
control_ff966ce102bafe,2025,0,complete
control_ffaa9fda4e8907,2017,0,complete
control_ffaa9fda4e8907,2018,1,complete
control_ffaa9fda4e8907,2019,1,complete
control_ffaa9fda4e8907,2020,4,complete
control_ffaa9fda4e8907,2021,10,complete
control_ffaa9fda4e8907,2022,18,complete
control_ffaa9fda4e8907,2023,17,complete
control_ffaa9fda4e8907,2024,21,complete
control_ffaa9fda4e8907,2025,32,complete
control_ffddb7f5c54bd0,2017,6,complete
control_ffddb7f5c54bd0,2018,9,complete
control_ffddb7f5c54bd0,2019,21,complete
control_ffddb7f5c54bd0,2020,82,complete
control_ffddb7f5c54bd0,2021,105,complete
control_ffddb7f5c54bd0,2022,120,complete
control_ffddb7f5c54bd0,2023,138,complete
control_ffddb7f5c54bd0,2024,149,complete
control_ffddb7f5c54bd0,2025,162,complete
