paper_id,journal,role,year,citations,all_types,status
Row.1,JEPLMC,unsuccessful,2008,2,2,complete
Row.1,JEPLMC,unsuccessful,2009,5,5,complete
Row.1,JEPLMC,unsuccessful,2010,6,6,complete
Row.1,JEPLMC,unsuccessful,2011,10,10,complete
Row.1,JEPLMC,unsuccessful,2012,8,8,complete
Row.1,JEPLMC,unsuccessful,2013,4,6,complete
Row.1,JEPLMC,unsuccessful,2014,5,6,complete
Row.1,JEPLMC,unsuccessful,2015,5,6,complete
Row.1,JEPLMC,unsuccessful,2016,4,6,complete
Row.1,JEPLMC,unsuccessful,2017,2,4,complete
Row.1,JEPLMC,unsuccessful,2018,3,4,complete
Row.1,JEPLMC,unsuccessful,2019,1,4,complete
Row.1,JEPLMC,unsuccessful,2020,6,8,complete
Row.1,JEPLMC,unsuccessful,2021,2,2,complete
Row.1,JEPLMC,unsuccessful,2022,7,7,complete
Row.1,JEPLMC,unsuccessful,2023,5,8,complete
Row.1,JEPLMC,unsuccessful,2024,3,3,complete
Row.1,JEPLMC,unsuccessful,2025,1,2,complete
Row.2,JEPLMC,unsuccessful,2008,2,2,complete
Row.2,JEPLMC,unsuccessful,2009,1,2,complete
Row.2,JEPLMC,unsuccessful,2010,0,0,complete
Row.2,JEPLMC,unsuccessful,2011,0,0,complete
Row.2,JEPLMC,unsuccessful,2012,2,2,complete
Row.2,JEPLMC,unsuccessful,2013,0,0,complete
Row.2,JEPLMC,unsuccessful,2014,0,0,complete
Row.2,JEPLMC,unsuccessful,2015,3,3,complete
Row.2,JEPLMC,unsuccessful,2016,1,1,complete
Row.2,JEPLMC,unsuccessful,2017,1,2,complete
Row.2,JEPLMC,unsuccessful,2018,0,0,complete
Row.2,JEPLMC,unsuccessful,2019,1,1,complete
Row.2,JEPLMC,unsuccessful,2020,0,0,complete
Row.2,JEPLMC,unsuccessful,2021,1,1,complete
Row.2,JEPLMC,unsuccessful,2022,1,1,complete
Row.2,JEPLMC,unsuccessful,2023,0,0,complete
Row.2,JEPLMC,unsuccessful,2024,0,0,complete
Row.2,JEPLMC,unsuccessful,2025,0,0,complete
Row.3,JEPLMC,unsuccessful,2008,2,2,complete
Row.3,JEPLMC,unsuccessful,2009,4,4,complete
Row.3,JEPLMC,unsuccessful,2010,11,12,complete
Row.3,JEPLMC,unsuccessful,2011,3,6,complete
Row.3,JEPLMC,unsuccessful,2012,10,11,complete
Row.3,JEPLMC,unsuccessful,2013,6,6,complete
Row.3,JEPLMC,unsuccessful,2014,8,10,complete
Row.3,JEPLMC,unsuccessful,2015,4,8,complete
Row.3,JEPLMC,unsuccessful,2016,5,6,complete
Row.3,JEPLMC,unsuccessful,2017,5,6,complete
Row.3,JEPLMC,unsuccessful,2018,10,13,complete
Row.3,JEPLMC,unsuccessful,2019,5,9,complete
Row.3,JEPLMC,unsuccessful,2020,3,6,complete
Row.3,JEPLMC,unsuccessful,2021,6,10,complete
Row.3,JEPLMC,unsuccessful,2022,5,9,complete
Row.3,JEPLMC,unsuccessful,2023,5,8,complete
Row.3,JEPLMC,unsuccessful,2024,13,17,complete
Row.3,JEPLMC,unsuccessful,2025,7,8,complete
Row.4,JEPLMC,unsuccessful,2008,1,4,complete
Row.4,JEPLMC,unsuccessful,2009,0,2,complete
Row.4,JEPLMC,unsuccessful,2010,2,3,complete
Row.4,JEPLMC,unsuccessful,2011,4,7,complete
Row.4,JEPLMC,unsuccessful,2012,7,9,complete
Row.4,JEPLMC,unsuccessful,2013,7,8,complete
Row.4,JEPLMC,unsuccessful,2014,6,7,complete
Row.4,JEPLMC,unsuccessful,2015,5,7,complete
Row.4,JEPLMC,unsuccessful,2016,6,6,complete
Row.4,JEPLMC,unsuccessful,2017,1,2,complete
Row.4,JEPLMC,unsuccessful,2018,3,3,complete
Row.4,JEPLMC,unsuccessful,2019,1,2,complete
Row.4,JEPLMC,unsuccessful,2020,4,6,complete
Row.4,JEPLMC,unsuccessful,2021,2,2,complete
Row.4,JEPLMC,unsuccessful,2022,3,4,complete
Row.4,JEPLMC,unsuccessful,2023,2,2,complete
Row.4,JEPLMC,unsuccessful,2024,5,5,complete
Row.4,JEPLMC,unsuccessful,2025,3,4,complete
Row.5,JEPLMC,unsuccessful,2008,1,3,complete
Row.5,JEPLMC,unsuccessful,2009,4,4,complete
Row.5,JEPLMC,unsuccessful,2010,0,0,complete
Row.5,JEPLMC,unsuccessful,2011,5,6,complete
Row.5,JEPLMC,unsuccessful,2012,6,6,complete
Row.5,JEPLMC,unsuccessful,2013,7,9,complete
Row.5,JEPLMC,unsuccessful,2014,3,3,complete
Row.5,JEPLMC,unsuccessful,2015,2,4,complete
Row.5,JEPLMC,unsuccessful,2016,1,2,complete
Row.5,JEPLMC,unsuccessful,2017,3,6,complete
Row.5,JEPLMC,unsuccessful,2018,3,3,complete
Row.5,JEPLMC,unsuccessful,2019,4,5,complete
Row.5,JEPLMC,unsuccessful,2020,1,4,complete
Row.5,JEPLMC,unsuccessful,2021,1,1,complete
Row.5,JEPLMC,unsuccessful,2022,1,2,complete
Row.5,JEPLMC,unsuccessful,2023,3,3,complete
Row.5,JEPLMC,unsuccessful,2024,0,1,complete
Row.5,JEPLMC,unsuccessful,2025,2,2,complete
Row.6,JEPLMC,successful,2008,4,5,complete
Row.6,JEPLMC,successful,2009,5,5,complete
Row.6,JEPLMC,successful,2010,3,5,complete
Row.6,JEPLMC,successful,2011,3,3,complete
Row.6,JEPLMC,successful,2012,2,3,complete
Row.6,JEPLMC,successful,2013,4,5,complete
Row.6,JEPLMC,successful,2014,4,4,complete
Row.6,JEPLMC,successful,2015,6,6,complete
Row.6,JEPLMC,successful,2016,2,2,complete
Row.6,JEPLMC,successful,2017,3,4,complete
Row.6,JEPLMC,successful,2018,1,2,complete
Row.6,JEPLMC,successful,2019,6,10,complete
Row.6,JEPLMC,successful,2020,2,4,complete
Row.6,JEPLMC,successful,2021,4,4,complete
Row.6,JEPLMC,successful,2022,1,2,complete
Row.6,JEPLMC,successful,2023,1,1,complete
Row.6,JEPLMC,successful,2024,1,3,complete
Row.6,JEPLMC,successful,2025,0,0,complete
Row.7,JEPLMC,unsuccessful,2008,0,0,complete
Row.7,JEPLMC,unsuccessful,2009,1,1,complete
Row.7,JEPLMC,unsuccessful,2010,2,2,complete
Row.7,JEPLMC,unsuccessful,2011,1,2,complete
Row.7,JEPLMC,unsuccessful,2012,1,1,complete
Row.7,JEPLMC,unsuccessful,2013,3,3,complete
Row.7,JEPLMC,unsuccessful,2014,2,2,complete
Row.7,JEPLMC,unsuccessful,2015,1,1,complete
Row.7,JEPLMC,unsuccessful,2016,4,4,complete
Row.7,JEPLMC,unsuccessful,2017,2,3,complete
Row.7,JEPLMC,unsuccessful,2018,0,0,complete
Row.7,JEPLMC,unsuccessful,2019,2,2,complete
Row.7,JEPLMC,unsuccessful,2020,0,0,complete
Row.7,JEPLMC,unsuccessful,2021,1,1,complete
Row.7,JEPLMC,unsuccessful,2022,0,0,complete
Row.7,JEPLMC,unsuccessful,2023,1,1,complete
Row.7,JEPLMC,unsuccessful,2024,0,0,complete
Row.7,JEPLMC,unsuccessful,2025,1,1,complete
Row.8,JEPLMC,unsuccessful,2008,0,0,complete
Row.8,JEPLMC,unsuccessful,2009,4,4,complete
Row.8,JEPLMC,unsuccessful,2010,1,1,complete
Row.8,JEPLMC,unsuccessful,2011,0,0,complete
Row.8,JEPLMC,unsuccessful,2012,2,2,complete
Row.8,JEPLMC,unsuccessful,2013,2,3,complete
Row.8,JEPLMC,unsuccessful,2014,1,1,complete
Row.8,JEPLMC,unsuccessful,2015,2,3,complete
Row.8,JEPLMC,unsuccessful,2016,0,0,complete
Row.8,JEPLMC,unsuccessful,2017,4,5,complete
Row.8,JEPLMC,unsuccessful,2018,0,1,complete
Row.8,JEPLMC,unsuccessful,2019,2,2,complete
Row.8,JEPLMC,unsuccessful,2020,1,1,complete
Row.8,JEPLMC,unsuccessful,2021,2,2,complete
Row.8,JEPLMC,unsuccessful,2022,1,1,complete
Row.8,JEPLMC,unsuccessful,2023,1,3,complete
Row.8,JEPLMC,unsuccessful,2024,1,1,complete
Row.8,JEPLMC,unsuccessful,2025,2,2,complete
Row.10,JEPLMC,successful,2008,1,1,complete
Row.10,JEPLMC,successful,2009,8,8,complete
Row.10,JEPLMC,successful,2010,2,2,complete
Row.10,JEPLMC,successful,2011,3,4,complete
Row.10,JEPLMC,successful,2012,4,5,complete
Row.10,JEPLMC,successful,2013,4,4,complete
Row.10,JEPLMC,successful,2014,1,1,complete
Row.10,JEPLMC,successful,2015,5,5,complete
Row.10,JEPLMC,successful,2016,3,3,complete
Row.10,JEPLMC,successful,2017,5,7,complete
Row.10,JEPLMC,successful,2018,2,4,complete
Row.10,JEPLMC,successful,2019,4,4,complete
Row.10,JEPLMC,successful,2020,0,0,complete
Row.10,JEPLMC,successful,2021,2,2,complete
Row.10,JEPLMC,successful,2022,2,2,complete
Row.10,JEPLMC,successful,2023,0,1,complete
Row.10,JEPLMC,successful,2024,4,5,complete
Row.10,JEPLMC,successful,2025,0,0,complete
Row.11,JEPLMC,successful,2008,2,3,complete
Row.11,JEPLMC,successful,2009,3,3,complete
Row.11,JEPLMC,successful,2010,9,10,complete
Row.11,JEPLMC,successful,2011,3,5,complete
Row.11,JEPLMC,successful,2012,8,8,complete
Row.11,JEPLMC,successful,2013,7,10,complete
Row.11,JEPLMC,successful,2014,8,12,complete
Row.11,JEPLMC,successful,2015,2,4,complete
Row.11,JEPLMC,successful,2016,5,8,complete
Row.11,JEPLMC,successful,2017,5,6,complete
Row.11,JEPLMC,successful,2018,9,12,complete
Row.11,JEPLMC,successful,2019,6,11,complete
Row.11,JEPLMC,successful,2020,7,9,complete
Row.11,JEPLMC,successful,2021,7,10,complete
Row.11,JEPLMC,successful,2022,6,7,complete
Row.11,JEPLMC,successful,2023,7,9,complete
Row.11,JEPLMC,successful,2024,5,6,complete
Row.11,JEPLMC,successful,2025,7,8,complete
Row.12,JEPLMC,unsuccessful,2008,0,0,complete
Row.12,JEPLMC,unsuccessful,2009,0,0,complete
Row.12,JEPLMC,unsuccessful,2010,0,0,complete
Row.12,JEPLMC,unsuccessful,2011,2,2,complete
Row.12,JEPLMC,unsuccessful,2012,2,2,complete
Row.12,JEPLMC,unsuccessful,2013,1,1,complete
Row.12,JEPLMC,unsuccessful,2014,3,3,complete
Row.12,JEPLMC,unsuccessful,2015,2,2,complete
Row.12,JEPLMC,unsuccessful,2016,3,3,complete
Row.12,JEPLMC,unsuccessful,2017,1,1,complete
Row.12,JEPLMC,unsuccessful,2018,2,2,complete
Row.12,JEPLMC,unsuccessful,2019,1,1,complete
Row.12,JEPLMC,unsuccessful,2020,0,0,complete
Row.12,JEPLMC,unsuccessful,2021,1,1,complete
Row.12,JEPLMC,unsuccessful,2022,1,1,complete
Row.12,JEPLMC,unsuccessful,2023,1,1,complete
Row.12,JEPLMC,unsuccessful,2024,2,2,complete
Row.12,JEPLMC,unsuccessful,2025,1,1,complete
Row.13,JEPLMC,successful,2008,2,2,complete
Row.13,JEPLMC,successful,2009,0,0,complete
Row.13,JEPLMC,successful,2010,1,1,complete
Row.13,JEPLMC,successful,2011,2,2,complete
Row.13,JEPLMC,successful,2012,0,2,complete
Row.13,JEPLMC,successful,2013,1,1,complete
Row.13,JEPLMC,successful,2014,1,1,complete
Row.13,JEPLMC,successful,2015,0,0,complete
Row.13,JEPLMC,successful,2016,0,0,complete
Row.13,JEPLMC,successful,2017,1,1,complete
Row.13,JEPLMC,successful,2018,1,1,complete
Row.13,JEPLMC,successful,2019,2,3,complete
Row.13,JEPLMC,successful,2020,1,3,complete
Row.13,JEPLMC,successful,2021,0,1,complete
Row.13,JEPLMC,successful,2022,0,0,complete
Row.13,JEPLMC,successful,2023,1,1,complete
Row.13,JEPLMC,successful,2024,0,0,complete
Row.13,JEPLMC,successful,2025,2,2,complete
Row.15,JEPLMC,successful,2008,4,4,complete
Row.15,JEPLMC,successful,2009,5,5,complete
Row.15,JEPLMC,successful,2010,5,5,complete
Row.15,JEPLMC,successful,2011,6,6,complete
Row.15,JEPLMC,successful,2012,14,14,complete
Row.15,JEPLMC,successful,2013,14,17,complete
Row.15,JEPLMC,successful,2014,29,30,complete
Row.15,JEPLMC,successful,2015,16,18,complete
Row.15,JEPLMC,successful,2016,33,34,complete
Row.15,JEPLMC,successful,2017,23,25,complete
Row.15,JEPLMC,successful,2018,10,11,complete
Row.15,JEPLMC,successful,2019,13,16,complete
Row.15,JEPLMC,successful,2020,11,13,complete
Row.15,JEPLMC,successful,2021,20,20,complete
Row.15,JEPLMC,successful,2022,16,17,complete
Row.15,JEPLMC,successful,2023,16,20,complete
Row.15,JEPLMC,successful,2024,19,23,complete
Row.15,JEPLMC,successful,2025,6,11,complete
Row.17,JEPLMC,successful,2008,2,2,complete
Row.17,JEPLMC,successful,2009,5,7,complete
Row.17,JEPLMC,successful,2010,0,1,complete
Row.17,JEPLMC,successful,2011,3,3,complete
Row.17,JEPLMC,successful,2012,3,28,complete
Row.17,JEPLMC,successful,2013,2,2,complete
Row.17,JEPLMC,successful,2014,2,4,complete
Row.17,JEPLMC,successful,2015,1,4,complete
Row.17,JEPLMC,successful,2016,3,4,complete
Row.17,JEPLMC,successful,2017,4,4,complete
Row.17,JEPLMC,successful,2018,2,3,complete
Row.17,JEPLMC,successful,2019,2,4,complete
Row.17,JEPLMC,successful,2020,2,2,complete
Row.17,JEPLMC,successful,2021,1,2,complete
Row.17,JEPLMC,successful,2022,1,2,complete
Row.17,JEPLMC,successful,2023,2,6,complete
Row.17,JEPLMC,successful,2024,2,3,complete
Row.17,JEPLMC,successful,2025,0,0,complete
Row.19,JEPLMC,unsuccessful,2008,2,2,complete
Row.19,JEPLMC,unsuccessful,2009,2,3,complete
Row.19,JEPLMC,unsuccessful,2010,1,1,complete
Row.19,JEPLMC,unsuccessful,2011,1,1,complete
Row.19,JEPLMC,unsuccessful,2012,1,1,complete
Row.19,JEPLMC,unsuccessful,2013,3,3,complete
Row.19,JEPLMC,unsuccessful,2014,1,2,complete
Row.19,JEPLMC,unsuccessful,2015,2,2,complete
Row.19,JEPLMC,unsuccessful,2016,1,1,complete
Row.19,JEPLMC,unsuccessful,2017,3,4,complete
Row.19,JEPLMC,unsuccessful,2018,2,4,complete
Row.19,JEPLMC,unsuccessful,2019,1,2,complete
Row.19,JEPLMC,unsuccessful,2020,1,2,complete
Row.19,JEPLMC,unsuccessful,2021,0,0,complete
Row.19,JEPLMC,unsuccessful,2022,4,5,complete
Row.19,JEPLMC,unsuccessful,2023,2,4,complete
Row.19,JEPLMC,unsuccessful,2024,0,0,complete
Row.19,JEPLMC,unsuccessful,2025,0,0,complete
Row.20,JEPLMC,unsuccessful,2008,2,2,complete
Row.20,JEPLMC,unsuccessful,2009,4,5,complete
Row.20,JEPLMC,unsuccessful,2010,2,3,complete
Row.20,JEPLMC,unsuccessful,2011,2,2,complete
Row.20,JEPLMC,unsuccessful,2012,6,6,complete
Row.20,JEPLMC,unsuccessful,2013,1,2,complete
Row.20,JEPLMC,unsuccessful,2014,0,0,complete
Row.20,JEPLMC,unsuccessful,2015,4,4,complete
Row.20,JEPLMC,unsuccessful,2016,2,2,complete
Row.20,JEPLMC,unsuccessful,2017,2,3,complete
Row.20,JEPLMC,unsuccessful,2018,0,1,complete
Row.20,JEPLMC,unsuccessful,2019,0,0,complete
Row.20,JEPLMC,unsuccessful,2020,1,1,complete
Row.20,JEPLMC,unsuccessful,2021,1,1,complete
Row.20,JEPLMC,unsuccessful,2022,0,0,complete
Row.20,JEPLMC,unsuccessful,2023,2,2,complete
Row.20,JEPLMC,unsuccessful,2024,1,2,complete
Row.20,JEPLMC,unsuccessful,2025,0,0,complete
Row.22,JEPLMC,unsuccessful,2008,2,3,complete
Row.22,JEPLMC,unsuccessful,2009,14,16,complete
Row.22,JEPLMC,unsuccessful,2010,15,18,complete
Row.22,JEPLMC,unsuccessful,2011,18,19,complete
Row.22,JEPLMC,unsuccessful,2012,25,31,complete
Row.22,JEPLMC,unsuccessful,2013,18,22,complete
Row.22,JEPLMC,unsuccessful,2014,23,25,complete
Row.22,JEPLMC,unsuccessful,2015,22,31,complete
Row.22,JEPLMC,unsuccessful,2016,20,24,complete
Row.22,JEPLMC,unsuccessful,2017,12,16,complete
Row.22,JEPLMC,unsuccessful,2018,18,21,complete
Row.22,JEPLMC,unsuccessful,2019,16,24,complete
Row.22,JEPLMC,unsuccessful,2020,11,13,complete
Row.22,JEPLMC,unsuccessful,2021,9,9,complete
Row.22,JEPLMC,unsuccessful,2022,7,11,complete
Row.22,JEPLMC,unsuccessful,2023,4,7,complete
Row.22,JEPLMC,unsuccessful,2024,4,4,complete
Row.22,JEPLMC,unsuccessful,2025,5,6,complete
Row.24,JEPLMC,successful,2008,0,0,complete
Row.24,JEPLMC,successful,2009,5,5,complete
Row.24,JEPLMC,successful,2010,4,4,complete
Row.24,JEPLMC,successful,2011,3,3,complete
Row.24,JEPLMC,successful,2012,3,4,complete
Row.24,JEPLMC,successful,2013,4,4,complete
Row.24,JEPLMC,successful,2014,4,5,complete
Row.24,JEPLMC,successful,2015,5,5,complete
Row.24,JEPLMC,successful,2016,1,1,complete
Row.24,JEPLMC,successful,2017,4,6,complete
Row.24,JEPLMC,successful,2018,2,5,complete
Row.24,JEPLMC,successful,2019,1,2,complete
Row.24,JEPLMC,successful,2020,4,7,complete
Row.24,JEPLMC,successful,2021,6,7,complete
Row.24,JEPLMC,successful,2022,1,2,complete
Row.24,JEPLMC,successful,2023,3,3,complete
Row.24,JEPLMC,successful,2024,0,1,complete
Row.24,JEPLMC,successful,2025,1,1,complete
Row.25,JEPLMC,successful,2008,1,1,complete
Row.25,JEPLMC,successful,2009,2,2,complete
Row.25,JEPLMC,successful,2010,2,2,complete
Row.25,JEPLMC,successful,2011,2,3,complete
Row.25,JEPLMC,successful,2012,1,1,complete
Row.25,JEPLMC,successful,2013,3,3,complete
Row.25,JEPLMC,successful,2014,0,0,complete
Row.25,JEPLMC,successful,2015,2,2,complete
Row.25,JEPLMC,successful,2016,1,1,complete
Row.25,JEPLMC,successful,2017,2,2,complete
Row.25,JEPLMC,successful,2018,2,3,complete
Row.25,JEPLMC,successful,2019,2,2,complete
Row.25,JEPLMC,successful,2020,0,0,complete
Row.25,JEPLMC,successful,2021,1,1,complete
Row.25,JEPLMC,successful,2022,0,0,complete
Row.25,JEPLMC,successful,2023,0,0,complete
Row.25,JEPLMC,successful,2024,1,3,complete
Row.25,JEPLMC,successful,2025,1,1,complete
Row.26,JEPLMC,successful,2008,1,1,complete
Row.26,JEPLMC,successful,2009,1,1,complete
Row.26,JEPLMC,successful,2010,2,2,complete
Row.26,JEPLMC,successful,2011,3,3,complete
Row.26,JEPLMC,successful,2012,2,2,complete
Row.26,JEPLMC,successful,2013,2,2,complete
Row.26,JEPLMC,successful,2014,2,2,complete
Row.26,JEPLMC,successful,2015,2,2,complete
Row.26,JEPLMC,successful,2016,2,2,complete
Row.26,JEPLMC,successful,2017,0,0,complete
Row.26,JEPLMC,successful,2018,1,2,complete
Row.26,JEPLMC,successful,2019,0,0,complete
Row.26,JEPLMC,successful,2020,1,1,complete
Row.26,JEPLMC,successful,2021,1,1,complete
Row.26,JEPLMC,successful,2022,0,1,complete
Row.26,JEPLMC,successful,2023,2,2,complete
Row.26,JEPLMC,successful,2024,1,2,complete
Row.26,JEPLMC,successful,2025,0,0,complete
Row.27,JEPLMC,successful,2008,2,2,complete
Row.27,JEPLMC,successful,2009,8,8,complete
Row.27,JEPLMC,successful,2010,7,7,complete
Row.27,JEPLMC,successful,2011,9,9,complete
Row.27,JEPLMC,successful,2012,6,9,complete
Row.27,JEPLMC,successful,2013,5,5,complete
Row.27,JEPLMC,successful,2014,3,5,complete
Row.27,JEPLMC,successful,2015,5,5,complete
Row.27,JEPLMC,successful,2016,7,7,complete
Row.27,JEPLMC,successful,2017,7,8,complete
Row.27,JEPLMC,successful,2018,4,5,complete
Row.27,JEPLMC,successful,2019,5,6,complete
Row.27,JEPLMC,successful,2020,1,2,complete
Row.27,JEPLMC,successful,2021,3,5,complete
Row.27,JEPLMC,successful,2022,1,1,complete
Row.27,JEPLMC,successful,2023,0,0,complete
Row.27,JEPLMC,successful,2024,2,2,complete
Row.27,JEPLMC,successful,2025,1,1,complete
Row.28,JEPLMC,unsuccessful,2008,2,4,complete
Row.28,JEPLMC,unsuccessful,2009,7,7,complete
Row.28,JEPLMC,unsuccessful,2010,5,5,complete
Row.28,JEPLMC,unsuccessful,2011,18,19,complete
Row.28,JEPLMC,unsuccessful,2012,12,15,complete
Row.28,JEPLMC,unsuccessful,2013,8,8,complete
Row.28,JEPLMC,unsuccessful,2014,9,9,complete
Row.28,JEPLMC,unsuccessful,2015,8,9,complete
Row.28,JEPLMC,unsuccessful,2016,4,4,complete
Row.28,JEPLMC,unsuccessful,2017,4,5,complete
Row.28,JEPLMC,unsuccessful,2018,3,4,complete
Row.28,JEPLMC,unsuccessful,2019,2,2,complete
Row.28,JEPLMC,unsuccessful,2020,4,5,complete
Row.28,JEPLMC,unsuccessful,2021,5,8,complete
Row.28,JEPLMC,unsuccessful,2022,4,4,complete
Row.28,JEPLMC,unsuccessful,2023,3,4,complete
Row.28,JEPLMC,unsuccessful,2024,3,3,complete
Row.28,JEPLMC,unsuccessful,2025,2,2,complete
Row.29,JEPLMC,successful,2008,4,4,complete
Row.29,JEPLMC,successful,2009,4,4,complete
Row.29,JEPLMC,successful,2010,7,10,complete
Row.29,JEPLMC,successful,2011,10,12,complete
Row.29,JEPLMC,successful,2012,5,7,complete
Row.29,JEPLMC,successful,2013,10,12,complete
Row.29,JEPLMC,successful,2014,7,9,complete
Row.29,JEPLMC,successful,2015,10,12,complete
Row.29,JEPLMC,successful,2016,8,11,complete
Row.29,JEPLMC,successful,2017,8,11,complete
Row.29,JEPLMC,successful,2018,8,10,complete
Row.29,JEPLMC,successful,2019,6,8,complete
Row.29,JEPLMC,successful,2020,7,10,complete
Row.29,JEPLMC,successful,2021,3,5,complete
Row.29,JEPLMC,successful,2022,4,6,complete
Row.29,JEPLMC,successful,2023,8,14,complete
Row.29,JEPLMC,successful,2024,6,10,complete
Row.29,JEPLMC,successful,2025,7,10,complete
Row.32,JEPLMC,successful,2008,1,1,complete
Row.32,JEPLMC,successful,2009,2,2,complete
Row.32,JEPLMC,successful,2010,1,1,complete
Row.32,JEPLMC,successful,2011,2,2,complete
Row.32,JEPLMC,successful,2012,1,1,complete
Row.32,JEPLMC,successful,2013,0,0,complete
Row.32,JEPLMC,successful,2014,1,1,complete
Row.32,JEPLMC,successful,2015,1,1,complete
Row.32,JEPLMC,successful,2016,0,0,complete
Row.32,JEPLMC,successful,2017,1,2,complete
Row.32,JEPLMC,successful,2018,0,1,complete
Row.32,JEPLMC,successful,2019,0,0,complete
Row.32,JEPLMC,successful,2020,0,0,complete
Row.32,JEPLMC,successful,2021,0,0,complete
Row.32,JEPLMC,successful,2022,0,0,complete
Row.32,JEPLMC,successful,2023,0,0,complete
Row.32,JEPLMC,successful,2024,1,1,complete
Row.32,JEPLMC,successful,2025,0,0,complete
Row.33,JEPLMC,successful,2008,3,3,complete
Row.33,JEPLMC,successful,2009,2,3,complete
Row.33,JEPLMC,successful,2010,1,3,complete
Row.33,JEPLMC,successful,2011,3,4,complete
Row.33,JEPLMC,successful,2012,3,3,complete
Row.33,JEPLMC,successful,2013,2,2,complete
Row.33,JEPLMC,successful,2014,2,2,complete
Row.33,JEPLMC,successful,2015,0,2,complete
Row.33,JEPLMC,successful,2016,1,1,complete
Row.33,JEPLMC,successful,2017,2,3,complete
Row.33,JEPLMC,successful,2018,2,3,complete
Row.33,JEPLMC,successful,2019,2,2,complete
Row.33,JEPLMC,successful,2020,3,5,complete
Row.33,JEPLMC,successful,2021,1,1,complete
Row.33,JEPLMC,successful,2022,2,3,complete
Row.33,JEPLMC,successful,2023,1,1,complete
Row.33,JEPLMC,successful,2024,0,1,complete
Row.33,JEPLMC,successful,2025,1,1,complete
Row.36,JEPLMC,successful,2008,6,6,complete
Row.36,JEPLMC,successful,2009,9,10,complete
Row.36,JEPLMC,successful,2010,7,10,complete
Row.36,JEPLMC,successful,2011,4,7,complete
Row.36,JEPLMC,successful,2012,7,10,complete
Row.36,JEPLMC,successful,2013,3,4,complete
Row.36,JEPLMC,successful,2014,7,8,complete
Row.36,JEPLMC,successful,2015,6,9,complete
Row.36,JEPLMC,successful,2016,9,10,complete
Row.36,JEPLMC,successful,2017,2,4,complete
Row.36,JEPLMC,successful,2018,9,11,complete
Row.36,JEPLMC,successful,2019,4,4,complete
Row.36,JEPLMC,successful,2020,3,6,complete
Row.36,JEPLMC,successful,2021,4,6,complete
Row.36,JEPLMC,successful,2022,3,4,complete
Row.36,JEPLMC,successful,2023,4,6,complete
Row.36,JEPLMC,successful,2024,1,1,complete
Row.36,JEPLMC,successful,2025,2,3,complete
Row.37,JEPLMC,successful,2008,2,2,complete
Row.37,JEPLMC,successful,2009,6,7,complete
Row.37,JEPLMC,successful,2010,12,15,complete
Row.37,JEPLMC,successful,2011,16,18,complete
Row.37,JEPLMC,successful,2012,18,21,complete
Row.37,JEPLMC,successful,2013,9,13,complete
Row.37,JEPLMC,successful,2014,19,23,complete
Row.37,JEPLMC,successful,2015,14,18,complete
Row.37,JEPLMC,successful,2016,14,16,complete
Row.37,JEPLMC,successful,2017,22,23,complete
Row.37,JEPLMC,successful,2018,17,24,complete
Row.37,JEPLMC,successful,2019,12,15,complete
Row.37,JEPLMC,successful,2020,8,12,complete
Row.37,JEPLMC,successful,2021,15,17,complete
Row.37,JEPLMC,successful,2022,11,16,complete
Row.37,JEPLMC,successful,2023,3,7,complete
Row.37,JEPLMC,successful,2024,3,5,complete
Row.37,JEPLMC,successful,2025,3,4,complete
Row.39,JEPLMC,unsuccessful,2008,2,2,complete
Row.39,JEPLMC,unsuccessful,2009,4,5,complete
Row.39,JEPLMC,unsuccessful,2010,3,3,complete
Row.39,JEPLMC,unsuccessful,2011,4,4,complete
Row.39,JEPLMC,unsuccessful,2012,6,7,complete
Row.39,JEPLMC,unsuccessful,2013,4,5,complete
Row.39,JEPLMC,unsuccessful,2014,6,8,complete
Row.39,JEPLMC,unsuccessful,2015,5,7,complete
Row.39,JEPLMC,unsuccessful,2016,5,6,complete
Row.39,JEPLMC,unsuccessful,2017,5,6,complete
Row.39,JEPLMC,unsuccessful,2018,7,11,complete
Row.39,JEPLMC,unsuccessful,2019,3,4,complete
Row.39,JEPLMC,unsuccessful,2020,3,6,complete
Row.39,JEPLMC,unsuccessful,2021,9,13,complete
Row.39,JEPLMC,unsuccessful,2022,11,16,complete
Row.39,JEPLMC,unsuccessful,2023,6,10,complete
Row.39,JEPLMC,unsuccessful,2024,5,6,complete
Row.39,JEPLMC,unsuccessful,2025,3,4,complete
Row.43,JPSP,unsuccessful,2008,2,2,complete
Row.43,JPSP,unsuccessful,2009,3,6,complete
Row.43,JPSP,unsuccessful,2010,6,12,complete
Row.43,JPSP,unsuccessful,2011,9,12,complete
Row.43,JPSP,unsuccessful,2012,10,12,complete
Row.43,JPSP,unsuccessful,2013,12,13,complete
Row.43,JPSP,unsuccessful,2014,14,20,complete
Row.43,JPSP,unsuccessful,2015,14,17,complete
Row.43,JPSP,unsuccessful,2016,13,16,complete
Row.43,JPSP,unsuccessful,2017,17,20,complete
Row.43,JPSP,unsuccessful,2018,16,18,complete
Row.43,JPSP,unsuccessful,2019,20,25,complete
Row.43,JPSP,unsuccessful,2020,13,17,complete
Row.43,JPSP,unsuccessful,2021,25,36,complete
Row.43,JPSP,unsuccessful,2022,17,36,complete
Row.43,JPSP,unsuccessful,2023,20,33,complete
Row.43,JPSP,unsuccessful,2024,18,24,complete
Row.43,JPSP,unsuccessful,2025,18,21,complete
Row.44,JPSP,successful,2008,7,8,complete
Row.44,JPSP,successful,2009,8,9,complete
Row.44,JPSP,successful,2010,13,17,complete
Row.44,JPSP,successful,2011,12,21,complete
Row.44,JPSP,successful,2012,18,27,complete
Row.44,JPSP,successful,2013,20,27,complete
Row.44,JPSP,successful,2014,19,23,complete
Row.44,JPSP,successful,2015,21,27,complete
Row.44,JPSP,successful,2016,17,20,complete
Row.44,JPSP,successful,2017,14,23,complete
Row.44,JPSP,successful,2018,13,18,complete
Row.44,JPSP,successful,2019,17,44,complete
Row.44,JPSP,successful,2020,19,26,complete
Row.44,JPSP,successful,2021,12,16,complete
Row.44,JPSP,successful,2022,14,20,complete
Row.44,JPSP,successful,2023,12,15,complete
Row.44,JPSP,successful,2024,13,28,complete
Row.44,JPSP,successful,2025,14,16,complete
Row.46,JPSP,successful,2008,4,4,complete
Row.46,JPSP,successful,2009,14,16,complete
Row.46,JPSP,successful,2010,13,15,complete
Row.46,JPSP,successful,2011,15,18,complete
Row.46,JPSP,successful,2012,17,21,complete
Row.46,JPSP,successful,2013,17,21,complete
Row.46,JPSP,successful,2014,19,27,complete
Row.46,JPSP,successful,2015,24,26,complete
Row.46,JPSP,successful,2016,33,40,complete
Row.46,JPSP,successful,2017,27,35,complete
Row.46,JPSP,successful,2018,18,22,complete
Row.46,JPSP,successful,2019,35,49,complete
Row.46,JPSP,successful,2020,23,35,complete
Row.46,JPSP,successful,2021,34,46,complete
Row.46,JPSP,successful,2022,28,34,complete
Row.46,JPSP,successful,2023,24,26,complete
Row.46,JPSP,successful,2024,28,32,complete
Row.46,JPSP,successful,2025,21,23,complete
Row.48,JPSP,unsuccessful,2008,3,4,complete
Row.48,JPSP,unsuccessful,2009,2,4,complete
Row.48,JPSP,unsuccessful,2010,6,8,complete
Row.48,JPSP,unsuccessful,2011,6,12,complete
Row.48,JPSP,unsuccessful,2012,5,10,complete
Row.48,JPSP,unsuccessful,2013,6,11,complete
Row.48,JPSP,unsuccessful,2014,8,12,complete
Row.48,JPSP,unsuccessful,2015,8,12,complete
Row.48,JPSP,unsuccessful,2016,6,9,complete
Row.48,JPSP,unsuccessful,2017,8,10,complete
Row.48,JPSP,unsuccessful,2018,4,5,complete
Row.48,JPSP,unsuccessful,2019,4,10,complete
Row.48,JPSP,unsuccessful,2020,9,11,complete
Row.48,JPSP,unsuccessful,2021,5,6,complete
Row.48,JPSP,unsuccessful,2022,4,4,complete
Row.48,JPSP,unsuccessful,2023,3,3,complete
Row.48,JPSP,unsuccessful,2024,2,2,complete
Row.48,JPSP,unsuccessful,2025,2,2,complete
Row.49,JPSP,unsuccessful,2008,0,0,complete
Row.49,JPSP,unsuccessful,2009,3,3,complete
Row.49,JPSP,unsuccessful,2010,5,7,complete
Row.49,JPSP,unsuccessful,2011,12,13,complete
Row.49,JPSP,unsuccessful,2012,2,4,complete
Row.49,JPSP,unsuccessful,2013,4,4,complete
Row.49,JPSP,unsuccessful,2014,7,11,complete
Row.49,JPSP,unsuccessful,2015,6,6,complete
Row.49,JPSP,unsuccessful,2016,5,7,complete
Row.49,JPSP,unsuccessful,2017,6,7,complete
Row.49,JPSP,unsuccessful,2018,3,6,complete
Row.49,JPSP,unsuccessful,2019,2,4,complete
Row.49,JPSP,unsuccessful,2020,6,8,complete
Row.49,JPSP,unsuccessful,2021,4,4,complete
Row.49,JPSP,unsuccessful,2022,1,2,complete
Row.49,JPSP,unsuccessful,2023,2,2,complete
Row.49,JPSP,unsuccessful,2024,2,3,complete
Row.49,JPSP,unsuccessful,2025,3,3,complete
Row.52,JPSP,unsuccessful,2008,1,2,complete
Row.52,JPSP,unsuccessful,2009,1,2,complete
Row.52,JPSP,unsuccessful,2010,6,6,complete
Row.52,JPSP,unsuccessful,2011,3,3,complete
Row.52,JPSP,unsuccessful,2012,2,3,complete
Row.52,JPSP,unsuccessful,2013,7,10,complete
Row.52,JPSP,unsuccessful,2014,2,2,complete
Row.52,JPSP,unsuccessful,2015,3,7,complete
Row.52,JPSP,unsuccessful,2016,0,2,complete
Row.52,JPSP,unsuccessful,2017,2,3,complete
Row.52,JPSP,unsuccessful,2018,2,4,complete
Row.52,JPSP,unsuccessful,2019,2,2,complete
Row.52,JPSP,unsuccessful,2020,1,3,complete
Row.52,JPSP,unsuccessful,2021,4,4,complete
Row.52,JPSP,unsuccessful,2022,1,2,complete
Row.52,JPSP,unsuccessful,2023,3,4,complete
Row.52,JPSP,unsuccessful,2024,1,1,complete
Row.52,JPSP,unsuccessful,2025,3,3,complete
Row.53,JPSP,unsuccessful,2008,11,11,complete
Row.53,JPSP,unsuccessful,2009,10,12,complete
Row.53,JPSP,unsuccessful,2010,16,19,complete
Row.53,JPSP,unsuccessful,2011,12,14,complete
Row.53,JPSP,unsuccessful,2012,11,13,complete
Row.53,JPSP,unsuccessful,2013,10,13,complete
Row.53,JPSP,unsuccessful,2014,8,11,complete
Row.53,JPSP,unsuccessful,2015,19,21,complete
Row.53,JPSP,unsuccessful,2016,8,12,complete
Row.53,JPSP,unsuccessful,2017,7,12,complete
Row.53,JPSP,unsuccessful,2018,14,19,complete
Row.53,JPSP,unsuccessful,2019,7,9,complete
Row.53,JPSP,unsuccessful,2020,6,18,complete
Row.53,JPSP,unsuccessful,2021,7,26,complete
Row.53,JPSP,unsuccessful,2022,8,12,complete
Row.53,JPSP,unsuccessful,2023,5,8,complete
Row.53,JPSP,unsuccessful,2024,11,18,complete
Row.53,JPSP,unsuccessful,2025,6,15,complete
Row.55,JPSP,unsuccessful,2008,4,5,complete
Row.55,JPSP,unsuccessful,2009,3,4,complete
Row.55,JPSP,unsuccessful,2010,13,15,complete
Row.55,JPSP,unsuccessful,2011,8,9,complete
Row.55,JPSP,unsuccessful,2012,11,17,complete
Row.55,JPSP,unsuccessful,2013,9,10,complete
Row.55,JPSP,unsuccessful,2014,7,8,complete
Row.55,JPSP,unsuccessful,2015,7,10,complete
Row.55,JPSP,unsuccessful,2016,9,11,complete
Row.55,JPSP,unsuccessful,2017,10,11,complete
Row.55,JPSP,unsuccessful,2018,5,9,complete
Row.55,JPSP,unsuccessful,2019,7,9,complete
Row.55,JPSP,unsuccessful,2020,7,9,complete
Row.55,JPSP,unsuccessful,2021,4,6,complete
Row.55,JPSP,unsuccessful,2022,5,11,complete
Row.55,JPSP,unsuccessful,2023,1,3,complete
Row.55,JPSP,unsuccessful,2024,5,7,complete
Row.55,JPSP,unsuccessful,2025,2,7,complete
Row.56,JPSP,unsuccessful,2008,4,7,complete
Row.56,JPSP,unsuccessful,2009,7,9,complete
Row.56,JPSP,unsuccessful,2010,13,17,complete
Row.56,JPSP,unsuccessful,2011,10,11,complete
Row.56,JPSP,unsuccessful,2012,12,15,complete
Row.56,JPSP,unsuccessful,2013,9,12,complete
Row.56,JPSP,unsuccessful,2014,5,8,complete
Row.56,JPSP,unsuccessful,2015,3,7,complete
Row.56,JPSP,unsuccessful,2016,4,7,complete
Row.56,JPSP,unsuccessful,2017,12,15,complete
Row.56,JPSP,unsuccessful,2018,7,12,complete
Row.56,JPSP,unsuccessful,2019,4,8,complete
Row.56,JPSP,unsuccessful,2020,8,10,complete
Row.56,JPSP,unsuccessful,2021,15,21,complete
Row.56,JPSP,unsuccessful,2022,7,11,complete
Row.56,JPSP,unsuccessful,2023,4,6,complete
Row.56,JPSP,unsuccessful,2024,5,9,complete
Row.56,JPSP,unsuccessful,2025,6,24,complete
Row.58,JPSP,unsuccessful,2008,0,0,complete
Row.58,JPSP,unsuccessful,2009,1,1,complete
Row.58,JPSP,unsuccessful,2010,5,6,complete
Row.58,JPSP,unsuccessful,2011,3,3,complete
Row.58,JPSP,unsuccessful,2012,7,8,complete
Row.58,JPSP,unsuccessful,2013,2,3,complete
Row.58,JPSP,unsuccessful,2014,6,6,complete
Row.58,JPSP,unsuccessful,2015,10,12,complete
Row.58,JPSP,unsuccessful,2016,1,3,complete
Row.58,JPSP,unsuccessful,2017,2,4,complete
Row.58,JPSP,unsuccessful,2018,3,4,complete
Row.58,JPSP,unsuccessful,2019,3,32,complete
Row.58,JPSP,unsuccessful,2020,7,11,complete
Row.58,JPSP,unsuccessful,2021,1,3,complete
Row.58,JPSP,unsuccessful,2022,1,1,complete
Row.58,JPSP,unsuccessful,2023,4,5,complete
Row.58,JPSP,unsuccessful,2024,1,1,complete
Row.58,JPSP,unsuccessful,2025,2,2,complete
Row.59,JPSP,successful,2008,1,1,complete
Row.59,JPSP,successful,2009,5,5,complete
Row.59,JPSP,successful,2010,11,15,complete
Row.59,JPSP,successful,2011,4,6,complete
Row.59,JPSP,successful,2012,4,5,complete
Row.59,JPSP,successful,2013,7,9,complete
Row.59,JPSP,successful,2014,8,11,complete
Row.59,JPSP,successful,2015,8,9,complete
Row.59,JPSP,successful,2016,9,11,complete
Row.59,JPSP,successful,2017,11,11,complete
Row.59,JPSP,successful,2018,8,12,complete
Row.59,JPSP,successful,2019,9,11,complete
Row.59,JPSP,successful,2020,7,8,complete
Row.59,JPSP,successful,2021,9,12,complete
Row.59,JPSP,successful,2022,11,13,complete
Row.59,JPSP,successful,2023,13,14,complete
Row.59,JPSP,successful,2024,6,7,complete
Row.59,JPSP,successful,2025,3,4,complete
Row.61,JPSP,unsuccessful,2008,1,1,complete
Row.61,JPSP,unsuccessful,2009,5,6,complete
Row.61,JPSP,unsuccessful,2010,8,9,complete
Row.61,JPSP,unsuccessful,2011,10,10,complete
Row.61,JPSP,unsuccessful,2012,8,10,complete
Row.61,JPSP,unsuccessful,2013,7,12,complete
Row.61,JPSP,unsuccessful,2014,7,11,complete
Row.61,JPSP,unsuccessful,2015,10,15,complete
Row.61,JPSP,unsuccessful,2016,14,15,complete
Row.61,JPSP,unsuccessful,2017,17,22,complete
Row.61,JPSP,unsuccessful,2018,7,11,complete
Row.61,JPSP,unsuccessful,2019,14,15,complete
Row.61,JPSP,unsuccessful,2020,12,15,complete
Row.61,JPSP,unsuccessful,2021,11,15,complete
Row.61,JPSP,unsuccessful,2022,14,14,complete
Row.61,JPSP,unsuccessful,2023,9,11,complete
Row.61,JPSP,unsuccessful,2024,11,13,complete
Row.61,JPSP,unsuccessful,2025,9,11,complete
Row.63,JPSP,unsuccessful,2008,1,1,complete
Row.63,JPSP,unsuccessful,2009,2,3,complete
Row.63,JPSP,unsuccessful,2010,9,11,complete
Row.63,JPSP,unsuccessful,2011,5,6,complete
Row.63,JPSP,unsuccessful,2012,5,7,complete
Row.63,JPSP,unsuccessful,2013,5,6,complete
Row.63,JPSP,unsuccessful,2014,5,8,complete
Row.63,JPSP,unsuccessful,2015,2,2,complete
Row.63,JPSP,unsuccessful,2016,2,2,complete
Row.63,JPSP,unsuccessful,2017,4,5,complete
Row.63,JPSP,unsuccessful,2018,3,9,complete
Row.63,JPSP,unsuccessful,2019,1,4,complete
Row.63,JPSP,unsuccessful,2020,4,5,complete
Row.63,JPSP,unsuccessful,2021,3,5,complete
Row.63,JPSP,unsuccessful,2022,3,6,complete
Row.63,JPSP,unsuccessful,2023,6,10,complete
Row.63,JPSP,unsuccessful,2024,1,4,complete
Row.63,JPSP,unsuccessful,2025,1,1,complete
Row.64,JPSP,unsuccessful,2008,1,1,complete
Row.64,JPSP,unsuccessful,2009,9,11,complete
Row.64,JPSP,unsuccessful,2010,18,20,complete
Row.64,JPSP,unsuccessful,2011,19,24,complete
Row.64,JPSP,unsuccessful,2012,12,13,complete
Row.64,JPSP,unsuccessful,2013,10,12,complete
Row.64,JPSP,unsuccessful,2014,17,19,complete
Row.64,JPSP,unsuccessful,2015,8,11,complete
Row.64,JPSP,unsuccessful,2016,10,13,complete
Row.64,JPSP,unsuccessful,2017,9,14,complete
Row.64,JPSP,unsuccessful,2018,5,7,complete
Row.64,JPSP,unsuccessful,2019,11,13,complete
Row.64,JPSP,unsuccessful,2020,7,10,complete
Row.64,JPSP,unsuccessful,2021,3,8,complete
Row.64,JPSP,unsuccessful,2022,9,11,complete
Row.64,JPSP,unsuccessful,2023,8,8,complete
Row.64,JPSP,unsuccessful,2024,6,7,complete
Row.64,JPSP,unsuccessful,2025,3,3,complete
Row.65,JPSP,unsuccessful,2008,0,0,complete
Row.65,JPSP,unsuccessful,2009,3,6,complete
Row.65,JPSP,unsuccessful,2010,16,17,complete
Row.65,JPSP,unsuccessful,2011,10,12,complete
Row.65,JPSP,unsuccessful,2012,4,7,complete
Row.65,JPSP,unsuccessful,2013,5,7,complete
Row.65,JPSP,unsuccessful,2014,9,11,complete
Row.65,JPSP,unsuccessful,2015,8,9,complete
Row.65,JPSP,unsuccessful,2016,12,15,complete
Row.65,JPSP,unsuccessful,2017,8,13,complete
Row.65,JPSP,unsuccessful,2018,10,11,complete
Row.65,JPSP,unsuccessful,2019,5,6,complete
Row.65,JPSP,unsuccessful,2020,4,4,complete
Row.65,JPSP,unsuccessful,2021,3,4,complete
Row.65,JPSP,unsuccessful,2022,4,6,complete
Row.65,JPSP,unsuccessful,2023,3,3,complete
Row.65,JPSP,unsuccessful,2024,3,3,complete
Row.65,JPSP,unsuccessful,2025,4,5,complete
Row.68,JPSP,unsuccessful,2008,0,0,complete
Row.68,JPSP,unsuccessful,2009,4,4,complete
Row.68,JPSP,unsuccessful,2010,6,8,complete
Row.68,JPSP,unsuccessful,2011,4,6,complete
Row.68,JPSP,unsuccessful,2012,7,7,complete
Row.68,JPSP,unsuccessful,2013,8,9,complete
Row.68,JPSP,unsuccessful,2014,7,9,complete
Row.68,JPSP,unsuccessful,2015,7,9,complete
Row.68,JPSP,unsuccessful,2016,6,8,complete
Row.68,JPSP,unsuccessful,2017,13,15,complete
Row.68,JPSP,unsuccessful,2018,11,14,complete
Row.68,JPSP,unsuccessful,2019,5,7,complete
Row.68,JPSP,unsuccessful,2020,5,8,complete
Row.68,JPSP,unsuccessful,2021,3,3,complete
Row.68,JPSP,unsuccessful,2022,5,6,complete
Row.68,JPSP,unsuccessful,2023,4,6,complete
Row.68,JPSP,unsuccessful,2024,6,8,complete
Row.68,JPSP,unsuccessful,2025,6,8,complete
Row.69,JPSP,successful,2008,2,3,complete
Row.69,JPSP,successful,2009,6,9,complete
Row.69,JPSP,successful,2010,11,17,complete
Row.69,JPSP,successful,2011,12,16,complete
Row.69,JPSP,successful,2012,12,15,complete
Row.69,JPSP,successful,2013,8,12,complete
Row.69,JPSP,successful,2014,7,11,complete
Row.69,JPSP,successful,2015,11,17,complete
Row.69,JPSP,successful,2016,15,18,complete
Row.69,JPSP,successful,2017,12,21,complete
Row.69,JPSP,successful,2018,12,17,complete
Row.69,JPSP,successful,2019,14,31,complete
Row.69,JPSP,successful,2020,15,52,complete
Row.69,JPSP,successful,2021,12,21,complete
Row.69,JPSP,successful,2022,11,12,complete
Row.69,JPSP,successful,2023,10,13,complete
Row.69,JPSP,successful,2024,10,47,complete
Row.69,JPSP,successful,2025,5,12,complete
Row.71,JPSP,unsuccessful,2008,4,4,complete
Row.71,JPSP,unsuccessful,2009,14,17,complete
Row.71,JPSP,unsuccessful,2010,23,28,complete
Row.71,JPSP,unsuccessful,2011,35,44,complete
Row.71,JPSP,unsuccessful,2012,32,48,complete
Row.71,JPSP,unsuccessful,2013,45,62,complete
Row.71,JPSP,unsuccessful,2014,33,49,complete
Row.71,JPSP,unsuccessful,2015,41,59,complete
Row.71,JPSP,unsuccessful,2016,38,53,complete
Row.71,JPSP,unsuccessful,2017,31,44,complete
Row.71,JPSP,unsuccessful,2018,30,45,complete
Row.71,JPSP,unsuccessful,2019,33,52,complete
Row.71,JPSP,unsuccessful,2020,34,55,complete
Row.71,JPSP,unsuccessful,2021,34,76,complete
Row.71,JPSP,unsuccessful,2022,36,48,complete
Row.71,JPSP,unsuccessful,2023,39,63,complete
Row.71,JPSP,unsuccessful,2024,25,38,complete
Row.71,JPSP,unsuccessful,2025,32,49,complete
Row.72,JPSP,unsuccessful,2008,3,3,complete
Row.72,JPSP,unsuccessful,2009,2,4,complete
Row.72,JPSP,unsuccessful,2010,1,1,complete
Row.72,JPSP,unsuccessful,2011,2,3,complete
Row.72,JPSP,unsuccessful,2012,4,5,complete
Row.72,JPSP,unsuccessful,2013,4,4,complete
Row.72,JPSP,unsuccessful,2014,6,7,complete
Row.72,JPSP,unsuccessful,2015,3,3,complete
Row.72,JPSP,unsuccessful,2016,6,6,complete
Row.72,JPSP,unsuccessful,2017,2,4,complete
Row.72,JPSP,unsuccessful,2018,3,6,complete
Row.72,JPSP,unsuccessful,2019,2,3,complete
Row.72,JPSP,unsuccessful,2020,5,6,complete
Row.72,JPSP,unsuccessful,2021,8,10,complete
Row.72,JPSP,unsuccessful,2022,3,3,complete
Row.72,JPSP,unsuccessful,2023,0,1,complete
Row.72,JPSP,unsuccessful,2024,3,3,complete
Row.72,JPSP,unsuccessful,2025,3,3,complete
Row.73,JPSP,successful,2008,0,0,complete
Row.73,JPSP,successful,2009,3,3,complete
Row.73,JPSP,successful,2010,6,7,complete
Row.73,JPSP,successful,2011,2,2,complete
Row.73,JPSP,successful,2012,3,5,complete
Row.73,JPSP,successful,2013,2,2,complete
Row.73,JPSP,successful,2014,5,6,complete
Row.73,JPSP,successful,2015,1,1,complete
Row.73,JPSP,successful,2016,1,1,complete
Row.73,JPSP,successful,2017,4,6,complete
Row.73,JPSP,successful,2018,0,0,complete
Row.73,JPSP,successful,2019,6,8,complete
Row.73,JPSP,successful,2020,0,2,complete
Row.73,JPSP,successful,2021,2,2,complete
Row.73,JPSP,successful,2022,4,6,complete
Row.73,JPSP,successful,2023,1,3,complete
Row.73,JPSP,successful,2024,4,4,complete
Row.73,JPSP,successful,2025,3,3,complete
Row.77,JPSP,unsuccessful,2008,3,5,complete
Row.77,JPSP,unsuccessful,2009,5,6,complete
Row.77,JPSP,unsuccessful,2010,8,15,complete
Row.77,JPSP,unsuccessful,2011,18,24,complete
Row.77,JPSP,unsuccessful,2012,17,20,complete
Row.77,JPSP,unsuccessful,2013,10,13,complete
Row.77,JPSP,unsuccessful,2014,12,15,complete
Row.77,JPSP,unsuccessful,2015,18,23,complete
Row.77,JPSP,unsuccessful,2016,11,15,complete
Row.77,JPSP,unsuccessful,2017,17,21,complete
Row.77,JPSP,unsuccessful,2018,15,20,complete
Row.77,JPSP,unsuccessful,2019,24,32,complete
Row.77,JPSP,unsuccessful,2020,13,14,complete
Row.77,JPSP,unsuccessful,2021,13,14,complete
Row.77,JPSP,unsuccessful,2022,11,13,complete
Row.77,JPSP,unsuccessful,2023,8,11,complete
Row.77,JPSP,unsuccessful,2024,13,14,complete
Row.77,JPSP,unsuccessful,2025,9,9,complete
Row.80,JPSP,unsuccessful,2008,1,2,complete
Row.80,JPSP,unsuccessful,2009,2,3,complete
Row.80,JPSP,unsuccessful,2010,4,6,complete
Row.80,JPSP,unsuccessful,2011,2,4,complete
Row.80,JPSP,unsuccessful,2012,0,4,complete
Row.80,JPSP,unsuccessful,2013,1,1,complete
Row.80,JPSP,unsuccessful,2014,3,5,complete
Row.80,JPSP,unsuccessful,2015,3,3,complete
Row.80,JPSP,unsuccessful,2016,3,4,complete
Row.80,JPSP,unsuccessful,2017,0,0,complete
Row.80,JPSP,unsuccessful,2018,3,8,complete
Row.80,JPSP,unsuccessful,2019,6,7,complete
Row.80,JPSP,unsuccessful,2020,1,1,complete
Row.80,JPSP,unsuccessful,2021,4,6,complete
Row.80,JPSP,unsuccessful,2022,2,2,complete
Row.80,JPSP,unsuccessful,2023,2,2,complete
Row.80,JPSP,unsuccessful,2024,0,0,complete
Row.80,JPSP,unsuccessful,2025,1,5,complete
Row.81,JPSP,unsuccessful,2008,1,2,complete
Row.81,JPSP,unsuccessful,2009,10,13,complete
Row.81,JPSP,unsuccessful,2010,4,10,complete
Row.81,JPSP,unsuccessful,2011,9,14,complete
Row.81,JPSP,unsuccessful,2012,9,16,complete
Row.81,JPSP,unsuccessful,2013,24,24,complete
Row.81,JPSP,unsuccessful,2014,25,35,complete
Row.81,JPSP,unsuccessful,2015,21,25,complete
Row.81,JPSP,unsuccessful,2016,16,29,complete
Row.81,JPSP,unsuccessful,2017,38,44,complete
Row.81,JPSP,unsuccessful,2018,23,50,complete
Row.81,JPSP,unsuccessful,2019,23,32,complete
Row.81,JPSP,unsuccessful,2020,26,84,complete
Row.81,JPSP,unsuccessful,2021,25,29,complete
Row.81,JPSP,unsuccessful,2022,37,60,complete
Row.81,JPSP,unsuccessful,2023,23,53,complete
Row.81,JPSP,unsuccessful,2024,30,44,complete
Row.81,JPSP,unsuccessful,2025,39,45,complete
Row.82,PS,unsuccessful,2008,1,2,complete
Row.82,PS,unsuccessful,2009,10,12,complete
Row.82,PS,unsuccessful,2010,13,19,complete
Row.82,PS,unsuccessful,2011,7,9,complete
Row.82,PS,unsuccessful,2012,20,24,complete
Row.82,PS,unsuccessful,2013,13,18,complete
Row.82,PS,unsuccessful,2014,22,28,complete
Row.82,PS,unsuccessful,2015,20,23,complete
Row.82,PS,unsuccessful,2016,17,22,complete
Row.82,PS,unsuccessful,2017,16,17,complete
Row.82,PS,unsuccessful,2018,13,16,complete
Row.82,PS,unsuccessful,2019,18,23,complete
Row.82,PS,unsuccessful,2020,16,24,complete
Row.82,PS,unsuccessful,2021,22,25,complete
Row.82,PS,unsuccessful,2022,17,19,complete
Row.82,PS,unsuccessful,2023,12,18,complete
Row.82,PS,unsuccessful,2024,9,14,complete
Row.82,PS,unsuccessful,2025,17,21,complete
Row.84,JPSP,successful,2008,2,2,complete
Row.84,JPSP,successful,2009,2,3,complete
Row.84,JPSP,successful,2010,7,7,complete
Row.84,JPSP,successful,2011,4,5,complete
Row.84,JPSP,successful,2012,4,4,complete
Row.84,JPSP,successful,2013,7,9,complete
Row.84,JPSP,successful,2014,11,14,complete
Row.84,JPSP,successful,2015,4,5,complete
Row.84,JPSP,successful,2016,3,7,complete
Row.84,JPSP,successful,2017,5,6,complete
Row.84,JPSP,successful,2018,5,14,complete
Row.84,JPSP,successful,2019,5,6,complete
Row.84,JPSP,successful,2020,6,10,complete
Row.84,JPSP,successful,2021,5,8,complete
Row.84,JPSP,successful,2022,4,5,complete
Row.84,JPSP,successful,2023,7,8,complete
Row.84,JPSP,successful,2024,6,6,complete
Row.84,JPSP,successful,2025,5,6,complete
Row.86,JPSP,unsuccessful,2008,1,2,complete
Row.86,JPSP,unsuccessful,2009,5,6,complete
Row.86,JPSP,unsuccessful,2010,12,13,complete
Row.86,JPSP,unsuccessful,2011,10,11,complete
Row.86,JPSP,unsuccessful,2012,10,15,complete
Row.86,JPSP,unsuccessful,2013,7,10,complete
Row.86,JPSP,unsuccessful,2014,11,13,complete
Row.86,JPSP,unsuccessful,2015,9,14,complete
Row.86,JPSP,unsuccessful,2016,13,17,complete
Row.86,JPSP,unsuccessful,2017,5,7,complete
Row.86,JPSP,unsuccessful,2018,5,8,complete
Row.86,JPSP,unsuccessful,2019,12,16,complete
Row.86,JPSP,unsuccessful,2020,2,3,complete
Row.86,JPSP,unsuccessful,2021,4,8,complete
Row.86,JPSP,unsuccessful,2022,7,9,complete
Row.86,JPSP,unsuccessful,2023,2,3,complete
Row.86,JPSP,unsuccessful,2024,4,8,complete
Row.86,JPSP,unsuccessful,2025,1,3,complete
Row.87,JPSP,unsuccessful,2008,7,7,complete
Row.87,JPSP,unsuccessful,2009,11,12,complete
Row.87,JPSP,unsuccessful,2010,13,17,complete
Row.87,JPSP,unsuccessful,2011,22,30,complete
Row.87,JPSP,unsuccessful,2012,17,24,complete
Row.87,JPSP,unsuccessful,2013,14,20,complete
Row.87,JPSP,unsuccessful,2014,14,23,complete
Row.87,JPSP,unsuccessful,2015,18,21,complete
Row.87,JPSP,unsuccessful,2016,19,29,complete
Row.87,JPSP,unsuccessful,2017,18,24,complete
Row.87,JPSP,unsuccessful,2018,18,27,complete
Row.87,JPSP,unsuccessful,2019,18,23,complete
Row.87,JPSP,unsuccessful,2020,21,26,complete
Row.87,JPSP,unsuccessful,2021,24,29,complete
Row.87,JPSP,unsuccessful,2022,23,30,complete
Row.87,JPSP,unsuccessful,2023,16,24,complete
Row.87,JPSP,unsuccessful,2024,8,13,complete
Row.87,JPSP,unsuccessful,2025,13,15,complete
Row.89,JPSP,successful,2008,7,10,complete
Row.89,JPSP,successful,2009,14,18,complete
Row.89,JPSP,successful,2010,24,28,complete
Row.89,JPSP,successful,2011,23,24,complete
Row.89,JPSP,successful,2012,16,22,complete
Row.89,JPSP,successful,2013,23,27,complete
Row.89,JPSP,successful,2014,29,37,complete
Row.89,JPSP,successful,2015,21,28,complete
Row.89,JPSP,successful,2016,25,31,complete
Row.89,JPSP,successful,2017,22,26,complete
Row.89,JPSP,successful,2018,21,28,complete
Row.89,JPSP,successful,2019,29,37,complete
Row.89,JPSP,successful,2020,21,45,complete
Row.89,JPSP,successful,2021,13,22,complete
Row.89,JPSP,successful,2022,24,34,complete
Row.89,JPSP,successful,2023,14,27,complete
Row.89,JPSP,successful,2024,11,20,complete
Row.89,JPSP,successful,2025,21,23,complete
Row.93,JPSP,unsuccessful,2008,2,3,complete
Row.93,JPSP,unsuccessful,2009,9,9,complete
Row.93,JPSP,unsuccessful,2010,10,15,complete
Row.93,JPSP,unsuccessful,2011,12,13,complete
Row.93,JPSP,unsuccessful,2012,14,16,complete
Row.93,JPSP,unsuccessful,2013,7,17,complete
Row.93,JPSP,unsuccessful,2014,14,16,complete
Row.93,JPSP,unsuccessful,2015,14,20,complete
Row.93,JPSP,unsuccessful,2016,14,21,complete
Row.93,JPSP,unsuccessful,2017,14,20,complete
Row.93,JPSP,unsuccessful,2018,15,19,complete
Row.93,JPSP,unsuccessful,2019,10,14,complete
Row.93,JPSP,unsuccessful,2020,7,13,complete
Row.93,JPSP,unsuccessful,2021,11,16,complete
Row.93,JPSP,unsuccessful,2022,8,11,complete
Row.93,JPSP,unsuccessful,2023,7,11,complete
Row.93,JPSP,unsuccessful,2024,8,10,complete
Row.93,JPSP,unsuccessful,2025,7,7,complete
Row.94,JPSP,successful,2008,1,1,complete
Row.94,JPSP,successful,2009,2,4,complete
Row.94,JPSP,successful,2010,6,9,complete
Row.94,JPSP,successful,2011,6,11,complete
Row.94,JPSP,successful,2012,2,4,complete
Row.94,JPSP,successful,2013,7,8,complete
Row.94,JPSP,successful,2014,2,2,complete
Row.94,JPSP,successful,2015,4,4,complete
Row.94,JPSP,successful,2016,3,5,complete
Row.94,JPSP,successful,2017,2,6,complete
Row.94,JPSP,successful,2018,3,5,complete
Row.94,JPSP,successful,2019,3,3,complete
Row.94,JPSP,successful,2020,3,6,complete
Row.94,JPSP,successful,2021,6,6,complete
Row.94,JPSP,successful,2022,9,9,complete
Row.94,JPSP,successful,2023,6,6,complete
Row.94,JPSP,successful,2024,2,3,complete
Row.94,JPSP,successful,2025,2,3,complete
Row.97,JPSP,unsuccessful,2008,4,4,complete
Row.97,JPSP,unsuccessful,2009,10,13,complete
Row.97,JPSP,unsuccessful,2010,21,28,complete
Row.97,JPSP,unsuccessful,2011,22,31,complete
Row.97,JPSP,unsuccessful,2012,21,27,complete
Row.97,JPSP,unsuccessful,2013,28,34,complete
Row.97,JPSP,unsuccessful,2014,40,49,complete
Row.97,JPSP,unsuccessful,2015,28,38,complete
Row.97,JPSP,unsuccessful,2016,30,40,complete
Row.97,JPSP,unsuccessful,2017,34,51,complete
Row.97,JPSP,unsuccessful,2018,36,48,complete
Row.97,JPSP,unsuccessful,2019,44,59,complete
Row.97,JPSP,unsuccessful,2020,29,44,complete
Row.97,JPSP,unsuccessful,2021,48,67,complete
Row.97,JPSP,unsuccessful,2022,49,65,complete
Row.97,JPSP,unsuccessful,2023,32,49,complete
Row.97,JPSP,unsuccessful,2024,48,58,complete
Row.97,JPSP,unsuccessful,2025,41,48,complete
Row.104,PS,unsuccessful,2008,3,3,complete
Row.104,PS,unsuccessful,2009,5,5,complete
Row.104,PS,unsuccessful,2010,13,16,complete
Row.104,PS,unsuccessful,2011,9,11,complete
Row.104,PS,unsuccessful,2012,11,14,complete
Row.104,PS,unsuccessful,2013,12,16,complete
Row.104,PS,unsuccessful,2014,10,10,complete
Row.104,PS,unsuccessful,2015,18,22,complete
Row.104,PS,unsuccessful,2016,15,21,complete
Row.104,PS,unsuccessful,2017,8,12,complete
Row.104,PS,unsuccessful,2018,12,12,complete
Row.104,PS,unsuccessful,2019,12,14,complete
Row.104,PS,unsuccessful,2020,14,15,complete
Row.104,PS,unsuccessful,2021,6,6,complete
Row.104,PS,unsuccessful,2022,12,14,complete
Row.104,PS,unsuccessful,2023,16,18,complete
Row.104,PS,unsuccessful,2024,8,10,complete
Row.104,PS,unsuccessful,2025,14,15,complete
Row.106,PS,unsuccessful,2008,1,1,complete
Row.106,PS,unsuccessful,2009,2,2,complete
Row.106,PS,unsuccessful,2010,8,8,complete
Row.106,PS,unsuccessful,2011,6,6,complete
Row.106,PS,unsuccessful,2012,5,10,complete
Row.106,PS,unsuccessful,2013,6,6,complete
Row.106,PS,unsuccessful,2014,2,2,complete
Row.106,PS,unsuccessful,2015,7,9,complete
Row.106,PS,unsuccessful,2016,12,13,complete
Row.106,PS,unsuccessful,2017,10,13,complete
Row.106,PS,unsuccessful,2018,5,8,complete
Row.106,PS,unsuccessful,2019,5,8,complete
Row.106,PS,unsuccessful,2020,5,6,complete
Row.106,PS,unsuccessful,2021,7,9,complete
Row.106,PS,unsuccessful,2022,7,11,complete
Row.106,PS,unsuccessful,2023,3,6,complete
Row.106,PS,unsuccessful,2024,4,4,complete
Row.106,PS,unsuccessful,2025,6,6,complete
Row.107,PS,unsuccessful,2008,7,9,complete
Row.107,PS,unsuccessful,2009,5,6,complete
Row.107,PS,unsuccessful,2010,5,8,complete
Row.107,PS,unsuccessful,2011,3,3,complete
Row.107,PS,unsuccessful,2012,6,9,complete
Row.107,PS,unsuccessful,2013,5,6,complete
Row.107,PS,unsuccessful,2014,3,8,complete
Row.107,PS,unsuccessful,2015,3,4,complete
Row.107,PS,unsuccessful,2016,2,2,complete
Row.107,PS,unsuccessful,2017,3,3,complete
Row.107,PS,unsuccessful,2018,1,3,complete
Row.107,PS,unsuccessful,2019,1,16,complete
Row.107,PS,unsuccessful,2020,1,1,complete
Row.107,PS,unsuccessful,2021,1,3,complete
Row.107,PS,unsuccessful,2022,0,0,complete
Row.107,PS,unsuccessful,2023,1,1,complete
Row.107,PS,unsuccessful,2024,0,0,complete
Row.107,PS,unsuccessful,2025,0,0,complete
Row.110,PS,unsuccessful,2008,1,1,complete
Row.110,PS,unsuccessful,2009,5,5,complete
Row.110,PS,unsuccessful,2010,3,4,complete
Row.110,PS,unsuccessful,2011,3,3,complete
Row.110,PS,unsuccessful,2012,2,3,complete
Row.110,PS,unsuccessful,2013,2,3,complete
Row.110,PS,unsuccessful,2014,6,8,complete
Row.110,PS,unsuccessful,2015,6,8,complete
Row.110,PS,unsuccessful,2016,8,9,complete
Row.110,PS,unsuccessful,2017,6,7,complete
Row.110,PS,unsuccessful,2018,5,8,complete
Row.110,PS,unsuccessful,2019,4,4,complete
Row.110,PS,unsuccessful,2020,5,5,complete
Row.110,PS,unsuccessful,2021,3,4,complete
Row.110,PS,unsuccessful,2022,4,6,complete
Row.110,PS,unsuccessful,2023,3,3,complete
Row.110,PS,unsuccessful,2024,1,2,complete
Row.110,PS,unsuccessful,2025,3,4,complete
Row.111,PS,successful,2008,0,0,complete
Row.111,PS,successful,2009,4,4,complete
Row.111,PS,successful,2010,4,5,complete
Row.111,PS,successful,2011,6,6,complete
Row.111,PS,successful,2012,0,1,complete
Row.111,PS,successful,2013,5,7,complete
Row.111,PS,successful,2014,3,8,complete
Row.111,PS,successful,2015,12,16,complete
Row.111,PS,successful,2016,7,9,complete
Row.111,PS,successful,2017,7,9,complete
Row.111,PS,successful,2018,12,18,complete
Row.111,PS,successful,2019,12,13,complete
Row.111,PS,successful,2020,11,34,complete
Row.111,PS,successful,2021,11,15,complete
Row.111,PS,successful,2022,9,12,complete
Row.111,PS,successful,2023,7,9,complete
Row.111,PS,successful,2024,7,10,complete
Row.111,PS,successful,2025,7,9,complete
Row.112,PS,successful,2008,4,6,complete
Row.112,PS,successful,2009,7,8,complete
Row.112,PS,successful,2010,14,15,complete
Row.112,PS,successful,2011,10,10,complete
Row.112,PS,successful,2012,8,10,complete
Row.112,PS,successful,2013,11,14,complete
Row.112,PS,successful,2014,11,13,complete
Row.112,PS,successful,2015,19,23,complete
Row.112,PS,successful,2016,8,16,complete
Row.112,PS,successful,2017,11,15,complete
Row.112,PS,successful,2018,12,16,complete
Row.112,PS,successful,2019,17,56,complete
Row.112,PS,successful,2020,11,14,complete
Row.112,PS,successful,2021,15,19,complete
Row.112,PS,successful,2022,9,20,complete
Row.112,PS,successful,2023,5,10,complete
Row.112,PS,successful,2024,9,14,complete
Row.112,PS,successful,2025,6,8,complete
Row.113,PS,successful,2008,0,0,complete
Row.113,PS,successful,2009,2,3,complete
Row.113,PS,successful,2010,4,4,complete
Row.113,PS,successful,2011,5,5,complete
Row.113,PS,successful,2012,5,6,complete
Row.113,PS,successful,2013,4,6,complete
Row.113,PS,successful,2014,3,4,complete
Row.113,PS,successful,2015,5,5,complete
Row.113,PS,successful,2016,5,5,complete
Row.113,PS,successful,2017,3,6,complete
Row.113,PS,successful,2018,4,6,complete
Row.113,PS,successful,2019,2,4,complete
Row.113,PS,successful,2020,2,3,complete
Row.113,PS,successful,2021,6,8,complete
Row.113,PS,successful,2022,2,4,complete
Row.113,PS,successful,2023,5,7,complete
Row.113,PS,successful,2024,2,3,complete
Row.113,PS,successful,2025,3,4,complete
Row.114,PS,successful,2008,10,11,complete
Row.114,PS,successful,2009,18,20,complete
Row.114,PS,successful,2010,27,28,complete
Row.114,PS,successful,2011,18,21,complete
Row.114,PS,successful,2012,40,45,complete
Row.114,PS,successful,2013,47,49,complete
Row.114,PS,successful,2014,29,33,complete
Row.114,PS,successful,2015,33,44,complete
Row.114,PS,successful,2016,31,34,complete
Row.114,PS,successful,2017,34,46,complete
Row.114,PS,successful,2018,35,47,complete
Row.114,PS,successful,2019,24,34,complete
Row.114,PS,successful,2020,27,56,complete
Row.114,PS,successful,2021,32,48,complete
Row.114,PS,successful,2022,30,40,complete
Row.114,PS,successful,2023,30,41,complete
Row.114,PS,successful,2024,26,37,complete
Row.114,PS,successful,2025,23,27,complete
Row.115,PS,unsuccessful,2008,0,0,complete
Row.115,PS,unsuccessful,2009,1,2,complete
Row.115,PS,unsuccessful,2010,2,2,complete
Row.115,PS,unsuccessful,2011,3,5,complete
Row.115,PS,unsuccessful,2012,0,0,complete
Row.115,PS,unsuccessful,2013,2,2,complete
Row.115,PS,unsuccessful,2014,3,4,complete
Row.115,PS,unsuccessful,2015,4,4,complete
Row.115,PS,unsuccessful,2016,1,1,complete
Row.115,PS,unsuccessful,2017,3,4,complete
Row.115,PS,unsuccessful,2018,0,0,complete
Row.115,PS,unsuccessful,2019,1,38,complete
Row.115,PS,unsuccessful,2020,3,3,complete
Row.115,PS,unsuccessful,2021,2,4,complete
Row.115,PS,unsuccessful,2022,2,2,complete
Row.115,PS,unsuccessful,2023,3,4,complete
Row.115,PS,unsuccessful,2024,1,1,complete
Row.115,PS,unsuccessful,2025,3,4,complete
Row.116,PS,successful,2008,0,0,complete
Row.116,PS,successful,2009,8,10,complete
Row.116,PS,successful,2010,16,20,complete
Row.116,PS,successful,2011,18,20,complete
Row.116,PS,successful,2012,13,20,complete
Row.116,PS,successful,2013,9,16,complete
Row.116,PS,successful,2014,14,18,complete
Row.116,PS,successful,2015,12,19,complete
Row.116,PS,successful,2016,18,23,complete
Row.116,PS,successful,2017,20,28,complete
Row.116,PS,successful,2018,12,17,complete
Row.116,PS,successful,2019,13,23,complete
Row.116,PS,successful,2020,11,19,complete
Row.116,PS,successful,2021,12,18,complete
Row.116,PS,successful,2022,13,36,complete
Row.116,PS,successful,2023,12,23,complete
Row.116,PS,successful,2024,11,15,complete
Row.116,PS,successful,2025,6,9,complete
Row.117,PS,successful,2008,3,3,complete
Row.117,PS,successful,2009,11,11,complete
Row.117,PS,successful,2010,4,4,complete
Row.117,PS,successful,2011,5,5,complete
Row.117,PS,successful,2012,6,6,complete
Row.117,PS,successful,2013,7,8,complete
Row.117,PS,successful,2014,2,2,complete
Row.117,PS,successful,2015,7,8,complete
Row.117,PS,successful,2016,4,5,complete
Row.117,PS,successful,2017,5,6,complete
Row.117,PS,successful,2018,2,3,complete
Row.117,PS,successful,2019,2,4,complete
Row.117,PS,successful,2020,5,5,complete
Row.117,PS,successful,2021,3,6,complete
Row.117,PS,successful,2022,4,6,complete
Row.117,PS,successful,2023,3,3,complete
Row.117,PS,successful,2024,4,4,complete
Row.117,PS,successful,2025,2,2,complete
Row.118,PS,unsuccessful,2008,2,2,complete
Row.118,PS,unsuccessful,2009,4,5,complete
Row.118,PS,unsuccessful,2010,22,27,complete
Row.118,PS,unsuccessful,2011,13,16,complete
Row.118,PS,unsuccessful,2012,21,27,complete
Row.118,PS,unsuccessful,2013,28,34,complete
Row.118,PS,unsuccessful,2014,22,30,complete
Row.118,PS,unsuccessful,2015,20,26,complete
Row.118,PS,unsuccessful,2016,12,22,complete
Row.118,PS,unsuccessful,2017,21,23,complete
Row.118,PS,unsuccessful,2018,14,19,complete
Row.118,PS,unsuccessful,2019,12,17,complete
Row.118,PS,unsuccessful,2020,7,10,complete
Row.118,PS,unsuccessful,2021,7,10,complete
Row.118,PS,unsuccessful,2022,11,14,complete
Row.118,PS,unsuccessful,2023,7,9,complete
Row.118,PS,unsuccessful,2024,7,31,complete
Row.118,PS,unsuccessful,2025,7,9,complete
Row.120,PS,unsuccessful,2008,2,2,complete
Row.120,PS,unsuccessful,2009,12,14,complete
Row.120,PS,unsuccessful,2010,13,14,complete
Row.120,PS,unsuccessful,2011,16,17,complete
Row.120,PS,unsuccessful,2012,19,23,complete
Row.120,PS,unsuccessful,2013,19,22,complete
Row.120,PS,unsuccessful,2014,22,25,complete
Row.120,PS,unsuccessful,2015,19,20,complete
Row.120,PS,unsuccessful,2016,19,22,complete
Row.120,PS,unsuccessful,2017,28,34,complete
Row.120,PS,unsuccessful,2018,19,21,complete
Row.120,PS,unsuccessful,2019,15,19,complete
Row.120,PS,unsuccessful,2020,23,33,complete
Row.120,PS,unsuccessful,2021,20,22,complete
Row.120,PS,unsuccessful,2022,13,15,complete
Row.120,PS,unsuccessful,2023,14,15,complete
Row.120,PS,unsuccessful,2024,13,16,complete
Row.120,PS,unsuccessful,2025,15,17,complete
Row.121,PS,successful,2008,7,7,complete
Row.121,PS,successful,2009,24,28,complete
Row.121,PS,successful,2010,23,28,complete
Row.121,PS,successful,2011,31,42,complete
Row.121,PS,successful,2012,25,32,complete
Row.121,PS,successful,2013,32,46,complete
Row.121,PS,successful,2014,44,52,complete
Row.121,PS,successful,2015,38,48,complete
Row.121,PS,successful,2016,25,37,complete
Row.121,PS,successful,2017,25,30,complete
Row.121,PS,successful,2018,28,38,complete
Row.121,PS,successful,2019,17,19,complete
Row.121,PS,successful,2020,25,31,complete
Row.121,PS,successful,2021,22,32,complete
Row.121,PS,successful,2022,16,25,complete
Row.121,PS,successful,2023,13,23,complete
Row.121,PS,successful,2024,7,13,complete
Row.121,PS,successful,2025,9,14,complete
Row.122,PS,successful,2008,1,1,complete
Row.122,PS,successful,2009,11,12,complete
Row.122,PS,successful,2010,12,14,complete
Row.122,PS,successful,2011,19,22,complete
Row.122,PS,successful,2012,10,13,complete
Row.122,PS,successful,2013,11,12,complete
Row.122,PS,successful,2014,21,25,complete
Row.122,PS,successful,2015,22,22,complete
Row.122,PS,successful,2016,21,22,complete
Row.122,PS,successful,2017,25,30,complete
Row.122,PS,successful,2018,29,33,complete
Row.122,PS,successful,2019,23,30,complete
Row.122,PS,successful,2020,23,31,complete
Row.122,PS,successful,2021,24,30,complete
Row.122,PS,successful,2022,13,17,complete
Row.122,PS,successful,2023,12,38,complete
Row.122,PS,successful,2024,17,18,complete
Row.122,PS,successful,2025,7,9,complete
Row.124,PS,unsuccessful,2008,1,1,complete
Row.124,PS,unsuccessful,2009,5,10,complete
Row.124,PS,unsuccessful,2010,3,7,complete
Row.124,PS,unsuccessful,2011,7,7,complete
Row.124,PS,unsuccessful,2012,3,4,complete
Row.124,PS,unsuccessful,2013,4,4,complete
Row.124,PS,unsuccessful,2014,7,8,complete
Row.124,PS,unsuccessful,2015,3,4,complete
Row.124,PS,unsuccessful,2016,1,1,complete
Row.124,PS,unsuccessful,2017,2,5,complete
Row.124,PS,unsuccessful,2018,3,4,complete
Row.124,PS,unsuccessful,2019,1,1,complete
Row.124,PS,unsuccessful,2020,3,3,complete
Row.124,PS,unsuccessful,2021,2,2,complete
Row.124,PS,unsuccessful,2022,0,2,complete
Row.124,PS,unsuccessful,2023,2,2,complete
Row.124,PS,unsuccessful,2024,2,2,complete
Row.124,PS,unsuccessful,2025,1,1,complete
Row.127,PS,successful,2008,1,1,complete
Row.127,PS,successful,2009,7,7,complete
Row.127,PS,successful,2010,6,7,complete
Row.127,PS,successful,2011,7,7,complete
Row.127,PS,successful,2012,4,4,complete
Row.127,PS,successful,2013,7,7,complete
Row.127,PS,successful,2014,6,7,complete
Row.127,PS,successful,2015,6,6,complete
Row.127,PS,successful,2016,3,5,complete
Row.127,PS,successful,2017,3,6,complete
Row.127,PS,successful,2018,1,6,complete
Row.127,PS,successful,2019,6,7,complete
Row.127,PS,successful,2020,3,6,complete
Row.127,PS,successful,2021,7,7,complete
Row.127,PS,successful,2022,2,2,complete
Row.127,PS,successful,2023,3,4,complete
Row.127,PS,successful,2024,5,7,complete
Row.127,PS,successful,2025,1,1,complete
Row.129,PS,unsuccessful,2008,5,5,complete
Row.129,PS,unsuccessful,2009,8,10,complete
Row.129,PS,unsuccessful,2010,7,8,complete
Row.129,PS,unsuccessful,2011,6,6,complete
Row.129,PS,unsuccessful,2012,7,9,complete
Row.129,PS,unsuccessful,2013,4,5,complete
Row.129,PS,unsuccessful,2014,8,12,complete
Row.129,PS,unsuccessful,2015,5,6,complete
Row.129,PS,unsuccessful,2016,6,8,complete
Row.129,PS,unsuccessful,2017,5,5,complete
Row.129,PS,unsuccessful,2018,5,5,complete
Row.129,PS,unsuccessful,2019,5,6,complete
Row.129,PS,unsuccessful,2020,5,15,complete
Row.129,PS,unsuccessful,2021,3,5,complete
Row.129,PS,unsuccessful,2022,10,11,complete
Row.129,PS,unsuccessful,2023,4,4,complete
Row.129,PS,unsuccessful,2024,4,5,complete
Row.129,PS,unsuccessful,2025,4,11,complete
Row.132,PS,unsuccessful,2008,2,2,complete
Row.132,PS,unsuccessful,2009,1,1,complete
Row.132,PS,unsuccessful,2010,4,4,complete
Row.132,PS,unsuccessful,2011,2,3,complete
Row.132,PS,unsuccessful,2012,3,6,complete
Row.132,PS,unsuccessful,2013,6,8,complete
Row.132,PS,unsuccessful,2014,4,6,complete
Row.132,PS,unsuccessful,2015,4,5,complete
Row.132,PS,unsuccessful,2016,1,2,complete
Row.132,PS,unsuccessful,2017,2,2,complete
Row.132,PS,unsuccessful,2018,3,5,complete
Row.132,PS,unsuccessful,2019,2,7,complete
Row.132,PS,unsuccessful,2020,5,7,complete
Row.132,PS,unsuccessful,2021,5,5,complete
Row.132,PS,unsuccessful,2022,3,4,complete
Row.132,PS,unsuccessful,2023,0,0,complete
Row.132,PS,unsuccessful,2024,0,0,complete
Row.132,PS,unsuccessful,2025,2,2,complete
Row.133,PS,successful,2008,4,4,complete
Row.133,PS,successful,2009,13,13,complete
Row.133,PS,successful,2010,9,12,complete
Row.133,PS,successful,2011,26,29,complete
Row.133,PS,successful,2012,16,20,complete
Row.133,PS,successful,2013,21,23,complete
Row.133,PS,successful,2014,14,15,complete
Row.133,PS,successful,2015,16,20,complete
Row.133,PS,successful,2016,15,22,complete
Row.133,PS,successful,2017,17,22,complete
Row.133,PS,successful,2018,12,13,complete
Row.133,PS,successful,2019,19,23,complete
Row.133,PS,successful,2020,16,20,complete
Row.133,PS,successful,2021,13,19,complete
Row.133,PS,successful,2022,11,18,complete
Row.133,PS,successful,2023,15,19,complete
Row.133,PS,successful,2024,6,10,complete
Row.133,PS,successful,2025,8,8,complete
Row.134,PS,successful,2008,1,1,complete
Row.134,PS,successful,2009,1,1,complete
Row.134,PS,successful,2010,3,3,complete
Row.134,PS,successful,2011,1,1,complete
Row.134,PS,successful,2012,2,2,complete
Row.134,PS,successful,2013,1,1,complete
Row.134,PS,successful,2014,4,4,complete
Row.134,PS,successful,2015,5,6,complete
Row.134,PS,successful,2016,5,6,complete
Row.134,PS,successful,2017,2,3,complete
Row.134,PS,successful,2018,3,4,complete
Row.134,PS,successful,2019,2,2,complete
Row.134,PS,successful,2020,8,9,complete
Row.134,PS,successful,2021,3,5,complete
Row.134,PS,successful,2022,1,1,complete
Row.134,PS,successful,2023,4,5,complete
Row.134,PS,successful,2024,2,2,complete
Row.134,PS,successful,2025,0,0,complete
Row.135,PS,unsuccessful,2008,0,0,complete
Row.135,PS,unsuccessful,2009,5,5,complete
Row.135,PS,unsuccessful,2010,6,6,complete
Row.135,PS,unsuccessful,2011,6,10,complete
Row.135,PS,unsuccessful,2012,13,19,complete
Row.135,PS,unsuccessful,2013,2,3,complete
Row.135,PS,unsuccessful,2014,8,9,complete
Row.135,PS,unsuccessful,2015,8,8,complete
Row.135,PS,unsuccessful,2016,8,12,complete
Row.135,PS,unsuccessful,2017,4,11,complete
Row.135,PS,unsuccessful,2018,5,7,complete
Row.135,PS,unsuccessful,2019,7,9,complete
Row.135,PS,unsuccessful,2020,4,5,complete
Row.135,PS,unsuccessful,2021,9,12,complete
Row.135,PS,unsuccessful,2022,5,8,complete
Row.135,PS,unsuccessful,2023,10,13,complete
Row.135,PS,unsuccessful,2024,7,11,complete
Row.135,PS,unsuccessful,2025,8,9,complete
Row.136,PS,unsuccessful,2008,4,6,complete
Row.136,PS,unsuccessful,2009,20,23,complete
Row.136,PS,unsuccessful,2010,17,30,complete
Row.136,PS,unsuccessful,2011,24,31,complete
Row.136,PS,unsuccessful,2012,30,42,complete
Row.136,PS,unsuccessful,2013,39,59,complete
Row.136,PS,unsuccessful,2014,37,49,complete
Row.136,PS,unsuccessful,2015,22,30,complete
Row.136,PS,unsuccessful,2016,35,48,complete
Row.136,PS,unsuccessful,2017,33,48,complete
Row.136,PS,unsuccessful,2018,25,35,complete
Row.136,PS,unsuccessful,2019,28,37,complete
Row.136,PS,unsuccessful,2020,27,54,complete
Row.136,PS,unsuccessful,2021,29,39,complete
Row.136,PS,unsuccessful,2022,20,26,complete
Row.136,PS,unsuccessful,2023,19,23,complete
Row.136,PS,unsuccessful,2024,21,43,complete
Row.136,PS,unsuccessful,2025,18,26,complete
Row.139,PS,successful,2008,2,2,complete
Row.139,PS,successful,2009,2,2,complete
Row.139,PS,successful,2010,5,5,complete
Row.139,PS,successful,2011,2,3,complete
Row.139,PS,successful,2012,6,6,complete
Row.139,PS,successful,2013,2,2,complete
Row.139,PS,successful,2014,3,3,complete
Row.139,PS,successful,2015,2,2,complete
Row.139,PS,successful,2016,2,2,complete
Row.139,PS,successful,2017,4,4,complete
Row.139,PS,successful,2018,3,4,complete
Row.139,PS,successful,2019,3,4,complete
Row.139,PS,successful,2020,2,3,complete
Row.139,PS,successful,2021,1,1,complete
Row.139,PS,successful,2022,1,3,complete
Row.139,PS,successful,2023,1,3,complete
Row.139,PS,successful,2024,0,3,complete
Row.139,PS,successful,2025,0,0,complete
Row.140,PS,unsuccessful,2008,2,2,complete
Row.140,PS,unsuccessful,2009,7,9,complete
Row.140,PS,unsuccessful,2010,16,18,complete
Row.140,PS,unsuccessful,2011,23,27,complete
Row.140,PS,unsuccessful,2012,20,27,complete
Row.140,PS,unsuccessful,2013,20,36,complete
Row.140,PS,unsuccessful,2014,17,27,complete
Row.140,PS,unsuccessful,2015,25,35,complete
Row.140,PS,unsuccessful,2016,18,19,complete
Row.140,PS,unsuccessful,2017,18,19,complete
Row.140,PS,unsuccessful,2018,26,40,complete
Row.140,PS,unsuccessful,2019,17,21,complete
Row.140,PS,unsuccessful,2020,22,42,complete
Row.140,PS,unsuccessful,2021,21,23,complete
Row.140,PS,unsuccessful,2022,22,24,complete
Row.140,PS,unsuccessful,2023,16,19,complete
Row.140,PS,unsuccessful,2024,12,12,complete
Row.140,PS,unsuccessful,2025,12,14,complete
Row.142,PS,successful,2008,0,0,complete
Row.142,PS,successful,2009,10,12,complete
Row.142,PS,successful,2010,11,14,complete
Row.142,PS,successful,2011,20,25,complete
Row.142,PS,successful,2012,18,20,complete
Row.142,PS,successful,2013,17,23,complete
Row.142,PS,successful,2014,26,30,complete
Row.142,PS,successful,2015,22,30,complete
Row.142,PS,successful,2016,20,26,complete
Row.142,PS,successful,2017,17,22,complete
Row.142,PS,successful,2018,19,27,complete
Row.142,PS,successful,2019,16,33,complete
Row.142,PS,successful,2020,13,22,complete
Row.142,PS,successful,2021,17,37,complete
Row.142,PS,successful,2022,14,17,complete
Row.142,PS,successful,2023,21,27,complete
Row.142,PS,successful,2024,15,18,complete
Row.142,PS,successful,2025,13,18,complete
Row.143,PS,unsuccessful,2008,2,2,complete
Row.143,PS,unsuccessful,2009,11,29,complete
Row.143,PS,unsuccessful,2010,15,19,complete
Row.143,PS,unsuccessful,2011,13,16,complete
Row.143,PS,unsuccessful,2012,17,24,complete
Row.143,PS,unsuccessful,2013,17,29,complete
Row.143,PS,unsuccessful,2014,33,39,complete
Row.143,PS,unsuccessful,2015,30,38,complete
Row.143,PS,unsuccessful,2016,30,31,complete
Row.143,PS,unsuccessful,2017,23,30,complete
Row.143,PS,unsuccessful,2018,38,52,complete
Row.143,PS,unsuccessful,2019,25,29,complete
Row.143,PS,unsuccessful,2020,33,44,complete
Row.143,PS,unsuccessful,2021,43,53,complete
Row.143,PS,unsuccessful,2022,33,45,complete
Row.143,PS,unsuccessful,2023,25,30,complete
Row.143,PS,unsuccessful,2024,39,46,complete
Row.143,PS,unsuccessful,2025,23,43,complete
Row.145,PS,successful,2008,2,2,complete
Row.145,PS,successful,2009,3,6,complete
Row.145,PS,successful,2010,8,16,complete
Row.145,PS,successful,2011,10,16,complete
Row.145,PS,successful,2012,6,6,complete
Row.145,PS,successful,2013,17,23,complete
Row.145,PS,successful,2014,13,21,complete
Row.145,PS,successful,2015,25,26,complete
Row.145,PS,successful,2016,18,27,complete
Row.145,PS,successful,2017,19,26,complete
Row.145,PS,successful,2018,16,22,complete
Row.145,PS,successful,2019,16,19,complete
Row.145,PS,successful,2020,19,29,complete
Row.145,PS,successful,2021,16,21,complete
Row.145,PS,successful,2022,25,28,complete
Row.145,PS,successful,2023,19,24,complete
Row.145,PS,successful,2024,19,22,complete
Row.145,PS,successful,2025,13,18,complete
Row.146,PS,unsuccessful,2008,2,2,complete
Row.146,PS,unsuccessful,2009,3,3,complete
Row.146,PS,unsuccessful,2010,1,1,complete
Row.146,PS,unsuccessful,2011,2,2,complete
Row.146,PS,unsuccessful,2012,3,3,complete
Row.146,PS,unsuccessful,2013,1,1,complete
Row.146,PS,unsuccessful,2014,1,2,complete
Row.146,PS,unsuccessful,2015,4,5,complete
Row.146,PS,unsuccessful,2016,0,0,complete
Row.146,PS,unsuccessful,2017,1,2,complete
Row.146,PS,unsuccessful,2018,0,1,complete
Row.146,PS,unsuccessful,2019,0,0,complete
Row.146,PS,unsuccessful,2020,0,0,complete
Row.146,PS,unsuccessful,2021,0,0,complete
Row.146,PS,unsuccessful,2022,0,0,complete
Row.146,PS,unsuccessful,2023,0,0,complete
Row.146,PS,unsuccessful,2024,0,0,complete
Row.146,PS,unsuccessful,2025,2,2,complete
Row.148,PS,unsuccessful,2008,0,1,complete
Row.148,PS,unsuccessful,2009,2,2,complete
Row.148,PS,unsuccessful,2010,1,1,complete
Row.148,PS,unsuccessful,2011,0,0,complete
Row.148,PS,unsuccessful,2012,3,4,complete
Row.148,PS,unsuccessful,2013,3,3,complete
Row.148,PS,unsuccessful,2014,5,5,complete
Row.148,PS,unsuccessful,2015,4,4,complete
Row.148,PS,unsuccessful,2016,0,0,complete
Row.148,PS,unsuccessful,2017,1,4,complete
Row.148,PS,unsuccessful,2018,2,3,complete
Row.148,PS,unsuccessful,2019,3,4,complete
Row.148,PS,unsuccessful,2020,1,2,complete
Row.148,PS,unsuccessful,2021,4,4,complete
Row.148,PS,unsuccessful,2022,1,3,complete
Row.148,PS,unsuccessful,2023,1,1,complete
Row.148,PS,unsuccessful,2024,1,1,complete
Row.148,PS,unsuccessful,2025,0,0,complete
Row.150,PS,unsuccessful,2008,0,0,complete
Row.150,PS,unsuccessful,2009,2,2,complete
Row.150,PS,unsuccessful,2010,1,2,complete
Row.150,PS,unsuccessful,2011,0,1,complete
Row.150,PS,unsuccessful,2012,1,1,complete
Row.150,PS,unsuccessful,2013,2,3,complete
Row.150,PS,unsuccessful,2014,0,0,complete
Row.150,PS,unsuccessful,2015,1,1,complete
Row.150,PS,unsuccessful,2016,0,0,complete
Row.150,PS,unsuccessful,2017,2,3,complete
Row.150,PS,unsuccessful,2018,0,1,complete
Row.150,PS,unsuccessful,2019,0,0,complete
Row.150,PS,unsuccessful,2020,0,0,complete
Row.150,PS,unsuccessful,2021,0,0,complete
Row.150,PS,unsuccessful,2022,0,0,complete
Row.150,PS,unsuccessful,2023,0,0,complete
Row.150,PS,unsuccessful,2024,0,0,complete
Row.150,PS,unsuccessful,2025,1,1,complete
Row.151,PS,unsuccessful,2008,0,0,complete
Row.151,PS,unsuccessful,2009,3,3,complete
Row.151,PS,unsuccessful,2010,15,21,complete
Row.151,PS,unsuccessful,2011,25,33,complete
Row.151,PS,unsuccessful,2012,27,40,complete
Row.151,PS,unsuccessful,2013,39,60,complete
Row.151,PS,unsuccessful,2014,32,42,complete
Row.151,PS,unsuccessful,2015,27,37,complete
Row.151,PS,unsuccessful,2016,26,32,complete
Row.151,PS,unsuccessful,2017,21,28,complete
Row.151,PS,unsuccessful,2018,21,59,complete
Row.151,PS,unsuccessful,2019,14,29,complete
Row.151,PS,unsuccessful,2020,23,27,complete
Row.151,PS,unsuccessful,2021,19,23,complete
Row.151,PS,unsuccessful,2022,14,17,complete
Row.151,PS,unsuccessful,2023,6,7,complete
Row.151,PS,unsuccessful,2024,9,10,complete
Row.151,PS,unsuccessful,2025,11,13,complete
Row.153,PS,unsuccessful,2008,2,2,complete
Row.153,PS,unsuccessful,2009,1,3,complete
Row.153,PS,unsuccessful,2010,4,4,complete
Row.153,PS,unsuccessful,2011,1,2,complete
Row.153,PS,unsuccessful,2012,6,9,complete
Row.153,PS,unsuccessful,2013,3,3,complete
Row.153,PS,unsuccessful,2014,4,5,complete
Row.153,PS,unsuccessful,2015,3,4,complete
Row.153,PS,unsuccessful,2016,4,6,complete
Row.153,PS,unsuccessful,2017,1,2,complete
Row.153,PS,unsuccessful,2018,2,4,complete
Row.153,PS,unsuccessful,2019,1,1,complete
Row.153,PS,unsuccessful,2020,2,3,complete
Row.153,PS,unsuccessful,2021,3,4,complete
Row.153,PS,unsuccessful,2022,0,0,complete
Row.153,PS,unsuccessful,2023,0,0,complete
Row.153,PS,unsuccessful,2024,0,0,complete
Row.153,PS,unsuccessful,2025,1,1,complete
Row.154,PS,successful,2008,7,7,complete
Row.154,PS,successful,2009,10,10,complete
Row.154,PS,successful,2010,14,18,complete
Row.154,PS,successful,2011,10,13,complete
Row.154,PS,successful,2012,13,16,complete
Row.154,PS,successful,2013,5,7,complete
Row.154,PS,successful,2014,5,7,complete
Row.154,PS,successful,2015,12,14,complete
Row.154,PS,successful,2016,5,5,complete
Row.154,PS,successful,2017,12,19,complete
Row.154,PS,successful,2018,12,16,complete
Row.154,PS,successful,2019,5,9,complete
Row.154,PS,successful,2020,6,10,complete
Row.154,PS,successful,2021,7,9,complete
Row.154,PS,successful,2022,6,8,complete
Row.154,PS,successful,2023,8,9,complete
Row.154,PS,successful,2024,7,8,complete
Row.154,PS,successful,2025,5,7,complete
Row.155,PS,unsuccessful,2008,0,0,complete
Row.155,PS,unsuccessful,2009,1,1,complete
Row.155,PS,unsuccessful,2010,3,5,complete
Row.155,PS,unsuccessful,2011,1,3,complete
Row.155,PS,unsuccessful,2012,1,4,complete
Row.155,PS,unsuccessful,2013,5,7,complete
Row.155,PS,unsuccessful,2014,4,5,complete
Row.155,PS,unsuccessful,2015,3,5,complete
Row.155,PS,unsuccessful,2016,2,2,complete
Row.155,PS,unsuccessful,2017,2,3,complete
Row.155,PS,unsuccessful,2018,5,7,complete
Row.155,PS,unsuccessful,2019,1,2,complete
Row.155,PS,unsuccessful,2020,1,1,complete
Row.155,PS,unsuccessful,2021,0,0,complete
Row.155,PS,unsuccessful,2022,3,3,complete
Row.155,PS,unsuccessful,2023,2,2,complete
Row.155,PS,unsuccessful,2024,2,2,complete
Row.155,PS,unsuccessful,2025,2,2,complete
Row.158,PS,successful,2008,1,1,complete
Row.158,PS,successful,2009,4,4,complete
Row.158,PS,successful,2010,7,9,complete
Row.158,PS,successful,2011,5,6,complete
Row.158,PS,successful,2012,6,6,complete
Row.158,PS,successful,2013,7,7,complete
Row.158,PS,successful,2014,6,8,complete
Row.158,PS,successful,2015,4,5,complete
Row.158,PS,successful,2016,6,11,complete
Row.158,PS,successful,2017,6,9,complete
Row.158,PS,successful,2018,5,7,complete
Row.158,PS,successful,2019,4,7,complete
Row.158,PS,successful,2020,2,3,complete
Row.158,PS,successful,2021,4,5,complete
Row.158,PS,successful,2022,1,1,complete
Row.158,PS,successful,2023,4,4,complete
Row.158,PS,successful,2024,3,6,complete
Row.158,PS,successful,2025,1,4,complete
Row.161,PS,unsuccessful,2008,3,3,complete
Row.161,PS,unsuccessful,2009,14,18,complete
Row.161,PS,unsuccessful,2010,14,16,complete
Row.161,PS,unsuccessful,2011,11,17,complete
Row.161,PS,unsuccessful,2012,14,19,complete
Row.161,PS,unsuccessful,2013,23,25,complete
Row.161,PS,unsuccessful,2014,20,28,complete
Row.161,PS,unsuccessful,2015,16,18,complete
Row.161,PS,unsuccessful,2016,21,25,complete
Row.161,PS,unsuccessful,2017,24,25,complete
Row.161,PS,unsuccessful,2018,17,22,complete
Row.161,PS,unsuccessful,2019,20,31,complete
Row.161,PS,unsuccessful,2020,17,23,complete
Row.161,PS,unsuccessful,2021,20,28,complete
Row.161,PS,unsuccessful,2022,11,20,complete
Row.161,PS,unsuccessful,2023,16,18,complete
Row.161,PS,unsuccessful,2024,18,23,complete
Row.161,PS,unsuccessful,2025,10,12,complete
Row.165,PS,unsuccessful,2008,1,1,complete
Row.165,PS,unsuccessful,2009,3,4,complete
Row.165,PS,unsuccessful,2010,3,5,complete
Row.165,PS,unsuccessful,2011,4,4,complete
Row.165,PS,unsuccessful,2012,2,2,complete
Row.165,PS,unsuccessful,2013,4,4,complete
Row.165,PS,unsuccessful,2014,1,3,complete
Row.165,PS,unsuccessful,2015,2,5,complete
Row.165,PS,unsuccessful,2016,2,3,complete
Row.165,PS,unsuccessful,2017,1,2,complete
Row.165,PS,unsuccessful,2018,4,5,complete
Row.165,PS,unsuccessful,2019,5,8,complete
Row.165,PS,unsuccessful,2020,6,6,complete
Row.165,PS,unsuccessful,2021,0,0,complete
Row.165,PS,unsuccessful,2022,3,3,complete
Row.165,PS,unsuccessful,2023,0,0,complete
Row.165,PS,unsuccessful,2024,0,0,complete
Row.165,PS,unsuccessful,2025,0,0,complete
Row.167,PS,unsuccessful,2008,1,3,complete
Row.167,PS,unsuccessful,2009,4,5,complete
Row.167,PS,unsuccessful,2010,9,10,complete
Row.167,PS,unsuccessful,2011,11,14,complete
Row.167,PS,unsuccessful,2012,9,9,complete
Row.167,PS,unsuccessful,2013,9,12,complete
Row.167,PS,unsuccessful,2014,15,16,complete
Row.167,PS,unsuccessful,2015,13,18,complete
Row.167,PS,unsuccessful,2016,12,13,complete
Row.167,PS,unsuccessful,2017,6,7,complete
Row.167,PS,unsuccessful,2018,8,13,complete
Row.167,PS,unsuccessful,2019,7,7,complete
Row.167,PS,unsuccessful,2020,3,4,complete
Row.167,PS,unsuccessful,2021,7,10,complete
Row.167,PS,unsuccessful,2022,4,5,complete
Row.167,PS,unsuccessful,2023,4,5,complete
Row.167,PS,unsuccessful,2024,3,4,complete
Row.167,PS,unsuccessful,2025,7,9,complete
control_10.1111/j.1467-9280.2008.02055.x,PS,external_control,2008,2,2,complete
control_10.1111/j.1467-9280.2008.02055.x,PS,external_control,2009,10,10,complete
control_10.1111/j.1467-9280.2008.02055.x,PS,external_control,2010,1,1,complete
control_10.1111/j.1467-9280.2008.02055.x,PS,external_control,2011,4,4,complete
control_10.1111/j.1467-9280.2008.02055.x,PS,external_control,2012,2,2,complete
control_10.1111/j.1467-9280.2008.02055.x,PS,external_control,2013,5,5,complete
control_10.1111/j.1467-9280.2008.02055.x,PS,external_control,2014,3,6,complete
control_10.1111/j.1467-9280.2008.02055.x,PS,external_control,2015,4,5,complete
control_10.1111/j.1467-9280.2008.02055.x,PS,external_control,2016,1,3,complete
control_10.1111/j.1467-9280.2008.02055.x,PS,external_control,2017,2,3,complete
control_10.1111/j.1467-9280.2008.02055.x,PS,external_control,2018,0,0,complete
control_10.1111/j.1467-9280.2008.02055.x,PS,external_control,2019,0,0,complete
control_10.1111/j.1467-9280.2008.02055.x,PS,external_control,2020,3,3,complete
control_10.1111/j.1467-9280.2008.02055.x,PS,external_control,2021,2,3,complete
control_10.1111/j.1467-9280.2008.02055.x,PS,external_control,2022,0,0,complete
control_10.1111/j.1467-9280.2008.02055.x,PS,external_control,2023,0,0,complete
control_10.1111/j.1467-9280.2008.02055.x,PS,external_control,2024,0,1,complete
control_10.1111/j.1467-9280.2008.02055.x,PS,external_control,2025,0,0,complete
control_10.1111/j.1467-9280.2008.02058.x,PS,external_control,2008,1,1,complete
control_10.1111/j.1467-9280.2008.02058.x,PS,external_control,2009,6,7,complete
control_10.1111/j.1467-9280.2008.02058.x,PS,external_control,2010,3,3,complete
control_10.1111/j.1467-9280.2008.02058.x,PS,external_control,2011,7,7,complete
control_10.1111/j.1467-9280.2008.02058.x,PS,external_control,2012,6,8,complete
control_10.1111/j.1467-9280.2008.02058.x,PS,external_control,2013,6,6,complete
control_10.1111/j.1467-9280.2008.02058.x,PS,external_control,2014,2,2,complete
control_10.1111/j.1467-9280.2008.02058.x,PS,external_control,2015,7,8,complete
control_10.1111/j.1467-9280.2008.02058.x,PS,external_control,2016,3,5,complete
control_10.1111/j.1467-9280.2008.02058.x,PS,external_control,2017,3,6,complete
control_10.1111/j.1467-9280.2008.02058.x,PS,external_control,2018,3,3,complete
control_10.1111/j.1467-9280.2008.02058.x,PS,external_control,2019,4,7,complete
control_10.1111/j.1467-9280.2008.02058.x,PS,external_control,2020,2,4,complete
control_10.1111/j.1467-9280.2008.02058.x,PS,external_control,2021,5,5,complete
control_10.1111/j.1467-9280.2008.02058.x,PS,external_control,2022,1,1,complete
control_10.1111/j.1467-9280.2008.02058.x,PS,external_control,2023,1,2,complete
control_10.1111/j.1467-9280.2008.02058.x,PS,external_control,2024,0,0,complete
control_10.1111/j.1467-9280.2008.02058.x,PS,external_control,2025,1,1,complete
control_10.1111/j.1467-9280.2008.02059.x,PS,external_control,2008,3,3,complete
control_10.1111/j.1467-9280.2008.02059.x,PS,external_control,2009,12,15,complete
control_10.1111/j.1467-9280.2008.02059.x,PS,external_control,2010,12,16,complete
control_10.1111/j.1467-9280.2008.02059.x,PS,external_control,2011,10,11,complete
control_10.1111/j.1467-9280.2008.02059.x,PS,external_control,2012,14,15,complete
control_10.1111/j.1467-9280.2008.02059.x,PS,external_control,2013,8,9,complete
control_10.1111/j.1467-9280.2008.02059.x,PS,external_control,2014,12,12,complete
control_10.1111/j.1467-9280.2008.02059.x,PS,external_control,2015,7,8,complete
control_10.1111/j.1467-9280.2008.02059.x,PS,external_control,2016,5,6,complete
control_10.1111/j.1467-9280.2008.02059.x,PS,external_control,2017,7,7,complete
control_10.1111/j.1467-9280.2008.02059.x,PS,external_control,2018,8,10,complete
control_10.1111/j.1467-9280.2008.02059.x,PS,external_control,2019,3,5,complete
control_10.1111/j.1467-9280.2008.02059.x,PS,external_control,2020,2,2,complete
control_10.1111/j.1467-9280.2008.02059.x,PS,external_control,2021,7,8,complete
control_10.1111/j.1467-9280.2008.02059.x,PS,external_control,2022,7,10,complete
control_10.1111/j.1467-9280.2008.02059.x,PS,external_control,2023,5,8,complete
control_10.1111/j.1467-9280.2008.02059.x,PS,external_control,2024,3,3,complete
control_10.1111/j.1467-9280.2008.02059.x,PS,external_control,2025,6,8,complete
control_10.1111/j.1467-9280.2008.02063.x,PS,external_control,2008,4,4,complete
control_10.1111/j.1467-9280.2008.02063.x,PS,external_control,2009,6,8,complete
control_10.1111/j.1467-9280.2008.02063.x,PS,external_control,2010,5,10,complete
control_10.1111/j.1467-9280.2008.02063.x,PS,external_control,2011,13,14,complete
control_10.1111/j.1467-9280.2008.02063.x,PS,external_control,2012,7,11,complete
control_10.1111/j.1467-9280.2008.02063.x,PS,external_control,2013,10,15,complete
control_10.1111/j.1467-9280.2008.02063.x,PS,external_control,2014,8,13,complete
control_10.1111/j.1467-9280.2008.02063.x,PS,external_control,2015,4,6,complete
control_10.1111/j.1467-9280.2008.02063.x,PS,external_control,2016,5,8,complete
control_10.1111/j.1467-9280.2008.02063.x,PS,external_control,2017,8,10,complete
control_10.1111/j.1467-9280.2008.02063.x,PS,external_control,2018,6,7,complete
control_10.1111/j.1467-9280.2008.02063.x,PS,external_control,2019,6,11,complete
control_10.1111/j.1467-9280.2008.02063.x,PS,external_control,2020,2,6,complete
control_10.1111/j.1467-9280.2008.02063.x,PS,external_control,2021,8,9,complete
control_10.1111/j.1467-9280.2008.02063.x,PS,external_control,2022,4,5,complete
control_10.1111/j.1467-9280.2008.02063.x,PS,external_control,2023,4,4,complete
control_10.1111/j.1467-9280.2008.02063.x,PS,external_control,2024,0,0,complete
control_10.1111/j.1467-9280.2008.02063.x,PS,external_control,2025,1,2,complete
control_10.1111/j.1467-9280.2008.02065.x,PS,external_control,2008,9,9,complete
control_10.1111/j.1467-9280.2008.02065.x,PS,external_control,2009,7,8,complete
control_10.1111/j.1467-9280.2008.02065.x,PS,external_control,2010,9,12,complete
control_10.1111/j.1467-9280.2008.02065.x,PS,external_control,2011,10,15,complete
control_10.1111/j.1467-9280.2008.02065.x,PS,external_control,2012,11,15,complete
control_10.1111/j.1467-9280.2008.02065.x,PS,external_control,2013,10,12,complete
control_10.1111/j.1467-9280.2008.02065.x,PS,external_control,2014,5,5,complete
control_10.1111/j.1467-9280.2008.02065.x,PS,external_control,2015,6,10,complete
control_10.1111/j.1467-9280.2008.02065.x,PS,external_control,2016,6,10,complete
control_10.1111/j.1467-9280.2008.02065.x,PS,external_control,2017,7,8,complete
control_10.1111/j.1467-9280.2008.02065.x,PS,external_control,2018,9,17,complete
control_10.1111/j.1467-9280.2008.02065.x,PS,external_control,2019,10,13,complete
control_10.1111/j.1467-9280.2008.02065.x,PS,external_control,2020,7,24,complete
control_10.1111/j.1467-9280.2008.02065.x,PS,external_control,2021,9,9,complete
control_10.1111/j.1467-9280.2008.02065.x,PS,external_control,2022,4,5,complete
control_10.1111/j.1467-9280.2008.02065.x,PS,external_control,2023,2,3,complete
control_10.1111/j.1467-9280.2008.02065.x,PS,external_control,2024,5,5,complete
control_10.1111/j.1467-9280.2008.02065.x,PS,external_control,2025,4,4,complete
control_10.1111/j.1467-9280.2008.02067.x,PS,external_control,2008,1,3,complete
control_10.1111/j.1467-9280.2008.02067.x,PS,external_control,2009,1,3,complete
control_10.1111/j.1467-9280.2008.02067.x,PS,external_control,2010,8,9,complete
control_10.1111/j.1467-9280.2008.02067.x,PS,external_control,2011,10,12,complete
control_10.1111/j.1467-9280.2008.02067.x,PS,external_control,2012,5,17,complete
control_10.1111/j.1467-9280.2008.02067.x,PS,external_control,2013,10,12,complete
control_10.1111/j.1467-9280.2008.02067.x,PS,external_control,2014,11,13,complete
control_10.1111/j.1467-9280.2008.02067.x,PS,external_control,2015,9,13,complete
control_10.1111/j.1467-9280.2008.02067.x,PS,external_control,2016,16,17,complete
control_10.1111/j.1467-9280.2008.02067.x,PS,external_control,2017,9,12,complete
control_10.1111/j.1467-9280.2008.02067.x,PS,external_control,2018,13,20,complete
control_10.1111/j.1467-9280.2008.02067.x,PS,external_control,2019,6,8,complete
control_10.1111/j.1467-9280.2008.02067.x,PS,external_control,2020,16,22,complete
control_10.1111/j.1467-9280.2008.02067.x,PS,external_control,2021,17,20,complete
control_10.1111/j.1467-9280.2008.02067.x,PS,external_control,2022,8,30,complete
control_10.1111/j.1467-9280.2008.02067.x,PS,external_control,2023,13,17,complete
control_10.1111/j.1467-9280.2008.02067.x,PS,external_control,2024,4,6,complete
control_10.1111/j.1467-9280.2008.02067.x,PS,external_control,2025,7,7,complete
control_10.1111/j.1467-9280.2008.02036.x,PS,external_control,2008,6,6,complete
control_10.1111/j.1467-9280.2008.02036.x,PS,external_control,2009,9,9,complete
control_10.1111/j.1467-9280.2008.02036.x,PS,external_control,2010,7,8,complete
control_10.1111/j.1467-9280.2008.02036.x,PS,external_control,2011,12,16,complete
control_10.1111/j.1467-9280.2008.02036.x,PS,external_control,2012,8,9,complete
control_10.1111/j.1467-9280.2008.02036.x,PS,external_control,2013,6,8,complete
control_10.1111/j.1467-9280.2008.02036.x,PS,external_control,2014,18,24,complete
control_10.1111/j.1467-9280.2008.02036.x,PS,external_control,2015,12,15,complete
control_10.1111/j.1467-9280.2008.02036.x,PS,external_control,2016,8,8,complete
control_10.1111/j.1467-9280.2008.02036.x,PS,external_control,2017,13,14,complete
control_10.1111/j.1467-9280.2008.02036.x,PS,external_control,2018,12,14,complete
control_10.1111/j.1467-9280.2008.02036.x,PS,external_control,2019,6,11,complete
control_10.1111/j.1467-9280.2008.02036.x,PS,external_control,2020,6,8,complete
control_10.1111/j.1467-9280.2008.02036.x,PS,external_control,2021,4,4,complete
control_10.1111/j.1467-9280.2008.02036.x,PS,external_control,2022,4,7,complete
control_10.1111/j.1467-9280.2008.02036.x,PS,external_control,2023,6,7,complete
control_10.1111/j.1467-9280.2008.02036.x,PS,external_control,2024,4,5,complete
control_10.1111/j.1467-9280.2008.02036.x,PS,external_control,2025,4,4,complete
control_10.1111/j.1467-9280.2008.02037.x,PS,external_control,2008,3,3,complete
control_10.1111/j.1467-9280.2008.02037.x,PS,external_control,2009,2,3,complete
control_10.1111/j.1467-9280.2008.02037.x,PS,external_control,2010,7,7,complete
control_10.1111/j.1467-9280.2008.02037.x,PS,external_control,2011,4,5,complete
control_10.1111/j.1467-9280.2008.02037.x,PS,external_control,2012,4,5,complete
control_10.1111/j.1467-9280.2008.02037.x,PS,external_control,2013,7,7,complete
control_10.1111/j.1467-9280.2008.02037.x,PS,external_control,2014,4,5,complete
control_10.1111/j.1467-9280.2008.02037.x,PS,external_control,2015,4,5,complete
control_10.1111/j.1467-9280.2008.02037.x,PS,external_control,2016,3,3,complete
control_10.1111/j.1467-9280.2008.02037.x,PS,external_control,2017,4,5,complete
control_10.1111/j.1467-9280.2008.02037.x,PS,external_control,2018,4,4,complete
control_10.1111/j.1467-9280.2008.02037.x,PS,external_control,2019,8,12,complete
control_10.1111/j.1467-9280.2008.02037.x,PS,external_control,2020,10,11,complete
control_10.1111/j.1467-9280.2008.02037.x,PS,external_control,2021,5,5,complete
control_10.1111/j.1467-9280.2008.02037.x,PS,external_control,2022,5,6,complete
control_10.1111/j.1467-9280.2008.02037.x,PS,external_control,2023,1,1,complete
control_10.1111/j.1467-9280.2008.02037.x,PS,external_control,2024,2,4,complete
control_10.1111/j.1467-9280.2008.02037.x,PS,external_control,2025,0,0,complete
control_10.1111/j.1467-9280.2008.02038.x,PS,external_control,2008,7,10,complete
control_10.1111/j.1467-9280.2008.02038.x,PS,external_control,2009,15,28,complete
control_10.1111/j.1467-9280.2008.02038.x,PS,external_control,2010,29,34,complete
control_10.1111/j.1467-9280.2008.02038.x,PS,external_control,2011,11,21,complete
control_10.1111/j.1467-9280.2008.02038.x,PS,external_control,2012,16,24,complete
control_10.1111/j.1467-9280.2008.02038.x,PS,external_control,2013,19,28,complete
control_10.1111/j.1467-9280.2008.02038.x,PS,external_control,2014,12,14,complete
control_10.1111/j.1467-9280.2008.02038.x,PS,external_control,2015,13,19,complete
control_10.1111/j.1467-9280.2008.02038.x,PS,external_control,2016,15,22,complete
control_10.1111/j.1467-9280.2008.02038.x,PS,external_control,2017,21,28,complete
control_10.1111/j.1467-9280.2008.02038.x,PS,external_control,2018,13,17,complete
control_10.1111/j.1467-9280.2008.02038.x,PS,external_control,2019,4,8,complete
control_10.1111/j.1467-9280.2008.02038.x,PS,external_control,2020,13,78,complete
control_10.1111/j.1467-9280.2008.02038.x,PS,external_control,2021,5,52,complete
control_10.1111/j.1467-9280.2008.02038.x,PS,external_control,2022,16,28,complete
control_10.1111/j.1467-9280.2008.02038.x,PS,external_control,2023,11,12,complete
control_10.1111/j.1467-9280.2008.02038.x,PS,external_control,2024,10,14,complete
control_10.1111/j.1467-9280.2008.02038.x,PS,external_control,2025,12,13,complete
control_10.1111/j.1467-9280.2008.02047.x,PS,external_control,2008,2,2,complete
control_10.1111/j.1467-9280.2008.02047.x,PS,external_control,2009,9,12,complete
control_10.1111/j.1467-9280.2008.02047.x,PS,external_control,2010,5,9,complete
control_10.1111/j.1467-9280.2008.02047.x,PS,external_control,2011,5,5,complete
control_10.1111/j.1467-9280.2008.02047.x,PS,external_control,2012,5,7,complete
control_10.1111/j.1467-9280.2008.02047.x,PS,external_control,2013,5,10,complete
control_10.1111/j.1467-9280.2008.02047.x,PS,external_control,2014,5,6,complete
control_10.1111/j.1467-9280.2008.02047.x,PS,external_control,2015,6,7,complete
control_10.1111/j.1467-9280.2008.02047.x,PS,external_control,2016,3,3,complete
control_10.1111/j.1467-9280.2008.02047.x,PS,external_control,2017,3,4,complete
control_10.1111/j.1467-9280.2008.02047.x,PS,external_control,2018,2,3,complete
control_10.1111/j.1467-9280.2008.02047.x,PS,external_control,2019,4,5,complete
control_10.1111/j.1467-9280.2008.02047.x,PS,external_control,2020,6,6,complete
control_10.1111/j.1467-9280.2008.02047.x,PS,external_control,2021,1,5,complete
control_10.1111/j.1467-9280.2008.02047.x,PS,external_control,2022,3,3,complete
control_10.1111/j.1467-9280.2008.02047.x,PS,external_control,2023,3,3,complete
control_10.1111/j.1467-9280.2008.02047.x,PS,external_control,2024,2,2,complete
control_10.1111/j.1467-9280.2008.02047.x,PS,external_control,2025,2,2,complete
control_10.1111/j.1467-9280.2008.02048.x,PS,external_control,2008,2,2,complete
control_10.1111/j.1467-9280.2008.02048.x,PS,external_control,2009,1,1,complete
control_10.1111/j.1467-9280.2008.02048.x,PS,external_control,2010,1,1,complete
control_10.1111/j.1467-9280.2008.02048.x,PS,external_control,2011,2,2,complete
control_10.1111/j.1467-9280.2008.02048.x,PS,external_control,2012,3,3,complete
control_10.1111/j.1467-9280.2008.02048.x,PS,external_control,2013,0,1,complete
control_10.1111/j.1467-9280.2008.02048.x,PS,external_control,2014,1,1,complete
control_10.1111/j.1467-9280.2008.02048.x,PS,external_control,2015,0,1,complete
control_10.1111/j.1467-9280.2008.02048.x,PS,external_control,2016,0,0,complete
control_10.1111/j.1467-9280.2008.02048.x,PS,external_control,2017,0,0,complete
control_10.1111/j.1467-9280.2008.02048.x,PS,external_control,2018,1,1,complete
control_10.1111/j.1467-9280.2008.02048.x,PS,external_control,2019,1,2,complete
control_10.1111/j.1467-9280.2008.02048.x,PS,external_control,2020,0,0,complete
control_10.1111/j.1467-9280.2008.02048.x,PS,external_control,2021,0,0,complete
control_10.1111/j.1467-9280.2008.02048.x,PS,external_control,2022,0,0,complete
control_10.1111/j.1467-9280.2008.02048.x,PS,external_control,2023,1,1,complete
control_10.1111/j.1467-9280.2008.02048.x,PS,external_control,2024,0,0,complete
control_10.1111/j.1467-9280.2008.02048.x,PS,external_control,2025,0,0,complete
control_10.1111/j.1467-9280.2008.02068.x,PS,external_control,2008,2,4,complete
control_10.1111/j.1467-9280.2008.02068.x,PS,external_control,2009,14,20,complete
control_10.1111/j.1467-9280.2008.02068.x,PS,external_control,2010,11,18,complete
control_10.1111/j.1467-9280.2008.02068.x,PS,external_control,2011,18,28,complete
control_10.1111/j.1467-9280.2008.02068.x,PS,external_control,2012,24,26,complete
control_10.1111/j.1467-9280.2008.02068.x,PS,external_control,2013,19,27,complete
control_10.1111/j.1467-9280.2008.02068.x,PS,external_control,2014,28,31,complete
control_10.1111/j.1467-9280.2008.02068.x,PS,external_control,2015,37,46,complete
control_10.1111/j.1467-9280.2008.02068.x,PS,external_control,2016,19,25,complete
control_10.1111/j.1467-9280.2008.02068.x,PS,external_control,2017,23,33,complete
control_10.1111/j.1467-9280.2008.02068.x,PS,external_control,2018,20,23,complete
control_10.1111/j.1467-9280.2008.02068.x,PS,external_control,2019,9,10,complete
control_10.1111/j.1467-9280.2008.02068.x,PS,external_control,2020,20,33,complete
control_10.1111/j.1467-9280.2008.02068.x,PS,external_control,2021,15,20,complete
control_10.1111/j.1467-9280.2008.02068.x,PS,external_control,2022,9,11,complete
control_10.1111/j.1467-9280.2008.02068.x,PS,external_control,2023,7,16,complete
control_10.1111/j.1467-9280.2008.02068.x,PS,external_control,2024,9,13,complete
control_10.1111/j.1467-9280.2008.02068.x,PS,external_control,2025,6,8,complete
control_10.1111/j.1467-9280.2008.02071.x,PS,external_control,2008,7,7,complete
control_10.1111/j.1467-9280.2008.02071.x,PS,external_control,2009,7,8,complete
control_10.1111/j.1467-9280.2008.02071.x,PS,external_control,2010,8,11,complete
control_10.1111/j.1467-9280.2008.02071.x,PS,external_control,2011,4,5,complete
control_10.1111/j.1467-9280.2008.02071.x,PS,external_control,2012,9,11,complete
control_10.1111/j.1467-9280.2008.02071.x,PS,external_control,2013,8,11,complete
control_10.1111/j.1467-9280.2008.02071.x,PS,external_control,2014,4,7,complete
control_10.1111/j.1467-9280.2008.02071.x,PS,external_control,2015,4,5,complete
control_10.1111/j.1467-9280.2008.02071.x,PS,external_control,2016,6,6,complete
control_10.1111/j.1467-9280.2008.02071.x,PS,external_control,2017,9,10,complete
control_10.1111/j.1467-9280.2008.02071.x,PS,external_control,2018,3,4,complete
control_10.1111/j.1467-9280.2008.02071.x,PS,external_control,2019,2,24,complete
control_10.1111/j.1467-9280.2008.02071.x,PS,external_control,2020,6,9,complete
control_10.1111/j.1467-9280.2008.02071.x,PS,external_control,2021,4,8,complete
control_10.1111/j.1467-9280.2008.02071.x,PS,external_control,2022,2,4,complete
control_10.1111/j.1467-9280.2008.02071.x,PS,external_control,2023,3,4,complete
control_10.1111/j.1467-9280.2008.02071.x,PS,external_control,2024,5,5,complete
control_10.1111/j.1467-9280.2008.02071.x,PS,external_control,2025,3,4,complete
control_10.1111/j.1467-9280.2008.02073.x,PS,external_control,2008,4,4,complete
control_10.1111/j.1467-9280.2008.02073.x,PS,external_control,2009,5,6,complete
control_10.1111/j.1467-9280.2008.02073.x,PS,external_control,2010,10,14,complete
control_10.1111/j.1467-9280.2008.02073.x,PS,external_control,2011,9,13,complete
control_10.1111/j.1467-9280.2008.02073.x,PS,external_control,2012,14,18,complete
control_10.1111/j.1467-9280.2008.02073.x,PS,external_control,2013,7,15,complete
control_10.1111/j.1467-9280.2008.02073.x,PS,external_control,2014,8,12,complete
control_10.1111/j.1467-9280.2008.02073.x,PS,external_control,2015,11,13,complete
control_10.1111/j.1467-9280.2008.02073.x,PS,external_control,2016,14,18,complete
control_10.1111/j.1467-9280.2008.02073.x,PS,external_control,2017,12,15,complete
control_10.1111/j.1467-9280.2008.02073.x,PS,external_control,2018,10,11,complete
control_10.1111/j.1467-9280.2008.02073.x,PS,external_control,2019,11,12,complete
control_10.1111/j.1467-9280.2008.02073.x,PS,external_control,2020,5,6,complete
control_10.1111/j.1467-9280.2008.02073.x,PS,external_control,2021,7,9,complete
control_10.1111/j.1467-9280.2008.02073.x,PS,external_control,2022,11,11,complete
control_10.1111/j.1467-9280.2008.02073.x,PS,external_control,2023,10,13,complete
control_10.1111/j.1467-9280.2008.02073.x,PS,external_control,2024,6,6,complete
control_10.1111/j.1467-9280.2008.02073.x,PS,external_control,2025,3,4,complete
control_10.1111/j.1467-9280.2008.02074.x,PS,external_control,2008,1,1,complete
control_10.1111/j.1467-9280.2008.02074.x,PS,external_control,2009,4,4,complete
control_10.1111/j.1467-9280.2008.02074.x,PS,external_control,2010,1,2,complete
control_10.1111/j.1467-9280.2008.02074.x,PS,external_control,2011,5,5,complete
control_10.1111/j.1467-9280.2008.02074.x,PS,external_control,2012,10,27,complete
control_10.1111/j.1467-9280.2008.02074.x,PS,external_control,2013,6,8,complete
control_10.1111/j.1467-9280.2008.02074.x,PS,external_control,2014,6,8,complete
control_10.1111/j.1467-9280.2008.02074.x,PS,external_control,2015,4,8,complete
control_10.1111/j.1467-9280.2008.02074.x,PS,external_control,2016,4,6,complete
control_10.1111/j.1467-9280.2008.02074.x,PS,external_control,2017,2,3,complete
control_10.1111/j.1467-9280.2008.02074.x,PS,external_control,2018,2,2,complete
control_10.1111/j.1467-9280.2008.02074.x,PS,external_control,2019,3,4,complete
control_10.1111/j.1467-9280.2008.02074.x,PS,external_control,2020,0,18,complete
control_10.1111/j.1467-9280.2008.02074.x,PS,external_control,2021,1,2,complete
control_10.1111/j.1467-9280.2008.02074.x,PS,external_control,2022,1,2,complete
control_10.1111/j.1467-9280.2008.02074.x,PS,external_control,2023,6,30,complete
control_10.1111/j.1467-9280.2008.02074.x,PS,external_control,2024,5,5,complete
control_10.1111/j.1467-9280.2008.02074.x,PS,external_control,2025,2,2,complete
control_10.1111/j.1467-9280.2008.02075.x,PS,external_control,2008,1,1,complete
control_10.1111/j.1467-9280.2008.02075.x,PS,external_control,2009,9,10,complete
control_10.1111/j.1467-9280.2008.02075.x,PS,external_control,2010,11,13,complete
control_10.1111/j.1467-9280.2008.02075.x,PS,external_control,2011,20,21,complete
control_10.1111/j.1467-9280.2008.02075.x,PS,external_control,2012,12,16,complete
control_10.1111/j.1467-9280.2008.02075.x,PS,external_control,2013,19,22,complete
control_10.1111/j.1467-9280.2008.02075.x,PS,external_control,2014,12,36,complete
control_10.1111/j.1467-9280.2008.02075.x,PS,external_control,2015,22,53,complete
control_10.1111/j.1467-9280.2008.02075.x,PS,external_control,2016,12,20,complete
control_10.1111/j.1467-9280.2008.02075.x,PS,external_control,2017,28,34,complete
control_10.1111/j.1467-9280.2008.02075.x,PS,external_control,2018,15,23,complete
control_10.1111/j.1467-9280.2008.02075.x,PS,external_control,2019,18,56,complete
control_10.1111/j.1467-9280.2008.02075.x,PS,external_control,2020,24,52,complete
control_10.1111/j.1467-9280.2008.02075.x,PS,external_control,2021,18,61,complete
control_10.1111/j.1467-9280.2008.02075.x,PS,external_control,2022,20,47,complete
control_10.1111/j.1467-9280.2008.02075.x,PS,external_control,2023,12,14,complete
control_10.1111/j.1467-9280.2008.02075.x,PS,external_control,2024,18,19,complete
control_10.1111/j.1467-9280.2008.02075.x,PS,external_control,2025,7,9,complete
control_10.1111/j.1467-9280.2008.02079.x,PS,external_control,2008,0,0,complete
control_10.1111/j.1467-9280.2008.02079.x,PS,external_control,2009,12,16,complete
control_10.1111/j.1467-9280.2008.02079.x,PS,external_control,2010,13,15,complete
control_10.1111/j.1467-9280.2008.02079.x,PS,external_control,2011,10,12,complete
control_10.1111/j.1467-9280.2008.02079.x,PS,external_control,2012,19,25,complete
control_10.1111/j.1467-9280.2008.02079.x,PS,external_control,2013,18,21,complete
control_10.1111/j.1467-9280.2008.02079.x,PS,external_control,2014,15,23,complete
control_10.1111/j.1467-9280.2008.02079.x,PS,external_control,2015,21,30,complete
control_10.1111/j.1467-9280.2008.02079.x,PS,external_control,2016,21,30,complete
control_10.1111/j.1467-9280.2008.02079.x,PS,external_control,2017,19,24,complete
control_10.1111/j.1467-9280.2008.02079.x,PS,external_control,2018,25,30,complete
control_10.1111/j.1467-9280.2008.02079.x,PS,external_control,2019,26,44,complete
control_10.1111/j.1467-9280.2008.02079.x,PS,external_control,2020,20,64,complete
control_10.1111/j.1467-9280.2008.02079.x,PS,external_control,2021,40,48,complete
control_10.1111/j.1467-9280.2008.02079.x,PS,external_control,2022,39,46,complete
control_10.1111/j.1467-9280.2008.02079.x,PS,external_control,2023,33,47,complete
control_10.1111/j.1467-9280.2008.02079.x,PS,external_control,2024,39,44,complete
control_10.1111/j.1467-9280.2008.02079.x,PS,external_control,2025,18,23,complete
control_10.1111/j.1467-9280.2008.02083.x,PS,external_control,2008,1,1,complete
control_10.1111/j.1467-9280.2008.02083.x,PS,external_control,2009,3,3,complete
control_10.1111/j.1467-9280.2008.02083.x,PS,external_control,2010,2,3,complete
control_10.1111/j.1467-9280.2008.02083.x,PS,external_control,2011,4,5,complete
control_10.1111/j.1467-9280.2008.02083.x,PS,external_control,2012,5,6,complete
control_10.1111/j.1467-9280.2008.02083.x,PS,external_control,2013,2,4,complete
control_10.1111/j.1467-9280.2008.02083.x,PS,external_control,2014,2,3,complete
control_10.1111/j.1467-9280.2008.02083.x,PS,external_control,2015,1,1,complete
control_10.1111/j.1467-9280.2008.02083.x,PS,external_control,2016,4,5,complete
control_10.1111/j.1467-9280.2008.02083.x,PS,external_control,2017,7,7,complete
control_10.1111/j.1467-9280.2008.02083.x,PS,external_control,2018,1,1,complete
control_10.1111/j.1467-9280.2008.02083.x,PS,external_control,2019,1,1,complete
control_10.1111/j.1467-9280.2008.02083.x,PS,external_control,2020,5,5,complete
control_10.1111/j.1467-9280.2008.02083.x,PS,external_control,2021,2,2,complete
control_10.1111/j.1467-9280.2008.02083.x,PS,external_control,2022,0,0,complete
control_10.1111/j.1467-9280.2008.02083.x,PS,external_control,2023,2,3,complete
control_10.1111/j.1467-9280.2008.02083.x,PS,external_control,2024,0,1,complete
control_10.1111/j.1467-9280.2008.02083.x,PS,external_control,2025,1,1,complete
control_10.1111/j.1467-9280.2008.02086.x,PS,external_control,2008,0,0,complete
control_10.1111/j.1467-9280.2008.02086.x,PS,external_control,2009,2,2,complete
control_10.1111/j.1467-9280.2008.02086.x,PS,external_control,2010,8,10,complete
control_10.1111/j.1467-9280.2008.02086.x,PS,external_control,2011,3,3,complete
control_10.1111/j.1467-9280.2008.02086.x,PS,external_control,2012,6,6,complete
control_10.1111/j.1467-9280.2008.02086.x,PS,external_control,2013,1,1,complete
control_10.1111/j.1467-9280.2008.02086.x,PS,external_control,2014,3,4,complete
control_10.1111/j.1467-9280.2008.02086.x,PS,external_control,2015,3,4,complete
control_10.1111/j.1467-9280.2008.02086.x,PS,external_control,2016,5,6,complete
control_10.1111/j.1467-9280.2008.02086.x,PS,external_control,2017,2,5,complete
control_10.1111/j.1467-9280.2008.02086.x,PS,external_control,2018,4,4,complete
control_10.1111/j.1467-9280.2008.02086.x,PS,external_control,2019,1,1,complete
control_10.1111/j.1467-9280.2008.02086.x,PS,external_control,2020,1,2,complete
control_10.1111/j.1467-9280.2008.02086.x,PS,external_control,2021,3,4,complete
control_10.1111/j.1467-9280.2008.02086.x,PS,external_control,2022,0,1,complete
control_10.1111/j.1467-9280.2008.02086.x,PS,external_control,2023,1,3,complete
control_10.1111/j.1467-9280.2008.02086.x,PS,external_control,2024,2,4,complete
control_10.1111/j.1467-9280.2008.02086.x,PS,external_control,2025,0,0,complete
control_10.1111/j.1467-9280.2008.02087.x,PS,external_control,2008,2,3,complete
control_10.1111/j.1467-9280.2008.02087.x,PS,external_control,2009,2,2,complete
control_10.1111/j.1467-9280.2008.02087.x,PS,external_control,2010,11,11,complete
control_10.1111/j.1467-9280.2008.02087.x,PS,external_control,2011,10,16,complete
control_10.1111/j.1467-9280.2008.02087.x,PS,external_control,2012,9,11,complete
control_10.1111/j.1467-9280.2008.02087.x,PS,external_control,2013,10,10,complete
control_10.1111/j.1467-9280.2008.02087.x,PS,external_control,2014,12,15,complete
control_10.1111/j.1467-9280.2008.02087.x,PS,external_control,2015,9,10,complete
control_10.1111/j.1467-9280.2008.02087.x,PS,external_control,2016,11,11,complete
control_10.1111/j.1467-9280.2008.02087.x,PS,external_control,2017,7,7,complete
control_10.1111/j.1467-9280.2008.02087.x,PS,external_control,2018,7,8,complete
control_10.1111/j.1467-9280.2008.02087.x,PS,external_control,2019,7,7,complete
control_10.1111/j.1467-9280.2008.02087.x,PS,external_control,2020,5,51,complete
control_10.1111/j.1467-9280.2008.02087.x,PS,external_control,2021,2,4,complete
control_10.1111/j.1467-9280.2008.02087.x,PS,external_control,2022,4,5,complete
control_10.1111/j.1467-9280.2008.02087.x,PS,external_control,2023,2,4,complete
control_10.1111/j.1467-9280.2008.02087.x,PS,external_control,2024,6,9,complete
control_10.1111/j.1467-9280.2008.02087.x,PS,external_control,2025,6,8,complete
control_10.1111/j.1467-9280.2008.02094.x,PS,external_control,2008,5,5,complete
control_10.1111/j.1467-9280.2008.02094.x,PS,external_control,2009,12,12,complete
control_10.1111/j.1467-9280.2008.02094.x,PS,external_control,2010,8,10,complete
control_10.1111/j.1467-9280.2008.02094.x,PS,external_control,2011,21,22,complete
control_10.1111/j.1467-9280.2008.02094.x,PS,external_control,2012,18,21,complete
control_10.1111/j.1467-9280.2008.02094.x,PS,external_control,2013,30,33,complete
control_10.1111/j.1467-9280.2008.02094.x,PS,external_control,2014,15,19,complete
control_10.1111/j.1467-9280.2008.02094.x,PS,external_control,2015,22,25,complete
control_10.1111/j.1467-9280.2008.02094.x,PS,external_control,2016,22,23,complete
control_10.1111/j.1467-9280.2008.02094.x,PS,external_control,2017,21,23,complete
control_10.1111/j.1467-9280.2008.02094.x,PS,external_control,2018,17,18,complete
control_10.1111/j.1467-9280.2008.02094.x,PS,external_control,2019,16,20,complete
control_10.1111/j.1467-9280.2008.02094.x,PS,external_control,2020,24,30,complete
control_10.1111/j.1467-9280.2008.02094.x,PS,external_control,2021,20,22,complete
control_10.1111/j.1467-9280.2008.02094.x,PS,external_control,2022,11,13,complete
control_10.1111/j.1467-9280.2008.02094.x,PS,external_control,2023,13,15,complete
control_10.1111/j.1467-9280.2008.02094.x,PS,external_control,2024,10,12,complete
control_10.1111/j.1467-9280.2008.02094.x,PS,external_control,2025,9,10,complete
control_10.1111/j.1467-9280.2008.02096.x,PS,external_control,2008,1,1,complete
control_10.1111/j.1467-9280.2008.02096.x,PS,external_control,2009,17,21,complete
control_10.1111/j.1467-9280.2008.02096.x,PS,external_control,2010,17,26,complete
control_10.1111/j.1467-9280.2008.02096.x,PS,external_control,2011,20,24,complete
control_10.1111/j.1467-9280.2008.02096.x,PS,external_control,2012,20,27,complete
control_10.1111/j.1467-9280.2008.02096.x,PS,external_control,2013,28,40,complete
control_10.1111/j.1467-9280.2008.02096.x,PS,external_control,2014,31,41,complete
control_10.1111/j.1467-9280.2008.02096.x,PS,external_control,2015,38,51,complete
control_10.1111/j.1467-9280.2008.02096.x,PS,external_control,2016,35,46,complete
control_10.1111/j.1467-9280.2008.02096.x,PS,external_control,2017,37,49,complete
control_10.1111/j.1467-9280.2008.02096.x,PS,external_control,2018,29,37,complete
control_10.1111/j.1467-9280.2008.02096.x,PS,external_control,2019,39,52,complete
control_10.1111/j.1467-9280.2008.02096.x,PS,external_control,2020,42,68,complete
control_10.1111/j.1467-9280.2008.02096.x,PS,external_control,2021,35,48,complete
control_10.1111/j.1467-9280.2008.02096.x,PS,external_control,2022,36,50,complete
control_10.1111/j.1467-9280.2008.02096.x,PS,external_control,2023,37,43,complete
control_10.1111/j.1467-9280.2008.02096.x,PS,external_control,2024,22,33,complete
control_10.1111/j.1467-9280.2008.02096.x,PS,external_control,2025,33,39,complete
control_10.1111/j.1467-9280.2008.02099.x,PS,external_control,2008,3,3,complete
control_10.1111/j.1467-9280.2008.02099.x,PS,external_control,2009,9,9,complete
control_10.1111/j.1467-9280.2008.02099.x,PS,external_control,2010,17,18,complete
control_10.1111/j.1467-9280.2008.02099.x,PS,external_control,2011,15,17,complete
control_10.1111/j.1467-9280.2008.02099.x,PS,external_control,2012,22,33,complete
control_10.1111/j.1467-9280.2008.02099.x,PS,external_control,2013,23,25,complete
control_10.1111/j.1467-9280.2008.02099.x,PS,external_control,2014,15,18,complete
control_10.1111/j.1467-9280.2008.02099.x,PS,external_control,2015,17,19,complete
control_10.1111/j.1467-9280.2008.02099.x,PS,external_control,2016,18,23,complete
control_10.1111/j.1467-9280.2008.02099.x,PS,external_control,2017,17,18,complete
control_10.1111/j.1467-9280.2008.02099.x,PS,external_control,2018,22,24,complete
control_10.1111/j.1467-9280.2008.02099.x,PS,external_control,2019,30,34,complete
control_10.1111/j.1467-9280.2008.02099.x,PS,external_control,2020,20,66,complete
control_10.1111/j.1467-9280.2008.02099.x,PS,external_control,2021,28,35,complete
control_10.1111/j.1467-9280.2008.02099.x,PS,external_control,2022,19,24,complete
control_10.1111/j.1467-9280.2008.02099.x,PS,external_control,2023,20,28,complete
control_10.1111/j.1467-9280.2008.02099.x,PS,external_control,2024,22,28,complete
control_10.1111/j.1467-9280.2008.02099.x,PS,external_control,2025,24,28,complete
control_10.1111/j.1467-9280.2008.02102.x,PS,external_control,2008,1,1,complete
control_10.1111/j.1467-9280.2008.02102.x,PS,external_control,2009,4,4,complete
control_10.1111/j.1467-9280.2008.02102.x,PS,external_control,2010,11,15,complete
control_10.1111/j.1467-9280.2008.02102.x,PS,external_control,2011,11,16,complete
control_10.1111/j.1467-9280.2008.02102.x,PS,external_control,2012,12,14,complete
control_10.1111/j.1467-9280.2008.02102.x,PS,external_control,2013,10,16,complete
control_10.1111/j.1467-9280.2008.02102.x,PS,external_control,2014,10,13,complete
control_10.1111/j.1467-9280.2008.02102.x,PS,external_control,2015,8,12,complete
control_10.1111/j.1467-9280.2008.02102.x,PS,external_control,2016,11,13,complete
control_10.1111/j.1467-9280.2008.02102.x,PS,external_control,2017,13,16,complete
control_10.1111/j.1467-9280.2008.02102.x,PS,external_control,2018,11,18,complete
control_10.1111/j.1467-9280.2008.02102.x,PS,external_control,2019,12,13,complete
control_10.1111/j.1467-9280.2008.02102.x,PS,external_control,2020,16,19,complete
control_10.1111/j.1467-9280.2008.02102.x,PS,external_control,2021,11,12,complete
control_10.1111/j.1467-9280.2008.02102.x,PS,external_control,2022,10,13,complete
control_10.1111/j.1467-9280.2008.02102.x,PS,external_control,2023,13,19,complete
control_10.1111/j.1467-9280.2008.02102.x,PS,external_control,2024,13,17,complete
control_10.1111/j.1467-9280.2008.02102.x,PS,external_control,2025,10,11,complete
control_10.1111/j.1467-9280.2008.02103.x,PS,external_control,2008,1,1,complete
control_10.1111/j.1467-9280.2008.02103.x,PS,external_control,2009,2,3,complete
control_10.1111/j.1467-9280.2008.02103.x,PS,external_control,2010,5,7,complete
control_10.1111/j.1467-9280.2008.02103.x,PS,external_control,2011,6,7,complete
control_10.1111/j.1467-9280.2008.02103.x,PS,external_control,2012,1,4,complete
control_10.1111/j.1467-9280.2008.02103.x,PS,external_control,2013,3,5,complete
control_10.1111/j.1467-9280.2008.02103.x,PS,external_control,2014,4,4,complete
control_10.1111/j.1467-9280.2008.02103.x,PS,external_control,2015,2,4,complete
control_10.1111/j.1467-9280.2008.02103.x,PS,external_control,2016,1,1,complete
control_10.1111/j.1467-9280.2008.02103.x,PS,external_control,2017,1,1,complete
control_10.1111/j.1467-9280.2008.02103.x,PS,external_control,2018,5,6,complete
control_10.1111/j.1467-9280.2008.02103.x,PS,external_control,2019,2,3,complete
control_10.1111/j.1467-9280.2008.02103.x,PS,external_control,2020,0,14,complete
control_10.1111/j.1467-9280.2008.02103.x,PS,external_control,2021,0,0,complete
control_10.1111/j.1467-9280.2008.02103.x,PS,external_control,2022,2,3,complete
control_10.1111/j.1467-9280.2008.02103.x,PS,external_control,2023,1,1,complete
control_10.1111/j.1467-9280.2008.02103.x,PS,external_control,2024,0,1,complete
control_10.1111/j.1467-9280.2008.02103.x,PS,external_control,2025,0,0,complete
control_10.1111/j.1467-9280.2008.02104.x,PS,external_control,2008,2,2,complete
control_10.1111/j.1467-9280.2008.02104.x,PS,external_control,2009,4,7,complete
control_10.1111/j.1467-9280.2008.02104.x,PS,external_control,2010,4,4,complete
control_10.1111/j.1467-9280.2008.02104.x,PS,external_control,2011,5,7,complete
control_10.1111/j.1467-9280.2008.02104.x,PS,external_control,2012,3,3,complete
control_10.1111/j.1467-9280.2008.02104.x,PS,external_control,2013,11,12,complete
control_10.1111/j.1467-9280.2008.02104.x,PS,external_control,2014,7,9,complete
control_10.1111/j.1467-9280.2008.02104.x,PS,external_control,2015,10,15,complete
control_10.1111/j.1467-9280.2008.02104.x,PS,external_control,2016,13,16,complete
control_10.1111/j.1467-9280.2008.02104.x,PS,external_control,2017,8,10,complete
control_10.1111/j.1467-9280.2008.02104.x,PS,external_control,2018,9,16,complete
control_10.1111/j.1467-9280.2008.02104.x,PS,external_control,2019,8,11,complete
control_10.1111/j.1467-9280.2008.02104.x,PS,external_control,2020,8,9,complete
control_10.1111/j.1467-9280.2008.02104.x,PS,external_control,2021,14,17,complete
control_10.1111/j.1467-9280.2008.02104.x,PS,external_control,2022,9,12,complete
control_10.1111/j.1467-9280.2008.02104.x,PS,external_control,2023,9,11,complete
control_10.1111/j.1467-9280.2008.02104.x,PS,external_control,2024,6,6,complete
control_10.1111/j.1467-9280.2008.02104.x,PS,external_control,2025,5,5,complete
control_10.1111/j.1467-9280.2008.02105.x,PS,external_control,2008,1,1,complete
control_10.1111/j.1467-9280.2008.02105.x,PS,external_control,2009,3,5,complete
control_10.1111/j.1467-9280.2008.02105.x,PS,external_control,2010,4,6,complete
control_10.1111/j.1467-9280.2008.02105.x,PS,external_control,2011,7,7,complete
control_10.1111/j.1467-9280.2008.02105.x,PS,external_control,2012,7,9,complete
control_10.1111/j.1467-9280.2008.02105.x,PS,external_control,2013,14,15,complete
control_10.1111/j.1467-9280.2008.02105.x,PS,external_control,2014,8,9,complete
control_10.1111/j.1467-9280.2008.02105.x,PS,external_control,2015,13,15,complete
control_10.1111/j.1467-9280.2008.02105.x,PS,external_control,2016,5,5,complete
control_10.1111/j.1467-9280.2008.02105.x,PS,external_control,2017,3,4,complete
control_10.1111/j.1467-9280.2008.02105.x,PS,external_control,2018,3,5,complete
control_10.1111/j.1467-9280.2008.02105.x,PS,external_control,2019,5,8,complete
control_10.1111/j.1467-9280.2008.02105.x,PS,external_control,2020,6,8,complete
control_10.1111/j.1467-9280.2008.02105.x,PS,external_control,2021,3,4,complete
control_10.1111/j.1467-9280.2008.02105.x,PS,external_control,2022,4,5,complete
control_10.1111/j.1467-9280.2008.02105.x,PS,external_control,2023,2,3,complete
control_10.1111/j.1467-9280.2008.02105.x,PS,external_control,2024,4,6,complete
control_10.1111/j.1467-9280.2008.02105.x,PS,external_control,2025,2,2,complete
control_10.1111/j.1467-9280.2008.02106.x,PS,external_control,2008,0,0,complete
control_10.1111/j.1467-9280.2008.02106.x,PS,external_control,2009,1,2,complete
control_10.1111/j.1467-9280.2008.02106.x,PS,external_control,2010,4,6,complete
control_10.1111/j.1467-9280.2008.02106.x,PS,external_control,2011,7,8,complete
control_10.1111/j.1467-9280.2008.02106.x,PS,external_control,2012,2,30,complete
control_10.1111/j.1467-9280.2008.02106.x,PS,external_control,2013,3,5,complete
control_10.1111/j.1467-9280.2008.02106.x,PS,external_control,2014,5,8,complete
control_10.1111/j.1467-9280.2008.02106.x,PS,external_control,2015,3,5,complete
control_10.1111/j.1467-9280.2008.02106.x,PS,external_control,2016,5,8,complete
control_10.1111/j.1467-9280.2008.02106.x,PS,external_control,2017,8,9,complete
control_10.1111/j.1467-9280.2008.02106.x,PS,external_control,2018,2,3,complete
control_10.1111/j.1467-9280.2008.02106.x,PS,external_control,2019,5,9,complete
control_10.1111/j.1467-9280.2008.02106.x,PS,external_control,2020,4,5,complete
control_10.1111/j.1467-9280.2008.02106.x,PS,external_control,2021,10,11,complete
control_10.1111/j.1467-9280.2008.02106.x,PS,external_control,2022,7,9,complete
control_10.1111/j.1467-9280.2008.02106.x,PS,external_control,2023,5,8,complete
control_10.1111/j.1467-9280.2008.02106.x,PS,external_control,2024,5,7,complete
control_10.1111/j.1467-9280.2008.02106.x,PS,external_control,2025,7,7,complete
control_10.1111/j.1467-9280.2008.02107.x,PS,external_control,2008,1,1,complete
control_10.1111/j.1467-9280.2008.02107.x,PS,external_control,2009,10,11,complete
control_10.1111/j.1467-9280.2008.02107.x,PS,external_control,2010,19,24,complete
control_10.1111/j.1467-9280.2008.02107.x,PS,external_control,2011,18,22,complete
control_10.1111/j.1467-9280.2008.02107.x,PS,external_control,2012,17,27,complete
control_10.1111/j.1467-9280.2008.02107.x,PS,external_control,2013,17,20,complete
control_10.1111/j.1467-9280.2008.02107.x,PS,external_control,2014,20,29,complete
control_10.1111/j.1467-9280.2008.02107.x,PS,external_control,2015,24,30,complete
control_10.1111/j.1467-9280.2008.02107.x,PS,external_control,2016,16,21,complete
control_10.1111/j.1467-9280.2008.02107.x,PS,external_control,2017,15,16,complete
control_10.1111/j.1467-9280.2008.02107.x,PS,external_control,2018,15,18,complete
control_10.1111/j.1467-9280.2008.02107.x,PS,external_control,2019,19,24,complete
control_10.1111/j.1467-9280.2008.02107.x,PS,external_control,2020,8,9,complete
control_10.1111/j.1467-9280.2008.02107.x,PS,external_control,2021,11,15,complete
control_10.1111/j.1467-9280.2008.02107.x,PS,external_control,2022,3,6,complete
control_10.1111/j.1467-9280.2008.02107.x,PS,external_control,2023,11,13,complete
control_10.1111/j.1467-9280.2008.02107.x,PS,external_control,2024,7,10,complete
control_10.1111/j.1467-9280.2008.02107.x,PS,external_control,2025,8,9,complete
control_10.1111/j.1467-9280.2008.02108.x,PS,external_control,2008,4,4,complete
control_10.1111/j.1467-9280.2008.02108.x,PS,external_control,2009,9,12,complete
control_10.1111/j.1467-9280.2008.02108.x,PS,external_control,2010,4,7,complete
control_10.1111/j.1467-9280.2008.02108.x,PS,external_control,2011,6,7,complete
control_10.1111/j.1467-9280.2008.02108.x,PS,external_control,2012,6,7,complete
control_10.1111/j.1467-9280.2008.02108.x,PS,external_control,2013,5,9,complete
control_10.1111/j.1467-9280.2008.02108.x,PS,external_control,2014,3,5,complete
control_10.1111/j.1467-9280.2008.02108.x,PS,external_control,2015,5,6,complete
control_10.1111/j.1467-9280.2008.02108.x,PS,external_control,2016,1,2,complete
control_10.1111/j.1467-9280.2008.02108.x,PS,external_control,2017,7,10,complete
control_10.1111/j.1467-9280.2008.02108.x,PS,external_control,2018,6,9,complete
control_10.1111/j.1467-9280.2008.02108.x,PS,external_control,2019,4,9,complete
control_10.1111/j.1467-9280.2008.02108.x,PS,external_control,2020,7,8,complete
control_10.1111/j.1467-9280.2008.02108.x,PS,external_control,2021,3,3,complete
control_10.1111/j.1467-9280.2008.02108.x,PS,external_control,2022,1,2,complete
control_10.1111/j.1467-9280.2008.02108.x,PS,external_control,2023,4,4,complete
control_10.1111/j.1467-9280.2008.02108.x,PS,external_control,2024,1,1,complete
control_10.1111/j.1467-9280.2008.02108.x,PS,external_control,2025,5,6,complete
control_10.1111/j.1467-9280.2008.02109.x,PS,external_control,2008,0,0,complete
control_10.1111/j.1467-9280.2008.02109.x,PS,external_control,2009,2,3,complete
control_10.1111/j.1467-9280.2008.02109.x,PS,external_control,2010,4,6,complete
control_10.1111/j.1467-9280.2008.02109.x,PS,external_control,2011,1,2,complete
control_10.1111/j.1467-9280.2008.02109.x,PS,external_control,2012,8,8,complete
control_10.1111/j.1467-9280.2008.02109.x,PS,external_control,2013,5,5,complete
control_10.1111/j.1467-9280.2008.02109.x,PS,external_control,2014,4,6,complete
control_10.1111/j.1467-9280.2008.02109.x,PS,external_control,2015,2,5,complete
control_10.1111/j.1467-9280.2008.02109.x,PS,external_control,2016,5,5,complete
control_10.1111/j.1467-9280.2008.02109.x,PS,external_control,2017,0,1,complete
control_10.1111/j.1467-9280.2008.02109.x,PS,external_control,2018,2,5,complete
control_10.1111/j.1467-9280.2008.02109.x,PS,external_control,2019,3,3,complete
control_10.1111/j.1467-9280.2008.02109.x,PS,external_control,2020,4,6,complete
control_10.1111/j.1467-9280.2008.02109.x,PS,external_control,2021,2,5,complete
control_10.1111/j.1467-9280.2008.02109.x,PS,external_control,2022,3,4,complete
control_10.1111/j.1467-9280.2008.02109.x,PS,external_control,2023,2,4,complete
control_10.1111/j.1467-9280.2008.02109.x,PS,external_control,2024,3,4,complete
control_10.1111/j.1467-9280.2008.02109.x,PS,external_control,2025,0,0,complete
control_10.1111/j.1467-9280.2008.02110.x,PS,external_control,2008,0,0,complete
control_10.1111/j.1467-9280.2008.02110.x,PS,external_control,2009,1,2,complete
control_10.1111/j.1467-9280.2008.02110.x,PS,external_control,2010,2,2,complete
control_10.1111/j.1467-9280.2008.02110.x,PS,external_control,2011,1,3,complete
control_10.1111/j.1467-9280.2008.02110.x,PS,external_control,2012,1,2,complete
control_10.1111/j.1467-9280.2008.02110.x,PS,external_control,2013,1,1,complete
control_10.1111/j.1467-9280.2008.02110.x,PS,external_control,2014,1,1,complete
control_10.1111/j.1467-9280.2008.02110.x,PS,external_control,2015,0,1,complete
control_10.1111/j.1467-9280.2008.02110.x,PS,external_control,2016,2,3,complete
control_10.1111/j.1467-9280.2008.02110.x,PS,external_control,2017,0,0,complete
control_10.1111/j.1467-9280.2008.02110.x,PS,external_control,2018,0,0,complete
control_10.1111/j.1467-9280.2008.02110.x,PS,external_control,2019,0,0,complete
control_10.1111/j.1467-9280.2008.02110.x,PS,external_control,2020,2,2,complete
control_10.1111/j.1467-9280.2008.02110.x,PS,external_control,2021,0,0,complete
control_10.1111/j.1467-9280.2008.02110.x,PS,external_control,2022,2,4,complete
control_10.1111/j.1467-9280.2008.02110.x,PS,external_control,2023,0,0,complete
control_10.1111/j.1467-9280.2008.02110.x,PS,external_control,2024,0,1,complete
control_10.1111/j.1467-9280.2008.02110.x,PS,external_control,2025,0,0,complete
control_10.1111/j.1467-9280.2008.02111.x,PS,external_control,2008,0,0,complete
control_10.1111/j.1467-9280.2008.02111.x,PS,external_control,2009,7,7,complete
control_10.1111/j.1467-9280.2008.02111.x,PS,external_control,2010,6,6,complete
control_10.1111/j.1467-9280.2008.02111.x,PS,external_control,2011,8,9,complete
control_10.1111/j.1467-9280.2008.02111.x,PS,external_control,2012,4,9,complete
control_10.1111/j.1467-9280.2008.02111.x,PS,external_control,2013,1,2,complete
control_10.1111/j.1467-9280.2008.02111.x,PS,external_control,2014,5,5,complete
control_10.1111/j.1467-9280.2008.02111.x,PS,external_control,2015,1,1,complete
control_10.1111/j.1467-9280.2008.02111.x,PS,external_control,2016,0,0,complete
control_10.1111/j.1467-9280.2008.02111.x,PS,external_control,2017,1,1,complete
control_10.1111/j.1467-9280.2008.02111.x,PS,external_control,2018,1,2,complete
control_10.1111/j.1467-9280.2008.02111.x,PS,external_control,2019,1,1,complete
control_10.1111/j.1467-9280.2008.02111.x,PS,external_control,2020,0,0,complete
control_10.1111/j.1467-9280.2008.02111.x,PS,external_control,2021,1,1,complete
control_10.1111/j.1467-9280.2008.02111.x,PS,external_control,2022,3,3,complete
control_10.1111/j.1467-9280.2008.02111.x,PS,external_control,2023,1,2,complete
control_10.1111/j.1467-9280.2008.02111.x,PS,external_control,2024,0,8,complete
control_10.1111/j.1467-9280.2008.02111.x,PS,external_control,2025,4,6,complete
control_10.1111/j.1467-9280.2008.02112.x,PS,external_control,2008,4,4,complete
control_10.1111/j.1467-9280.2008.02112.x,PS,external_control,2009,20,22,complete
control_10.1111/j.1467-9280.2008.02112.x,PS,external_control,2010,25,32,complete
control_10.1111/j.1467-9280.2008.02112.x,PS,external_control,2011,40,49,complete
control_10.1111/j.1467-9280.2008.02112.x,PS,external_control,2012,29,34,complete
control_10.1111/j.1467-9280.2008.02112.x,PS,external_control,2013,27,33,complete
control_10.1111/j.1467-9280.2008.02112.x,PS,external_control,2014,32,43,complete
control_10.1111/j.1467-9280.2008.02112.x,PS,external_control,2015,42,51,complete
control_10.1111/j.1467-9280.2008.02112.x,PS,external_control,2016,26,30,complete
control_10.1111/j.1467-9280.2008.02112.x,PS,external_control,2017,29,37,complete
control_10.1111/j.1467-9280.2008.02112.x,PS,external_control,2018,26,31,complete
control_10.1111/j.1467-9280.2008.02112.x,PS,external_control,2019,35,59,complete
control_10.1111/j.1467-9280.2008.02112.x,PS,external_control,2020,31,43,complete
control_10.1111/j.1467-9280.2008.02112.x,PS,external_control,2021,31,48,complete
control_10.1111/j.1467-9280.2008.02112.x,PS,external_control,2022,24,33,complete
control_10.1111/j.1467-9280.2008.02112.x,PS,external_control,2023,20,27,complete
control_10.1111/j.1467-9280.2008.02112.x,PS,external_control,2024,22,28,complete
control_10.1111/j.1467-9280.2008.02112.x,PS,external_control,2025,16,34,complete
control_10.1111/j.1467-9280.2008.02113.x,PS,external_control,2008,2,2,complete
control_10.1111/j.1467-9280.2008.02113.x,PS,external_control,2009,15,19,complete
control_10.1111/j.1467-9280.2008.02113.x,PS,external_control,2010,15,19,complete
control_10.1111/j.1467-9280.2008.02113.x,PS,external_control,2011,17,20,complete
control_10.1111/j.1467-9280.2008.02113.x,PS,external_control,2012,20,25,complete
control_10.1111/j.1467-9280.2008.02113.x,PS,external_control,2013,13,18,complete
control_10.1111/j.1467-9280.2008.02113.x,PS,external_control,2014,9,11,complete
control_10.1111/j.1467-9280.2008.02113.x,PS,external_control,2015,8,12,complete
control_10.1111/j.1467-9280.2008.02113.x,PS,external_control,2016,12,14,complete
control_10.1111/j.1467-9280.2008.02113.x,PS,external_control,2017,8,11,complete
control_10.1111/j.1467-9280.2008.02113.x,PS,external_control,2018,12,15,complete
control_10.1111/j.1467-9280.2008.02113.x,PS,external_control,2019,9,10,complete
control_10.1111/j.1467-9280.2008.02113.x,PS,external_control,2020,8,11,complete
control_10.1111/j.1467-9280.2008.02113.x,PS,external_control,2021,6,13,complete
control_10.1111/j.1467-9280.2008.02113.x,PS,external_control,2022,5,7,complete
control_10.1111/j.1467-9280.2008.02113.x,PS,external_control,2023,7,11,complete
control_10.1111/j.1467-9280.2008.02113.x,PS,external_control,2024,4,7,complete
control_10.1111/j.1467-9280.2008.02113.x,PS,external_control,2025,9,10,complete
control_10.1111/j.1467-9280.2008.02114.x,PS,external_control,2008,0,1,complete
control_10.1111/j.1467-9280.2008.02114.x,PS,external_control,2009,4,4,complete
control_10.1111/j.1467-9280.2008.02114.x,PS,external_control,2010,3,3,complete
control_10.1111/j.1467-9280.2008.02114.x,PS,external_control,2011,5,6,complete
control_10.1111/j.1467-9280.2008.02114.x,PS,external_control,2012,5,5,complete
control_10.1111/j.1467-9280.2008.02114.x,PS,external_control,2013,5,6,complete
control_10.1111/j.1467-9280.2008.02114.x,PS,external_control,2014,9,9,complete
control_10.1111/j.1467-9280.2008.02114.x,PS,external_control,2015,5,5,complete
control_10.1111/j.1467-9280.2008.02114.x,PS,external_control,2016,7,7,complete
control_10.1111/j.1467-9280.2008.02114.x,PS,external_control,2017,5,5,complete
control_10.1111/j.1467-9280.2008.02114.x,PS,external_control,2018,1,1,complete
control_10.1111/j.1467-9280.2008.02114.x,PS,external_control,2019,2,3,complete
control_10.1111/j.1467-9280.2008.02114.x,PS,external_control,2020,6,6,complete
control_10.1111/j.1467-9280.2008.02114.x,PS,external_control,2021,3,3,complete
control_10.1111/j.1467-9280.2008.02114.x,PS,external_control,2022,1,2,complete
control_10.1111/j.1467-9280.2008.02114.x,PS,external_control,2023,1,1,complete
control_10.1111/j.1467-9280.2008.02114.x,PS,external_control,2024,0,0,complete
control_10.1111/j.1467-9280.2008.02114.x,PS,external_control,2025,1,1,complete
control_10.1111/j.1467-9280.2008.02115.x,PS,external_control,2008,0,0,complete
control_10.1111/j.1467-9280.2008.02115.x,PS,external_control,2009,1,1,complete
control_10.1111/j.1467-9280.2008.02115.x,PS,external_control,2010,5,5,complete
control_10.1111/j.1467-9280.2008.02115.x,PS,external_control,2011,2,3,complete
control_10.1111/j.1467-9280.2008.02115.x,PS,external_control,2012,6,9,complete
control_10.1111/j.1467-9280.2008.02115.x,PS,external_control,2013,2,2,complete
control_10.1111/j.1467-9280.2008.02115.x,PS,external_control,2014,4,6,complete
control_10.1111/j.1467-9280.2008.02115.x,PS,external_control,2015,4,5,complete
control_10.1111/j.1467-9280.2008.02115.x,PS,external_control,2016,3,3,complete
control_10.1111/j.1467-9280.2008.02115.x,PS,external_control,2017,3,3,complete
control_10.1111/j.1467-9280.2008.02115.x,PS,external_control,2018,1,2,complete
control_10.1111/j.1467-9280.2008.02115.x,PS,external_control,2019,4,10,complete
control_10.1111/j.1467-9280.2008.02115.x,PS,external_control,2020,6,9,complete
control_10.1111/j.1467-9280.2008.02115.x,PS,external_control,2021,5,5,complete
control_10.1111/j.1467-9280.2008.02115.x,PS,external_control,2022,2,4,complete
control_10.1111/j.1467-9280.2008.02115.x,PS,external_control,2023,2,2,complete
control_10.1111/j.1467-9280.2008.02115.x,PS,external_control,2024,1,1,complete
control_10.1111/j.1467-9280.2008.02115.x,PS,external_control,2025,0,0,complete
control_10.1111/j.1467-9280.2008.02116.x,PS,external_control,2008,0,0,complete
control_10.1111/j.1467-9280.2008.02116.x,PS,external_control,2009,7,9,complete
control_10.1111/j.1467-9280.2008.02116.x,PS,external_control,2010,8,12,complete
control_10.1111/j.1467-9280.2008.02116.x,PS,external_control,2011,13,18,complete
control_10.1111/j.1467-9280.2008.02116.x,PS,external_control,2012,13,21,complete
control_10.1111/j.1467-9280.2008.02116.x,PS,external_control,2013,8,17,complete
control_10.1111/j.1467-9280.2008.02116.x,PS,external_control,2014,16,26,complete
control_10.1111/j.1467-9280.2008.02116.x,PS,external_control,2015,12,22,complete
control_10.1111/j.1467-9280.2008.02116.x,PS,external_control,2016,19,29,complete
control_10.1111/j.1467-9280.2008.02116.x,PS,external_control,2017,19,30,complete
control_10.1111/j.1467-9280.2008.02116.x,PS,external_control,2018,16,31,complete
control_10.1111/j.1467-9280.2008.02116.x,PS,external_control,2019,15,40,complete
control_10.1111/j.1467-9280.2008.02116.x,PS,external_control,2020,15,28,complete
control_10.1111/j.1467-9280.2008.02116.x,PS,external_control,2021,26,38,complete
control_10.1111/j.1467-9280.2008.02116.x,PS,external_control,2022,22,36,complete
control_10.1111/j.1467-9280.2008.02116.x,PS,external_control,2023,25,41,complete
control_10.1111/j.1467-9280.2008.02116.x,PS,external_control,2024,20,33,complete
control_10.1111/j.1467-9280.2008.02116.x,PS,external_control,2025,21,26,complete
control_10.1111/j.1467-9280.2008.02117.x,PS,external_control,2008,1,1,complete
control_10.1111/j.1467-9280.2008.02117.x,PS,external_control,2009,11,11,complete
control_10.1111/j.1467-9280.2008.02117.x,PS,external_control,2010,12,13,complete
control_10.1111/j.1467-9280.2008.02117.x,PS,external_control,2011,6,11,complete
control_10.1111/j.1467-9280.2008.02117.x,PS,external_control,2012,20,25,complete
control_10.1111/j.1467-9280.2008.02117.x,PS,external_control,2013,21,24,complete
control_10.1111/j.1467-9280.2008.02117.x,PS,external_control,2014,20,24,complete
control_10.1111/j.1467-9280.2008.02117.x,PS,external_control,2015,20,27,complete
control_10.1111/j.1467-9280.2008.02117.x,PS,external_control,2016,32,37,complete
control_10.1111/j.1467-9280.2008.02117.x,PS,external_control,2017,27,33,complete
control_10.1111/j.1467-9280.2008.02117.x,PS,external_control,2018,20,28,complete
control_10.1111/j.1467-9280.2008.02117.x,PS,external_control,2019,36,69,complete
control_10.1111/j.1467-9280.2008.02117.x,PS,external_control,2020,28,76,complete
control_10.1111/j.1467-9280.2008.02117.x,PS,external_control,2021,44,56,complete
control_10.1111/j.1467-9280.2008.02117.x,PS,external_control,2022,35,48,complete
control_10.1111/j.1467-9280.2008.02117.x,PS,external_control,2023,30,49,complete
control_10.1111/j.1467-9280.2008.02117.x,PS,external_control,2024,35,52,complete
control_10.1111/j.1467-9280.2008.02117.x,PS,external_control,2025,25,32,complete
control_10.1111/j.1467-9280.2008.02118.x,PS,external_control,2008,1,2,complete
control_10.1111/j.1467-9280.2008.02118.x,PS,external_control,2009,6,7,complete
control_10.1111/j.1467-9280.2008.02118.x,PS,external_control,2010,7,10,complete
control_10.1111/j.1467-9280.2008.02118.x,PS,external_control,2011,11,16,complete
control_10.1111/j.1467-9280.2008.02118.x,PS,external_control,2012,8,11,complete
control_10.1111/j.1467-9280.2008.02118.x,PS,external_control,2013,11,15,complete
control_10.1111/j.1467-9280.2008.02118.x,PS,external_control,2014,11,14,complete
control_10.1111/j.1467-9280.2008.02118.x,PS,external_control,2015,11,14,complete
control_10.1111/j.1467-9280.2008.02118.x,PS,external_control,2016,13,17,complete
control_10.1111/j.1467-9280.2008.02118.x,PS,external_control,2017,12,13,complete
control_10.1111/j.1467-9280.2008.02118.x,PS,external_control,2018,10,12,complete
control_10.1111/j.1467-9280.2008.02118.x,PS,external_control,2019,9,12,complete
control_10.1111/j.1467-9280.2008.02118.x,PS,external_control,2020,6,7,complete
control_10.1111/j.1467-9280.2008.02118.x,PS,external_control,2021,8,13,complete
control_10.1111/j.1467-9280.2008.02118.x,PS,external_control,2022,10,11,complete
control_10.1111/j.1467-9280.2008.02118.x,PS,external_control,2023,7,9,complete
control_10.1111/j.1467-9280.2008.02118.x,PS,external_control,2024,9,15,complete
control_10.1111/j.1467-9280.2008.02118.x,PS,external_control,2025,7,7,complete
control_10.1111/j.1467-9280.2008.02119.x,PS,external_control,2008,2,2,complete
control_10.1111/j.1467-9280.2008.02119.x,PS,external_control,2009,2,3,complete
control_10.1111/j.1467-9280.2008.02119.x,PS,external_control,2010,3,5,complete
control_10.1111/j.1467-9280.2008.02119.x,PS,external_control,2011,0,0,complete
control_10.1111/j.1467-9280.2008.02119.x,PS,external_control,2012,3,5,complete
control_10.1111/j.1467-9280.2008.02119.x,PS,external_control,2013,2,5,complete
control_10.1111/j.1467-9280.2008.02119.x,PS,external_control,2014,6,8,complete
control_10.1111/j.1467-9280.2008.02119.x,PS,external_control,2015,3,3,complete
control_10.1111/j.1467-9280.2008.02119.x,PS,external_control,2016,2,2,complete
control_10.1111/j.1467-9280.2008.02119.x,PS,external_control,2017,4,4,complete
control_10.1111/j.1467-9280.2008.02119.x,PS,external_control,2018,5,6,complete
control_10.1111/j.1467-9280.2008.02119.x,PS,external_control,2019,2,3,complete
control_10.1111/j.1467-9280.2008.02119.x,PS,external_control,2020,2,2,complete
control_10.1111/j.1467-9280.2008.02119.x,PS,external_control,2021,4,5,complete
control_10.1111/j.1467-9280.2008.02119.x,PS,external_control,2022,6,7,complete
control_10.1111/j.1467-9280.2008.02119.x,PS,external_control,2023,1,3,complete
control_10.1111/j.1467-9280.2008.02119.x,PS,external_control,2024,0,2,complete
control_10.1111/j.1467-9280.2008.02119.x,PS,external_control,2025,1,1,complete
control_10.1111/j.1467-9280.2008.02120.x,PS,external_control,2008,0,0,complete
control_10.1111/j.1467-9280.2008.02120.x,PS,external_control,2009,5,7,complete
control_10.1111/j.1467-9280.2008.02120.x,PS,external_control,2010,3,6,complete
control_10.1111/j.1467-9280.2008.02120.x,PS,external_control,2011,2,6,complete
control_10.1111/j.1467-9280.2008.02120.x,PS,external_control,2012,8,11,complete
control_10.1111/j.1467-9280.2008.02120.x,PS,external_control,2013,4,7,complete
control_10.1111/j.1467-9280.2008.02120.x,PS,external_control,2014,3,5,complete
control_10.1111/j.1467-9280.2008.02120.x,PS,external_control,2015,2,4,complete
control_10.1111/j.1467-9280.2008.02120.x,PS,external_control,2016,4,5,complete
control_10.1111/j.1467-9280.2008.02120.x,PS,external_control,2017,2,3,complete
control_10.1111/j.1467-9280.2008.02120.x,PS,external_control,2018,3,5,complete
control_10.1111/j.1467-9280.2008.02120.x,PS,external_control,2019,1,2,complete
control_10.1111/j.1467-9280.2008.02120.x,PS,external_control,2020,0,0,complete
control_10.1111/j.1467-9280.2008.02120.x,PS,external_control,2021,2,3,complete
control_10.1111/j.1467-9280.2008.02120.x,PS,external_control,2022,0,0,complete
control_10.1111/j.1467-9280.2008.02120.x,PS,external_control,2023,3,3,complete
control_10.1111/j.1467-9280.2008.02120.x,PS,external_control,2024,0,0,complete
control_10.1111/j.1467-9280.2008.02120.x,PS,external_control,2025,1,3,complete
control_10.1111/j.1467-9280.2008.02121.x,PS,external_control,2008,0,0,complete
control_10.1111/j.1467-9280.2008.02121.x,PS,external_control,2009,4,4,complete
control_10.1111/j.1467-9280.2008.02121.x,PS,external_control,2010,3,4,complete
control_10.1111/j.1467-9280.2008.02121.x,PS,external_control,2011,3,4,complete
control_10.1111/j.1467-9280.2008.02121.x,PS,external_control,2012,1,1,complete
control_10.1111/j.1467-9280.2008.02121.x,PS,external_control,2013,1,2,complete
control_10.1111/j.1467-9280.2008.02121.x,PS,external_control,2014,0,1,complete
control_10.1111/j.1467-9280.2008.02121.x,PS,external_control,2015,1,2,complete
control_10.1111/j.1467-9280.2008.02121.x,PS,external_control,2016,0,0,complete
control_10.1111/j.1467-9280.2008.02121.x,PS,external_control,2017,1,2,complete
control_10.1111/j.1467-9280.2008.02121.x,PS,external_control,2018,1,2,complete
control_10.1111/j.1467-9280.2008.02121.x,PS,external_control,2019,2,4,complete
control_10.1111/j.1467-9280.2008.02121.x,PS,external_control,2020,3,3,complete
control_10.1111/j.1467-9280.2008.02121.x,PS,external_control,2021,3,3,complete
control_10.1111/j.1467-9280.2008.02121.x,PS,external_control,2022,2,3,complete
control_10.1111/j.1467-9280.2008.02121.x,PS,external_control,2023,1,2,complete
control_10.1111/j.1467-9280.2008.02121.x,PS,external_control,2024,1,1,complete
control_10.1111/j.1467-9280.2008.02121.x,PS,external_control,2025,2,2,complete
control_10.1111/j.1467-9280.2008.02122.x,PS,external_control,2008,0,0,complete
control_10.1111/j.1467-9280.2008.02122.x,PS,external_control,2009,10,16,complete
control_10.1111/j.1467-9280.2008.02122.x,PS,external_control,2010,9,11,complete
control_10.1111/j.1467-9280.2008.02122.x,PS,external_control,2011,14,16,complete
control_10.1111/j.1467-9280.2008.02122.x,PS,external_control,2012,16,23,complete
control_10.1111/j.1467-9280.2008.02122.x,PS,external_control,2013,21,24,complete
control_10.1111/j.1467-9280.2008.02122.x,PS,external_control,2014,24,36,complete
control_10.1111/j.1467-9280.2008.02122.x,PS,external_control,2015,13,16,complete
control_10.1111/j.1467-9280.2008.02122.x,PS,external_control,2016,30,34,complete
control_10.1111/j.1467-9280.2008.02122.x,PS,external_control,2017,24,30,complete
control_10.1111/j.1467-9280.2008.02122.x,PS,external_control,2018,13,17,complete
control_10.1111/j.1467-9280.2008.02122.x,PS,external_control,2019,25,32,complete
control_10.1111/j.1467-9280.2008.02122.x,PS,external_control,2020,21,22,complete
control_10.1111/j.1467-9280.2008.02122.x,PS,external_control,2021,22,31,complete
control_10.1111/j.1467-9280.2008.02122.x,PS,external_control,2022,20,23,complete
control_10.1111/j.1467-9280.2008.02122.x,PS,external_control,2023,18,30,complete
control_10.1111/j.1467-9280.2008.02122.x,PS,external_control,2024,14,19,complete
control_10.1111/j.1467-9280.2008.02122.x,PS,external_control,2025,12,16,complete
control_10.1111/j.1467-9280.2008.02123.x,PS,external_control,2008,0,1,complete
control_10.1111/j.1467-9280.2008.02123.x,PS,external_control,2009,8,9,complete
control_10.1111/j.1467-9280.2008.02123.x,PS,external_control,2010,10,13,complete
control_10.1111/j.1467-9280.2008.02123.x,PS,external_control,2011,29,32,complete
control_10.1111/j.1467-9280.2008.02123.x,PS,external_control,2012,17,22,complete
control_10.1111/j.1467-9280.2008.02123.x,PS,external_control,2013,17,20,complete
control_10.1111/j.1467-9280.2008.02123.x,PS,external_control,2014,14,20,complete
control_10.1111/j.1467-9280.2008.02123.x,PS,external_control,2015,14,19,complete
control_10.1111/j.1467-9280.2008.02123.x,PS,external_control,2016,15,18,complete
control_10.1111/j.1467-9280.2008.02123.x,PS,external_control,2017,13,19,complete
control_10.1111/j.1467-9280.2008.02123.x,PS,external_control,2018,20,24,complete
control_10.1111/j.1467-9280.2008.02123.x,PS,external_control,2019,20,40,complete
control_10.1111/j.1467-9280.2008.02123.x,PS,external_control,2020,12,23,complete
control_10.1111/j.1467-9280.2008.02123.x,PS,external_control,2021,9,10,complete
control_10.1111/j.1467-9280.2008.02123.x,PS,external_control,2022,11,14,complete
control_10.1111/j.1467-9280.2008.02123.x,PS,external_control,2023,8,13,complete
control_10.1111/j.1467-9280.2008.02123.x,PS,external_control,2024,5,6,complete
control_10.1111/j.1467-9280.2008.02123.x,PS,external_control,2025,9,10,complete
control_10.1111/j.1467-9280.2008.02125.x,PS,external_control,2008,0,0,complete
control_10.1111/j.1467-9280.2008.02125.x,PS,external_control,2009,1,2,complete
control_10.1111/j.1467-9280.2008.02125.x,PS,external_control,2010,7,8,complete
control_10.1111/j.1467-9280.2008.02125.x,PS,external_control,2011,0,2,complete
control_10.1111/j.1467-9280.2008.02125.x,PS,external_control,2012,2,3,complete
control_10.1111/j.1467-9280.2008.02125.x,PS,external_control,2013,0,0,complete
control_10.1111/j.1467-9280.2008.02125.x,PS,external_control,2014,0,0,complete
control_10.1111/j.1467-9280.2008.02125.x,PS,external_control,2015,2,3,complete
control_10.1111/j.1467-9280.2008.02125.x,PS,external_control,2016,0,0,complete
control_10.1111/j.1467-9280.2008.02125.x,PS,external_control,2017,2,2,complete
control_10.1111/j.1467-9280.2008.02125.x,PS,external_control,2018,1,1,complete
control_10.1111/j.1467-9280.2008.02125.x,PS,external_control,2019,0,0,complete
control_10.1111/j.1467-9280.2008.02125.x,PS,external_control,2020,0,0,complete
control_10.1111/j.1467-9280.2008.02125.x,PS,external_control,2021,2,4,complete
control_10.1111/j.1467-9280.2008.02125.x,PS,external_control,2022,0,0,complete
control_10.1111/j.1467-9280.2008.02125.x,PS,external_control,2023,0,0,complete
control_10.1111/j.1467-9280.2008.02125.x,PS,external_control,2024,1,1,complete
control_10.1111/j.1467-9280.2008.02125.x,PS,external_control,2025,0,0,complete
control_10.1111/j.1467-9280.2008.02126.x,PS,external_control,2008,1,1,complete
control_10.1111/j.1467-9280.2008.02126.x,PS,external_control,2009,6,7,complete
control_10.1111/j.1467-9280.2008.02126.x,PS,external_control,2010,12,15,complete
control_10.1111/j.1467-9280.2008.02126.x,PS,external_control,2011,11,15,complete
control_10.1111/j.1467-9280.2008.02126.x,PS,external_control,2012,8,12,complete
control_10.1111/j.1467-9280.2008.02126.x,PS,external_control,2013,10,11,complete
control_10.1111/j.1467-9280.2008.02126.x,PS,external_control,2014,17,25,complete
control_10.1111/j.1467-9280.2008.02126.x,PS,external_control,2015,20,25,complete
control_10.1111/j.1467-9280.2008.02126.x,PS,external_control,2016,9,15,complete
control_10.1111/j.1467-9280.2008.02126.x,PS,external_control,2017,10,13,complete
control_10.1111/j.1467-9280.2008.02126.x,PS,external_control,2018,7,8,complete
control_10.1111/j.1467-9280.2008.02126.x,PS,external_control,2019,6,8,complete
control_10.1111/j.1467-9280.2008.02126.x,PS,external_control,2020,13,14,complete
control_10.1111/j.1467-9280.2008.02126.x,PS,external_control,2021,18,24,complete
control_10.1111/j.1467-9280.2008.02126.x,PS,external_control,2022,15,20,complete
control_10.1111/j.1467-9280.2008.02126.x,PS,external_control,2023,13,19,complete
control_10.1111/j.1467-9280.2008.02126.x,PS,external_control,2024,9,34,complete
control_10.1111/j.1467-9280.2008.02126.x,PS,external_control,2025,18,22,complete
control_10.1111/j.1467-9280.2008.02127.x,PS,external_control,2008,2,2,complete
control_10.1111/j.1467-9280.2008.02127.x,PS,external_control,2009,10,13,complete
control_10.1111/j.1467-9280.2008.02127.x,PS,external_control,2010,8,11,complete
control_10.1111/j.1467-9280.2008.02127.x,PS,external_control,2011,18,22,complete
control_10.1111/j.1467-9280.2008.02127.x,PS,external_control,2012,22,24,complete
control_10.1111/j.1467-9280.2008.02127.x,PS,external_control,2013,27,34,complete
control_10.1111/j.1467-9280.2008.02127.x,PS,external_control,2014,25,28,complete
control_10.1111/j.1467-9280.2008.02127.x,PS,external_control,2015,22,27,complete
control_10.1111/j.1467-9280.2008.02127.x,PS,external_control,2016,39,44,complete
control_10.1111/j.1467-9280.2008.02127.x,PS,external_control,2017,21,29,complete
control_10.1111/j.1467-9280.2008.02127.x,PS,external_control,2018,23,29,complete
control_10.1111/j.1467-9280.2008.02127.x,PS,external_control,2019,33,59,complete
control_10.1111/j.1467-9280.2008.02127.x,PS,external_control,2020,26,33,complete
control_10.1111/j.1467-9280.2008.02127.x,PS,external_control,2021,27,39,complete
control_10.1111/j.1467-9280.2008.02127.x,PS,external_control,2022,38,54,complete
control_10.1111/j.1467-9280.2008.02127.x,PS,external_control,2023,42,48,complete
control_10.1111/j.1467-9280.2008.02127.x,PS,external_control,2024,25,31,complete
control_10.1111/j.1467-9280.2008.02127.x,PS,external_control,2025,37,44,complete
control_10.1111/j.1467-9280.2008.02128.x,PS,external_control,2008,1,1,complete
control_10.1111/j.1467-9280.2008.02128.x,PS,external_control,2009,4,4,complete
control_10.1111/j.1467-9280.2008.02128.x,PS,external_control,2010,11,12,complete
control_10.1111/j.1467-9280.2008.02128.x,PS,external_control,2011,9,9,complete
control_10.1111/j.1467-9280.2008.02128.x,PS,external_control,2012,0,2,complete
control_10.1111/j.1467-9280.2008.02128.x,PS,external_control,2013,2,3,complete
control_10.1111/j.1467-9280.2008.02128.x,PS,external_control,2014,1,2,complete
control_10.1111/j.1467-9280.2008.02128.x,PS,external_control,2015,1,2,complete
control_10.1111/j.1467-9280.2008.02128.x,PS,external_control,2016,3,4,complete
control_10.1111/j.1467-9280.2008.02128.x,PS,external_control,2017,1,1,complete
control_10.1111/j.1467-9280.2008.02128.x,PS,external_control,2018,0,1,complete
control_10.1111/j.1467-9280.2008.02128.x,PS,external_control,2019,1,2,complete
control_10.1111/j.1467-9280.2008.02128.x,PS,external_control,2020,1,2,complete
control_10.1111/j.1467-9280.2008.02128.x,PS,external_control,2021,0,0,complete
control_10.1111/j.1467-9280.2008.02128.x,PS,external_control,2022,0,0,complete
control_10.1111/j.1467-9280.2008.02128.x,PS,external_control,2023,1,1,complete
control_10.1111/j.1467-9280.2008.02128.x,PS,external_control,2024,0,0,complete
control_10.1111/j.1467-9280.2008.02128.x,PS,external_control,2025,1,1,complete
control_10.1111/j.1467-9280.2008.02129.x,PS,external_control,2008,0,0,complete
control_10.1111/j.1467-9280.2008.02129.x,PS,external_control,2009,6,6,complete
control_10.1111/j.1467-9280.2008.02129.x,PS,external_control,2010,6,6,complete
control_10.1111/j.1467-9280.2008.02129.x,PS,external_control,2011,2,2,complete
control_10.1111/j.1467-9280.2008.02129.x,PS,external_control,2012,4,5,complete
control_10.1111/j.1467-9280.2008.02129.x,PS,external_control,2013,2,2,complete
control_10.1111/j.1467-9280.2008.02129.x,PS,external_control,2014,3,3,complete
control_10.1111/j.1467-9280.2008.02129.x,PS,external_control,2015,3,4,complete
control_10.1111/j.1467-9280.2008.02129.x,PS,external_control,2016,3,4,complete
control_10.1111/j.1467-9280.2008.02129.x,PS,external_control,2017,1,6,complete
control_10.1111/j.1467-9280.2008.02129.x,PS,external_control,2018,4,7,complete
control_10.1111/j.1467-9280.2008.02129.x,PS,external_control,2019,0,3,complete
control_10.1111/j.1467-9280.2008.02129.x,PS,external_control,2020,2,2,complete
control_10.1111/j.1467-9280.2008.02129.x,PS,external_control,2021,3,3,complete
control_10.1111/j.1467-9280.2008.02129.x,PS,external_control,2022,0,3,complete
control_10.1111/j.1467-9280.2008.02129.x,PS,external_control,2023,3,4,complete
control_10.1111/j.1467-9280.2008.02129.x,PS,external_control,2024,3,6,complete
control_10.1111/j.1467-9280.2008.02129.x,PS,external_control,2025,4,4,complete
control_10.1111/j.1467-9280.2008.02130.x,PS,external_control,2008,1,1,complete
control_10.1111/j.1467-9280.2008.02130.x,PS,external_control,2009,8,8,complete
control_10.1111/j.1467-9280.2008.02130.x,PS,external_control,2010,15,19,complete
control_10.1111/j.1467-9280.2008.02130.x,PS,external_control,2011,16,18,complete
control_10.1111/j.1467-9280.2008.02130.x,PS,external_control,2012,15,16,complete
control_10.1111/j.1467-9280.2008.02130.x,PS,external_control,2013,10,11,complete
control_10.1111/j.1467-9280.2008.02130.x,PS,external_control,2014,19,21,complete
control_10.1111/j.1467-9280.2008.02130.x,PS,external_control,2015,13,18,complete
control_10.1111/j.1467-9280.2008.02130.x,PS,external_control,2016,17,21,complete
control_10.1111/j.1467-9280.2008.02130.x,PS,external_control,2017,15,18,complete
control_10.1111/j.1467-9280.2008.02130.x,PS,external_control,2018,17,27,complete
control_10.1111/j.1467-9280.2008.02130.x,PS,external_control,2019,16,20,complete
control_10.1111/j.1467-9280.2008.02130.x,PS,external_control,2020,22,26,complete
control_10.1111/j.1467-9280.2008.02130.x,PS,external_control,2021,22,26,complete
control_10.1111/j.1467-9280.2008.02130.x,PS,external_control,2022,11,14,complete
control_10.1111/j.1467-9280.2008.02130.x,PS,external_control,2023,10,18,complete
control_10.1111/j.1467-9280.2008.02130.x,PS,external_control,2024,10,14,complete
control_10.1111/j.1467-9280.2008.02130.x,PS,external_control,2025,13,16,complete
control_10.1111/j.1467-9280.2008.02131.x,PS,external_control,2008,0,0,complete
control_10.1111/j.1467-9280.2008.02131.x,PS,external_control,2009,4,4,complete
control_10.1111/j.1467-9280.2008.02131.x,PS,external_control,2010,2,2,complete
control_10.1111/j.1467-9280.2008.02131.x,PS,external_control,2011,6,8,complete
control_10.1111/j.1467-9280.2008.02131.x,PS,external_control,2012,3,3,complete
control_10.1111/j.1467-9280.2008.02131.x,PS,external_control,2013,6,7,complete
control_10.1111/j.1467-9280.2008.02131.x,PS,external_control,2014,3,3,complete
control_10.1111/j.1467-9280.2008.02131.x,PS,external_control,2015,1,1,complete
control_10.1111/j.1467-9280.2008.02131.x,PS,external_control,2016,0,0,complete
control_10.1111/j.1467-9280.2008.02131.x,PS,external_control,2017,6,6,complete
control_10.1111/j.1467-9280.2008.02131.x,PS,external_control,2018,1,3,complete
control_10.1111/j.1467-9280.2008.02131.x,PS,external_control,2019,4,4,complete
control_10.1111/j.1467-9280.2008.02131.x,PS,external_control,2020,2,2,complete
control_10.1111/j.1467-9280.2008.02131.x,PS,external_control,2021,0,0,complete
control_10.1111/j.1467-9280.2008.02131.x,PS,external_control,2022,2,2,complete
control_10.1111/j.1467-9280.2008.02131.x,PS,external_control,2023,2,2,complete
control_10.1111/j.1467-9280.2008.02131.x,PS,external_control,2024,4,5,complete
control_10.1111/j.1467-9280.2008.02131.x,PS,external_control,2025,1,1,complete
control_10.1111/j.1467-9280.2008.02132.x,PS,external_control,2008,1,1,complete
control_10.1111/j.1467-9280.2008.02132.x,PS,external_control,2009,0,0,complete
control_10.1111/j.1467-9280.2008.02132.x,PS,external_control,2010,3,4,complete
control_10.1111/j.1467-9280.2008.02132.x,PS,external_control,2011,5,6,complete
control_10.1111/j.1467-9280.2008.02132.x,PS,external_control,2012,11,11,complete
control_10.1111/j.1467-9280.2008.02132.x,PS,external_control,2013,4,6,complete
control_10.1111/j.1467-9280.2008.02132.x,PS,external_control,2014,2,2,complete
control_10.1111/j.1467-9280.2008.02132.x,PS,external_control,2015,9,10,complete
control_10.1111/j.1467-9280.2008.02132.x,PS,external_control,2016,9,9,complete
control_10.1111/j.1467-9280.2008.02132.x,PS,external_control,2017,10,11,complete
control_10.1111/j.1467-9280.2008.02132.x,PS,external_control,2018,11,12,complete
control_10.1111/j.1467-9280.2008.02132.x,PS,external_control,2019,5,7,complete
control_10.1111/j.1467-9280.2008.02132.x,PS,external_control,2020,9,10,complete
control_10.1111/j.1467-9280.2008.02132.x,PS,external_control,2021,12,13,complete
control_10.1111/j.1467-9280.2008.02132.x,PS,external_control,2022,7,11,complete
control_10.1111/j.1467-9280.2008.02132.x,PS,external_control,2023,6,7,complete
control_10.1111/j.1467-9280.2008.02132.x,PS,external_control,2024,1,1,complete
control_10.1111/j.1467-9280.2008.02132.x,PS,external_control,2025,5,5,complete
control_10.1111/j.1467-9280.2008.02133.x,PS,external_control,2008,1,1,complete
control_10.1111/j.1467-9280.2008.02133.x,PS,external_control,2009,2,3,complete
control_10.1111/j.1467-9280.2008.02133.x,PS,external_control,2010,2,3,complete
control_10.1111/j.1467-9280.2008.02133.x,PS,external_control,2011,4,4,complete
control_10.1111/j.1467-9280.2008.02133.x,PS,external_control,2012,5,7,complete
control_10.1111/j.1467-9280.2008.02133.x,PS,external_control,2013,3,5,complete
control_10.1111/j.1467-9280.2008.02133.x,PS,external_control,2014,6,6,complete
control_10.1111/j.1467-9280.2008.02133.x,PS,external_control,2015,1,2,complete
control_10.1111/j.1467-9280.2008.02133.x,PS,external_control,2016,2,4,complete
control_10.1111/j.1467-9280.2008.02133.x,PS,external_control,2017,2,4,complete
control_10.1111/j.1467-9280.2008.02133.x,PS,external_control,2018,3,4,complete
control_10.1111/j.1467-9280.2008.02133.x,PS,external_control,2019,0,1,complete
control_10.1111/j.1467-9280.2008.02133.x,PS,external_control,2020,0,1,complete
control_10.1111/j.1467-9280.2008.02133.x,PS,external_control,2021,0,1,complete
control_10.1111/j.1467-9280.2008.02133.x,PS,external_control,2022,0,0,complete
control_10.1111/j.1467-9280.2008.02133.x,PS,external_control,2023,1,3,complete
control_10.1111/j.1467-9280.2008.02133.x,PS,external_control,2024,3,6,complete
control_10.1111/j.1467-9280.2008.02133.x,PS,external_control,2025,1,1,complete
control_10.1111/j.1467-9280.2008.02134.x,PS,external_control,2008,0,0,complete
control_10.1111/j.1467-9280.2008.02134.x,PS,external_control,2009,2,2,complete
control_10.1111/j.1467-9280.2008.02134.x,PS,external_control,2010,5,7,complete
control_10.1111/j.1467-9280.2008.02134.x,PS,external_control,2011,4,4,complete
control_10.1111/j.1467-9280.2008.02134.x,PS,external_control,2012,2,3,complete
control_10.1111/j.1467-9280.2008.02134.x,PS,external_control,2013,5,5,complete
control_10.1111/j.1467-9280.2008.02134.x,PS,external_control,2014,1,1,complete
control_10.1111/j.1467-9280.2008.02134.x,PS,external_control,2015,2,5,complete
control_10.1111/j.1467-9280.2008.02134.x,PS,external_control,2016,0,0,complete
control_10.1111/j.1467-9280.2008.02134.x,PS,external_control,2017,2,2,complete
control_10.1111/j.1467-9280.2008.02134.x,PS,external_control,2018,0,0,complete
control_10.1111/j.1467-9280.2008.02134.x,PS,external_control,2019,2,3,complete
control_10.1111/j.1467-9280.2008.02134.x,PS,external_control,2020,0,0,complete
control_10.1111/j.1467-9280.2008.02134.x,PS,external_control,2021,1,1,complete
control_10.1111/j.1467-9280.2008.02134.x,PS,external_control,2022,1,1,complete
control_10.1111/j.1467-9280.2008.02134.x,PS,external_control,2023,0,0,complete
control_10.1111/j.1467-9280.2008.02134.x,PS,external_control,2024,0,0,complete
control_10.1111/j.1467-9280.2008.02134.x,PS,external_control,2025,0,0,complete
control_10.1111/j.1467-9280.2008.02135.x,PS,external_control,2008,0,0,complete
control_10.1111/j.1467-9280.2008.02135.x,PS,external_control,2009,6,8,complete
control_10.1111/j.1467-9280.2008.02135.x,PS,external_control,2010,11,15,complete
control_10.1111/j.1467-9280.2008.02135.x,PS,external_control,2011,10,10,complete
control_10.1111/j.1467-9280.2008.02135.x,PS,external_control,2012,6,9,complete
control_10.1111/j.1467-9280.2008.02135.x,PS,external_control,2013,10,17,complete
control_10.1111/j.1467-9280.2008.02135.x,PS,external_control,2014,7,9,complete
control_10.1111/j.1467-9280.2008.02135.x,PS,external_control,2015,5,8,complete
control_10.1111/j.1467-9280.2008.02135.x,PS,external_control,2016,9,12,complete
control_10.1111/j.1467-9280.2008.02135.x,PS,external_control,2017,6,13,complete
control_10.1111/j.1467-9280.2008.02135.x,PS,external_control,2018,2,5,complete
control_10.1111/j.1467-9280.2008.02135.x,PS,external_control,2019,9,16,complete
control_10.1111/j.1467-9280.2008.02135.x,PS,external_control,2020,8,10,complete
control_10.1111/j.1467-9280.2008.02135.x,PS,external_control,2021,3,5,complete
control_10.1111/j.1467-9280.2008.02135.x,PS,external_control,2022,5,8,complete
control_10.1111/j.1467-9280.2008.02135.x,PS,external_control,2023,3,3,complete
control_10.1111/j.1467-9280.2008.02135.x,PS,external_control,2024,3,3,complete
control_10.1111/j.1467-9280.2008.02135.x,PS,external_control,2025,9,10,complete
control_10.1111/j.1467-9280.2008.02137.x,PS,external_control,2008,0,0,complete
control_10.1111/j.1467-9280.2008.02137.x,PS,external_control,2009,1,2,complete
control_10.1111/j.1467-9280.2008.02137.x,PS,external_control,2010,4,5,complete
control_10.1111/j.1467-9280.2008.02137.x,PS,external_control,2011,5,6,complete
control_10.1111/j.1467-9280.2008.02137.x,PS,external_control,2012,10,11,complete
control_10.1111/j.1467-9280.2008.02137.x,PS,external_control,2013,3,7,complete
control_10.1111/j.1467-9280.2008.02137.x,PS,external_control,2014,7,7,complete
control_10.1111/j.1467-9280.2008.02137.x,PS,external_control,2015,9,11,complete
control_10.1111/j.1467-9280.2008.02137.x,PS,external_control,2016,11,14,complete
control_10.1111/j.1467-9280.2008.02137.x,PS,external_control,2017,10,14,complete
control_10.1111/j.1467-9280.2008.02137.x,PS,external_control,2018,10,14,complete
control_10.1111/j.1467-9280.2008.02137.x,PS,external_control,2019,8,9,complete
control_10.1111/j.1467-9280.2008.02137.x,PS,external_control,2020,7,10,complete
control_10.1111/j.1467-9280.2008.02137.x,PS,external_control,2021,12,14,complete
control_10.1111/j.1467-9280.2008.02137.x,PS,external_control,2022,9,10,complete
control_10.1111/j.1467-9280.2008.02137.x,PS,external_control,2023,6,6,complete
control_10.1111/j.1467-9280.2008.02137.x,PS,external_control,2024,4,5,complete
control_10.1111/j.1467-9280.2008.02137.x,PS,external_control,2025,6,9,complete
control_10.1111/j.1467-9280.2008.02138.x,PS,external_control,2008,0,1,complete
control_10.1111/j.1467-9280.2008.02138.x,PS,external_control,2009,0,1,complete
control_10.1111/j.1467-9280.2008.02138.x,PS,external_control,2010,4,5,complete
control_10.1111/j.1467-9280.2008.02138.x,PS,external_control,2011,9,14,complete
control_10.1111/j.1467-9280.2008.02138.x,PS,external_control,2012,3,5,complete
control_10.1111/j.1467-9280.2008.02138.x,PS,external_control,2013,8,9,complete
control_10.1111/j.1467-9280.2008.02138.x,PS,external_control,2014,3,4,complete
control_10.1111/j.1467-9280.2008.02138.x,PS,external_control,2015,7,12,complete
control_10.1111/j.1467-9280.2008.02138.x,PS,external_control,2016,8,8,complete
control_10.1111/j.1467-9280.2008.02138.x,PS,external_control,2017,6,11,complete
control_10.1111/j.1467-9280.2008.02138.x,PS,external_control,2018,9,13,complete
control_10.1111/j.1467-9280.2008.02138.x,PS,external_control,2019,6,9,complete
control_10.1111/j.1467-9280.2008.02138.x,PS,external_control,2020,8,12,complete
control_10.1111/j.1467-9280.2008.02138.x,PS,external_control,2021,7,10,complete
control_10.1111/j.1467-9280.2008.02138.x,PS,external_control,2022,6,8,complete
control_10.1111/j.1467-9280.2008.02138.x,PS,external_control,2023,7,8,complete
control_10.1111/j.1467-9280.2008.02138.x,PS,external_control,2024,2,4,complete
control_10.1111/j.1467-9280.2008.02138.x,PS,external_control,2025,8,8,complete
control_10.1111/j.1467-9280.2008.02139.x,PS,external_control,2008,0,1,complete
control_10.1111/j.1467-9280.2008.02139.x,PS,external_control,2009,2,2,complete
control_10.1111/j.1467-9280.2008.02139.x,PS,external_control,2010,3,3,complete
control_10.1111/j.1467-9280.2008.02139.x,PS,external_control,2011,5,5,complete
control_10.1111/j.1467-9280.2008.02139.x,PS,external_control,2012,3,3,complete
control_10.1111/j.1467-9280.2008.02139.x,PS,external_control,2013,0,0,complete
control_10.1111/j.1467-9280.2008.02139.x,PS,external_control,2014,5,6,complete
control_10.1111/j.1467-9280.2008.02139.x,PS,external_control,2015,3,3,complete
control_10.1111/j.1467-9280.2008.02139.x,PS,external_control,2016,4,4,complete
control_10.1111/j.1467-9280.2008.02139.x,PS,external_control,2017,2,2,complete
control_10.1111/j.1467-9280.2008.02139.x,PS,external_control,2018,1,2,complete
control_10.1111/j.1467-9280.2008.02139.x,PS,external_control,2019,1,2,complete
control_10.1111/j.1467-9280.2008.02139.x,PS,external_control,2020,2,2,complete
control_10.1111/j.1467-9280.2008.02139.x,PS,external_control,2021,0,0,complete
control_10.1111/j.1467-9280.2008.02139.x,PS,external_control,2022,2,2,complete
control_10.1111/j.1467-9280.2008.02139.x,PS,external_control,2023,2,2,complete
control_10.1111/j.1467-9280.2008.02139.x,PS,external_control,2024,3,3,complete
control_10.1111/j.1467-9280.2008.02139.x,PS,external_control,2025,3,3,complete
control_10.1111/j.1467-9280.2008.02140.x,PS,external_control,2008,0,0,complete
control_10.1111/j.1467-9280.2008.02140.x,PS,external_control,2009,3,5,complete
control_10.1111/j.1467-9280.2008.02140.x,PS,external_control,2010,8,10,complete
control_10.1111/j.1467-9280.2008.02140.x,PS,external_control,2011,5,6,complete
control_10.1111/j.1467-9280.2008.02140.x,PS,external_control,2012,2,3,complete
control_10.1111/j.1467-9280.2008.02140.x,PS,external_control,2013,8,12,complete
control_10.1111/j.1467-9280.2008.02140.x,PS,external_control,2014,5,7,complete
control_10.1111/j.1467-9280.2008.02140.x,PS,external_control,2015,6,8,complete
control_10.1111/j.1467-9280.2008.02140.x,PS,external_control,2016,4,5,complete
control_10.1111/j.1467-9280.2008.02140.x,PS,external_control,2017,6,6,complete
control_10.1111/j.1467-9280.2008.02140.x,PS,external_control,2018,3,4,complete
control_10.1111/j.1467-9280.2008.02140.x,PS,external_control,2019,3,4,complete
control_10.1111/j.1467-9280.2008.02140.x,PS,external_control,2020,4,4,complete
control_10.1111/j.1467-9280.2008.02140.x,PS,external_control,2021,1,1,complete
control_10.1111/j.1467-9280.2008.02140.x,PS,external_control,2022,1,4,complete
control_10.1111/j.1467-9280.2008.02140.x,PS,external_control,2023,3,5,complete
control_10.1111/j.1467-9280.2008.02140.x,PS,external_control,2024,1,1,complete
control_10.1111/j.1467-9280.2008.02140.x,PS,external_control,2025,7,7,complete
control_10.1111/j.1467-9280.2008.02141.x,PS,external_control,2008,0,0,complete
control_10.1111/j.1467-9280.2008.02141.x,PS,external_control,2009,5,5,complete
control_10.1111/j.1467-9280.2008.02141.x,PS,external_control,2010,1,6,complete
control_10.1111/j.1467-9280.2008.02141.x,PS,external_control,2011,6,8,complete
control_10.1111/j.1467-9280.2008.02141.x,PS,external_control,2012,4,6,complete
control_10.1111/j.1467-9280.2008.02141.x,PS,external_control,2013,10,11,complete
control_10.1111/j.1467-9280.2008.02141.x,PS,external_control,2014,3,9,complete
control_10.1111/j.1467-9280.2008.02141.x,PS,external_control,2015,8,9,complete
control_10.1111/j.1467-9280.2008.02141.x,PS,external_control,2016,6,9,complete
control_10.1111/j.1467-9280.2008.02141.x,PS,external_control,2017,4,5,complete
control_10.1111/j.1467-9280.2008.02141.x,PS,external_control,2018,10,12,complete
control_10.1111/j.1467-9280.2008.02141.x,PS,external_control,2019,8,9,complete
control_10.1111/j.1467-9280.2008.02141.x,PS,external_control,2020,2,3,complete
control_10.1111/j.1467-9280.2008.02141.x,PS,external_control,2021,5,7,complete
control_10.1111/j.1467-9280.2008.02141.x,PS,external_control,2022,7,7,complete
control_10.1111/j.1467-9280.2008.02141.x,PS,external_control,2023,4,8,complete
control_10.1111/j.1467-9280.2008.02141.x,PS,external_control,2024,1,1,complete
control_10.1111/j.1467-9280.2008.02141.x,PS,external_control,2025,5,5,complete
control_10.1111/j.1467-9280.2008.02142.x,PS,external_control,2008,1,1,complete
control_10.1111/j.1467-9280.2008.02142.x,PS,external_control,2009,6,6,complete
control_10.1111/j.1467-9280.2008.02142.x,PS,external_control,2010,10,10,complete
control_10.1111/j.1467-9280.2008.02142.x,PS,external_control,2011,7,8,complete
control_10.1111/j.1467-9280.2008.02142.x,PS,external_control,2012,6,7,complete
control_10.1111/j.1467-9280.2008.02142.x,PS,external_control,2013,4,5,complete
control_10.1111/j.1467-9280.2008.02142.x,PS,external_control,2014,6,7,complete
control_10.1111/j.1467-9280.2008.02142.x,PS,external_control,2015,10,15,complete
control_10.1111/j.1467-9280.2008.02142.x,PS,external_control,2016,13,13,complete
control_10.1111/j.1467-9280.2008.02142.x,PS,external_control,2017,6,9,complete
control_10.1111/j.1467-9280.2008.02142.x,PS,external_control,2018,14,16,complete
control_10.1111/j.1467-9280.2008.02142.x,PS,external_control,2019,11,17,complete
control_10.1111/j.1467-9280.2008.02142.x,PS,external_control,2020,11,15,complete
control_10.1111/j.1467-9280.2008.02142.x,PS,external_control,2021,7,59,complete
control_10.1111/j.1467-9280.2008.02142.x,PS,external_control,2022,6,10,complete
control_10.1111/j.1467-9280.2008.02142.x,PS,external_control,2023,7,11,complete
control_10.1111/j.1467-9280.2008.02142.x,PS,external_control,2024,8,11,complete
control_10.1111/j.1467-9280.2008.02142.x,PS,external_control,2025,7,12,complete
control_10.1111/j.1467-9280.2008.02143.x,PS,external_control,2008,1,1,complete
control_10.1111/j.1467-9280.2008.02143.x,PS,external_control,2009,2,2,complete
control_10.1111/j.1467-9280.2008.02143.x,PS,external_control,2010,4,4,complete
control_10.1111/j.1467-9280.2008.02143.x,PS,external_control,2011,2,2,complete
control_10.1111/j.1467-9280.2008.02143.x,PS,external_control,2012,3,4,complete
control_10.1111/j.1467-9280.2008.02143.x,PS,external_control,2013,7,10,complete
control_10.1111/j.1467-9280.2008.02143.x,PS,external_control,2014,6,6,complete
control_10.1111/j.1467-9280.2008.02143.x,PS,external_control,2015,7,7,complete
control_10.1111/j.1467-9280.2008.02143.x,PS,external_control,2016,7,9,complete
control_10.1111/j.1467-9280.2008.02143.x,PS,external_control,2017,2,3,complete
control_10.1111/j.1467-9280.2008.02143.x,PS,external_control,2018,3,4,complete
control_10.1111/j.1467-9280.2008.02143.x,PS,external_control,2019,3,4,complete
control_10.1111/j.1467-9280.2008.02143.x,PS,external_control,2020,2,2,complete
control_10.1111/j.1467-9280.2008.02143.x,PS,external_control,2021,3,3,complete
control_10.1111/j.1467-9280.2008.02143.x,PS,external_control,2022,2,3,complete
control_10.1111/j.1467-9280.2008.02143.x,PS,external_control,2023,1,2,complete
control_10.1111/j.1467-9280.2008.02143.x,PS,external_control,2024,0,0,complete
control_10.1111/j.1467-9280.2008.02143.x,PS,external_control,2025,4,4,complete
control_10.1111/j.1467-9280.2008.02144.x,PS,external_control,2008,0,0,complete
control_10.1111/j.1467-9280.2008.02144.x,PS,external_control,2009,1,1,complete
control_10.1111/j.1467-9280.2008.02144.x,PS,external_control,2010,0,0,complete
control_10.1111/j.1467-9280.2008.02144.x,PS,external_control,2011,1,1,complete
control_10.1111/j.1467-9280.2008.02144.x,PS,external_control,2012,1,1,complete
control_10.1111/j.1467-9280.2008.02144.x,PS,external_control,2013,1,1,complete
control_10.1111/j.1467-9280.2008.02144.x,PS,external_control,2014,1,2,complete
control_10.1111/j.1467-9280.2008.02144.x,PS,external_control,2015,3,4,complete
control_10.1111/j.1467-9280.2008.02144.x,PS,external_control,2016,1,1,complete
control_10.1111/j.1467-9280.2008.02144.x,PS,external_control,2017,0,0,complete
control_10.1111/j.1467-9280.2008.02144.x,PS,external_control,2018,1,2,complete
control_10.1111/j.1467-9280.2008.02144.x,PS,external_control,2019,0,0,complete
control_10.1111/j.1467-9280.2008.02144.x,PS,external_control,2020,0,0,complete
control_10.1111/j.1467-9280.2008.02144.x,PS,external_control,2021,0,0,complete
control_10.1111/j.1467-9280.2008.02144.x,PS,external_control,2022,3,3,complete
control_10.1111/j.1467-9280.2008.02144.x,PS,external_control,2023,0,0,complete
control_10.1111/j.1467-9280.2008.02144.x,PS,external_control,2024,0,0,complete
control_10.1111/j.1467-9280.2008.02144.x,PS,external_control,2025,1,1,complete
control_10.1111/j.1467-9280.2008.02145.x,PS,external_control,2008,1,1,complete
control_10.1111/j.1467-9280.2008.02145.x,PS,external_control,2009,4,5,complete
control_10.1111/j.1467-9280.2008.02145.x,PS,external_control,2010,7,9,complete
control_10.1111/j.1467-9280.2008.02145.x,PS,external_control,2011,10,10,complete
control_10.1111/j.1467-9280.2008.02145.x,PS,external_control,2012,5,6,complete
control_10.1111/j.1467-9280.2008.02145.x,PS,external_control,2013,6,9,complete
control_10.1111/j.1467-9280.2008.02145.x,PS,external_control,2014,5,8,complete
control_10.1111/j.1467-9280.2008.02145.x,PS,external_control,2015,4,5,complete
control_10.1111/j.1467-9280.2008.02145.x,PS,external_control,2016,1,2,complete
control_10.1111/j.1467-9280.2008.02145.x,PS,external_control,2017,6,7,complete
control_10.1111/j.1467-9280.2008.02145.x,PS,external_control,2018,3,7,complete
control_10.1111/j.1467-9280.2008.02145.x,PS,external_control,2019,7,7,complete
control_10.1111/j.1467-9280.2008.02145.x,PS,external_control,2020,3,3,complete
control_10.1111/j.1467-9280.2008.02145.x,PS,external_control,2021,1,2,complete
control_10.1111/j.1467-9280.2008.02145.x,PS,external_control,2022,4,5,complete
control_10.1111/j.1467-9280.2008.02145.x,PS,external_control,2023,9,11,complete
control_10.1111/j.1467-9280.2008.02145.x,PS,external_control,2024,2,2,complete
control_10.1111/j.1467-9280.2008.02145.x,PS,external_control,2025,2,2,complete
control_10.1111/j.1467-9280.2008.02146.x,PS,external_control,2008,0,0,complete
control_10.1111/j.1467-9280.2008.02146.x,PS,external_control,2009,1,1,complete
control_10.1111/j.1467-9280.2008.02146.x,PS,external_control,2010,3,3,complete
control_10.1111/j.1467-9280.2008.02146.x,PS,external_control,2011,1,1,complete
control_10.1111/j.1467-9280.2008.02146.x,PS,external_control,2012,3,3,complete
control_10.1111/j.1467-9280.2008.02146.x,PS,external_control,2013,4,8,complete
control_10.1111/j.1467-9280.2008.02146.x,PS,external_control,2014,2,2,complete
control_10.1111/j.1467-9280.2008.02146.x,PS,external_control,2015,5,7,complete
control_10.1111/j.1467-9280.2008.02146.x,PS,external_control,2016,4,4,complete
control_10.1111/j.1467-9280.2008.02146.x,PS,external_control,2017,6,8,complete
control_10.1111/j.1467-9280.2008.02146.x,PS,external_control,2018,3,24,complete
control_10.1111/j.1467-9280.2008.02146.x,PS,external_control,2019,4,5,complete
control_10.1111/j.1467-9280.2008.02146.x,PS,external_control,2020,2,2,complete
control_10.1111/j.1467-9280.2008.02146.x,PS,external_control,2021,3,4,complete
control_10.1111/j.1467-9280.2008.02146.x,PS,external_control,2022,2,2,complete
control_10.1111/j.1467-9280.2008.02146.x,PS,external_control,2023,5,21,complete
control_10.1111/j.1467-9280.2008.02146.x,PS,external_control,2024,3,3,complete
control_10.1111/j.1467-9280.2008.02146.x,PS,external_control,2025,1,1,complete
control_10.1111/j.1467-9280.2008.02147.x,PS,external_control,2008,1,1,complete
control_10.1111/j.1467-9280.2008.02147.x,PS,external_control,2009,9,9,complete
control_10.1111/j.1467-9280.2008.02147.x,PS,external_control,2010,6,6,complete
control_10.1111/j.1467-9280.2008.02147.x,PS,external_control,2011,12,14,complete
control_10.1111/j.1467-9280.2008.02147.x,PS,external_control,2012,5,9,complete
control_10.1111/j.1467-9280.2008.02147.x,PS,external_control,2013,8,9,complete
control_10.1111/j.1467-9280.2008.02147.x,PS,external_control,2014,10,11,complete
control_10.1111/j.1467-9280.2008.02147.x,PS,external_control,2015,14,17,complete
control_10.1111/j.1467-9280.2008.02147.x,PS,external_control,2016,7,12,complete
control_10.1111/j.1467-9280.2008.02147.x,PS,external_control,2017,13,16,complete
control_10.1111/j.1467-9280.2008.02147.x,PS,external_control,2018,8,11,complete
control_10.1111/j.1467-9280.2008.02147.x,PS,external_control,2019,9,12,complete
control_10.1111/j.1467-9280.2008.02147.x,PS,external_control,2020,7,10,complete
control_10.1111/j.1467-9280.2008.02147.x,PS,external_control,2021,7,12,complete
control_10.1111/j.1467-9280.2008.02147.x,PS,external_control,2022,11,13,complete
control_10.1111/j.1467-9280.2008.02147.x,PS,external_control,2023,6,7,complete
control_10.1111/j.1467-9280.2008.02147.x,PS,external_control,2024,1,3,complete
control_10.1111/j.1467-9280.2008.02147.x,PS,external_control,2025,8,24,complete
control_10.1111/j.1467-9280.2008.02148.x,PS,external_control,2008,2,2,complete
control_10.1111/j.1467-9280.2008.02148.x,PS,external_control,2009,10,11,complete
control_10.1111/j.1467-9280.2008.02148.x,PS,external_control,2010,20,27,complete
control_10.1111/j.1467-9280.2008.02148.x,PS,external_control,2011,22,26,complete
control_10.1111/j.1467-9280.2008.02148.x,PS,external_control,2012,33,38,complete
control_10.1111/j.1467-9280.2008.02148.x,PS,external_control,2013,30,39,complete
control_10.1111/j.1467-9280.2008.02148.x,PS,external_control,2014,18,23,complete
control_10.1111/j.1467-9280.2008.02148.x,PS,external_control,2015,28,35,complete
control_10.1111/j.1467-9280.2008.02148.x,PS,external_control,2016,25,36,complete
control_10.1111/j.1467-9280.2008.02148.x,PS,external_control,2017,33,45,complete
control_10.1111/j.1467-9280.2008.02148.x,PS,external_control,2018,31,36,complete
control_10.1111/j.1467-9280.2008.02148.x,PS,external_control,2019,31,63,complete
control_10.1111/j.1467-9280.2008.02148.x,PS,external_control,2020,29,43,complete
control_10.1111/j.1467-9280.2008.02148.x,PS,external_control,2021,42,57,complete
control_10.1111/j.1467-9280.2008.02148.x,PS,external_control,2022,35,43,complete
control_10.1111/j.1467-9280.2008.02148.x,PS,external_control,2023,26,36,complete
control_10.1111/j.1467-9280.2008.02148.x,PS,external_control,2024,28,36,complete
control_10.1111/j.1467-9280.2008.02148.x,PS,external_control,2025,23,32,complete
control_10.1111/j.1467-9280.2008.02149.x,PS,external_control,2008,1,1,complete
control_10.1111/j.1467-9280.2008.02149.x,PS,external_control,2009,3,4,complete
control_10.1111/j.1467-9280.2008.02149.x,PS,external_control,2010,13,15,complete
control_10.1111/j.1467-9280.2008.02149.x,PS,external_control,2011,9,11,complete
control_10.1111/j.1467-9280.2008.02149.x,PS,external_control,2012,4,5,complete
control_10.1111/j.1467-9280.2008.02149.x,PS,external_control,2013,13,13,complete
control_10.1111/j.1467-9280.2008.02149.x,PS,external_control,2014,8,11,complete
control_10.1111/j.1467-9280.2008.02149.x,PS,external_control,2015,10,12,complete
control_10.1111/j.1467-9280.2008.02149.x,PS,external_control,2016,8,8,complete
control_10.1111/j.1467-9280.2008.02149.x,PS,external_control,2017,7,8,complete
control_10.1111/j.1467-9280.2008.02149.x,PS,external_control,2018,5,5,complete
control_10.1111/j.1467-9280.2008.02149.x,PS,external_control,2019,6,7,complete
control_10.1111/j.1467-9280.2008.02149.x,PS,external_control,2020,8,9,complete
control_10.1111/j.1467-9280.2008.02149.x,PS,external_control,2021,15,18,complete
control_10.1111/j.1467-9280.2008.02149.x,PS,external_control,2022,7,9,complete
control_10.1111/j.1467-9280.2008.02149.x,PS,external_control,2023,10,13,complete
control_10.1111/j.1467-9280.2008.02149.x,PS,external_control,2024,9,16,complete
control_10.1111/j.1467-9280.2008.02149.x,PS,external_control,2025,10,11,complete
control_10.1111/j.1467-9280.2008.02150.x,PS,external_control,2008,0,0,complete
control_10.1111/j.1467-9280.2008.02150.x,PS,external_control,2009,11,11,complete
control_10.1111/j.1467-9280.2008.02150.x,PS,external_control,2010,11,18,complete
control_10.1111/j.1467-9280.2008.02150.x,PS,external_control,2011,17,22,complete
control_10.1111/j.1467-9280.2008.02150.x,PS,external_control,2012,11,13,complete
control_10.1111/j.1467-9280.2008.02150.x,PS,external_control,2013,17,22,complete
control_10.1111/j.1467-9280.2008.02150.x,PS,external_control,2014,21,24,complete
control_10.1111/j.1467-9280.2008.02150.x,PS,external_control,2015,20,22,complete
control_10.1111/j.1467-9280.2008.02150.x,PS,external_control,2016,22,29,complete
control_10.1111/j.1467-9280.2008.02150.x,PS,external_control,2017,19,23,complete
control_10.1111/j.1467-9280.2008.02150.x,PS,external_control,2018,13,15,complete
control_10.1111/j.1467-9280.2008.02150.x,PS,external_control,2019,15,21,complete
control_10.1111/j.1467-9280.2008.02150.x,PS,external_control,2020,15,18,complete
control_10.1111/j.1467-9280.2008.02150.x,PS,external_control,2021,15,17,complete
control_10.1111/j.1467-9280.2008.02150.x,PS,external_control,2022,28,33,complete
control_10.1111/j.1467-9280.2008.02150.x,PS,external_control,2023,18,22,complete
control_10.1111/j.1467-9280.2008.02150.x,PS,external_control,2024,16,17,complete
control_10.1111/j.1467-9280.2008.02150.x,PS,external_control,2025,10,11,complete
control_10.1111/j.1467-9280.2008.02151.x,PS,external_control,2008,3,3,complete
control_10.1111/j.1467-9280.2008.02151.x,PS,external_control,2009,6,7,complete
control_10.1111/j.1467-9280.2008.02151.x,PS,external_control,2010,1,3,complete
control_10.1111/j.1467-9280.2008.02151.x,PS,external_control,2011,3,10,complete
control_10.1111/j.1467-9280.2008.02151.x,PS,external_control,2012,8,10,complete
control_10.1111/j.1467-9280.2008.02151.x,PS,external_control,2013,7,10,complete
control_10.1111/j.1467-9280.2008.02151.x,PS,external_control,2014,1,1,complete
control_10.1111/j.1467-9280.2008.02151.x,PS,external_control,2015,1,4,complete
control_10.1111/j.1467-9280.2008.02151.x,PS,external_control,2016,1,1,complete
control_10.1111/j.1467-9280.2008.02151.x,PS,external_control,2017,5,7,complete
control_10.1111/j.1467-9280.2008.02151.x,PS,external_control,2018,3,4,complete
control_10.1111/j.1467-9280.2008.02151.x,PS,external_control,2019,6,8,complete
control_10.1111/j.1467-9280.2008.02151.x,PS,external_control,2020,6,11,complete
control_10.1111/j.1467-9280.2008.02151.x,PS,external_control,2021,4,5,complete
control_10.1111/j.1467-9280.2008.02151.x,PS,external_control,2022,3,5,complete
control_10.1111/j.1467-9280.2008.02151.x,PS,external_control,2023,0,0,complete
control_10.1111/j.1467-9280.2008.02151.x,PS,external_control,2024,1,26,complete
control_10.1111/j.1467-9280.2008.02151.x,PS,external_control,2025,2,3,complete
control_10.1111/j.1467-9280.2008.02152.x,PS,external_control,2008,0,0,complete
control_10.1111/j.1467-9280.2008.02152.x,PS,external_control,2009,2,3,complete
control_10.1111/j.1467-9280.2008.02152.x,PS,external_control,2010,3,4,complete
control_10.1111/j.1467-9280.2008.02152.x,PS,external_control,2011,10,11,complete
control_10.1111/j.1467-9280.2008.02152.x,PS,external_control,2012,9,13,complete
control_10.1111/j.1467-9280.2008.02152.x,PS,external_control,2013,5,8,complete
control_10.1111/j.1467-9280.2008.02152.x,PS,external_control,2014,4,6,complete
control_10.1111/j.1467-9280.2008.02152.x,PS,external_control,2015,3,4,complete
control_10.1111/j.1467-9280.2008.02152.x,PS,external_control,2016,5,5,complete
control_10.1111/j.1467-9280.2008.02152.x,PS,external_control,2017,6,6,complete
control_10.1111/j.1467-9280.2008.02152.x,PS,external_control,2018,4,5,complete
control_10.1111/j.1467-9280.2008.02152.x,PS,external_control,2019,6,10,complete
control_10.1111/j.1467-9280.2008.02152.x,PS,external_control,2020,5,9,complete
control_10.1111/j.1467-9280.2008.02152.x,PS,external_control,2021,5,6,complete
control_10.1111/j.1467-9280.2008.02152.x,PS,external_control,2022,1,1,complete
control_10.1111/j.1467-9280.2008.02152.x,PS,external_control,2023,5,6,complete
control_10.1111/j.1467-9280.2008.02152.x,PS,external_control,2024,1,1,complete
control_10.1111/j.1467-9280.2008.02152.x,PS,external_control,2025,1,1,complete
control_10.1111/j.1467-9280.2008.02153.x,PS,external_control,2008,0,0,complete
control_10.1111/j.1467-9280.2008.02153.x,PS,external_control,2009,4,5,complete
control_10.1111/j.1467-9280.2008.02153.x,PS,external_control,2010,6,6,complete
control_10.1111/j.1467-9280.2008.02153.x,PS,external_control,2011,6,9,complete
control_10.1111/j.1467-9280.2008.02153.x,PS,external_control,2012,4,9,complete
control_10.1111/j.1467-9280.2008.02153.x,PS,external_control,2013,10,13,complete
control_10.1111/j.1467-9280.2008.02153.x,PS,external_control,2014,10,13,complete
control_10.1111/j.1467-9280.2008.02153.x,PS,external_control,2015,3,5,complete
control_10.1111/j.1467-9280.2008.02153.x,PS,external_control,2016,10,14,complete
control_10.1111/j.1467-9280.2008.02153.x,PS,external_control,2017,9,12,complete
control_10.1111/j.1467-9280.2008.02153.x,PS,external_control,2018,11,16,complete
control_10.1111/j.1467-9280.2008.02153.x,PS,external_control,2019,12,14,complete
control_10.1111/j.1467-9280.2008.02153.x,PS,external_control,2020,9,11,complete
control_10.1111/j.1467-9280.2008.02153.x,PS,external_control,2021,7,9,complete
control_10.1111/j.1467-9280.2008.02153.x,PS,external_control,2022,6,41,complete
control_10.1111/j.1467-9280.2008.02153.x,PS,external_control,2023,3,3,complete
control_10.1111/j.1467-9280.2008.02153.x,PS,external_control,2024,3,6,complete
control_10.1111/j.1467-9280.2008.02153.x,PS,external_control,2025,3,3,complete
control_10.1111/j.1467-9280.2008.02154.x,PS,external_control,2008,0,0,complete
control_10.1111/j.1467-9280.2008.02154.x,PS,external_control,2009,6,7,complete
control_10.1111/j.1467-9280.2008.02154.x,PS,external_control,2010,5,6,complete
control_10.1111/j.1467-9280.2008.02154.x,PS,external_control,2011,3,5,complete
control_10.1111/j.1467-9280.2008.02154.x,PS,external_control,2012,8,10,complete
control_10.1111/j.1467-9280.2008.02154.x,PS,external_control,2013,7,9,complete
control_10.1111/j.1467-9280.2008.02154.x,PS,external_control,2014,6,9,complete
control_10.1111/j.1467-9280.2008.02154.x,PS,external_control,2015,9,11,complete
control_10.1111/j.1467-9280.2008.02154.x,PS,external_control,2016,3,5,complete
control_10.1111/j.1467-9280.2008.02154.x,PS,external_control,2017,5,6,complete
control_10.1111/j.1467-9280.2008.02154.x,PS,external_control,2018,6,7,complete
control_10.1111/j.1467-9280.2008.02154.x,PS,external_control,2019,2,2,complete
control_10.1111/j.1467-9280.2008.02154.x,PS,external_control,2020,6,7,complete
control_10.1111/j.1467-9280.2008.02154.x,PS,external_control,2021,4,4,complete
control_10.1111/j.1467-9280.2008.02154.x,PS,external_control,2022,6,6,complete
control_10.1111/j.1467-9280.2008.02154.x,PS,external_control,2023,3,3,complete
control_10.1111/j.1467-9280.2008.02154.x,PS,external_control,2024,4,4,complete
control_10.1111/j.1467-9280.2008.02154.x,PS,external_control,2025,2,2,complete
control_10.1111/j.1467-9280.2008.02155.x,PS,external_control,2008,0,0,complete
control_10.1111/j.1467-9280.2008.02155.x,PS,external_control,2009,2,2,complete
control_10.1111/j.1467-9280.2008.02155.x,PS,external_control,2010,10,12,complete
control_10.1111/j.1467-9280.2008.02155.x,PS,external_control,2011,8,9,complete
control_10.1111/j.1467-9280.2008.02155.x,PS,external_control,2012,10,10,complete
control_10.1111/j.1467-9280.2008.02155.x,PS,external_control,2013,13,13,complete
control_10.1111/j.1467-9280.2008.02155.x,PS,external_control,2014,9,10,complete
control_10.1111/j.1467-9280.2008.02155.x,PS,external_control,2015,6,9,complete
control_10.1111/j.1467-9280.2008.02155.x,PS,external_control,2016,5,5,complete
control_10.1111/j.1467-9280.2008.02155.x,PS,external_control,2017,8,9,complete
control_10.1111/j.1467-9280.2008.02155.x,PS,external_control,2018,3,4,complete
control_10.1111/j.1467-9280.2008.02155.x,PS,external_control,2019,3,4,complete
control_10.1111/j.1467-9280.2008.02155.x,PS,external_control,2020,5,6,complete
control_10.1111/j.1467-9280.2008.02155.x,PS,external_control,2021,7,8,complete
control_10.1111/j.1467-9280.2008.02155.x,PS,external_control,2022,6,7,complete
control_10.1111/j.1467-9280.2008.02155.x,PS,external_control,2023,3,3,complete
control_10.1111/j.1467-9280.2008.02155.x,PS,external_control,2024,5,5,complete
control_10.1111/j.1467-9280.2008.02155.x,PS,external_control,2025,2,2,complete
control_10.1111/j.1467-9280.2008.02156.x,PS,external_control,2008,0,0,complete
control_10.1111/j.1467-9280.2008.02156.x,PS,external_control,2009,2,2,complete
control_10.1111/j.1467-9280.2008.02156.x,PS,external_control,2010,5,5,complete
control_10.1111/j.1467-9280.2008.02156.x,PS,external_control,2011,4,5,complete
control_10.1111/j.1467-9280.2008.02156.x,PS,external_control,2012,13,16,complete
control_10.1111/j.1467-9280.2008.02156.x,PS,external_control,2013,14,16,complete
control_10.1111/j.1467-9280.2008.02156.x,PS,external_control,2014,13,16,complete
control_10.1111/j.1467-9280.2008.02156.x,PS,external_control,2015,2,2,complete
control_10.1111/j.1467-9280.2008.02156.x,PS,external_control,2016,4,9,complete
control_10.1111/j.1467-9280.2008.02156.x,PS,external_control,2017,8,14,complete
control_10.1111/j.1467-9280.2008.02156.x,PS,external_control,2018,11,16,complete
control_10.1111/j.1467-9280.2008.02156.x,PS,external_control,2019,5,23,complete
control_10.1111/j.1467-9280.2008.02156.x,PS,external_control,2020,8,12,complete
control_10.1111/j.1467-9280.2008.02156.x,PS,external_control,2021,8,9,complete
control_10.1111/j.1467-9280.2008.02156.x,PS,external_control,2022,3,5,complete
control_10.1111/j.1467-9280.2008.02156.x,PS,external_control,2023,2,4,complete
control_10.1111/j.1467-9280.2008.02156.x,PS,external_control,2024,8,12,complete
control_10.1111/j.1467-9280.2008.02156.x,PS,external_control,2025,7,8,complete
control_10.1111/j.1467-9280.2008.02158.x,PS,external_control,2008,1,1,complete
control_10.1111/j.1467-9280.2008.02158.x,PS,external_control,2009,6,9,complete
control_10.1111/j.1467-9280.2008.02158.x,PS,external_control,2010,5,6,complete
control_10.1111/j.1467-9280.2008.02158.x,PS,external_control,2011,6,9,complete
control_10.1111/j.1467-9280.2008.02158.x,PS,external_control,2012,19,21,complete
control_10.1111/j.1467-9280.2008.02158.x,PS,external_control,2013,11,13,complete
control_10.1111/j.1467-9280.2008.02158.x,PS,external_control,2014,14,16,complete
control_10.1111/j.1467-9280.2008.02158.x,PS,external_control,2015,9,12,complete
control_10.1111/j.1467-9280.2008.02158.x,PS,external_control,2016,9,13,complete
control_10.1111/j.1467-9280.2008.02158.x,PS,external_control,2017,11,14,complete
control_10.1111/j.1467-9280.2008.02158.x,PS,external_control,2018,6,9,complete
control_10.1111/j.1467-9280.2008.02158.x,PS,external_control,2019,9,12,complete
control_10.1111/j.1467-9280.2008.02158.x,PS,external_control,2020,10,12,complete
control_10.1111/j.1467-9280.2008.02158.x,PS,external_control,2021,7,12,complete
control_10.1111/j.1467-9280.2008.02158.x,PS,external_control,2022,12,14,complete
control_10.1111/j.1467-9280.2008.02158.x,PS,external_control,2023,7,8,complete
control_10.1111/j.1467-9280.2008.02158.x,PS,external_control,2024,13,15,complete
control_10.1111/j.1467-9280.2008.02158.x,PS,external_control,2025,15,18,complete
control_10.1111/j.1467-9280.2008.02160.x,PS,external_control,2008,1,1,complete
control_10.1111/j.1467-9280.2008.02160.x,PS,external_control,2009,1,1,complete
control_10.1111/j.1467-9280.2008.02160.x,PS,external_control,2010,2,2,complete
control_10.1111/j.1467-9280.2008.02160.x,PS,external_control,2011,7,8,complete
control_10.1111/j.1467-9280.2008.02160.x,PS,external_control,2012,4,31,complete
control_10.1111/j.1467-9280.2008.02160.x,PS,external_control,2013,7,10,complete
control_10.1111/j.1467-9280.2008.02160.x,PS,external_control,2014,3,4,complete
control_10.1111/j.1467-9280.2008.02160.x,PS,external_control,2015,9,13,complete
control_10.1111/j.1467-9280.2008.02160.x,PS,external_control,2016,3,5,complete
control_10.1111/j.1467-9280.2008.02160.x,PS,external_control,2017,11,14,complete
control_10.1111/j.1467-9280.2008.02160.x,PS,external_control,2018,5,8,complete
control_10.1111/j.1467-9280.2008.02160.x,PS,external_control,2019,3,4,complete
control_10.1111/j.1467-9280.2008.02160.x,PS,external_control,2020,10,12,complete
control_10.1111/j.1467-9280.2008.02160.x,PS,external_control,2021,5,6,complete
control_10.1111/j.1467-9280.2008.02160.x,PS,external_control,2022,6,9,complete
control_10.1111/j.1467-9280.2008.02160.x,PS,external_control,2023,7,9,complete
control_10.1111/j.1467-9280.2008.02160.x,PS,external_control,2024,8,11,complete
control_10.1111/j.1467-9280.2008.02160.x,PS,external_control,2025,12,12,complete
control_10.1111/j.1467-9280.2008.02161.x,PS,external_control,2008,0,0,complete
control_10.1111/j.1467-9280.2008.02161.x,PS,external_control,2009,2,3,complete
control_10.1111/j.1467-9280.2008.02161.x,PS,external_control,2010,1,3,complete
control_10.1111/j.1467-9280.2008.02161.x,PS,external_control,2011,6,13,complete
control_10.1111/j.1467-9280.2008.02161.x,PS,external_control,2012,5,6,complete
control_10.1111/j.1467-9280.2008.02161.x,PS,external_control,2013,4,4,complete
control_10.1111/j.1467-9280.2008.02161.x,PS,external_control,2014,6,7,complete
control_10.1111/j.1467-9280.2008.02161.x,PS,external_control,2015,5,6,complete
control_10.1111/j.1467-9280.2008.02161.x,PS,external_control,2016,7,7,complete
control_10.1111/j.1467-9280.2008.02161.x,PS,external_control,2017,1,2,complete
control_10.1111/j.1467-9280.2008.02161.x,PS,external_control,2018,6,6,complete
control_10.1111/j.1467-9280.2008.02161.x,PS,external_control,2019,3,3,complete
control_10.1111/j.1467-9280.2008.02161.x,PS,external_control,2020,4,4,complete
control_10.1111/j.1467-9280.2008.02161.x,PS,external_control,2021,4,4,complete
control_10.1111/j.1467-9280.2008.02161.x,PS,external_control,2022,3,3,complete
control_10.1111/j.1467-9280.2008.02161.x,PS,external_control,2023,2,3,complete
control_10.1111/j.1467-9280.2008.02161.x,PS,external_control,2024,4,5,complete
control_10.1111/j.1467-9280.2008.02161.x,PS,external_control,2025,2,2,complete
control_10.1111/j.1467-9280.2008.02162.x,PS,external_control,2008,1,1,complete
control_10.1111/j.1467-9280.2008.02162.x,PS,external_control,2009,7,12,complete
control_10.1111/j.1467-9280.2008.02162.x,PS,external_control,2010,23,29,complete
control_10.1111/j.1467-9280.2008.02162.x,PS,external_control,2011,17,22,complete
control_10.1111/j.1467-9280.2008.02162.x,PS,external_control,2012,18,27,complete
control_10.1111/j.1467-9280.2008.02162.x,PS,external_control,2013,22,26,complete
control_10.1111/j.1467-9280.2008.02162.x,PS,external_control,2014,27,33,complete
control_10.1111/j.1467-9280.2008.02162.x,PS,external_control,2015,25,27,complete
control_10.1111/j.1467-9280.2008.02162.x,PS,external_control,2016,26,35,complete
control_10.1111/j.1467-9280.2008.02162.x,PS,external_control,2017,29,35,complete
control_10.1111/j.1467-9280.2008.02162.x,PS,external_control,2018,24,27,complete
control_10.1111/j.1467-9280.2008.02162.x,PS,external_control,2019,28,44,complete
control_10.1111/j.1467-9280.2008.02162.x,PS,external_control,2020,26,31,complete
control_10.1111/j.1467-9280.2008.02162.x,PS,external_control,2021,31,36,complete
control_10.1111/j.1467-9280.2008.02162.x,PS,external_control,2022,17,23,complete
control_10.1111/j.1467-9280.2008.02162.x,PS,external_control,2023,20,23,complete
control_10.1111/j.1467-9280.2008.02162.x,PS,external_control,2024,17,23,complete
control_10.1111/j.1467-9280.2008.02162.x,PS,external_control,2025,18,21,complete
control_10.1111/j.1467-9280.2008.02163.x,PS,external_control,2008,0,0,complete
control_10.1111/j.1467-9280.2008.02163.x,PS,external_control,2009,1,1,complete
control_10.1111/j.1467-9280.2008.02163.x,PS,external_control,2010,3,3,complete
control_10.1111/j.1467-9280.2008.02163.x,PS,external_control,2011,4,4,complete
control_10.1111/j.1467-9280.2008.02163.x,PS,external_control,2012,3,3,complete
control_10.1111/j.1467-9280.2008.02163.x,PS,external_control,2013,1,1,complete
control_10.1111/j.1467-9280.2008.02163.x,PS,external_control,2014,2,3,complete
control_10.1111/j.1467-9280.2008.02163.x,PS,external_control,2015,1,1,complete
control_10.1111/j.1467-9280.2008.02163.x,PS,external_control,2016,1,1,complete
control_10.1111/j.1467-9280.2008.02163.x,PS,external_control,2017,0,0,complete
control_10.1111/j.1467-9280.2008.02163.x,PS,external_control,2018,0,0,complete
control_10.1111/j.1467-9280.2008.02163.x,PS,external_control,2019,0,1,complete
control_10.1111/j.1467-9280.2008.02163.x,PS,external_control,2020,0,0,complete
control_10.1111/j.1467-9280.2008.02163.x,PS,external_control,2021,0,0,complete
control_10.1111/j.1467-9280.2008.02163.x,PS,external_control,2022,0,0,complete
control_10.1111/j.1467-9280.2008.02163.x,PS,external_control,2023,0,0,complete
control_10.1111/j.1467-9280.2008.02163.x,PS,external_control,2024,0,0,complete
control_10.1111/j.1467-9280.2008.02163.x,PS,external_control,2025,0,0,complete
control_10.1111/j.1467-9280.2008.02164.x,PS,external_control,2008,1,1,complete
control_10.1111/j.1467-9280.2008.02164.x,PS,external_control,2009,3,3,complete
control_10.1111/j.1467-9280.2008.02164.x,PS,external_control,2010,8,11,complete
control_10.1111/j.1467-9280.2008.02164.x,PS,external_control,2011,2,2,complete
control_10.1111/j.1467-9280.2008.02164.x,PS,external_control,2012,2,4,complete
control_10.1111/j.1467-9280.2008.02164.x,PS,external_control,2013,10,12,complete
control_10.1111/j.1467-9280.2008.02164.x,PS,external_control,2014,1,3,complete
control_10.1111/j.1467-9280.2008.02164.x,PS,external_control,2015,9,11,complete
control_10.1111/j.1467-9280.2008.02164.x,PS,external_control,2016,3,5,complete
control_10.1111/j.1467-9280.2008.02164.x,PS,external_control,2017,5,13,complete
control_10.1111/j.1467-9280.2008.02164.x,PS,external_control,2018,5,7,complete
control_10.1111/j.1467-9280.2008.02164.x,PS,external_control,2019,6,9,complete
control_10.1111/j.1467-9280.2008.02164.x,PS,external_control,2020,9,13,complete
control_10.1111/j.1467-9280.2008.02164.x,PS,external_control,2021,6,23,complete
control_10.1111/j.1467-9280.2008.02164.x,PS,external_control,2022,5,6,complete
control_10.1111/j.1467-9280.2008.02164.x,PS,external_control,2023,4,5,complete
control_10.1111/j.1467-9280.2008.02164.x,PS,external_control,2024,3,3,complete
control_10.1111/j.1467-9280.2008.02164.x,PS,external_control,2025,1,1,complete
control_10.1111/j.1467-9280.2008.02165.x,PS,external_control,2008,1,1,complete
control_10.1111/j.1467-9280.2008.02165.x,PS,external_control,2009,10,16,complete
control_10.1111/j.1467-9280.2008.02165.x,PS,external_control,2010,16,22,complete
control_10.1111/j.1467-9280.2008.02165.x,PS,external_control,2011,27,36,complete
control_10.1111/j.1467-9280.2008.02165.x,PS,external_control,2012,31,39,complete
control_10.1111/j.1467-9280.2008.02165.x,PS,external_control,2013,37,46,complete
control_10.1111/j.1467-9280.2008.02165.x,PS,external_control,2014,36,42,complete
control_10.1111/j.1467-9280.2008.02165.x,PS,external_control,2015,26,55,complete
control_10.1111/j.1467-9280.2008.02165.x,PS,external_control,2016,27,31,complete
control_10.1111/j.1467-9280.2008.02165.x,PS,external_control,2017,34,43,complete
control_10.1111/j.1467-9280.2008.02165.x,PS,external_control,2018,23,29,complete
control_10.1111/j.1467-9280.2008.02165.x,PS,external_control,2019,29,107,complete
control_10.1111/j.1467-9280.2008.02165.x,PS,external_control,2020,14,18,complete
control_10.1111/j.1467-9280.2008.02165.x,PS,external_control,2021,22,28,complete
control_10.1111/j.1467-9280.2008.02165.x,PS,external_control,2022,17,21,complete
control_10.1111/j.1467-9280.2008.02165.x,PS,external_control,2023,25,26,complete
control_10.1111/j.1467-9280.2008.02165.x,PS,external_control,2024,18,26,complete
control_10.1111/j.1467-9280.2008.02165.x,PS,external_control,2025,17,30,complete
control_10.1111/j.1467-9280.2008.02166.x,PS,external_control,2008,0,0,complete
control_10.1111/j.1467-9280.2008.02166.x,PS,external_control,2009,2,4,complete
control_10.1111/j.1467-9280.2008.02166.x,PS,external_control,2010,1,2,complete
control_10.1111/j.1467-9280.2008.02166.x,PS,external_control,2011,2,3,complete
control_10.1111/j.1467-9280.2008.02166.x,PS,external_control,2012,1,1,complete
control_10.1111/j.1467-9280.2008.02166.x,PS,external_control,2013,1,1,complete
control_10.1111/j.1467-9280.2008.02166.x,PS,external_control,2014,2,2,complete
control_10.1111/j.1467-9280.2008.02166.x,PS,external_control,2015,1,1,complete
control_10.1111/j.1467-9280.2008.02166.x,PS,external_control,2016,1,1,complete
control_10.1111/j.1467-9280.2008.02166.x,PS,external_control,2017,1,1,complete
control_10.1111/j.1467-9280.2008.02166.x,PS,external_control,2018,2,2,complete
control_10.1111/j.1467-9280.2008.02166.x,PS,external_control,2019,1,2,complete
control_10.1111/j.1467-9280.2008.02166.x,PS,external_control,2020,0,0,complete
control_10.1111/j.1467-9280.2008.02166.x,PS,external_control,2021,0,0,complete
control_10.1111/j.1467-9280.2008.02166.x,PS,external_control,2022,0,0,complete
control_10.1111/j.1467-9280.2008.02166.x,PS,external_control,2023,0,0,complete
control_10.1111/j.1467-9280.2008.02166.x,PS,external_control,2024,0,0,complete
control_10.1111/j.1467-9280.2008.02166.x,PS,external_control,2025,0,0,complete
control_10.1111/j.1467-9280.2008.02167.x,PS,external_control,2008,0,0,complete
control_10.1111/j.1467-9280.2008.02167.x,PS,external_control,2009,9,10,complete
control_10.1111/j.1467-9280.2008.02167.x,PS,external_control,2010,12,13,complete
control_10.1111/j.1467-9280.2008.02167.x,PS,external_control,2011,18,21,complete
control_10.1111/j.1467-9280.2008.02167.x,PS,external_control,2012,11,19,complete
control_10.1111/j.1467-9280.2008.02167.x,PS,external_control,2013,16,18,complete
control_10.1111/j.1467-9280.2008.02167.x,PS,external_control,2014,21,23,complete
control_10.1111/j.1467-9280.2008.02167.x,PS,external_control,2015,12,22,complete
control_10.1111/j.1467-9280.2008.02167.x,PS,external_control,2016,13,18,complete
control_10.1111/j.1467-9280.2008.02167.x,PS,external_control,2017,17,19,complete
control_10.1111/j.1467-9280.2008.02167.x,PS,external_control,2018,21,24,complete
control_10.1111/j.1467-9280.2008.02167.x,PS,external_control,2019,10,19,complete
control_10.1111/j.1467-9280.2008.02167.x,PS,external_control,2020,10,16,complete
control_10.1111/j.1467-9280.2008.02167.x,PS,external_control,2021,10,14,complete
control_10.1111/j.1467-9280.2008.02167.x,PS,external_control,2022,11,16,complete
control_10.1111/j.1467-9280.2008.02167.x,PS,external_control,2023,6,10,complete
control_10.1111/j.1467-9280.2008.02167.x,PS,external_control,2024,5,7,complete
control_10.1111/j.1467-9280.2008.02167.x,PS,external_control,2025,2,2,complete
control_10.1111/j.1467-9280.2008.02168.x,PS,external_control,2008,0,0,complete
control_10.1111/j.1467-9280.2008.02168.x,PS,external_control,2009,3,3,complete
control_10.1111/j.1467-9280.2008.02168.x,PS,external_control,2010,5,6,complete
control_10.1111/j.1467-9280.2008.02168.x,PS,external_control,2011,4,9,complete
control_10.1111/j.1467-9280.2008.02168.x,PS,external_control,2012,7,9,complete
control_10.1111/j.1467-9280.2008.02168.x,PS,external_control,2013,7,9,complete
control_10.1111/j.1467-9280.2008.02168.x,PS,external_control,2014,7,9,complete
control_10.1111/j.1467-9280.2008.02168.x,PS,external_control,2015,5,11,complete
control_10.1111/j.1467-9280.2008.02168.x,PS,external_control,2016,7,9,complete
control_10.1111/j.1467-9280.2008.02168.x,PS,external_control,2017,2,15,complete
control_10.1111/j.1467-9280.2008.02168.x,PS,external_control,2018,9,10,complete
control_10.1111/j.1467-9280.2008.02168.x,PS,external_control,2019,5,8,complete
control_10.1111/j.1467-9280.2008.02168.x,PS,external_control,2020,4,9,complete
control_10.1111/j.1467-9280.2008.02168.x,PS,external_control,2021,5,8,complete
control_10.1111/j.1467-9280.2008.02168.x,PS,external_control,2022,1,2,complete
control_10.1111/j.1467-9280.2008.02168.x,PS,external_control,2023,4,5,complete
control_10.1111/j.1467-9280.2008.02168.x,PS,external_control,2024,6,6,complete
control_10.1111/j.1467-9280.2008.02168.x,PS,external_control,2025,2,3,complete
control_10.1111/j.1467-9280.2008.02169.x,PS,external_control,2008,0,0,complete
control_10.1111/j.1467-9280.2008.02169.x,PS,external_control,2009,3,4,complete
control_10.1111/j.1467-9280.2008.02169.x,PS,external_control,2010,3,5,complete
control_10.1111/j.1467-9280.2008.02169.x,PS,external_control,2011,6,6,complete
control_10.1111/j.1467-9280.2008.02169.x,PS,external_control,2012,5,6,complete
control_10.1111/j.1467-9280.2008.02169.x,PS,external_control,2013,1,1,complete
control_10.1111/j.1467-9280.2008.02169.x,PS,external_control,2014,7,7,complete
control_10.1111/j.1467-9280.2008.02169.x,PS,external_control,2015,5,5,complete
control_10.1111/j.1467-9280.2008.02169.x,PS,external_control,2016,3,4,complete
control_10.1111/j.1467-9280.2008.02169.x,PS,external_control,2017,3,4,complete
control_10.1111/j.1467-9280.2008.02169.x,PS,external_control,2018,3,4,complete
control_10.1111/j.1467-9280.2008.02169.x,PS,external_control,2019,3,4,complete
control_10.1111/j.1467-9280.2008.02169.x,PS,external_control,2020,6,7,complete
control_10.1111/j.1467-9280.2008.02169.x,PS,external_control,2021,6,6,complete
control_10.1111/j.1467-9280.2008.02169.x,PS,external_control,2022,3,4,complete
control_10.1111/j.1467-9280.2008.02169.x,PS,external_control,2023,2,2,complete
control_10.1111/j.1467-9280.2008.02169.x,PS,external_control,2024,3,3,complete
control_10.1111/j.1467-9280.2008.02169.x,PS,external_control,2025,1,1,complete
control_10.1111/j.1467-9280.2008.02170.x,PS,external_control,2008,0,0,complete
control_10.1111/j.1467-9280.2008.02170.x,PS,external_control,2009,6,7,complete
control_10.1111/j.1467-9280.2008.02170.x,PS,external_control,2010,14,14,complete
control_10.1111/j.1467-9280.2008.02170.x,PS,external_control,2011,5,7,complete
control_10.1111/j.1467-9280.2008.02170.x,PS,external_control,2012,12,13,complete
control_10.1111/j.1467-9280.2008.02170.x,PS,external_control,2013,11,11,complete
control_10.1111/j.1467-9280.2008.02170.x,PS,external_control,2014,8,10,complete
control_10.1111/j.1467-9280.2008.02170.x,PS,external_control,2015,10,14,complete
control_10.1111/j.1467-9280.2008.02170.x,PS,external_control,2016,6,6,complete
control_10.1111/j.1467-9280.2008.02170.x,PS,external_control,2017,18,21,complete
control_10.1111/j.1467-9280.2008.02170.x,PS,external_control,2018,9,10,complete
control_10.1111/j.1467-9280.2008.02170.x,PS,external_control,2019,8,11,complete
control_10.1111/j.1467-9280.2008.02170.x,PS,external_control,2020,7,10,complete
control_10.1111/j.1467-9280.2008.02170.x,PS,external_control,2021,12,16,complete
control_10.1111/j.1467-9280.2008.02170.x,PS,external_control,2022,11,16,complete
control_10.1111/j.1467-9280.2008.02170.x,PS,external_control,2023,12,18,complete
control_10.1111/j.1467-9280.2008.02170.x,PS,external_control,2024,10,11,complete
control_10.1111/j.1467-9280.2008.02170.x,PS,external_control,2025,7,7,complete
control_10.1111/j.1467-9280.2008.02171.x,PS,external_control,2008,1,1,complete
control_10.1111/j.1467-9280.2008.02171.x,PS,external_control,2009,6,6,complete
control_10.1111/j.1467-9280.2008.02171.x,PS,external_control,2010,3,5,complete
control_10.1111/j.1467-9280.2008.02171.x,PS,external_control,2011,7,12,complete
control_10.1111/j.1467-9280.2008.02171.x,PS,external_control,2012,9,11,complete
control_10.1111/j.1467-9280.2008.02171.x,PS,external_control,2013,5,5,complete
control_10.1111/j.1467-9280.2008.02171.x,PS,external_control,2014,4,5,complete
control_10.1111/j.1467-9280.2008.02171.x,PS,external_control,2015,10,12,complete
control_10.1111/j.1467-9280.2008.02171.x,PS,external_control,2016,8,9,complete
control_10.1111/j.1467-9280.2008.02171.x,PS,external_control,2017,5,6,complete
control_10.1111/j.1467-9280.2008.02171.x,PS,external_control,2018,1,1,complete
control_10.1111/j.1467-9280.2008.02171.x,PS,external_control,2019,3,5,complete
control_10.1111/j.1467-9280.2008.02171.x,PS,external_control,2020,2,4,complete
control_10.1111/j.1467-9280.2008.02171.x,PS,external_control,2021,0,1,complete
control_10.1111/j.1467-9280.2008.02171.x,PS,external_control,2022,1,2,complete
control_10.1111/j.1467-9280.2008.02171.x,PS,external_control,2023,2,2,complete
control_10.1111/j.1467-9280.2008.02171.x,PS,external_control,2024,1,1,complete
control_10.1111/j.1467-9280.2008.02171.x,PS,external_control,2025,3,3,complete
control_10.1111/j.1467-9280.2008.02173.x,PS,external_control,2008,1,2,complete
control_10.1111/j.1467-9280.2008.02173.x,PS,external_control,2009,2,5,complete
control_10.1111/j.1467-9280.2008.02173.x,PS,external_control,2010,9,11,complete
control_10.1111/j.1467-9280.2008.02173.x,PS,external_control,2011,10,13,complete
control_10.1111/j.1467-9280.2008.02173.x,PS,external_control,2012,5,8,complete
control_10.1111/j.1467-9280.2008.02173.x,PS,external_control,2013,10,10,complete
control_10.1111/j.1467-9280.2008.02173.x,PS,external_control,2014,8,8,complete
control_10.1111/j.1467-9280.2008.02173.x,PS,external_control,2015,4,10,complete
control_10.1111/j.1467-9280.2008.02173.x,PS,external_control,2016,4,5,complete
control_10.1111/j.1467-9280.2008.02173.x,PS,external_control,2017,6,13,complete
control_10.1111/j.1467-9280.2008.02173.x,PS,external_control,2018,7,8,complete
control_10.1111/j.1467-9280.2008.02173.x,PS,external_control,2019,9,12,complete
control_10.1111/j.1467-9280.2008.02173.x,PS,external_control,2020,11,13,complete
control_10.1111/j.1467-9280.2008.02173.x,PS,external_control,2021,9,10,complete
control_10.1111/j.1467-9280.2008.02173.x,PS,external_control,2022,7,8,complete
control_10.1111/j.1467-9280.2008.02173.x,PS,external_control,2023,5,7,complete
control_10.1111/j.1467-9280.2008.02173.x,PS,external_control,2024,8,8,complete
control_10.1111/j.1467-9280.2008.02173.x,PS,external_control,2025,3,4,complete
control_10.1111/j.1467-9280.2008.02174.x,PS,external_control,2008,0,0,complete
control_10.1111/j.1467-9280.2008.02174.x,PS,external_control,2009,5,5,complete
control_10.1111/j.1467-9280.2008.02174.x,PS,external_control,2010,4,5,complete
control_10.1111/j.1467-9280.2008.02174.x,PS,external_control,2011,8,9,complete
control_10.1111/j.1467-9280.2008.02174.x,PS,external_control,2012,9,13,complete
control_10.1111/j.1467-9280.2008.02174.x,PS,external_control,2013,11,15,complete
control_10.1111/j.1467-9280.2008.02174.x,PS,external_control,2014,8,9,complete
control_10.1111/j.1467-9280.2008.02174.x,PS,external_control,2015,11,15,complete
control_10.1111/j.1467-9280.2008.02174.x,PS,external_control,2016,10,15,complete
control_10.1111/j.1467-9280.2008.02174.x,PS,external_control,2017,11,14,complete
control_10.1111/j.1467-9280.2008.02174.x,PS,external_control,2018,11,13,complete
control_10.1111/j.1467-9280.2008.02174.x,PS,external_control,2019,8,18,complete
control_10.1111/j.1467-9280.2008.02174.x,PS,external_control,2020,16,19,complete
control_10.1111/j.1467-9280.2008.02174.x,PS,external_control,2021,9,12,complete
control_10.1111/j.1467-9280.2008.02174.x,PS,external_control,2022,17,21,complete
control_10.1111/j.1467-9280.2008.02174.x,PS,external_control,2023,5,7,complete
control_10.1111/j.1467-9280.2008.02174.x,PS,external_control,2024,10,14,complete
control_10.1111/j.1467-9280.2008.02174.x,PS,external_control,2025,12,17,complete
control_10.1111/j.1467-9280.2008.02175.x,PS,external_control,2008,0,0,complete
control_10.1111/j.1467-9280.2008.02175.x,PS,external_control,2009,11,12,complete
control_10.1111/j.1467-9280.2008.02175.x,PS,external_control,2010,23,30,complete
control_10.1111/j.1467-9280.2008.02175.x,PS,external_control,2011,28,33,complete
control_10.1111/j.1467-9280.2008.02175.x,PS,external_control,2012,24,29,complete
control_10.1111/j.1467-9280.2008.02175.x,PS,external_control,2013,26,33,complete
control_10.1111/j.1467-9280.2008.02175.x,PS,external_control,2014,33,37,complete
control_10.1111/j.1467-9280.2008.02175.x,PS,external_control,2015,30,32,complete
control_10.1111/j.1467-9280.2008.02175.x,PS,external_control,2016,22,26,complete
control_10.1111/j.1467-9280.2008.02175.x,PS,external_control,2017,34,37,complete
control_10.1111/j.1467-9280.2008.02175.x,PS,external_control,2018,22,28,complete
control_10.1111/j.1467-9280.2008.02175.x,PS,external_control,2019,25,33,complete
control_10.1111/j.1467-9280.2008.02175.x,PS,external_control,2020,17,23,complete
control_10.1111/j.1467-9280.2008.02175.x,PS,external_control,2021,21,39,complete
control_10.1111/j.1467-9280.2008.02175.x,PS,external_control,2022,19,23,complete
control_10.1111/j.1467-9280.2008.02175.x,PS,external_control,2023,11,13,complete
control_10.1111/j.1467-9280.2008.02175.x,PS,external_control,2024,10,11,complete
control_10.1111/j.1467-9280.2008.02175.x,PS,external_control,2025,10,12,complete
control_10.1111/j.1467-9280.2008.02176.x,PS,external_control,2008,0,0,complete
control_10.1111/j.1467-9280.2008.02176.x,PS,external_control,2009,5,7,complete
control_10.1111/j.1467-9280.2008.02176.x,PS,external_control,2010,3,5,complete
control_10.1111/j.1467-9280.2008.02176.x,PS,external_control,2011,11,15,complete
control_10.1111/j.1467-9280.2008.02176.x,PS,external_control,2012,11,14,complete
control_10.1111/j.1467-9280.2008.02176.x,PS,external_control,2013,7,11,complete
control_10.1111/j.1467-9280.2008.02176.x,PS,external_control,2014,12,16,complete
control_10.1111/j.1467-9280.2008.02176.x,PS,external_control,2015,6,15,complete
control_10.1111/j.1467-9280.2008.02176.x,PS,external_control,2016,13,18,complete
control_10.1111/j.1467-9280.2008.02176.x,PS,external_control,2017,12,14,complete
control_10.1111/j.1467-9280.2008.02176.x,PS,external_control,2018,8,13,complete
control_10.1111/j.1467-9280.2008.02176.x,PS,external_control,2019,7,8,complete
control_10.1111/j.1467-9280.2008.02176.x,PS,external_control,2020,6,9,complete
control_10.1111/j.1467-9280.2008.02176.x,PS,external_control,2021,7,12,complete
control_10.1111/j.1467-9280.2008.02176.x,PS,external_control,2022,6,8,complete
control_10.1111/j.1467-9280.2008.02176.x,PS,external_control,2023,6,23,complete
control_10.1111/j.1467-9280.2008.02176.x,PS,external_control,2024,6,7,complete
control_10.1111/j.1467-9280.2008.02176.x,PS,external_control,2025,4,4,complete
control_10.1111/j.1467-9280.2008.02177.x,PS,external_control,2008,0,0,complete
control_10.1111/j.1467-9280.2008.02177.x,PS,external_control,2009,3,5,complete
control_10.1111/j.1467-9280.2008.02177.x,PS,external_control,2010,10,13,complete
control_10.1111/j.1467-9280.2008.02177.x,PS,external_control,2011,13,15,complete
control_10.1111/j.1467-9280.2008.02177.x,PS,external_control,2012,10,11,complete
control_10.1111/j.1467-9280.2008.02177.x,PS,external_control,2013,16,19,complete
control_10.1111/j.1467-9280.2008.02177.x,PS,external_control,2014,8,10,complete
control_10.1111/j.1467-9280.2008.02177.x,PS,external_control,2015,10,10,complete
control_10.1111/j.1467-9280.2008.02177.x,PS,external_control,2016,16,17,complete
control_10.1111/j.1467-9280.2008.02177.x,PS,external_control,2017,8,11,complete
control_10.1111/j.1467-9280.2008.02177.x,PS,external_control,2018,15,17,complete
control_10.1111/j.1467-9280.2008.02177.x,PS,external_control,2019,8,10,complete
control_10.1111/j.1467-9280.2008.02177.x,PS,external_control,2020,9,10,complete
control_10.1111/j.1467-9280.2008.02177.x,PS,external_control,2021,12,16,complete
control_10.1111/j.1467-9280.2008.02177.x,PS,external_control,2022,8,9,complete
control_10.1111/j.1467-9280.2008.02177.x,PS,external_control,2023,8,12,complete
control_10.1111/j.1467-9280.2008.02177.x,PS,external_control,2024,10,11,complete
control_10.1111/j.1467-9280.2008.02177.x,PS,external_control,2025,8,10,complete
control_10.1111/j.1467-9280.2008.02178.x,PS,external_control,2008,0,0,complete
control_10.1111/j.1467-9280.2008.02178.x,PS,external_control,2009,2,2,complete
control_10.1111/j.1467-9280.2008.02178.x,PS,external_control,2010,5,6,complete
control_10.1111/j.1467-9280.2008.02178.x,PS,external_control,2011,3,3,complete
control_10.1111/j.1467-9280.2008.02178.x,PS,external_control,2012,8,11,complete
control_10.1111/j.1467-9280.2008.02178.x,PS,external_control,2013,8,10,complete
control_10.1111/j.1467-9280.2008.02178.x,PS,external_control,2014,5,7,complete
control_10.1111/j.1467-9280.2008.02178.x,PS,external_control,2015,7,10,complete
control_10.1111/j.1467-9280.2008.02178.x,PS,external_control,2016,8,11,complete
control_10.1111/j.1467-9280.2008.02178.x,PS,external_control,2017,0,2,complete
control_10.1111/j.1467-9280.2008.02178.x,PS,external_control,2018,2,3,complete
control_10.1111/j.1467-9280.2008.02178.x,PS,external_control,2019,4,6,complete
control_10.1111/j.1467-9280.2008.02178.x,PS,external_control,2020,4,5,complete
control_10.1111/j.1467-9280.2008.02178.x,PS,external_control,2021,7,8,complete
control_10.1111/j.1467-9280.2008.02178.x,PS,external_control,2022,6,7,complete
control_10.1111/j.1467-9280.2008.02178.x,PS,external_control,2023,3,4,complete
control_10.1111/j.1467-9280.2008.02178.x,PS,external_control,2024,1,4,complete
control_10.1111/j.1467-9280.2008.02178.x,PS,external_control,2025,0,0,complete
control_10.1111/j.1467-9280.2008.02179.x,PS,external_control,2008,1,1,complete
control_10.1111/j.1467-9280.2008.02179.x,PS,external_control,2009,2,2,complete
control_10.1111/j.1467-9280.2008.02179.x,PS,external_control,2010,6,8,complete
control_10.1111/j.1467-9280.2008.02179.x,PS,external_control,2011,5,8,complete
control_10.1111/j.1467-9280.2008.02179.x,PS,external_control,2012,3,5,complete
control_10.1111/j.1467-9280.2008.02179.x,PS,external_control,2013,4,11,complete
control_10.1111/j.1467-9280.2008.02179.x,PS,external_control,2014,9,13,complete
control_10.1111/j.1467-9280.2008.02179.x,PS,external_control,2015,3,3,complete
control_10.1111/j.1467-9280.2008.02179.x,PS,external_control,2016,8,11,complete
control_10.1111/j.1467-9280.2008.02179.x,PS,external_control,2017,9,10,complete
control_10.1111/j.1467-9280.2008.02179.x,PS,external_control,2018,10,14,complete
control_10.1111/j.1467-9280.2008.02179.x,PS,external_control,2019,5,8,complete
control_10.1111/j.1467-9280.2008.02179.x,PS,external_control,2020,12,54,complete
control_10.1111/j.1467-9280.2008.02179.x,PS,external_control,2021,6,6,complete
control_10.1111/j.1467-9280.2008.02179.x,PS,external_control,2022,7,7,complete
control_10.1111/j.1467-9280.2008.02179.x,PS,external_control,2023,2,2,complete
control_10.1111/j.1467-9280.2008.02179.x,PS,external_control,2024,3,4,complete
control_10.1111/j.1467-9280.2008.02179.x,PS,external_control,2025,3,4,complete
control_10.1111/j.1467-9280.2008.02180.x,PS,external_control,2008,0,0,complete
control_10.1111/j.1467-9280.2008.02180.x,PS,external_control,2009,1,4,complete
control_10.1111/j.1467-9280.2008.02180.x,PS,external_control,2010,9,9,complete
control_10.1111/j.1467-9280.2008.02180.x,PS,external_control,2011,5,6,complete
control_10.1111/j.1467-9280.2008.02180.x,PS,external_control,2012,13,14,complete
control_10.1111/j.1467-9280.2008.02180.x,PS,external_control,2013,6,6,complete
control_10.1111/j.1467-9280.2008.02180.x,PS,external_control,2014,10,11,complete
control_10.1111/j.1467-9280.2008.02180.x,PS,external_control,2015,2,4,complete
control_10.1111/j.1467-9280.2008.02180.x,PS,external_control,2016,9,12,complete
control_10.1111/j.1467-9280.2008.02180.x,PS,external_control,2017,6,10,complete
control_10.1111/j.1467-9280.2008.02180.x,PS,external_control,2018,5,9,complete
control_10.1111/j.1467-9280.2008.02180.x,PS,external_control,2019,9,10,complete
control_10.1111/j.1467-9280.2008.02180.x,PS,external_control,2020,3,4,complete
control_10.1111/j.1467-9280.2008.02180.x,PS,external_control,2021,3,6,complete
control_10.1111/j.1467-9280.2008.02180.x,PS,external_control,2022,3,6,complete
control_10.1111/j.1467-9280.2008.02180.x,PS,external_control,2023,5,6,complete
control_10.1111/j.1467-9280.2008.02180.x,PS,external_control,2024,5,6,complete
control_10.1111/j.1467-9280.2008.02180.x,PS,external_control,2025,6,8,complete
control_10.1111/j.1467-9280.2008.02182.x,PS,external_control,2008,1,1,complete
control_10.1111/j.1467-9280.2008.02182.x,PS,external_control,2009,5,5,complete
control_10.1111/j.1467-9280.2008.02182.x,PS,external_control,2010,6,7,complete
control_10.1111/j.1467-9280.2008.02182.x,PS,external_control,2011,8,11,complete
control_10.1111/j.1467-9280.2008.02182.x,PS,external_control,2012,7,9,complete
control_10.1111/j.1467-9280.2008.02182.x,PS,external_control,2013,6,8,complete
control_10.1111/j.1467-9280.2008.02182.x,PS,external_control,2014,9,16,complete
control_10.1111/j.1467-9280.2008.02182.x,PS,external_control,2015,6,7,complete
control_10.1111/j.1467-9280.2008.02182.x,PS,external_control,2016,12,16,complete
control_10.1111/j.1467-9280.2008.02182.x,PS,external_control,2017,4,5,complete
control_10.1111/j.1467-9280.2008.02182.x,PS,external_control,2018,3,4,complete
control_10.1111/j.1467-9280.2008.02182.x,PS,external_control,2019,4,7,complete
control_10.1111/j.1467-9280.2008.02182.x,PS,external_control,2020,6,28,complete
control_10.1111/j.1467-9280.2008.02182.x,PS,external_control,2021,4,7,complete
control_10.1111/j.1467-9280.2008.02182.x,PS,external_control,2022,4,4,complete
control_10.1111/j.1467-9280.2008.02182.x,PS,external_control,2023,4,9,complete
control_10.1111/j.1467-9280.2008.02182.x,PS,external_control,2024,4,4,complete
control_10.1111/j.1467-9280.2008.02182.x,PS,external_control,2025,1,2,complete
control_10.1111/j.1467-9280.2008.02183.x,PS,external_control,2008,0,0,complete
control_10.1111/j.1467-9280.2008.02183.x,PS,external_control,2009,6,7,complete
control_10.1111/j.1467-9280.2008.02183.x,PS,external_control,2010,4,7,complete
control_10.1111/j.1467-9280.2008.02183.x,PS,external_control,2011,10,16,complete
control_10.1111/j.1467-9280.2008.02183.x,PS,external_control,2012,15,18,complete
control_10.1111/j.1467-9280.2008.02183.x,PS,external_control,2013,8,10,complete
control_10.1111/j.1467-9280.2008.02183.x,PS,external_control,2014,14,16,complete
control_10.1111/j.1467-9280.2008.02183.x,PS,external_control,2015,14,16,complete
control_10.1111/j.1467-9280.2008.02183.x,PS,external_control,2016,11,13,complete
control_10.1111/j.1467-9280.2008.02183.x,PS,external_control,2017,15,15,complete
control_10.1111/j.1467-9280.2008.02183.x,PS,external_control,2018,10,10,complete
control_10.1111/j.1467-9280.2008.02183.x,PS,external_control,2019,10,12,complete
control_10.1111/j.1467-9280.2008.02183.x,PS,external_control,2020,9,11,complete
control_10.1111/j.1467-9280.2008.02183.x,PS,external_control,2021,12,16,complete
control_10.1111/j.1467-9280.2008.02183.x,PS,external_control,2022,11,14,complete
control_10.1111/j.1467-9280.2008.02183.x,PS,external_control,2023,5,8,complete
control_10.1111/j.1467-9280.2008.02183.x,PS,external_control,2024,13,15,complete
control_10.1111/j.1467-9280.2008.02183.x,PS,external_control,2025,6,7,complete
control_10.1111/j.1467-9280.2008.02184.x,PS,external_control,2008,0,0,complete
control_10.1111/j.1467-9280.2008.02184.x,PS,external_control,2009,0,1,complete
control_10.1111/j.1467-9280.2008.02184.x,PS,external_control,2010,1,1,complete
control_10.1111/j.1467-9280.2008.02184.x,PS,external_control,2011,5,6,complete
control_10.1111/j.1467-9280.2008.02184.x,PS,external_control,2012,2,2,complete
control_10.1111/j.1467-9280.2008.02184.x,PS,external_control,2013,1,2,complete
control_10.1111/j.1467-9280.2008.02184.x,PS,external_control,2014,0,1,complete
control_10.1111/j.1467-9280.2008.02184.x,PS,external_control,2015,4,4,complete
control_10.1111/j.1467-9280.2008.02184.x,PS,external_control,2016,2,3,complete
control_10.1111/j.1467-9280.2008.02184.x,PS,external_control,2017,4,4,complete
control_10.1111/j.1467-9280.2008.02184.x,PS,external_control,2018,4,4,complete
control_10.1111/j.1467-9280.2008.02184.x,PS,external_control,2019,5,8,complete
control_10.1111/j.1467-9280.2008.02184.x,PS,external_control,2020,3,3,complete
control_10.1111/j.1467-9280.2008.02184.x,PS,external_control,2021,5,5,complete
control_10.1111/j.1467-9280.2008.02184.x,PS,external_control,2022,1,4,complete
control_10.1111/j.1467-9280.2008.02184.x,PS,external_control,2023,2,2,complete
control_10.1111/j.1467-9280.2008.02184.x,PS,external_control,2024,2,2,complete
control_10.1111/j.1467-9280.2008.02184.x,PS,external_control,2025,1,2,complete
control_10.1111/j.1467-9280.2008.02185.x,PS,external_control,2008,0,0,complete
control_10.1111/j.1467-9280.2008.02185.x,PS,external_control,2009,5,5,complete
control_10.1111/j.1467-9280.2008.02185.x,PS,external_control,2010,12,14,complete
control_10.1111/j.1467-9280.2008.02185.x,PS,external_control,2011,4,5,complete
control_10.1111/j.1467-9280.2008.02185.x,PS,external_control,2012,5,6,complete
control_10.1111/j.1467-9280.2008.02185.x,PS,external_control,2013,12,12,complete
control_10.1111/j.1467-9280.2008.02185.x,PS,external_control,2014,10,10,complete
control_10.1111/j.1467-9280.2008.02185.x,PS,external_control,2015,12,12,complete
control_10.1111/j.1467-9280.2008.02185.x,PS,external_control,2016,7,7,complete
control_10.1111/j.1467-9280.2008.02185.x,PS,external_control,2017,9,14,complete
control_10.1111/j.1467-9280.2008.02185.x,PS,external_control,2018,21,22,complete
control_10.1111/j.1467-9280.2008.02185.x,PS,external_control,2019,9,10,complete
control_10.1111/j.1467-9280.2008.02185.x,PS,external_control,2020,11,12,complete
control_10.1111/j.1467-9280.2008.02185.x,PS,external_control,2021,12,13,complete
control_10.1111/j.1467-9280.2008.02185.x,PS,external_control,2022,7,10,complete
control_10.1111/j.1467-9280.2008.02185.x,PS,external_control,2023,8,9,complete
control_10.1111/j.1467-9280.2008.02185.x,PS,external_control,2024,8,10,complete
control_10.1111/j.1467-9280.2008.02185.x,PS,external_control,2025,4,5,complete
control_10.1111/j.1467-9280.2008.02186.x,PS,external_control,2008,0,0,complete
control_10.1111/j.1467-9280.2008.02186.x,PS,external_control,2009,2,2,complete
control_10.1111/j.1467-9280.2008.02186.x,PS,external_control,2010,3,4,complete
control_10.1111/j.1467-9280.2008.02186.x,PS,external_control,2011,10,11,complete
control_10.1111/j.1467-9280.2008.02186.x,PS,external_control,2012,5,7,complete
control_10.1111/j.1467-9280.2008.02186.x,PS,external_control,2013,10,11,complete
control_10.1111/j.1467-9280.2008.02186.x,PS,external_control,2014,9,10,complete
control_10.1111/j.1467-9280.2008.02186.x,PS,external_control,2015,8,9,complete
control_10.1111/j.1467-9280.2008.02186.x,PS,external_control,2016,8,13,complete
control_10.1111/j.1467-9280.2008.02186.x,PS,external_control,2017,12,15,complete
control_10.1111/j.1467-9280.2008.02186.x,PS,external_control,2018,12,15,complete
control_10.1111/j.1467-9280.2008.02186.x,PS,external_control,2019,12,17,complete
control_10.1111/j.1467-9280.2008.02186.x,PS,external_control,2020,10,14,complete
control_10.1111/j.1467-9280.2008.02186.x,PS,external_control,2021,12,16,complete
control_10.1111/j.1467-9280.2008.02186.x,PS,external_control,2022,16,17,complete
control_10.1111/j.1467-9280.2008.02186.x,PS,external_control,2023,13,16,complete
control_10.1111/j.1467-9280.2008.02186.x,PS,external_control,2024,15,18,complete
control_10.1111/j.1467-9280.2008.02186.x,PS,external_control,2025,10,10,complete
control_10.1111/j.1467-9280.2008.02188.x,PS,external_control,2008,0,0,complete
control_10.1111/j.1467-9280.2008.02188.x,PS,external_control,2009,5,8,complete
control_10.1111/j.1467-9280.2008.02188.x,PS,external_control,2010,6,8,complete
control_10.1111/j.1467-9280.2008.02188.x,PS,external_control,2011,6,6,complete
control_10.1111/j.1467-9280.2008.02188.x,PS,external_control,2012,7,35,complete
control_10.1111/j.1467-9280.2008.02188.x,PS,external_control,2013,11,16,complete
control_10.1111/j.1467-9280.2008.02188.x,PS,external_control,2014,13,16,complete
control_10.1111/j.1467-9280.2008.02188.x,PS,external_control,2015,17,18,complete
control_10.1111/j.1467-9280.2008.02188.x,PS,external_control,2016,13,19,complete
control_10.1111/j.1467-9280.2008.02188.x,PS,external_control,2017,10,11,complete
control_10.1111/j.1467-9280.2008.02188.x,PS,external_control,2018,7,12,complete
control_10.1111/j.1467-9280.2008.02188.x,PS,external_control,2019,12,13,complete
control_10.1111/j.1467-9280.2008.02188.x,PS,external_control,2020,9,26,complete
control_10.1111/j.1467-9280.2008.02188.x,PS,external_control,2021,6,11,complete
control_10.1111/j.1467-9280.2008.02188.x,PS,external_control,2022,6,9,complete
control_10.1111/j.1467-9280.2008.02188.x,PS,external_control,2023,5,9,complete
control_10.1111/j.1467-9280.2008.02188.x,PS,external_control,2024,2,6,complete
control_10.1111/j.1467-9280.2008.02188.x,PS,external_control,2025,2,4,complete
control_10.1111/j.1467-9280.2008.02189.x,PS,external_control,2008,0,0,complete
control_10.1111/j.1467-9280.2008.02189.x,PS,external_control,2009,2,2,complete
control_10.1111/j.1467-9280.2008.02189.x,PS,external_control,2010,6,7,complete
control_10.1111/j.1467-9280.2008.02189.x,PS,external_control,2011,9,14,complete
control_10.1111/j.1467-9280.2008.02189.x,PS,external_control,2012,9,12,complete
control_10.1111/j.1467-9280.2008.02189.x,PS,external_control,2013,10,13,complete
control_10.1111/j.1467-9280.2008.02189.x,PS,external_control,2014,14,21,complete
control_10.1111/j.1467-9280.2008.02189.x,PS,external_control,2015,27,37,complete
control_10.1111/j.1467-9280.2008.02189.x,PS,external_control,2016,17,21,complete
control_10.1111/j.1467-9280.2008.02189.x,PS,external_control,2017,21,21,complete
control_10.1111/j.1467-9280.2008.02189.x,PS,external_control,2018,14,21,complete
control_10.1111/j.1467-9280.2008.02189.x,PS,external_control,2019,15,16,complete
control_10.1111/j.1467-9280.2008.02189.x,PS,external_control,2020,16,20,complete
control_10.1111/j.1467-9280.2008.02189.x,PS,external_control,2021,12,18,complete
control_10.1111/j.1467-9280.2008.02189.x,PS,external_control,2022,18,22,complete
control_10.1111/j.1467-9280.2008.02189.x,PS,external_control,2023,21,23,complete
control_10.1111/j.1467-9280.2008.02189.x,PS,external_control,2024,23,26,complete
control_10.1111/j.1467-9280.2008.02189.x,PS,external_control,2025,28,33,complete
control_10.1111/j.1467-9280.2008.02190.x,PS,external_control,2008,0,0,complete
control_10.1111/j.1467-9280.2008.02190.x,PS,external_control,2009,1,3,complete
control_10.1111/j.1467-9280.2008.02190.x,PS,external_control,2010,0,1,complete
control_10.1111/j.1467-9280.2008.02190.x,PS,external_control,2011,0,0,complete
control_10.1111/j.1467-9280.2008.02190.x,PS,external_control,2012,3,3,complete
control_10.1111/j.1467-9280.2008.02190.x,PS,external_control,2013,0,0,complete
control_10.1111/j.1467-9280.2008.02190.x,PS,external_control,2014,1,1,complete
control_10.1111/j.1467-9280.2008.02190.x,PS,external_control,2015,2,3,complete
control_10.1111/j.1467-9280.2008.02190.x,PS,external_control,2016,1,1,complete
control_10.1111/j.1467-9280.2008.02190.x,PS,external_control,2017,0,1,complete
control_10.1111/j.1467-9280.2008.02190.x,PS,external_control,2018,0,1,complete
control_10.1111/j.1467-9280.2008.02190.x,PS,external_control,2019,3,3,complete
control_10.1111/j.1467-9280.2008.02190.x,PS,external_control,2020,0,0,complete
control_10.1111/j.1467-9280.2008.02190.x,PS,external_control,2021,2,3,complete
control_10.1111/j.1467-9280.2008.02190.x,PS,external_control,2022,0,0,complete
control_10.1111/j.1467-9280.2008.02190.x,PS,external_control,2023,1,1,complete
control_10.1111/j.1467-9280.2008.02190.x,PS,external_control,2024,1,1,complete
control_10.1111/j.1467-9280.2008.02190.x,PS,external_control,2025,1,1,complete
control_10.1111/j.1467-9280.2008.02191.x,PS,external_control,2008,1,1,complete
control_10.1111/j.1467-9280.2008.02191.x,PS,external_control,2009,8,8,complete
control_10.1111/j.1467-9280.2008.02191.x,PS,external_control,2010,12,16,complete
control_10.1111/j.1467-9280.2008.02191.x,PS,external_control,2011,12,17,complete
control_10.1111/j.1467-9280.2008.02191.x,PS,external_control,2012,15,17,complete
control_10.1111/j.1467-9280.2008.02191.x,PS,external_control,2013,24,30,complete
control_10.1111/j.1467-9280.2008.02191.x,PS,external_control,2014,21,28,complete
control_10.1111/j.1467-9280.2008.02191.x,PS,external_control,2015,19,22,complete
control_10.1111/j.1467-9280.2008.02191.x,PS,external_control,2016,18,21,complete
control_10.1111/j.1467-9280.2008.02191.x,PS,external_control,2017,21,28,complete
control_10.1111/j.1467-9280.2008.02191.x,PS,external_control,2018,22,28,complete
control_10.1111/j.1467-9280.2008.02191.x,PS,external_control,2019,22,27,complete
control_10.1111/j.1467-9280.2008.02191.x,PS,external_control,2020,25,39,complete
control_10.1111/j.1467-9280.2008.02191.x,PS,external_control,2021,27,30,complete
control_10.1111/j.1467-9280.2008.02191.x,PS,external_control,2022,20,52,complete
control_10.1111/j.1467-9280.2008.02191.x,PS,external_control,2023,14,25,complete
control_10.1111/j.1467-9280.2008.02191.x,PS,external_control,2024,29,39,complete
control_10.1111/j.1467-9280.2008.02191.x,PS,external_control,2025,18,22,complete
control_10.1111/j.1467-9280.2008.02192.x,PS,external_control,2008,1,1,complete
control_10.1111/j.1467-9280.2008.02192.x,PS,external_control,2009,2,2,complete
control_10.1111/j.1467-9280.2008.02192.x,PS,external_control,2010,5,6,complete
control_10.1111/j.1467-9280.2008.02192.x,PS,external_control,2011,3,6,complete
control_10.1111/j.1467-9280.2008.02192.x,PS,external_control,2012,3,3,complete
control_10.1111/j.1467-9280.2008.02192.x,PS,external_control,2013,6,7,complete
control_10.1111/j.1467-9280.2008.02192.x,PS,external_control,2014,3,3,complete
control_10.1111/j.1467-9280.2008.02192.x,PS,external_control,2015,7,7,complete
control_10.1111/j.1467-9280.2008.02192.x,PS,external_control,2016,7,7,complete
control_10.1111/j.1467-9280.2008.02192.x,PS,external_control,2017,4,4,complete
control_10.1111/j.1467-9280.2008.02192.x,PS,external_control,2018,3,3,complete
control_10.1111/j.1467-9280.2008.02192.x,PS,external_control,2019,3,3,complete
control_10.1111/j.1467-9280.2008.02192.x,PS,external_control,2020,3,4,complete
control_10.1111/j.1467-9280.2008.02192.x,PS,external_control,2021,3,5,complete
control_10.1111/j.1467-9280.2008.02192.x,PS,external_control,2022,2,4,complete
control_10.1111/j.1467-9280.2008.02192.x,PS,external_control,2023,3,3,complete
control_10.1111/j.1467-9280.2008.02192.x,PS,external_control,2024,4,6,complete
control_10.1111/j.1467-9280.2008.02192.x,PS,external_control,2025,0,2,complete
control_10.1111/j.1467-9280.2008.02193.x,PS,external_control,2008,0,0,complete
control_10.1111/j.1467-9280.2008.02193.x,PS,external_control,2009,8,10,complete
control_10.1111/j.1467-9280.2008.02193.x,PS,external_control,2010,7,7,complete
control_10.1111/j.1467-9280.2008.02193.x,PS,external_control,2011,11,14,complete
control_10.1111/j.1467-9280.2008.02193.x,PS,external_control,2012,5,10,complete
control_10.1111/j.1467-9280.2008.02193.x,PS,external_control,2013,2,5,complete
control_10.1111/j.1467-9280.2008.02193.x,PS,external_control,2014,6,10,complete
control_10.1111/j.1467-9280.2008.02193.x,PS,external_control,2015,9,13,complete
control_10.1111/j.1467-9280.2008.02193.x,PS,external_control,2016,9,12,complete
control_10.1111/j.1467-9280.2008.02193.x,PS,external_control,2017,13,18,complete
control_10.1111/j.1467-9280.2008.02193.x,PS,external_control,2018,9,13,complete
control_10.1111/j.1467-9280.2008.02193.x,PS,external_control,2019,5,8,complete
control_10.1111/j.1467-9280.2008.02193.x,PS,external_control,2020,10,18,complete
control_10.1111/j.1467-9280.2008.02193.x,PS,external_control,2021,9,16,complete
control_10.1111/j.1467-9280.2008.02193.x,PS,external_control,2022,6,12,complete
control_10.1111/j.1467-9280.2008.02193.x,PS,external_control,2023,5,13,complete
control_10.1111/j.1467-9280.2008.02193.x,PS,external_control,2024,4,5,complete
control_10.1111/j.1467-9280.2008.02193.x,PS,external_control,2025,3,5,complete
control_10.1111/j.1467-9280.2008.02194.x,PS,external_control,2008,1,1,complete
control_10.1111/j.1467-9280.2008.02194.x,PS,external_control,2009,1,2,complete
control_10.1111/j.1467-9280.2008.02194.x,PS,external_control,2010,9,10,complete
control_10.1111/j.1467-9280.2008.02194.x,PS,external_control,2011,9,12,complete
control_10.1111/j.1467-9280.2008.02194.x,PS,external_control,2012,11,15,complete
control_10.1111/j.1467-9280.2008.02194.x,PS,external_control,2013,13,16,complete
control_10.1111/j.1467-9280.2008.02194.x,PS,external_control,2014,22,27,complete
control_10.1111/j.1467-9280.2008.02194.x,PS,external_control,2015,20,23,complete
control_10.1111/j.1467-9280.2008.02194.x,PS,external_control,2016,19,24,complete
control_10.1111/j.1467-9280.2008.02194.x,PS,external_control,2017,16,21,complete
control_10.1111/j.1467-9280.2008.02194.x,PS,external_control,2018,24,25,complete
control_10.1111/j.1467-9280.2008.02194.x,PS,external_control,2019,30,38,complete
control_10.1111/j.1467-9280.2008.02194.x,PS,external_control,2020,41,47,complete
control_10.1111/j.1467-9280.2008.02194.x,PS,external_control,2021,25,30,complete
control_10.1111/j.1467-9280.2008.02194.x,PS,external_control,2022,39,44,complete
control_10.1111/j.1467-9280.2008.02194.x,PS,external_control,2023,34,45,complete
control_10.1111/j.1467-9280.2008.02194.x,PS,external_control,2024,27,34,complete
control_10.1111/j.1467-9280.2008.02194.x,PS,external_control,2025,29,31,complete
control_10.1111/j.1467-9280.2008.02195.x,PS,external_control,2008,0,0,complete
control_10.1111/j.1467-9280.2008.02195.x,PS,external_control,2009,0,0,complete
control_10.1111/j.1467-9280.2008.02195.x,PS,external_control,2010,5,5,complete
control_10.1111/j.1467-9280.2008.02195.x,PS,external_control,2011,2,2,complete
control_10.1111/j.1467-9280.2008.02195.x,PS,external_control,2012,7,9,complete
control_10.1111/j.1467-9280.2008.02195.x,PS,external_control,2013,5,5,complete
control_10.1111/j.1467-9280.2008.02195.x,PS,external_control,2014,1,2,complete
control_10.1111/j.1467-9280.2008.02195.x,PS,external_control,2015,3,4,complete
control_10.1111/j.1467-9280.2008.02195.x,PS,external_control,2016,2,2,complete
control_10.1111/j.1467-9280.2008.02195.x,PS,external_control,2017,2,2,complete
control_10.1111/j.1467-9280.2008.02195.x,PS,external_control,2018,6,6,complete
control_10.1111/j.1467-9280.2008.02195.x,PS,external_control,2019,5,7,complete
control_10.1111/j.1467-9280.2008.02195.x,PS,external_control,2020,4,5,complete
control_10.1111/j.1467-9280.2008.02195.x,PS,external_control,2021,4,6,complete
control_10.1111/j.1467-9280.2008.02195.x,PS,external_control,2022,7,8,complete
control_10.1111/j.1467-9280.2008.02195.x,PS,external_control,2023,3,4,complete
control_10.1111/j.1467-9280.2008.02195.x,PS,external_control,2024,5,7,complete
control_10.1111/j.1467-9280.2008.02195.x,PS,external_control,2025,2,2,complete
control_10.1111/j.1467-9280.2008.02196.x,PS,external_control,2008,0,0,complete
control_10.1111/j.1467-9280.2008.02196.x,PS,external_control,2009,5,5,complete
control_10.1111/j.1467-9280.2008.02196.x,PS,external_control,2010,15,16,complete
control_10.1111/j.1467-9280.2008.02196.x,PS,external_control,2011,14,16,complete
control_10.1111/j.1467-9280.2008.02196.x,PS,external_control,2012,15,21,complete
control_10.1111/j.1467-9280.2008.02196.x,PS,external_control,2013,18,24,complete
control_10.1111/j.1467-9280.2008.02196.x,PS,external_control,2014,19,21,complete
control_10.1111/j.1467-9280.2008.02196.x,PS,external_control,2015,20,23,complete
control_10.1111/j.1467-9280.2008.02196.x,PS,external_control,2016,15,20,complete
control_10.1111/j.1467-9280.2008.02196.x,PS,external_control,2017,20,23,complete
control_10.1111/j.1467-9280.2008.02196.x,PS,external_control,2018,26,32,complete
control_10.1111/j.1467-9280.2008.02196.x,PS,external_control,2019,28,31,complete
control_10.1111/j.1467-9280.2008.02196.x,PS,external_control,2020,26,33,complete
control_10.1111/j.1467-9280.2008.02196.x,PS,external_control,2021,22,24,complete
control_10.1111/j.1467-9280.2008.02196.x,PS,external_control,2022,10,10,complete
control_10.1111/j.1467-9280.2008.02196.x,PS,external_control,2023,13,14,complete
control_10.1111/j.1467-9280.2008.02196.x,PS,external_control,2024,14,14,complete
control_10.1111/j.1467-9280.2008.02196.x,PS,external_control,2025,10,10,complete
control_10.1111/j.1467-9280.2008.02197.x,PS,external_control,2008,1,1,complete
control_10.1111/j.1467-9280.2008.02197.x,PS,external_control,2009,4,5,complete
control_10.1111/j.1467-9280.2008.02197.x,PS,external_control,2010,9,11,complete
control_10.1111/j.1467-9280.2008.02197.x,PS,external_control,2011,4,5,complete
control_10.1111/j.1467-9280.2008.02197.x,PS,external_control,2012,8,10,complete
control_10.1111/j.1467-9280.2008.02197.x,PS,external_control,2013,8,11,complete
control_10.1111/j.1467-9280.2008.02197.x,PS,external_control,2014,7,8,complete
control_10.1111/j.1467-9280.2008.02197.x,PS,external_control,2015,3,3,complete
control_10.1111/j.1467-9280.2008.02197.x,PS,external_control,2016,10,11,complete
control_10.1111/j.1467-9280.2008.02197.x,PS,external_control,2017,5,6,complete
control_10.1111/j.1467-9280.2008.02197.x,PS,external_control,2018,2,2,complete
control_10.1111/j.1467-9280.2008.02197.x,PS,external_control,2019,1,3,complete
control_10.1111/j.1467-9280.2008.02197.x,PS,external_control,2020,2,3,complete
control_10.1111/j.1467-9280.2008.02197.x,PS,external_control,2021,4,4,complete
control_10.1111/j.1467-9280.2008.02197.x,PS,external_control,2022,2,2,complete
control_10.1111/j.1467-9280.2008.02197.x,PS,external_control,2023,1,1,complete
control_10.1111/j.1467-9280.2008.02197.x,PS,external_control,2024,1,1,complete
control_10.1111/j.1467-9280.2008.02197.x,PS,external_control,2025,2,2,complete
control_10.1111/j.1467-9280.2008.02198.x,PS,external_control,2008,0,0,complete
control_10.1111/j.1467-9280.2008.02198.x,PS,external_control,2009,1,1,complete
control_10.1111/j.1467-9280.2008.02198.x,PS,external_control,2010,1,3,complete
control_10.1111/j.1467-9280.2008.02198.x,PS,external_control,2011,7,8,complete
control_10.1111/j.1467-9280.2008.02198.x,PS,external_control,2012,4,6,complete
control_10.1111/j.1467-9280.2008.02198.x,PS,external_control,2013,4,5,complete
control_10.1111/j.1467-9280.2008.02198.x,PS,external_control,2014,2,2,complete
control_10.1111/j.1467-9280.2008.02198.x,PS,external_control,2015,2,3,complete
control_10.1111/j.1467-9280.2008.02198.x,PS,external_control,2016,2,19,complete
control_10.1111/j.1467-9280.2008.02198.x,PS,external_control,2017,1,2,complete
control_10.1111/j.1467-9280.2008.02198.x,PS,external_control,2018,0,0,complete
control_10.1111/j.1467-9280.2008.02198.x,PS,external_control,2019,2,2,complete
control_10.1111/j.1467-9280.2008.02198.x,PS,external_control,2020,1,1,complete
control_10.1111/j.1467-9280.2008.02198.x,PS,external_control,2021,0,0,complete
control_10.1111/j.1467-9280.2008.02198.x,PS,external_control,2022,2,4,complete
control_10.1111/j.1467-9280.2008.02198.x,PS,external_control,2023,0,0,complete
control_10.1111/j.1467-9280.2008.02198.x,PS,external_control,2024,1,1,complete
control_10.1111/j.1467-9280.2008.02198.x,PS,external_control,2025,2,2,complete
control_10.1111/j.1467-9280.2008.02200.x,PS,external_control,2008,1,1,complete
control_10.1111/j.1467-9280.2008.02200.x,PS,external_control,2009,8,12,complete
control_10.1111/j.1467-9280.2008.02200.x,PS,external_control,2010,15,21,complete
control_10.1111/j.1467-9280.2008.02200.x,PS,external_control,2011,8,13,complete
control_10.1111/j.1467-9280.2008.02200.x,PS,external_control,2012,14,19,complete
control_10.1111/j.1467-9280.2008.02200.x,PS,external_control,2013,24,29,complete
control_10.1111/j.1467-9280.2008.02200.x,PS,external_control,2014,10,12,complete
control_10.1111/j.1467-9280.2008.02200.x,PS,external_control,2015,13,15,complete
control_10.1111/j.1467-9280.2008.02200.x,PS,external_control,2016,16,21,complete
control_10.1111/j.1467-9280.2008.02200.x,PS,external_control,2017,15,18,complete
control_10.1111/j.1467-9280.2008.02200.x,PS,external_control,2018,21,24,complete
control_10.1111/j.1467-9280.2008.02200.x,PS,external_control,2019,14,20,complete
control_10.1111/j.1467-9280.2008.02200.x,PS,external_control,2020,11,48,complete
control_10.1111/j.1467-9280.2008.02200.x,PS,external_control,2021,11,13,complete
control_10.1111/j.1467-9280.2008.02200.x,PS,external_control,2022,9,13,complete
control_10.1111/j.1467-9280.2008.02200.x,PS,external_control,2023,5,7,complete
control_10.1111/j.1467-9280.2008.02200.x,PS,external_control,2024,7,9,complete
control_10.1111/j.1467-9280.2008.02200.x,PS,external_control,2025,4,6,complete
control_10.1111/j.1467-9280.2008.02201.x,PS,external_control,2008,1,1,complete
control_10.1111/j.1467-9280.2008.02201.x,PS,external_control,2009,7,10,complete
control_10.1111/j.1467-9280.2008.02201.x,PS,external_control,2010,14,20,complete
control_10.1111/j.1467-9280.2008.02201.x,PS,external_control,2011,8,12,complete
control_10.1111/j.1467-9280.2008.02201.x,PS,external_control,2012,16,22,complete
control_10.1111/j.1467-9280.2008.02201.x,PS,external_control,2013,24,27,complete
control_10.1111/j.1467-9280.2008.02201.x,PS,external_control,2014,12,16,complete
control_10.1111/j.1467-9280.2008.02201.x,PS,external_control,2015,12,15,complete
control_10.1111/j.1467-9280.2008.02201.x,PS,external_control,2016,16,22,complete
control_10.1111/j.1467-9280.2008.02201.x,PS,external_control,2017,9,10,complete
control_10.1111/j.1467-9280.2008.02201.x,PS,external_control,2018,12,17,complete
control_10.1111/j.1467-9280.2008.02201.x,PS,external_control,2019,8,13,complete
control_10.1111/j.1467-9280.2008.02201.x,PS,external_control,2020,14,51,complete
control_10.1111/j.1467-9280.2008.02201.x,PS,external_control,2021,9,13,complete
control_10.1111/j.1467-9280.2008.02201.x,PS,external_control,2022,8,12,complete
control_10.1111/j.1467-9280.2008.02201.x,PS,external_control,2023,4,7,complete
control_10.1111/j.1467-9280.2008.02201.x,PS,external_control,2024,7,7,complete
control_10.1111/j.1467-9280.2008.02201.x,PS,external_control,2025,7,8,complete
control_10.1111/j.1467-9280.2008.02202.x,PS,external_control,2008,0,0,complete
control_10.1111/j.1467-9280.2008.02202.x,PS,external_control,2009,8,9,complete
control_10.1111/j.1467-9280.2008.02202.x,PS,external_control,2010,8,8,complete
control_10.1111/j.1467-9280.2008.02202.x,PS,external_control,2011,7,8,complete
control_10.1111/j.1467-9280.2008.02202.x,PS,external_control,2012,12,14,complete
control_10.1111/j.1467-9280.2008.02202.x,PS,external_control,2013,6,8,complete
control_10.1111/j.1467-9280.2008.02202.x,PS,external_control,2014,10,11,complete
control_10.1111/j.1467-9280.2008.02202.x,PS,external_control,2015,8,8,complete
control_10.1111/j.1467-9280.2008.02202.x,PS,external_control,2016,3,7,complete
control_10.1111/j.1467-9280.2008.02202.x,PS,external_control,2017,9,11,complete
control_10.1111/j.1467-9280.2008.02202.x,PS,external_control,2018,6,8,complete
control_10.1111/j.1467-9280.2008.02202.x,PS,external_control,2019,2,5,complete
control_10.1111/j.1467-9280.2008.02202.x,PS,external_control,2020,5,6,complete
control_10.1111/j.1467-9280.2008.02202.x,PS,external_control,2021,0,2,complete
control_10.1111/j.1467-9280.2008.02202.x,PS,external_control,2022,3,4,complete
control_10.1111/j.1467-9280.2008.02202.x,PS,external_control,2023,2,4,complete
control_10.1111/j.1467-9280.2008.02202.x,PS,external_control,2024,3,4,complete
control_10.1111/j.1467-9280.2008.02202.x,PS,external_control,2025,3,3,complete
control_10.1111/j.1467-9280.2008.02203.x,PS,external_control,2008,0,0,complete
control_10.1111/j.1467-9280.2008.02203.x,PS,external_control,2009,0,0,complete
control_10.1111/j.1467-9280.2008.02203.x,PS,external_control,2010,2,2,complete
control_10.1111/j.1467-9280.2008.02203.x,PS,external_control,2011,6,7,complete
control_10.1111/j.1467-9280.2008.02203.x,PS,external_control,2012,1,1,complete
control_10.1111/j.1467-9280.2008.02203.x,PS,external_control,2013,1,1,complete
control_10.1111/j.1467-9280.2008.02203.x,PS,external_control,2014,7,8,complete
control_10.1111/j.1467-9280.2008.02203.x,PS,external_control,2015,1,1,complete
control_10.1111/j.1467-9280.2008.02203.x,PS,external_control,2016,3,3,complete
control_10.1111/j.1467-9280.2008.02203.x,PS,external_control,2017,3,4,complete
control_10.1111/j.1467-9280.2008.02203.x,PS,external_control,2018,1,1,complete
control_10.1111/j.1467-9280.2008.02203.x,PS,external_control,2019,0,0,complete
control_10.1111/j.1467-9280.2008.02203.x,PS,external_control,2020,1,1,complete
control_10.1111/j.1467-9280.2008.02203.x,PS,external_control,2021,2,3,complete
control_10.1111/j.1467-9280.2008.02203.x,PS,external_control,2022,1,1,complete
control_10.1111/j.1467-9280.2008.02203.x,PS,external_control,2023,0,1,complete
control_10.1111/j.1467-9280.2008.02203.x,PS,external_control,2024,2,3,complete
control_10.1111/j.1467-9280.2008.02203.x,PS,external_control,2025,1,1,complete
control_10.1111/j.1467-9280.2008.02204.x,PS,external_control,2008,1,1,complete
control_10.1111/j.1467-9280.2008.02204.x,PS,external_control,2009,6,6,complete
control_10.1111/j.1467-9280.2008.02204.x,PS,external_control,2010,7,9,complete
control_10.1111/j.1467-9280.2008.02204.x,PS,external_control,2011,8,10,complete
control_10.1111/j.1467-9280.2008.02204.x,PS,external_control,2012,10,13,complete
control_10.1111/j.1467-9280.2008.02204.x,PS,external_control,2013,10,13,complete
control_10.1111/j.1467-9280.2008.02204.x,PS,external_control,2014,8,11,complete
control_10.1111/j.1467-9280.2008.02204.x,PS,external_control,2015,4,5,complete
control_10.1111/j.1467-9280.2008.02204.x,PS,external_control,2016,9,12,complete
control_10.1111/j.1467-9280.2008.02204.x,PS,external_control,2017,9,11,complete
control_10.1111/j.1467-9280.2008.02204.x,PS,external_control,2018,8,12,complete
control_10.1111/j.1467-9280.2008.02204.x,PS,external_control,2019,8,15,complete
control_10.1111/j.1467-9280.2008.02204.x,PS,external_control,2020,13,14,complete
control_10.1111/j.1467-9280.2008.02204.x,PS,external_control,2021,3,4,complete
control_10.1111/j.1467-9280.2008.02204.x,PS,external_control,2022,1,1,complete
control_10.1111/j.1467-9280.2008.02204.x,PS,external_control,2023,1,2,complete
control_10.1111/j.1467-9280.2008.02204.x,PS,external_control,2024,2,2,complete
control_10.1111/j.1467-9280.2008.02204.x,PS,external_control,2025,1,4,complete
control_10.1111/j.1467-9280.2008.02205.x,PS,external_control,2008,0,0,complete
control_10.1111/j.1467-9280.2008.02205.x,PS,external_control,2009,1,1,complete
control_10.1111/j.1467-9280.2008.02205.x,PS,external_control,2010,2,4,complete
control_10.1111/j.1467-9280.2008.02205.x,PS,external_control,2011,2,2,complete
control_10.1111/j.1467-9280.2008.02205.x,PS,external_control,2012,3,3,complete
control_10.1111/j.1467-9280.2008.02205.x,PS,external_control,2013,1,2,complete
control_10.1111/j.1467-9280.2008.02205.x,PS,external_control,2014,1,1,complete
control_10.1111/j.1467-9280.2008.02205.x,PS,external_control,2015,0,0,complete
control_10.1111/j.1467-9280.2008.02205.x,PS,external_control,2016,2,2,complete
control_10.1111/j.1467-9280.2008.02205.x,PS,external_control,2017,2,2,complete
control_10.1111/j.1467-9280.2008.02205.x,PS,external_control,2018,0,2,complete
control_10.1111/j.1467-9280.2008.02205.x,PS,external_control,2019,2,4,complete
control_10.1111/j.1467-9280.2008.02205.x,PS,external_control,2020,4,6,complete
control_10.1111/j.1467-9280.2008.02205.x,PS,external_control,2021,5,8,complete
control_10.1111/j.1467-9280.2008.02205.x,PS,external_control,2022,1,3,complete
control_10.1111/j.1467-9280.2008.02205.x,PS,external_control,2023,6,8,complete
control_10.1111/j.1467-9280.2008.02205.x,PS,external_control,2024,1,2,complete
control_10.1111/j.1467-9280.2008.02205.x,PS,external_control,2025,4,4,complete
control_10.1111/j.1467-9280.2008.02206.x,PS,external_control,2008,0,0,complete
control_10.1111/j.1467-9280.2008.02206.x,PS,external_control,2009,2,2,complete
control_10.1111/j.1467-9280.2008.02206.x,PS,external_control,2010,13,13,complete
control_10.1111/j.1467-9280.2008.02206.x,PS,external_control,2011,17,18,complete
control_10.1111/j.1467-9280.2008.02206.x,PS,external_control,2012,11,12,complete
control_10.1111/j.1467-9280.2008.02206.x,PS,external_control,2013,7,8,complete
control_10.1111/j.1467-9280.2008.02206.x,PS,external_control,2014,5,8,complete
control_10.1111/j.1467-9280.2008.02206.x,PS,external_control,2015,8,9,complete
control_10.1111/j.1467-9280.2008.02206.x,PS,external_control,2016,12,14,complete
control_10.1111/j.1467-9280.2008.02206.x,PS,external_control,2017,5,5,complete
control_10.1111/j.1467-9280.2008.02206.x,PS,external_control,2018,7,9,complete
control_10.1111/j.1467-9280.2008.02206.x,PS,external_control,2019,5,5,complete
control_10.1111/j.1467-9280.2008.02206.x,PS,external_control,2020,3,3,complete
control_10.1111/j.1467-9280.2008.02206.x,PS,external_control,2021,4,6,complete
control_10.1111/j.1467-9280.2008.02206.x,PS,external_control,2022,5,5,complete
control_10.1111/j.1467-9280.2008.02206.x,PS,external_control,2023,1,1,complete
control_10.1111/j.1467-9280.2008.02206.x,PS,external_control,2024,0,1,complete
control_10.1111/j.1467-9280.2008.02206.x,PS,external_control,2025,2,2,complete
control_10.1111/j.1467-9280.2008.02209.x,PS,external_control,2008,1,1,complete
control_10.1111/j.1467-9280.2008.02209.x,PS,external_control,2009,4,6,complete
control_10.1111/j.1467-9280.2008.02209.x,PS,external_control,2010,10,12,complete
control_10.1111/j.1467-9280.2008.02209.x,PS,external_control,2011,8,11,complete
control_10.1111/j.1467-9280.2008.02209.x,PS,external_control,2012,20,44,complete
control_10.1111/j.1467-9280.2008.02209.x,PS,external_control,2013,19,25,complete
control_10.1111/j.1467-9280.2008.02209.x,PS,external_control,2014,29,34,complete
control_10.1111/j.1467-9280.2008.02209.x,PS,external_control,2015,28,31,complete
control_10.1111/j.1467-9280.2008.02209.x,PS,external_control,2016,21,25,complete
control_10.1111/j.1467-9280.2008.02209.x,PS,external_control,2017,20,27,complete
control_10.1111/j.1467-9280.2008.02209.x,PS,external_control,2018,29,38,complete
control_10.1111/j.1467-9280.2008.02209.x,PS,external_control,2019,37,49,complete
control_10.1111/j.1467-9280.2008.02209.x,PS,external_control,2020,29,39,complete
control_10.1111/j.1467-9280.2008.02209.x,PS,external_control,2021,43,59,complete
control_10.1111/j.1467-9280.2008.02209.x,PS,external_control,2022,40,51,complete
control_10.1111/j.1467-9280.2008.02209.x,PS,external_control,2023,28,43,complete
control_10.1111/j.1467-9280.2008.02209.x,PS,external_control,2024,39,53,complete
control_10.1111/j.1467-9280.2008.02209.x,PS,external_control,2025,39,54,complete
control_10.1111/j.1467-9280.2008.02210.x,PS,external_control,2008,0,1,complete
control_10.1111/j.1467-9280.2008.02210.x,PS,external_control,2009,5,5,complete
control_10.1111/j.1467-9280.2008.02210.x,PS,external_control,2010,3,3,complete
control_10.1111/j.1467-9280.2008.02210.x,PS,external_control,2011,13,14,complete
control_10.1111/j.1467-9280.2008.02210.x,PS,external_control,2012,6,6,complete
control_10.1111/j.1467-9280.2008.02210.x,PS,external_control,2013,9,11,complete
control_10.1111/j.1467-9280.2008.02210.x,PS,external_control,2014,9,10,complete
control_10.1111/j.1467-9280.2008.02210.x,PS,external_control,2015,1,2,complete
control_10.1111/j.1467-9280.2008.02210.x,PS,external_control,2016,4,5,complete
control_10.1111/j.1467-9280.2008.02210.x,PS,external_control,2017,2,3,complete
control_10.1111/j.1467-9280.2008.02210.x,PS,external_control,2018,1,4,complete
control_10.1111/j.1467-9280.2008.02210.x,PS,external_control,2019,3,3,complete
control_10.1111/j.1467-9280.2008.02210.x,PS,external_control,2020,5,5,complete
control_10.1111/j.1467-9280.2008.02210.x,PS,external_control,2021,2,2,complete
control_10.1111/j.1467-9280.2008.02210.x,PS,external_control,2022,3,3,complete
control_10.1111/j.1467-9280.2008.02210.x,PS,external_control,2023,2,2,complete
control_10.1111/j.1467-9280.2008.02210.x,PS,external_control,2024,0,0,complete
control_10.1111/j.1467-9280.2008.02210.x,PS,external_control,2025,0,0,complete
control_10.1111/j.1467-9280.2008.02211.x,PS,external_control,2008,0,0,complete
control_10.1111/j.1467-9280.2008.02211.x,PS,external_control,2009,6,6,complete
control_10.1111/j.1467-9280.2008.02211.x,PS,external_control,2010,6,9,complete
control_10.1111/j.1467-9280.2008.02211.x,PS,external_control,2011,4,5,complete
control_10.1111/j.1467-9280.2008.02211.x,PS,external_control,2012,10,11,complete
control_10.1111/j.1467-9280.2008.02211.x,PS,external_control,2013,10,12,complete
control_10.1111/j.1467-9280.2008.02211.x,PS,external_control,2014,10,11,complete
control_10.1111/j.1467-9280.2008.02211.x,PS,external_control,2015,1,4,complete
control_10.1111/j.1467-9280.2008.02211.x,PS,external_control,2016,7,9,complete
control_10.1111/j.1467-9280.2008.02211.x,PS,external_control,2017,6,7,complete
control_10.1111/j.1467-9280.2008.02211.x,PS,external_control,2018,4,5,complete
control_10.1111/j.1467-9280.2008.02211.x,PS,external_control,2019,5,8,complete
control_10.1111/j.1467-9280.2008.02211.x,PS,external_control,2020,6,9,complete
control_10.1111/j.1467-9280.2008.02211.x,PS,external_control,2021,4,4,complete
control_10.1111/j.1467-9280.2008.02211.x,PS,external_control,2022,4,4,complete
control_10.1111/j.1467-9280.2008.02211.x,PS,external_control,2023,3,4,complete
control_10.1111/j.1467-9280.2008.02211.x,PS,external_control,2024,3,3,complete
control_10.1111/j.1467-9280.2008.02211.x,PS,external_control,2025,5,5,complete
control_10.1111/j.1467-9280.2008.02212.x,PS,external_control,2008,0,0,complete
control_10.1111/j.1467-9280.2008.02212.x,PS,external_control,2009,11,14,complete
control_10.1111/j.1467-9280.2008.02212.x,PS,external_control,2010,10,14,complete
control_10.1111/j.1467-9280.2008.02212.x,PS,external_control,2011,16,19,complete
control_10.1111/j.1467-9280.2008.02212.x,PS,external_control,2012,12,17,complete
control_10.1111/j.1467-9280.2008.02212.x,PS,external_control,2013,10,15,complete
control_10.1111/j.1467-9280.2008.02212.x,PS,external_control,2014,7,9,complete
control_10.1111/j.1467-9280.2008.02212.x,PS,external_control,2015,12,19,complete
control_10.1111/j.1467-9280.2008.02212.x,PS,external_control,2016,4,5,complete
control_10.1111/j.1467-9280.2008.02212.x,PS,external_control,2017,5,7,complete
control_10.1111/j.1467-9280.2008.02212.x,PS,external_control,2018,6,9,complete
control_10.1111/j.1467-9280.2008.02212.x,PS,external_control,2019,5,6,complete
control_10.1111/j.1467-9280.2008.02212.x,PS,external_control,2020,5,5,complete
control_10.1111/j.1467-9280.2008.02212.x,PS,external_control,2021,9,10,complete
control_10.1111/j.1467-9280.2008.02212.x,PS,external_control,2022,2,2,complete
control_10.1111/j.1467-9280.2008.02212.x,PS,external_control,2023,0,2,complete
control_10.1111/j.1467-9280.2008.02212.x,PS,external_control,2024,0,0,complete
control_10.1111/j.1467-9280.2008.02212.x,PS,external_control,2025,1,1,complete
control_10.1111/j.1467-9280.2008.02213.x,PS,external_control,2008,0,0,complete
control_10.1111/j.1467-9280.2008.02213.x,PS,external_control,2009,7,8,complete
control_10.1111/j.1467-9280.2008.02213.x,PS,external_control,2010,6,6,complete
control_10.1111/j.1467-9280.2008.02213.x,PS,external_control,2011,7,10,complete
control_10.1111/j.1467-9280.2008.02213.x,PS,external_control,2012,8,10,complete
control_10.1111/j.1467-9280.2008.02213.x,PS,external_control,2013,7,9,complete
control_10.1111/j.1467-9280.2008.02213.x,PS,external_control,2014,11,12,complete
control_10.1111/j.1467-9280.2008.02213.x,PS,external_control,2015,8,9,complete
control_10.1111/j.1467-9280.2008.02213.x,PS,external_control,2016,12,17,complete
control_10.1111/j.1467-9280.2008.02213.x,PS,external_control,2017,11,14,complete
control_10.1111/j.1467-9280.2008.02213.x,PS,external_control,2018,5,7,complete
control_10.1111/j.1467-9280.2008.02213.x,PS,external_control,2019,3,6,complete
control_10.1111/j.1467-9280.2008.02213.x,PS,external_control,2020,6,6,complete
control_10.1111/j.1467-9280.2008.02213.x,PS,external_control,2021,6,9,complete
control_10.1111/j.1467-9280.2008.02213.x,PS,external_control,2022,4,6,complete
control_10.1111/j.1467-9280.2008.02213.x,PS,external_control,2023,7,15,complete
control_10.1111/j.1467-9280.2008.02213.x,PS,external_control,2024,9,11,complete
control_10.1111/j.1467-9280.2008.02213.x,PS,external_control,2025,4,5,complete
control_10.1111/j.1467-9280.2008.02214.x,PS,external_control,2008,1,1,complete
control_10.1111/j.1467-9280.2008.02214.x,PS,external_control,2009,5,6,complete
control_10.1111/j.1467-9280.2008.02214.x,PS,external_control,2010,15,17,complete
control_10.1111/j.1467-9280.2008.02214.x,PS,external_control,2011,14,15,complete
control_10.1111/j.1467-9280.2008.02214.x,PS,external_control,2012,28,38,complete
control_10.1111/j.1467-9280.2008.02214.x,PS,external_control,2013,21,30,complete
control_10.1111/j.1467-9280.2008.02214.x,PS,external_control,2014,24,29,complete
control_10.1111/j.1467-9280.2008.02214.x,PS,external_control,2015,15,22,complete
control_10.1111/j.1467-9280.2008.02214.x,PS,external_control,2016,21,29,complete
control_10.1111/j.1467-9280.2008.02214.x,PS,external_control,2017,21,27,complete
control_10.1111/j.1467-9280.2008.02214.x,PS,external_control,2018,24,34,complete
control_10.1111/j.1467-9280.2008.02214.x,PS,external_control,2019,18,30,complete
control_10.1111/j.1467-9280.2008.02214.x,PS,external_control,2020,28,33,complete
control_10.1111/j.1467-9280.2008.02214.x,PS,external_control,2021,14,20,complete
control_10.1111/j.1467-9280.2008.02214.x,PS,external_control,2022,9,14,complete
control_10.1111/j.1467-9280.2008.02214.x,PS,external_control,2023,9,10,complete
control_10.1111/j.1467-9280.2008.02214.x,PS,external_control,2024,7,8,complete
control_10.1111/j.1467-9280.2008.02214.x,PS,external_control,2025,17,19,complete
control_10.1111/j.1467-9280.2008.02215.x,PS,external_control,2008,0,0,complete
control_10.1111/j.1467-9280.2008.02215.x,PS,external_control,2009,1,1,complete
control_10.1111/j.1467-9280.2008.02215.x,PS,external_control,2010,1,2,complete
control_10.1111/j.1467-9280.2008.02215.x,PS,external_control,2011,3,7,complete
control_10.1111/j.1467-9280.2008.02215.x,PS,external_control,2012,9,9,complete
control_10.1111/j.1467-9280.2008.02215.x,PS,external_control,2013,8,8,complete
control_10.1111/j.1467-9280.2008.02215.x,PS,external_control,2014,10,12,complete
control_10.1111/j.1467-9280.2008.02215.x,PS,external_control,2015,12,16,complete
control_10.1111/j.1467-9280.2008.02215.x,PS,external_control,2016,10,14,complete
control_10.1111/j.1467-9280.2008.02215.x,PS,external_control,2017,13,14,complete
control_10.1111/j.1467-9280.2008.02215.x,PS,external_control,2018,14,14,complete
control_10.1111/j.1467-9280.2008.02215.x,PS,external_control,2019,12,14,complete
control_10.1111/j.1467-9280.2008.02215.x,PS,external_control,2020,19,38,complete
control_10.1111/j.1467-9280.2008.02215.x,PS,external_control,2021,13,14,complete
control_10.1111/j.1467-9280.2008.02215.x,PS,external_control,2022,16,19,complete
control_10.1111/j.1467-9280.2008.02215.x,PS,external_control,2023,12,13,complete
control_10.1111/j.1467-9280.2008.02215.x,PS,external_control,2024,19,21,complete
control_10.1111/j.1467-9280.2008.02215.x,PS,external_control,2025,17,21,complete
control_10.1111/j.1467-9280.2008.02216.x,PS,external_control,2008,0,0,complete
control_10.1111/j.1467-9280.2008.02216.x,PS,external_control,2009,3,5,complete
control_10.1111/j.1467-9280.2008.02216.x,PS,external_control,2010,5,6,complete
control_10.1111/j.1467-9280.2008.02216.x,PS,external_control,2011,10,14,complete
control_10.1111/j.1467-9280.2008.02216.x,PS,external_control,2012,12,14,complete
control_10.1111/j.1467-9280.2008.02216.x,PS,external_control,2013,7,7,complete
control_10.1111/j.1467-9280.2008.02216.x,PS,external_control,2014,19,20,complete
control_10.1111/j.1467-9280.2008.02216.x,PS,external_control,2015,10,12,complete
control_10.1111/j.1467-9280.2008.02216.x,PS,external_control,2016,7,7,complete
control_10.1111/j.1467-9280.2008.02216.x,PS,external_control,2017,8,10,complete
control_10.1111/j.1467-9280.2008.02216.x,PS,external_control,2018,7,8,complete
control_10.1111/j.1467-9280.2008.02216.x,PS,external_control,2019,8,10,complete
control_10.1111/j.1467-9280.2008.02216.x,PS,external_control,2020,9,12,complete
control_10.1111/j.1467-9280.2008.02216.x,PS,external_control,2021,6,9,complete
control_10.1111/j.1467-9280.2008.02216.x,PS,external_control,2022,9,15,complete
control_10.1111/j.1467-9280.2008.02216.x,PS,external_control,2023,8,13,complete
control_10.1111/j.1467-9280.2008.02216.x,PS,external_control,2024,5,7,complete
control_10.1111/j.1467-9280.2008.02216.x,PS,external_control,2025,8,9,complete
control_10.1111/j.1467-9280.2008.02217.x,PS,external_control,2008,0,0,complete
control_10.1111/j.1467-9280.2008.02217.x,PS,external_control,2009,2,2,complete
control_10.1111/j.1467-9280.2008.02217.x,PS,external_control,2010,2,2,complete
control_10.1111/j.1467-9280.2008.02217.x,PS,external_control,2011,1,1,complete
control_10.1111/j.1467-9280.2008.02217.x,PS,external_control,2012,0,3,complete
control_10.1111/j.1467-9280.2008.02217.x,PS,external_control,2013,2,2,complete
control_10.1111/j.1467-9280.2008.02217.x,PS,external_control,2014,2,2,complete
control_10.1111/j.1467-9280.2008.02217.x,PS,external_control,2015,0,1,complete
control_10.1111/j.1467-9280.2008.02217.x,PS,external_control,2016,0,0,complete
control_10.1111/j.1467-9280.2008.02217.x,PS,external_control,2017,1,1,complete
control_10.1111/j.1467-9280.2008.02217.x,PS,external_control,2018,3,3,complete
control_10.1111/j.1467-9280.2008.02217.x,PS,external_control,2019,5,5,complete
control_10.1111/j.1467-9280.2008.02217.x,PS,external_control,2020,1,1,complete
control_10.1111/j.1467-9280.2008.02217.x,PS,external_control,2021,1,1,complete
control_10.1111/j.1467-9280.2008.02217.x,PS,external_control,2022,1,1,complete
control_10.1111/j.1467-9280.2008.02217.x,PS,external_control,2023,3,3,complete
control_10.1111/j.1467-9280.2008.02217.x,PS,external_control,2024,2,2,complete
control_10.1111/j.1467-9280.2008.02217.x,PS,external_control,2025,2,2,complete
control_10.1111/j.1467-9280.2008.02218.x,PS,external_control,2008,0,0,complete
control_10.1111/j.1467-9280.2008.02218.x,PS,external_control,2009,5,5,complete
control_10.1111/j.1467-9280.2008.02218.x,PS,external_control,2010,4,4,complete
control_10.1111/j.1467-9280.2008.02218.x,PS,external_control,2011,4,5,complete
control_10.1111/j.1467-9280.2008.02218.x,PS,external_control,2012,6,8,complete
control_10.1111/j.1467-9280.2008.02218.x,PS,external_control,2013,5,6,complete
control_10.1111/j.1467-9280.2008.02218.x,PS,external_control,2014,5,8,complete
control_10.1111/j.1467-9280.2008.02218.x,PS,external_control,2015,2,6,complete
control_10.1111/j.1467-9280.2008.02218.x,PS,external_control,2016,6,7,complete
control_10.1111/j.1467-9280.2008.02218.x,PS,external_control,2017,9,11,complete
control_10.1111/j.1467-9280.2008.02218.x,PS,external_control,2018,6,12,complete
control_10.1111/j.1467-9280.2008.02218.x,PS,external_control,2019,5,7,complete
control_10.1111/j.1467-9280.2008.02218.x,PS,external_control,2020,5,7,complete
control_10.1111/j.1467-9280.2008.02218.x,PS,external_control,2021,5,6,complete
control_10.1111/j.1467-9280.2008.02218.x,PS,external_control,2022,5,7,complete
control_10.1111/j.1467-9280.2008.02218.x,PS,external_control,2023,5,8,complete
control_10.1111/j.1467-9280.2008.02218.x,PS,external_control,2024,7,8,complete
control_10.1111/j.1467-9280.2008.02218.x,PS,external_control,2025,4,4,complete
control_10.1111/j.1467-9280.2008.02219.x,PS,external_control,2008,0,0,complete
control_10.1111/j.1467-9280.2008.02219.x,PS,external_control,2009,1,1,complete
control_10.1111/j.1467-9280.2008.02219.x,PS,external_control,2010,3,3,complete
control_10.1111/j.1467-9280.2008.02219.x,PS,external_control,2011,1,1,complete
control_10.1111/j.1467-9280.2008.02219.x,PS,external_control,2012,1,1,complete
control_10.1111/j.1467-9280.2008.02219.x,PS,external_control,2013,2,2,complete
control_10.1111/j.1467-9280.2008.02219.x,PS,external_control,2014,1,1,complete
control_10.1111/j.1467-9280.2008.02219.x,PS,external_control,2015,1,1,complete
control_10.1111/j.1467-9280.2008.02219.x,PS,external_control,2016,3,3,complete
control_10.1111/j.1467-9280.2008.02219.x,PS,external_control,2017,4,6,complete
control_10.1111/j.1467-9280.2008.02219.x,PS,external_control,2018,6,7,complete
control_10.1111/j.1467-9280.2008.02219.x,PS,external_control,2019,3,5,complete
control_10.1111/j.1467-9280.2008.02219.x,PS,external_control,2020,3,3,complete
control_10.1111/j.1467-9280.2008.02219.x,PS,external_control,2021,2,5,complete
control_10.1111/j.1467-9280.2008.02219.x,PS,external_control,2022,0,3,complete
control_10.1111/j.1467-9280.2008.02219.x,PS,external_control,2023,0,0,complete
control_10.1111/j.1467-9280.2008.02219.x,PS,external_control,2024,2,3,complete
control_10.1111/j.1467-9280.2008.02219.x,PS,external_control,2025,0,0,complete
control_10.1111/j.1467-9280.2008.02220.x,PS,external_control,2008,0,0,complete
control_10.1111/j.1467-9280.2008.02220.x,PS,external_control,2009,2,4,complete
control_10.1111/j.1467-9280.2008.02220.x,PS,external_control,2010,6,10,complete
control_10.1111/j.1467-9280.2008.02220.x,PS,external_control,2011,6,10,complete
control_10.1111/j.1467-9280.2008.02220.x,PS,external_control,2012,13,15,complete
control_10.1111/j.1467-9280.2008.02220.x,PS,external_control,2013,11,17,complete
control_10.1111/j.1467-9280.2008.02220.x,PS,external_control,2014,16,20,complete
control_10.1111/j.1467-9280.2008.02220.x,PS,external_control,2015,17,25,complete
control_10.1111/j.1467-9280.2008.02220.x,PS,external_control,2016,21,32,complete
control_10.1111/j.1467-9280.2008.02220.x,PS,external_control,2017,16,22,complete
control_10.1111/j.1467-9280.2008.02220.x,PS,external_control,2018,16,24,complete
control_10.1111/j.1467-9280.2008.02220.x,PS,external_control,2019,12,17,complete
control_10.1111/j.1467-9280.2008.02220.x,PS,external_control,2020,17,18,complete
control_10.1111/j.1467-9280.2008.02220.x,PS,external_control,2021,14,17,complete
control_10.1111/j.1467-9280.2008.02220.x,PS,external_control,2022,7,13,complete
control_10.1111/j.1467-9280.2008.02220.x,PS,external_control,2023,10,14,complete
control_10.1111/j.1467-9280.2008.02220.x,PS,external_control,2024,5,8,complete
control_10.1111/j.1467-9280.2008.02220.x,PS,external_control,2025,6,6,complete
control_10.1111/j.1467-9280.2008.02221.x,PS,external_control,2008,0,0,complete
control_10.1111/j.1467-9280.2008.02221.x,PS,external_control,2009,3,3,complete
control_10.1111/j.1467-9280.2008.02221.x,PS,external_control,2010,0,0,complete
control_10.1111/j.1467-9280.2008.02221.x,PS,external_control,2011,2,2,complete
control_10.1111/j.1467-9280.2008.02221.x,PS,external_control,2012,3,3,complete
control_10.1111/j.1467-9280.2008.02221.x,PS,external_control,2013,0,0,complete
control_10.1111/j.1467-9280.2008.02221.x,PS,external_control,2014,3,3,complete
control_10.1111/j.1467-9280.2008.02221.x,PS,external_control,2015,0,2,complete
control_10.1111/j.1467-9280.2008.02221.x,PS,external_control,2016,0,0,complete
control_10.1111/j.1467-9280.2008.02221.x,PS,external_control,2017,2,3,complete
control_10.1111/j.1467-9280.2008.02221.x,PS,external_control,2018,3,5,complete
control_10.1111/j.1467-9280.2008.02221.x,PS,external_control,2019,2,2,complete
control_10.1111/j.1467-9280.2008.02221.x,PS,external_control,2020,1,1,complete
control_10.1111/j.1467-9280.2008.02221.x,PS,external_control,2021,0,0,complete
control_10.1111/j.1467-9280.2008.02221.x,PS,external_control,2022,2,2,complete
control_10.1111/j.1467-9280.2008.02221.x,PS,external_control,2023,2,2,complete
control_10.1111/j.1467-9280.2008.02221.x,PS,external_control,2024,0,0,complete
control_10.1111/j.1467-9280.2008.02221.x,PS,external_control,2025,0,0,complete
control_10.1111/j.1467-9280.2008.02222.x,PS,external_control,2008,1,1,complete
control_10.1111/j.1467-9280.2008.02222.x,PS,external_control,2009,2,2,complete
control_10.1111/j.1467-9280.2008.02222.x,PS,external_control,2010,6,8,complete
control_10.1111/j.1467-9280.2008.02222.x,PS,external_control,2011,8,8,complete
control_10.1111/j.1467-9280.2008.02222.x,PS,external_control,2012,6,8,complete
control_10.1111/j.1467-9280.2008.02222.x,PS,external_control,2013,10,11,complete
control_10.1111/j.1467-9280.2008.02222.x,PS,external_control,2014,4,5,complete
control_10.1111/j.1467-9280.2008.02222.x,PS,external_control,2015,3,9,complete
control_10.1111/j.1467-9280.2008.02222.x,PS,external_control,2016,10,12,complete
control_10.1111/j.1467-9280.2008.02222.x,PS,external_control,2017,10,12,complete
control_10.1111/j.1467-9280.2008.02222.x,PS,external_control,2018,4,5,complete
control_10.1111/j.1467-9280.2008.02222.x,PS,external_control,2019,7,7,complete
control_10.1111/j.1467-9280.2008.02222.x,PS,external_control,2020,8,12,complete
control_10.1111/j.1467-9280.2008.02222.x,PS,external_control,2021,6,8,complete
control_10.1111/j.1467-9280.2008.02222.x,PS,external_control,2022,6,6,complete
control_10.1111/j.1467-9280.2008.02222.x,PS,external_control,2023,6,9,complete
control_10.1111/j.1467-9280.2008.02222.x,PS,external_control,2024,3,3,complete
control_10.1111/j.1467-9280.2008.02222.x,PS,external_control,2025,3,5,complete
control_10.1111/j.1467-9280.2008.02207.x,PS,external_control,2008,0,0,complete
control_10.1111/j.1467-9280.2008.02207.x,PS,external_control,2009,2,2,complete
control_10.1111/j.1467-9280.2008.02207.x,PS,external_control,2010,3,3,complete
control_10.1111/j.1467-9280.2008.02207.x,PS,external_control,2011,2,4,complete
control_10.1111/j.1467-9280.2008.02207.x,PS,external_control,2012,5,9,complete
control_10.1111/j.1467-9280.2008.02207.x,PS,external_control,2013,1,2,complete
control_10.1111/j.1467-9280.2008.02207.x,PS,external_control,2014,2,3,complete
control_10.1111/j.1467-9280.2008.02207.x,PS,external_control,2015,3,5,complete
control_10.1111/j.1467-9280.2008.02207.x,PS,external_control,2016,0,0,complete
control_10.1111/j.1467-9280.2008.02207.x,PS,external_control,2017,3,3,complete
control_10.1111/j.1467-9280.2008.02207.x,PS,external_control,2018,1,1,complete
control_10.1111/j.1467-9280.2008.02207.x,PS,external_control,2019,4,6,complete
control_10.1111/j.1467-9280.2008.02207.x,PS,external_control,2020,3,4,complete
control_10.1111/j.1467-9280.2008.02207.x,PS,external_control,2021,2,2,complete
control_10.1111/j.1467-9280.2008.02207.x,PS,external_control,2022,0,0,complete
control_10.1111/j.1467-9280.2008.02207.x,PS,external_control,2023,0,0,complete
control_10.1111/j.1467-9280.2008.02207.x,PS,external_control,2024,0,0,complete
control_10.1111/j.1467-9280.2008.02207.x,PS,external_control,2025,0,0,complete
control_10.1111/j.1467-9280.2008.02208.x,PS,external_control,2008,0,0,complete
control_10.1111/j.1467-9280.2008.02208.x,PS,external_control,2009,2,2,complete
control_10.1111/j.1467-9280.2008.02208.x,PS,external_control,2010,2,3,complete
control_10.1111/j.1467-9280.2008.02208.x,PS,external_control,2011,4,7,complete
control_10.1111/j.1467-9280.2008.02208.x,PS,external_control,2012,10,11,complete
control_10.1111/j.1467-9280.2008.02208.x,PS,external_control,2013,7,8,complete
control_10.1111/j.1467-9280.2008.02208.x,PS,external_control,2014,11,14,complete
control_10.1111/j.1467-9280.2008.02208.x,PS,external_control,2015,6,9,complete
control_10.1111/j.1467-9280.2008.02208.x,PS,external_control,2016,5,6,complete
control_10.1111/j.1467-9280.2008.02208.x,PS,external_control,2017,6,9,complete
control_10.1111/j.1467-9280.2008.02208.x,PS,external_control,2018,7,12,complete
control_10.1111/j.1467-9280.2008.02208.x,PS,external_control,2019,9,12,complete
control_10.1111/j.1467-9280.2008.02208.x,PS,external_control,2020,7,12,complete
control_10.1111/j.1467-9280.2008.02208.x,PS,external_control,2021,8,11,complete
control_10.1111/j.1467-9280.2008.02208.x,PS,external_control,2022,3,6,complete
control_10.1111/j.1467-9280.2008.02208.x,PS,external_control,2023,1,1,complete
control_10.1111/j.1467-9280.2008.02208.x,PS,external_control,2024,6,8,complete
control_10.1111/j.1467-9280.2008.02208.x,PS,external_control,2025,3,8,complete
control_10.1111/j.1467-9280.2008.02223.x,PS,external_control,2008,0,0,complete
control_10.1111/j.1467-9280.2008.02223.x,PS,external_control,2009,0,0,complete
control_10.1111/j.1467-9280.2008.02223.x,PS,external_control,2010,2,3,complete
control_10.1111/j.1467-9280.2008.02223.x,PS,external_control,2011,2,4,complete
control_10.1111/j.1467-9280.2008.02223.x,PS,external_control,2012,5,8,complete
control_10.1111/j.1467-9280.2008.02223.x,PS,external_control,2013,1,3,complete
control_10.1111/j.1467-9280.2008.02223.x,PS,external_control,2014,5,7,complete
control_10.1111/j.1467-9280.2008.02223.x,PS,external_control,2015,8,11,complete
control_10.1111/j.1467-9280.2008.02223.x,PS,external_control,2016,6,8,complete
control_10.1111/j.1467-9280.2008.02223.x,PS,external_control,2017,5,7,complete
control_10.1111/j.1467-9280.2008.02223.x,PS,external_control,2018,4,6,complete
control_10.1111/j.1467-9280.2008.02223.x,PS,external_control,2019,5,8,complete
control_10.1111/j.1467-9280.2008.02223.x,PS,external_control,2020,5,5,complete
control_10.1111/j.1467-9280.2008.02223.x,PS,external_control,2021,9,10,complete
control_10.1111/j.1467-9280.2008.02223.x,PS,external_control,2022,4,6,complete
control_10.1111/j.1467-9280.2008.02223.x,PS,external_control,2023,6,9,complete
control_10.1111/j.1467-9280.2008.02223.x,PS,external_control,2024,3,4,complete
control_10.1111/j.1467-9280.2008.02223.x,PS,external_control,2025,6,8,complete
control_10.1111/j.1467-9280.2008.02224.x,PS,external_control,2008,0,0,complete
control_10.1111/j.1467-9280.2008.02224.x,PS,external_control,2009,3,3,complete
control_10.1111/j.1467-9280.2008.02224.x,PS,external_control,2010,12,13,complete
control_10.1111/j.1467-9280.2008.02224.x,PS,external_control,2011,10,11,complete
control_10.1111/j.1467-9280.2008.02224.x,PS,external_control,2012,10,19,complete
control_10.1111/j.1467-9280.2008.02224.x,PS,external_control,2013,17,26,complete
control_10.1111/j.1467-9280.2008.02224.x,PS,external_control,2014,24,24,complete
control_10.1111/j.1467-9280.2008.02224.x,PS,external_control,2015,28,35,complete
control_10.1111/j.1467-9280.2008.02224.x,PS,external_control,2016,18,21,complete
control_10.1111/j.1467-9280.2008.02224.x,PS,external_control,2017,17,19,complete
control_10.1111/j.1467-9280.2008.02224.x,PS,external_control,2018,14,20,complete
control_10.1111/j.1467-9280.2008.02224.x,PS,external_control,2019,13,23,complete
control_10.1111/j.1467-9280.2008.02224.x,PS,external_control,2020,9,13,complete
control_10.1111/j.1467-9280.2008.02224.x,PS,external_control,2021,15,23,complete
control_10.1111/j.1467-9280.2008.02224.x,PS,external_control,2022,11,15,complete
control_10.1111/j.1467-9280.2008.02224.x,PS,external_control,2023,7,7,complete
control_10.1111/j.1467-9280.2008.02224.x,PS,external_control,2024,10,11,complete
control_10.1111/j.1467-9280.2008.02224.x,PS,external_control,2025,8,8,complete
control_10.1111/j.1467-9280.2008.02225.x,PS,external_control,2008,0,0,complete
control_10.1111/j.1467-9280.2008.02225.x,PS,external_control,2009,7,8,complete
control_10.1111/j.1467-9280.2008.02225.x,PS,external_control,2010,33,44,complete
control_10.1111/j.1467-9280.2008.02225.x,PS,external_control,2011,37,45,complete
control_10.1111/j.1467-9280.2008.02225.x,PS,external_control,2012,41,59,complete
control_10.1111/j.1467-9280.2008.02225.x,PS,external_control,2013,64,80,complete
control_10.1111/j.1467-9280.2008.02225.x,PS,external_control,2014,77,106,complete
control_10.1111/j.1467-9280.2008.02225.x,PS,external_control,2015,94,112,complete
control_10.1111/j.1467-9280.2008.02225.x,PS,external_control,2016,98,130,complete
control_10.1111/j.1467-9280.2008.02225.x,PS,external_control,2017,107,143,complete
control_10.1111/j.1467-9280.2008.02225.x,PS,external_control,2018,111,139,complete
control_10.1111/j.1467-9280.2008.02225.x,PS,external_control,2019,140,188,complete
control_10.1111/j.1467-9280.2008.02225.x,PS,external_control,2020,145,196,complete
control_10.1111/j.1467-9280.2008.02225.x,PS,external_control,2021,164,232,complete
control_10.1111/j.1467-9280.2008.02225.x,PS,external_control,2022,163,186,complete
control_10.1111/j.1467-9280.2008.02225.x,PS,external_control,2023,152,210,complete
control_10.1111/j.1467-9280.2008.02225.x,PS,external_control,2024,178,212,complete
control_10.1111/j.1467-9280.2008.02225.x,PS,external_control,2025,194,230,complete
control_10.1111/j.1467-9280.2008.02226.x,PS,external_control,2008,0,0,complete
control_10.1111/j.1467-9280.2008.02226.x,PS,external_control,2009,3,3,complete
control_10.1111/j.1467-9280.2008.02226.x,PS,external_control,2010,7,9,complete
control_10.1111/j.1467-9280.2008.02226.x,PS,external_control,2011,10,11,complete
control_10.1111/j.1467-9280.2008.02226.x,PS,external_control,2012,12,15,complete
control_10.1111/j.1467-9280.2008.02226.x,PS,external_control,2013,13,13,complete
control_10.1111/j.1467-9280.2008.02226.x,PS,external_control,2014,4,4,complete
control_10.1111/j.1467-9280.2008.02226.x,PS,external_control,2015,11,16,complete
control_10.1111/j.1467-9280.2008.02226.x,PS,external_control,2016,16,17,complete
control_10.1111/j.1467-9280.2008.02226.x,PS,external_control,2017,11,15,complete
control_10.1111/j.1467-9280.2008.02226.x,PS,external_control,2018,9,31,complete
control_10.1111/j.1467-9280.2008.02226.x,PS,external_control,2019,12,13,complete
control_10.1111/j.1467-9280.2008.02226.x,PS,external_control,2020,18,21,complete
control_10.1111/j.1467-9280.2008.02226.x,PS,external_control,2021,21,25,complete
control_10.1111/j.1467-9280.2008.02226.x,PS,external_control,2022,5,10,complete
control_10.1111/j.1467-9280.2008.02226.x,PS,external_control,2023,11,18,complete
control_10.1111/j.1467-9280.2008.02226.x,PS,external_control,2024,9,11,complete
control_10.1111/j.1467-9280.2008.02226.x,PS,external_control,2025,10,10,complete
control_10.1111/j.1467-9280.2008.02228.x,PS,external_control,2008,0,0,complete
control_10.1111/j.1467-9280.2008.02228.x,PS,external_control,2009,2,3,complete
control_10.1111/j.1467-9280.2008.02228.x,PS,external_control,2010,6,7,complete
control_10.1111/j.1467-9280.2008.02228.x,PS,external_control,2011,6,6,complete
control_10.1111/j.1467-9280.2008.02228.x,PS,external_control,2012,8,11,complete
control_10.1111/j.1467-9280.2008.02228.x,PS,external_control,2013,7,9,complete
control_10.1111/j.1467-9280.2008.02228.x,PS,external_control,2014,11,13,complete
control_10.1111/j.1467-9280.2008.02228.x,PS,external_control,2015,8,10,complete
control_10.1111/j.1467-9280.2008.02228.x,PS,external_control,2016,6,6,complete
control_10.1111/j.1467-9280.2008.02228.x,PS,external_control,2017,4,5,complete
control_10.1111/j.1467-9280.2008.02228.x,PS,external_control,2018,9,10,complete
control_10.1111/j.1467-9280.2008.02228.x,PS,external_control,2019,8,10,complete
control_10.1111/j.1467-9280.2008.02228.x,PS,external_control,2020,5,5,complete
control_10.1111/j.1467-9280.2008.02228.x,PS,external_control,2021,2,2,complete
control_10.1111/j.1467-9280.2008.02228.x,PS,external_control,2022,6,7,complete
control_10.1111/j.1467-9280.2008.02228.x,PS,external_control,2023,4,6,complete
control_10.1111/j.1467-9280.2008.02228.x,PS,external_control,2024,4,5,complete
control_10.1111/j.1467-9280.2008.02228.x,PS,external_control,2025,4,6,complete
control_10.1111/j.1467-9280.2008.02229.x,PS,external_control,2008,0,0,complete
control_10.1111/j.1467-9280.2008.02229.x,PS,external_control,2009,1,1,complete
control_10.1111/j.1467-9280.2008.02229.x,PS,external_control,2010,0,0,complete
control_10.1111/j.1467-9280.2008.02229.x,PS,external_control,2011,1,1,complete
control_10.1111/j.1467-9280.2008.02229.x,PS,external_control,2012,0,0,complete
control_10.1111/j.1467-9280.2008.02229.x,PS,external_control,2013,1,1,complete
control_10.1111/j.1467-9280.2008.02229.x,PS,external_control,2014,0,0,complete
control_10.1111/j.1467-9280.2008.02229.x,PS,external_control,2015,2,2,complete
control_10.1111/j.1467-9280.2008.02229.x,PS,external_control,2016,2,2,complete
control_10.1111/j.1467-9280.2008.02229.x,PS,external_control,2017,1,1,complete
control_10.1111/j.1467-9280.2008.02229.x,PS,external_control,2018,0,0,complete
control_10.1111/j.1467-9280.2008.02229.x,PS,external_control,2019,1,1,complete
control_10.1111/j.1467-9280.2008.02229.x,PS,external_control,2020,0,0,complete
control_10.1111/j.1467-9280.2008.02229.x,PS,external_control,2021,1,1,complete
control_10.1111/j.1467-9280.2008.02229.x,PS,external_control,2022,1,1,complete
control_10.1111/j.1467-9280.2008.02229.x,PS,external_control,2023,0,0,complete
control_10.1111/j.1467-9280.2008.02229.x,PS,external_control,2024,0,0,complete
control_10.1111/j.1467-9280.2008.02229.x,PS,external_control,2025,0,1,complete
control_10.1111/j.1467-9280.2008.02230.x,PS,external_control,2008,0,0,complete
control_10.1111/j.1467-9280.2008.02230.x,PS,external_control,2009,0,0,complete
control_10.1111/j.1467-9280.2008.02230.x,PS,external_control,2010,5,5,complete
control_10.1111/j.1467-9280.2008.02230.x,PS,external_control,2011,0,0,complete
control_10.1111/j.1467-9280.2008.02230.x,PS,external_control,2012,1,1,complete
control_10.1111/j.1467-9280.2008.02230.x,PS,external_control,2013,2,2,complete
control_10.1111/j.1467-9280.2008.02230.x,PS,external_control,2014,4,7,complete
control_10.1111/j.1467-9280.2008.02230.x,PS,external_control,2015,2,2,complete
control_10.1111/j.1467-9280.2008.02230.x,PS,external_control,2016,3,5,complete
control_10.1111/j.1467-9280.2008.02230.x,PS,external_control,2017,2,2,complete
control_10.1111/j.1467-9280.2008.02230.x,PS,external_control,2018,1,1,complete
control_10.1111/j.1467-9280.2008.02230.x,PS,external_control,2019,1,2,complete
control_10.1111/j.1467-9280.2008.02230.x,PS,external_control,2020,2,2,complete
control_10.1111/j.1467-9280.2008.02230.x,PS,external_control,2021,3,3,complete
control_10.1111/j.1467-9280.2008.02230.x,PS,external_control,2022,0,0,complete
control_10.1111/j.1467-9280.2008.02230.x,PS,external_control,2023,4,6,complete
control_10.1111/j.1467-9280.2008.02230.x,PS,external_control,2024,0,2,complete
control_10.1111/j.1467-9280.2008.02230.x,PS,external_control,2025,4,4,complete
control_10.1111/j.1467-9280.2008.02231.x,PS,external_control,2008,0,0,complete
control_10.1111/j.1467-9280.2008.02231.x,PS,external_control,2009,0,0,complete
control_10.1111/j.1467-9280.2008.02231.x,PS,external_control,2010,4,6,complete
control_10.1111/j.1467-9280.2008.02231.x,PS,external_control,2011,4,5,complete
control_10.1111/j.1467-9280.2008.02231.x,PS,external_control,2012,5,9,complete
control_10.1111/j.1467-9280.2008.02231.x,PS,external_control,2013,5,6,complete
control_10.1111/j.1467-9280.2008.02231.x,PS,external_control,2014,2,4,complete
control_10.1111/j.1467-9280.2008.02231.x,PS,external_control,2015,5,7,complete
control_10.1111/j.1467-9280.2008.02231.x,PS,external_control,2016,7,8,complete
control_10.1111/j.1467-9280.2008.02231.x,PS,external_control,2017,1,5,complete
control_10.1111/j.1467-9280.2008.02231.x,PS,external_control,2018,7,11,complete
control_10.1111/j.1467-9280.2008.02231.x,PS,external_control,2019,3,4,complete
control_10.1111/j.1467-9280.2008.02231.x,PS,external_control,2020,6,6,complete
control_10.1111/j.1467-9280.2008.02231.x,PS,external_control,2021,6,6,complete
control_10.1111/j.1467-9280.2008.02231.x,PS,external_control,2022,3,5,complete
control_10.1111/j.1467-9280.2008.02231.x,PS,external_control,2023,4,6,complete
control_10.1111/j.1467-9280.2008.02231.x,PS,external_control,2024,2,4,complete
control_10.1111/j.1467-9280.2008.02231.x,PS,external_control,2025,7,8,complete
control_10.1111/j.1467-9280.2008.02232.x,PS,external_control,2008,0,0,complete
control_10.1111/j.1467-9280.2008.02232.x,PS,external_control,2009,1,2,complete
control_10.1111/j.1467-9280.2008.02232.x,PS,external_control,2010,5,5,complete
control_10.1111/j.1467-9280.2008.02232.x,PS,external_control,2011,7,8,complete
control_10.1111/j.1467-9280.2008.02232.x,PS,external_control,2012,3,5,complete
control_10.1111/j.1467-9280.2008.02232.x,PS,external_control,2013,7,7,complete
control_10.1111/j.1467-9280.2008.02232.x,PS,external_control,2014,2,2,complete
control_10.1111/j.1467-9280.2008.02232.x,PS,external_control,2015,2,4,complete
control_10.1111/j.1467-9280.2008.02232.x,PS,external_control,2016,1,3,complete
control_10.1111/j.1467-9280.2008.02232.x,PS,external_control,2017,4,6,complete
control_10.1111/j.1467-9280.2008.02232.x,PS,external_control,2018,3,5,complete
control_10.1111/j.1467-9280.2008.02232.x,PS,external_control,2019,3,6,complete
control_10.1111/j.1467-9280.2008.02232.x,PS,external_control,2020,2,3,complete
control_10.1111/j.1467-9280.2008.02232.x,PS,external_control,2021,4,4,complete
control_10.1111/j.1467-9280.2008.02232.x,PS,external_control,2022,2,4,complete
control_10.1111/j.1467-9280.2008.02232.x,PS,external_control,2023,4,6,complete
control_10.1111/j.1467-9280.2008.02232.x,PS,external_control,2024,2,3,complete
control_10.1111/j.1467-9280.2008.02232.x,PS,external_control,2025,1,1,complete
control_10.1111/j.1467-9280.2008.02233.x,PS,external_control,2008,0,0,complete
control_10.1111/j.1467-9280.2008.02233.x,PS,external_control,2009,1,3,complete
control_10.1111/j.1467-9280.2008.02233.x,PS,external_control,2010,5,6,complete
control_10.1111/j.1467-9280.2008.02233.x,PS,external_control,2011,7,9,complete
control_10.1111/j.1467-9280.2008.02233.x,PS,external_control,2012,8,11,complete
control_10.1111/j.1467-9280.2008.02233.x,PS,external_control,2013,7,11,complete
control_10.1111/j.1467-9280.2008.02233.x,PS,external_control,2014,6,7,complete
control_10.1111/j.1467-9280.2008.02233.x,PS,external_control,2015,5,8,complete
control_10.1111/j.1467-9280.2008.02233.x,PS,external_control,2016,7,9,complete
control_10.1111/j.1467-9280.2008.02233.x,PS,external_control,2017,7,10,complete
control_10.1111/j.1467-9280.2008.02233.x,PS,external_control,2018,10,11,complete
control_10.1111/j.1467-9280.2008.02233.x,PS,external_control,2019,5,8,complete
control_10.1111/j.1467-9280.2008.02233.x,PS,external_control,2020,9,11,complete
control_10.1111/j.1467-9280.2008.02233.x,PS,external_control,2021,3,5,complete
control_10.1111/j.1467-9280.2008.02233.x,PS,external_control,2022,4,5,complete
control_10.1111/j.1467-9280.2008.02233.x,PS,external_control,2023,3,3,complete
control_10.1111/j.1467-9280.2008.02233.x,PS,external_control,2024,1,2,complete
control_10.1111/j.1467-9280.2008.02233.x,PS,external_control,2025,1,1,complete
control_10.1111/j.1467-9280.2008.02234.x,PS,external_control,2008,0,0,complete
control_10.1111/j.1467-9280.2008.02234.x,PS,external_control,2009,0,0,complete
control_10.1111/j.1467-9280.2008.02234.x,PS,external_control,2010,3,3,complete
control_10.1111/j.1467-9280.2008.02234.x,PS,external_control,2011,6,7,complete
control_10.1111/j.1467-9280.2008.02234.x,PS,external_control,2012,1,1,complete
control_10.1111/j.1467-9280.2008.02234.x,PS,external_control,2013,3,4,complete
control_10.1111/j.1467-9280.2008.02234.x,PS,external_control,2014,0,1,complete
control_10.1111/j.1467-9280.2008.02234.x,PS,external_control,2015,1,2,complete
control_10.1111/j.1467-9280.2008.02234.x,PS,external_control,2016,0,1,complete
control_10.1111/j.1467-9280.2008.02234.x,PS,external_control,2017,0,0,complete
control_10.1111/j.1467-9280.2008.02234.x,PS,external_control,2018,2,4,complete
control_10.1111/j.1467-9280.2008.02234.x,PS,external_control,2019,0,0,complete
control_10.1111/j.1467-9280.2008.02234.x,PS,external_control,2020,2,2,complete
control_10.1111/j.1467-9280.2008.02234.x,PS,external_control,2021,1,3,complete
control_10.1111/j.1467-9280.2008.02234.x,PS,external_control,2022,1,1,complete
control_10.1111/j.1467-9280.2008.02234.x,PS,external_control,2023,0,0,complete
control_10.1111/j.1467-9280.2008.02234.x,PS,external_control,2024,0,1,complete
control_10.1111/j.1467-9280.2008.02234.x,PS,external_control,2025,3,6,complete
control_10.1111/j.1467-9280.2008.02235.x,PS,external_control,2008,0,0,complete
control_10.1111/j.1467-9280.2008.02235.x,PS,external_control,2009,4,4,complete
control_10.1111/j.1467-9280.2008.02235.x,PS,external_control,2010,3,3,complete
control_10.1111/j.1467-9280.2008.02235.x,PS,external_control,2011,1,2,complete
control_10.1111/j.1467-9280.2008.02235.x,PS,external_control,2012,5,7,complete
control_10.1111/j.1467-9280.2008.02235.x,PS,external_control,2013,5,6,complete
control_10.1111/j.1467-9280.2008.02235.x,PS,external_control,2014,5,5,complete
control_10.1111/j.1467-9280.2008.02235.x,PS,external_control,2015,3,3,complete
control_10.1111/j.1467-9280.2008.02235.x,PS,external_control,2016,3,4,complete
control_10.1111/j.1467-9280.2008.02235.x,PS,external_control,2017,8,8,complete
control_10.1111/j.1467-9280.2008.02235.x,PS,external_control,2018,6,9,complete
control_10.1111/j.1467-9280.2008.02235.x,PS,external_control,2019,5,7,complete
control_10.1111/j.1467-9280.2008.02235.x,PS,external_control,2020,2,6,complete
control_10.1111/j.1467-9280.2008.02235.x,PS,external_control,2021,7,8,complete
control_10.1111/j.1467-9280.2008.02235.x,PS,external_control,2022,6,11,complete
control_10.1111/j.1467-9280.2008.02235.x,PS,external_control,2023,5,7,complete
control_10.1111/j.1467-9280.2008.02235.x,PS,external_control,2024,1,4,complete
control_10.1111/j.1467-9280.2008.02235.x,PS,external_control,2025,3,5,complete
control_10.1111/j.1467-9280.2008.02236.x,PS,external_control,2008,0,0,complete
control_10.1111/j.1467-9280.2008.02236.x,PS,external_control,2009,6,6,complete
control_10.1111/j.1467-9280.2008.02236.x,PS,external_control,2010,4,10,complete
control_10.1111/j.1467-9280.2008.02236.x,PS,external_control,2011,2,2,complete
control_10.1111/j.1467-9280.2008.02236.x,PS,external_control,2012,7,10,complete
control_10.1111/j.1467-9280.2008.02236.x,PS,external_control,2013,10,11,complete
control_10.1111/j.1467-9280.2008.02236.x,PS,external_control,2014,7,13,complete
control_10.1111/j.1467-9280.2008.02236.x,PS,external_control,2015,9,12,complete
control_10.1111/j.1467-9280.2008.02236.x,PS,external_control,2016,6,6,complete
control_10.1111/j.1467-9280.2008.02236.x,PS,external_control,2017,2,4,complete
control_10.1111/j.1467-9280.2008.02236.x,PS,external_control,2018,2,2,complete
control_10.1111/j.1467-9280.2008.02236.x,PS,external_control,2019,3,3,complete
control_10.1111/j.1467-9280.2008.02236.x,PS,external_control,2020,2,3,complete
control_10.1111/j.1467-9280.2008.02236.x,PS,external_control,2021,1,3,complete
control_10.1111/j.1467-9280.2008.02236.x,PS,external_control,2022,2,2,complete
control_10.1111/j.1467-9280.2008.02236.x,PS,external_control,2023,1,1,complete
control_10.1111/j.1467-9280.2008.02236.x,PS,external_control,2024,1,2,complete
control_10.1111/j.1467-9280.2008.02236.x,PS,external_control,2025,1,1,complete
control_10.1111/j.1467-9280.2008.02237.x,PS,external_control,2008,0,0,complete
control_10.1111/j.1467-9280.2008.02237.x,PS,external_control,2009,3,3,complete
control_10.1111/j.1467-9280.2008.02237.x,PS,external_control,2010,8,10,complete
control_10.1111/j.1467-9280.2008.02237.x,PS,external_control,2011,4,4,complete
control_10.1111/j.1467-9280.2008.02237.x,PS,external_control,2012,3,3,complete
control_10.1111/j.1467-9280.2008.02237.x,PS,external_control,2013,2,2,complete
control_10.1111/j.1467-9280.2008.02237.x,PS,external_control,2014,10,10,complete
control_10.1111/j.1467-9280.2008.02237.x,PS,external_control,2015,3,4,complete
control_10.1111/j.1467-9280.2008.02237.x,PS,external_control,2016,4,4,complete
control_10.1111/j.1467-9280.2008.02237.x,PS,external_control,2017,2,3,complete
control_10.1111/j.1467-9280.2008.02237.x,PS,external_control,2018,4,4,complete
control_10.1111/j.1467-9280.2008.02237.x,PS,external_control,2019,2,2,complete
control_10.1111/j.1467-9280.2008.02237.x,PS,external_control,2020,4,5,complete
control_10.1111/j.1467-9280.2008.02237.x,PS,external_control,2021,2,2,complete
control_10.1111/j.1467-9280.2008.02237.x,PS,external_control,2022,1,2,complete
control_10.1111/j.1467-9280.2008.02237.x,PS,external_control,2023,0,1,complete
control_10.1111/j.1467-9280.2008.02237.x,PS,external_control,2024,3,3,complete
control_10.1111/j.1467-9280.2008.02237.x,PS,external_control,2025,3,3,complete
control_10.1111/j.1467-9280.2008.02238.x,PS,external_control,2008,0,0,complete
control_10.1111/j.1467-9280.2008.02238.x,PS,external_control,2009,2,6,complete
control_10.1111/j.1467-9280.2008.02238.x,PS,external_control,2010,16,19,complete
control_10.1111/j.1467-9280.2008.02238.x,PS,external_control,2011,8,10,complete
control_10.1111/j.1467-9280.2008.02238.x,PS,external_control,2012,15,19,complete
control_10.1111/j.1467-9280.2008.02238.x,PS,external_control,2013,14,19,complete
control_10.1111/j.1467-9280.2008.02238.x,PS,external_control,2014,8,10,complete
control_10.1111/j.1467-9280.2008.02238.x,PS,external_control,2015,11,15,complete
control_10.1111/j.1467-9280.2008.02238.x,PS,external_control,2016,7,9,complete
control_10.1111/j.1467-9280.2008.02238.x,PS,external_control,2017,9,11,complete
control_10.1111/j.1467-9280.2008.02238.x,PS,external_control,2018,5,7,complete
control_10.1111/j.1467-9280.2008.02238.x,PS,external_control,2019,6,9,complete
control_10.1111/j.1467-9280.2008.02238.x,PS,external_control,2020,5,8,complete
control_10.1111/j.1467-9280.2008.02238.x,PS,external_control,2021,4,4,complete
control_10.1111/j.1467-9280.2008.02238.x,PS,external_control,2022,3,5,complete
control_10.1111/j.1467-9280.2008.02238.x,PS,external_control,2023,5,5,complete
control_10.1111/j.1467-9280.2008.02238.x,PS,external_control,2024,1,4,complete
control_10.1111/j.1467-9280.2008.02238.x,PS,external_control,2025,2,2,complete
control_10.1111/j.1467-9280.2008.02239.x,PS,external_control,2008,0,0,complete
control_10.1111/j.1467-9280.2008.02239.x,PS,external_control,2009,6,6,complete
control_10.1111/j.1467-9280.2008.02239.x,PS,external_control,2010,3,4,complete
control_10.1111/j.1467-9280.2008.02239.x,PS,external_control,2011,8,8,complete
control_10.1111/j.1467-9280.2008.02239.x,PS,external_control,2012,12,12,complete
control_10.1111/j.1467-9280.2008.02239.x,PS,external_control,2013,10,11,complete
control_10.1111/j.1467-9280.2008.02239.x,PS,external_control,2014,6,7,complete
control_10.1111/j.1467-9280.2008.02239.x,PS,external_control,2015,10,10,complete
control_10.1111/j.1467-9280.2008.02239.x,PS,external_control,2016,9,10,complete
control_10.1111/j.1467-9280.2008.02239.x,PS,external_control,2017,12,16,complete
control_10.1111/j.1467-9280.2008.02239.x,PS,external_control,2018,4,5,complete
control_10.1111/j.1467-9280.2008.02239.x,PS,external_control,2019,9,11,complete
control_10.1111/j.1467-9280.2008.02239.x,PS,external_control,2020,6,39,complete
control_10.1111/j.1467-9280.2008.02239.x,PS,external_control,2021,2,3,complete
control_10.1111/j.1467-9280.2008.02239.x,PS,external_control,2022,4,4,complete
control_10.1111/j.1467-9280.2008.02239.x,PS,external_control,2023,3,5,complete
control_10.1111/j.1467-9280.2008.02239.x,PS,external_control,2024,1,1,complete
control_10.1111/j.1467-9280.2008.02239.x,PS,external_control,2025,2,2,complete
control_10.1111/j.1467-9280.2008.02240.x,PS,external_control,2008,0,0,complete
control_10.1111/j.1467-9280.2008.02240.x,PS,external_control,2009,1,1,complete
control_10.1111/j.1467-9280.2008.02240.x,PS,external_control,2010,5,8,complete
control_10.1111/j.1467-9280.2008.02240.x,PS,external_control,2011,13,19,complete
control_10.1111/j.1467-9280.2008.02240.x,PS,external_control,2012,2,6,complete
control_10.1111/j.1467-9280.2008.02240.x,PS,external_control,2013,10,12,complete
control_10.1111/j.1467-9280.2008.02240.x,PS,external_control,2014,9,9,complete
control_10.1111/j.1467-9280.2008.02240.x,PS,external_control,2015,9,11,complete
control_10.1111/j.1467-9280.2008.02240.x,PS,external_control,2016,12,14,complete
control_10.1111/j.1467-9280.2008.02240.x,PS,external_control,2017,9,9,complete
control_10.1111/j.1467-9280.2008.02240.x,PS,external_control,2018,15,17,complete
control_10.1111/j.1467-9280.2008.02240.x,PS,external_control,2019,8,9,complete
control_10.1111/j.1467-9280.2008.02240.x,PS,external_control,2020,13,15,complete
control_10.1111/j.1467-9280.2008.02240.x,PS,external_control,2021,5,8,complete
control_10.1111/j.1467-9280.2008.02240.x,PS,external_control,2022,6,10,complete
control_10.1111/j.1467-9280.2008.02240.x,PS,external_control,2023,12,14,complete
control_10.1111/j.1467-9280.2008.02240.x,PS,external_control,2024,10,11,complete
control_10.1111/j.1467-9280.2008.02240.x,PS,external_control,2025,9,9,complete
control_10.1111/j.1467-9280.2008.02241.x,PS,external_control,2008,0,0,complete
control_10.1111/j.1467-9280.2008.02241.x,PS,external_control,2009,3,4,complete
control_10.1111/j.1467-9280.2008.02241.x,PS,external_control,2010,12,21,complete
control_10.1111/j.1467-9280.2008.02241.x,PS,external_control,2011,16,19,complete
control_10.1111/j.1467-9280.2008.02241.x,PS,external_control,2012,18,25,complete
control_10.1111/j.1467-9280.2008.02241.x,PS,external_control,2013,17,24,complete
control_10.1111/j.1467-9280.2008.02241.x,PS,external_control,2014,22,29,complete
control_10.1111/j.1467-9280.2008.02241.x,PS,external_control,2015,25,34,complete
control_10.1111/j.1467-9280.2008.02241.x,PS,external_control,2016,28,34,complete
control_10.1111/j.1467-9280.2008.02241.x,PS,external_control,2017,28,32,complete
control_10.1111/j.1467-9280.2008.02241.x,PS,external_control,2018,20,28,complete
control_10.1111/j.1467-9280.2008.02241.x,PS,external_control,2019,38,58,complete
control_10.1111/j.1467-9280.2008.02241.x,PS,external_control,2020,24,25,complete
control_10.1111/j.1467-9280.2008.02241.x,PS,external_control,2021,28,31,complete
control_10.1111/j.1467-9280.2008.02241.x,PS,external_control,2022,21,29,complete
control_10.1111/j.1467-9280.2008.02241.x,PS,external_control,2023,19,25,complete
control_10.1111/j.1467-9280.2008.02241.x,PS,external_control,2024,21,25,complete
control_10.1111/j.1467-9280.2008.02241.x,PS,external_control,2025,16,25,complete
control_10.1037/0022-3514.94.1.133,JPSP,external_control,2008,5,7,complete
control_10.1037/0022-3514.94.1.133,JPSP,external_control,2009,9,12,complete
control_10.1037/0022-3514.94.1.133,JPSP,external_control,2010,22,24,complete
control_10.1037/0022-3514.94.1.133,JPSP,external_control,2011,19,23,complete
control_10.1037/0022-3514.94.1.133,JPSP,external_control,2012,13,18,complete
control_10.1037/0022-3514.94.1.133,JPSP,external_control,2013,23,31,complete
control_10.1037/0022-3514.94.1.133,JPSP,external_control,2014,16,20,complete
control_10.1037/0022-3514.94.1.133,JPSP,external_control,2015,12,15,complete
control_10.1037/0022-3514.94.1.133,JPSP,external_control,2016,21,28,complete
control_10.1037/0022-3514.94.1.133,JPSP,external_control,2017,16,24,complete
control_10.1037/0022-3514.94.1.133,JPSP,external_control,2018,23,23,complete
control_10.1037/0022-3514.94.1.133,JPSP,external_control,2019,7,9,complete
control_10.1037/0022-3514.94.1.133,JPSP,external_control,2020,7,11,complete
control_10.1037/0022-3514.94.1.133,JPSP,external_control,2021,18,21,complete
control_10.1037/0022-3514.94.1.133,JPSP,external_control,2022,12,12,complete
control_10.1037/0022-3514.94.1.133,JPSP,external_control,2023,13,17,complete
control_10.1037/0022-3514.94.1.133,JPSP,external_control,2024,9,13,complete
control_10.1037/0022-3514.94.1.133,JPSP,external_control,2025,18,19,complete
control_10.1037/0022-3514.94.1.168,JPSP,external_control,2008,7,9,complete
control_10.1037/0022-3514.94.1.168,JPSP,external_control,2009,23,25,complete
control_10.1037/0022-3514.94.1.168,JPSP,external_control,2010,32,43,complete
control_10.1037/0022-3514.94.1.168,JPSP,external_control,2011,42,58,complete
control_10.1037/0022-3514.94.1.168,JPSP,external_control,2012,42,64,complete
control_10.1037/0022-3514.94.1.168,JPSP,external_control,2013,57,66,complete
control_10.1037/0022-3514.94.1.168,JPSP,external_control,2014,67,84,complete
control_10.1037/0022-3514.94.1.168,JPSP,external_control,2015,61,71,complete
control_10.1037/0022-3514.94.1.168,JPSP,external_control,2016,62,74,complete
control_10.1037/0022-3514.94.1.168,JPSP,external_control,2017,54,69,complete
control_10.1037/0022-3514.94.1.168,JPSP,external_control,2018,86,115,complete
control_10.1037/0022-3514.94.1.168,JPSP,external_control,2019,79,94,complete
control_10.1037/0022-3514.94.1.168,JPSP,external_control,2020,72,136,complete
control_10.1037/0022-3514.94.1.168,JPSP,external_control,2021,75,102,complete
control_10.1037/0022-3514.94.1.168,JPSP,external_control,2022,90,114,complete
control_10.1037/0022-3514.94.1.168,JPSP,external_control,2023,57,74,complete
control_10.1037/0022-3514.94.1.168,JPSP,external_control,2024,72,95,complete
control_10.1037/0022-3514.94.1.168,JPSP,external_control,2025,39,47,complete
control_10.1037/0022-3514.94.1.32,JPSP,external_control,2008,2,2,complete
control_10.1037/0022-3514.94.1.32,JPSP,external_control,2009,0,1,complete
control_10.1037/0022-3514.94.1.32,JPSP,external_control,2010,1,2,complete
control_10.1037/0022-3514.94.1.32,JPSP,external_control,2011,3,3,complete
control_10.1037/0022-3514.94.1.32,JPSP,external_control,2012,2,3,complete
control_10.1037/0022-3514.94.1.32,JPSP,external_control,2013,2,3,complete
control_10.1037/0022-3514.94.1.32,JPSP,external_control,2014,7,7,complete
control_10.1037/0022-3514.94.1.32,JPSP,external_control,2015,3,3,complete
control_10.1037/0022-3514.94.1.32,JPSP,external_control,2016,3,4,complete
control_10.1037/0022-3514.94.1.32,JPSP,external_control,2017,1,1,complete
control_10.1037/0022-3514.94.1.32,JPSP,external_control,2018,1,2,complete
control_10.1037/0022-3514.94.1.32,JPSP,external_control,2019,1,2,complete
control_10.1037/0022-3514.94.1.32,JPSP,external_control,2020,0,3,complete
control_10.1037/0022-3514.94.1.32,JPSP,external_control,2021,3,3,complete
control_10.1037/0022-3514.94.1.32,JPSP,external_control,2022,5,6,complete
control_10.1037/0022-3514.94.1.32,JPSP,external_control,2023,1,1,complete
control_10.1037/0022-3514.94.1.32,JPSP,external_control,2024,0,0,complete
control_10.1037/0022-3514.94.1.32,JPSP,external_control,2025,2,2,complete
control_10.1037/0022-3514.94.1.75,JPSP,external_control,2008,1,2,complete
control_10.1037/0022-3514.94.1.75,JPSP,external_control,2009,9,11,complete
control_10.1037/0022-3514.94.1.75,JPSP,external_control,2010,9,13,complete
control_10.1037/0022-3514.94.1.75,JPSP,external_control,2011,12,14,complete
control_10.1037/0022-3514.94.1.75,JPSP,external_control,2012,20,25,complete
control_10.1037/0022-3514.94.1.75,JPSP,external_control,2013,18,23,complete
control_10.1037/0022-3514.94.1.75,JPSP,external_control,2014,10,13,complete
control_10.1037/0022-3514.94.1.75,JPSP,external_control,2015,15,17,complete
control_10.1037/0022-3514.94.1.75,JPSP,external_control,2016,11,17,complete
control_10.1037/0022-3514.94.1.75,JPSP,external_control,2017,20,30,complete
control_10.1037/0022-3514.94.1.75,JPSP,external_control,2018,15,17,complete
control_10.1037/0022-3514.94.1.75,JPSP,external_control,2019,7,15,complete
control_10.1037/0022-3514.94.1.75,JPSP,external_control,2020,8,11,complete
control_10.1037/0022-3514.94.1.75,JPSP,external_control,2021,24,44,complete
control_10.1037/0022-3514.94.1.75,JPSP,external_control,2022,12,16,complete
control_10.1037/0022-3514.94.1.75,JPSP,external_control,2023,12,16,complete
control_10.1037/0022-3514.94.1.75,JPSP,external_control,2024,7,13,complete
control_10.1037/0022-3514.94.1.75,JPSP,external_control,2025,13,13,complete
control_10.1037/0022-3514.94.1.108,JPSP,external_control,2008,0,0,complete
control_10.1037/0022-3514.94.1.108,JPSP,external_control,2009,2,2,complete
control_10.1037/0022-3514.94.1.108,JPSP,external_control,2010,0,0,complete
control_10.1037/0022-3514.94.1.108,JPSP,external_control,2011,1,1,complete
control_10.1037/0022-3514.94.1.108,JPSP,external_control,2012,0,0,complete
control_10.1037/0022-3514.94.1.108,JPSP,external_control,2013,0,0,complete
control_10.1037/0022-3514.94.1.108,JPSP,external_control,2014,1,2,complete
control_10.1037/0022-3514.94.1.108,JPSP,external_control,2015,2,2,complete
control_10.1037/0022-3514.94.1.108,JPSP,external_control,2016,0,0,complete
control_10.1037/0022-3514.94.1.108,JPSP,external_control,2017,0,1,complete
control_10.1037/0022-3514.94.1.108,JPSP,external_control,2018,1,1,complete
control_10.1037/0022-3514.94.1.108,JPSP,external_control,2019,1,2,complete
control_10.1037/0022-3514.94.1.108,JPSP,external_control,2020,0,0,complete
control_10.1037/0022-3514.94.1.108,JPSP,external_control,2021,1,1,complete
control_10.1037/0022-3514.94.1.108,JPSP,external_control,2022,1,2,complete
control_10.1037/0022-3514.94.1.108,JPSP,external_control,2023,1,2,complete
control_10.1037/0022-3514.94.1.108,JPSP,external_control,2024,0,0,complete
control_10.1037/0022-3514.94.1.108,JPSP,external_control,2025,0,0,complete
control_10.1037/0022-3514.94.1.146,JPSP,external_control,2008,6,7,complete
control_10.1037/0022-3514.94.1.146,JPSP,external_control,2009,6,6,complete
control_10.1037/0022-3514.94.1.146,JPSP,external_control,2010,3,3,complete
control_10.1037/0022-3514.94.1.146,JPSP,external_control,2011,5,6,complete
control_10.1037/0022-3514.94.1.146,JPSP,external_control,2012,3,4,complete
control_10.1037/0022-3514.94.1.146,JPSP,external_control,2013,7,7,complete
control_10.1037/0022-3514.94.1.146,JPSP,external_control,2014,2,6,complete
control_10.1037/0022-3514.94.1.146,JPSP,external_control,2015,6,6,complete
control_10.1037/0022-3514.94.1.146,JPSP,external_control,2016,6,8,complete
control_10.1037/0022-3514.94.1.146,JPSP,external_control,2017,3,4,complete
control_10.1037/0022-3514.94.1.146,JPSP,external_control,2018,2,2,complete
control_10.1037/0022-3514.94.1.146,JPSP,external_control,2019,4,6,complete
control_10.1037/0022-3514.94.1.146,JPSP,external_control,2020,3,4,complete
control_10.1037/0022-3514.94.1.146,JPSP,external_control,2021,6,7,complete
control_10.1037/0022-3514.94.1.146,JPSP,external_control,2022,5,5,complete
control_10.1037/0022-3514.94.1.146,JPSP,external_control,2023,2,4,complete
control_10.1037/0022-3514.94.1.146,JPSP,external_control,2024,2,2,complete
control_10.1037/0022-3514.94.1.146,JPSP,external_control,2025,5,5,complete
control_10.1037/0022-3514.94.2.320,JPSP,external_control,2008,2,2,complete
control_10.1037/0022-3514.94.2.320,JPSP,external_control,2009,4,5,complete
control_10.1037/0022-3514.94.2.320,JPSP,external_control,2010,2,4,complete
control_10.1037/0022-3514.94.2.320,JPSP,external_control,2011,7,8,complete
control_10.1037/0022-3514.94.2.320,JPSP,external_control,2012,7,10,complete
control_10.1037/0022-3514.94.2.320,JPSP,external_control,2013,7,12,complete
control_10.1037/0022-3514.94.2.320,JPSP,external_control,2014,7,14,complete
control_10.1037/0022-3514.94.2.320,JPSP,external_control,2015,7,13,complete
control_10.1037/0022-3514.94.2.320,JPSP,external_control,2016,17,18,complete
control_10.1037/0022-3514.94.2.320,JPSP,external_control,2017,3,5,complete
control_10.1037/0022-3514.94.2.320,JPSP,external_control,2018,6,8,complete
control_10.1037/0022-3514.94.2.320,JPSP,external_control,2019,4,7,complete
control_10.1037/0022-3514.94.2.320,JPSP,external_control,2020,4,10,complete
control_10.1037/0022-3514.94.2.320,JPSP,external_control,2021,12,19,complete
control_10.1037/0022-3514.94.2.320,JPSP,external_control,2022,4,5,complete
control_10.1037/0022-3514.94.2.320,JPSP,external_control,2023,9,9,complete
control_10.1037/0022-3514.94.2.320,JPSP,external_control,2024,1,2,complete
control_10.1037/0022-3514.94.2.320,JPSP,external_control,2025,9,10,complete
control_10.1037/0022-3514.94.2.94.2.214,JPSP,external_control,2008,5,5,complete
control_10.1037/0022-3514.94.2.94.2.214,JPSP,external_control,2009,6,8,complete
control_10.1037/0022-3514.94.2.94.2.214,JPSP,external_control,2010,2,6,complete
control_10.1037/0022-3514.94.2.94.2.214,JPSP,external_control,2011,15,22,complete
control_10.1037/0022-3514.94.2.94.2.214,JPSP,external_control,2012,12,16,complete
control_10.1037/0022-3514.94.2.94.2.214,JPSP,external_control,2013,12,15,complete
control_10.1037/0022-3514.94.2.94.2.214,JPSP,external_control,2014,8,11,complete
control_10.1037/0022-3514.94.2.94.2.214,JPSP,external_control,2015,13,16,complete
control_10.1037/0022-3514.94.2.94.2.214,JPSP,external_control,2016,8,11,complete
control_10.1037/0022-3514.94.2.94.2.214,JPSP,external_control,2017,2,8,complete
control_10.1037/0022-3514.94.2.94.2.214,JPSP,external_control,2018,7,8,complete
control_10.1037/0022-3514.94.2.94.2.214,JPSP,external_control,2019,13,16,complete
control_10.1037/0022-3514.94.2.94.2.214,JPSP,external_control,2020,18,20,complete
control_10.1037/0022-3514.94.2.94.2.214,JPSP,external_control,2021,8,13,complete
control_10.1037/0022-3514.94.2.94.2.214,JPSP,external_control,2022,10,12,complete
control_10.1037/0022-3514.94.2.94.2.214,JPSP,external_control,2023,15,18,complete
control_10.1037/0022-3514.94.2.94.2.214,JPSP,external_control,2024,11,13,complete
control_10.1037/0022-3514.94.2.94.2.214,JPSP,external_control,2025,18,19,complete
control_10.1037/0022-3514.94.2.278,JPSP,external_control,2008,7,7,complete
control_10.1037/0022-3514.94.2.278,JPSP,external_control,2009,8,10,complete
control_10.1037/0022-3514.94.2.278,JPSP,external_control,2010,13,20,complete
control_10.1037/0022-3514.94.2.278,JPSP,external_control,2011,20,28,complete
control_10.1037/0022-3514.94.2.278,JPSP,external_control,2012,19,21,complete
control_10.1037/0022-3514.94.2.278,JPSP,external_control,2013,17,21,complete
control_10.1037/0022-3514.94.2.278,JPSP,external_control,2014,17,25,complete
control_10.1037/0022-3514.94.2.278,JPSP,external_control,2015,17,21,complete
control_10.1037/0022-3514.94.2.278,JPSP,external_control,2016,19,27,complete
control_10.1037/0022-3514.94.2.278,JPSP,external_control,2017,12,23,complete
control_10.1037/0022-3514.94.2.278,JPSP,external_control,2018,22,26,complete
control_10.1037/0022-3514.94.2.278,JPSP,external_control,2019,16,19,complete
control_10.1037/0022-3514.94.2.278,JPSP,external_control,2020,19,20,complete
control_10.1037/0022-3514.94.2.278,JPSP,external_control,2021,12,14,complete
control_10.1037/0022-3514.94.2.278,JPSP,external_control,2022,21,30,complete
control_10.1037/0022-3514.94.2.278,JPSP,external_control,2023,6,10,complete
control_10.1037/0022-3514.94.2.278,JPSP,external_control,2024,7,12,complete
control_10.1037/0022-3514.94.2.278,JPSP,external_control,2025,8,10,complete
control_10.1037/0022-3514.94.2.292,JPSP,external_control,2008,7,8,complete
control_10.1037/0022-3514.94.2.292,JPSP,external_control,2009,14,15,complete
control_10.1037/0022-3514.94.2.292,JPSP,external_control,2010,15,18,complete
control_10.1037/0022-3514.94.2.292,JPSP,external_control,2011,16,20,complete
control_10.1037/0022-3514.94.2.292,JPSP,external_control,2012,26,36,complete
control_10.1037/0022-3514.94.2.292,JPSP,external_control,2013,17,23,complete
control_10.1037/0022-3514.94.2.292,JPSP,external_control,2014,29,39,complete
control_10.1037/0022-3514.94.2.292,JPSP,external_control,2015,29,37,complete
control_10.1037/0022-3514.94.2.292,JPSP,external_control,2016,42,52,complete
control_10.1037/0022-3514.94.2.292,JPSP,external_control,2017,50,64,complete
control_10.1037/0022-3514.94.2.292,JPSP,external_control,2018,34,45,complete
control_10.1037/0022-3514.94.2.292,JPSP,external_control,2019,35,48,complete
control_10.1037/0022-3514.94.2.292,JPSP,external_control,2020,36,109,complete
control_10.1037/0022-3514.94.2.292,JPSP,external_control,2021,53,85,complete
control_10.1037/0022-3514.94.2.292,JPSP,external_control,2022,51,62,complete
control_10.1037/0022-3514.94.2.292,JPSP,external_control,2023,49,64,complete
control_10.1037/0022-3514.94.2.292,JPSP,external_control,2024,36,59,complete
control_10.1037/0022-3514.94.2.292,JPSP,external_control,2025,25,72,complete
control_10.1037/0022-3514.94.2.307,JPSP,external_control,2008,3,3,complete
control_10.1037/0022-3514.94.2.307,JPSP,external_control,2009,1,2,complete
control_10.1037/0022-3514.94.2.307,JPSP,external_control,2010,6,8,complete
control_10.1037/0022-3514.94.2.307,JPSP,external_control,2011,4,4,complete
control_10.1037/0022-3514.94.2.307,JPSP,external_control,2012,9,10,complete
control_10.1037/0022-3514.94.2.307,JPSP,external_control,2013,2,4,complete
control_10.1037/0022-3514.94.2.307,JPSP,external_control,2014,9,11,complete
control_10.1037/0022-3514.94.2.307,JPSP,external_control,2015,4,8,complete
control_10.1037/0022-3514.94.2.307,JPSP,external_control,2016,6,6,complete
control_10.1037/0022-3514.94.2.307,JPSP,external_control,2017,10,14,complete
control_10.1037/0022-3514.94.2.307,JPSP,external_control,2018,4,5,complete
control_10.1037/0022-3514.94.2.307,JPSP,external_control,2019,7,7,complete
control_10.1037/0022-3514.94.2.307,JPSP,external_control,2020,5,7,complete
control_10.1037/0022-3514.94.2.307,JPSP,external_control,2021,6,7,complete
control_10.1037/0022-3514.94.2.307,JPSP,external_control,2022,2,7,complete
control_10.1037/0022-3514.94.2.307,JPSP,external_control,2023,8,9,complete
control_10.1037/0022-3514.94.2.307,JPSP,external_control,2024,7,9,complete
control_10.1037/0022-3514.94.2.307,JPSP,external_control,2025,6,7,complete
control_10.1037/0022-3514.94.2.334,JPSP,external_control,2008,2,3,complete
control_10.1037/0022-3514.94.2.334,JPSP,external_control,2009,6,7,complete
control_10.1037/0022-3514.94.2.334,JPSP,external_control,2010,12,16,complete
control_10.1037/0022-3514.94.2.334,JPSP,external_control,2011,10,12,complete
control_10.1037/0022-3514.94.2.334,JPSP,external_control,2012,8,13,complete
control_10.1037/0022-3514.94.2.334,JPSP,external_control,2013,14,19,complete
control_10.1037/0022-3514.94.2.334,JPSP,external_control,2014,14,24,complete
control_10.1037/0022-3514.94.2.334,JPSP,external_control,2015,12,17,complete
control_10.1037/0022-3514.94.2.334,JPSP,external_control,2016,4,11,complete
control_10.1037/0022-3514.94.2.334,JPSP,external_control,2017,10,15,complete
control_10.1037/0022-3514.94.2.334,JPSP,external_control,2018,9,16,complete
control_10.1037/0022-3514.94.2.334,JPSP,external_control,2019,18,28,complete
control_10.1037/0022-3514.94.2.334,JPSP,external_control,2020,17,24,complete
control_10.1037/0022-3514.94.2.334,JPSP,external_control,2021,14,21,complete
control_10.1037/0022-3514.94.2.334,JPSP,external_control,2022,18,23,complete
control_10.1037/0022-3514.94.2.334,JPSP,external_control,2023,9,15,complete
control_10.1037/0022-3514.94.2.334,JPSP,external_control,2024,4,10,complete
control_10.1037/0022-3514.94.2.334,JPSP,external_control,2025,12,14,complete
control_10.1037/0022-3514.94.2.347,JPSP,external_control,2008,4,4,complete
control_10.1037/0022-3514.94.2.347,JPSP,external_control,2009,5,6,complete
control_10.1037/0022-3514.94.2.347,JPSP,external_control,2010,5,5,complete
control_10.1037/0022-3514.94.2.347,JPSP,external_control,2011,3,6,complete
control_10.1037/0022-3514.94.2.347,JPSP,external_control,2012,3,11,complete
control_10.1037/0022-3514.94.2.347,JPSP,external_control,2013,2,6,complete
control_10.1037/0022-3514.94.2.347,JPSP,external_control,2014,8,10,complete
control_10.1037/0022-3514.94.2.347,JPSP,external_control,2015,2,4,complete
control_10.1037/0022-3514.94.2.347,JPSP,external_control,2016,5,6,complete
control_10.1037/0022-3514.94.2.347,JPSP,external_control,2017,4,6,complete
control_10.1037/0022-3514.94.2.347,JPSP,external_control,2018,5,6,complete
control_10.1037/0022-3514.94.2.347,JPSP,external_control,2019,4,5,complete
control_10.1037/0022-3514.94.2.347,JPSP,external_control,2020,4,46,complete
control_10.1037/0022-3514.94.2.347,JPSP,external_control,2021,2,5,complete
control_10.1037/0022-3514.94.2.347,JPSP,external_control,2022,4,5,complete
control_10.1037/0022-3514.94.2.347,JPSP,external_control,2023,4,5,complete
control_10.1037/0022-3514.94.2.347,JPSP,external_control,2024,4,5,complete
control_10.1037/0022-3514.94.2.347,JPSP,external_control,2025,4,4,complete
control_10.1037/0022-3514.94.2.94.2.265,JPSP,external_control,2008,3,3,complete
control_10.1037/0022-3514.94.2.94.2.265,JPSP,external_control,2009,8,8,complete
control_10.1037/0022-3514.94.2.94.2.265,JPSP,external_control,2010,9,11,complete
control_10.1037/0022-3514.94.2.94.2.265,JPSP,external_control,2011,7,12,complete
control_10.1037/0022-3514.94.2.94.2.265,JPSP,external_control,2012,9,13,complete
control_10.1037/0022-3514.94.2.94.2.265,JPSP,external_control,2013,8,8,complete
control_10.1037/0022-3514.94.2.94.2.265,JPSP,external_control,2014,11,14,complete
control_10.1037/0022-3514.94.2.94.2.265,JPSP,external_control,2015,16,16,complete
control_10.1037/0022-3514.94.2.94.2.265,JPSP,external_control,2016,3,3,complete
control_10.1037/0022-3514.94.2.94.2.265,JPSP,external_control,2017,5,8,complete
control_10.1037/0022-3514.94.2.94.2.265,JPSP,external_control,2018,7,9,complete
control_10.1037/0022-3514.94.2.94.2.265,JPSP,external_control,2019,5,10,complete
control_10.1037/0022-3514.94.2.94.2.265,JPSP,external_control,2020,8,9,complete
control_10.1037/0022-3514.94.2.94.2.265,JPSP,external_control,2021,9,9,complete
control_10.1037/0022-3514.94.2.94.2.265,JPSP,external_control,2022,9,11,complete
control_10.1037/0022-3514.94.2.94.2.265,JPSP,external_control,2023,6,8,complete
control_10.1037/0022-3514.94.2.94.2.265,JPSP,external_control,2024,5,7,complete
control_10.1037/0022-3514.94.2.94.2.265,JPSP,external_control,2025,6,6,complete
control_10.1037/0022-3514.94.3.531,JPSP,external_control,2008,5,5,complete
control_10.1037/0022-3514.94.3.531,JPSP,external_control,2009,14,15,complete
control_10.1037/0022-3514.94.3.531,JPSP,external_control,2010,7,13,complete
control_10.1037/0022-3514.94.3.531,JPSP,external_control,2011,8,10,complete
control_10.1037/0022-3514.94.3.531,JPSP,external_control,2012,7,12,complete
control_10.1037/0022-3514.94.3.531,JPSP,external_control,2013,6,24,complete
control_10.1037/0022-3514.94.3.531,JPSP,external_control,2014,9,13,complete
control_10.1037/0022-3514.94.3.531,JPSP,external_control,2015,11,15,complete
control_10.1037/0022-3514.94.3.531,JPSP,external_control,2016,8,12,complete
control_10.1037/0022-3514.94.3.531,JPSP,external_control,2017,1,3,complete
control_10.1037/0022-3514.94.3.531,JPSP,external_control,2018,9,11,complete
control_10.1037/0022-3514.94.3.531,JPSP,external_control,2019,7,13,complete
control_10.1037/0022-3514.94.3.531,JPSP,external_control,2020,9,16,complete
control_10.1037/0022-3514.94.3.531,JPSP,external_control,2021,5,15,complete
control_10.1037/0022-3514.94.3.531,JPSP,external_control,2022,5,7,complete
control_10.1037/0022-3514.94.3.531,JPSP,external_control,2023,2,4,complete
control_10.1037/0022-3514.94.3.531,JPSP,external_control,2024,1,7,complete
control_10.1037/0022-3514.94.3.531,JPSP,external_control,2025,3,5,complete
control_10.1037/0022-3514.94.3.365,JPSP,external_control,2008,5,6,complete
control_10.1037/0022-3514.94.3.365,JPSP,external_control,2009,12,21,complete
control_10.1037/0022-3514.94.3.365,JPSP,external_control,2010,15,20,complete
control_10.1037/0022-3514.94.3.365,JPSP,external_control,2011,19,27,complete
control_10.1037/0022-3514.94.3.365,JPSP,external_control,2012,34,46,complete
control_10.1037/0022-3514.94.3.365,JPSP,external_control,2013,22,30,complete
control_10.1037/0022-3514.94.3.365,JPSP,external_control,2014,19,35,complete
control_10.1037/0022-3514.94.3.365,JPSP,external_control,2015,29,40,complete
control_10.1037/0022-3514.94.3.365,JPSP,external_control,2016,22,47,complete
control_10.1037/0022-3514.94.3.365,JPSP,external_control,2017,34,49,complete
control_10.1037/0022-3514.94.3.365,JPSP,external_control,2018,19,29,complete
control_10.1037/0022-3514.94.3.365,JPSP,external_control,2019,27,52,complete
control_10.1037/0022-3514.94.3.365,JPSP,external_control,2020,26,77,complete
control_10.1037/0022-3514.94.3.365,JPSP,external_control,2021,33,52,complete
control_10.1037/0022-3514.94.3.365,JPSP,external_control,2022,32,47,complete
control_10.1037/0022-3514.94.3.365,JPSP,external_control,2023,30,43,complete
control_10.1037/0022-3514.94.3.365,JPSP,external_control,2024,24,30,complete
control_10.1037/0022-3514.94.3.365,JPSP,external_control,2025,25,35,complete
control_10.1037/0022-3514.94.3.412,JPSP,external_control,2008,3,3,complete
control_10.1037/0022-3514.94.3.412,JPSP,external_control,2009,5,5,complete
control_10.1037/0022-3514.94.3.412,JPSP,external_control,2010,8,13,complete
control_10.1037/0022-3514.94.3.412,JPSP,external_control,2011,7,9,complete
control_10.1037/0022-3514.94.3.412,JPSP,external_control,2012,11,12,complete
control_10.1037/0022-3514.94.3.412,JPSP,external_control,2013,7,10,complete
control_10.1037/0022-3514.94.3.412,JPSP,external_control,2014,9,13,complete
control_10.1037/0022-3514.94.3.412,JPSP,external_control,2015,13,20,complete
control_10.1037/0022-3514.94.3.412,JPSP,external_control,2016,5,8,complete
control_10.1037/0022-3514.94.3.412,JPSP,external_control,2017,4,7,complete
control_10.1037/0022-3514.94.3.412,JPSP,external_control,2018,5,6,complete
control_10.1037/0022-3514.94.3.412,JPSP,external_control,2019,7,12,complete
control_10.1037/0022-3514.94.3.412,JPSP,external_control,2020,3,9,complete
control_10.1037/0022-3514.94.3.412,JPSP,external_control,2021,10,14,complete
control_10.1037/0022-3514.94.3.412,JPSP,external_control,2022,11,14,complete
control_10.1037/0022-3514.94.3.412,JPSP,external_control,2023,6,6,complete
control_10.1037/0022-3514.94.3.412,JPSP,external_control,2024,6,6,complete
control_10.1037/0022-3514.94.3.412,JPSP,external_control,2025,4,6,complete
control_10.1037/0022-3514.94.3.460,JPSP,external_control,2008,4,5,complete
control_10.1037/0022-3514.94.3.460,JPSP,external_control,2009,3,6,complete
control_10.1037/0022-3514.94.3.460,JPSP,external_control,2010,9,14,complete
control_10.1037/0022-3514.94.3.460,JPSP,external_control,2011,11,12,complete
control_10.1037/0022-3514.94.3.460,JPSP,external_control,2012,7,11,complete
control_10.1037/0022-3514.94.3.460,JPSP,external_control,2013,10,13,complete
control_10.1037/0022-3514.94.3.460,JPSP,external_control,2014,6,7,complete
control_10.1037/0022-3514.94.3.460,JPSP,external_control,2015,8,12,complete
control_10.1037/0022-3514.94.3.460,JPSP,external_control,2016,10,11,complete
control_10.1037/0022-3514.94.3.460,JPSP,external_control,2017,13,16,complete
control_10.1037/0022-3514.94.3.460,JPSP,external_control,2018,6,6,complete
control_10.1037/0022-3514.94.3.460,JPSP,external_control,2019,11,12,complete
control_10.1037/0022-3514.94.3.460,JPSP,external_control,2020,10,11,complete
control_10.1037/0022-3514.94.3.460,JPSP,external_control,2021,10,11,complete
control_10.1037/0022-3514.94.3.460,JPSP,external_control,2022,3,3,complete
control_10.1037/0022-3514.94.3.460,JPSP,external_control,2023,6,6,complete
control_10.1037/0022-3514.94.3.460,JPSP,external_control,2024,3,3,complete
control_10.1037/0022-3514.94.3.460,JPSP,external_control,2025,4,4,complete
control_10.1037/0022-3514.94.3.479,JPSP,external_control,2008,0,0,complete
control_10.1037/0022-3514.94.3.479,JPSP,external_control,2009,4,5,complete
control_10.1037/0022-3514.94.3.479,JPSP,external_control,2010,0,0,complete
control_10.1037/0022-3514.94.3.479,JPSP,external_control,2011,1,2,complete
control_10.1037/0022-3514.94.3.479,JPSP,external_control,2012,4,4,complete
control_10.1037/0022-3514.94.3.479,JPSP,external_control,2013,3,4,complete
control_10.1037/0022-3514.94.3.479,JPSP,external_control,2014,0,0,complete
control_10.1037/0022-3514.94.3.479,JPSP,external_control,2015,1,1,complete
control_10.1037/0022-3514.94.3.479,JPSP,external_control,2016,1,1,complete
control_10.1037/0022-3514.94.3.479,JPSP,external_control,2017,0,0,complete
control_10.1037/0022-3514.94.3.479,JPSP,external_control,2018,0,0,complete
control_10.1037/0022-3514.94.3.479,JPSP,external_control,2019,1,1,complete
control_10.1037/0022-3514.94.3.479,JPSP,external_control,2020,0,0,complete
control_10.1037/0022-3514.94.3.479,JPSP,external_control,2021,0,0,complete
control_10.1037/0022-3514.94.3.479,JPSP,external_control,2022,0,0,complete
control_10.1037/0022-3514.94.3.479,JPSP,external_control,2023,0,0,complete
control_10.1037/0022-3514.94.3.479,JPSP,external_control,2024,0,0,complete
control_10.1037/0022-3514.94.3.479,JPSP,external_control,2025,0,0,complete
control_10.1037/0022-3514.94.4.547,JPSP,external_control,2008,1,3,complete
control_10.1037/0022-3514.94.4.547,JPSP,external_control,2009,4,5,complete
control_10.1037/0022-3514.94.4.547,JPSP,external_control,2010,11,14,complete
control_10.1037/0022-3514.94.4.547,JPSP,external_control,2011,6,7,complete
control_10.1037/0022-3514.94.4.547,JPSP,external_control,2012,6,6,complete
control_10.1037/0022-3514.94.4.547,JPSP,external_control,2013,5,8,complete
control_10.1037/0022-3514.94.4.547,JPSP,external_control,2014,8,11,complete
control_10.1037/0022-3514.94.4.547,JPSP,external_control,2015,12,14,complete
control_10.1037/0022-3514.94.4.547,JPSP,external_control,2016,11,16,complete
control_10.1037/0022-3514.94.4.547,JPSP,external_control,2017,12,16,complete
control_10.1037/0022-3514.94.4.547,JPSP,external_control,2018,11,13,complete
control_10.1037/0022-3514.94.4.547,JPSP,external_control,2019,8,11,complete
control_10.1037/0022-3514.94.4.547,JPSP,external_control,2020,7,55,complete
control_10.1037/0022-3514.94.4.547,JPSP,external_control,2021,7,8,complete
control_10.1037/0022-3514.94.4.547,JPSP,external_control,2022,7,8,complete
control_10.1037/0022-3514.94.4.547,JPSP,external_control,2023,4,6,complete
control_10.1037/0022-3514.94.4.547,JPSP,external_control,2024,3,5,complete
control_10.1037/0022-3514.94.4.547,JPSP,external_control,2025,9,9,complete
control_10.1037/0022-3514.94.4.631,JPSP,external_control,2008,1,2,complete
control_10.1037/0022-3514.94.4.631,JPSP,external_control,2009,11,13,complete
control_10.1037/0022-3514.94.4.631,JPSP,external_control,2010,19,22,complete
control_10.1037/0022-3514.94.4.631,JPSP,external_control,2011,18,19,complete
control_10.1037/0022-3514.94.4.631,JPSP,external_control,2012,11,13,complete
control_10.1037/0022-3514.94.4.631,JPSP,external_control,2013,5,7,complete
control_10.1037/0022-3514.94.4.631,JPSP,external_control,2014,7,10,complete
control_10.1037/0022-3514.94.4.631,JPSP,external_control,2015,11,11,complete
control_10.1037/0022-3514.94.4.631,JPSP,external_control,2016,10,12,complete
control_10.1037/0022-3514.94.4.631,JPSP,external_control,2017,3,4,complete
control_10.1037/0022-3514.94.4.631,JPSP,external_control,2018,4,4,complete
control_10.1037/0022-3514.94.4.631,JPSP,external_control,2019,7,14,complete
control_10.1037/0022-3514.94.4.631,JPSP,external_control,2020,3,6,complete
control_10.1037/0022-3514.94.4.631,JPSP,external_control,2021,2,2,complete
control_10.1037/0022-3514.94.4.631,JPSP,external_control,2022,3,4,complete
control_10.1037/0022-3514.94.4.631,JPSP,external_control,2023,3,5,complete
control_10.1037/0022-3514.94.4.631,JPSP,external_control,2024,1,1,complete
control_10.1037/0022-3514.94.4.631,JPSP,external_control,2025,0,0,complete
control_10.1037/0022-3514.94.5.739,JPSP,external_control,2008,7,8,complete
control_10.1037/0022-3514.94.5.739,JPSP,external_control,2009,6,10,complete
control_10.1037/0022-3514.94.5.739,JPSP,external_control,2010,16,27,complete
control_10.1037/0022-3514.94.5.739,JPSP,external_control,2011,26,35,complete
control_10.1037/0022-3514.94.5.739,JPSP,external_control,2012,31,36,complete
control_10.1037/0022-3514.94.5.739,JPSP,external_control,2013,29,40,complete
control_10.1037/0022-3514.94.5.739,JPSP,external_control,2014,57,67,complete
control_10.1037/0022-3514.94.5.739,JPSP,external_control,2015,44,52,complete
control_10.1037/0022-3514.94.5.739,JPSP,external_control,2016,48,59,complete
control_10.1037/0022-3514.94.5.739,JPSP,external_control,2017,50,66,complete
control_10.1037/0022-3514.94.5.739,JPSP,external_control,2018,61,76,complete
control_10.1037/0022-3514.94.5.739,JPSP,external_control,2019,54,71,complete
control_10.1037/0022-3514.94.5.739,JPSP,external_control,2020,64,80,complete
control_10.1037/0022-3514.94.5.739,JPSP,external_control,2021,66,80,complete
control_10.1037/0022-3514.94.5.739,JPSP,external_control,2022,71,87,complete
control_10.1037/0022-3514.94.5.739,JPSP,external_control,2023,62,80,complete
control_10.1037/0022-3514.94.5.739,JPSP,external_control,2024,61,73,complete
control_10.1037/0022-3514.94.5.739,JPSP,external_control,2025,57,64,complete
control_10.1037/0022-3514.94.5.777,JPSP,external_control,2008,1,1,complete
control_10.1037/0022-3514.94.5.777,JPSP,external_control,2009,3,4,complete
control_10.1037/0022-3514.94.5.777,JPSP,external_control,2010,3,5,complete
control_10.1037/0022-3514.94.5.777,JPSP,external_control,2011,3,3,complete
control_10.1037/0022-3514.94.5.777,JPSP,external_control,2012,0,0,complete
control_10.1037/0022-3514.94.5.777,JPSP,external_control,2013,1,1,complete
control_10.1037/0022-3514.94.5.777,JPSP,external_control,2014,1,2,complete
control_10.1037/0022-3514.94.5.777,JPSP,external_control,2015,0,0,complete
control_10.1037/0022-3514.94.5.777,JPSP,external_control,2016,2,3,complete
control_10.1037/0022-3514.94.5.777,JPSP,external_control,2017,1,1,complete
control_10.1037/0022-3514.94.5.777,JPSP,external_control,2018,1,1,complete
control_10.1037/0022-3514.94.5.777,JPSP,external_control,2019,0,0,complete
control_10.1037/0022-3514.94.5.777,JPSP,external_control,2020,0,0,complete
control_10.1037/0022-3514.94.5.777,JPSP,external_control,2021,0,0,complete
control_10.1037/0022-3514.94.5.777,JPSP,external_control,2022,0,0,complete
control_10.1037/0022-3514.94.5.777,JPSP,external_control,2023,0,0,complete
control_10.1037/0022-3514.94.5.777,JPSP,external_control,2024,0,0,complete
control_10.1037/0022-3514.94.5.777,JPSP,external_control,2025,0,0,complete
control_10.1037/0022-3514.94.5.824,JPSP,external_control,2008,1,1,complete
control_10.1037/0022-3514.94.5.824,JPSP,external_control,2009,8,8,complete
control_10.1037/0022-3514.94.5.824,JPSP,external_control,2010,7,18,complete
control_10.1037/0022-3514.94.5.824,JPSP,external_control,2011,15,17,complete
control_10.1037/0022-3514.94.5.824,JPSP,external_control,2012,12,18,complete
control_10.1037/0022-3514.94.5.824,JPSP,external_control,2013,15,21,complete
control_10.1037/0022-3514.94.5.824,JPSP,external_control,2014,20,24,complete
control_10.1037/0022-3514.94.5.824,JPSP,external_control,2015,13,18,complete
control_10.1037/0022-3514.94.5.824,JPSP,external_control,2016,24,26,complete
control_10.1037/0022-3514.94.5.824,JPSP,external_control,2017,18,20,complete
control_10.1037/0022-3514.94.5.824,JPSP,external_control,2018,24,26,complete
control_10.1037/0022-3514.94.5.824,JPSP,external_control,2019,21,27,complete
control_10.1037/0022-3514.94.5.824,JPSP,external_control,2020,24,29,complete
control_10.1037/0022-3514.94.5.824,JPSP,external_control,2021,26,30,complete
control_10.1037/0022-3514.94.5.824,JPSP,external_control,2022,12,16,complete
control_10.1037/0022-3514.94.5.824,JPSP,external_control,2023,8,10,complete
control_10.1037/0022-3514.94.5.824,JPSP,external_control,2024,17,21,complete
control_10.1037/0022-3514.94.5.824,JPSP,external_control,2025,18,22,complete
control_10.1037/0022-3514.94.5.839,JPSP,external_control,2008,0,0,complete
control_10.1037/0022-3514.94.5.839,JPSP,external_control,2009,2,3,complete
control_10.1037/0022-3514.94.5.839,JPSP,external_control,2010,4,6,complete
control_10.1037/0022-3514.94.5.839,JPSP,external_control,2011,2,3,complete
control_10.1037/0022-3514.94.5.839,JPSP,external_control,2012,5,5,complete
control_10.1037/0022-3514.94.5.839,JPSP,external_control,2013,2,4,complete
control_10.1037/0022-3514.94.5.839,JPSP,external_control,2014,7,9,complete
control_10.1037/0022-3514.94.5.839,JPSP,external_control,2015,1,1,complete
control_10.1037/0022-3514.94.5.839,JPSP,external_control,2016,6,6,complete
control_10.1037/0022-3514.94.5.839,JPSP,external_control,2017,10,11,complete
control_10.1037/0022-3514.94.5.839,JPSP,external_control,2018,3,8,complete
control_10.1037/0022-3514.94.5.839,JPSP,external_control,2019,11,12,complete
control_10.1037/0022-3514.94.5.839,JPSP,external_control,2020,8,9,complete
control_10.1037/0022-3514.94.5.839,JPSP,external_control,2021,6,13,complete
control_10.1037/0022-3514.94.5.839,JPSP,external_control,2022,4,8,complete
control_10.1037/0022-3514.94.5.839,JPSP,external_control,2023,6,7,complete
control_10.1037/0022-3514.94.5.839,JPSP,external_control,2024,7,8,complete
control_10.1037/0022-3514.94.5.839,JPSP,external_control,2025,9,10,complete
control_10.1037/0022-3514.94.5.883,JPSP,external_control,2008,1,3,complete
control_10.1037/0022-3514.94.5.883,JPSP,external_control,2009,15,23,complete
control_10.1037/0022-3514.94.5.883,JPSP,external_control,2010,36,52,complete
control_10.1037/0022-3514.94.5.883,JPSP,external_control,2011,39,55,complete
control_10.1037/0022-3514.94.5.883,JPSP,external_control,2012,37,46,complete
control_10.1037/0022-3514.94.5.883,JPSP,external_control,2013,50,67,complete
control_10.1037/0022-3514.94.5.883,JPSP,external_control,2014,36,52,complete
control_10.1037/0022-3514.94.5.883,JPSP,external_control,2015,38,58,complete
control_10.1037/0022-3514.94.5.883,JPSP,external_control,2016,39,63,complete
control_10.1037/0022-3514.94.5.883,JPSP,external_control,2017,39,51,complete
control_10.1037/0022-3514.94.5.883,JPSP,external_control,2018,54,76,complete
control_10.1037/0022-3514.94.5.883,JPSP,external_control,2019,48,69,complete
control_10.1037/0022-3514.94.5.883,JPSP,external_control,2020,27,41,complete
control_10.1037/0022-3514.94.5.883,JPSP,external_control,2021,39,53,complete
control_10.1037/0022-3514.94.5.883,JPSP,external_control,2022,27,33,complete
control_10.1037/0022-3514.94.5.883,JPSP,external_control,2023,23,40,complete
control_10.1037/0022-3514.94.5.883,JPSP,external_control,2024,29,58,complete
control_10.1037/0022-3514.94.5.883,JPSP,external_control,2025,39,49,complete
control_10.1037/0022-3514.94.5.899,JPSP,external_control,2008,2,2,complete
control_10.1037/0022-3514.94.5.899,JPSP,external_control,2009,0,0,complete
control_10.1037/0022-3514.94.5.899,JPSP,external_control,2010,3,5,complete
control_10.1037/0022-3514.94.5.899,JPSP,external_control,2011,3,3,complete
control_10.1037/0022-3514.94.5.899,JPSP,external_control,2012,6,6,complete
control_10.1037/0022-3514.94.5.899,JPSP,external_control,2013,5,8,complete
control_10.1037/0022-3514.94.5.899,JPSP,external_control,2014,3,3,complete
control_10.1037/0022-3514.94.5.899,JPSP,external_control,2015,2,5,complete
control_10.1037/0022-3514.94.5.899,JPSP,external_control,2016,2,2,complete
control_10.1037/0022-3514.94.5.899,JPSP,external_control,2017,1,1,complete
control_10.1037/0022-3514.94.5.899,JPSP,external_control,2018,1,1,complete
control_10.1037/0022-3514.94.5.899,JPSP,external_control,2019,1,1,complete
control_10.1037/0022-3514.94.5.899,JPSP,external_control,2020,1,4,complete
control_10.1037/0022-3514.94.5.899,JPSP,external_control,2021,1,1,complete
control_10.1037/0022-3514.94.5.899,JPSP,external_control,2022,1,1,complete
control_10.1037/0022-3514.94.5.899,JPSP,external_control,2023,1,1,complete
control_10.1037/0022-3514.94.5.899,JPSP,external_control,2024,1,1,complete
control_10.1037/0022-3514.94.5.899,JPSP,external_control,2025,2,2,complete
control_10.1037/0022-3514.94.5.757,JPSP,external_control,2008,1,1,complete
control_10.1037/0022-3514.94.5.757,JPSP,external_control,2009,3,4,complete
control_10.1037/0022-3514.94.5.757,JPSP,external_control,2010,3,3,complete
control_10.1037/0022-3514.94.5.757,JPSP,external_control,2011,5,5,complete
control_10.1037/0022-3514.94.5.757,JPSP,external_control,2012,3,6,complete
control_10.1037/0022-3514.94.5.757,JPSP,external_control,2013,3,6,complete
control_10.1037/0022-3514.94.5.757,JPSP,external_control,2014,4,6,complete
control_10.1037/0022-3514.94.5.757,JPSP,external_control,2015,2,4,complete
control_10.1037/0022-3514.94.5.757,JPSP,external_control,2016,4,4,complete
control_10.1037/0022-3514.94.5.757,JPSP,external_control,2017,3,3,complete
control_10.1037/0022-3514.94.5.757,JPSP,external_control,2018,1,1,complete
control_10.1037/0022-3514.94.5.757,JPSP,external_control,2019,2,2,complete
control_10.1037/0022-3514.94.5.757,JPSP,external_control,2020,4,5,complete
control_10.1037/0022-3514.94.5.757,JPSP,external_control,2021,1,4,complete
control_10.1037/0022-3514.94.5.757,JPSP,external_control,2022,1,2,complete
control_10.1037/0022-3514.94.5.757,JPSP,external_control,2023,3,3,complete
control_10.1037/0022-3514.94.5.757,JPSP,external_control,2024,1,1,complete
control_10.1037/0022-3514.94.5.757,JPSP,external_control,2025,2,2,complete
control_10.1037/0022-3514.94.5.792,JPSP,external_control,2008,2,2,complete
control_10.1037/0022-3514.94.5.792,JPSP,external_control,2009,6,7,complete
control_10.1037/0022-3514.94.5.792,JPSP,external_control,2010,6,7,complete
control_10.1037/0022-3514.94.5.792,JPSP,external_control,2011,6,6,complete
control_10.1037/0022-3514.94.5.792,JPSP,external_control,2012,6,6,complete
control_10.1037/0022-3514.94.5.792,JPSP,external_control,2013,3,4,complete
control_10.1037/0022-3514.94.5.792,JPSP,external_control,2014,6,9,complete
control_10.1037/0022-3514.94.5.792,JPSP,external_control,2015,5,6,complete
control_10.1037/0022-3514.94.5.792,JPSP,external_control,2016,3,4,complete
control_10.1037/0022-3514.94.5.792,JPSP,external_control,2017,1,2,complete
control_10.1037/0022-3514.94.5.792,JPSP,external_control,2018,7,9,complete
control_10.1037/0022-3514.94.5.792,JPSP,external_control,2019,7,7,complete
control_10.1037/0022-3514.94.5.792,JPSP,external_control,2020,2,4,complete
control_10.1037/0022-3514.94.5.792,JPSP,external_control,2021,9,12,complete
control_10.1037/0022-3514.94.5.792,JPSP,external_control,2022,6,9,complete
control_10.1037/0022-3514.94.5.792,JPSP,external_control,2023,1,2,complete
control_10.1037/0022-3514.94.5.792,JPSP,external_control,2024,2,5,complete
control_10.1037/0022-3514.94.5.792,JPSP,external_control,2025,3,3,complete
control_10.1037/0022-3514.94.5.808,JPSP,external_control,2008,1,1,complete
control_10.1037/0022-3514.94.5.808,JPSP,external_control,2009,0,3,complete
control_10.1037/0022-3514.94.5.808,JPSP,external_control,2010,11,12,complete
control_10.1037/0022-3514.94.5.808,JPSP,external_control,2011,6,8,complete
control_10.1037/0022-3514.94.5.808,JPSP,external_control,2012,8,10,complete
control_10.1037/0022-3514.94.5.808,JPSP,external_control,2013,13,17,complete
control_10.1037/0022-3514.94.5.808,JPSP,external_control,2014,8,9,complete
control_10.1037/0022-3514.94.5.808,JPSP,external_control,2015,10,11,complete
control_10.1037/0022-3514.94.5.808,JPSP,external_control,2016,17,21,complete
control_10.1037/0022-3514.94.5.808,JPSP,external_control,2017,8,13,complete
control_10.1037/0022-3514.94.5.808,JPSP,external_control,2018,17,25,complete
control_10.1037/0022-3514.94.5.808,JPSP,external_control,2019,8,12,complete
control_10.1037/0022-3514.94.5.808,JPSP,external_control,2020,16,19,complete
control_10.1037/0022-3514.94.5.808,JPSP,external_control,2021,8,12,complete
control_10.1037/0022-3514.94.5.808,JPSP,external_control,2022,15,15,complete
control_10.1037/0022-3514.94.5.808,JPSP,external_control,2023,5,6,complete
control_10.1037/0022-3514.94.5.808,JPSP,external_control,2024,10,13,complete
control_10.1037/0022-3514.94.5.808,JPSP,external_control,2025,14,16,complete
control_10.1037/0022-3514.94.5.860,JPSP,external_control,2008,1,1,complete
control_10.1037/0022-3514.94.5.860,JPSP,external_control,2009,1,1,complete
control_10.1037/0022-3514.94.5.860,JPSP,external_control,2010,4,5,complete
control_10.1037/0022-3514.94.5.860,JPSP,external_control,2011,3,3,complete
control_10.1037/0022-3514.94.5.860,JPSP,external_control,2012,2,3,complete
control_10.1037/0022-3514.94.5.860,JPSP,external_control,2013,0,2,complete
control_10.1037/0022-3514.94.5.860,JPSP,external_control,2014,2,2,complete
control_10.1037/0022-3514.94.5.860,JPSP,external_control,2015,1,1,complete
control_10.1037/0022-3514.94.5.860,JPSP,external_control,2016,1,1,complete
control_10.1037/0022-3514.94.5.860,JPSP,external_control,2017,1,1,complete
control_10.1037/0022-3514.94.5.860,JPSP,external_control,2018,1,1,complete
control_10.1037/0022-3514.94.5.860,JPSP,external_control,2019,1,1,complete
control_10.1037/0022-3514.94.5.860,JPSP,external_control,2020,0,0,complete
control_10.1037/0022-3514.94.5.860,JPSP,external_control,2021,1,1,complete
control_10.1037/0022-3514.94.5.860,JPSP,external_control,2022,0,0,complete
control_10.1037/0022-3514.94.5.860,JPSP,external_control,2023,0,0,complete
control_10.1037/0022-3514.94.5.860,JPSP,external_control,2024,1,1,complete
control_10.1037/0022-3514.94.5.860,JPSP,external_control,2025,0,0,complete
control_10.1037/0022-3514.94.5.913,JPSP,external_control,2008,1,1,complete
control_10.1037/0022-3514.94.5.913,JPSP,external_control,2009,4,4,complete
control_10.1037/0022-3514.94.5.913,JPSP,external_control,2010,7,7,complete
control_10.1037/0022-3514.94.5.913,JPSP,external_control,2011,8,9,complete
control_10.1037/0022-3514.94.5.913,JPSP,external_control,2012,7,9,complete
control_10.1037/0022-3514.94.5.913,JPSP,external_control,2013,3,5,complete
control_10.1037/0022-3514.94.5.913,JPSP,external_control,2014,5,6,complete
control_10.1037/0022-3514.94.5.913,JPSP,external_control,2015,4,6,complete
control_10.1037/0022-3514.94.5.913,JPSP,external_control,2016,7,8,complete
control_10.1037/0022-3514.94.5.913,JPSP,external_control,2017,8,9,complete
control_10.1037/0022-3514.94.5.913,JPSP,external_control,2018,3,5,complete
control_10.1037/0022-3514.94.5.913,JPSP,external_control,2019,3,4,complete
control_10.1037/0022-3514.94.5.913,JPSP,external_control,2020,5,7,complete
control_10.1037/0022-3514.94.5.913,JPSP,external_control,2021,3,3,complete
control_10.1037/0022-3514.94.5.913,JPSP,external_control,2022,7,7,complete
control_10.1037/0022-3514.94.5.913,JPSP,external_control,2023,7,8,complete
control_10.1037/0022-3514.94.5.913,JPSP,external_control,2024,9,9,complete
control_10.1037/0022-3514.94.5.913,JPSP,external_control,2025,3,3,complete
control_10.1037/0022-3514.94.6.1007,JPSP,external_control,2008,0,0,complete
control_10.1037/0022-3514.94.6.1007,JPSP,external_control,2009,9,11,complete
control_10.1037/0022-3514.94.6.1007,JPSP,external_control,2010,15,19,complete
control_10.1037/0022-3514.94.6.1007,JPSP,external_control,2011,12,20,complete
control_10.1037/0022-3514.94.6.1007,JPSP,external_control,2012,26,31,complete
control_10.1037/0022-3514.94.6.1007,JPSP,external_control,2013,16,22,complete
control_10.1037/0022-3514.94.6.1007,JPSP,external_control,2014,24,32,complete
control_10.1037/0022-3514.94.6.1007,JPSP,external_control,2015,22,32,complete
control_10.1037/0022-3514.94.6.1007,JPSP,external_control,2016,26,32,complete
control_10.1037/0022-3514.94.6.1007,JPSP,external_control,2017,34,41,complete
control_10.1037/0022-3514.94.6.1007,JPSP,external_control,2018,29,43,complete
control_10.1037/0022-3514.94.6.1007,JPSP,external_control,2019,39,48,complete
control_10.1037/0022-3514.94.6.1007,JPSP,external_control,2020,27,37,complete
control_10.1037/0022-3514.94.6.1007,JPSP,external_control,2021,44,67,complete
control_10.1037/0022-3514.94.6.1007,JPSP,external_control,2022,40,47,complete
control_10.1037/0022-3514.94.6.1007,JPSP,external_control,2023,31,38,complete
control_10.1037/0022-3514.94.6.1007,JPSP,external_control,2024,36,45,complete
control_10.1037/0022-3514.94.6.1007,JPSP,external_control,2025,33,38,complete
control_10.1037/0022-3514.94.6.1018,JPSP,external_control,2008,1,1,complete
control_10.1037/0022-3514.94.6.1018,JPSP,external_control,2009,2,2,complete
control_10.1037/0022-3514.94.6.1018,JPSP,external_control,2010,9,13,complete
control_10.1037/0022-3514.94.6.1018,JPSP,external_control,2011,5,8,complete
control_10.1037/0022-3514.94.6.1018,JPSP,external_control,2012,5,7,complete
control_10.1037/0022-3514.94.6.1018,JPSP,external_control,2013,1,1,complete
control_10.1037/0022-3514.94.6.1018,JPSP,external_control,2014,1,2,complete
control_10.1037/0022-3514.94.6.1018,JPSP,external_control,2015,2,2,complete
control_10.1037/0022-3514.94.6.1018,JPSP,external_control,2016,2,2,complete
control_10.1037/0022-3514.94.6.1018,JPSP,external_control,2017,1,2,complete
control_10.1037/0022-3514.94.6.1018,JPSP,external_control,2018,0,0,complete
control_10.1037/0022-3514.94.6.1018,JPSP,external_control,2019,1,1,complete
control_10.1037/0022-3514.94.6.1018,JPSP,external_control,2020,0,0,complete
control_10.1037/0022-3514.94.6.1018,JPSP,external_control,2021,1,2,complete
control_10.1037/0022-3514.94.6.1018,JPSP,external_control,2022,3,3,complete
control_10.1037/0022-3514.94.6.1018,JPSP,external_control,2023,0,1,complete
control_10.1037/0022-3514.94.6.1018,JPSP,external_control,2024,2,2,complete
control_10.1037/0022-3514.94.6.1018,JPSP,external_control,2025,0,0,complete
control_10.1037/0022-3514.94.6.1033,JPSP,external_control,2008,2,2,complete
control_10.1037/0022-3514.94.6.1033,JPSP,external_control,2009,7,7,complete
control_10.1037/0022-3514.94.6.1033,JPSP,external_control,2010,9,11,complete
control_10.1037/0022-3514.94.6.1033,JPSP,external_control,2011,15,17,complete
control_10.1037/0022-3514.94.6.1033,JPSP,external_control,2012,8,9,complete
control_10.1037/0022-3514.94.6.1033,JPSP,external_control,2013,21,23,complete
control_10.1037/0022-3514.94.6.1033,JPSP,external_control,2014,22,27,complete
control_10.1037/0022-3514.94.6.1033,JPSP,external_control,2015,25,27,complete
control_10.1037/0022-3514.94.6.1033,JPSP,external_control,2016,23,27,complete
control_10.1037/0022-3514.94.6.1033,JPSP,external_control,2017,27,32,complete
control_10.1037/0022-3514.94.6.1033,JPSP,external_control,2018,27,34,complete
control_10.1037/0022-3514.94.6.1033,JPSP,external_control,2019,34,47,complete
control_10.1037/0022-3514.94.6.1033,JPSP,external_control,2020,25,39,complete
control_10.1037/0022-3514.94.6.1033,JPSP,external_control,2021,33,47,complete
control_10.1037/0022-3514.94.6.1033,JPSP,external_control,2022,22,32,complete
control_10.1037/0022-3514.94.6.1033,JPSP,external_control,2023,27,34,complete
control_10.1037/0022-3514.94.6.1033,JPSP,external_control,2024,17,23,complete
control_10.1037/0022-3514.94.6.1033,JPSP,external_control,2025,23,28,complete
control_10.1037/0022-3514.94.6.1048,JPSP,external_control,2008,1,1,complete
control_10.1037/0022-3514.94.6.1048,JPSP,external_control,2009,4,15,complete
control_10.1037/0022-3514.94.6.1048,JPSP,external_control,2010,3,6,complete
control_10.1037/0022-3514.94.6.1048,JPSP,external_control,2011,3,6,complete
control_10.1037/0022-3514.94.6.1048,JPSP,external_control,2012,4,7,complete
control_10.1037/0022-3514.94.6.1048,JPSP,external_control,2013,5,5,complete
control_10.1037/0022-3514.94.6.1048,JPSP,external_control,2014,4,4,complete
control_10.1037/0022-3514.94.6.1048,JPSP,external_control,2015,6,8,complete
control_10.1037/0022-3514.94.6.1048,JPSP,external_control,2016,2,3,complete
control_10.1037/0022-3514.94.6.1048,JPSP,external_control,2017,3,39,complete
control_10.1037/0022-3514.94.6.1048,JPSP,external_control,2018,1,3,complete
control_10.1037/0022-3514.94.6.1048,JPSP,external_control,2019,3,4,complete
control_10.1037/0022-3514.94.6.1048,JPSP,external_control,2020,0,1,complete
control_10.1037/0022-3514.94.6.1048,JPSP,external_control,2021,1,2,complete
control_10.1037/0022-3514.94.6.1048,JPSP,external_control,2022,1,1,complete
control_10.1037/0022-3514.94.6.1048,JPSP,external_control,2023,0,0,complete
control_10.1037/0022-3514.94.6.1048,JPSP,external_control,2024,2,4,complete
control_10.1037/0022-3514.94.6.1048,JPSP,external_control,2025,0,0,complete
control_10.1037/0022-3514.94.6.1062,JPSP,external_control,2008,0,0,complete
control_10.1037/0022-3514.94.6.1062,JPSP,external_control,2009,4,5,complete
control_10.1037/0022-3514.94.6.1062,JPSP,external_control,2010,11,13,complete
control_10.1037/0022-3514.94.6.1062,JPSP,external_control,2011,12,16,complete
control_10.1037/0022-3514.94.6.1062,JPSP,external_control,2012,6,9,complete
control_10.1037/0022-3514.94.6.1062,JPSP,external_control,2013,7,7,complete
control_10.1037/0022-3514.94.6.1062,JPSP,external_control,2014,6,7,complete
control_10.1037/0022-3514.94.6.1062,JPSP,external_control,2015,13,15,complete
control_10.1037/0022-3514.94.6.1062,JPSP,external_control,2016,5,9,complete
control_10.1037/0022-3514.94.6.1062,JPSP,external_control,2017,2,2,complete
control_10.1037/0022-3514.94.6.1062,JPSP,external_control,2018,7,11,complete
control_10.1037/0022-3514.94.6.1062,JPSP,external_control,2019,4,6,complete
control_10.1037/0022-3514.94.6.1062,JPSP,external_control,2020,4,20,complete
control_10.1037/0022-3514.94.6.1062,JPSP,external_control,2021,1,1,complete
control_10.1037/0022-3514.94.6.1062,JPSP,external_control,2022,2,3,complete
control_10.1037/0022-3514.94.6.1062,JPSP,external_control,2023,2,3,complete
control_10.1037/0022-3514.94.6.1062,JPSP,external_control,2024,3,4,complete
control_10.1037/0022-3514.94.6.1062,JPSP,external_control,2025,1,1,complete
control_10.1037/0022-3514.94.6.925,JPSP,external_control,2008,1,2,complete
control_10.1037/0022-3514.94.6.925,JPSP,external_control,2009,6,6,complete
control_10.1037/0022-3514.94.6.925,JPSP,external_control,2010,15,18,complete
control_10.1037/0022-3514.94.6.925,JPSP,external_control,2011,14,19,complete
control_10.1037/0022-3514.94.6.925,JPSP,external_control,2012,23,27,complete
control_10.1037/0022-3514.94.6.925,JPSP,external_control,2013,32,42,complete
control_10.1037/0022-3514.94.6.925,JPSP,external_control,2014,23,28,complete
control_10.1037/0022-3514.94.6.925,JPSP,external_control,2015,25,31,complete
control_10.1037/0022-3514.94.6.925,JPSP,external_control,2016,33,41,complete
control_10.1037/0022-3514.94.6.925,JPSP,external_control,2017,34,44,complete
control_10.1037/0022-3514.94.6.925,JPSP,external_control,2018,39,53,complete
control_10.1037/0022-3514.94.6.925,JPSP,external_control,2019,59,68,complete
control_10.1037/0022-3514.94.6.925,JPSP,external_control,2020,46,64,complete
control_10.1037/0022-3514.94.6.925,JPSP,external_control,2021,63,73,complete
control_10.1037/0022-3514.94.6.925,JPSP,external_control,2022,62,82,complete
control_10.1037/0022-3514.94.6.925,JPSP,external_control,2023,72,92,complete
control_10.1037/0022-3514.94.6.925,JPSP,external_control,2024,74,93,complete
control_10.1037/0022-3514.94.6.925,JPSP,external_control,2025,87,92,complete
control_10.1037/0022-3514.94.6.938,JPSP,external_control,2008,0,0,complete
control_10.1037/0022-3514.94.6.938,JPSP,external_control,2009,0,1,complete
control_10.1037/0022-3514.94.6.938,JPSP,external_control,2010,2,4,complete
control_10.1037/0022-3514.94.6.938,JPSP,external_control,2011,2,4,complete
control_10.1037/0022-3514.94.6.938,JPSP,external_control,2012,6,9,complete
control_10.1037/0022-3514.94.6.938,JPSP,external_control,2013,7,9,complete
control_10.1037/0022-3514.94.6.938,JPSP,external_control,2014,9,10,complete
control_10.1037/0022-3514.94.6.938,JPSP,external_control,2015,3,8,complete
control_10.1037/0022-3514.94.6.938,JPSP,external_control,2016,5,6,complete
control_10.1037/0022-3514.94.6.938,JPSP,external_control,2017,3,3,complete
control_10.1037/0022-3514.94.6.938,JPSP,external_control,2018,5,10,complete
control_10.1037/0022-3514.94.6.938,JPSP,external_control,2019,5,7,complete
control_10.1037/0022-3514.94.6.938,JPSP,external_control,2020,4,5,complete
control_10.1037/0022-3514.94.6.938,JPSP,external_control,2021,6,7,complete
control_10.1037/0022-3514.94.6.938,JPSP,external_control,2022,8,9,complete
control_10.1037/0022-3514.94.6.938,JPSP,external_control,2023,5,7,complete
control_10.1037/0022-3514.94.6.938,JPSP,external_control,2024,3,3,complete
control_10.1037/0022-3514.94.6.938,JPSP,external_control,2025,3,4,complete
control_10.1037/0022-3514.94.6.956,JPSP,external_control,2008,0,0,complete
control_10.1037/0022-3514.94.6.956,JPSP,external_control,2009,5,5,complete
control_10.1037/0022-3514.94.6.956,JPSP,external_control,2010,12,13,complete
control_10.1037/0022-3514.94.6.956,JPSP,external_control,2011,9,14,complete
control_10.1037/0022-3514.94.6.956,JPSP,external_control,2012,9,11,complete
control_10.1037/0022-3514.94.6.956,JPSP,external_control,2013,10,10,complete
control_10.1037/0022-3514.94.6.956,JPSP,external_control,2014,6,7,complete
control_10.1037/0022-3514.94.6.956,JPSP,external_control,2015,5,7,complete
control_10.1037/0022-3514.94.6.956,JPSP,external_control,2016,8,9,complete
control_10.1037/0022-3514.94.6.956,JPSP,external_control,2017,13,15,complete
control_10.1037/0022-3514.94.6.956,JPSP,external_control,2018,7,9,complete
control_10.1037/0022-3514.94.6.956,JPSP,external_control,2019,13,17,complete
control_10.1037/0022-3514.94.6.956,JPSP,external_control,2020,10,12,complete
control_10.1037/0022-3514.94.6.956,JPSP,external_control,2021,6,6,complete
control_10.1037/0022-3514.94.6.956,JPSP,external_control,2022,9,10,complete
control_10.1037/0022-3514.94.6.956,JPSP,external_control,2023,4,6,complete
control_10.1037/0022-3514.94.6.956,JPSP,external_control,2024,4,6,complete
control_10.1037/0022-3514.94.6.956,JPSP,external_control,2025,4,7,complete
control_10.1037/0022-3514.94.6.971,JPSP,external_control,2008,0,0,complete
control_10.1037/0022-3514.94.6.971,JPSP,external_control,2009,6,8,complete
control_10.1037/0022-3514.94.6.971,JPSP,external_control,2010,5,10,complete
control_10.1037/0022-3514.94.6.971,JPSP,external_control,2011,12,12,complete
control_10.1037/0022-3514.94.6.971,JPSP,external_control,2012,6,10,complete
control_10.1037/0022-3514.94.6.971,JPSP,external_control,2013,7,11,complete
control_10.1037/0022-3514.94.6.971,JPSP,external_control,2014,7,12,complete
control_10.1037/0022-3514.94.6.971,JPSP,external_control,2015,6,10,complete
control_10.1037/0022-3514.94.6.971,JPSP,external_control,2016,5,10,complete
control_10.1037/0022-3514.94.6.971,JPSP,external_control,2017,5,8,complete
control_10.1037/0022-3514.94.6.971,JPSP,external_control,2018,2,4,complete
control_10.1037/0022-3514.94.6.971,JPSP,external_control,2019,5,5,complete
control_10.1037/0022-3514.94.6.971,JPSP,external_control,2020,7,9,complete
control_10.1037/0022-3514.94.6.971,JPSP,external_control,2021,5,7,complete
control_10.1037/0022-3514.94.6.971,JPSP,external_control,2022,4,4,complete
control_10.1037/0022-3514.94.6.971,JPSP,external_control,2023,8,13,complete
control_10.1037/0022-3514.94.6.971,JPSP,external_control,2024,8,14,complete
control_10.1037/0022-3514.94.6.971,JPSP,external_control,2025,4,16,complete
control_10.1037/0022-3514.94.6.988,JPSP,external_control,2008,0,0,complete
control_10.1037/0022-3514.94.6.988,JPSP,external_control,2009,7,17,complete
control_10.1037/0022-3514.94.6.988,JPSP,external_control,2010,9,11,complete
control_10.1037/0022-3514.94.6.988,JPSP,external_control,2011,12,16,complete
control_10.1037/0022-3514.94.6.988,JPSP,external_control,2012,14,24,complete
control_10.1037/0022-3514.94.6.988,JPSP,external_control,2013,20,25,complete
control_10.1037/0022-3514.94.6.988,JPSP,external_control,2014,10,12,complete
control_10.1037/0022-3514.94.6.988,JPSP,external_control,2015,17,21,complete
control_10.1037/0022-3514.94.6.988,JPSP,external_control,2016,9,11,complete
control_10.1037/0022-3514.94.6.988,JPSP,external_control,2017,20,59,complete
control_10.1037/0022-3514.94.6.988,JPSP,external_control,2018,11,13,complete
control_10.1037/0022-3514.94.6.988,JPSP,external_control,2019,12,18,complete
control_10.1037/0022-3514.94.6.988,JPSP,external_control,2020,11,17,complete
control_10.1037/0022-3514.94.6.988,JPSP,external_control,2021,9,11,complete
control_10.1037/0022-3514.94.6.988,JPSP,external_control,2022,14,18,complete
control_10.1037/0022-3514.94.6.988,JPSP,external_control,2023,6,9,complete
control_10.1037/0022-3514.94.6.988,JPSP,external_control,2024,9,10,complete
control_10.1037/0022-3514.94.6.988,JPSP,external_control,2025,3,5,complete
control_10.1037/0022-3514.94.6.1078,JPSP,external_control,2008,2,3,complete
control_10.1037/0022-3514.94.6.1078,JPSP,external_control,2009,12,12,complete
control_10.1037/0022-3514.94.6.1078,JPSP,external_control,2010,18,21,complete
control_10.1037/0022-3514.94.6.1078,JPSP,external_control,2011,12,16,complete
control_10.1037/0022-3514.94.6.1078,JPSP,external_control,2012,18,25,complete
control_10.1037/0022-3514.94.6.1078,JPSP,external_control,2013,17,18,complete
control_10.1037/0022-3514.94.6.1078,JPSP,external_control,2014,18,26,complete
control_10.1037/0022-3514.94.6.1078,JPSP,external_control,2015,27,29,complete
control_10.1037/0022-3514.94.6.1078,JPSP,external_control,2016,19,24,complete
control_10.1037/0022-3514.94.6.1078,JPSP,external_control,2017,16,19,complete
control_10.1037/0022-3514.94.6.1078,JPSP,external_control,2018,16,19,complete
control_10.1037/0022-3514.94.6.1078,JPSP,external_control,2019,8,10,complete
control_10.1037/0022-3514.94.6.1078,JPSP,external_control,2020,11,23,complete
control_10.1037/0022-3514.94.6.1078,JPSP,external_control,2021,8,10,complete
control_10.1037/0022-3514.94.6.1078,JPSP,external_control,2022,8,9,complete
control_10.1037/0022-3514.94.6.1078,JPSP,external_control,2023,10,17,complete
control_10.1037/0022-3514.94.6.1078,JPSP,external_control,2024,4,19,complete
control_10.1037/0022-3514.94.6.1078,JPSP,external_control,2025,4,8,complete
control_10.1037/0022-3514.95.1.111,JPSP,external_control,2008,5,7,complete
control_10.1037/0022-3514.95.1.111,JPSP,external_control,2009,11,12,complete
control_10.1037/0022-3514.95.1.111,JPSP,external_control,2010,21,28,complete
control_10.1037/0022-3514.95.1.111,JPSP,external_control,2011,30,35,complete
control_10.1037/0022-3514.95.1.111,JPSP,external_control,2012,28,57,complete
control_10.1037/0022-3514.95.1.111,JPSP,external_control,2013,28,39,complete
control_10.1037/0022-3514.95.1.111,JPSP,external_control,2014,37,51,complete
control_10.1037/0022-3514.95.1.111,JPSP,external_control,2015,36,54,complete
control_10.1037/0022-3514.95.1.111,JPSP,external_control,2016,40,45,complete
control_10.1037/0022-3514.95.1.111,JPSP,external_control,2017,29,38,complete
control_10.1037/0022-3514.95.1.111,JPSP,external_control,2018,31,41,complete
control_10.1037/0022-3514.95.1.111,JPSP,external_control,2019,54,57,complete
control_10.1037/0022-3514.95.1.111,JPSP,external_control,2020,30,37,complete
control_10.1037/0022-3514.95.1.111,JPSP,external_control,2021,42,46,complete
control_10.1037/0022-3514.95.1.111,JPSP,external_control,2022,45,53,complete
control_10.1037/0022-3514.95.1.111,JPSP,external_control,2023,30,40,complete
control_10.1037/0022-3514.95.1.111,JPSP,external_control,2024,44,64,complete
control_10.1037/0022-3514.95.1.111,JPSP,external_control,2025,40,47,complete
control_10.1037/0022-3514.95.1.144,JPSP,external_control,2008,5,5,complete
control_10.1037/0022-3514.95.1.144,JPSP,external_control,2009,6,10,complete
control_10.1037/0022-3514.95.1.144,JPSP,external_control,2010,20,34,complete
control_10.1037/0022-3514.95.1.144,JPSP,external_control,2011,39,42,complete
control_10.1037/0022-3514.95.1.144,JPSP,external_control,2012,45,50,complete
control_10.1037/0022-3514.95.1.144,JPSP,external_control,2013,46,59,complete
control_10.1037/0022-3514.95.1.144,JPSP,external_control,2014,56,66,complete
control_10.1037/0022-3514.95.1.144,JPSP,external_control,2015,72,85,complete
control_10.1037/0022-3514.95.1.144,JPSP,external_control,2016,66,81,complete
control_10.1037/0022-3514.95.1.144,JPSP,external_control,2017,89,109,complete
control_10.1037/0022-3514.95.1.144,JPSP,external_control,2018,84,103,complete
control_10.1037/0022-3514.95.1.144,JPSP,external_control,2019,116,156,complete
control_10.1037/0022-3514.95.1.144,JPSP,external_control,2020,88,118,complete
control_10.1037/0022-3514.95.1.144,JPSP,external_control,2021,106,136,complete
control_10.1037/0022-3514.95.1.144,JPSP,external_control,2022,136,161,complete
control_10.1037/0022-3514.95.1.144,JPSP,external_control,2023,121,168,complete
control_10.1037/0022-3514.95.1.144,JPSP,external_control,2024,134,183,complete
control_10.1037/0022-3514.95.1.144,JPSP,external_control,2025,147,170,complete
control_10.1037/0022-3514.95.1.181,JPSP,external_control,2008,1,1,complete
control_10.1037/0022-3514.95.1.181,JPSP,external_control,2009,8,8,complete
control_10.1037/0022-3514.95.1.181,JPSP,external_control,2010,5,10,complete
control_10.1037/0022-3514.95.1.181,JPSP,external_control,2011,7,9,complete
control_10.1037/0022-3514.95.1.181,JPSP,external_control,2012,10,15,complete
control_10.1037/0022-3514.95.1.181,JPSP,external_control,2013,9,13,complete
control_10.1037/0022-3514.95.1.181,JPSP,external_control,2014,13,15,complete
control_10.1037/0022-3514.95.1.181,JPSP,external_control,2015,9,13,complete
control_10.1037/0022-3514.95.1.181,JPSP,external_control,2016,13,15,complete
control_10.1037/0022-3514.95.1.181,JPSP,external_control,2017,16,19,complete
control_10.1037/0022-3514.95.1.181,JPSP,external_control,2018,8,13,complete
control_10.1037/0022-3514.95.1.181,JPSP,external_control,2019,12,15,complete
control_10.1037/0022-3514.95.1.181,JPSP,external_control,2020,13,19,complete
control_10.1037/0022-3514.95.1.181,JPSP,external_control,2021,11,15,complete
control_10.1037/0022-3514.95.1.181,JPSP,external_control,2022,14,17,complete
control_10.1037/0022-3514.95.1.181,JPSP,external_control,2023,13,19,complete
control_10.1037/0022-3514.95.1.181,JPSP,external_control,2024,7,8,complete
control_10.1037/0022-3514.95.1.181,JPSP,external_control,2025,10,13,complete
control_10.1037/0022-3514.95.1.1,JPSP,external_control,2008,0,0,complete
control_10.1037/0022-3514.95.1.1,JPSP,external_control,2009,3,5,complete
control_10.1037/0022-3514.95.1.1,JPSP,external_control,2010,0,0,complete
control_10.1037/0022-3514.95.1.1,JPSP,external_control,2011,4,4,complete
control_10.1037/0022-3514.95.1.1,JPSP,external_control,2012,1,1,complete
control_10.1037/0022-3514.95.1.1,JPSP,external_control,2013,1,4,complete
control_10.1037/0022-3514.95.1.1,JPSP,external_control,2014,2,3,complete
control_10.1037/0022-3514.95.1.1,JPSP,external_control,2015,1,1,complete
control_10.1037/0022-3514.95.1.1,JPSP,external_control,2016,0,0,complete
control_10.1037/0022-3514.95.1.1,JPSP,external_control,2017,1,1,complete
control_10.1037/0022-3514.95.1.1,JPSP,external_control,2018,4,5,complete
control_10.1037/0022-3514.95.1.1,JPSP,external_control,2019,0,0,complete
control_10.1037/0022-3514.95.1.1,JPSP,external_control,2020,1,2,complete
control_10.1037/0022-3514.95.1.1,JPSP,external_control,2021,1,1,complete
control_10.1037/0022-3514.95.1.1,JPSP,external_control,2022,0,0,complete
control_10.1037/0022-3514.95.1.1,JPSP,external_control,2023,0,0,complete
control_10.1037/0022-3514.95.1.1,JPSP,external_control,2024,0,1,complete
control_10.1037/0022-3514.95.1.1,JPSP,external_control,2025,3,3,complete
control_10.1037/0022-3514.95.1.128,JPSP,external_control,2008,2,2,complete
control_10.1037/0022-3514.95.1.128,JPSP,external_control,2009,1,7,complete
control_10.1037/0022-3514.95.1.128,JPSP,external_control,2010,3,6,complete
control_10.1037/0022-3514.95.1.128,JPSP,external_control,2011,7,7,complete
control_10.1037/0022-3514.95.1.128,JPSP,external_control,2012,3,5,complete
control_10.1037/0022-3514.95.1.128,JPSP,external_control,2013,7,9,complete
control_10.1037/0022-3514.95.1.128,JPSP,external_control,2014,10,14,complete
control_10.1037/0022-3514.95.1.128,JPSP,external_control,2015,10,12,complete
control_10.1037/0022-3514.95.1.128,JPSP,external_control,2016,11,17,complete
control_10.1037/0022-3514.95.1.128,JPSP,external_control,2017,16,20,complete
control_10.1037/0022-3514.95.1.128,JPSP,external_control,2018,13,17,complete
control_10.1037/0022-3514.95.1.128,JPSP,external_control,2019,6,6,complete
control_10.1037/0022-3514.95.1.128,JPSP,external_control,2020,9,16,complete
control_10.1037/0022-3514.95.1.128,JPSP,external_control,2021,13,18,complete
control_10.1037/0022-3514.95.1.128,JPSP,external_control,2022,11,15,complete
control_10.1037/0022-3514.95.1.128,JPSP,external_control,2023,9,16,complete
control_10.1037/0022-3514.95.1.128,JPSP,external_control,2024,13,16,complete
control_10.1037/0022-3514.95.1.128,JPSP,external_control,2025,14,16,complete
control_10.1037/0022-3514.95.1.166,JPSP,external_control,2008,2,2,complete
control_10.1037/0022-3514.95.1.166,JPSP,external_control,2009,4,4,complete
control_10.1037/0022-3514.95.1.166,JPSP,external_control,2010,6,7,complete
control_10.1037/0022-3514.95.1.166,JPSP,external_control,2011,10,11,complete
control_10.1037/0022-3514.95.1.166,JPSP,external_control,2012,4,7,complete
control_10.1037/0022-3514.95.1.166,JPSP,external_control,2013,5,6,complete
control_10.1037/0022-3514.95.1.166,JPSP,external_control,2014,5,5,complete
control_10.1037/0022-3514.95.1.166,JPSP,external_control,2015,8,10,complete
control_10.1037/0022-3514.95.1.166,JPSP,external_control,2016,11,13,complete
control_10.1037/0022-3514.95.1.166,JPSP,external_control,2017,3,3,complete
control_10.1037/0022-3514.95.1.166,JPSP,external_control,2018,6,6,complete
control_10.1037/0022-3514.95.1.166,JPSP,external_control,2019,2,8,complete
control_10.1037/0022-3514.95.1.166,JPSP,external_control,2020,1,1,complete
control_10.1037/0022-3514.95.1.166,JPSP,external_control,2021,6,6,complete
control_10.1037/0022-3514.95.1.166,JPSP,external_control,2022,4,4,complete
control_10.1037/0022-3514.95.1.166,JPSP,external_control,2023,4,4,complete
control_10.1037/0022-3514.95.1.166,JPSP,external_control,2024,4,4,complete
control_10.1037/0022-3514.95.1.166,JPSP,external_control,2025,2,2,complete
control_10.1037/0022-3514.95.1.197,JPSP,external_control,2008,1,1,complete
control_10.1037/0022-3514.95.1.197,JPSP,external_control,2009,6,6,complete
control_10.1037/0022-3514.95.1.197,JPSP,external_control,2010,12,16,complete
control_10.1037/0022-3514.95.1.197,JPSP,external_control,2011,9,12,complete
control_10.1037/0022-3514.95.1.197,JPSP,external_control,2012,12,16,complete
control_10.1037/0022-3514.95.1.197,JPSP,external_control,2013,14,16,complete
control_10.1037/0022-3514.95.1.197,JPSP,external_control,2014,11,13,complete
control_10.1037/0022-3514.95.1.197,JPSP,external_control,2015,15,18,complete
control_10.1037/0022-3514.95.1.197,JPSP,external_control,2016,9,13,complete
control_10.1037/0022-3514.95.1.197,JPSP,external_control,2017,14,19,complete
control_10.1037/0022-3514.95.1.197,JPSP,external_control,2018,6,9,complete
control_10.1037/0022-3514.95.1.197,JPSP,external_control,2019,5,10,complete
control_10.1037/0022-3514.95.1.197,JPSP,external_control,2020,12,13,complete
control_10.1037/0022-3514.95.1.197,JPSP,external_control,2021,11,13,complete
control_10.1037/0022-3514.95.1.197,JPSP,external_control,2022,7,16,complete
control_10.1037/0022-3514.95.1.197,JPSP,external_control,2023,8,8,complete
control_10.1037/0022-3514.95.1.197,JPSP,external_control,2024,8,11,complete
control_10.1037/0022-3514.95.1.197,JPSP,external_control,2025,9,9,complete
control_10.1037/0022-3514.95.1.212,JPSP,external_control,2008,5,5,complete
control_10.1037/0022-3514.95.1.212,JPSP,external_control,2009,21,22,complete
control_10.1037/0022-3514.95.1.212,JPSP,external_control,2010,20,25,complete
control_10.1037/0022-3514.95.1.212,JPSP,external_control,2011,25,25,complete
control_10.1037/0022-3514.95.1.212,JPSP,external_control,2012,20,54,complete
control_10.1037/0022-3514.95.1.212,JPSP,external_control,2013,29,35,complete
control_10.1037/0022-3514.95.1.212,JPSP,external_control,2014,25,36,complete
control_10.1037/0022-3514.95.1.212,JPSP,external_control,2015,24,34,complete
control_10.1037/0022-3514.95.1.212,JPSP,external_control,2016,29,36,complete
control_10.1037/0022-3514.95.1.212,JPSP,external_control,2017,21,28,complete
control_10.1037/0022-3514.95.1.212,JPSP,external_control,2018,29,36,complete
control_10.1037/0022-3514.95.1.212,JPSP,external_control,2019,18,29,complete
control_10.1037/0022-3514.95.1.212,JPSP,external_control,2020,48,71,complete
control_10.1037/0022-3514.95.1.212,JPSP,external_control,2021,48,71,complete
control_10.1037/0022-3514.95.1.212,JPSP,external_control,2022,31,45,complete
control_10.1037/0022-3514.95.1.212,JPSP,external_control,2023,29,38,complete
control_10.1037/0022-3514.95.1.212,JPSP,external_control,2024,27,33,complete
control_10.1037/0022-3514.95.1.212,JPSP,external_control,2025,23,25,complete
control_10.1037/0022-3514.95.1.222,JPSP,external_control,2008,0,0,complete
control_10.1037/0022-3514.95.1.222,JPSP,external_control,2009,1,2,complete
control_10.1037/0022-3514.95.1.222,JPSP,external_control,2010,3,7,complete
control_10.1037/0022-3514.95.1.222,JPSP,external_control,2011,4,5,complete
control_10.1037/0022-3514.95.1.222,JPSP,external_control,2012,7,13,complete
control_10.1037/0022-3514.95.1.222,JPSP,external_control,2013,4,6,complete
control_10.1037/0022-3514.95.1.222,JPSP,external_control,2014,2,5,complete
control_10.1037/0022-3514.95.1.222,JPSP,external_control,2015,0,2,complete
control_10.1037/0022-3514.95.1.222,JPSP,external_control,2016,2,5,complete
control_10.1037/0022-3514.95.1.222,JPSP,external_control,2017,1,2,complete
control_10.1037/0022-3514.95.1.222,JPSP,external_control,2018,2,2,complete
control_10.1037/0022-3514.95.1.222,JPSP,external_control,2019,1,2,complete
control_10.1037/0022-3514.95.1.222,JPSP,external_control,2020,3,45,complete
control_10.1037/0022-3514.95.1.222,JPSP,external_control,2021,3,3,complete
control_10.1037/0022-3514.95.1.222,JPSP,external_control,2022,3,4,complete
control_10.1037/0022-3514.95.1.222,JPSP,external_control,2023,0,0,complete
control_10.1037/0022-3514.95.1.222,JPSP,external_control,2024,0,0,complete
control_10.1037/0022-3514.95.1.222,JPSP,external_control,2025,1,1,complete
control_10.1037/0022-3514.95.1.36,JPSP,external_control,2008,0,0,complete
control_10.1037/0022-3514.95.1.36,JPSP,external_control,2009,9,10,complete
control_10.1037/0022-3514.95.1.36,JPSP,external_control,2010,4,5,complete
control_10.1037/0022-3514.95.1.36,JPSP,external_control,2011,10,10,complete
control_10.1037/0022-3514.95.1.36,JPSP,external_control,2012,15,18,complete
control_10.1037/0022-3514.95.1.36,JPSP,external_control,2013,9,11,complete
control_10.1037/0022-3514.95.1.36,JPSP,external_control,2014,13,14,complete
control_10.1037/0022-3514.95.1.36,JPSP,external_control,2015,17,18,complete
control_10.1037/0022-3514.95.1.36,JPSP,external_control,2016,20,21,complete
control_10.1037/0022-3514.95.1.36,JPSP,external_control,2017,15,18,complete
control_10.1037/0022-3514.95.1.36,JPSP,external_control,2018,12,14,complete
control_10.1037/0022-3514.95.1.36,JPSP,external_control,2019,18,26,complete
control_10.1037/0022-3514.95.1.36,JPSP,external_control,2020,12,16,complete
control_10.1037/0022-3514.95.1.36,JPSP,external_control,2021,14,17,complete
control_10.1037/0022-3514.95.1.36,JPSP,external_control,2022,13,17,complete
control_10.1037/0022-3514.95.1.36,JPSP,external_control,2023,16,24,complete
control_10.1037/0022-3514.95.1.36,JPSP,external_control,2024,24,33,complete
control_10.1037/0022-3514.95.1.36,JPSP,external_control,2025,14,18,complete
control_10.1037/0022-3514.95.1.50,JPSP,external_control,2008,0,0,complete
control_10.1037/0022-3514.95.1.50,JPSP,external_control,2009,0,1,complete
control_10.1037/0022-3514.95.1.50,JPSP,external_control,2010,6,8,complete
control_10.1037/0022-3514.95.1.50,JPSP,external_control,2011,4,7,complete
control_10.1037/0022-3514.95.1.50,JPSP,external_control,2012,3,3,complete
control_10.1037/0022-3514.95.1.50,JPSP,external_control,2013,4,5,complete
control_10.1037/0022-3514.95.1.50,JPSP,external_control,2014,2,3,complete
control_10.1037/0022-3514.95.1.50,JPSP,external_control,2015,3,3,complete
control_10.1037/0022-3514.95.1.50,JPSP,external_control,2016,2,3,complete
control_10.1037/0022-3514.95.1.50,JPSP,external_control,2017,1,2,complete
control_10.1037/0022-3514.95.1.50,JPSP,external_control,2018,1,2,complete
control_10.1037/0022-3514.95.1.50,JPSP,external_control,2019,1,2,complete
control_10.1037/0022-3514.95.1.50,JPSP,external_control,2020,1,2,complete
control_10.1037/0022-3514.95.1.50,JPSP,external_control,2021,1,2,complete
control_10.1037/0022-3514.95.1.50,JPSP,external_control,2022,1,1,complete
control_10.1037/0022-3514.95.1.50,JPSP,external_control,2023,1,1,complete
control_10.1037/0022-3514.95.1.50,JPSP,external_control,2024,0,0,complete
control_10.1037/0022-3514.95.1.50,JPSP,external_control,2025,1,1,complete
control_10.1037/0022-3514.95.1.66,JPSP,external_control,2008,0,0,complete
control_10.1037/0022-3514.95.1.66,JPSP,external_control,2009,8,12,complete
control_10.1037/0022-3514.95.1.66,JPSP,external_control,2010,13,15,complete
control_10.1037/0022-3514.95.1.66,JPSP,external_control,2011,18,26,complete
control_10.1037/0022-3514.95.1.66,JPSP,external_control,2012,18,26,complete
control_10.1037/0022-3514.95.1.66,JPSP,external_control,2013,29,35,complete
control_10.1037/0022-3514.95.1.66,JPSP,external_control,2014,20,26,complete
control_10.1037/0022-3514.95.1.66,JPSP,external_control,2015,24,31,complete
control_10.1037/0022-3514.95.1.66,JPSP,external_control,2016,19,28,complete
control_10.1037/0022-3514.95.1.66,JPSP,external_control,2017,23,26,complete
control_10.1037/0022-3514.95.1.66,JPSP,external_control,2018,30,34,complete
control_10.1037/0022-3514.95.1.66,JPSP,external_control,2019,34,40,complete
control_10.1037/0022-3514.95.1.66,JPSP,external_control,2020,34,90,complete
control_10.1037/0022-3514.95.1.66,JPSP,external_control,2021,39,44,complete
control_10.1037/0022-3514.95.1.66,JPSP,external_control,2022,45,50,complete
control_10.1037/0022-3514.95.1.66,JPSP,external_control,2023,28,42,complete
control_10.1037/0022-3514.95.1.66,JPSP,external_control,2024,27,34,complete
control_10.1037/0022-3514.95.1.66,JPSP,external_control,2025,25,26,complete
control_10.1037/0022-3514.95.1.94,JPSP,external_control,2008,0,0,complete
control_10.1037/0022-3514.95.1.94,JPSP,external_control,2009,1,1,complete
control_10.1037/0022-3514.95.1.94,JPSP,external_control,2010,2,3,complete
control_10.1037/0022-3514.95.1.94,JPSP,external_control,2011,4,4,complete
control_10.1037/0022-3514.95.1.94,JPSP,external_control,2012,4,4,complete
control_10.1037/0022-3514.95.1.94,JPSP,external_control,2013,9,12,complete
control_10.1037/0022-3514.95.1.94,JPSP,external_control,2014,6,9,complete
control_10.1037/0022-3514.95.1.94,JPSP,external_control,2015,8,9,complete
control_10.1037/0022-3514.95.1.94,JPSP,external_control,2016,5,6,complete
control_10.1037/0022-3514.95.1.94,JPSP,external_control,2017,5,6,complete
control_10.1037/0022-3514.95.1.94,JPSP,external_control,2018,5,5,complete
control_10.1037/0022-3514.95.1.94,JPSP,external_control,2019,6,23,complete
control_10.1037/0022-3514.95.1.94,JPSP,external_control,2020,5,11,complete
control_10.1037/0022-3514.95.1.94,JPSP,external_control,2021,3,4,complete
control_10.1037/0022-3514.95.1.94,JPSP,external_control,2022,1,2,complete
control_10.1037/0022-3514.95.1.94,JPSP,external_control,2023,2,2,complete
control_10.1037/0022-3514.95.1.94,JPSP,external_control,2024,2,5,complete
control_10.1037/0022-3514.95.1.94,JPSP,external_control,2025,9,10,complete
control_10.1037/0022-3514.95.2.319,JPSP,external_control,2008,1,1,complete
control_10.1037/0022-3514.95.2.319,JPSP,external_control,2009,5,7,complete
control_10.1037/0022-3514.95.2.319,JPSP,external_control,2010,13,16,complete
control_10.1037/0022-3514.95.2.319,JPSP,external_control,2011,16,17,complete
control_10.1037/0022-3514.95.2.319,JPSP,external_control,2012,6,9,complete
control_10.1037/0022-3514.95.2.319,JPSP,external_control,2013,9,13,complete
control_10.1037/0022-3514.95.2.319,JPSP,external_control,2014,19,23,complete
control_10.1037/0022-3514.95.2.319,JPSP,external_control,2015,21,22,complete
control_10.1037/0022-3514.95.2.319,JPSP,external_control,2016,16,17,complete
control_10.1037/0022-3514.95.2.319,JPSP,external_control,2017,12,15,complete
control_10.1037/0022-3514.95.2.319,JPSP,external_control,2018,14,20,complete
control_10.1037/0022-3514.95.2.319,JPSP,external_control,2019,14,18,complete
control_10.1037/0022-3514.95.2.319,JPSP,external_control,2020,19,21,complete
control_10.1037/0022-3514.95.2.319,JPSP,external_control,2021,16,21,complete
control_10.1037/0022-3514.95.2.319,JPSP,external_control,2022,13,17,complete
control_10.1037/0022-3514.95.2.319,JPSP,external_control,2023,10,96,complete
control_10.1037/0022-3514.95.2.319,JPSP,external_control,2024,13,16,complete
control_10.1037/0022-3514.95.2.319,JPSP,external_control,2025,13,16,complete
control_10.1037/0022-3514.95.2.404,JPSP,external_control,2008,0,0,complete
control_10.1037/0022-3514.95.2.404,JPSP,external_control,2009,4,5,complete
control_10.1037/0022-3514.95.2.404,JPSP,external_control,2010,11,16,complete
control_10.1037/0022-3514.95.2.404,JPSP,external_control,2011,13,13,complete
control_10.1037/0022-3514.95.2.404,JPSP,external_control,2012,12,14,complete
control_10.1037/0022-3514.95.2.404,JPSP,external_control,2013,13,18,complete
control_10.1037/0022-3514.95.2.404,JPSP,external_control,2014,17,20,complete
control_10.1037/0022-3514.95.2.404,JPSP,external_control,2015,7,9,complete
control_10.1037/0022-3514.95.2.404,JPSP,external_control,2016,7,12,complete
control_10.1037/0022-3514.95.2.404,JPSP,external_control,2017,9,12,complete
control_10.1037/0022-3514.95.2.404,JPSP,external_control,2018,12,12,complete
control_10.1037/0022-3514.95.2.404,JPSP,external_control,2019,8,13,complete
control_10.1037/0022-3514.95.2.404,JPSP,external_control,2020,5,8,complete
control_10.1037/0022-3514.95.2.404,JPSP,external_control,2021,15,18,complete
control_10.1037/0022-3514.95.2.404,JPSP,external_control,2022,7,25,complete
control_10.1037/0022-3514.95.2.404,JPSP,external_control,2023,4,22,complete
control_10.1037/0022-3514.95.2.404,JPSP,external_control,2024,6,9,complete
control_10.1037/0022-3514.95.2.404,JPSP,external_control,2025,9,9,complete
control_10.1037/0022-3514.95.2.253,JPSP,external_control,2008,2,2,complete
control_10.1037/0022-3514.95.2.253,JPSP,external_control,2009,1,3,complete
control_10.1037/0022-3514.95.2.253,JPSP,external_control,2010,3,3,complete
control_10.1037/0022-3514.95.2.253,JPSP,external_control,2011,3,3,complete
control_10.1037/0022-3514.95.2.253,JPSP,external_control,2012,2,2,complete
control_10.1037/0022-3514.95.2.253,JPSP,external_control,2013,5,5,complete
control_10.1037/0022-3514.95.2.253,JPSP,external_control,2014,5,7,complete
control_10.1037/0022-3514.95.2.253,JPSP,external_control,2015,2,3,complete
control_10.1037/0022-3514.95.2.253,JPSP,external_control,2016,2,3,complete
control_10.1037/0022-3514.95.2.253,JPSP,external_control,2017,3,4,complete
control_10.1037/0022-3514.95.2.253,JPSP,external_control,2018,1,2,complete
control_10.1037/0022-3514.95.2.253,JPSP,external_control,2019,3,4,complete
control_10.1037/0022-3514.95.2.253,JPSP,external_control,2020,3,5,complete
control_10.1037/0022-3514.95.2.253,JPSP,external_control,2021,0,0,complete
control_10.1037/0022-3514.95.2.253,JPSP,external_control,2022,4,4,complete
control_10.1037/0022-3514.95.2.253,JPSP,external_control,2023,1,2,complete
control_10.1037/0022-3514.95.2.253,JPSP,external_control,2024,1,1,complete
control_10.1037/0022-3514.95.2.253,JPSP,external_control,2025,1,1,complete
control_10.1037/0022-3514.95.2.308,JPSP,external_control,2008,0,0,complete
control_10.1037/0022-3514.95.2.308,JPSP,external_control,2009,2,2,complete
control_10.1037/0022-3514.95.2.308,JPSP,external_control,2010,2,2,complete
control_10.1037/0022-3514.95.2.308,JPSP,external_control,2011,8,13,complete
control_10.1037/0022-3514.95.2.308,JPSP,external_control,2012,1,1,complete
control_10.1037/0022-3514.95.2.308,JPSP,external_control,2013,8,9,complete
control_10.1037/0022-3514.95.2.308,JPSP,external_control,2014,4,5,complete
control_10.1037/0022-3514.95.2.308,JPSP,external_control,2015,7,8,complete
control_10.1037/0022-3514.95.2.308,JPSP,external_control,2016,3,5,complete
control_10.1037/0022-3514.95.2.308,JPSP,external_control,2017,2,3,complete
control_10.1037/0022-3514.95.2.308,JPSP,external_control,2018,2,5,complete
control_10.1037/0022-3514.95.2.308,JPSP,external_control,2019,1,21,complete
control_10.1037/0022-3514.95.2.308,JPSP,external_control,2020,1,2,complete
control_10.1037/0022-3514.95.2.308,JPSP,external_control,2021,0,2,complete
control_10.1037/0022-3514.95.2.308,JPSP,external_control,2022,0,0,complete
control_10.1037/0022-3514.95.2.308,JPSP,external_control,2023,0,2,complete
control_10.1037/0022-3514.95.2.308,JPSP,external_control,2024,1,1,complete
control_10.1037/0022-3514.95.2.308,JPSP,external_control,2025,2,2,complete
control_10.1037/0022-3514.95.2.338,JPSP,external_control,2008,1,1,complete
control_10.1037/0022-3514.95.2.338,JPSP,external_control,2009,3,4,complete
control_10.1037/0022-3514.95.2.338,JPSP,external_control,2010,4,4,complete
control_10.1037/0022-3514.95.2.338,JPSP,external_control,2011,2,3,complete
control_10.1037/0022-3514.95.2.338,JPSP,external_control,2012,4,5,complete
control_10.1037/0022-3514.95.2.338,JPSP,external_control,2013,2,5,complete
control_10.1037/0022-3514.95.2.338,JPSP,external_control,2014,6,6,complete
control_10.1037/0022-3514.95.2.338,JPSP,external_control,2015,2,2,complete
control_10.1037/0022-3514.95.2.338,JPSP,external_control,2016,4,5,complete
control_10.1037/0022-3514.95.2.338,JPSP,external_control,2017,0,0,complete
control_10.1037/0022-3514.95.2.338,JPSP,external_control,2018,5,6,complete
control_10.1037/0022-3514.95.2.338,JPSP,external_control,2019,3,3,complete
control_10.1037/0022-3514.95.2.338,JPSP,external_control,2020,1,3,complete
control_10.1037/0022-3514.95.2.338,JPSP,external_control,2021,2,4,complete
control_10.1037/0022-3514.95.2.338,JPSP,external_control,2022,3,3,complete
control_10.1037/0022-3514.95.2.338,JPSP,external_control,2023,1,1,complete
control_10.1037/0022-3514.95.2.338,JPSP,external_control,2024,0,1,complete
control_10.1037/0022-3514.95.2.338,JPSP,external_control,2025,0,0,complete
control_10.1037/0022-3514.95.2.352,JPSP,external_control,2008,1,1,complete
control_10.1037/0022-3514.95.2.352,JPSP,external_control,2009,4,6,complete
control_10.1037/0022-3514.95.2.352,JPSP,external_control,2010,9,11,complete
control_10.1037/0022-3514.95.2.352,JPSP,external_control,2011,5,5,complete
control_10.1037/0022-3514.95.2.352,JPSP,external_control,2012,5,7,complete
control_10.1037/0022-3514.95.2.352,JPSP,external_control,2013,0,5,complete
control_10.1037/0022-3514.95.2.352,JPSP,external_control,2014,6,7,complete
control_10.1037/0022-3514.95.2.352,JPSP,external_control,2015,2,2,complete
control_10.1037/0022-3514.95.2.352,JPSP,external_control,2016,6,8,complete
control_10.1037/0022-3514.95.2.352,JPSP,external_control,2017,5,6,complete
control_10.1037/0022-3514.95.2.352,JPSP,external_control,2018,6,7,complete
control_10.1037/0022-3514.95.2.352,JPSP,external_control,2019,4,6,complete
control_10.1037/0022-3514.95.2.352,JPSP,external_control,2020,4,6,complete
control_10.1037/0022-3514.95.2.352,JPSP,external_control,2021,4,6,complete
control_10.1037/0022-3514.95.2.352,JPSP,external_control,2022,4,7,complete
control_10.1037/0022-3514.95.2.352,JPSP,external_control,2023,6,10,complete
control_10.1037/0022-3514.95.2.352,JPSP,external_control,2024,2,4,complete
control_10.1037/0022-3514.95.2.352,JPSP,external_control,2025,1,2,complete
control_10.1037/0022-3514.95.2.369,JPSP,external_control,2008,0,0,complete
control_10.1037/0022-3514.95.2.369,JPSP,external_control,2009,1,1,complete
control_10.1037/0022-3514.95.2.369,JPSP,external_control,2010,2,2,complete
control_10.1037/0022-3514.95.2.369,JPSP,external_control,2011,2,2,complete
control_10.1037/0022-3514.95.2.369,JPSP,external_control,2012,0,1,complete
control_10.1037/0022-3514.95.2.369,JPSP,external_control,2013,2,2,complete
control_10.1037/0022-3514.95.2.369,JPSP,external_control,2014,0,0,complete
control_10.1037/0022-3514.95.2.369,JPSP,external_control,2015,0,0,complete
control_10.1037/0022-3514.95.2.369,JPSP,external_control,2016,1,2,complete
control_10.1037/0022-3514.95.2.369,JPSP,external_control,2017,0,0,complete
control_10.1037/0022-3514.95.2.369,JPSP,external_control,2018,1,2,complete
control_10.1037/0022-3514.95.2.369,JPSP,external_control,2019,0,0,complete
control_10.1037/0022-3514.95.2.369,JPSP,external_control,2020,1,1,complete
control_10.1037/0022-3514.95.2.369,JPSP,external_control,2021,0,1,complete
control_10.1037/0022-3514.95.2.369,JPSP,external_control,2022,0,0,complete
control_10.1037/0022-3514.95.2.369,JPSP,external_control,2023,0,1,complete
control_10.1037/0022-3514.95.2.369,JPSP,external_control,2024,0,0,complete
control_10.1037/0022-3514.95.2.369,JPSP,external_control,2025,1,1,complete
control_10.1037/0022-3514.95.2.385,JPSP,external_control,2008,1,1,complete
control_10.1037/0022-3514.95.2.385,JPSP,external_control,2009,6,7,complete
control_10.1037/0022-3514.95.2.385,JPSP,external_control,2010,11,13,complete
control_10.1037/0022-3514.95.2.385,JPSP,external_control,2011,17,19,complete
control_10.1037/0022-3514.95.2.385,JPSP,external_control,2012,10,12,complete
control_10.1037/0022-3514.95.2.385,JPSP,external_control,2013,16,23,complete
control_10.1037/0022-3514.95.2.385,JPSP,external_control,2014,9,12,complete
control_10.1037/0022-3514.95.2.385,JPSP,external_control,2015,10,15,complete
control_10.1037/0022-3514.95.2.385,JPSP,external_control,2016,7,10,complete
control_10.1037/0022-3514.95.2.385,JPSP,external_control,2017,8,10,complete
control_10.1037/0022-3514.95.2.385,JPSP,external_control,2018,11,14,complete
control_10.1037/0022-3514.95.2.385,JPSP,external_control,2019,10,12,complete
control_10.1037/0022-3514.95.2.385,JPSP,external_control,2020,6,6,complete
control_10.1037/0022-3514.95.2.385,JPSP,external_control,2021,8,11,complete
control_10.1037/0022-3514.95.2.385,JPSP,external_control,2022,7,8,complete
control_10.1037/0022-3514.95.2.385,JPSP,external_control,2023,6,7,complete
control_10.1037/0022-3514.95.2.385,JPSP,external_control,2024,6,8,complete
control_10.1037/0022-3514.95.2.385,JPSP,external_control,2025,9,9,complete
control_10.1037/0022-3514.95.2.442,JPSP,external_control,2008,2,2,complete
control_10.1037/0022-3514.95.2.442,JPSP,external_control,2009,8,9,complete
control_10.1037/0022-3514.95.2.442,JPSP,external_control,2010,8,9,complete
control_10.1037/0022-3514.95.2.442,JPSP,external_control,2011,14,16,complete
control_10.1037/0022-3514.95.2.442,JPSP,external_control,2012,17,24,complete
control_10.1037/0022-3514.95.2.442,JPSP,external_control,2013,8,9,complete
control_10.1037/0022-3514.95.2.442,JPSP,external_control,2014,12,13,complete
control_10.1037/0022-3514.95.2.442,JPSP,external_control,2015,3,6,complete
control_10.1037/0022-3514.95.2.442,JPSP,external_control,2016,5,6,complete
control_10.1037/0022-3514.95.2.442,JPSP,external_control,2017,4,8,complete
control_10.1037/0022-3514.95.2.442,JPSP,external_control,2018,6,7,complete
control_10.1037/0022-3514.95.2.442,JPSP,external_control,2019,1,1,complete
control_10.1037/0022-3514.95.2.442,JPSP,external_control,2020,5,46,complete
control_10.1037/0022-3514.95.2.442,JPSP,external_control,2021,4,7,complete
control_10.1037/0022-3514.95.2.442,JPSP,external_control,2022,3,4,complete
control_10.1037/0022-3514.95.2.442,JPSP,external_control,2023,2,2,complete
control_10.1037/0022-3514.95.2.442,JPSP,external_control,2024,2,2,complete
control_10.1037/0022-3514.95.2.442,JPSP,external_control,2025,2,2,complete
control_10.1037/0022-3514.95.2.456,JPSP,external_control,2008,1,4,complete
control_10.1037/0022-3514.95.2.456,JPSP,external_control,2009,2,2,complete
control_10.1037/0022-3514.95.2.456,JPSP,external_control,2010,2,4,complete
control_10.1037/0022-3514.95.2.456,JPSP,external_control,2011,3,4,complete
control_10.1037/0022-3514.95.2.456,JPSP,external_control,2012,2,3,complete
control_10.1037/0022-3514.95.2.456,JPSP,external_control,2013,2,3,complete
control_10.1037/0022-3514.95.2.456,JPSP,external_control,2014,11,11,complete
control_10.1037/0022-3514.95.2.456,JPSP,external_control,2015,1,2,complete
control_10.1037/0022-3514.95.2.456,JPSP,external_control,2016,2,2,complete
control_10.1037/0022-3514.95.2.456,JPSP,external_control,2017,2,3,complete
control_10.1037/0022-3514.95.2.456,JPSP,external_control,2018,4,11,complete
control_10.1037/0022-3514.95.2.456,JPSP,external_control,2019,0,0,complete
control_10.1037/0022-3514.95.2.456,JPSP,external_control,2020,4,5,complete
control_10.1037/0022-3514.95.2.456,JPSP,external_control,2021,3,3,complete
control_10.1037/0022-3514.95.2.456,JPSP,external_control,2022,3,3,complete
control_10.1037/0022-3514.95.2.456,JPSP,external_control,2023,2,2,complete
control_10.1037/0022-3514.95.2.456,JPSP,external_control,2024,0,0,complete
control_10.1037/0022-3514.95.2.456,JPSP,external_control,2025,2,8,complete
control_10.1037/a0012518,JPSP,external_control,2008,2,2,complete
control_10.1037/a0012518,JPSP,external_control,2009,5,6,complete
control_10.1037/a0012518,JPSP,external_control,2010,9,11,complete
control_10.1037/a0012518,JPSP,external_control,2011,10,13,complete
control_10.1037/a0012518,JPSP,external_control,2012,13,18,complete
control_10.1037/a0012518,JPSP,external_control,2013,14,14,complete
control_10.1037/a0012518,JPSP,external_control,2014,11,15,complete
control_10.1037/a0012518,JPSP,external_control,2015,8,11,complete
control_10.1037/a0012518,JPSP,external_control,2016,5,6,complete
control_10.1037/a0012518,JPSP,external_control,2017,7,8,complete
control_10.1037/a0012518,JPSP,external_control,2018,4,5,complete
control_10.1037/a0012518,JPSP,external_control,2019,9,11,complete
control_10.1037/a0012518,JPSP,external_control,2020,6,6,complete
control_10.1037/a0012518,JPSP,external_control,2021,13,16,complete
control_10.1037/a0012518,JPSP,external_control,2022,9,11,complete
control_10.1037/a0012518,JPSP,external_control,2023,2,2,complete
control_10.1037/a0012518,JPSP,external_control,2024,3,3,complete
control_10.1037/a0012518,JPSP,external_control,2025,4,6,complete
control_10.1037/a0012543,JPSP,external_control,2008,0,0,complete
control_10.1037/a0012543,JPSP,external_control,2009,2,2,complete
control_10.1037/a0012543,JPSP,external_control,2010,1,1,complete
control_10.1037/a0012543,JPSP,external_control,2011,3,3,complete
control_10.1037/a0012543,JPSP,external_control,2012,1,2,complete
control_10.1037/a0012543,JPSP,external_control,2013,4,4,complete
control_10.1037/a0012543,JPSP,external_control,2014,4,4,complete
control_10.1037/a0012543,JPSP,external_control,2015,5,5,complete
control_10.1037/a0012543,JPSP,external_control,2016,1,1,complete
control_10.1037/a0012543,JPSP,external_control,2017,1,3,complete
control_10.1037/a0012543,JPSP,external_control,2018,1,1,complete
control_10.1037/a0012543,JPSP,external_control,2019,1,2,complete
control_10.1037/a0012543,JPSP,external_control,2020,1,2,complete
control_10.1037/a0012543,JPSP,external_control,2021,2,2,complete
control_10.1037/a0012543,JPSP,external_control,2022,0,0,complete
control_10.1037/a0012543,JPSP,external_control,2023,0,0,complete
control_10.1037/a0012543,JPSP,external_control,2024,0,1,complete
control_10.1037/a0012543,JPSP,external_control,2025,1,1,complete
control_10.1037/0022-3514.95.3.555,JPSP,external_control,2008,1,1,complete
control_10.1037/0022-3514.95.3.555,JPSP,external_control,2009,5,6,complete
control_10.1037/0022-3514.95.3.555,JPSP,external_control,2010,16,22,complete
control_10.1037/0022-3514.95.3.555,JPSP,external_control,2011,13,16,complete
control_10.1037/0022-3514.95.3.555,JPSP,external_control,2012,18,23,complete
control_10.1037/0022-3514.95.3.555,JPSP,external_control,2013,18,23,complete
control_10.1037/0022-3514.95.3.555,JPSP,external_control,2014,29,37,complete
control_10.1037/0022-3514.95.3.555,JPSP,external_control,2015,29,40,complete
control_10.1037/0022-3514.95.3.555,JPSP,external_control,2016,38,44,complete
control_10.1037/0022-3514.95.3.555,JPSP,external_control,2017,46,54,complete
control_10.1037/0022-3514.95.3.555,JPSP,external_control,2018,27,39,complete
control_10.1037/0022-3514.95.3.555,JPSP,external_control,2019,32,42,complete
control_10.1037/0022-3514.95.3.555,JPSP,external_control,2020,42,53,complete
control_10.1037/0022-3514.95.3.555,JPSP,external_control,2021,37,53,complete
control_10.1037/0022-3514.95.3.555,JPSP,external_control,2022,49,57,complete
control_10.1037/0022-3514.95.3.555,JPSP,external_control,2023,47,76,complete
control_10.1037/0022-3514.95.3.555,JPSP,external_control,2024,33,44,complete
control_10.1037/0022-3514.95.3.555,JPSP,external_control,2025,34,39,complete
control_10.1037/0022-3514.95.3.593,JPSP,external_control,2008,0,0,complete
control_10.1037/0022-3514.95.3.593,JPSP,external_control,2009,10,14,complete
control_10.1037/0022-3514.95.3.593,JPSP,external_control,2010,9,12,complete
control_10.1037/0022-3514.95.3.593,JPSP,external_control,2011,14,25,complete
control_10.1037/0022-3514.95.3.593,JPSP,external_control,2012,14,18,complete
control_10.1037/0022-3514.95.3.593,JPSP,external_control,2013,13,21,complete
control_10.1037/0022-3514.95.3.593,JPSP,external_control,2014,28,34,complete
control_10.1037/0022-3514.95.3.593,JPSP,external_control,2015,24,37,complete
control_10.1037/0022-3514.95.3.593,JPSP,external_control,2016,17,22,complete
control_10.1037/0022-3514.95.3.593,JPSP,external_control,2017,23,36,complete
control_10.1037/0022-3514.95.3.593,JPSP,external_control,2018,21,28,complete
control_10.1037/0022-3514.95.3.593,JPSP,external_control,2019,31,43,complete
control_10.1037/0022-3514.95.3.593,JPSP,external_control,2020,24,33,complete
control_10.1037/0022-3514.95.3.593,JPSP,external_control,2021,32,86,complete
control_10.1037/0022-3514.95.3.593,JPSP,external_control,2022,28,33,complete
control_10.1037/0022-3514.95.3.593,JPSP,external_control,2023,16,26,complete
control_10.1037/0022-3514.95.3.593,JPSP,external_control,2024,18,41,complete
control_10.1037/0022-3514.95.3.593,JPSP,external_control,2025,24,27,complete
control_10.1037/0022-3514.95.3.608,JPSP,external_control,2008,0,0,complete
control_10.1037/0022-3514.95.3.608,JPSP,external_control,2009,4,4,complete
control_10.1037/0022-3514.95.3.608,JPSP,external_control,2010,5,7,complete
control_10.1037/0022-3514.95.3.608,JPSP,external_control,2011,4,5,complete
control_10.1037/0022-3514.95.3.608,JPSP,external_control,2012,6,7,complete
control_10.1037/0022-3514.95.3.608,JPSP,external_control,2013,9,9,complete
control_10.1037/0022-3514.95.3.608,JPSP,external_control,2014,5,10,complete
control_10.1037/0022-3514.95.3.608,JPSP,external_control,2015,9,11,complete
control_10.1037/0022-3514.95.3.608,JPSP,external_control,2016,10,13,complete
control_10.1037/0022-3514.95.3.608,JPSP,external_control,2017,7,10,complete
control_10.1037/0022-3514.95.3.608,JPSP,external_control,2018,12,18,complete
control_10.1037/0022-3514.95.3.608,JPSP,external_control,2019,4,32,complete
control_10.1037/0022-3514.95.3.608,JPSP,external_control,2020,7,12,complete
control_10.1037/0022-3514.95.3.608,JPSP,external_control,2021,8,10,complete
control_10.1037/0022-3514.95.3.608,JPSP,external_control,2022,8,10,complete
control_10.1037/0022-3514.95.3.608,JPSP,external_control,2023,5,11,complete
control_10.1037/0022-3514.95.3.608,JPSP,external_control,2024,3,6,complete
control_10.1037/0022-3514.95.3.608,JPSP,external_control,2025,9,11,complete
control_10.1037/0022-3514.95.3.628,JPSP,external_control,2008,0,0,complete
control_10.1037/0022-3514.95.3.628,JPSP,external_control,2009,6,6,complete
control_10.1037/0022-3514.95.3.628,JPSP,external_control,2010,9,13,complete
control_10.1037/0022-3514.95.3.628,JPSP,external_control,2011,8,9,complete
control_10.1037/0022-3514.95.3.628,JPSP,external_control,2012,5,6,complete
control_10.1037/0022-3514.95.3.628,JPSP,external_control,2013,12,19,complete
control_10.1037/0022-3514.95.3.628,JPSP,external_control,2014,8,10,complete
control_10.1037/0022-3514.95.3.628,JPSP,external_control,2015,8,8,complete
control_10.1037/0022-3514.95.3.628,JPSP,external_control,2016,4,9,complete
control_10.1037/0022-3514.95.3.628,JPSP,external_control,2017,5,6,complete
control_10.1037/0022-3514.95.3.628,JPSP,external_control,2018,5,6,complete
control_10.1037/0022-3514.95.3.628,JPSP,external_control,2019,5,6,complete
control_10.1037/0022-3514.95.3.628,JPSP,external_control,2020,6,7,complete
control_10.1037/0022-3514.95.3.628,JPSP,external_control,2021,11,13,complete
control_10.1037/0022-3514.95.3.628,JPSP,external_control,2022,4,5,complete
control_10.1037/0022-3514.95.3.628,JPSP,external_control,2023,7,9,complete
control_10.1037/0022-3514.95.3.628,JPSP,external_control,2024,1,1,complete
control_10.1037/0022-3514.95.3.628,JPSP,external_control,2025,2,2,complete
control_10.1037/0022-3514.95.3.648,JPSP,external_control,2008,1,2,complete
control_10.1037/0022-3514.95.3.648,JPSP,external_control,2009,0,0,complete
control_10.1037/0022-3514.95.3.648,JPSP,external_control,2010,9,13,complete
control_10.1037/0022-3514.95.3.648,JPSP,external_control,2011,7,11,complete
control_10.1037/0022-3514.95.3.648,JPSP,external_control,2012,13,14,complete
control_10.1037/0022-3514.95.3.648,JPSP,external_control,2013,9,11,complete
control_10.1037/0022-3514.95.3.648,JPSP,external_control,2014,9,11,complete
control_10.1037/0022-3514.95.3.648,JPSP,external_control,2015,5,8,complete
control_10.1037/0022-3514.95.3.648,JPSP,external_control,2016,7,10,complete
control_10.1037/0022-3514.95.3.648,JPSP,external_control,2017,6,8,complete
control_10.1037/0022-3514.95.3.648,JPSP,external_control,2018,3,5,complete
control_10.1037/0022-3514.95.3.648,JPSP,external_control,2019,12,14,complete
control_10.1037/0022-3514.95.3.648,JPSP,external_control,2020,6,9,complete
control_10.1037/0022-3514.95.3.648,JPSP,external_control,2021,10,10,complete
control_10.1037/0022-3514.95.3.648,JPSP,external_control,2022,11,16,complete
control_10.1037/0022-3514.95.3.648,JPSP,external_control,2023,7,9,complete
control_10.1037/0022-3514.95.3.648,JPSP,external_control,2024,10,12,complete
control_10.1037/0022-3514.95.3.648,JPSP,external_control,2025,8,9,complete
control_10.1037/0022-3514.95.3.662,JPSP,external_control,2008,0,0,complete
control_10.1037/0022-3514.95.3.662,JPSP,external_control,2009,1,1,complete
control_10.1037/0022-3514.95.3.662,JPSP,external_control,2010,2,6,complete
control_10.1037/0022-3514.95.3.662,JPSP,external_control,2011,3,4,complete
control_10.1037/0022-3514.95.3.662,JPSP,external_control,2012,4,6,complete
control_10.1037/0022-3514.95.3.662,JPSP,external_control,2013,7,7,complete
control_10.1037/0022-3514.95.3.662,JPSP,external_control,2014,9,9,complete
control_10.1037/0022-3514.95.3.662,JPSP,external_control,2015,8,12,complete
control_10.1037/0022-3514.95.3.662,JPSP,external_control,2016,7,10,complete
control_10.1037/0022-3514.95.3.662,JPSP,external_control,2017,8,10,complete
control_10.1037/0022-3514.95.3.662,JPSP,external_control,2018,10,13,complete
control_10.1037/0022-3514.95.3.662,JPSP,external_control,2019,4,5,complete
control_10.1037/0022-3514.95.3.662,JPSP,external_control,2020,3,3,complete
control_10.1037/0022-3514.95.3.662,JPSP,external_control,2021,9,11,complete
control_10.1037/0022-3514.95.3.662,JPSP,external_control,2022,6,7,complete
control_10.1037/0022-3514.95.3.662,JPSP,external_control,2023,2,4,complete
control_10.1037/0022-3514.95.3.662,JPSP,external_control,2024,5,5,complete
control_10.1037/0022-3514.95.3.662,JPSP,external_control,2025,4,4,complete
control_10.1037/0022-3514.95.3.679,JPSP,external_control,2008,0,0,complete
control_10.1037/0022-3514.95.3.679,JPSP,external_control,2009,2,3,complete
control_10.1037/0022-3514.95.3.679,JPSP,external_control,2010,4,4,complete
control_10.1037/0022-3514.95.3.679,JPSP,external_control,2011,3,3,complete
control_10.1037/0022-3514.95.3.679,JPSP,external_control,2012,3,5,complete
control_10.1037/0022-3514.95.3.679,JPSP,external_control,2013,4,8,complete
control_10.1037/0022-3514.95.3.679,JPSP,external_control,2014,8,9,complete
control_10.1037/0022-3514.95.3.679,JPSP,external_control,2015,9,12,complete
control_10.1037/0022-3514.95.3.679,JPSP,external_control,2016,4,10,complete
control_10.1037/0022-3514.95.3.679,JPSP,external_control,2017,3,4,complete
control_10.1037/0022-3514.95.3.679,JPSP,external_control,2018,8,11,complete
control_10.1037/0022-3514.95.3.679,JPSP,external_control,2019,5,8,complete
control_10.1037/0022-3514.95.3.679,JPSP,external_control,2020,9,13,complete
control_10.1037/0022-3514.95.3.679,JPSP,external_control,2021,7,14,complete
control_10.1037/0022-3514.95.3.679,JPSP,external_control,2022,13,17,complete
control_10.1037/0022-3514.95.3.679,JPSP,external_control,2023,9,10,complete
control_10.1037/0022-3514.95.3.679,JPSP,external_control,2024,7,7,complete
control_10.1037/0022-3514.95.3.679,JPSP,external_control,2025,6,7,complete
control_10.1037/0022-3514.95.3.709,JPSP,external_control,2008,2,2,complete
control_10.1037/0022-3514.95.3.709,JPSP,external_control,2009,3,16,complete
control_10.1037/0022-3514.95.3.709,JPSP,external_control,2010,16,17,complete
control_10.1037/0022-3514.95.3.709,JPSP,external_control,2011,3,4,complete
control_10.1037/0022-3514.95.3.709,JPSP,external_control,2012,21,28,complete
control_10.1037/0022-3514.95.3.709,JPSP,external_control,2013,14,22,complete
control_10.1037/0022-3514.95.3.709,JPSP,external_control,2014,9,12,complete
control_10.1037/0022-3514.95.3.709,JPSP,external_control,2015,12,14,complete
control_10.1037/0022-3514.95.3.709,JPSP,external_control,2016,17,21,complete
control_10.1037/0022-3514.95.3.709,JPSP,external_control,2017,10,47,complete
control_10.1037/0022-3514.95.3.709,JPSP,external_control,2018,17,19,complete
control_10.1037/0022-3514.95.3.709,JPSP,external_control,2019,14,16,complete
control_10.1037/0022-3514.95.3.709,JPSP,external_control,2020,17,20,complete
control_10.1037/0022-3514.95.3.709,JPSP,external_control,2021,25,27,complete
control_10.1037/0022-3514.95.3.709,JPSP,external_control,2022,16,19,complete
control_10.1037/0022-3514.95.3.709,JPSP,external_control,2023,8,10,complete
control_10.1037/0022-3514.95.3.709,JPSP,external_control,2024,8,13,complete
control_10.1037/0022-3514.95.3.709,JPSP,external_control,2025,15,18,complete
control_10.1037/0022-3514.95.3.739,JPSP,external_control,2008,1,1,complete
control_10.1037/0022-3514.95.3.739,JPSP,external_control,2009,4,4,complete
control_10.1037/0022-3514.95.3.739,JPSP,external_control,2010,4,5,complete
control_10.1037/0022-3514.95.3.739,JPSP,external_control,2011,2,2,complete
control_10.1037/0022-3514.95.3.739,JPSP,external_control,2012,9,15,complete
control_10.1037/0022-3514.95.3.739,JPSP,external_control,2013,8,13,complete
control_10.1037/0022-3514.95.3.739,JPSP,external_control,2014,3,3,complete
control_10.1037/0022-3514.95.3.739,JPSP,external_control,2015,6,7,complete
control_10.1037/0022-3514.95.3.739,JPSP,external_control,2016,3,3,complete
control_10.1037/0022-3514.95.3.739,JPSP,external_control,2017,4,5,complete
control_10.1037/0022-3514.95.3.739,JPSP,external_control,2018,6,8,complete
control_10.1037/0022-3514.95.3.739,JPSP,external_control,2019,3,5,complete
control_10.1037/0022-3514.95.3.739,JPSP,external_control,2020,6,47,complete
control_10.1037/0022-3514.95.3.739,JPSP,external_control,2021,1,1,complete
control_10.1037/0022-3514.95.3.739,JPSP,external_control,2022,4,4,complete
control_10.1037/0022-3514.95.3.739,JPSP,external_control,2023,5,5,complete
control_10.1037/0022-3514.95.3.739,JPSP,external_control,2024,1,1,complete
control_10.1037/0022-3514.95.3.739,JPSP,external_control,2025,5,5,complete
control_10.1037/a0012559,JPSP,external_control,2008,0,0,complete
control_10.1037/a0012559,JPSP,external_control,2009,3,4,complete
control_10.1037/a0012559,JPSP,external_control,2010,7,9,complete
control_10.1037/a0012559,JPSP,external_control,2011,6,8,complete
control_10.1037/a0012559,JPSP,external_control,2012,5,9,complete
control_10.1037/a0012559,JPSP,external_control,2013,11,14,complete
control_10.1037/a0012559,JPSP,external_control,2014,8,9,complete
control_10.1037/a0012559,JPSP,external_control,2015,11,16,complete
control_10.1037/a0012559,JPSP,external_control,2016,9,10,complete
control_10.1037/a0012559,JPSP,external_control,2017,12,13,complete
control_10.1037/a0012559,JPSP,external_control,2018,4,8,complete
control_10.1037/a0012559,JPSP,external_control,2019,7,10,complete
control_10.1037/a0012559,JPSP,external_control,2020,15,17,complete
control_10.1037/a0012559,JPSP,external_control,2021,15,16,complete
control_10.1037/a0012559,JPSP,external_control,2022,13,16,complete
control_10.1037/a0012559,JPSP,external_control,2023,10,16,complete
control_10.1037/a0012559,JPSP,external_control,2024,9,10,complete
control_10.1037/a0012559,JPSP,external_control,2025,16,17,complete
control_10.1037/a0012560,JPSP,external_control,2008,0,0,complete
control_10.1037/a0012560,JPSP,external_control,2009,2,2,complete
control_10.1037/a0012560,JPSP,external_control,2010,5,6,complete
control_10.1037/a0012560,JPSP,external_control,2011,7,8,complete
control_10.1037/a0012560,JPSP,external_control,2012,1,1,complete
control_10.1037/a0012560,JPSP,external_control,2013,2,3,complete
control_10.1037/a0012560,JPSP,external_control,2014,0,1,complete
control_10.1037/a0012560,JPSP,external_control,2015,2,2,complete
control_10.1037/a0012560,JPSP,external_control,2016,2,2,complete
control_10.1037/a0012560,JPSP,external_control,2017,0,1,complete
control_10.1037/a0012560,JPSP,external_control,2018,0,0,complete
control_10.1037/a0012560,JPSP,external_control,2019,1,1,complete
control_10.1037/a0012560,JPSP,external_control,2020,1,1,complete
control_10.1037/a0012560,JPSP,external_control,2021,0,0,complete
control_10.1037/a0012560,JPSP,external_control,2022,0,0,complete
control_10.1037/a0012560,JPSP,external_control,2023,0,0,complete
control_10.1037/a0012560,JPSP,external_control,2024,0,0,complete
control_10.1037/a0012560,JPSP,external_control,2025,0,0,complete
control_10.1037/a0012612,JPSP,external_control,2008,0,0,complete
control_10.1037/a0012612,JPSP,external_control,2009,2,3,complete
control_10.1037/a0012612,JPSP,external_control,2010,3,8,complete
control_10.1037/a0012612,JPSP,external_control,2011,9,12,complete
control_10.1037/a0012612,JPSP,external_control,2012,7,13,complete
control_10.1037/a0012612,JPSP,external_control,2013,5,7,complete
control_10.1037/a0012612,JPSP,external_control,2014,7,12,complete
control_10.1037/a0012612,JPSP,external_control,2015,11,13,complete
control_10.1037/a0012612,JPSP,external_control,2016,7,23,complete
control_10.1037/a0012612,JPSP,external_control,2017,6,9,complete
control_10.1037/a0012612,JPSP,external_control,2018,6,6,complete
control_10.1037/a0012612,JPSP,external_control,2019,6,25,complete
control_10.1037/a0012612,JPSP,external_control,2020,3,6,complete
control_10.1037/a0012612,JPSP,external_control,2021,7,8,complete
control_10.1037/a0012612,JPSP,external_control,2022,7,9,complete
control_10.1037/a0012612,JPSP,external_control,2023,3,4,complete
control_10.1037/a0012612,JPSP,external_control,2024,4,4,complete
control_10.1037/a0012612,JPSP,external_control,2025,0,1,complete
control_10.1037/a0012666,JPSP,external_control,2008,1,1,complete
control_10.1037/a0012666,JPSP,external_control,2009,4,6,complete
control_10.1037/a0012666,JPSP,external_control,2010,10,12,complete
control_10.1037/a0012666,JPSP,external_control,2011,11,13,complete
control_10.1037/a0012666,JPSP,external_control,2012,6,8,complete
control_10.1037/a0012666,JPSP,external_control,2013,11,17,complete
control_10.1037/a0012666,JPSP,external_control,2014,15,18,complete
control_10.1037/a0012666,JPSP,external_control,2015,17,20,complete
control_10.1037/a0012666,JPSP,external_control,2016,7,9,complete
control_10.1037/a0012666,JPSP,external_control,2017,11,11,complete
control_10.1037/a0012666,JPSP,external_control,2018,6,6,complete
control_10.1037/a0012666,JPSP,external_control,2019,9,15,complete
control_10.1037/a0012666,JPSP,external_control,2020,17,24,complete
control_10.1037/a0012666,JPSP,external_control,2021,19,20,complete
control_10.1037/a0012666,JPSP,external_control,2022,11,14,complete
control_10.1037/a0012666,JPSP,external_control,2023,11,14,complete
control_10.1037/a0012666,JPSP,external_control,2024,9,12,complete
control_10.1037/a0012666,JPSP,external_control,2025,19,21,complete
control_10.1037/0022-3514.95.3.576,JPSP,external_control,2008,0,0,complete
control_10.1037/0022-3514.95.3.576,JPSP,external_control,2009,0,1,complete
control_10.1037/0022-3514.95.3.576,JPSP,external_control,2010,2,3,complete
control_10.1037/0022-3514.95.3.576,JPSP,external_control,2011,1,2,complete
control_10.1037/0022-3514.95.3.576,JPSP,external_control,2012,1,4,complete
control_10.1037/0022-3514.95.3.576,JPSP,external_control,2013,1,1,complete
control_10.1037/0022-3514.95.3.576,JPSP,external_control,2014,1,1,complete
control_10.1037/0022-3514.95.3.576,JPSP,external_control,2015,3,5,complete
control_10.1037/0022-3514.95.3.576,JPSP,external_control,2016,1,2,complete
control_10.1037/0022-3514.95.3.576,JPSP,external_control,2017,1,5,complete
control_10.1037/0022-3514.95.3.576,JPSP,external_control,2018,0,1,complete
control_10.1037/0022-3514.95.3.576,JPSP,external_control,2019,3,4,complete
control_10.1037/0022-3514.95.3.576,JPSP,external_control,2020,0,0,complete
control_10.1037/0022-3514.95.3.576,JPSP,external_control,2021,2,2,complete
control_10.1037/0022-3514.95.3.576,JPSP,external_control,2022,0,0,complete
control_10.1037/0022-3514.95.3.576,JPSP,external_control,2023,2,2,complete
control_10.1037/0022-3514.95.3.576,JPSP,external_control,2024,1,1,complete
control_10.1037/0022-3514.95.3.576,JPSP,external_control,2025,0,0,complete
control_10.1037/a0011619,JPSP,external_control,2008,0,0,complete
control_10.1037/a0011619,JPSP,external_control,2009,2,2,complete
control_10.1037/a0011619,JPSP,external_control,2010,0,0,complete
control_10.1037/a0011619,JPSP,external_control,2011,2,4,complete
control_10.1037/a0011619,JPSP,external_control,2012,5,5,complete
control_10.1037/a0011619,JPSP,external_control,2013,2,2,complete
control_10.1037/a0011619,JPSP,external_control,2014,4,7,complete
control_10.1037/a0011619,JPSP,external_control,2015,2,2,complete
control_10.1037/a0011619,JPSP,external_control,2016,3,3,complete
control_10.1037/a0011619,JPSP,external_control,2017,0,0,complete
control_10.1037/a0011619,JPSP,external_control,2018,2,3,complete
control_10.1037/a0011619,JPSP,external_control,2019,1,2,complete
control_10.1037/a0011619,JPSP,external_control,2020,0,0,complete
control_10.1037/a0011619,JPSP,external_control,2021,2,2,complete
control_10.1037/a0011619,JPSP,external_control,2022,1,1,complete
control_10.1037/a0011619,JPSP,external_control,2023,7,7,complete
control_10.1037/a0011619,JPSP,external_control,2024,2,2,complete
control_10.1037/a0011619,JPSP,external_control,2025,2,2,complete
control_10.1037/a0012939,JPSP,external_control,2008,1,1,complete
control_10.1037/a0012939,JPSP,external_control,2009,3,4,complete
control_10.1037/a0012939,JPSP,external_control,2010,9,13,complete
control_10.1037/a0012939,JPSP,external_control,2011,13,19,complete
control_10.1037/a0012939,JPSP,external_control,2012,11,16,complete
control_10.1037/a0012939,JPSP,external_control,2013,12,16,complete
control_10.1037/a0012939,JPSP,external_control,2014,11,15,complete
control_10.1037/a0012939,JPSP,external_control,2015,8,11,complete
control_10.1037/a0012939,JPSP,external_control,2016,8,10,complete
control_10.1037/a0012939,JPSP,external_control,2017,12,14,complete
control_10.1037/a0012939,JPSP,external_control,2018,8,9,complete
control_10.1037/a0012939,JPSP,external_control,2019,6,9,complete
control_10.1037/a0012939,JPSP,external_control,2020,9,11,complete
control_10.1037/a0012939,JPSP,external_control,2021,11,16,complete
control_10.1037/a0012939,JPSP,external_control,2022,7,11,complete
control_10.1037/a0012939,JPSP,external_control,2023,11,14,complete
control_10.1037/a0012939,JPSP,external_control,2024,9,13,complete
control_10.1037/a0012939,JPSP,external_control,2025,9,10,complete
control_10.1037/a0013192,JPSP,external_control,2008,0,0,complete
control_10.1037/a0013192,JPSP,external_control,2009,4,5,complete
control_10.1037/a0013192,JPSP,external_control,2010,1,3,complete
control_10.1037/a0013192,JPSP,external_control,2011,3,3,complete
control_10.1037/a0013192,JPSP,external_control,2012,3,5,complete
control_10.1037/a0013192,JPSP,external_control,2013,6,6,complete
control_10.1037/a0013192,JPSP,external_control,2014,5,5,complete
control_10.1037/a0013192,JPSP,external_control,2015,11,15,complete
control_10.1037/a0013192,JPSP,external_control,2016,8,8,complete
control_10.1037/a0013192,JPSP,external_control,2017,6,8,complete
control_10.1037/a0013192,JPSP,external_control,2018,7,10,complete
control_10.1037/a0013192,JPSP,external_control,2019,11,13,complete
control_10.1037/a0013192,JPSP,external_control,2020,8,9,complete
control_10.1037/a0013192,JPSP,external_control,2021,9,22,complete
control_10.1037/a0013192,JPSP,external_control,2022,4,4,complete
control_10.1037/a0013192,JPSP,external_control,2023,4,5,complete
control_10.1037/a0013192,JPSP,external_control,2024,5,7,complete
control_10.1037/a0013192,JPSP,external_control,2025,6,7,complete
control_10.1037/a0011381,JPSP,external_control,2008,0,0,complete
control_10.1037/a0011381,JPSP,external_control,2009,1,1,complete
control_10.1037/a0011381,JPSP,external_control,2010,5,5,complete
control_10.1037/a0011381,JPSP,external_control,2011,4,5,complete
control_10.1037/a0011381,JPSP,external_control,2012,7,8,complete
control_10.1037/a0011381,JPSP,external_control,2013,8,9,complete
control_10.1037/a0011381,JPSP,external_control,2014,5,9,complete
control_10.1037/a0011381,JPSP,external_control,2015,10,12,complete
control_10.1037/a0011381,JPSP,external_control,2016,10,12,complete
control_10.1037/a0011381,JPSP,external_control,2017,9,10,complete
control_10.1037/a0011381,JPSP,external_control,2018,5,6,complete
control_10.1037/a0011381,JPSP,external_control,2019,10,10,complete
control_10.1037/a0011381,JPSP,external_control,2020,10,14,complete
control_10.1037/a0011381,JPSP,external_control,2021,7,8,complete
control_10.1037/a0011381,JPSP,external_control,2022,8,11,complete
control_10.1037/a0011381,JPSP,external_control,2023,9,10,complete
control_10.1037/a0011381,JPSP,external_control,2024,8,9,complete
control_10.1037/a0011381,JPSP,external_control,2025,7,8,complete
control_10.1037/a0011434,JPSP,external_control,2008,2,2,complete
control_10.1037/a0011434,JPSP,external_control,2009,7,7,complete
control_10.1037/a0011434,JPSP,external_control,2010,10,18,complete
control_10.1037/a0011434,JPSP,external_control,2011,26,32,complete
control_10.1037/a0011434,JPSP,external_control,2012,10,17,complete
control_10.1037/a0011434,JPSP,external_control,2013,21,24,complete
control_10.1037/a0011434,JPSP,external_control,2014,18,24,complete
control_10.1037/a0011434,JPSP,external_control,2015,19,25,complete
control_10.1037/a0011434,JPSP,external_control,2016,20,23,complete
control_10.1037/a0011434,JPSP,external_control,2017,19,25,complete
control_10.1037/a0011434,JPSP,external_control,2018,22,29,complete
control_10.1037/a0011434,JPSP,external_control,2019,20,25,complete
control_10.1037/a0011434,JPSP,external_control,2020,24,30,complete
control_10.1037/a0011434,JPSP,external_control,2021,23,29,complete
control_10.1037/a0011434,JPSP,external_control,2022,14,14,complete
control_10.1037/a0011434,JPSP,external_control,2023,17,22,complete
control_10.1037/a0011434,JPSP,external_control,2024,15,19,complete
control_10.1037/a0011434,JPSP,external_control,2025,16,18,complete
control_10.1037/a0011617,JPSP,external_control,2008,1,1,complete
control_10.1037/a0011617,JPSP,external_control,2009,2,2,complete
control_10.1037/a0011617,JPSP,external_control,2010,4,5,complete
control_10.1037/a0011617,JPSP,external_control,2011,2,5,complete
control_10.1037/a0011617,JPSP,external_control,2012,9,9,complete
control_10.1037/a0011617,JPSP,external_control,2013,2,3,complete
control_10.1037/a0011617,JPSP,external_control,2014,2,4,complete
control_10.1037/a0011617,JPSP,external_control,2015,4,5,complete
control_10.1037/a0011617,JPSP,external_control,2016,6,10,complete
control_10.1037/a0011617,JPSP,external_control,2017,6,7,complete
control_10.1037/a0011617,JPSP,external_control,2018,4,8,complete
control_10.1037/a0011617,JPSP,external_control,2019,2,3,complete
control_10.1037/a0011617,JPSP,external_control,2020,1,1,complete
control_10.1037/a0011617,JPSP,external_control,2021,1,1,complete
control_10.1037/a0011617,JPSP,external_control,2022,2,2,complete
control_10.1037/a0011617,JPSP,external_control,2023,2,3,complete
control_10.1037/a0011617,JPSP,external_control,2024,2,3,complete
control_10.1037/a0011617,JPSP,external_control,2025,0,2,complete
control_10.1037/a0011618,JPSP,external_control,2008,1,1,complete
control_10.1037/a0011618,JPSP,external_control,2009,6,7,complete
control_10.1037/a0011618,JPSP,external_control,2010,13,16,complete
control_10.1037/a0011618,JPSP,external_control,2011,11,15,complete
control_10.1037/a0011618,JPSP,external_control,2012,13,17,complete
control_10.1037/a0011618,JPSP,external_control,2013,9,13,complete
control_10.1037/a0011618,JPSP,external_control,2014,7,8,complete
control_10.1037/a0011618,JPSP,external_control,2015,14,16,complete
control_10.1037/a0011618,JPSP,external_control,2016,10,12,complete
control_10.1037/a0011618,JPSP,external_control,2017,18,22,complete
control_10.1037/a0011618,JPSP,external_control,2018,6,8,complete
control_10.1037/a0011618,JPSP,external_control,2019,7,9,complete
control_10.1037/a0011618,JPSP,external_control,2020,6,36,complete
control_10.1037/a0011618,JPSP,external_control,2021,11,14,complete
control_10.1037/a0011618,JPSP,external_control,2022,17,18,complete
control_10.1037/a0011618,JPSP,external_control,2023,8,10,complete
control_10.1037/a0011618,JPSP,external_control,2024,12,16,complete
control_10.1037/a0011618,JPSP,external_control,2025,4,5,complete
control_10.1037/a0011990,JPSP,external_control,2008,0,0,complete
control_10.1037/a0011990,JPSP,external_control,2009,10,10,complete
control_10.1037/a0011990,JPSP,external_control,2010,16,19,complete
control_10.1037/a0011990,JPSP,external_control,2011,16,19,complete
control_10.1037/a0011990,JPSP,external_control,2012,19,29,complete
control_10.1037/a0011990,JPSP,external_control,2013,26,35,complete
control_10.1037/a0011990,JPSP,external_control,2014,17,25,complete
control_10.1037/a0011990,JPSP,external_control,2015,16,17,complete
control_10.1037/a0011990,JPSP,external_control,2016,21,30,complete
control_10.1037/a0011990,JPSP,external_control,2017,26,37,complete
control_10.1037/a0011990,JPSP,external_control,2018,20,29,complete
control_10.1037/a0011990,JPSP,external_control,2019,19,26,complete
control_10.1037/a0011990,JPSP,external_control,2020,19,31,complete
control_10.1037/a0011990,JPSP,external_control,2021,26,37,complete
control_10.1037/a0011990,JPSP,external_control,2022,26,30,complete
control_10.1037/a0011990,JPSP,external_control,2023,27,32,complete
control_10.1037/a0011990,JPSP,external_control,2024,13,27,complete
control_10.1037/a0011990,JPSP,external_control,2025,25,27,complete
control_10.1037/a0011991,JPSP,external_control,2008,0,0,complete
control_10.1037/a0011991,JPSP,external_control,2009,2,2,complete
control_10.1037/a0011991,JPSP,external_control,2010,6,8,complete
control_10.1037/a0011991,JPSP,external_control,2011,15,15,complete
control_10.1037/a0011991,JPSP,external_control,2012,15,17,complete
control_10.1037/a0011991,JPSP,external_control,2013,17,30,complete
control_10.1037/a0011991,JPSP,external_control,2014,19,22,complete
control_10.1037/a0011991,JPSP,external_control,2015,21,25,complete
control_10.1037/a0011991,JPSP,external_control,2016,15,19,complete
control_10.1037/a0011991,JPSP,external_control,2017,13,19,complete
control_10.1037/a0011991,JPSP,external_control,2018,11,13,complete
control_10.1037/a0011991,JPSP,external_control,2019,18,21,complete
control_10.1037/a0011991,JPSP,external_control,2020,12,13,complete
control_10.1037/a0011991,JPSP,external_control,2021,19,24,complete
control_10.1037/a0011991,JPSP,external_control,2022,25,30,complete
control_10.1037/a0011991,JPSP,external_control,2023,11,11,complete
control_10.1037/a0011991,JPSP,external_control,2024,7,12,complete
control_10.1037/a0011991,JPSP,external_control,2025,16,20,complete
control_10.1037/a0012069,JPSP,external_control,2008,1,1,complete
control_10.1037/a0012069,JPSP,external_control,2009,1,1,complete
control_10.1037/a0012069,JPSP,external_control,2010,1,2,complete
control_10.1037/a0012069,JPSP,external_control,2011,1,1,complete
control_10.1037/a0012069,JPSP,external_control,2012,0,1,complete
control_10.1037/a0012069,JPSP,external_control,2013,4,4,complete
control_10.1037/a0012069,JPSP,external_control,2014,0,0,complete
control_10.1037/a0012069,JPSP,external_control,2015,1,1,complete
control_10.1037/a0012069,JPSP,external_control,2016,0,0,complete
control_10.1037/a0012069,JPSP,external_control,2017,0,0,complete
control_10.1037/a0012069,JPSP,external_control,2018,1,1,complete
control_10.1037/a0012069,JPSP,external_control,2019,2,2,complete
control_10.1037/a0012069,JPSP,external_control,2020,1,1,complete
control_10.1037/a0012069,JPSP,external_control,2021,1,1,complete
control_10.1037/a0012069,JPSP,external_control,2022,1,1,complete
control_10.1037/a0012069,JPSP,external_control,2023,1,1,complete
control_10.1037/a0012069,JPSP,external_control,2024,0,0,complete
control_10.1037/a0012069,JPSP,external_control,2025,0,0,complete
control_10.1037/a0012650,JPSP,external_control,2008,0,0,complete
control_10.1037/a0012650,JPSP,external_control,2009,4,4,complete
control_10.1037/a0012650,JPSP,external_control,2010,9,13,complete
control_10.1037/a0012650,JPSP,external_control,2011,9,14,complete
control_10.1037/a0012650,JPSP,external_control,2012,12,23,complete
control_10.1037/a0012650,JPSP,external_control,2013,19,24,complete
control_10.1037/a0012650,JPSP,external_control,2014,15,23,complete
control_10.1037/a0012650,JPSP,external_control,2015,16,22,complete
control_10.1037/a0012650,JPSP,external_control,2016,11,15,complete
control_10.1037/a0012650,JPSP,external_control,2017,15,21,complete
control_10.1037/a0012650,JPSP,external_control,2018,13,17,complete
control_10.1037/a0012650,JPSP,external_control,2019,16,20,complete
control_10.1037/a0012650,JPSP,external_control,2020,17,18,complete
control_10.1037/a0012650,JPSP,external_control,2021,10,19,complete
control_10.1037/a0012650,JPSP,external_control,2022,14,18,complete
control_10.1037/a0012650,JPSP,external_control,2023,10,15,complete
control_10.1037/a0012650,JPSP,external_control,2024,8,24,complete
control_10.1037/a0012650,JPSP,external_control,2025,6,8,complete
control_10.1037/a0012705,JPSP,external_control,2008,4,4,complete
control_10.1037/a0012705,JPSP,external_control,2009,15,16,complete
control_10.1037/a0012705,JPSP,external_control,2010,20,21,complete
control_10.1037/a0012705,JPSP,external_control,2011,28,32,complete
control_10.1037/a0012705,JPSP,external_control,2012,21,34,complete
control_10.1037/a0012705,JPSP,external_control,2013,28,34,complete
control_10.1037/a0012705,JPSP,external_control,2014,34,43,complete
control_10.1037/a0012705,JPSP,external_control,2015,27,34,complete
control_10.1037/a0012705,JPSP,external_control,2016,25,34,complete
control_10.1037/a0012705,JPSP,external_control,2017,32,42,complete
control_10.1037/a0012705,JPSP,external_control,2018,30,41,complete
control_10.1037/a0012705,JPSP,external_control,2019,25,32,complete
control_10.1037/a0012705,JPSP,external_control,2020,18,65,complete
control_10.1037/a0012705,JPSP,external_control,2021,14,26,complete
control_10.1037/a0012705,JPSP,external_control,2022,15,20,complete
control_10.1037/a0012705,JPSP,external_control,2023,13,19,complete
control_10.1037/a0012705,JPSP,external_control,2024,8,16,complete
control_10.1037/a0012705,JPSP,external_control,2025,4,4,complete
control_10.1037/a0012709,JPSP,external_control,2008,1,1,complete
control_10.1037/a0012709,JPSP,external_control,2009,0,1,complete
control_10.1037/a0012709,JPSP,external_control,2010,1,1,complete
control_10.1037/a0012709,JPSP,external_control,2011,1,1,complete
control_10.1037/a0012709,JPSP,external_control,2012,3,5,complete
control_10.1037/a0012709,JPSP,external_control,2013,4,4,complete
control_10.1037/a0012709,JPSP,external_control,2014,1,1,complete
control_10.1037/a0012709,JPSP,external_control,2015,1,1,complete
control_10.1037/a0012709,JPSP,external_control,2016,0,0,complete
control_10.1037/a0012709,JPSP,external_control,2017,2,3,complete
control_10.1037/a0012709,JPSP,external_control,2018,0,1,complete
control_10.1037/a0012709,JPSP,external_control,2019,1,2,complete
control_10.1037/a0012709,JPSP,external_control,2020,0,0,complete
control_10.1037/a0012709,JPSP,external_control,2021,1,1,complete
control_10.1037/a0012709,JPSP,external_control,2022,0,0,complete
control_10.1037/a0012709,JPSP,external_control,2023,3,4,complete
control_10.1037/a0012709,JPSP,external_control,2024,1,1,complete
control_10.1037/a0012709,JPSP,external_control,2025,1,1,complete
control_10.1037/a0012710,JPSP,external_control,2008,1,1,complete
control_10.1037/a0012710,JPSP,external_control,2009,0,2,complete
control_10.1037/a0012710,JPSP,external_control,2010,0,0,complete
control_10.1037/a0012710,JPSP,external_control,2011,2,4,complete
control_10.1037/a0012710,JPSP,external_control,2012,2,4,complete
control_10.1037/a0012710,JPSP,external_control,2013,1,1,complete
control_10.1037/a0012710,JPSP,external_control,2014,0,1,complete
control_10.1037/a0012710,JPSP,external_control,2015,1,1,complete
control_10.1037/a0012710,JPSP,external_control,2016,2,4,complete
control_10.1037/a0012710,JPSP,external_control,2017,0,0,complete
control_10.1037/a0012710,JPSP,external_control,2018,1,3,complete
control_10.1037/a0012710,JPSP,external_control,2019,1,2,complete
control_10.1037/a0012710,JPSP,external_control,2020,1,2,complete
control_10.1037/a0012710,JPSP,external_control,2021,0,0,complete
control_10.1037/a0012710,JPSP,external_control,2022,1,2,complete
control_10.1037/a0012710,JPSP,external_control,2023,0,0,complete
control_10.1037/a0012710,JPSP,external_control,2024,1,3,complete
control_10.1037/a0012710,JPSP,external_control,2025,1,1,complete
control_10.1037/a0012978,JPSP,external_control,2008,0,0,complete
control_10.1037/a0012978,JPSP,external_control,2009,5,6,complete
control_10.1037/a0012978,JPSP,external_control,2010,4,8,complete
control_10.1037/a0012978,JPSP,external_control,2011,6,8,complete
control_10.1037/a0012978,JPSP,external_control,2012,11,12,complete
control_10.1037/a0012978,JPSP,external_control,2013,10,13,complete
control_10.1037/a0012978,JPSP,external_control,2014,17,18,complete
control_10.1037/a0012978,JPSP,external_control,2015,8,8,complete
control_10.1037/a0012978,JPSP,external_control,2016,11,12,complete
control_10.1037/a0012978,JPSP,external_control,2017,16,20,complete
control_10.1037/a0012978,JPSP,external_control,2018,17,22,complete
control_10.1037/a0012978,JPSP,external_control,2019,5,7,complete
control_10.1037/a0012978,JPSP,external_control,2020,10,11,complete
control_10.1037/a0012978,JPSP,external_control,2021,10,12,complete
control_10.1037/a0012978,JPSP,external_control,2022,7,9,complete
control_10.1037/a0012978,JPSP,external_control,2023,10,10,complete
control_10.1037/a0012978,JPSP,external_control,2024,11,12,complete
control_10.1037/a0012978,JPSP,external_control,2025,10,11,complete
control_10.1037/0022-3514.95.5.1080,JPSP,external_control,2008,5,5,complete
control_10.1037/0022-3514.95.5.1080,JPSP,external_control,2009,5,7,complete
control_10.1037/0022-3514.95.5.1080,JPSP,external_control,2010,13,16,complete
control_10.1037/0022-3514.95.5.1080,JPSP,external_control,2011,29,35,complete
control_10.1037/0022-3514.95.5.1080,JPSP,external_control,2012,16,28,complete
control_10.1037/0022-3514.95.5.1080,JPSP,external_control,2013,19,23,complete
control_10.1037/0022-3514.95.5.1080,JPSP,external_control,2014,29,39,complete
control_10.1037/0022-3514.95.5.1080,JPSP,external_control,2015,22,30,complete
control_10.1037/0022-3514.95.5.1080,JPSP,external_control,2016,23,31,complete
control_10.1037/0022-3514.95.5.1080,JPSP,external_control,2017,24,39,complete
control_10.1037/0022-3514.95.5.1080,JPSP,external_control,2018,36,42,complete
control_10.1037/0022-3514.95.5.1080,JPSP,external_control,2019,19,27,complete
control_10.1037/0022-3514.95.5.1080,JPSP,external_control,2020,31,82,complete
control_10.1037/0022-3514.95.5.1080,JPSP,external_control,2021,30,37,complete
control_10.1037/0022-3514.95.5.1080,JPSP,external_control,2022,26,35,complete
control_10.1037/0022-3514.95.5.1080,JPSP,external_control,2023,20,28,complete
control_10.1037/0022-3514.95.5.1080,JPSP,external_control,2024,17,21,complete
control_10.1037/0022-3514.95.5.1080,JPSP,external_control,2025,29,32,complete
control_10.1037/0022-3514.95.5.1113,JPSP,external_control,2008,2,2,complete
control_10.1037/0022-3514.95.5.1113,JPSP,external_control,2009,11,13,complete
control_10.1037/0022-3514.95.5.1113,JPSP,external_control,2010,14,17,complete
control_10.1037/0022-3514.95.5.1113,JPSP,external_control,2011,26,30,complete
control_10.1037/0022-3514.95.5.1113,JPSP,external_control,2012,16,42,complete
control_10.1037/0022-3514.95.5.1113,JPSP,external_control,2013,38,43,complete
control_10.1037/0022-3514.95.5.1113,JPSP,external_control,2014,46,55,complete
control_10.1037/0022-3514.95.5.1113,JPSP,external_control,2015,57,65,complete
control_10.1037/0022-3514.95.5.1113,JPSP,external_control,2016,59,65,complete
control_10.1037/0022-3514.95.5.1113,JPSP,external_control,2017,50,63,complete
control_10.1037/0022-3514.95.5.1113,JPSP,external_control,2018,58,80,complete
control_10.1037/0022-3514.95.5.1113,JPSP,external_control,2019,80,104,complete
control_10.1037/0022-3514.95.5.1113,JPSP,external_control,2020,90,114,complete
control_10.1037/0022-3514.95.5.1113,JPSP,external_control,2021,64,88,complete
control_10.1037/0022-3514.95.5.1113,JPSP,external_control,2022,53,72,complete
control_10.1037/0022-3514.95.5.1113,JPSP,external_control,2023,57,79,complete
control_10.1037/0022-3514.95.5.1113,JPSP,external_control,2024,53,70,complete
control_10.1037/0022-3514.95.5.1113,JPSP,external_control,2025,49,54,complete
control_10.1037/0022-3514.95.5.1136,JPSP,external_control,2008,0,1,complete
control_10.1037/0022-3514.95.5.1136,JPSP,external_control,2009,1,3,complete
control_10.1037/0022-3514.95.5.1136,JPSP,external_control,2010,3,6,complete
control_10.1037/0022-3514.95.5.1136,JPSP,external_control,2011,8,10,complete
control_10.1037/0022-3514.95.5.1136,JPSP,external_control,2012,6,8,complete
control_10.1037/0022-3514.95.5.1136,JPSP,external_control,2013,10,14,complete
control_10.1037/0022-3514.95.5.1136,JPSP,external_control,2014,8,14,complete
control_10.1037/0022-3514.95.5.1136,JPSP,external_control,2015,13,18,complete
control_10.1037/0022-3514.95.5.1136,JPSP,external_control,2016,6,9,complete
control_10.1037/0022-3514.95.5.1136,JPSP,external_control,2017,9,13,complete
control_10.1037/0022-3514.95.5.1136,JPSP,external_control,2018,6,7,complete
control_10.1037/0022-3514.95.5.1136,JPSP,external_control,2019,18,20,complete
control_10.1037/0022-3514.95.5.1136,JPSP,external_control,2020,13,15,complete
control_10.1037/0022-3514.95.5.1136,JPSP,external_control,2021,11,13,complete
control_10.1037/0022-3514.95.5.1136,JPSP,external_control,2022,12,14,complete
control_10.1037/0022-3514.95.5.1136,JPSP,external_control,2023,5,7,complete
control_10.1037/0022-3514.95.5.1136,JPSP,external_control,2024,14,15,complete
control_10.1037/0022-3514.95.5.1136,JPSP,external_control,2025,5,5,complete
control_10.1037/a0011993,JPSP,external_control,2008,0,0,complete
control_10.1037/a0011993,JPSP,external_control,2009,2,3,complete
control_10.1037/a0011993,JPSP,external_control,2010,4,6,complete
control_10.1037/a0011993,JPSP,external_control,2011,5,6,complete
control_10.1037/a0011993,JPSP,external_control,2012,5,5,complete
control_10.1037/a0011993,JPSP,external_control,2013,9,11,complete
control_10.1037/a0011993,JPSP,external_control,2014,7,9,complete
control_10.1037/a0011993,JPSP,external_control,2015,14,19,complete
control_10.1037/a0011993,JPSP,external_control,2016,9,12,complete
control_10.1037/a0011993,JPSP,external_control,2017,7,7,complete
control_10.1037/a0011993,JPSP,external_control,2018,8,12,complete
control_10.1037/a0011993,JPSP,external_control,2019,11,25,complete
control_10.1037/a0011993,JPSP,external_control,2020,10,10,complete
control_10.1037/a0011993,JPSP,external_control,2021,7,9,complete
control_10.1037/a0011993,JPSP,external_control,2022,9,13,complete
control_10.1037/a0011993,JPSP,external_control,2023,6,7,complete
control_10.1037/a0011993,JPSP,external_control,2024,6,7,complete
control_10.1037/a0011993,JPSP,external_control,2025,6,9,complete
control_10.1037/a0013193,JPSP,external_control,2008,0,0,complete
control_10.1037/a0013193,JPSP,external_control,2009,4,5,complete
control_10.1037/a0013193,JPSP,external_control,2010,17,19,complete
control_10.1037/a0013193,JPSP,external_control,2011,13,16,complete
control_10.1037/a0013193,JPSP,external_control,2012,20,23,complete
control_10.1037/a0013193,JPSP,external_control,2013,30,36,complete
control_10.1037/a0013193,JPSP,external_control,2014,36,51,complete
control_10.1037/a0013193,JPSP,external_control,2015,41,45,complete
control_10.1037/a0013193,JPSP,external_control,2016,46,55,complete
control_10.1037/a0013193,JPSP,external_control,2017,57,64,complete
control_10.1037/a0013193,JPSP,external_control,2018,53,59,complete
control_10.1037/a0013193,JPSP,external_control,2019,54,64,complete
control_10.1037/a0013193,JPSP,external_control,2020,70,76,complete
control_10.1037/a0013193,JPSP,external_control,2021,60,80,complete
control_10.1037/a0013193,JPSP,external_control,2022,76,84,complete
control_10.1037/a0013193,JPSP,external_control,2023,71,84,complete
control_10.1037/a0013193,JPSP,external_control,2024,67,77,complete
control_10.1037/a0013193,JPSP,external_control,2025,60,68,complete
control_10.1037/a0013262,JPSP,external_control,2008,2,2,complete
control_10.1037/a0013262,JPSP,external_control,2009,16,18,complete
control_10.1037/a0013262,JPSP,external_control,2010,45,59,complete
control_10.1037/a0013262,JPSP,external_control,2011,72,89,complete
control_10.1037/a0013262,JPSP,external_control,2012,87,111,complete
control_10.1037/a0013262,JPSP,external_control,2013,88,124,complete
control_10.1037/a0013262,JPSP,external_control,2014,110,142,complete
control_10.1037/a0013262,JPSP,external_control,2015,127,162,complete
control_10.1037/a0013262,JPSP,external_control,2016,106,147,complete
control_10.1037/a0013262,JPSP,external_control,2017,130,174,complete
control_10.1037/a0013262,JPSP,external_control,2018,121,164,complete
control_10.1037/a0013262,JPSP,external_control,2019,115,157,complete
control_10.1037/a0013262,JPSP,external_control,2020,124,232,complete
control_10.1037/a0013262,JPSP,external_control,2021,94,119,complete
control_10.1037/a0013262,JPSP,external_control,2022,135,189,complete
control_10.1037/a0013262,JPSP,external_control,2023,91,129,complete
control_10.1037/a0013262,JPSP,external_control,2024,99,124,complete
control_10.1037/a0013262,JPSP,external_control,2025,105,170,complete
control_10.1037/a0013316,JPSP,external_control,2008,0,0,complete
control_10.1037/a0013316,JPSP,external_control,2009,0,0,complete
control_10.1037/a0013316,JPSP,external_control,2010,4,5,complete
control_10.1037/a0013316,JPSP,external_control,2011,8,10,complete
control_10.1037/a0013316,JPSP,external_control,2012,5,11,complete
control_10.1037/a0013316,JPSP,external_control,2013,5,11,complete
control_10.1037/a0013316,JPSP,external_control,2014,7,9,complete
control_10.1037/a0013316,JPSP,external_control,2015,9,10,complete
control_10.1037/a0013316,JPSP,external_control,2016,5,8,complete
control_10.1037/a0013316,JPSP,external_control,2017,6,9,complete
control_10.1037/a0013316,JPSP,external_control,2018,6,7,complete
control_10.1037/a0013316,JPSP,external_control,2019,1,1,complete
control_10.1037/a0013316,JPSP,external_control,2020,8,9,complete
control_10.1037/a0013316,JPSP,external_control,2021,4,4,complete
control_10.1037/a0013316,JPSP,external_control,2022,3,4,complete
control_10.1037/a0013316,JPSP,external_control,2023,5,8,complete
control_10.1037/a0013316,JPSP,external_control,2024,2,2,complete
control_10.1037/a0013316,JPSP,external_control,2025,2,5,complete
control_10.1037/0022-3514.95.5.1095,JPSP,external_control,2008,1,1,complete
control_10.1037/0022-3514.95.5.1095,JPSP,external_control,2009,3,4,complete
control_10.1037/0022-3514.95.5.1095,JPSP,external_control,2010,2,2,complete
control_10.1037/0022-3514.95.5.1095,JPSP,external_control,2011,4,6,complete
control_10.1037/0022-3514.95.5.1095,JPSP,external_control,2012,9,10,complete
control_10.1037/0022-3514.95.5.1095,JPSP,external_control,2013,3,6,complete
control_10.1037/0022-3514.95.5.1095,JPSP,external_control,2014,5,7,complete
control_10.1037/0022-3514.95.5.1095,JPSP,external_control,2015,5,6,complete
control_10.1037/0022-3514.95.5.1095,JPSP,external_control,2016,6,6,complete
control_10.1037/0022-3514.95.5.1095,JPSP,external_control,2017,6,6,complete
control_10.1037/0022-3514.95.5.1095,JPSP,external_control,2018,3,6,complete
control_10.1037/0022-3514.95.5.1095,JPSP,external_control,2019,4,4,complete
control_10.1037/0022-3514.95.5.1095,JPSP,external_control,2020,2,2,complete
control_10.1037/0022-3514.95.5.1095,JPSP,external_control,2021,2,4,complete
control_10.1037/0022-3514.95.5.1095,JPSP,external_control,2022,4,5,complete
control_10.1037/0022-3514.95.5.1095,JPSP,external_control,2023,1,3,complete
control_10.1037/0022-3514.95.5.1095,JPSP,external_control,2024,2,2,complete
control_10.1037/0022-3514.95.5.1095,JPSP,external_control,2025,5,5,complete
control_10.1037/0022-3514.95.5.1150,JPSP,external_control,2008,1,1,complete
control_10.1037/0022-3514.95.5.1150,JPSP,external_control,2009,13,15,complete
control_10.1037/0022-3514.95.5.1150,JPSP,external_control,2010,11,12,complete
control_10.1037/0022-3514.95.5.1150,JPSP,external_control,2011,16,20,complete
control_10.1037/0022-3514.95.5.1150,JPSP,external_control,2012,20,22,complete
control_10.1037/0022-3514.95.5.1150,JPSP,external_control,2013,27,32,complete
control_10.1037/0022-3514.95.5.1150,JPSP,external_control,2014,26,29,complete
control_10.1037/0022-3514.95.5.1150,JPSP,external_control,2015,24,36,complete
control_10.1037/0022-3514.95.5.1150,JPSP,external_control,2016,22,25,complete
control_10.1037/0022-3514.95.5.1150,JPSP,external_control,2017,18,25,complete
control_10.1037/0022-3514.95.5.1150,JPSP,external_control,2018,32,55,complete
control_10.1037/0022-3514.95.5.1150,JPSP,external_control,2019,15,18,complete
control_10.1037/0022-3514.95.5.1150,JPSP,external_control,2020,17,21,complete
control_10.1037/0022-3514.95.5.1150,JPSP,external_control,2021,14,20,complete
control_10.1037/0022-3514.95.5.1150,JPSP,external_control,2022,12,23,complete
control_10.1037/0022-3514.95.5.1150,JPSP,external_control,2023,21,30,complete
control_10.1037/0022-3514.95.5.1150,JPSP,external_control,2024,15,20,complete
control_10.1037/0022-3514.95.5.1150,JPSP,external_control,2025,14,17,complete
control_10.1037/0022-3514.95.5.1180,JPSP,external_control,2008,0,0,complete
control_10.1037/0022-3514.95.5.1180,JPSP,external_control,2009,1,1,complete
control_10.1037/0022-3514.95.5.1180,JPSP,external_control,2010,2,2,complete
control_10.1037/0022-3514.95.5.1180,JPSP,external_control,2011,6,6,complete
control_10.1037/0022-3514.95.5.1180,JPSP,external_control,2012,4,8,complete
control_10.1037/0022-3514.95.5.1180,JPSP,external_control,2013,5,5,complete
control_10.1037/0022-3514.95.5.1180,JPSP,external_control,2014,2,6,complete
control_10.1037/0022-3514.95.5.1180,JPSP,external_control,2015,7,8,complete
control_10.1037/0022-3514.95.5.1180,JPSP,external_control,2016,3,3,complete
control_10.1037/0022-3514.95.5.1180,JPSP,external_control,2017,2,5,complete
control_10.1037/0022-3514.95.5.1180,JPSP,external_control,2018,3,3,complete
control_10.1037/0022-3514.95.5.1180,JPSP,external_control,2019,3,5,complete
control_10.1037/0022-3514.95.5.1180,JPSP,external_control,2020,2,3,complete
control_10.1037/0022-3514.95.5.1180,JPSP,external_control,2021,5,8,complete
control_10.1037/0022-3514.95.5.1180,JPSP,external_control,2022,3,6,complete
control_10.1037/0022-3514.95.5.1180,JPSP,external_control,2023,4,4,complete
control_10.1037/0022-3514.95.5.1180,JPSP,external_control,2024,3,5,complete
control_10.1037/0022-3514.95.5.1180,JPSP,external_control,2025,3,3,complete
control_10.1037/a0013067,JPSP,external_control,2008,0,0,complete
control_10.1037/a0013067,JPSP,external_control,2009,1,1,complete
control_10.1037/a0013067,JPSP,external_control,2010,2,5,complete
control_10.1037/a0013067,JPSP,external_control,2011,3,3,complete
control_10.1037/a0013067,JPSP,external_control,2012,4,4,complete
control_10.1037/a0013067,JPSP,external_control,2013,1,2,complete
control_10.1037/a0013067,JPSP,external_control,2014,5,5,complete
control_10.1037/a0013067,JPSP,external_control,2015,0,2,complete
control_10.1037/a0013067,JPSP,external_control,2016,2,4,complete
control_10.1037/a0013067,JPSP,external_control,2017,2,5,complete
control_10.1037/a0013067,JPSP,external_control,2018,5,5,complete
control_10.1037/a0013067,JPSP,external_control,2019,3,4,complete
control_10.1037/a0013067,JPSP,external_control,2020,2,51,complete
control_10.1037/a0013067,JPSP,external_control,2021,4,4,complete
control_10.1037/a0013067,JPSP,external_control,2022,3,3,complete
control_10.1037/a0013067,JPSP,external_control,2023,5,7,complete
control_10.1037/a0013067,JPSP,external_control,2024,3,3,complete
control_10.1037/a0013067,JPSP,external_control,2025,5,7,complete
control_10.1037/a0013194,JPSP,external_control,2008,1,1,complete
control_10.1037/a0013194,JPSP,external_control,2009,8,9,complete
control_10.1037/a0013194,JPSP,external_control,2010,14,17,complete
control_10.1037/a0013194,JPSP,external_control,2011,12,12,complete
control_10.1037/a0013194,JPSP,external_control,2012,14,17,complete
control_10.1037/a0013194,JPSP,external_control,2013,9,10,complete
control_10.1037/a0013194,JPSP,external_control,2014,12,15,complete
control_10.1037/a0013194,JPSP,external_control,2015,18,23,complete
control_10.1037/a0013194,JPSP,external_control,2016,15,20,complete
control_10.1037/a0013194,JPSP,external_control,2017,13,17,complete
control_10.1037/a0013194,JPSP,external_control,2018,7,9,complete
control_10.1037/a0013194,JPSP,external_control,2019,4,4,complete
control_10.1037/a0013194,JPSP,external_control,2020,8,10,complete
control_10.1037/a0013194,JPSP,external_control,2021,13,16,complete
control_10.1037/a0013194,JPSP,external_control,2022,3,15,complete
control_10.1037/a0013194,JPSP,external_control,2023,6,10,complete
control_10.1037/a0013194,JPSP,external_control,2024,8,12,complete
control_10.1037/a0013194,JPSP,external_control,2025,3,4,complete
control_10.1037/a0013314,JPSP,external_control,2008,1,1,complete
control_10.1037/a0013314,JPSP,external_control,2009,10,12,complete
control_10.1037/a0013314,JPSP,external_control,2010,26,33,complete
control_10.1037/a0013314,JPSP,external_control,2011,17,21,complete
control_10.1037/a0013314,JPSP,external_control,2012,20,23,complete
control_10.1037/a0013314,JPSP,external_control,2013,16,18,complete
control_10.1037/a0013314,JPSP,external_control,2014,17,21,complete
control_10.1037/a0013314,JPSP,external_control,2015,17,32,complete
control_10.1037/a0013314,JPSP,external_control,2016,27,34,complete
control_10.1037/a0013314,JPSP,external_control,2017,18,22,complete
control_10.1037/a0013314,JPSP,external_control,2018,22,26,complete
control_10.1037/a0013314,JPSP,external_control,2019,24,36,complete
control_10.1037/a0013314,JPSP,external_control,2020,23,47,complete
control_10.1037/a0013314,JPSP,external_control,2021,28,44,complete
control_10.1037/a0013314,JPSP,external_control,2022,21,23,complete
control_10.1037/a0013314,JPSP,external_control,2023,11,16,complete
control_10.1037/a0013314,JPSP,external_control,2024,8,46,complete
control_10.1037/a0013314,JPSP,external_control,2025,11,12,complete
control_10.1037/a0013315,JPSP,external_control,2008,0,0,complete
control_10.1037/a0013315,JPSP,external_control,2009,2,4,complete
control_10.1037/a0013315,JPSP,external_control,2010,8,9,complete
control_10.1037/a0013315,JPSP,external_control,2011,13,13,complete
control_10.1037/a0013315,JPSP,external_control,2012,8,10,complete
control_10.1037/a0013315,JPSP,external_control,2013,4,5,complete
control_10.1037/a0013315,JPSP,external_control,2014,4,22,complete
control_10.1037/a0013315,JPSP,external_control,2015,9,12,complete
control_10.1037/a0013315,JPSP,external_control,2016,7,9,complete
control_10.1037/a0013315,JPSP,external_control,2017,5,5,complete
control_10.1037/a0013315,JPSP,external_control,2018,5,6,complete
control_10.1037/a0013315,JPSP,external_control,2019,4,5,complete
control_10.1037/a0013315,JPSP,external_control,2020,6,7,complete
control_10.1037/a0013315,JPSP,external_control,2021,5,6,complete
control_10.1037/a0013315,JPSP,external_control,2022,2,4,complete
control_10.1037/a0013315,JPSP,external_control,2023,2,6,complete
control_10.1037/a0013315,JPSP,external_control,2024,5,6,complete
control_10.1037/a0013315,JPSP,external_control,2025,3,3,complete
control_10.1037/a0013336,JPSP,external_control,2008,1,1,complete
control_10.1037/a0013336,JPSP,external_control,2009,1,1,complete
control_10.1037/a0013336,JPSP,external_control,2010,2,5,complete
control_10.1037/a0013336,JPSP,external_control,2011,4,5,complete
control_10.1037/a0013336,JPSP,external_control,2012,1,1,complete
control_10.1037/a0013336,JPSP,external_control,2013,2,5,complete
control_10.1037/a0013336,JPSP,external_control,2014,9,10,complete
control_10.1037/a0013336,JPSP,external_control,2015,3,5,complete
control_10.1037/a0013336,JPSP,external_control,2016,4,4,complete
control_10.1037/a0013336,JPSP,external_control,2017,7,7,complete
control_10.1037/a0013336,JPSP,external_control,2018,4,6,complete
control_10.1037/a0013336,JPSP,external_control,2019,7,8,complete
control_10.1037/a0013336,JPSP,external_control,2020,3,5,complete
control_10.1037/a0013336,JPSP,external_control,2021,7,12,complete
control_10.1037/a0013336,JPSP,external_control,2022,4,6,complete
control_10.1037/a0013336,JPSP,external_control,2023,3,4,complete
control_10.1037/a0013336,JPSP,external_control,2024,3,23,complete
control_10.1037/a0013336,JPSP,external_control,2025,2,2,complete
control_10.1037/a0012629,JPSP,external_control,2008,1,1,complete
control_10.1037/a0012629,JPSP,external_control,2009,4,4,complete
control_10.1037/a0012629,JPSP,external_control,2010,7,12,complete
control_10.1037/a0012629,JPSP,external_control,2011,6,7,complete
control_10.1037/a0012629,JPSP,external_control,2012,6,7,complete
control_10.1037/a0012629,JPSP,external_control,2013,5,6,complete
control_10.1037/a0012629,JPSP,external_control,2014,9,23,complete
control_10.1037/a0012629,JPSP,external_control,2015,5,7,complete
control_10.1037/a0012629,JPSP,external_control,2016,7,9,complete
control_10.1037/a0012629,JPSP,external_control,2017,9,13,complete
control_10.1037/a0012629,JPSP,external_control,2018,10,11,complete
control_10.1037/a0012629,JPSP,external_control,2019,7,10,complete
control_10.1037/a0012629,JPSP,external_control,2020,6,10,complete
control_10.1037/a0012629,JPSP,external_control,2021,13,15,complete
control_10.1037/a0012629,JPSP,external_control,2022,6,9,complete
control_10.1037/a0012629,JPSP,external_control,2023,9,10,complete
control_10.1037/a0012629,JPSP,external_control,2024,14,15,complete
control_10.1037/a0012629,JPSP,external_control,2025,5,5,complete
control_10.1037/a0012630,JPSP,external_control,2008,0,0,complete
control_10.1037/a0012630,JPSP,external_control,2009,2,2,complete
control_10.1037/a0012630,JPSP,external_control,2010,2,10,complete
control_10.1037/a0012630,JPSP,external_control,2011,3,4,complete
control_10.1037/a0012630,JPSP,external_control,2012,8,11,complete
control_10.1037/a0012630,JPSP,external_control,2013,14,20,complete
control_10.1037/a0012630,JPSP,external_control,2014,12,13,complete
control_10.1037/a0012630,JPSP,external_control,2015,16,19,complete
control_10.1037/a0012630,JPSP,external_control,2016,10,11,complete
control_10.1037/a0012630,JPSP,external_control,2017,14,18,complete
control_10.1037/a0012630,JPSP,external_control,2018,11,13,complete
control_10.1037/a0012630,JPSP,external_control,2019,13,16,complete
control_10.1037/a0012630,JPSP,external_control,2020,10,42,complete
control_10.1037/a0012630,JPSP,external_control,2021,6,7,complete
control_10.1037/a0012630,JPSP,external_control,2022,7,13,complete
control_10.1037/a0012630,JPSP,external_control,2023,6,39,complete
control_10.1037/a0012630,JPSP,external_control,2024,9,12,complete
control_10.1037/a0012630,JPSP,external_control,2025,4,13,complete
control_10.1037/a0012633,JPSP,external_control,2008,2,4,complete
control_10.1037/a0012633,JPSP,external_control,2009,9,10,complete
control_10.1037/a0012633,JPSP,external_control,2010,21,26,complete
control_10.1037/a0012633,JPSP,external_control,2011,37,43,complete
control_10.1037/a0012633,JPSP,external_control,2012,32,44,complete
control_10.1037/a0012633,JPSP,external_control,2013,34,39,complete
control_10.1037/a0012633,JPSP,external_control,2014,50,66,complete
control_10.1037/a0012633,JPSP,external_control,2015,51,73,complete
control_10.1037/a0012633,JPSP,external_control,2016,33,51,complete
control_10.1037/a0012633,JPSP,external_control,2017,53,60,complete
control_10.1037/a0012633,JPSP,external_control,2018,53,61,complete
control_10.1037/a0012633,JPSP,external_control,2019,56,64,complete
control_10.1037/a0012633,JPSP,external_control,2020,42,51,complete
control_10.1037/a0012633,JPSP,external_control,2021,54,68,complete
control_10.1037/a0012633,JPSP,external_control,2022,40,63,complete
control_10.1037/a0012633,JPSP,external_control,2023,32,46,complete
control_10.1037/a0012633,JPSP,external_control,2024,43,67,complete
control_10.1037/a0012633,JPSP,external_control,2025,35,41,complete
control_10.1037/a0012636,JPSP,external_control,2008,0,0,complete
control_10.1037/a0012636,JPSP,external_control,2009,0,0,complete
control_10.1037/a0012636,JPSP,external_control,2010,3,5,complete
control_10.1037/a0012636,JPSP,external_control,2011,2,8,complete
control_10.1037/a0012636,JPSP,external_control,2012,8,10,complete
control_10.1037/a0012636,JPSP,external_control,2013,7,9,complete
control_10.1037/a0012636,JPSP,external_control,2014,2,2,complete
control_10.1037/a0012636,JPSP,external_control,2015,6,6,complete
control_10.1037/a0012636,JPSP,external_control,2016,3,4,complete
control_10.1037/a0012636,JPSP,external_control,2017,3,9,complete
control_10.1037/a0012636,JPSP,external_control,2018,3,6,complete
control_10.1037/a0012636,JPSP,external_control,2019,7,10,complete
control_10.1037/a0012636,JPSP,external_control,2020,4,6,complete
control_10.1037/a0012636,JPSP,external_control,2021,2,3,complete
control_10.1037/a0012636,JPSP,external_control,2022,5,7,complete
control_10.1037/a0012636,JPSP,external_control,2023,4,6,complete
control_10.1037/a0012636,JPSP,external_control,2024,2,4,complete
control_10.1037/a0012636,JPSP,external_control,2025,1,3,complete
control_10.1037/a0013334,JPSP,external_control,2008,1,1,complete
control_10.1037/a0013334,JPSP,external_control,2009,1,2,complete
control_10.1037/a0013334,JPSP,external_control,2010,4,7,complete
control_10.1037/a0013334,JPSP,external_control,2011,1,1,complete
control_10.1037/a0013334,JPSP,external_control,2012,4,9,complete
control_10.1037/a0013334,JPSP,external_control,2013,4,6,complete
control_10.1037/a0013334,JPSP,external_control,2014,2,4,complete
control_10.1037/a0013334,JPSP,external_control,2015,6,7,complete
control_10.1037/a0013334,JPSP,external_control,2016,6,6,complete
control_10.1037/a0013334,JPSP,external_control,2017,4,6,complete
control_10.1037/a0013334,JPSP,external_control,2018,4,6,complete
control_10.1037/a0013334,JPSP,external_control,2019,0,0,complete
control_10.1037/a0013334,JPSP,external_control,2020,6,7,complete
control_10.1037/a0013334,JPSP,external_control,2021,3,5,complete
control_10.1037/a0013334,JPSP,external_control,2022,2,2,complete
control_10.1037/a0013334,JPSP,external_control,2023,0,0,complete
control_10.1037/a0013334,JPSP,external_control,2024,5,6,complete
control_10.1037/a0013334,JPSP,external_control,2025,2,3,complete
control_10.1037/a0013345,JPSP,external_control,2008,1,1,complete
control_10.1037/a0013345,JPSP,external_control,2009,4,5,complete
control_10.1037/a0013345,JPSP,external_control,2010,14,17,complete
control_10.1037/a0013345,JPSP,external_control,2011,20,26,complete
control_10.1037/a0013345,JPSP,external_control,2012,22,28,complete
control_10.1037/a0013345,JPSP,external_control,2013,25,31,complete
control_10.1037/a0013345,JPSP,external_control,2014,28,41,complete
control_10.1037/a0013345,JPSP,external_control,2015,32,38,complete
control_10.1037/a0013345,JPSP,external_control,2016,35,39,complete
control_10.1037/a0013345,JPSP,external_control,2017,30,36,complete
control_10.1037/a0013345,JPSP,external_control,2018,33,44,complete
control_10.1037/a0013345,JPSP,external_control,2019,34,44,complete
control_10.1037/a0013345,JPSP,external_control,2020,25,32,complete
control_10.1037/a0013345,JPSP,external_control,2021,24,35,complete
control_10.1037/a0013345,JPSP,external_control,2022,27,36,complete
control_10.1037/a0013345,JPSP,external_control,2023,32,40,complete
control_10.1037/a0013345,JPSP,external_control,2024,23,25,complete
control_10.1037/a0013345,JPSP,external_control,2025,25,27,complete
control_10.1037/a0013593,JPSP,external_control,2008,3,3,complete
control_10.1037/a0013593,JPSP,external_control,2009,3,4,complete
control_10.1037/a0013593,JPSP,external_control,2010,11,13,complete
control_10.1037/a0013593,JPSP,external_control,2011,8,10,complete
control_10.1037/a0013593,JPSP,external_control,2012,7,11,complete
control_10.1037/a0013593,JPSP,external_control,2013,5,8,complete
control_10.1037/a0013593,JPSP,external_control,2014,16,17,complete
control_10.1037/a0013593,JPSP,external_control,2015,10,10,complete
control_10.1037/a0013593,JPSP,external_control,2016,9,12,complete
control_10.1037/a0013593,JPSP,external_control,2017,10,11,complete
control_10.1037/a0013593,JPSP,external_control,2018,4,7,complete
control_10.1037/a0013593,JPSP,external_control,2019,7,12,complete
control_10.1037/a0013593,JPSP,external_control,2020,10,14,complete
control_10.1037/a0013593,JPSP,external_control,2021,13,16,complete
control_10.1037/a0013593,JPSP,external_control,2022,11,13,complete
control_10.1037/a0013593,JPSP,external_control,2023,5,10,complete
control_10.1037/a0013593,JPSP,external_control,2024,4,5,complete
control_10.1037/a0013593,JPSP,external_control,2025,7,7,complete
control_10.1037/a0012165,JPSP,external_control,2008,0,0,complete
control_10.1037/a0012165,JPSP,external_control,2009,1,2,complete
control_10.1037/a0012165,JPSP,external_control,2010,8,11,complete
control_10.1037/a0012165,JPSP,external_control,2011,5,8,complete
control_10.1037/a0012165,JPSP,external_control,2012,9,13,complete
control_10.1037/a0012165,JPSP,external_control,2013,7,10,complete
control_10.1037/a0012165,JPSP,external_control,2014,17,22,complete
control_10.1037/a0012165,JPSP,external_control,2015,11,13,complete
control_10.1037/a0012165,JPSP,external_control,2016,10,13,complete
control_10.1037/a0012165,JPSP,external_control,2017,17,18,complete
control_10.1037/a0012165,JPSP,external_control,2018,9,12,complete
control_10.1037/a0012165,JPSP,external_control,2019,7,12,complete
control_10.1037/a0012165,JPSP,external_control,2020,12,18,complete
control_10.1037/a0012165,JPSP,external_control,2021,12,18,complete
control_10.1037/a0012165,JPSP,external_control,2022,12,15,complete
control_10.1037/a0012165,JPSP,external_control,2023,13,13,complete
control_10.1037/a0012165,JPSP,external_control,2024,11,15,complete
control_10.1037/a0012165,JPSP,external_control,2025,12,16,complete
control_10.1037/a0012453,JPSP,external_control,2008,0,0,complete
control_10.1037/a0012453,JPSP,external_control,2009,7,7,complete
control_10.1037/a0012453,JPSP,external_control,2010,2,3,complete
control_10.1037/a0012453,JPSP,external_control,2011,14,15,complete
control_10.1037/a0012453,JPSP,external_control,2012,12,13,complete
control_10.1037/a0012453,JPSP,external_control,2013,15,18,complete
control_10.1037/a0012453,JPSP,external_control,2014,21,22,complete
control_10.1037/a0012453,JPSP,external_control,2015,30,33,complete
control_10.1037/a0012453,JPSP,external_control,2016,23,27,complete
control_10.1037/a0012453,JPSP,external_control,2017,23,24,complete
control_10.1037/a0012453,JPSP,external_control,2018,38,45,complete
control_10.1037/a0012453,JPSP,external_control,2019,39,55,complete
control_10.1037/a0012453,JPSP,external_control,2020,35,89,complete
control_10.1037/a0012453,JPSP,external_control,2021,66,75,complete
control_10.1037/a0012453,JPSP,external_control,2022,60,71,complete
control_10.1037/a0012453,JPSP,external_control,2023,64,69,complete
control_10.1037/a0012453,JPSP,external_control,2024,64,76,complete
control_10.1037/a0012453,JPSP,external_control,2025,69,77,complete
control_10.1037/a0012454,JPSP,external_control,2008,0,1,complete
control_10.1037/a0012454,JPSP,external_control,2009,2,2,complete
control_10.1037/a0012454,JPSP,external_control,2010,4,4,complete
control_10.1037/a0012454,JPSP,external_control,2011,3,5,complete
control_10.1037/a0012454,JPSP,external_control,2012,5,9,complete
control_10.1037/a0012454,JPSP,external_control,2013,12,13,complete
control_10.1037/a0012454,JPSP,external_control,2014,9,10,complete
control_10.1037/a0012454,JPSP,external_control,2015,3,6,complete
control_10.1037/a0012454,JPSP,external_control,2016,4,7,complete
control_10.1037/a0012454,JPSP,external_control,2017,6,6,complete
control_10.1037/a0012454,JPSP,external_control,2018,5,7,complete
control_10.1037/a0012454,JPSP,external_control,2019,10,12,complete
control_10.1037/a0012454,JPSP,external_control,2020,4,4,complete
control_10.1037/a0012454,JPSP,external_control,2021,2,3,complete
control_10.1037/a0012454,JPSP,external_control,2022,5,9,complete
control_10.1037/a0012454,JPSP,external_control,2023,1,3,complete
control_10.1037/a0012454,JPSP,external_control,2024,0,1,complete
control_10.1037/a0012454,JPSP,external_control,2025,3,3,complete
control_10.1037/a0012627,JPSP,external_control,2008,0,0,complete
control_10.1037/a0012627,JPSP,external_control,2009,1,1,complete
control_10.1037/a0012627,JPSP,external_control,2010,2,4,complete
control_10.1037/a0012627,JPSP,external_control,2011,2,2,complete
control_10.1037/a0012627,JPSP,external_control,2012,0,1,complete
control_10.1037/a0012627,JPSP,external_control,2013,1,2,complete
control_10.1037/a0012627,JPSP,external_control,2014,2,4,complete
control_10.1037/a0012627,JPSP,external_control,2015,2,3,complete
control_10.1037/a0012627,JPSP,external_control,2016,1,1,complete
control_10.1037/a0012627,JPSP,external_control,2017,1,2,complete
control_10.1037/a0012627,JPSP,external_control,2018,0,0,complete
control_10.1037/a0012627,JPSP,external_control,2019,2,2,complete
control_10.1037/a0012627,JPSP,external_control,2020,1,2,complete
control_10.1037/a0012627,JPSP,external_control,2021,2,3,complete
control_10.1037/a0012627,JPSP,external_control,2022,1,1,complete
control_10.1037/a0012627,JPSP,external_control,2023,1,3,complete
control_10.1037/a0012627,JPSP,external_control,2024,3,3,complete
control_10.1037/a0012627,JPSP,external_control,2025,0,0,complete
control_10.1037/a0012628,JPSP,external_control,2008,1,1,complete
control_10.1037/a0012628,JPSP,external_control,2009,2,2,complete
control_10.1037/a0012628,JPSP,external_control,2010,3,3,complete
control_10.1037/a0012628,JPSP,external_control,2011,7,7,complete
control_10.1037/a0012628,JPSP,external_control,2012,9,11,complete
control_10.1037/a0012628,JPSP,external_control,2013,8,8,complete
control_10.1037/a0012628,JPSP,external_control,2014,9,12,complete
control_10.1037/a0012628,JPSP,external_control,2015,12,13,complete
control_10.1037/a0012628,JPSP,external_control,2016,9,9,complete
control_10.1037/a0012628,JPSP,external_control,2017,6,6,complete
control_10.1037/a0012628,JPSP,external_control,2018,13,15,complete
control_10.1037/a0012628,JPSP,external_control,2019,8,10,complete
control_10.1037/a0012628,JPSP,external_control,2020,6,9,complete
control_10.1037/a0012628,JPSP,external_control,2021,5,6,complete
control_10.1037/a0012628,JPSP,external_control,2022,4,7,complete
control_10.1037/a0012628,JPSP,external_control,2023,8,10,complete
control_10.1037/a0012628,JPSP,external_control,2024,5,6,complete
control_10.1037/a0012628,JPSP,external_control,2025,7,7,complete
control_10.1037/a0012631,JPSP,external_control,2008,0,0,complete
control_10.1037/a0012631,JPSP,external_control,2009,0,0,complete
control_10.1037/a0012631,JPSP,external_control,2010,1,1,complete
control_10.1037/a0012631,JPSP,external_control,2011,2,4,complete
control_10.1037/a0012631,JPSP,external_control,2012,2,2,complete
control_10.1037/a0012631,JPSP,external_control,2013,2,3,complete
control_10.1037/a0012631,JPSP,external_control,2014,1,1,complete
control_10.1037/a0012631,JPSP,external_control,2015,3,3,complete
control_10.1037/a0012631,JPSP,external_control,2016,6,7,complete
control_10.1037/a0012631,JPSP,external_control,2017,5,5,complete
control_10.1037/a0012631,JPSP,external_control,2018,4,6,complete
control_10.1037/a0012631,JPSP,external_control,2019,1,3,complete
control_10.1037/a0012631,JPSP,external_control,2020,1,3,complete
control_10.1037/a0012631,JPSP,external_control,2021,1,1,complete
control_10.1037/a0012631,JPSP,external_control,2022,3,3,complete
control_10.1037/a0012631,JPSP,external_control,2023,2,2,complete
control_10.1037/a0012631,JPSP,external_control,2024,1,1,complete
control_10.1037/a0012631,JPSP,external_control,2025,7,7,complete
control_10.1037/a0012632,JPSP,external_control,2008,0,0,complete
control_10.1037/a0012632,JPSP,external_control,2009,3,5,complete
control_10.1037/a0012632,JPSP,external_control,2010,14,18,complete
control_10.1037/a0012632,JPSP,external_control,2011,16,20,complete
control_10.1037/a0012632,JPSP,external_control,2012,14,15,complete
control_10.1037/a0012632,JPSP,external_control,2013,7,16,complete
control_10.1037/a0012632,JPSP,external_control,2014,16,23,complete
control_10.1037/a0012632,JPSP,external_control,2015,8,12,complete
control_10.1037/a0012632,JPSP,external_control,2016,9,11,complete
control_10.1037/a0012632,JPSP,external_control,2017,16,20,complete
control_10.1037/a0012632,JPSP,external_control,2018,14,14,complete
control_10.1037/a0012632,JPSP,external_control,2019,6,7,complete
control_10.1037/a0012632,JPSP,external_control,2020,9,10,complete
control_10.1037/a0012632,JPSP,external_control,2021,12,13,complete
control_10.1037/a0012632,JPSP,external_control,2022,8,8,complete
control_10.1037/a0012632,JPSP,external_control,2023,6,9,complete
control_10.1037/a0012632,JPSP,external_control,2024,2,2,complete
control_10.1037/a0012632,JPSP,external_control,2025,9,13,complete
control_10.1037/a0012634,JPSP,external_control,2008,0,0,complete
control_10.1037/a0012634,JPSP,external_control,2009,2,2,complete
control_10.1037/a0012634,JPSP,external_control,2010,3,6,complete
control_10.1037/a0012634,JPSP,external_control,2011,14,15,complete
control_10.1037/a0012634,JPSP,external_control,2012,27,34,complete
control_10.1037/a0012634,JPSP,external_control,2013,20,21,complete
control_10.1037/a0012634,JPSP,external_control,2014,10,15,complete
control_10.1037/a0012634,JPSP,external_control,2015,17,21,complete
control_10.1037/a0012634,JPSP,external_control,2016,13,15,complete
control_10.1037/a0012634,JPSP,external_control,2017,13,18,complete
control_10.1037/a0012634,JPSP,external_control,2018,21,24,complete
control_10.1037/a0012634,JPSP,external_control,2019,12,18,complete
control_10.1037/a0012634,JPSP,external_control,2020,8,32,complete
control_10.1037/a0012634,JPSP,external_control,2021,8,11,complete
control_10.1037/a0012634,JPSP,external_control,2022,10,13,complete
control_10.1037/a0012634,JPSP,external_control,2023,9,16,complete
control_10.1037/a0012634,JPSP,external_control,2024,14,16,complete
control_10.1037/a0012634,JPSP,external_control,2025,9,10,complete
control_10.1037/a0012635,JPSP,external_control,2008,0,0,complete
control_10.1037/a0012635,JPSP,external_control,2009,1,1,complete
control_10.1037/a0012635,JPSP,external_control,2010,2,4,complete
control_10.1037/a0012635,JPSP,external_control,2011,3,5,complete
control_10.1037/a0012635,JPSP,external_control,2012,7,8,complete
control_10.1037/a0012635,JPSP,external_control,2013,5,10,complete
control_10.1037/a0012635,JPSP,external_control,2014,5,6,complete
control_10.1037/a0012635,JPSP,external_control,2015,5,5,complete
control_10.1037/a0012635,JPSP,external_control,2016,4,5,complete
control_10.1037/a0012635,JPSP,external_control,2017,3,4,complete
control_10.1037/a0012635,JPSP,external_control,2018,7,9,complete
control_10.1037/a0012635,JPSP,external_control,2019,8,8,complete
control_10.1037/a0012635,JPSP,external_control,2020,5,5,complete
control_10.1037/a0012635,JPSP,external_control,2021,4,6,complete
control_10.1037/a0012635,JPSP,external_control,2022,6,7,complete
control_10.1037/a0012635,JPSP,external_control,2023,7,8,complete
control_10.1037/a0012635,JPSP,external_control,2024,10,11,complete
control_10.1037/a0012635,JPSP,external_control,2025,6,6,complete
control_10.1037/a0012821,JPSP,external_control,2008,2,2,complete
control_10.1037/a0012821,JPSP,external_control,2009,3,3,complete
control_10.1037/a0012821,JPSP,external_control,2010,7,8,complete
control_10.1037/a0012821,JPSP,external_control,2011,7,9,complete
control_10.1037/a0012821,JPSP,external_control,2012,5,6,complete
control_10.1037/a0012821,JPSP,external_control,2013,3,3,complete
control_10.1037/a0012821,JPSP,external_control,2014,5,8,complete
control_10.1037/a0012821,JPSP,external_control,2015,3,3,complete
control_10.1037/a0012821,JPSP,external_control,2016,3,3,complete
control_10.1037/a0012821,JPSP,external_control,2017,4,4,complete
control_10.1037/a0012821,JPSP,external_control,2018,2,2,complete
control_10.1037/a0012821,JPSP,external_control,2019,8,9,complete
control_10.1037/a0012821,JPSP,external_control,2020,2,3,complete
control_10.1037/a0012821,JPSP,external_control,2021,4,5,complete
control_10.1037/a0012821,JPSP,external_control,2022,6,6,complete
control_10.1037/a0012821,JPSP,external_control,2023,5,5,complete
control_10.1037/a0012821,JPSP,external_control,2024,1,1,complete
control_10.1037/a0012821,JPSP,external_control,2025,2,2,complete
control_10.1037/a0012822,JPSP,external_control,2008,0,0,complete
control_10.1037/a0012822,JPSP,external_control,2009,0,0,complete
control_10.1037/a0012822,JPSP,external_control,2010,3,3,complete
control_10.1037/a0012822,JPSP,external_control,2011,4,5,complete
control_10.1037/a0012822,JPSP,external_control,2012,2,5,complete
control_10.1037/a0012822,JPSP,external_control,2013,4,4,complete
control_10.1037/a0012822,JPSP,external_control,2014,7,8,complete
control_10.1037/a0012822,JPSP,external_control,2015,3,6,complete
control_10.1037/a0012822,JPSP,external_control,2016,1,3,complete
control_10.1037/a0012822,JPSP,external_control,2017,6,6,complete
control_10.1037/a0012822,JPSP,external_control,2018,3,3,complete
control_10.1037/a0012822,JPSP,external_control,2019,4,6,complete
control_10.1037/a0012822,JPSP,external_control,2020,3,3,complete
control_10.1037/a0012822,JPSP,external_control,2021,3,5,complete
control_10.1037/a0012822,JPSP,external_control,2022,5,7,complete
control_10.1037/a0012822,JPSP,external_control,2023,5,7,complete
control_10.1037/a0012822,JPSP,external_control,2024,6,6,complete
control_10.1037/a0012822,JPSP,external_control,2025,3,3,complete
control_10.1037/a0013195,JPSP,external_control,2008,0,0,complete
control_10.1037/a0013195,JPSP,external_control,2009,2,2,complete
control_10.1037/a0013195,JPSP,external_control,2010,3,5,complete
control_10.1037/a0013195,JPSP,external_control,2011,8,10,complete
control_10.1037/a0013195,JPSP,external_control,2012,3,4,complete
control_10.1037/a0013195,JPSP,external_control,2013,2,6,complete
control_10.1037/a0013195,JPSP,external_control,2014,4,6,complete
control_10.1037/a0013195,JPSP,external_control,2015,2,3,complete
control_10.1037/a0013195,JPSP,external_control,2016,1,4,complete
control_10.1037/a0013195,JPSP,external_control,2017,3,4,complete
control_10.1037/a0013195,JPSP,external_control,2018,3,4,complete
control_10.1037/a0013195,JPSP,external_control,2019,1,2,complete
control_10.1037/a0013195,JPSP,external_control,2020,2,4,complete
control_10.1037/a0013195,JPSP,external_control,2021,2,3,complete
control_10.1037/a0013195,JPSP,external_control,2022,2,2,complete
control_10.1037/a0013195,JPSP,external_control,2023,3,3,complete
control_10.1037/a0013195,JPSP,external_control,2024,3,3,complete
control_10.1037/a0013195,JPSP,external_control,2025,0,0,complete
control_10.1037/a0013261,JPSP,external_control,2008,2,2,complete
control_10.1037/a0013261,JPSP,external_control,2009,7,7,complete
control_10.1037/a0013261,JPSP,external_control,2010,6,8,complete
control_10.1037/a0013261,JPSP,external_control,2011,6,7,complete
control_10.1037/a0013261,JPSP,external_control,2012,3,6,complete
control_10.1037/a0013261,JPSP,external_control,2013,6,7,complete
control_10.1037/a0013261,JPSP,external_control,2014,6,8,complete
control_10.1037/a0013261,JPSP,external_control,2015,2,2,complete
control_10.1037/a0013261,JPSP,external_control,2016,6,6,complete
control_10.1037/a0013261,JPSP,external_control,2017,7,7,complete
control_10.1037/a0013261,JPSP,external_control,2018,3,5,complete
control_10.1037/a0013261,JPSP,external_control,2019,1,2,complete
control_10.1037/a0013261,JPSP,external_control,2020,6,7,complete
control_10.1037/a0013261,JPSP,external_control,2021,0,0,complete
control_10.1037/a0013261,JPSP,external_control,2022,4,5,complete
control_10.1037/a0013261,JPSP,external_control,2023,1,1,complete
control_10.1037/a0013261,JPSP,external_control,2024,0,0,complete
control_10.1037/a0013261,JPSP,external_control,2025,1,1,complete
control_10.1037/a0013263,JPSP,external_control,2008,0,0,complete
control_10.1037/a0013263,JPSP,external_control,2009,5,7,complete
control_10.1037/a0013263,JPSP,external_control,2010,6,9,complete
control_10.1037/a0013263,JPSP,external_control,2011,13,15,complete
control_10.1037/a0013263,JPSP,external_control,2012,7,12,complete
control_10.1037/a0013263,JPSP,external_control,2013,8,10,complete
control_10.1037/a0013263,JPSP,external_control,2014,16,19,complete
control_10.1037/a0013263,JPSP,external_control,2015,8,10,complete
control_10.1037/a0013263,JPSP,external_control,2016,7,12,complete
control_10.1037/a0013263,JPSP,external_control,2017,4,5,complete
control_10.1037/a0013263,JPSP,external_control,2018,5,7,complete
control_10.1037/a0013263,JPSP,external_control,2019,6,27,complete
control_10.1037/a0013263,JPSP,external_control,2020,4,6,complete
control_10.1037/a0013263,JPSP,external_control,2021,5,6,complete
control_10.1037/a0013263,JPSP,external_control,2022,2,5,complete
control_10.1037/a0013263,JPSP,external_control,2023,1,1,complete
control_10.1037/a0013263,JPSP,external_control,2024,2,2,complete
control_10.1037/a0013263,JPSP,external_control,2025,2,2,complete
control_10.1037/0278-7393.34.1.12,JEPLMC,external_control,2008,4,6,complete
control_10.1037/0278-7393.34.1.12,JEPLMC,external_control,2009,3,3,complete
control_10.1037/0278-7393.34.1.12,JEPLMC,external_control,2010,7,7,complete
control_10.1037/0278-7393.34.1.12,JEPLMC,external_control,2011,11,11,complete
control_10.1037/0278-7393.34.1.12,JEPLMC,external_control,2012,8,15,complete
control_10.1037/0278-7393.34.1.12,JEPLMC,external_control,2013,7,9,complete
control_10.1037/0278-7393.34.1.12,JEPLMC,external_control,2014,16,17,complete
control_10.1037/0278-7393.34.1.12,JEPLMC,external_control,2015,11,16,complete
control_10.1037/0278-7393.34.1.12,JEPLMC,external_control,2016,11,12,complete
control_10.1037/0278-7393.34.1.12,JEPLMC,external_control,2017,12,14,complete
control_10.1037/0278-7393.34.1.12,JEPLMC,external_control,2018,10,12,complete
control_10.1037/0278-7393.34.1.12,JEPLMC,external_control,2019,8,13,complete
control_10.1037/0278-7393.34.1.12,JEPLMC,external_control,2020,6,27,complete
control_10.1037/0278-7393.34.1.12,JEPLMC,external_control,2021,14,22,complete
control_10.1037/0278-7393.34.1.12,JEPLMC,external_control,2022,13,19,complete
control_10.1037/0278-7393.34.1.12,JEPLMC,external_control,2023,10,22,complete
control_10.1037/0278-7393.34.1.12,JEPLMC,external_control,2024,7,8,complete
control_10.1037/0278-7393.34.1.12,JEPLMC,external_control,2025,9,11,complete
control_10.1037/0278-7393.34.1.1,JEPLMC,external_control,2008,4,4,complete
control_10.1037/0278-7393.34.1.1,JEPLMC,external_control,2009,2,2,complete
control_10.1037/0278-7393.34.1.1,JEPLMC,external_control,2010,2,2,complete
control_10.1037/0278-7393.34.1.1,JEPLMC,external_control,2011,4,4,complete
control_10.1037/0278-7393.34.1.1,JEPLMC,external_control,2012,3,4,complete
control_10.1037/0278-7393.34.1.1,JEPLMC,external_control,2013,4,4,complete
control_10.1037/0278-7393.34.1.1,JEPLMC,external_control,2014,3,4,complete
control_10.1037/0278-7393.34.1.1,JEPLMC,external_control,2015,1,2,complete
control_10.1037/0278-7393.34.1.1,JEPLMC,external_control,2016,1,1,complete
control_10.1037/0278-7393.34.1.1,JEPLMC,external_control,2017,3,6,complete
control_10.1037/0278-7393.34.1.1,JEPLMC,external_control,2018,1,2,complete
control_10.1037/0278-7393.34.1.1,JEPLMC,external_control,2019,1,4,complete
control_10.1037/0278-7393.34.1.1,JEPLMC,external_control,2020,2,3,complete
control_10.1037/0278-7393.34.1.1,JEPLMC,external_control,2021,3,5,complete
control_10.1037/0278-7393.34.1.1,JEPLMC,external_control,2022,1,1,complete
control_10.1037/0278-7393.34.1.1,JEPLMC,external_control,2023,1,2,complete
control_10.1037/0278-7393.34.1.1,JEPLMC,external_control,2024,1,1,complete
control_10.1037/0278-7393.34.1.1,JEPLMC,external_control,2025,1,1,complete
control_10.1037/0278-7393.34.1.112,JEPLMC,external_control,2008,6,7,complete
control_10.1037/0278-7393.34.1.112,JEPLMC,external_control,2009,2,3,complete
control_10.1037/0278-7393.34.1.112,JEPLMC,external_control,2010,4,5,complete
control_10.1037/0278-7393.34.1.112,JEPLMC,external_control,2011,2,2,complete
control_10.1037/0278-7393.34.1.112,JEPLMC,external_control,2012,5,6,complete
control_10.1037/0278-7393.34.1.112,JEPLMC,external_control,2013,7,8,complete
control_10.1037/0278-7393.34.1.112,JEPLMC,external_control,2014,6,9,complete
control_10.1037/0278-7393.34.1.112,JEPLMC,external_control,2015,6,7,complete
control_10.1037/0278-7393.34.1.112,JEPLMC,external_control,2016,5,7,complete
control_10.1037/0278-7393.34.1.112,JEPLMC,external_control,2017,8,10,complete
control_10.1037/0278-7393.34.1.112,JEPLMC,external_control,2018,7,10,complete
control_10.1037/0278-7393.34.1.112,JEPLMC,external_control,2019,7,9,complete
control_10.1037/0278-7393.34.1.112,JEPLMC,external_control,2020,3,3,complete
control_10.1037/0278-7393.34.1.112,JEPLMC,external_control,2021,3,7,complete
control_10.1037/0278-7393.34.1.112,JEPLMC,external_control,2022,3,4,complete
control_10.1037/0278-7393.34.1.112,JEPLMC,external_control,2023,4,6,complete
control_10.1037/0278-7393.34.1.112,JEPLMC,external_control,2024,0,5,complete
control_10.1037/0278-7393.34.1.112,JEPLMC,external_control,2025,5,7,complete
control_10.1037/0278-7393.34.1.32,JEPLMC,external_control,2008,0,1,complete
control_10.1037/0278-7393.34.1.32,JEPLMC,external_control,2009,5,5,complete
control_10.1037/0278-7393.34.1.32,JEPLMC,external_control,2010,5,6,complete
control_10.1037/0278-7393.34.1.32,JEPLMC,external_control,2011,6,7,complete
control_10.1037/0278-7393.34.1.32,JEPLMC,external_control,2012,2,3,complete
control_10.1037/0278-7393.34.1.32,JEPLMC,external_control,2013,3,4,complete
control_10.1037/0278-7393.34.1.32,JEPLMC,external_control,2014,5,5,complete
control_10.1037/0278-7393.34.1.32,JEPLMC,external_control,2015,3,5,complete
control_10.1037/0278-7393.34.1.32,JEPLMC,external_control,2016,2,2,complete
control_10.1037/0278-7393.34.1.32,JEPLMC,external_control,2017,2,2,complete
control_10.1037/0278-7393.34.1.32,JEPLMC,external_control,2018,4,7,complete
control_10.1037/0278-7393.34.1.32,JEPLMC,external_control,2019,4,6,complete
control_10.1037/0278-7393.34.1.32,JEPLMC,external_control,2020,0,0,complete
control_10.1037/0278-7393.34.1.32,JEPLMC,external_control,2021,0,0,complete
control_10.1037/0278-7393.34.1.32,JEPLMC,external_control,2022,1,1,complete
control_10.1037/0278-7393.34.1.32,JEPLMC,external_control,2023,1,2,complete
control_10.1037/0278-7393.34.1.32,JEPLMC,external_control,2024,1,1,complete
control_10.1037/0278-7393.34.1.32,JEPLMC,external_control,2025,2,2,complete
control_10.1037/0278-7393.34.2.257,JEPLMC,external_control,2008,3,3,complete
control_10.1037/0278-7393.34.2.257,JEPLMC,external_control,2009,2,2,complete
control_10.1037/0278-7393.34.2.257,JEPLMC,external_control,2010,3,3,complete
control_10.1037/0278-7393.34.2.257,JEPLMC,external_control,2011,1,1,complete
control_10.1037/0278-7393.34.2.257,JEPLMC,external_control,2012,1,2,complete
control_10.1037/0278-7393.34.2.257,JEPLMC,external_control,2013,0,2,complete
control_10.1037/0278-7393.34.2.257,JEPLMC,external_control,2014,2,3,complete
control_10.1037/0278-7393.34.2.257,JEPLMC,external_control,2015,0,0,complete
control_10.1037/0278-7393.34.2.257,JEPLMC,external_control,2016,0,0,complete
control_10.1037/0278-7393.34.2.257,JEPLMC,external_control,2017,2,2,complete
control_10.1037/0278-7393.34.2.257,JEPLMC,external_control,2018,1,1,complete
control_10.1037/0278-7393.34.2.257,JEPLMC,external_control,2019,1,2,complete
control_10.1037/0278-7393.34.2.257,JEPLMC,external_control,2020,0,1,complete
control_10.1037/0278-7393.34.2.257,JEPLMC,external_control,2021,1,1,complete
control_10.1037/0278-7393.34.2.257,JEPLMC,external_control,2022,0,0,complete
control_10.1037/0278-7393.34.2.257,JEPLMC,external_control,2023,0,0,complete
control_10.1037/0278-7393.34.2.257,JEPLMC,external_control,2024,0,0,complete
control_10.1037/0278-7393.34.2.257,JEPLMC,external_control,2025,0,0,complete
control_10.1037/0278-7393.34.2.282,JEPLMC,external_control,2008,1,1,complete
control_10.1037/0278-7393.34.2.282,JEPLMC,external_control,2009,3,3,complete
control_10.1037/0278-7393.34.2.282,JEPLMC,external_control,2010,6,7,complete
control_10.1037/0278-7393.34.2.282,JEPLMC,external_control,2011,7,9,complete
control_10.1037/0278-7393.34.2.282,JEPLMC,external_control,2012,6,7,complete
control_10.1037/0278-7393.34.2.282,JEPLMC,external_control,2013,6,6,complete
control_10.1037/0278-7393.34.2.282,JEPLMC,external_control,2014,3,3,complete
control_10.1037/0278-7393.34.2.282,JEPLMC,external_control,2015,3,4,complete
control_10.1037/0278-7393.34.2.282,JEPLMC,external_control,2016,2,2,complete
control_10.1037/0278-7393.34.2.282,JEPLMC,external_control,2017,0,0,complete
control_10.1037/0278-7393.34.2.282,JEPLMC,external_control,2018,3,3,complete
control_10.1037/0278-7393.34.2.282,JEPLMC,external_control,2019,0,0,complete
control_10.1037/0278-7393.34.2.282,JEPLMC,external_control,2020,0,0,complete
control_10.1037/0278-7393.34.2.282,JEPLMC,external_control,2021,0,0,complete
control_10.1037/0278-7393.34.2.282,JEPLMC,external_control,2022,0,0,complete
control_10.1037/0278-7393.34.2.282,JEPLMC,external_control,2023,0,0,complete
control_10.1037/0278-7393.34.2.282,JEPLMC,external_control,2024,0,0,complete
control_10.1037/0278-7393.34.2.282,JEPLMC,external_control,2025,1,1,complete
control_10.1037/0278-7393.34.2.313,JEPLMC,external_control,2008,2,2,complete
control_10.1037/0278-7393.34.2.313,JEPLMC,external_control,2009,2,2,complete
control_10.1037/0278-7393.34.2.313,JEPLMC,external_control,2010,3,3,complete
control_10.1037/0278-7393.34.2.313,JEPLMC,external_control,2011,2,4,complete
control_10.1037/0278-7393.34.2.313,JEPLMC,external_control,2012,2,2,complete
control_10.1037/0278-7393.34.2.313,JEPLMC,external_control,2013,4,6,complete
control_10.1037/0278-7393.34.2.313,JEPLMC,external_control,2014,3,30,complete
control_10.1037/0278-7393.34.2.313,JEPLMC,external_control,2015,3,5,complete
control_10.1037/0278-7393.34.2.313,JEPLMC,external_control,2016,5,5,complete
control_10.1037/0278-7393.34.2.313,JEPLMC,external_control,2017,2,6,complete
control_10.1037/0278-7393.34.2.313,JEPLMC,external_control,2018,1,1,complete
control_10.1037/0278-7393.34.2.313,JEPLMC,external_control,2019,7,8,complete
control_10.1037/0278-7393.34.2.313,JEPLMC,external_control,2020,2,5,complete
control_10.1037/0278-7393.34.2.313,JEPLMC,external_control,2021,3,6,complete
control_10.1037/0278-7393.34.2.313,JEPLMC,external_control,2022,3,4,complete
control_10.1037/0278-7393.34.2.313,JEPLMC,external_control,2023,5,5,complete
control_10.1037/0278-7393.34.2.313,JEPLMC,external_control,2024,3,3,complete
control_10.1037/0278-7393.34.2.313,JEPLMC,external_control,2025,4,4,complete
control_10.1037/0278-7393.34.2.328,JEPLMC,external_control,2008,2,2,complete
control_10.1037/0278-7393.34.2.328,JEPLMC,external_control,2009,11,11,complete
control_10.1037/0278-7393.34.2.328,JEPLMC,external_control,2010,13,13,complete
control_10.1037/0278-7393.34.2.328,JEPLMC,external_control,2011,10,12,complete
control_10.1037/0278-7393.34.2.328,JEPLMC,external_control,2012,10,11,complete
control_10.1037/0278-7393.34.2.328,JEPLMC,external_control,2013,5,5,complete
control_10.1037/0278-7393.34.2.328,JEPLMC,external_control,2014,12,12,complete
control_10.1037/0278-7393.34.2.328,JEPLMC,external_control,2015,6,7,complete
control_10.1037/0278-7393.34.2.328,JEPLMC,external_control,2016,3,5,complete
control_10.1037/0278-7393.34.2.328,JEPLMC,external_control,2017,4,4,complete
control_10.1037/0278-7393.34.2.328,JEPLMC,external_control,2018,6,8,complete
control_10.1037/0278-7393.34.2.328,JEPLMC,external_control,2019,3,5,complete
control_10.1037/0278-7393.34.2.328,JEPLMC,external_control,2020,6,6,complete
control_10.1037/0278-7393.34.2.328,JEPLMC,external_control,2021,7,8,complete
control_10.1037/0278-7393.34.2.328,JEPLMC,external_control,2022,2,4,complete
control_10.1037/0278-7393.34.2.328,JEPLMC,external_control,2023,4,4,complete
control_10.1037/0278-7393.34.2.328,JEPLMC,external_control,2024,3,3,complete
control_10.1037/0278-7393.34.2.328,JEPLMC,external_control,2025,4,4,complete
control_10.1037/0278-7393.34.2.381,JEPLMC,external_control,2008,0,0,complete
control_10.1037/0278-7393.34.2.381,JEPLMC,external_control,2009,0,0,complete
control_10.1037/0278-7393.34.2.381,JEPLMC,external_control,2010,0,2,complete
control_10.1037/0278-7393.34.2.381,JEPLMC,external_control,2011,1,1,complete
control_10.1037/0278-7393.34.2.381,JEPLMC,external_control,2012,2,3,complete
control_10.1037/0278-7393.34.2.381,JEPLMC,external_control,2013,2,2,complete
control_10.1037/0278-7393.34.2.381,JEPLMC,external_control,2014,0,2,complete
control_10.1037/0278-7393.34.2.381,JEPLMC,external_control,2015,0,1,complete
control_10.1037/0278-7393.34.2.381,JEPLMC,external_control,2016,0,0,complete
control_10.1037/0278-7393.34.2.381,JEPLMC,external_control,2017,1,2,complete
control_10.1037/0278-7393.34.2.381,JEPLMC,external_control,2018,3,3,complete
control_10.1037/0278-7393.34.2.381,JEPLMC,external_control,2019,1,1,complete
control_10.1037/0278-7393.34.2.381,JEPLMC,external_control,2020,1,1,complete
control_10.1037/0278-7393.34.2.381,JEPLMC,external_control,2021,0,0,complete
control_10.1037/0278-7393.34.2.381,JEPLMC,external_control,2022,0,0,complete
control_10.1037/0278-7393.34.2.381,JEPLMC,external_control,2023,0,0,complete
control_10.1037/0278-7393.34.2.381,JEPLMC,external_control,2024,0,0,complete
control_10.1037/0278-7393.34.2.381,JEPLMC,external_control,2025,1,1,complete
control_10.1037/0278-7393.34.2.415,JEPLMC,external_control,2008,1,1,complete
control_10.1037/0278-7393.34.2.415,JEPLMC,external_control,2009,2,2,complete
control_10.1037/0278-7393.34.2.415,JEPLMC,external_control,2010,0,0,complete
control_10.1037/0278-7393.34.2.415,JEPLMC,external_control,2011,2,2,complete
control_10.1037/0278-7393.34.2.415,JEPLMC,external_control,2012,0,0,complete
control_10.1037/0278-7393.34.2.415,JEPLMC,external_control,2013,1,2,complete
control_10.1037/0278-7393.34.2.415,JEPLMC,external_control,2014,0,0,complete
control_10.1037/0278-7393.34.2.415,JEPLMC,external_control,2015,0,0,complete
control_10.1037/0278-7393.34.2.415,JEPLMC,external_control,2016,0,0,complete
control_10.1037/0278-7393.34.2.415,JEPLMC,external_control,2017,0,0,complete
control_10.1037/0278-7393.34.2.415,JEPLMC,external_control,2018,0,0,complete
control_10.1037/0278-7393.34.2.415,JEPLMC,external_control,2019,0,0,complete
control_10.1037/0278-7393.34.2.415,JEPLMC,external_control,2020,0,0,complete
control_10.1037/0278-7393.34.2.415,JEPLMC,external_control,2021,0,0,complete
control_10.1037/0278-7393.34.2.415,JEPLMC,external_control,2022,0,0,complete
control_10.1037/0278-7393.34.2.415,JEPLMC,external_control,2023,0,1,complete
control_10.1037/0278-7393.34.2.415,JEPLMC,external_control,2024,0,0,complete
control_10.1037/0278-7393.34.2.415,JEPLMC,external_control,2025,0,1,complete
control_10.1037/0278-7393.34.2.422,JEPLMC,external_control,2008,0,0,complete
control_10.1037/0278-7393.34.2.422,JEPLMC,external_control,2009,2,3,complete
control_10.1037/0278-7393.34.2.422,JEPLMC,external_control,2010,1,2,complete
control_10.1037/0278-7393.34.2.422,JEPLMC,external_control,2011,1,1,complete
control_10.1037/0278-7393.34.2.422,JEPLMC,external_control,2012,3,3,complete
control_10.1037/0278-7393.34.2.422,JEPLMC,external_control,2013,2,2,complete
control_10.1037/0278-7393.34.2.422,JEPLMC,external_control,2014,3,3,complete
control_10.1037/0278-7393.34.2.422,JEPLMC,external_control,2015,1,1,complete
control_10.1037/0278-7393.34.2.422,JEPLMC,external_control,2016,3,3,complete
control_10.1037/0278-7393.34.2.422,JEPLMC,external_control,2017,2,2,complete
control_10.1037/0278-7393.34.2.422,JEPLMC,external_control,2018,1,2,complete
control_10.1037/0278-7393.34.2.422,JEPLMC,external_control,2019,1,1,complete
control_10.1037/0278-7393.34.2.422,JEPLMC,external_control,2020,1,1,complete
control_10.1037/0278-7393.34.2.422,JEPLMC,external_control,2021,1,2,complete
control_10.1037/0278-7393.34.2.422,JEPLMC,external_control,2022,0,0,complete
control_10.1037/0278-7393.34.2.422,JEPLMC,external_control,2023,0,0,complete
control_10.1037/0278-7393.34.2.422,JEPLMC,external_control,2024,0,0,complete
control_10.1037/0278-7393.34.2.422,JEPLMC,external_control,2025,0,0,complete
control_10.1037/0278-7393.34.3.688,JEPLMC,external_control,2008,0,0,complete
control_10.1037/0278-7393.34.3.688,JEPLMC,external_control,2009,0,0,complete
control_10.1037/0278-7393.34.3.688,JEPLMC,external_control,2010,2,3,complete
control_10.1037/0278-7393.34.3.688,JEPLMC,external_control,2011,1,1,complete
control_10.1037/0278-7393.34.3.688,JEPLMC,external_control,2012,2,2,complete
control_10.1037/0278-7393.34.3.688,JEPLMC,external_control,2013,0,0,complete
control_10.1037/0278-7393.34.3.688,JEPLMC,external_control,2014,1,1,complete
control_10.1037/0278-7393.34.3.688,JEPLMC,external_control,2015,1,1,complete
control_10.1037/0278-7393.34.3.688,JEPLMC,external_control,2016,0,0,complete
control_10.1037/0278-7393.34.3.688,JEPLMC,external_control,2017,1,1,complete
control_10.1037/0278-7393.34.3.688,JEPLMC,external_control,2018,0,0,complete
control_10.1037/0278-7393.34.3.688,JEPLMC,external_control,2019,0,0,complete
control_10.1037/0278-7393.34.3.688,JEPLMC,external_control,2020,0,0,complete
control_10.1037/0278-7393.34.3.688,JEPLMC,external_control,2021,0,0,complete
control_10.1037/0278-7393.34.3.688,JEPLMC,external_control,2022,0,1,complete
control_10.1037/0278-7393.34.3.688,JEPLMC,external_control,2023,1,1,complete
control_10.1037/0278-7393.34.3.688,JEPLMC,external_control,2024,0,0,complete
control_10.1037/0278-7393.34.3.688,JEPLMC,external_control,2025,0,0,complete
control_10.1037/0278-7393.34.3.712,JEPLMC,external_control,2008,2,3,complete
control_10.1037/0278-7393.34.3.712,JEPLMC,external_control,2009,0,0,complete
control_10.1037/0278-7393.34.3.712,JEPLMC,external_control,2010,5,5,complete
control_10.1037/0278-7393.34.3.712,JEPLMC,external_control,2011,4,4,complete
control_10.1037/0278-7393.34.3.712,JEPLMC,external_control,2012,6,6,complete
control_10.1037/0278-7393.34.3.712,JEPLMC,external_control,2013,5,5,complete
control_10.1037/0278-7393.34.3.712,JEPLMC,external_control,2014,9,11,complete
control_10.1037/0278-7393.34.3.712,JEPLMC,external_control,2015,5,5,complete
control_10.1037/0278-7393.34.3.712,JEPLMC,external_control,2016,5,5,complete
control_10.1037/0278-7393.34.3.712,JEPLMC,external_control,2017,4,4,complete
control_10.1037/0278-7393.34.3.712,JEPLMC,external_control,2018,3,3,complete
control_10.1037/0278-7393.34.3.712,JEPLMC,external_control,2019,2,2,complete
control_10.1037/0278-7393.34.3.712,JEPLMC,external_control,2020,1,1,complete
control_10.1037/0278-7393.34.3.712,JEPLMC,external_control,2021,2,2,complete
control_10.1037/0278-7393.34.3.712,JEPLMC,external_control,2022,0,0,complete
control_10.1037/0278-7393.34.3.712,JEPLMC,external_control,2023,4,4,complete
control_10.1037/0278-7393.34.3.712,JEPLMC,external_control,2024,1,2,complete
control_10.1037/0278-7393.34.3.712,JEPLMC,external_control,2025,1,4,complete
control_10.1037/0278-7393.34.3.533,JEPLMC,external_control,2008,1,1,complete
control_10.1037/0278-7393.34.3.533,JEPLMC,external_control,2009,1,1,complete
control_10.1037/0278-7393.34.3.533,JEPLMC,external_control,2010,5,5,complete
control_10.1037/0278-7393.34.3.533,JEPLMC,external_control,2011,1,1,complete
control_10.1037/0278-7393.34.3.533,JEPLMC,external_control,2012,1,1,complete
control_10.1037/0278-7393.34.3.533,JEPLMC,external_control,2013,2,4,complete
control_10.1037/0278-7393.34.3.533,JEPLMC,external_control,2014,0,0,complete
control_10.1037/0278-7393.34.3.533,JEPLMC,external_control,2015,0,0,complete
control_10.1037/0278-7393.34.3.533,JEPLMC,external_control,2016,0,0,complete
control_10.1037/0278-7393.34.3.533,JEPLMC,external_control,2017,0,0,complete
control_10.1037/0278-7393.34.3.533,JEPLMC,external_control,2018,1,1,complete
control_10.1037/0278-7393.34.3.533,JEPLMC,external_control,2019,0,0,complete
control_10.1037/0278-7393.34.3.533,JEPLMC,external_control,2020,2,2,complete
control_10.1037/0278-7393.34.3.533,JEPLMC,external_control,2021,0,0,complete
control_10.1037/0278-7393.34.3.533,JEPLMC,external_control,2022,1,1,complete
control_10.1037/0278-7393.34.3.533,JEPLMC,external_control,2023,0,0,complete
control_10.1037/0278-7393.34.3.533,JEPLMC,external_control,2024,0,0,complete
control_10.1037/0278-7393.34.3.533,JEPLMC,external_control,2025,1,4,complete
control_10.1037/0278-7393.34.3.556,JEPLMC,external_control,2008,2,2,complete
control_10.1037/0278-7393.34.3.556,JEPLMC,external_control,2009,3,3,complete
control_10.1037/0278-7393.34.3.556,JEPLMC,external_control,2010,0,0,complete
control_10.1037/0278-7393.34.3.556,JEPLMC,external_control,2011,4,6,complete
control_10.1037/0278-7393.34.3.556,JEPLMC,external_control,2012,6,6,complete
control_10.1037/0278-7393.34.3.556,JEPLMC,external_control,2013,3,4,complete
control_10.1037/0278-7393.34.3.556,JEPLMC,external_control,2014,7,8,complete
control_10.1037/0278-7393.34.3.556,JEPLMC,external_control,2015,4,4,complete
control_10.1037/0278-7393.34.3.556,JEPLMC,external_control,2016,7,8,complete
control_10.1037/0278-7393.34.3.556,JEPLMC,external_control,2017,7,8,complete
control_10.1037/0278-7393.34.3.556,JEPLMC,external_control,2018,5,6,complete
control_10.1037/0278-7393.34.3.556,JEPLMC,external_control,2019,6,6,complete
control_10.1037/0278-7393.34.3.556,JEPLMC,external_control,2020,1,1,complete
control_10.1037/0278-7393.34.3.556,JEPLMC,external_control,2021,3,6,complete
control_10.1037/0278-7393.34.3.556,JEPLMC,external_control,2022,1,1,complete
control_10.1037/0278-7393.34.3.556,JEPLMC,external_control,2023,3,3,complete
control_10.1037/0278-7393.34.3.556,JEPLMC,external_control,2024,4,4,complete
control_10.1037/0278-7393.34.3.556,JEPLMC,external_control,2025,2,2,complete
control_10.1037/0278-7393.34.3.570,JEPLMC,external_control,2008,3,3,complete
control_10.1037/0278-7393.34.3.570,JEPLMC,external_control,2009,4,4,complete
control_10.1037/0278-7393.34.3.570,JEPLMC,external_control,2010,3,3,complete
control_10.1037/0278-7393.34.3.570,JEPLMC,external_control,2011,0,0,complete
control_10.1037/0278-7393.34.3.570,JEPLMC,external_control,2012,1,1,complete
control_10.1037/0278-7393.34.3.570,JEPLMC,external_control,2013,5,6,complete
control_10.1037/0278-7393.34.3.570,JEPLMC,external_control,2014,2,2,complete
control_10.1037/0278-7393.34.3.570,JEPLMC,external_control,2015,0,0,complete
control_10.1037/0278-7393.34.3.570,JEPLMC,external_control,2016,7,8,complete
control_10.1037/0278-7393.34.3.570,JEPLMC,external_control,2017,5,5,complete
control_10.1037/0278-7393.34.3.570,JEPLMC,external_control,2018,2,2,complete
control_10.1037/0278-7393.34.3.570,JEPLMC,external_control,2019,4,6,complete
control_10.1037/0278-7393.34.3.570,JEPLMC,external_control,2020,7,8,complete
control_10.1037/0278-7393.34.3.570,JEPLMC,external_control,2021,4,4,complete
control_10.1037/0278-7393.34.3.570,JEPLMC,external_control,2022,3,5,complete
control_10.1037/0278-7393.34.3.570,JEPLMC,external_control,2023,2,5,complete
control_10.1037/0278-7393.34.3.570,JEPLMC,external_control,2024,3,6,complete
control_10.1037/0278-7393.34.3.570,JEPLMC,external_control,2025,1,1,complete
control_10.1037/0278-7393.34.3.587,JEPLMC,external_control,2008,1,1,complete
control_10.1037/0278-7393.34.3.587,JEPLMC,external_control,2009,3,3,complete
control_10.1037/0278-7393.34.3.587,JEPLMC,external_control,2010,3,3,complete
control_10.1037/0278-7393.34.3.587,JEPLMC,external_control,2011,8,10,complete
control_10.1037/0278-7393.34.3.587,JEPLMC,external_control,2012,1,2,complete
control_10.1037/0278-7393.34.3.587,JEPLMC,external_control,2013,2,2,complete
control_10.1037/0278-7393.34.3.587,JEPLMC,external_control,2014,1,1,complete
control_10.1037/0278-7393.34.3.587,JEPLMC,external_control,2015,4,4,complete
control_10.1037/0278-7393.34.3.587,JEPLMC,external_control,2016,1,1,complete
control_10.1037/0278-7393.34.3.587,JEPLMC,external_control,2017,0,0,complete
control_10.1037/0278-7393.34.3.587,JEPLMC,external_control,2018,0,0,complete
control_10.1037/0278-7393.34.3.587,JEPLMC,external_control,2019,0,0,complete
control_10.1037/0278-7393.34.3.587,JEPLMC,external_control,2020,1,1,complete
control_10.1037/0278-7393.34.3.587,JEPLMC,external_control,2021,1,2,complete
control_10.1037/0278-7393.34.3.587,JEPLMC,external_control,2022,1,1,complete
control_10.1037/0278-7393.34.3.587,JEPLMC,external_control,2023,1,1,complete
control_10.1037/0278-7393.34.3.587,JEPLMC,external_control,2024,0,0,complete
control_10.1037/0278-7393.34.3.587,JEPLMC,external_control,2025,0,1,complete
control_10.1037/0278-7393.34.3.602,JEPLMC,external_control,2008,1,2,complete
control_10.1037/0278-7393.34.3.602,JEPLMC,external_control,2009,1,1,complete
control_10.1037/0278-7393.34.3.602,JEPLMC,external_control,2010,3,4,complete
control_10.1037/0278-7393.34.3.602,JEPLMC,external_control,2011,0,0,complete
control_10.1037/0278-7393.34.3.602,JEPLMC,external_control,2012,7,8,complete
control_10.1037/0278-7393.34.3.602,JEPLMC,external_control,2013,2,2,complete
control_10.1037/0278-7393.34.3.602,JEPLMC,external_control,2014,0,0,complete
control_10.1037/0278-7393.34.3.602,JEPLMC,external_control,2015,0,0,complete
control_10.1037/0278-7393.34.3.602,JEPLMC,external_control,2016,0,0,complete
control_10.1037/0278-7393.34.3.602,JEPLMC,external_control,2017,1,3,complete
control_10.1037/0278-7393.34.3.602,JEPLMC,external_control,2018,0,0,complete
control_10.1037/0278-7393.34.3.602,JEPLMC,external_control,2019,0,0,complete
control_10.1037/0278-7393.34.3.602,JEPLMC,external_control,2020,1,2,complete
control_10.1037/0278-7393.34.3.602,JEPLMC,external_control,2021,0,0,complete
control_10.1037/0278-7393.34.3.602,JEPLMC,external_control,2022,2,2,complete
control_10.1037/0278-7393.34.3.602,JEPLMC,external_control,2023,1,2,complete
control_10.1037/0278-7393.34.3.602,JEPLMC,external_control,2024,0,1,complete
control_10.1037/0278-7393.34.3.602,JEPLMC,external_control,2025,0,0,complete
control_10.1037/0278-7393.34.3.616,JEPLMC,external_control,2008,0,0,complete
control_10.1037/0278-7393.34.3.616,JEPLMC,external_control,2009,5,6,complete
control_10.1037/0278-7393.34.3.616,JEPLMC,external_control,2010,4,5,complete
control_10.1037/0278-7393.34.3.616,JEPLMC,external_control,2011,9,9,complete
control_10.1037/0278-7393.34.3.616,JEPLMC,external_control,2012,4,9,complete
control_10.1037/0278-7393.34.3.616,JEPLMC,external_control,2013,7,8,complete
control_10.1037/0278-7393.34.3.616,JEPLMC,external_control,2014,7,7,complete
control_10.1037/0278-7393.34.3.616,JEPLMC,external_control,2015,3,3,complete
control_10.1037/0278-7393.34.3.616,JEPLMC,external_control,2016,10,14,complete
control_10.1037/0278-7393.34.3.616,JEPLMC,external_control,2017,4,5,complete
control_10.1037/0278-7393.34.3.616,JEPLMC,external_control,2018,4,4,complete
control_10.1037/0278-7393.34.3.616,JEPLMC,external_control,2019,1,1,complete
control_10.1037/0278-7393.34.3.616,JEPLMC,external_control,2020,5,6,complete
control_10.1037/0278-7393.34.3.616,JEPLMC,external_control,2021,4,5,complete
control_10.1037/0278-7393.34.3.616,JEPLMC,external_control,2022,2,3,complete
control_10.1037/0278-7393.34.3.616,JEPLMC,external_control,2023,4,6,complete
control_10.1037/0278-7393.34.3.616,JEPLMC,external_control,2024,1,1,complete
control_10.1037/0278-7393.34.3.616,JEPLMC,external_control,2025,1,1,complete
control_10.1037/0278-7393.34.3.631,JEPLMC,external_control,2008,3,3,complete
control_10.1037/0278-7393.34.3.631,JEPLMC,external_control,2009,2,2,complete
control_10.1037/0278-7393.34.3.631,JEPLMC,external_control,2010,4,6,complete
control_10.1037/0278-7393.34.3.631,JEPLMC,external_control,2011,2,2,complete
control_10.1037/0278-7393.34.3.631,JEPLMC,external_control,2012,2,3,complete
control_10.1037/0278-7393.34.3.631,JEPLMC,external_control,2013,0,1,complete
control_10.1037/0278-7393.34.3.631,JEPLMC,external_control,2014,2,2,complete
control_10.1037/0278-7393.34.3.631,JEPLMC,external_control,2015,2,2,complete
control_10.1037/0278-7393.34.3.631,JEPLMC,external_control,2016,2,3,complete
control_10.1037/0278-7393.34.3.631,JEPLMC,external_control,2017,0,1,complete
control_10.1037/0278-7393.34.3.631,JEPLMC,external_control,2018,0,0,complete
control_10.1037/0278-7393.34.3.631,JEPLMC,external_control,2019,1,1,complete
control_10.1037/0278-7393.34.3.631,JEPLMC,external_control,2020,1,1,complete
control_10.1037/0278-7393.34.3.631,JEPLMC,external_control,2021,3,3,complete
control_10.1037/0278-7393.34.3.631,JEPLMC,external_control,2022,5,5,complete
control_10.1037/0278-7393.34.3.631,JEPLMC,external_control,2023,2,2,complete
control_10.1037/0278-7393.34.3.631,JEPLMC,external_control,2024,5,6,complete
control_10.1037/0278-7393.34.3.631,JEPLMC,external_control,2025,2,2,complete
control_10.1037/0278-7393.34.3.643,JEPLMC,external_control,2008,0,1,complete
control_10.1037/0278-7393.34.3.643,JEPLMC,external_control,2009,8,8,complete
control_10.1037/0278-7393.34.3.643,JEPLMC,external_control,2010,8,8,complete
control_10.1037/0278-7393.34.3.643,JEPLMC,external_control,2011,7,9,complete
control_10.1037/0278-7393.34.3.643,JEPLMC,external_control,2012,5,10,complete
control_10.1037/0278-7393.34.3.643,JEPLMC,external_control,2013,5,7,complete
control_10.1037/0278-7393.34.3.643,JEPLMC,external_control,2014,6,8,complete
control_10.1037/0278-7393.34.3.643,JEPLMC,external_control,2015,4,5,complete
control_10.1037/0278-7393.34.3.643,JEPLMC,external_control,2016,6,8,complete
control_10.1037/0278-7393.34.3.643,JEPLMC,external_control,2017,2,3,complete
control_10.1037/0278-7393.34.3.643,JEPLMC,external_control,2018,4,5,complete
control_10.1037/0278-7393.34.3.643,JEPLMC,external_control,2019,4,5,complete
control_10.1037/0278-7393.34.3.643,JEPLMC,external_control,2020,5,9,complete
control_10.1037/0278-7393.34.3.643,JEPLMC,external_control,2021,7,9,complete
control_10.1037/0278-7393.34.3.643,JEPLMC,external_control,2022,4,5,complete
control_10.1037/0278-7393.34.3.643,JEPLMC,external_control,2023,7,7,complete
control_10.1037/0278-7393.34.3.643,JEPLMC,external_control,2024,3,4,complete
control_10.1037/0278-7393.34.3.643,JEPLMC,external_control,2025,4,4,complete
control_10.1037/0278-7393.34.3.662,JEPLMC,external_control,2008,0,0,complete
control_10.1037/0278-7393.34.3.662,JEPLMC,external_control,2009,1,1,complete
control_10.1037/0278-7393.34.3.662,JEPLMC,external_control,2010,6,6,complete
control_10.1037/0278-7393.34.3.662,JEPLMC,external_control,2011,2,2,complete
control_10.1037/0278-7393.34.3.662,JEPLMC,external_control,2012,0,0,complete
control_10.1037/0278-7393.34.3.662,JEPLMC,external_control,2013,4,4,complete
control_10.1037/0278-7393.34.3.662,JEPLMC,external_control,2014,2,2,complete
control_10.1037/0278-7393.34.3.662,JEPLMC,external_control,2015,2,2,complete
control_10.1037/0278-7393.34.3.662,JEPLMC,external_control,2016,2,2,complete
control_10.1037/0278-7393.34.3.662,JEPLMC,external_control,2017,2,3,complete
control_10.1037/0278-7393.34.3.662,JEPLMC,external_control,2018,0,0,complete
control_10.1037/0278-7393.34.3.662,JEPLMC,external_control,2019,0,0,complete
control_10.1037/0278-7393.34.3.662,JEPLMC,external_control,2020,4,4,complete
control_10.1037/0278-7393.34.3.662,JEPLMC,external_control,2021,0,0,complete
control_10.1037/0278-7393.34.3.662,JEPLMC,external_control,2022,1,1,complete
control_10.1037/0278-7393.34.3.662,JEPLMC,external_control,2023,0,0,complete
control_10.1037/0278-7393.34.3.662,JEPLMC,external_control,2024,0,1,complete
control_10.1037/0278-7393.34.3.662,JEPLMC,external_control,2025,0,0,complete
control_10.1037/0278-7393.34.3.680,JEPLMC,external_control,2008,0,0,complete
control_10.1037/0278-7393.34.3.680,JEPLMC,external_control,2009,3,3,complete
control_10.1037/0278-7393.34.3.680,JEPLMC,external_control,2010,1,2,complete
control_10.1037/0278-7393.34.3.680,JEPLMC,external_control,2011,1,1,complete
control_10.1037/0278-7393.34.3.680,JEPLMC,external_control,2012,4,4,complete
control_10.1037/0278-7393.34.3.680,JEPLMC,external_control,2013,0,0,complete
control_10.1037/0278-7393.34.3.680,JEPLMC,external_control,2014,1,1,complete
control_10.1037/0278-7393.34.3.680,JEPLMC,external_control,2015,1,1,complete
control_10.1037/0278-7393.34.3.680,JEPLMC,external_control,2016,0,0,complete
control_10.1037/0278-7393.34.3.680,JEPLMC,external_control,2017,1,2,complete
control_10.1037/0278-7393.34.3.680,JEPLMC,external_control,2018,0,0,complete
control_10.1037/0278-7393.34.3.680,JEPLMC,external_control,2019,0,1,complete
control_10.1037/0278-7393.34.3.680,JEPLMC,external_control,2020,1,1,complete
control_10.1037/0278-7393.34.3.680,JEPLMC,external_control,2021,0,0,complete
control_10.1037/0278-7393.34.3.680,JEPLMC,external_control,2022,0,1,complete
control_10.1037/0278-7393.34.3.680,JEPLMC,external_control,2023,0,0,complete
control_10.1037/0278-7393.34.3.680,JEPLMC,external_control,2024,1,1,complete
control_10.1037/0278-7393.34.3.680,JEPLMC,external_control,2025,0,0,complete
control_10.1037/0278-7393.34.3.696,JEPLMC,external_control,2008,1,1,complete
control_10.1037/0278-7393.34.3.696,JEPLMC,external_control,2009,3,5,complete
control_10.1037/0278-7393.34.3.696,JEPLMC,external_control,2010,3,3,complete
control_10.1037/0278-7393.34.3.696,JEPLMC,external_control,2011,2,2,complete
control_10.1037/0278-7393.34.3.696,JEPLMC,external_control,2012,0,1,complete
control_10.1037/0278-7393.34.3.696,JEPLMC,external_control,2013,1,1,complete
control_10.1037/0278-7393.34.3.696,JEPLMC,external_control,2014,1,5,complete
control_10.1037/0278-7393.34.3.696,JEPLMC,external_control,2015,2,3,complete
control_10.1037/0278-7393.34.3.696,JEPLMC,external_control,2016,1,2,complete
control_10.1037/0278-7393.34.3.696,JEPLMC,external_control,2017,0,1,complete
control_10.1037/0278-7393.34.3.696,JEPLMC,external_control,2018,2,2,complete
control_10.1037/0278-7393.34.3.696,JEPLMC,external_control,2019,3,3,complete
control_10.1037/0278-7393.34.3.696,JEPLMC,external_control,2020,0,2,complete
control_10.1037/0278-7393.34.3.696,JEPLMC,external_control,2021,6,6,complete
control_10.1037/0278-7393.34.3.696,JEPLMC,external_control,2022,2,4,complete
control_10.1037/0278-7393.34.3.696,JEPLMC,external_control,2023,7,9,complete
control_10.1037/0278-7393.34.3.696,JEPLMC,external_control,2024,4,4,complete
control_10.1037/0278-7393.34.3.696,JEPLMC,external_control,2025,1,2,complete
control_10.1037/0278-7393.34.3.703,JEPLMC,external_control,2008,2,4,complete
control_10.1037/0278-7393.34.3.703,JEPLMC,external_control,2009,7,7,complete
control_10.1037/0278-7393.34.3.703,JEPLMC,external_control,2010,11,14,complete
control_10.1037/0278-7393.34.3.703,JEPLMC,external_control,2011,7,11,complete
control_10.1037/0278-7393.34.3.703,JEPLMC,external_control,2012,6,6,complete
control_10.1037/0278-7393.34.3.703,JEPLMC,external_control,2013,6,8,complete
control_10.1037/0278-7393.34.3.703,JEPLMC,external_control,2014,8,9,complete
control_10.1037/0278-7393.34.3.703,JEPLMC,external_control,2015,4,7,complete
control_10.1037/0278-7393.34.3.703,JEPLMC,external_control,2016,9,11,complete
control_10.1037/0278-7393.34.3.703,JEPLMC,external_control,2017,5,9,complete
control_10.1037/0278-7393.34.3.703,JEPLMC,external_control,2018,2,4,complete
control_10.1037/0278-7393.34.3.703,JEPLMC,external_control,2019,4,5,complete
control_10.1037/0278-7393.34.3.703,JEPLMC,external_control,2020,6,8,complete
control_10.1037/0278-7393.34.3.703,JEPLMC,external_control,2021,3,11,complete
control_10.1037/0278-7393.34.3.703,JEPLMC,external_control,2022,3,4,complete
control_10.1037/0278-7393.34.3.703,JEPLMC,external_control,2023,1,2,complete
control_10.1037/0278-7393.34.3.703,JEPLMC,external_control,2024,5,7,complete
control_10.1037/0278-7393.34.3.703,JEPLMC,external_control,2025,3,3,complete
control_10.1037/0278-7393.34.4.730,JEPLMC,external_control,2008,4,4,complete
control_10.1037/0278-7393.34.4.730,JEPLMC,external_control,2009,7,9,complete
control_10.1037/0278-7393.34.4.730,JEPLMC,external_control,2010,13,19,complete
control_10.1037/0278-7393.34.4.730,JEPLMC,external_control,2011,8,9,complete
control_10.1037/0278-7393.34.4.730,JEPLMC,external_control,2012,13,14,complete
control_10.1037/0278-7393.34.4.730,JEPLMC,external_control,2013,18,22,complete
control_10.1037/0278-7393.34.4.730,JEPLMC,external_control,2014,14,17,complete
control_10.1037/0278-7393.34.4.730,JEPLMC,external_control,2015,21,24,complete
control_10.1037/0278-7393.34.4.730,JEPLMC,external_control,2016,9,9,complete
control_10.1037/0278-7393.34.4.730,JEPLMC,external_control,2017,9,12,complete
control_10.1037/0278-7393.34.4.730,JEPLMC,external_control,2018,7,12,complete
control_10.1037/0278-7393.34.4.730,JEPLMC,external_control,2019,12,14,complete
control_10.1037/0278-7393.34.4.730,JEPLMC,external_control,2020,4,7,complete
control_10.1037/0278-7393.34.4.730,JEPLMC,external_control,2021,9,13,complete
control_10.1037/0278-7393.34.4.730,JEPLMC,external_control,2022,4,9,complete
control_10.1037/0278-7393.34.4.730,JEPLMC,external_control,2023,5,9,complete
control_10.1037/0278-7393.34.4.730,JEPLMC,external_control,2024,6,9,complete
control_10.1037/0278-7393.34.4.730,JEPLMC,external_control,2025,6,8,complete
control_10.1037/0278-7393.34.4.741,JEPLMC,external_control,2008,1,1,complete
control_10.1037/0278-7393.34.4.741,JEPLMC,external_control,2009,1,2,complete
control_10.1037/0278-7393.34.4.741,JEPLMC,external_control,2010,2,3,complete
control_10.1037/0278-7393.34.4.741,JEPLMC,external_control,2011,2,2,complete
control_10.1037/0278-7393.34.4.741,JEPLMC,external_control,2012,4,4,complete
control_10.1037/0278-7393.34.4.741,JEPLMC,external_control,2013,2,2,complete
control_10.1037/0278-7393.34.4.741,JEPLMC,external_control,2014,3,3,complete
control_10.1037/0278-7393.34.4.741,JEPLMC,external_control,2015,2,3,complete
control_10.1037/0278-7393.34.4.741,JEPLMC,external_control,2016,3,3,complete
control_10.1037/0278-7393.34.4.741,JEPLMC,external_control,2017,3,3,complete
control_10.1037/0278-7393.34.4.741,JEPLMC,external_control,2018,4,4,complete
control_10.1037/0278-7393.34.4.741,JEPLMC,external_control,2019,1,2,complete
control_10.1037/0278-7393.34.4.741,JEPLMC,external_control,2020,1,1,complete
control_10.1037/0278-7393.34.4.741,JEPLMC,external_control,2021,2,3,complete
control_10.1037/0278-7393.34.4.741,JEPLMC,external_control,2022,2,3,complete
control_10.1037/0278-7393.34.4.741,JEPLMC,external_control,2023,0,0,complete
control_10.1037/0278-7393.34.4.741,JEPLMC,external_control,2024,1,1,complete
control_10.1037/0278-7393.34.4.741,JEPLMC,external_control,2025,0,0,complete
control_10.1037/0278-7393.34.4.769,JEPLMC,external_control,2008,0,0,complete
control_10.1037/0278-7393.34.4.769,JEPLMC,external_control,2009,4,5,complete
control_10.1037/0278-7393.34.4.769,JEPLMC,external_control,2010,6,7,complete
control_10.1037/0278-7393.34.4.769,JEPLMC,external_control,2011,6,6,complete
control_10.1037/0278-7393.34.4.769,JEPLMC,external_control,2012,9,9,complete
control_10.1037/0278-7393.34.4.769,JEPLMC,external_control,2013,8,9,complete
control_10.1037/0278-7393.34.4.769,JEPLMC,external_control,2014,4,5,complete
control_10.1037/0278-7393.34.4.769,JEPLMC,external_control,2015,6,8,complete
control_10.1037/0278-7393.34.4.769,JEPLMC,external_control,2016,4,4,complete
control_10.1037/0278-7393.34.4.769,JEPLMC,external_control,2017,4,6,complete
control_10.1037/0278-7393.34.4.769,JEPLMC,external_control,2018,3,5,complete
control_10.1037/0278-7393.34.4.769,JEPLMC,external_control,2019,5,7,complete
control_10.1037/0278-7393.34.4.769,JEPLMC,external_control,2020,3,3,complete
control_10.1037/0278-7393.34.4.769,JEPLMC,external_control,2021,3,6,complete
control_10.1037/0278-7393.34.4.769,JEPLMC,external_control,2022,1,4,complete
control_10.1037/0278-7393.34.4.769,JEPLMC,external_control,2023,1,1,complete
control_10.1037/0278-7393.34.4.769,JEPLMC,external_control,2024,0,1,complete
control_10.1037/0278-7393.34.4.769,JEPLMC,external_control,2025,0,0,complete
control_10.1037/0278-7393.34.4.859,JEPLMC,external_control,2008,4,4,complete
control_10.1037/0278-7393.34.4.859,JEPLMC,external_control,2009,13,16,complete
control_10.1037/0278-7393.34.4.859,JEPLMC,external_control,2010,22,30,complete
control_10.1037/0278-7393.34.4.859,JEPLMC,external_control,2011,30,36,complete
control_10.1037/0278-7393.34.4.859,JEPLMC,external_control,2012,36,52,complete
control_10.1037/0278-7393.34.4.859,JEPLMC,external_control,2013,41,54,complete
control_10.1037/0278-7393.34.4.859,JEPLMC,external_control,2014,58,67,complete
control_10.1037/0278-7393.34.4.859,JEPLMC,external_control,2015,49,72,complete
control_10.1037/0278-7393.34.4.859,JEPLMC,external_control,2016,51,63,complete
control_10.1037/0278-7393.34.4.859,JEPLMC,external_control,2017,48,62,complete
control_10.1037/0278-7393.34.4.859,JEPLMC,external_control,2018,65,80,complete
control_10.1037/0278-7393.34.4.859,JEPLMC,external_control,2019,47,62,complete
control_10.1037/0278-7393.34.4.859,JEPLMC,external_control,2020,56,70,complete
control_10.1037/0278-7393.34.4.859,JEPLMC,external_control,2021,44,59,complete
control_10.1037/0278-7393.34.4.859,JEPLMC,external_control,2022,50,67,complete
control_10.1037/0278-7393.34.4.859,JEPLMC,external_control,2023,31,50,complete
control_10.1037/0278-7393.34.4.859,JEPLMC,external_control,2024,29,37,complete
control_10.1037/0278-7393.34.4.859,JEPLMC,external_control,2025,24,28,complete
control_10.1037/0278-7393.34.4.874,JEPLMC,external_control,2008,3,3,complete
control_10.1037/0278-7393.34.4.874,JEPLMC,external_control,2009,4,5,complete
control_10.1037/0278-7393.34.4.874,JEPLMC,external_control,2010,4,5,complete
control_10.1037/0278-7393.34.4.874,JEPLMC,external_control,2011,3,3,complete
control_10.1037/0278-7393.34.4.874,JEPLMC,external_control,2012,1,2,complete
control_10.1037/0278-7393.34.4.874,JEPLMC,external_control,2013,1,1,complete
control_10.1037/0278-7393.34.4.874,JEPLMC,external_control,2014,2,3,complete
control_10.1037/0278-7393.34.4.874,JEPLMC,external_control,2015,4,4,complete
control_10.1037/0278-7393.34.4.874,JEPLMC,external_control,2016,5,5,complete
control_10.1037/0278-7393.34.4.874,JEPLMC,external_control,2017,5,5,complete
control_10.1037/0278-7393.34.4.874,JEPLMC,external_control,2018,1,4,complete
control_10.1037/0278-7393.34.4.874,JEPLMC,external_control,2019,2,2,complete
control_10.1037/0278-7393.34.4.874,JEPLMC,external_control,2020,1,2,complete
control_10.1037/0278-7393.34.4.874,JEPLMC,external_control,2021,2,3,complete
control_10.1037/0278-7393.34.4.874,JEPLMC,external_control,2022,0,1,complete
control_10.1037/0278-7393.34.4.874,JEPLMC,external_control,2023,0,0,complete
control_10.1037/0278-7393.34.4.874,JEPLMC,external_control,2024,1,2,complete
control_10.1037/0278-7393.34.4.874,JEPLMC,external_control,2025,0,0,complete
control_10.1037/0278-7393.34.4.945,JEPLMC,external_control,2008,1,1,complete
control_10.1037/0278-7393.34.4.945,JEPLMC,external_control,2009,4,4,complete
control_10.1037/0278-7393.34.4.945,JEPLMC,external_control,2010,5,7,complete
control_10.1037/0278-7393.34.4.945,JEPLMC,external_control,2011,10,12,complete
control_10.1037/0278-7393.34.4.945,JEPLMC,external_control,2012,12,12,complete
control_10.1037/0278-7393.34.4.945,JEPLMC,external_control,2013,10,10,complete
control_10.1037/0278-7393.34.4.945,JEPLMC,external_control,2014,6,8,complete
control_10.1037/0278-7393.34.4.945,JEPLMC,external_control,2015,14,15,complete
control_10.1037/0278-7393.34.4.945,JEPLMC,external_control,2016,5,6,complete
control_10.1037/0278-7393.34.4.945,JEPLMC,external_control,2017,9,10,complete
control_10.1037/0278-7393.34.4.945,JEPLMC,external_control,2018,13,13,complete
control_10.1037/0278-7393.34.4.945,JEPLMC,external_control,2019,7,13,complete
control_10.1037/0278-7393.34.4.945,JEPLMC,external_control,2020,7,10,complete
control_10.1037/0278-7393.34.4.945,JEPLMC,external_control,2021,6,9,complete
control_10.1037/0278-7393.34.4.945,JEPLMC,external_control,2022,5,6,complete
control_10.1037/0278-7393.34.4.945,JEPLMC,external_control,2023,11,13,complete
control_10.1037/0278-7393.34.4.945,JEPLMC,external_control,2024,6,7,complete
control_10.1037/0278-7393.34.4.945,JEPLMC,external_control,2025,6,6,complete
control_10.1037/0278-7393.34.4.1001,JEPLMC,external_control,2008,0,0,complete
control_10.1037/0278-7393.34.4.1001,JEPLMC,external_control,2009,3,3,complete
control_10.1037/0278-7393.34.4.1001,JEPLMC,external_control,2010,2,3,complete
control_10.1037/0278-7393.34.4.1001,JEPLMC,external_control,2011,11,11,complete
control_10.1037/0278-7393.34.4.1001,JEPLMC,external_control,2012,5,6,complete
control_10.1037/0278-7393.34.4.1001,JEPLMC,external_control,2013,6,6,complete
control_10.1037/0278-7393.34.4.1001,JEPLMC,external_control,2014,8,9,complete
control_10.1037/0278-7393.34.4.1001,JEPLMC,external_control,2015,11,12,complete
control_10.1037/0278-7393.34.4.1001,JEPLMC,external_control,2016,2,6,complete
control_10.1037/0278-7393.34.4.1001,JEPLMC,external_control,2017,5,5,complete
control_10.1037/0278-7393.34.4.1001,JEPLMC,external_control,2018,5,8,complete
control_10.1037/0278-7393.34.4.1001,JEPLMC,external_control,2019,3,5,complete
control_10.1037/0278-7393.34.4.1001,JEPLMC,external_control,2020,5,6,complete
control_10.1037/0278-7393.34.4.1001,JEPLMC,external_control,2021,3,3,complete
control_10.1037/0278-7393.34.4.1001,JEPLMC,external_control,2022,4,4,complete
control_10.1037/0278-7393.34.4.1001,JEPLMC,external_control,2023,2,3,complete
control_10.1037/0278-7393.34.4.1001,JEPLMC,external_control,2024,4,4,complete
control_10.1037/0278-7393.34.4.1001,JEPLMC,external_control,2025,5,5,complete
control_10.1037/0278-7393.34.4.752,JEPLMC,external_control,2008,1,1,complete
control_10.1037/0278-7393.34.4.752,JEPLMC,external_control,2009,2,2,complete
control_10.1037/0278-7393.34.4.752,JEPLMC,external_control,2010,8,10,complete
control_10.1037/0278-7393.34.4.752,JEPLMC,external_control,2011,4,4,complete
control_10.1037/0278-7393.34.4.752,JEPLMC,external_control,2012,4,4,complete
control_10.1037/0278-7393.34.4.752,JEPLMC,external_control,2013,5,6,complete
control_10.1037/0278-7393.34.4.752,JEPLMC,external_control,2014,4,4,complete
control_10.1037/0278-7393.34.4.752,JEPLMC,external_control,2015,2,2,complete
control_10.1037/0278-7393.34.4.752,JEPLMC,external_control,2016,1,2,complete
control_10.1037/0278-7393.34.4.752,JEPLMC,external_control,2017,1,2,complete
control_10.1037/0278-7393.34.4.752,JEPLMC,external_control,2018,4,5,complete
control_10.1037/0278-7393.34.4.752,JEPLMC,external_control,2019,1,1,complete
control_10.1037/0278-7393.34.4.752,JEPLMC,external_control,2020,0,0,complete
control_10.1037/0278-7393.34.4.752,JEPLMC,external_control,2021,1,1,complete
control_10.1037/0278-7393.34.4.752,JEPLMC,external_control,2022,0,0,complete
control_10.1037/0278-7393.34.4.752,JEPLMC,external_control,2023,0,0,complete
control_10.1037/0278-7393.34.4.752,JEPLMC,external_control,2024,0,1,complete
control_10.1037/0278-7393.34.4.752,JEPLMC,external_control,2025,0,0,complete
control_10.1037/0278-7393.34.4.780,JEPLMC,external_control,2008,1,1,complete
control_10.1037/0278-7393.34.4.780,JEPLMC,external_control,2009,5,6,complete
control_10.1037/0278-7393.34.4.780,JEPLMC,external_control,2010,2,2,complete
control_10.1037/0278-7393.34.4.780,JEPLMC,external_control,2011,0,0,complete
control_10.1037/0278-7393.34.4.780,JEPLMC,external_control,2012,2,4,complete
control_10.1037/0278-7393.34.4.780,JEPLMC,external_control,2013,3,3,complete
control_10.1037/0278-7393.34.4.780,JEPLMC,external_control,2014,3,4,complete
control_10.1037/0278-7393.34.4.780,JEPLMC,external_control,2015,0,1,complete
control_10.1037/0278-7393.34.4.780,JEPLMC,external_control,2016,1,1,complete
control_10.1037/0278-7393.34.4.780,JEPLMC,external_control,2017,2,2,complete
control_10.1037/0278-7393.34.4.780,JEPLMC,external_control,2018,0,0,complete
control_10.1037/0278-7393.34.4.780,JEPLMC,external_control,2019,0,0,complete
control_10.1037/0278-7393.34.4.780,JEPLMC,external_control,2020,0,0,complete
control_10.1037/0278-7393.34.4.780,JEPLMC,external_control,2021,0,0,complete
control_10.1037/0278-7393.34.4.780,JEPLMC,external_control,2022,0,0,complete
control_10.1037/0278-7393.34.4.780,JEPLMC,external_control,2023,0,0,complete
control_10.1037/0278-7393.34.4.780,JEPLMC,external_control,2024,1,1,complete
control_10.1037/0278-7393.34.4.780,JEPLMC,external_control,2025,0,0,complete
control_10.1037/0278-7393.34.4.791,JEPLMC,external_control,2008,2,2,complete
control_10.1037/0278-7393.34.4.791,JEPLMC,external_control,2009,9,9,complete
control_10.1037/0278-7393.34.4.791,JEPLMC,external_control,2010,21,23,complete
control_10.1037/0278-7393.34.4.791,JEPLMC,external_control,2011,22,27,complete
control_10.1037/0278-7393.34.4.791,JEPLMC,external_control,2012,11,13,complete
control_10.1037/0278-7393.34.4.791,JEPLMC,external_control,2013,16,22,complete
control_10.1037/0278-7393.34.4.791,JEPLMC,external_control,2014,19,21,complete
control_10.1037/0278-7393.34.4.791,JEPLMC,external_control,2015,20,26,complete
control_10.1037/0278-7393.34.4.791,JEPLMC,external_control,2016,18,20,complete
control_10.1037/0278-7393.34.4.791,JEPLMC,external_control,2017,15,22,complete
control_10.1037/0278-7393.34.4.791,JEPLMC,external_control,2018,18,24,complete
control_10.1037/0278-7393.34.4.791,JEPLMC,external_control,2019,22,31,complete
control_10.1037/0278-7393.34.4.791,JEPLMC,external_control,2020,10,15,complete
control_10.1037/0278-7393.34.4.791,JEPLMC,external_control,2021,8,13,complete
control_10.1037/0278-7393.34.4.791,JEPLMC,external_control,2022,11,13,complete
control_10.1037/0278-7393.34.4.791,JEPLMC,external_control,2023,7,16,complete
control_10.1037/0278-7393.34.4.791,JEPLMC,external_control,2024,6,9,complete
control_10.1037/0278-7393.34.4.791,JEPLMC,external_control,2025,4,16,complete
control_10.1037/0278-7393.34.4.809,JEPLMC,external_control,2008,4,4,complete
control_10.1037/0278-7393.34.4.809,JEPLMC,external_control,2009,8,10,complete
control_10.1037/0278-7393.34.4.809,JEPLMC,external_control,2010,7,8,complete
control_10.1037/0278-7393.34.4.809,JEPLMC,external_control,2011,8,13,complete
control_10.1037/0278-7393.34.4.809,JEPLMC,external_control,2012,11,14,complete
control_10.1037/0278-7393.34.4.809,JEPLMC,external_control,2013,7,10,complete
control_10.1037/0278-7393.34.4.809,JEPLMC,external_control,2014,9,9,complete
control_10.1037/0278-7393.34.4.809,JEPLMC,external_control,2015,13,15,complete
control_10.1037/0278-7393.34.4.809,JEPLMC,external_control,2016,12,12,complete
control_10.1037/0278-7393.34.4.809,JEPLMC,external_control,2017,9,11,complete
control_10.1037/0278-7393.34.4.809,JEPLMC,external_control,2018,8,12,complete
control_10.1037/0278-7393.34.4.809,JEPLMC,external_control,2019,1,1,complete
control_10.1037/0278-7393.34.4.809,JEPLMC,external_control,2020,4,5,complete
control_10.1037/0278-7393.34.4.809,JEPLMC,external_control,2021,4,7,complete
control_10.1037/0278-7393.34.4.809,JEPLMC,external_control,2022,7,7,complete
control_10.1037/0278-7393.34.4.809,JEPLMC,external_control,2023,4,5,complete
control_10.1037/0278-7393.34.4.809,JEPLMC,external_control,2024,0,0,complete
control_10.1037/0278-7393.34.4.809,JEPLMC,external_control,2025,2,3,complete
control_10.1037/0278-7393.34.4.823,JEPLMC,external_control,2008,0,1,complete
control_10.1037/0278-7393.34.4.823,JEPLMC,external_control,2009,1,1,complete
control_10.1037/0278-7393.34.4.823,JEPLMC,external_control,2010,5,7,complete
control_10.1037/0278-7393.34.4.823,JEPLMC,external_control,2011,5,7,complete
control_10.1037/0278-7393.34.4.823,JEPLMC,external_control,2012,6,11,complete
control_10.1037/0278-7393.34.4.823,JEPLMC,external_control,2013,5,8,complete
control_10.1037/0278-7393.34.4.823,JEPLMC,external_control,2014,5,6,complete
control_10.1037/0278-7393.34.4.823,JEPLMC,external_control,2015,5,7,complete
control_10.1037/0278-7393.34.4.823,JEPLMC,external_control,2016,5,7,complete
control_10.1037/0278-7393.34.4.823,JEPLMC,external_control,2017,2,3,complete
control_10.1037/0278-7393.34.4.823,JEPLMC,external_control,2018,2,2,complete
control_10.1037/0278-7393.34.4.823,JEPLMC,external_control,2019,3,5,complete
control_10.1037/0278-7393.34.4.823,JEPLMC,external_control,2020,5,46,complete
control_10.1037/0278-7393.34.4.823,JEPLMC,external_control,2021,1,3,complete
control_10.1037/0278-7393.34.4.823,JEPLMC,external_control,2022,4,9,complete
control_10.1037/0278-7393.34.4.823,JEPLMC,external_control,2023,4,4,complete
control_10.1037/0278-7393.34.4.823,JEPLMC,external_control,2024,2,4,complete
control_10.1037/0278-7393.34.4.823,JEPLMC,external_control,2025,3,3,complete
control_10.1037/0278-7393.34.4.834,JEPLMC,external_control,2008,1,2,complete
control_10.1037/0278-7393.34.4.834,JEPLMC,external_control,2009,7,8,complete
control_10.1037/0278-7393.34.4.834,JEPLMC,external_control,2010,9,9,complete
control_10.1037/0278-7393.34.4.834,JEPLMC,external_control,2011,5,7,complete
control_10.1037/0278-7393.34.4.834,JEPLMC,external_control,2012,7,8,complete
control_10.1037/0278-7393.34.4.834,JEPLMC,external_control,2013,14,18,complete
control_10.1037/0278-7393.34.4.834,JEPLMC,external_control,2014,7,10,complete
control_10.1037/0278-7393.34.4.834,JEPLMC,external_control,2015,11,13,complete
control_10.1037/0278-7393.34.4.834,JEPLMC,external_control,2016,12,15,complete
control_10.1037/0278-7393.34.4.834,JEPLMC,external_control,2017,13,17,complete
control_10.1037/0278-7393.34.4.834,JEPLMC,external_control,2018,6,8,complete
control_10.1037/0278-7393.34.4.834,JEPLMC,external_control,2019,7,9,complete
control_10.1037/0278-7393.34.4.834,JEPLMC,external_control,2020,9,14,complete
control_10.1037/0278-7393.34.4.834,JEPLMC,external_control,2021,7,8,complete
control_10.1037/0278-7393.34.4.834,JEPLMC,external_control,2022,4,7,complete
control_10.1037/0278-7393.34.4.834,JEPLMC,external_control,2023,4,8,complete
control_10.1037/0278-7393.34.4.834,JEPLMC,external_control,2024,5,6,complete
control_10.1037/0278-7393.34.4.834,JEPLMC,external_control,2025,2,3,complete
control_10.1037/0278-7393.34.4.843,JEPLMC,external_control,2008,0,0,complete
control_10.1037/0278-7393.34.4.843,JEPLMC,external_control,2009,2,3,complete
control_10.1037/0278-7393.34.4.843,JEPLMC,external_control,2010,2,2,complete
control_10.1037/0278-7393.34.4.843,JEPLMC,external_control,2011,4,5,complete
control_10.1037/0278-7393.34.4.843,JEPLMC,external_control,2012,3,6,complete
control_10.1037/0278-7393.34.4.843,JEPLMC,external_control,2013,7,7,complete
control_10.1037/0278-7393.34.4.843,JEPLMC,external_control,2014,4,7,complete
control_10.1037/0278-7393.34.4.843,JEPLMC,external_control,2015,6,9,complete
control_10.1037/0278-7393.34.4.843,JEPLMC,external_control,2016,3,3,complete
control_10.1037/0278-7393.34.4.843,JEPLMC,external_control,2017,2,3,complete
control_10.1037/0278-7393.34.4.843,JEPLMC,external_control,2018,4,4,complete
control_10.1037/0278-7393.34.4.843,JEPLMC,external_control,2019,5,19,complete
control_10.1037/0278-7393.34.4.843,JEPLMC,external_control,2020,4,29,complete
control_10.1037/0278-7393.34.4.843,JEPLMC,external_control,2021,1,2,complete
control_10.1037/0278-7393.34.4.843,JEPLMC,external_control,2022,3,5,complete
control_10.1037/0278-7393.34.4.843,JEPLMC,external_control,2023,1,2,complete
control_10.1037/0278-7393.34.4.843,JEPLMC,external_control,2024,4,4,complete
control_10.1037/0278-7393.34.4.843,JEPLMC,external_control,2025,7,17,complete
control_10.1037/0278-7393.34.4.886,JEPLMC,external_control,2008,0,0,complete
control_10.1037/0278-7393.34.4.886,JEPLMC,external_control,2009,1,1,complete
control_10.1037/0278-7393.34.4.886,JEPLMC,external_control,2010,2,2,complete
control_10.1037/0278-7393.34.4.886,JEPLMC,external_control,2011,6,7,complete
control_10.1037/0278-7393.34.4.886,JEPLMC,external_control,2012,3,3,complete
control_10.1037/0278-7393.34.4.886,JEPLMC,external_control,2013,5,6,complete
control_10.1037/0278-7393.34.4.886,JEPLMC,external_control,2014,5,5,complete
control_10.1037/0278-7393.34.4.886,JEPLMC,external_control,2015,4,5,complete
control_10.1037/0278-7393.34.4.886,JEPLMC,external_control,2016,4,6,complete
control_10.1037/0278-7393.34.4.886,JEPLMC,external_control,2017,6,7,complete
control_10.1037/0278-7393.34.4.886,JEPLMC,external_control,2018,6,54,complete
control_10.1037/0278-7393.34.4.886,JEPLMC,external_control,2019,4,5,complete
control_10.1037/0278-7393.34.4.886,JEPLMC,external_control,2020,1,1,complete
control_10.1037/0278-7393.34.4.886,JEPLMC,external_control,2021,5,7,complete
control_10.1037/0278-7393.34.4.886,JEPLMC,external_control,2022,1,1,complete
control_10.1037/0278-7393.34.4.886,JEPLMC,external_control,2023,2,3,complete
control_10.1037/0278-7393.34.4.886,JEPLMC,external_control,2024,0,0,complete
control_10.1037/0278-7393.34.4.886,JEPLMC,external_control,2025,2,3,complete
control_10.1037/0278-7393.34.4.900,JEPLMC,external_control,2008,0,0,complete
control_10.1037/0278-7393.34.4.900,JEPLMC,external_control,2009,1,1,complete
control_10.1037/0278-7393.34.4.900,JEPLMC,external_control,2010,1,1,complete
control_10.1037/0278-7393.34.4.900,JEPLMC,external_control,2011,2,2,complete
control_10.1037/0278-7393.34.4.900,JEPLMC,external_control,2012,0,1,complete
control_10.1037/0278-7393.34.4.900,JEPLMC,external_control,2013,0,0,complete
control_10.1037/0278-7393.34.4.900,JEPLMC,external_control,2014,0,0,complete
control_10.1037/0278-7393.34.4.900,JEPLMC,external_control,2015,1,1,complete
control_10.1037/0278-7393.34.4.900,JEPLMC,external_control,2016,0,0,complete
control_10.1037/0278-7393.34.4.900,JEPLMC,external_control,2017,1,1,complete
control_10.1037/0278-7393.34.4.900,JEPLMC,external_control,2018,0,0,complete
control_10.1037/0278-7393.34.4.900,JEPLMC,external_control,2019,2,22,complete
control_10.1037/0278-7393.34.4.900,JEPLMC,external_control,2020,0,0,complete
control_10.1037/0278-7393.34.4.900,JEPLMC,external_control,2021,0,0,complete
control_10.1037/0278-7393.34.4.900,JEPLMC,external_control,2022,0,0,complete
control_10.1037/0278-7393.34.4.900,JEPLMC,external_control,2023,0,0,complete
control_10.1037/0278-7393.34.4.900,JEPLMC,external_control,2024,1,1,complete
control_10.1037/0278-7393.34.4.900,JEPLMC,external_control,2025,0,0,complete
control_10.1037/0278-7393.34.4.918,JEPLMC,external_control,2008,1,1,complete
control_10.1037/0278-7393.34.4.918,JEPLMC,external_control,2009,4,5,complete
control_10.1037/0278-7393.34.4.918,JEPLMC,external_control,2010,9,10,complete
control_10.1037/0278-7393.34.4.918,JEPLMC,external_control,2011,11,16,complete
control_10.1037/0278-7393.34.4.918,JEPLMC,external_control,2012,11,14,complete
control_10.1037/0278-7393.34.4.918,JEPLMC,external_control,2013,18,22,complete
control_10.1037/0278-7393.34.4.918,JEPLMC,external_control,2014,13,17,complete
control_10.1037/0278-7393.34.4.918,JEPLMC,external_control,2015,15,17,complete
control_10.1037/0278-7393.34.4.918,JEPLMC,external_control,2016,17,17,complete
control_10.1037/0278-7393.34.4.918,JEPLMC,external_control,2017,18,21,complete
control_10.1037/0278-7393.34.4.918,JEPLMC,external_control,2018,25,28,complete
control_10.1037/0278-7393.34.4.918,JEPLMC,external_control,2019,12,18,complete
control_10.1037/0278-7393.34.4.918,JEPLMC,external_control,2020,13,19,complete
control_10.1037/0278-7393.34.4.918,JEPLMC,external_control,2021,22,26,complete
control_10.1037/0278-7393.34.4.918,JEPLMC,external_control,2022,17,25,complete
control_10.1037/0278-7393.34.4.918,JEPLMC,external_control,2023,17,20,complete
control_10.1037/0278-7393.34.4.918,JEPLMC,external_control,2024,14,17,complete
control_10.1037/0278-7393.34.4.918,JEPLMC,external_control,2025,12,14,complete
control_10.1037/0278-7393.34.4.929,JEPLMC,external_control,2008,0,0,complete
control_10.1037/0278-7393.34.4.929,JEPLMC,external_control,2009,1,1,complete
control_10.1037/0278-7393.34.4.929,JEPLMC,external_control,2010,0,0,complete
control_10.1037/0278-7393.34.4.929,JEPLMC,external_control,2011,0,0,complete
control_10.1037/0278-7393.34.4.929,JEPLMC,external_control,2012,2,2,complete
control_10.1037/0278-7393.34.4.929,JEPLMC,external_control,2013,0,0,complete
control_10.1037/0278-7393.34.4.929,JEPLMC,external_control,2014,0,0,complete
control_10.1037/0278-7393.34.4.929,JEPLMC,external_control,2015,0,1,complete
control_10.1037/0278-7393.34.4.929,JEPLMC,external_control,2016,0,0,complete
control_10.1037/0278-7393.34.4.929,JEPLMC,external_control,2017,0,0,complete
control_10.1037/0278-7393.34.4.929,JEPLMC,external_control,2018,0,0,complete
control_10.1037/0278-7393.34.4.929,JEPLMC,external_control,2019,0,0,complete
control_10.1037/0278-7393.34.4.929,JEPLMC,external_control,2020,0,0,complete
control_10.1037/0278-7393.34.4.929,JEPLMC,external_control,2021,0,0,complete
control_10.1037/0278-7393.34.4.929,JEPLMC,external_control,2022,1,1,complete
control_10.1037/0278-7393.34.4.929,JEPLMC,external_control,2023,0,0,complete
control_10.1037/0278-7393.34.4.929,JEPLMC,external_control,2024,0,0,complete
control_10.1037/0278-7393.34.4.929,JEPLMC,external_control,2025,1,1,complete
control_10.1037/0278-7393.34.4.960,JEPLMC,external_control,2008,0,0,complete
control_10.1037/0278-7393.34.4.960,JEPLMC,external_control,2009,3,4,complete
control_10.1037/0278-7393.34.4.960,JEPLMC,external_control,2010,2,2,complete
control_10.1037/0278-7393.34.4.960,JEPLMC,external_control,2011,1,2,complete
control_10.1037/0278-7393.34.4.960,JEPLMC,external_control,2012,2,2,complete
control_10.1037/0278-7393.34.4.960,JEPLMC,external_control,2013,1,2,complete
control_10.1037/0278-7393.34.4.960,JEPLMC,external_control,2014,4,4,complete
control_10.1037/0278-7393.34.4.960,JEPLMC,external_control,2015,2,2,complete
control_10.1037/0278-7393.34.4.960,JEPLMC,external_control,2016,1,1,complete
control_10.1037/0278-7393.34.4.960,JEPLMC,external_control,2017,2,3,complete
control_10.1037/0278-7393.34.4.960,JEPLMC,external_control,2018,0,0,complete
control_10.1037/0278-7393.34.4.960,JEPLMC,external_control,2019,0,0,complete
control_10.1037/0278-7393.34.4.960,JEPLMC,external_control,2020,1,1,complete
control_10.1037/0278-7393.34.4.960,JEPLMC,external_control,2021,2,2,complete
control_10.1037/0278-7393.34.4.960,JEPLMC,external_control,2022,1,1,complete
control_10.1037/0278-7393.34.4.960,JEPLMC,external_control,2023,4,5,complete
control_10.1037/0278-7393.34.4.960,JEPLMC,external_control,2024,0,0,complete
control_10.1037/0278-7393.34.4.960,JEPLMC,external_control,2025,0,0,complete
control_10.1037/0278-7393.34.4.982,JEPLMC,external_control,2008,1,1,complete
control_10.1037/0278-7393.34.4.982,JEPLMC,external_control,2009,1,1,complete
control_10.1037/0278-7393.34.4.982,JEPLMC,external_control,2010,3,3,complete
control_10.1037/0278-7393.34.4.982,JEPLMC,external_control,2011,3,4,complete
control_10.1037/0278-7393.34.4.982,JEPLMC,external_control,2012,3,3,complete
control_10.1037/0278-7393.34.4.982,JEPLMC,external_control,2013,1,1,complete
control_10.1037/0278-7393.34.4.982,JEPLMC,external_control,2014,2,2,complete
control_10.1037/0278-7393.34.4.982,JEPLMC,external_control,2015,1,1,complete
control_10.1037/0278-7393.34.4.982,JEPLMC,external_control,2016,1,1,complete
control_10.1037/0278-7393.34.4.982,JEPLMC,external_control,2017,1,1,complete
control_10.1037/0278-7393.34.4.982,JEPLMC,external_control,2018,1,1,complete
control_10.1037/0278-7393.34.4.982,JEPLMC,external_control,2019,0,0,complete
control_10.1037/0278-7393.34.4.982,JEPLMC,external_control,2020,0,0,complete
control_10.1037/0278-7393.34.4.982,JEPLMC,external_control,2021,0,0,complete
control_10.1037/0278-7393.34.4.982,JEPLMC,external_control,2022,0,0,complete
control_10.1037/0278-7393.34.4.982,JEPLMC,external_control,2023,0,0,complete
control_10.1037/0278-7393.34.4.982,JEPLMC,external_control,2024,1,1,complete
control_10.1037/0278-7393.34.4.982,JEPLMC,external_control,2025,1,1,complete
control_10.1037/0278-7393.34.4.988,JEPLMC,external_control,2008,0,0,complete
control_10.1037/0278-7393.34.4.988,JEPLMC,external_control,2009,2,2,complete
control_10.1037/0278-7393.34.4.988,JEPLMC,external_control,2010,4,4,complete
control_10.1037/0278-7393.34.4.988,JEPLMC,external_control,2011,2,3,complete
control_10.1037/0278-7393.34.4.988,JEPLMC,external_control,2012,6,7,complete
control_10.1037/0278-7393.34.4.988,JEPLMC,external_control,2013,2,3,complete
control_10.1037/0278-7393.34.4.988,JEPLMC,external_control,2014,0,0,complete
control_10.1037/0278-7393.34.4.988,JEPLMC,external_control,2015,3,4,complete
control_10.1037/0278-7393.34.4.988,JEPLMC,external_control,2016,1,1,complete
control_10.1037/0278-7393.34.4.988,JEPLMC,external_control,2017,1,1,complete
control_10.1037/0278-7393.34.4.988,JEPLMC,external_control,2018,1,1,complete
control_10.1037/0278-7393.34.4.988,JEPLMC,external_control,2019,2,3,complete
control_10.1037/0278-7393.34.4.988,JEPLMC,external_control,2020,1,1,complete
control_10.1037/0278-7393.34.4.988,JEPLMC,external_control,2021,1,1,complete
control_10.1037/0278-7393.34.4.988,JEPLMC,external_control,2022,1,1,complete
control_10.1037/0278-7393.34.4.988,JEPLMC,external_control,2023,1,3,complete
control_10.1037/0278-7393.34.4.988,JEPLMC,external_control,2024,1,1,complete
control_10.1037/0278-7393.34.4.988,JEPLMC,external_control,2025,1,1,complete
control_10.1037/0278-7393.34.4.994,JEPLMC,external_control,2008,0,0,complete
control_10.1037/0278-7393.34.4.994,JEPLMC,external_control,2009,2,2,complete
control_10.1037/0278-7393.34.4.994,JEPLMC,external_control,2010,6,6,complete
control_10.1037/0278-7393.34.4.994,JEPLMC,external_control,2011,2,2,complete
control_10.1037/0278-7393.34.4.994,JEPLMC,external_control,2012,6,6,complete
control_10.1037/0278-7393.34.4.994,JEPLMC,external_control,2013,6,6,complete
control_10.1037/0278-7393.34.4.994,JEPLMC,external_control,2014,2,2,complete
control_10.1037/0278-7393.34.4.994,JEPLMC,external_control,2015,3,3,complete
control_10.1037/0278-7393.34.4.994,JEPLMC,external_control,2016,1,1,complete
control_10.1037/0278-7393.34.4.994,JEPLMC,external_control,2017,1,1,complete
control_10.1037/0278-7393.34.4.994,JEPLMC,external_control,2018,2,2,complete
control_10.1037/0278-7393.34.4.994,JEPLMC,external_control,2019,2,2,complete
control_10.1037/0278-7393.34.4.994,JEPLMC,external_control,2020,3,4,complete
control_10.1037/0278-7393.34.4.994,JEPLMC,external_control,2021,5,7,complete
control_10.1037/0278-7393.34.4.994,JEPLMC,external_control,2022,3,3,complete
control_10.1037/0278-7393.34.4.994,JEPLMC,external_control,2023,3,5,complete
control_10.1037/0278-7393.34.4.994,JEPLMC,external_control,2024,2,3,complete
control_10.1037/0278-7393.34.4.994,JEPLMC,external_control,2025,1,2,complete
control_10.1037/0278-7393.34.5.1055,JEPLMC,external_control,2008,1,10,complete
control_10.1037/0278-7393.34.5.1055,JEPLMC,external_control,2009,12,19,complete
control_10.1037/0278-7393.34.5.1055,JEPLMC,external_control,2010,21,22,complete
control_10.1037/0278-7393.34.5.1055,JEPLMC,external_control,2011,24,29,complete
control_10.1037/0278-7393.34.5.1055,JEPLMC,external_control,2012,10,13,complete
control_10.1037/0278-7393.34.5.1055,JEPLMC,external_control,2013,19,22,complete
control_10.1037/0278-7393.34.5.1055,JEPLMC,external_control,2014,16,16,complete
control_10.1037/0278-7393.34.5.1055,JEPLMC,external_control,2015,15,20,complete
control_10.1037/0278-7393.34.5.1055,JEPLMC,external_control,2016,12,16,complete
control_10.1037/0278-7393.34.5.1055,JEPLMC,external_control,2017,14,20,complete
control_10.1037/0278-7393.34.5.1055,JEPLMC,external_control,2018,9,12,complete
control_10.1037/0278-7393.34.5.1055,JEPLMC,external_control,2019,10,14,complete
control_10.1037/0278-7393.34.5.1055,JEPLMC,external_control,2020,6,8,complete
control_10.1037/0278-7393.34.5.1055,JEPLMC,external_control,2021,13,18,complete
control_10.1037/0278-7393.34.5.1055,JEPLMC,external_control,2022,8,9,complete
control_10.1037/0278-7393.34.5.1055,JEPLMC,external_control,2023,6,10,complete
control_10.1037/0278-7393.34.5.1055,JEPLMC,external_control,2024,5,5,complete
control_10.1037/0278-7393.34.5.1055,JEPLMC,external_control,2025,5,8,complete
control_10.1037/0278-7393.34.5.1123,JEPLMC,external_control,2008,0,0,complete
control_10.1037/0278-7393.34.5.1123,JEPLMC,external_control,2009,2,3,complete
control_10.1037/0278-7393.34.5.1123,JEPLMC,external_control,2010,3,3,complete
control_10.1037/0278-7393.34.5.1123,JEPLMC,external_control,2011,2,3,complete
control_10.1037/0278-7393.34.5.1123,JEPLMC,external_control,2012,4,4,complete
control_10.1037/0278-7393.34.5.1123,JEPLMC,external_control,2013,0,0,complete
control_10.1037/0278-7393.34.5.1123,JEPLMC,external_control,2014,6,6,complete
control_10.1037/0278-7393.34.5.1123,JEPLMC,external_control,2015,3,5,complete
control_10.1037/0278-7393.34.5.1123,JEPLMC,external_control,2016,6,7,complete
control_10.1037/0278-7393.34.5.1123,JEPLMC,external_control,2017,4,4,complete
control_10.1037/0278-7393.34.5.1123,JEPLMC,external_control,2018,6,10,complete
control_10.1037/0278-7393.34.5.1123,JEPLMC,external_control,2019,3,4,complete
control_10.1037/0278-7393.34.5.1123,JEPLMC,external_control,2020,3,4,complete
control_10.1037/0278-7393.34.5.1123,JEPLMC,external_control,2021,4,4,complete
control_10.1037/0278-7393.34.5.1123,JEPLMC,external_control,2022,5,10,complete
control_10.1037/0278-7393.34.5.1123,JEPLMC,external_control,2023,4,8,complete
control_10.1037/0278-7393.34.5.1123,JEPLMC,external_control,2024,3,4,complete
control_10.1037/0278-7393.34.5.1123,JEPLMC,external_control,2025,0,0,complete
control_10.1037/a0012796,JEPLMC,external_control,2008,1,1,complete
control_10.1037/a0012796,JEPLMC,external_control,2009,2,2,complete
control_10.1037/a0012796,JEPLMC,external_control,2010,2,2,complete
control_10.1037/a0012796,JEPLMC,external_control,2011,1,2,complete
control_10.1037/a0012796,JEPLMC,external_control,2012,0,0,complete
control_10.1037/a0012796,JEPLMC,external_control,2013,2,2,complete
control_10.1037/a0012796,JEPLMC,external_control,2014,2,2,complete
control_10.1037/a0012796,JEPLMC,external_control,2015,4,4,complete
control_10.1037/a0012796,JEPLMC,external_control,2016,1,2,complete
control_10.1037/a0012796,JEPLMC,external_control,2017,0,0,complete
control_10.1037/a0012796,JEPLMC,external_control,2018,0,0,complete
control_10.1037/a0012796,JEPLMC,external_control,2019,1,1,complete
control_10.1037/a0012796,JEPLMC,external_control,2020,0,0,complete
control_10.1037/a0012796,JEPLMC,external_control,2021,1,1,complete
control_10.1037/a0012796,JEPLMC,external_control,2022,0,0,complete
control_10.1037/a0012796,JEPLMC,external_control,2023,0,0,complete
control_10.1037/a0012796,JEPLMC,external_control,2024,0,0,complete
control_10.1037/a0012796,JEPLMC,external_control,2025,0,0,complete
control_10.1037/a0013000,JEPLMC,external_control,2008,0,0,complete
control_10.1037/a0013000,JEPLMC,external_control,2009,2,2,complete
control_10.1037/a0013000,JEPLMC,external_control,2010,1,1,complete
control_10.1037/a0013000,JEPLMC,external_control,2011,1,1,complete
control_10.1037/a0013000,JEPLMC,external_control,2012,3,4,complete
control_10.1037/a0013000,JEPLMC,external_control,2013,2,2,complete
control_10.1037/a0013000,JEPLMC,external_control,2014,6,6,complete
control_10.1037/a0013000,JEPLMC,external_control,2015,2,2,complete
control_10.1037/a0013000,JEPLMC,external_control,2016,2,3,complete
control_10.1037/a0013000,JEPLMC,external_control,2017,5,5,complete
control_10.1037/a0013000,JEPLMC,external_control,2018,4,4,complete
control_10.1037/a0013000,JEPLMC,external_control,2019,7,10,complete
control_10.1037/a0013000,JEPLMC,external_control,2020,3,3,complete
control_10.1037/a0013000,JEPLMC,external_control,2021,3,4,complete
control_10.1037/a0013000,JEPLMC,external_control,2022,6,6,complete
control_10.1037/a0013000,JEPLMC,external_control,2023,3,3,complete
control_10.1037/a0013000,JEPLMC,external_control,2024,2,2,complete
control_10.1037/a0013000,JEPLMC,external_control,2025,0,1,complete
control_10.1037/a0013034,JEPLMC,external_control,2008,0,0,complete
control_10.1037/a0013034,JEPLMC,external_control,2009,1,1,complete
control_10.1037/a0013034,JEPLMC,external_control,2010,3,3,complete
control_10.1037/a0013034,JEPLMC,external_control,2011,1,3,complete
control_10.1037/a0013034,JEPLMC,external_control,2012,0,0,complete
control_10.1037/a0013034,JEPLMC,external_control,2013,1,1,complete
control_10.1037/a0013034,JEPLMC,external_control,2014,0,0,complete
control_10.1037/a0013034,JEPLMC,external_control,2015,1,1,complete
control_10.1037/a0013034,JEPLMC,external_control,2016,1,1,complete
control_10.1037/a0013034,JEPLMC,external_control,2017,3,3,complete
control_10.1037/a0013034,JEPLMC,external_control,2018,0,0,complete
control_10.1037/a0013034,JEPLMC,external_control,2019,1,1,complete
control_10.1037/a0013034,JEPLMC,external_control,2020,1,1,complete
control_10.1037/a0013034,JEPLMC,external_control,2021,0,0,complete
control_10.1037/a0013034,JEPLMC,external_control,2022,0,0,complete
control_10.1037/a0013034,JEPLMC,external_control,2023,0,1,complete
control_10.1037/a0013034,JEPLMC,external_control,2024,1,1,complete
control_10.1037/a0013034,JEPLMC,external_control,2025,0,0,complete
control_10.1037/0278-7393.34.5.1043,JEPLMC,external_control,2008,1,1,complete
control_10.1037/0278-7393.34.5.1043,JEPLMC,external_control,2009,2,2,complete
control_10.1037/0278-7393.34.5.1043,JEPLMC,external_control,2010,5,5,complete
control_10.1037/0278-7393.34.5.1043,JEPLMC,external_control,2011,2,2,complete
control_10.1037/0278-7393.34.5.1043,JEPLMC,external_control,2012,5,6,complete
control_10.1037/0278-7393.34.5.1043,JEPLMC,external_control,2013,1,2,complete
control_10.1037/0278-7393.34.5.1043,JEPLMC,external_control,2014,4,4,complete
control_10.1037/0278-7393.34.5.1043,JEPLMC,external_control,2015,0,1,complete
control_10.1037/0278-7393.34.5.1043,JEPLMC,external_control,2016,4,6,complete
control_10.1037/0278-7393.34.5.1043,JEPLMC,external_control,2017,4,4,complete
control_10.1037/0278-7393.34.5.1043,JEPLMC,external_control,2018,2,2,complete
control_10.1037/0278-7393.34.5.1043,JEPLMC,external_control,2019,2,2,complete
control_10.1037/0278-7393.34.5.1043,JEPLMC,external_control,2020,0,0,complete
control_10.1037/0278-7393.34.5.1043,JEPLMC,external_control,2021,3,3,complete
control_10.1037/0278-7393.34.5.1043,JEPLMC,external_control,2022,1,2,complete
control_10.1037/0278-7393.34.5.1043,JEPLMC,external_control,2023,4,4,complete
control_10.1037/0278-7393.34.5.1043,JEPLMC,external_control,2024,1,2,complete
control_10.1037/0278-7393.34.5.1043,JEPLMC,external_control,2025,0,0,complete
control_10.1037/a0012580,JEPLMC,external_control,2008,0,0,complete
control_10.1037/a0012580,JEPLMC,external_control,2009,3,4,complete
control_10.1037/a0012580,JEPLMC,external_control,2010,5,7,complete
control_10.1037/a0012580,JEPLMC,external_control,2011,7,7,complete
control_10.1037/a0012580,JEPLMC,external_control,2012,6,6,complete
control_10.1037/a0012580,JEPLMC,external_control,2013,4,6,complete
control_10.1037/a0012580,JEPLMC,external_control,2014,5,6,complete
control_10.1037/a0012580,JEPLMC,external_control,2015,3,4,complete
control_10.1037/a0012580,JEPLMC,external_control,2016,4,6,complete
control_10.1037/a0012580,JEPLMC,external_control,2017,3,3,complete
control_10.1037/a0012580,JEPLMC,external_control,2018,5,5,complete
control_10.1037/a0012580,JEPLMC,external_control,2019,5,5,complete
control_10.1037/a0012580,JEPLMC,external_control,2020,2,2,complete
control_10.1037/a0012580,JEPLMC,external_control,2021,4,5,complete
control_10.1037/a0012580,JEPLMC,external_control,2022,2,2,complete
control_10.1037/a0012580,JEPLMC,external_control,2023,9,10,complete
control_10.1037/a0012580,JEPLMC,external_control,2024,1,1,complete
control_10.1037/a0012580,JEPLMC,external_control,2025,3,4,complete
control_10.1037/a0012581,JEPLMC,external_control,2008,2,2,complete
control_10.1037/a0012581,JEPLMC,external_control,2009,3,5,complete
control_10.1037/a0012581,JEPLMC,external_control,2010,5,6,complete
control_10.1037/a0012581,JEPLMC,external_control,2011,2,4,complete
control_10.1037/a0012581,JEPLMC,external_control,2012,3,5,complete
control_10.1037/a0012581,JEPLMC,external_control,2013,1,4,complete
control_10.1037/a0012581,JEPLMC,external_control,2014,3,4,complete
control_10.1037/a0012581,JEPLMC,external_control,2015,0,0,complete
control_10.1037/a0012581,JEPLMC,external_control,2016,4,4,complete
control_10.1037/a0012581,JEPLMC,external_control,2017,4,4,complete
control_10.1037/a0012581,JEPLMC,external_control,2018,1,2,complete
control_10.1037/a0012581,JEPLMC,external_control,2019,0,0,complete
control_10.1037/a0012581,JEPLMC,external_control,2020,1,1,complete
control_10.1037/a0012581,JEPLMC,external_control,2021,2,2,complete
control_10.1037/a0012581,JEPLMC,external_control,2022,1,2,complete
control_10.1037/a0012581,JEPLMC,external_control,2023,4,6,complete
control_10.1037/a0012581,JEPLMC,external_control,2024,2,2,complete
control_10.1037/a0012581,JEPLMC,external_control,2025,0,0,complete
control_10.1037/a0012638,JEPLMC,external_control,2008,2,2,complete
control_10.1037/a0012638,JEPLMC,external_control,2009,1,1,complete
control_10.1037/a0012638,JEPLMC,external_control,2010,1,1,complete
control_10.1037/a0012638,JEPLMC,external_control,2011,1,2,complete
control_10.1037/a0012638,JEPLMC,external_control,2012,1,2,complete
control_10.1037/a0012638,JEPLMC,external_control,2013,2,3,complete
control_10.1037/a0012638,JEPLMC,external_control,2014,3,4,complete
control_10.1037/a0012638,JEPLMC,external_control,2015,4,5,complete
control_10.1037/a0012638,JEPLMC,external_control,2016,3,5,complete
control_10.1037/a0012638,JEPLMC,external_control,2017,0,0,complete
control_10.1037/a0012638,JEPLMC,external_control,2018,1,1,complete
control_10.1037/a0012638,JEPLMC,external_control,2019,3,4,complete
control_10.1037/a0012638,JEPLMC,external_control,2020,2,2,complete
control_10.1037/a0012638,JEPLMC,external_control,2021,0,0,complete
control_10.1037/a0012638,JEPLMC,external_control,2022,2,2,complete
control_10.1037/a0012638,JEPLMC,external_control,2023,0,0,complete
control_10.1037/a0012638,JEPLMC,external_control,2024,0,1,complete
control_10.1037/a0012638,JEPLMC,external_control,2025,1,1,complete
control_10.1037/a0012794,JEPLMC,external_control,2008,0,0,complete
control_10.1037/a0012794,JEPLMC,external_control,2009,0,0,complete
control_10.1037/a0012794,JEPLMC,external_control,2010,2,3,complete
control_10.1037/a0012794,JEPLMC,external_control,2011,1,1,complete
control_10.1037/a0012794,JEPLMC,external_control,2012,1,2,complete
control_10.1037/a0012794,JEPLMC,external_control,2013,0,0,complete
control_10.1037/a0012794,JEPLMC,external_control,2014,3,3,complete
control_10.1037/a0012794,JEPLMC,external_control,2015,2,2,complete
control_10.1037/a0012794,JEPLMC,external_control,2016,3,4,complete
control_10.1037/a0012794,JEPLMC,external_control,2017,0,1,complete
control_10.1037/a0012794,JEPLMC,external_control,2018,2,2,complete
control_10.1037/a0012794,JEPLMC,external_control,2019,2,2,complete
control_10.1037/a0012794,JEPLMC,external_control,2020,1,2,complete
control_10.1037/a0012794,JEPLMC,external_control,2021,2,2,complete
control_10.1037/a0012794,JEPLMC,external_control,2022,0,0,complete
control_10.1037/a0012794,JEPLMC,external_control,2023,0,0,complete
control_10.1037/a0012794,JEPLMC,external_control,2024,0,0,complete
control_10.1037/a0012794,JEPLMC,external_control,2025,0,0,complete
control_10.1037/a0012795,JEPLMC,external_control,2008,0,0,complete
control_10.1037/a0012795,JEPLMC,external_control,2009,0,0,complete
control_10.1037/a0012795,JEPLMC,external_control,2010,0,0,complete
control_10.1037/a0012795,JEPLMC,external_control,2011,2,2,complete
control_10.1037/a0012795,JEPLMC,external_control,2012,3,3,complete
control_10.1037/a0012795,JEPLMC,external_control,2013,5,5,complete
control_10.1037/a0012795,JEPLMC,external_control,2014,3,3,complete
control_10.1037/a0012795,JEPLMC,external_control,2015,1,1,complete
control_10.1037/a0012795,JEPLMC,external_control,2016,7,8,complete
control_10.1037/a0012795,JEPLMC,external_control,2017,2,3,complete
control_10.1037/a0012795,JEPLMC,external_control,2018,4,6,complete
control_10.1037/a0012795,JEPLMC,external_control,2019,3,4,complete
control_10.1037/a0012795,JEPLMC,external_control,2020,0,1,complete
control_10.1037/a0012795,JEPLMC,external_control,2021,4,4,complete
control_10.1037/a0012795,JEPLMC,external_control,2022,3,3,complete
control_10.1037/a0012795,JEPLMC,external_control,2023,3,3,complete
control_10.1037/a0012795,JEPLMC,external_control,2024,1,1,complete
control_10.1037/a0012795,JEPLMC,external_control,2025,3,3,complete
control_10.1037/a0012797,JEPLMC,external_control,2008,1,1,complete
control_10.1037/a0012797,JEPLMC,external_control,2009,2,2,complete
control_10.1037/a0012797,JEPLMC,external_control,2010,6,7,complete
control_10.1037/a0012797,JEPLMC,external_control,2011,5,7,complete
control_10.1037/a0012797,JEPLMC,external_control,2012,2,3,complete
control_10.1037/a0012797,JEPLMC,external_control,2013,7,8,complete
control_10.1037/a0012797,JEPLMC,external_control,2014,8,8,complete
control_10.1037/a0012797,JEPLMC,external_control,2015,4,5,complete
control_10.1037/a0012797,JEPLMC,external_control,2016,7,7,complete
control_10.1037/a0012797,JEPLMC,external_control,2017,3,3,complete
control_10.1037/a0012797,JEPLMC,external_control,2018,5,5,complete
control_10.1037/a0012797,JEPLMC,external_control,2019,4,4,complete
control_10.1037/a0012797,JEPLMC,external_control,2020,3,4,complete
control_10.1037/a0012797,JEPLMC,external_control,2021,5,5,complete
control_10.1037/a0012797,JEPLMC,external_control,2022,2,4,complete
control_10.1037/a0012797,JEPLMC,external_control,2023,2,4,complete
control_10.1037/a0012797,JEPLMC,external_control,2024,0,0,complete
control_10.1037/a0012797,JEPLMC,external_control,2025,3,4,complete
control_10.1037/a0012857,JEPLMC,external_control,2008,0,0,complete
control_10.1037/a0012857,JEPLMC,external_control,2009,0,0,complete
control_10.1037/a0012857,JEPLMC,external_control,2010,3,4,complete
control_10.1037/a0012857,JEPLMC,external_control,2011,3,4,complete
control_10.1037/a0012857,JEPLMC,external_control,2012,3,4,complete
control_10.1037/a0012857,JEPLMC,external_control,2013,3,3,complete
control_10.1037/a0012857,JEPLMC,external_control,2014,6,8,complete
control_10.1037/a0012857,JEPLMC,external_control,2015,4,11,complete
control_10.1037/a0012857,JEPLMC,external_control,2016,5,10,complete
control_10.1037/a0012857,JEPLMC,external_control,2017,9,10,complete
control_10.1037/a0012857,JEPLMC,external_control,2018,5,5,complete
control_10.1037/a0012857,JEPLMC,external_control,2019,7,10,complete
control_10.1037/a0012857,JEPLMC,external_control,2020,6,10,complete
control_10.1037/a0012857,JEPLMC,external_control,2021,7,9,complete
control_10.1037/a0012857,JEPLMC,external_control,2022,7,7,complete
control_10.1037/a0012857,JEPLMC,external_control,2023,1,2,complete
control_10.1037/a0012857,JEPLMC,external_control,2024,8,9,complete
control_10.1037/a0012857,JEPLMC,external_control,2025,2,5,complete
control_10.1037/a0012937,JEPLMC,external_control,2008,0,0,complete
control_10.1037/a0012937,JEPLMC,external_control,2009,0,0,complete
control_10.1037/a0012937,JEPLMC,external_control,2010,2,3,complete
control_10.1037/a0012937,JEPLMC,external_control,2011,6,6,complete
control_10.1037/a0012937,JEPLMC,external_control,2012,1,1,complete
control_10.1037/a0012937,JEPLMC,external_control,2013,2,2,complete
control_10.1037/a0012937,JEPLMC,external_control,2014,2,3,complete
control_10.1037/a0012937,JEPLMC,external_control,2015,4,4,complete
control_10.1037/a0012937,JEPLMC,external_control,2016,1,1,complete
control_10.1037/a0012937,JEPLMC,external_control,2017,1,1,complete
control_10.1037/a0012937,JEPLMC,external_control,2018,5,5,complete
control_10.1037/a0012937,JEPLMC,external_control,2019,0,1,complete
control_10.1037/a0012937,JEPLMC,external_control,2020,2,2,complete
control_10.1037/a0012937,JEPLMC,external_control,2021,0,0,complete
control_10.1037/a0012937,JEPLMC,external_control,2022,2,2,complete
control_10.1037/a0012937,JEPLMC,external_control,2023,0,0,complete
control_10.1037/a0012937,JEPLMC,external_control,2024,2,2,complete
control_10.1037/a0012937,JEPLMC,external_control,2025,1,1,complete
control_10.1037/a0012938,JEPLMC,external_control,2008,1,2,complete
control_10.1037/a0012938,JEPLMC,external_control,2009,0,0,complete
control_10.1037/a0012938,JEPLMC,external_control,2010,2,2,complete
control_10.1037/a0012938,JEPLMC,external_control,2011,4,6,complete
control_10.1037/a0012938,JEPLMC,external_control,2012,4,4,complete
control_10.1037/a0012938,JEPLMC,external_control,2013,4,6,complete
control_10.1037/a0012938,JEPLMC,external_control,2014,2,2,complete
control_10.1037/a0012938,JEPLMC,external_control,2015,4,6,complete
control_10.1037/a0012938,JEPLMC,external_control,2016,3,4,complete
control_10.1037/a0012938,JEPLMC,external_control,2017,6,7,complete
control_10.1037/a0012938,JEPLMC,external_control,2018,5,8,complete
control_10.1037/a0012938,JEPLMC,external_control,2019,9,9,complete
control_10.1037/a0012938,JEPLMC,external_control,2020,12,12,complete
control_10.1037/a0012938,JEPLMC,external_control,2021,4,6,complete
control_10.1037/a0012938,JEPLMC,external_control,2022,2,2,complete
control_10.1037/a0012938,JEPLMC,external_control,2023,3,4,complete
control_10.1037/a0012938,JEPLMC,external_control,2024,4,4,complete
control_10.1037/a0012938,JEPLMC,external_control,2025,5,5,complete
control_10.1037/a0012942,JEPLMC,external_control,2008,1,2,complete
control_10.1037/a0012942,JEPLMC,external_control,2009,4,5,complete
control_10.1037/a0012942,JEPLMC,external_control,2010,5,6,complete
control_10.1037/a0012942,JEPLMC,external_control,2011,5,6,complete
control_10.1037/a0012942,JEPLMC,external_control,2012,6,8,complete
control_10.1037/a0012942,JEPLMC,external_control,2013,1,2,complete
control_10.1037/a0012942,JEPLMC,external_control,2014,3,3,complete
control_10.1037/a0012942,JEPLMC,external_control,2015,1,2,complete
control_10.1037/a0012942,JEPLMC,external_control,2016,3,3,complete
control_10.1037/a0012942,JEPLMC,external_control,2017,3,3,complete
control_10.1037/a0012942,JEPLMC,external_control,2018,6,7,complete
control_10.1037/a0012942,JEPLMC,external_control,2019,6,6,complete
control_10.1037/a0012942,JEPLMC,external_control,2020,2,2,complete
control_10.1037/a0012942,JEPLMC,external_control,2021,8,8,complete
control_10.1037/a0012942,JEPLMC,external_control,2022,2,4,complete
control_10.1037/a0012942,JEPLMC,external_control,2023,1,2,complete
control_10.1037/a0012942,JEPLMC,external_control,2024,1,1,complete
control_10.1037/a0012942,JEPLMC,external_control,2025,2,2,complete
control_10.1037/a0012943,JEPLMC,external_control,2008,1,1,complete
control_10.1037/a0012943,JEPLMC,external_control,2009,5,6,complete
control_10.1037/a0012943,JEPLMC,external_control,2010,8,11,complete
control_10.1037/a0012943,JEPLMC,external_control,2011,8,8,complete
control_10.1037/a0012943,JEPLMC,external_control,2012,12,17,complete
control_10.1037/a0012943,JEPLMC,external_control,2013,11,15,complete
control_10.1037/a0012943,JEPLMC,external_control,2014,8,10,complete
control_10.1037/a0012943,JEPLMC,external_control,2015,9,12,complete
control_10.1037/a0012943,JEPLMC,external_control,2016,5,5,complete
control_10.1037/a0012943,JEPLMC,external_control,2017,6,7,complete
control_10.1037/a0012943,JEPLMC,external_control,2018,1,3,complete
control_10.1037/a0012943,JEPLMC,external_control,2019,4,4,complete
control_10.1037/a0012943,JEPLMC,external_control,2020,2,3,complete
control_10.1037/a0012943,JEPLMC,external_control,2021,4,5,complete
control_10.1037/a0012943,JEPLMC,external_control,2022,6,10,complete
control_10.1037/a0012943,JEPLMC,external_control,2023,6,7,complete
control_10.1037/a0012943,JEPLMC,external_control,2024,3,5,complete
control_10.1037/a0012943,JEPLMC,external_control,2025,0,0,complete
control_10.1037/a0013025,JEPLMC,external_control,2008,3,3,complete
control_10.1037/a0013025,JEPLMC,external_control,2009,8,9,complete
control_10.1037/a0013025,JEPLMC,external_control,2010,17,19,complete
control_10.1037/a0013025,JEPLMC,external_control,2011,21,23,complete
control_10.1037/a0013025,JEPLMC,external_control,2012,12,35,complete
control_10.1037/a0013025,JEPLMC,external_control,2013,11,19,complete
control_10.1037/a0013025,JEPLMC,external_control,2014,3,5,complete
control_10.1037/a0013025,JEPLMC,external_control,2015,7,14,complete
control_10.1037/a0013025,JEPLMC,external_control,2016,8,10,complete
control_10.1037/a0013025,JEPLMC,external_control,2017,10,15,complete
control_10.1037/a0013025,JEPLMC,external_control,2018,14,18,complete
control_10.1037/a0013025,JEPLMC,external_control,2019,9,12,complete
control_10.1037/a0013025,JEPLMC,external_control,2020,9,27,complete
control_10.1037/a0013025,JEPLMC,external_control,2021,8,8,complete
control_10.1037/a0013025,JEPLMC,external_control,2022,5,5,complete
control_10.1037/a0013025,JEPLMC,external_control,2023,8,11,complete
control_10.1037/a0013025,JEPLMC,external_control,2024,4,8,complete
control_10.1037/a0013025,JEPLMC,external_control,2025,8,8,complete
control_10.1037/a0013033,JEPLMC,external_control,2008,0,0,complete
control_10.1037/a0013033,JEPLMC,external_control,2009,4,5,complete
control_10.1037/a0013033,JEPLMC,external_control,2010,1,1,complete
control_10.1037/a0013033,JEPLMC,external_control,2011,4,4,complete
control_10.1037/a0013033,JEPLMC,external_control,2012,5,5,complete
control_10.1037/a0013033,JEPLMC,external_control,2013,5,5,complete
control_10.1037/a0013033,JEPLMC,external_control,2014,0,0,complete
control_10.1037/a0013033,JEPLMC,external_control,2015,0,0,complete
control_10.1037/a0013033,JEPLMC,external_control,2016,1,2,complete
control_10.1037/a0013033,JEPLMC,external_control,2017,3,3,complete
control_10.1037/a0013033,JEPLMC,external_control,2018,2,3,complete
control_10.1037/a0013033,JEPLMC,external_control,2019,5,7,complete
control_10.1037/a0013033,JEPLMC,external_control,2020,2,2,complete
control_10.1037/a0013033,JEPLMC,external_control,2021,3,3,complete
control_10.1037/a0013033,JEPLMC,external_control,2022,1,1,complete
control_10.1037/a0013033,JEPLMC,external_control,2023,1,2,complete
control_10.1037/a0013033,JEPLMC,external_control,2024,1,1,complete
control_10.1037/a0013033,JEPLMC,external_control,2025,3,3,complete
control_10.1037/a0013016,JEPLMC,external_control,2008,0,0,complete
control_10.1037/a0013016,JEPLMC,external_control,2009,5,6,complete
control_10.1037/a0013016,JEPLMC,external_control,2010,2,2,complete
control_10.1037/a0013016,JEPLMC,external_control,2011,2,3,complete
control_10.1037/a0013016,JEPLMC,external_control,2012,9,9,complete
control_10.1037/a0013016,JEPLMC,external_control,2013,7,8,complete
control_10.1037/a0013016,JEPLMC,external_control,2014,7,8,complete
control_10.1037/a0013016,JEPLMC,external_control,2015,4,6,complete
control_10.1037/a0013016,JEPLMC,external_control,2016,6,7,complete
control_10.1037/a0013016,JEPLMC,external_control,2017,8,10,complete
control_10.1037/a0013016,JEPLMC,external_control,2018,8,8,complete
control_10.1037/a0013016,JEPLMC,external_control,2019,7,7,complete
control_10.1037/a0013016,JEPLMC,external_control,2020,5,6,complete
control_10.1037/a0013016,JEPLMC,external_control,2021,3,6,complete
control_10.1037/a0013016,JEPLMC,external_control,2022,4,5,complete
control_10.1037/a0013016,JEPLMC,external_control,2023,3,5,complete
control_10.1037/a0013016,JEPLMC,external_control,2024,4,6,complete
control_10.1037/a0013016,JEPLMC,external_control,2025,2,2,complete
control_10.1037/a0013078,JEPLMC,external_control,2008,0,0,complete
control_10.1037/a0013078,JEPLMC,external_control,2009,1,3,complete
control_10.1037/a0013078,JEPLMC,external_control,2010,5,5,complete
control_10.1037/a0013078,JEPLMC,external_control,2011,3,4,complete
control_10.1037/a0013078,JEPLMC,external_control,2012,4,5,complete
control_10.1037/a0013078,JEPLMC,external_control,2013,6,8,complete
control_10.1037/a0013078,JEPLMC,external_control,2014,8,8,complete
control_10.1037/a0013078,JEPLMC,external_control,2015,9,10,complete
control_10.1037/a0013078,JEPLMC,external_control,2016,5,5,complete
control_10.1037/a0013078,JEPLMC,external_control,2017,3,5,complete
control_10.1037/a0013078,JEPLMC,external_control,2018,9,13,complete
control_10.1037/a0013078,JEPLMC,external_control,2019,3,3,complete
control_10.1037/a0013078,JEPLMC,external_control,2020,5,9,complete
control_10.1037/a0013078,JEPLMC,external_control,2021,3,4,complete
control_10.1037/a0013078,JEPLMC,external_control,2022,4,6,complete
control_10.1037/a0013078,JEPLMC,external_control,2023,4,4,complete
control_10.1037/a0013078,JEPLMC,external_control,2024,4,6,complete
control_10.1037/a0013078,JEPLMC,external_control,2025,1,2,complete
control_10.1037/a0013081,JEPLMC,external_control,2008,0,0,complete
control_10.1037/a0013081,JEPLMC,external_control,2009,0,0,complete
control_10.1037/a0013081,JEPLMC,external_control,2010,2,2,complete
control_10.1037/a0013081,JEPLMC,external_control,2011,1,1,complete
control_10.1037/a0013081,JEPLMC,external_control,2012,1,1,complete
control_10.1037/a0013081,JEPLMC,external_control,2013,2,2,complete
control_10.1037/a0013081,JEPLMC,external_control,2014,2,2,complete
control_10.1037/a0013081,JEPLMC,external_control,2015,0,0,complete
control_10.1037/a0013081,JEPLMC,external_control,2016,1,1,complete
control_10.1037/a0013081,JEPLMC,external_control,2017,0,0,complete
control_10.1037/a0013081,JEPLMC,external_control,2018,0,0,complete
control_10.1037/a0013081,JEPLMC,external_control,2019,0,0,complete
control_10.1037/a0013081,JEPLMC,external_control,2020,0,0,complete
control_10.1037/a0013081,JEPLMC,external_control,2021,0,0,complete
control_10.1037/a0013081,JEPLMC,external_control,2022,0,0,complete
control_10.1037/a0013081,JEPLMC,external_control,2023,0,0,complete
control_10.1037/a0013081,JEPLMC,external_control,2024,1,1,complete
control_10.1037/a0013081,JEPLMC,external_control,2025,0,0,complete
control_10.1037/a0013356,JEPLMC,external_control,2008,0,0,complete
control_10.1037/a0013356,JEPLMC,external_control,2009,6,6,complete
control_10.1037/a0013356,JEPLMC,external_control,2010,5,8,complete
control_10.1037/a0013356,JEPLMC,external_control,2011,8,10,complete
control_10.1037/a0013356,JEPLMC,external_control,2012,7,10,complete
control_10.1037/a0013356,JEPLMC,external_control,2013,6,7,complete
control_10.1037/a0013356,JEPLMC,external_control,2014,11,13,complete
control_10.1037/a0013356,JEPLMC,external_control,2015,3,4,complete
control_10.1037/a0013356,JEPLMC,external_control,2016,7,8,complete
control_10.1037/a0013356,JEPLMC,external_control,2017,4,5,complete
control_10.1037/a0013356,JEPLMC,external_control,2018,9,9,complete
control_10.1037/a0013356,JEPLMC,external_control,2019,4,6,complete
control_10.1037/a0013356,JEPLMC,external_control,2020,1,3,complete
control_10.1037/a0013356,JEPLMC,external_control,2021,5,6,complete
control_10.1037/a0013356,JEPLMC,external_control,2022,7,8,complete
control_10.1037/a0013356,JEPLMC,external_control,2023,9,11,complete
control_10.1037/a0013356,JEPLMC,external_control,2024,1,2,complete
control_10.1037/a0013356,JEPLMC,external_control,2025,6,6,complete
control_10.1037/a0013370,JEPLMC,external_control,2008,0,0,complete
control_10.1037/a0013370,JEPLMC,external_control,2009,2,3,complete
control_10.1037/a0013370,JEPLMC,external_control,2010,7,8,complete
control_10.1037/a0013370,JEPLMC,external_control,2011,3,4,complete
control_10.1037/a0013370,JEPLMC,external_control,2012,9,9,complete
control_10.1037/a0013370,JEPLMC,external_control,2013,2,3,complete
control_10.1037/a0013370,JEPLMC,external_control,2014,4,5,complete
control_10.1037/a0013370,JEPLMC,external_control,2015,3,3,complete
control_10.1037/a0013370,JEPLMC,external_control,2016,1,1,complete
control_10.1037/a0013370,JEPLMC,external_control,2017,6,7,complete
control_10.1037/a0013370,JEPLMC,external_control,2018,2,3,complete
control_10.1037/a0013370,JEPLMC,external_control,2019,5,7,complete
control_10.1037/a0013370,JEPLMC,external_control,2020,1,4,complete
control_10.1037/a0013370,JEPLMC,external_control,2021,1,1,complete
control_10.1037/a0013370,JEPLMC,external_control,2022,2,2,complete
control_10.1037/a0013370,JEPLMC,external_control,2023,3,4,complete
control_10.1037/a0013370,JEPLMC,external_control,2024,1,1,complete
control_10.1037/a0013370,JEPLMC,external_control,2025,0,0,complete
control_10.1037/a0013646,JEPLMC,external_control,2008,1,1,complete
control_10.1037/a0013646,JEPLMC,external_control,2009,3,4,complete
control_10.1037/a0013646,JEPLMC,external_control,2010,7,10,complete
control_10.1037/a0013646,JEPLMC,external_control,2011,8,11,complete
control_10.1037/a0013646,JEPLMC,external_control,2012,8,10,complete
control_10.1037/a0013646,JEPLMC,external_control,2013,13,16,complete
control_10.1037/a0013646,JEPLMC,external_control,2014,9,12,complete
control_10.1037/a0013646,JEPLMC,external_control,2015,9,11,complete
control_10.1037/a0013646,JEPLMC,external_control,2016,12,18,complete
control_10.1037/a0013646,JEPLMC,external_control,2017,18,21,complete
control_10.1037/a0013646,JEPLMC,external_control,2018,6,10,complete
control_10.1037/a0013646,JEPLMC,external_control,2019,10,18,complete
control_10.1037/a0013646,JEPLMC,external_control,2020,18,25,complete
control_10.1037/a0013646,JEPLMC,external_control,2021,11,17,complete
control_10.1037/a0013646,JEPLMC,external_control,2022,6,15,complete
control_10.1037/a0013646,JEPLMC,external_control,2023,5,14,complete
control_10.1037/a0013646,JEPLMC,external_control,2024,9,14,complete
control_10.1037/a0013646,JEPLMC,external_control,2025,9,9,complete
control_10.1037/a0013011,JEPLMC,external_control,2008,0,0,complete
control_10.1037/a0013011,JEPLMC,external_control,2009,3,3,complete
control_10.1037/a0013011,JEPLMC,external_control,2010,3,3,complete
control_10.1037/a0013011,JEPLMC,external_control,2011,3,3,complete
control_10.1037/a0013011,JEPLMC,external_control,2012,2,2,complete
control_10.1037/a0013011,JEPLMC,external_control,2013,5,6,complete
control_10.1037/a0013011,JEPLMC,external_control,2014,1,2,complete
control_10.1037/a0013011,JEPLMC,external_control,2015,3,4,complete
control_10.1037/a0013011,JEPLMC,external_control,2016,1,2,complete
control_10.1037/a0013011,JEPLMC,external_control,2017,3,3,complete
control_10.1037/a0013011,JEPLMC,external_control,2018,2,2,complete
control_10.1037/a0013011,JEPLMC,external_control,2019,2,2,complete
control_10.1037/a0013011,JEPLMC,external_control,2020,2,2,complete
control_10.1037/a0013011,JEPLMC,external_control,2021,0,0,complete
control_10.1037/a0013011,JEPLMC,external_control,2022,2,2,complete
control_10.1037/a0013011,JEPLMC,external_control,2023,1,2,complete
control_10.1037/a0013011,JEPLMC,external_control,2024,1,1,complete
control_10.1037/a0013011,JEPLMC,external_control,2025,2,2,complete
control_10.1037/a0013012,JEPLMC,external_control,2008,0,0,complete
control_10.1037/a0013012,JEPLMC,external_control,2009,3,3,complete
control_10.1037/a0013012,JEPLMC,external_control,2010,1,1,complete
control_10.1037/a0013012,JEPLMC,external_control,2011,8,8,complete
control_10.1037/a0013012,JEPLMC,external_control,2012,9,11,complete
control_10.1037/a0013012,JEPLMC,external_control,2013,7,8,complete
control_10.1037/a0013012,JEPLMC,external_control,2014,8,8,complete
control_10.1037/a0013012,JEPLMC,external_control,2015,8,12,complete
control_10.1037/a0013012,JEPLMC,external_control,2016,5,5,complete
control_10.1037/a0013012,JEPLMC,external_control,2017,5,5,complete
control_10.1037/a0013012,JEPLMC,external_control,2018,5,10,complete
control_10.1037/a0013012,JEPLMC,external_control,2019,5,45,complete
control_10.1037/a0013012,JEPLMC,external_control,2020,8,14,complete
control_10.1037/a0013012,JEPLMC,external_control,2021,9,14,complete
control_10.1037/a0013012,JEPLMC,external_control,2022,11,13,complete
control_10.1037/a0013012,JEPLMC,external_control,2023,10,15,complete
control_10.1037/a0013012,JEPLMC,external_control,2024,10,13,complete
control_10.1037/a0013012,JEPLMC,external_control,2025,10,30,complete
control_10.1037/a0013013,JEPLMC,external_control,2008,0,0,complete
control_10.1037/a0013013,JEPLMC,external_control,2009,4,4,complete
control_10.1037/a0013013,JEPLMC,external_control,2010,1,1,complete
control_10.1037/a0013013,JEPLMC,external_control,2011,4,4,complete
control_10.1037/a0013013,JEPLMC,external_control,2012,1,1,complete
control_10.1037/a0013013,JEPLMC,external_control,2013,2,2,complete
control_10.1037/a0013013,JEPLMC,external_control,2014,2,2,complete
control_10.1037/a0013013,JEPLMC,external_control,2015,4,4,complete
control_10.1037/a0013013,JEPLMC,external_control,2016,3,3,complete
control_10.1037/a0013013,JEPLMC,external_control,2017,2,2,complete
control_10.1037/a0013013,JEPLMC,external_control,2018,2,2,complete
control_10.1037/a0013013,JEPLMC,external_control,2019,0,0,complete
control_10.1037/a0013013,JEPLMC,external_control,2020,1,1,complete
control_10.1037/a0013013,JEPLMC,external_control,2021,0,2,complete
control_10.1037/a0013013,JEPLMC,external_control,2022,1,1,complete
control_10.1037/a0013013,JEPLMC,external_control,2023,0,0,complete
control_10.1037/a0013013,JEPLMC,external_control,2024,1,1,complete
control_10.1037/a0013013,JEPLMC,external_control,2025,1,1,complete
control_10.1037/a0013017,JEPLMC,external_control,2008,0,0,complete
control_10.1037/a0013017,JEPLMC,external_control,2009,2,3,complete
control_10.1037/a0013017,JEPLMC,external_control,2010,1,1,complete
control_10.1037/a0013017,JEPLMC,external_control,2011,5,5,complete
control_10.1037/a0013017,JEPLMC,external_control,2012,3,4,complete
control_10.1037/a0013017,JEPLMC,external_control,2013,2,3,complete
control_10.1037/a0013017,JEPLMC,external_control,2014,1,2,complete
control_10.1037/a0013017,JEPLMC,external_control,2015,2,2,complete
control_10.1037/a0013017,JEPLMC,external_control,2016,1,1,complete
control_10.1037/a0013017,JEPLMC,external_control,2017,0,0,complete
control_10.1037/a0013017,JEPLMC,external_control,2018,1,1,complete
control_10.1037/a0013017,JEPLMC,external_control,2019,1,1,complete
control_10.1037/a0013017,JEPLMC,external_control,2020,3,3,complete
control_10.1037/a0013017,JEPLMC,external_control,2021,0,0,complete
control_10.1037/a0013017,JEPLMC,external_control,2022,2,2,complete
control_10.1037/a0013017,JEPLMC,external_control,2023,5,7,complete
control_10.1037/a0013017,JEPLMC,external_control,2024,4,4,complete
control_10.1037/a0013017,JEPLMC,external_control,2025,3,3,complete
control_10.1037/a0013080,JEPLMC,external_control,2008,0,0,complete
control_10.1037/a0013080,JEPLMC,external_control,2009,6,6,complete
control_10.1037/a0013080,JEPLMC,external_control,2010,11,11,complete
control_10.1037/a0013080,JEPLMC,external_control,2011,11,12,complete
control_10.1037/a0013080,JEPLMC,external_control,2012,14,15,complete
control_10.1037/a0013080,JEPLMC,external_control,2013,10,10,complete
control_10.1037/a0013080,JEPLMC,external_control,2014,12,12,complete
control_10.1037/a0013080,JEPLMC,external_control,2015,5,5,complete
control_10.1037/a0013080,JEPLMC,external_control,2016,8,9,complete
control_10.1037/a0013080,JEPLMC,external_control,2017,7,9,complete
control_10.1037/a0013080,JEPLMC,external_control,2018,8,8,complete
control_10.1037/a0013080,JEPLMC,external_control,2019,8,9,complete
control_10.1037/a0013080,JEPLMC,external_control,2020,7,9,complete
control_10.1037/a0013080,JEPLMC,external_control,2021,9,10,complete
control_10.1037/a0013080,JEPLMC,external_control,2022,3,3,complete
control_10.1037/a0013080,JEPLMC,external_control,2023,2,3,complete
control_10.1037/a0013080,JEPLMC,external_control,2024,2,2,complete
control_10.1037/a0013080,JEPLMC,external_control,2025,2,2,complete
control_10.1037/a0013082,JEPLMC,external_control,2008,1,1,complete
control_10.1037/a0013082,JEPLMC,external_control,2009,2,2,complete
control_10.1037/a0013082,JEPLMC,external_control,2010,7,8,complete
control_10.1037/a0013082,JEPLMC,external_control,2011,8,9,complete
control_10.1037/a0013082,JEPLMC,external_control,2012,12,14,complete
control_10.1037/a0013082,JEPLMC,external_control,2013,18,20,complete
control_10.1037/a0013082,JEPLMC,external_control,2014,14,17,complete
control_10.1037/a0013082,JEPLMC,external_control,2015,21,21,complete
control_10.1037/a0013082,JEPLMC,external_control,2016,15,15,complete
control_10.1037/a0013082,JEPLMC,external_control,2017,13,16,complete
control_10.1037/a0013082,JEPLMC,external_control,2018,11,15,complete
control_10.1037/a0013082,JEPLMC,external_control,2019,11,16,complete
control_10.1037/a0013082,JEPLMC,external_control,2020,23,23,complete
control_10.1037/a0013082,JEPLMC,external_control,2021,13,17,complete
control_10.1037/a0013082,JEPLMC,external_control,2022,13,16,complete
control_10.1037/a0013082,JEPLMC,external_control,2023,11,15,complete
control_10.1037/a0013082,JEPLMC,external_control,2024,15,21,complete
control_10.1037/a0013082,JEPLMC,external_control,2025,5,5,complete
control_10.1037/a0013084,JEPLMC,external_control,2008,0,0,complete
control_10.1037/a0013084,JEPLMC,external_control,2009,5,5,complete
control_10.1037/a0013084,JEPLMC,external_control,2010,5,6,complete
control_10.1037/a0013084,JEPLMC,external_control,2011,7,7,complete
control_10.1037/a0013084,JEPLMC,external_control,2012,2,3,complete
control_10.1037/a0013084,JEPLMC,external_control,2013,2,2,complete
control_10.1037/a0013084,JEPLMC,external_control,2014,4,4,complete
control_10.1037/a0013084,JEPLMC,external_control,2015,2,2,complete
control_10.1037/a0013084,JEPLMC,external_control,2016,6,6,complete
control_10.1037/a0013084,JEPLMC,external_control,2017,2,2,complete
control_10.1037/a0013084,JEPLMC,external_control,2018,2,2,complete
control_10.1037/a0013084,JEPLMC,external_control,2019,2,2,complete
control_10.1037/a0013084,JEPLMC,external_control,2020,0,1,complete
control_10.1037/a0013084,JEPLMC,external_control,2021,3,3,complete
control_10.1037/a0013084,JEPLMC,external_control,2022,2,2,complete
control_10.1037/a0013084,JEPLMC,external_control,2023,0,0,complete
control_10.1037/a0013084,JEPLMC,external_control,2024,1,1,complete
control_10.1037/a0013084,JEPLMC,external_control,2025,0,0,complete
control_10.1037/a0013217,JEPLMC,external_control,2008,0,0,complete
control_10.1037/a0013217,JEPLMC,external_control,2009,2,2,complete
control_10.1037/a0013217,JEPLMC,external_control,2010,3,3,complete
control_10.1037/a0013217,JEPLMC,external_control,2011,4,5,complete
control_10.1037/a0013217,JEPLMC,external_control,2012,3,4,complete
control_10.1037/a0013217,JEPLMC,external_control,2013,3,4,complete
control_10.1037/a0013217,JEPLMC,external_control,2014,4,4,complete
control_10.1037/a0013217,JEPLMC,external_control,2015,5,5,complete
control_10.1037/a0013217,JEPLMC,external_control,2016,3,4,complete
control_10.1037/a0013217,JEPLMC,external_control,2017,4,5,complete
control_10.1037/a0013217,JEPLMC,external_control,2018,2,3,complete
control_10.1037/a0013217,JEPLMC,external_control,2019,2,3,complete
control_10.1037/a0013217,JEPLMC,external_control,2020,3,3,complete
control_10.1037/a0013217,JEPLMC,external_control,2021,3,3,complete
control_10.1037/a0013217,JEPLMC,external_control,2022,2,3,complete
control_10.1037/a0013217,JEPLMC,external_control,2023,2,2,complete
control_10.1037/a0013217,JEPLMC,external_control,2024,4,5,complete
control_10.1037/a0013217,JEPLMC,external_control,2025,2,2,complete
control_10.1037/a0013258,JEPLMC,external_control,2008,0,0,complete
control_10.1037/a0013258,JEPLMC,external_control,2009,1,1,complete
control_10.1037/a0013258,JEPLMC,external_control,2010,2,2,complete
control_10.1037/a0013258,JEPLMC,external_control,2011,2,2,complete
control_10.1037/a0013258,JEPLMC,external_control,2012,3,3,complete
control_10.1037/a0013258,JEPLMC,external_control,2013,1,1,complete
control_10.1037/a0013258,JEPLMC,external_control,2014,5,6,complete
control_10.1037/a0013258,JEPLMC,external_control,2015,2,2,complete
control_10.1037/a0013258,JEPLMC,external_control,2016,2,2,complete
control_10.1037/a0013258,JEPLMC,external_control,2017,1,1,complete
control_10.1037/a0013258,JEPLMC,external_control,2018,4,4,complete
control_10.1037/a0013258,JEPLMC,external_control,2019,1,1,complete
control_10.1037/a0013258,JEPLMC,external_control,2020,0,1,complete
control_10.1037/a0013258,JEPLMC,external_control,2021,1,1,complete
control_10.1037/a0013258,JEPLMC,external_control,2022,1,1,complete
control_10.1037/a0013258,JEPLMC,external_control,2023,2,3,complete
control_10.1037/a0013258,JEPLMC,external_control,2024,0,0,complete
control_10.1037/a0013258,JEPLMC,external_control,2025,0,0,complete
control_10.1037/a0013353,JEPLMC,external_control,2008,0,0,complete
control_10.1037/a0013353,JEPLMC,external_control,2009,0,0,complete
control_10.1037/a0013353,JEPLMC,external_control,2010,0,0,complete
control_10.1037/a0013353,JEPLMC,external_control,2011,3,3,complete
control_10.1037/a0013353,JEPLMC,external_control,2012,5,6,complete
control_10.1037/a0013353,JEPLMC,external_control,2013,6,10,complete
control_10.1037/a0013353,JEPLMC,external_control,2014,1,6,complete
control_10.1037/a0013353,JEPLMC,external_control,2015,3,3,complete
control_10.1037/a0013353,JEPLMC,external_control,2016,9,9,complete
control_10.1037/a0013353,JEPLMC,external_control,2017,1,4,complete
control_10.1037/a0013353,JEPLMC,external_control,2018,7,9,complete
control_10.1037/a0013353,JEPLMC,external_control,2019,4,45,complete
control_10.1037/a0013353,JEPLMC,external_control,2020,5,6,complete
control_10.1037/a0013353,JEPLMC,external_control,2021,4,5,complete
control_10.1037/a0013353,JEPLMC,external_control,2022,3,38,complete
control_10.1037/a0013353,JEPLMC,external_control,2023,1,1,complete
control_10.1037/a0013353,JEPLMC,external_control,2024,0,0,complete
control_10.1037/a0013353,JEPLMC,external_control,2025,4,20,complete
control_10.1037/a0013355,JEPLMC,external_control,2008,0,0,complete
control_10.1037/a0013355,JEPLMC,external_control,2009,2,2,complete
control_10.1037/a0013355,JEPLMC,external_control,2010,1,2,complete
control_10.1037/a0013355,JEPLMC,external_control,2011,6,7,complete
control_10.1037/a0013355,JEPLMC,external_control,2012,7,7,complete
control_10.1037/a0013355,JEPLMC,external_control,2013,4,4,complete
control_10.1037/a0013355,JEPLMC,external_control,2014,8,8,complete
control_10.1037/a0013355,JEPLMC,external_control,2015,8,8,complete
control_10.1037/a0013355,JEPLMC,external_control,2016,5,5,complete
control_10.1037/a0013355,JEPLMC,external_control,2017,4,6,complete
control_10.1037/a0013355,JEPLMC,external_control,2018,1,6,complete
control_10.1037/a0013355,JEPLMC,external_control,2019,6,8,complete
control_10.1037/a0013355,JEPLMC,external_control,2020,2,2,complete
control_10.1037/a0013355,JEPLMC,external_control,2021,4,6,complete
control_10.1037/a0013355,JEPLMC,external_control,2022,2,6,complete
control_10.1037/a0013355,JEPLMC,external_control,2023,4,8,complete
control_10.1037/a0013355,JEPLMC,external_control,2024,5,5,complete
control_10.1037/a0013355,JEPLMC,external_control,2025,2,2,complete
control_10.1037/a0013357,JEPLMC,external_control,2008,0,0,complete
control_10.1037/a0013357,JEPLMC,external_control,2009,7,7,complete
control_10.1037/a0013357,JEPLMC,external_control,2010,1,3,complete
control_10.1037/a0013357,JEPLMC,external_control,2011,3,5,complete
control_10.1037/a0013357,JEPLMC,external_control,2012,4,5,complete
control_10.1037/a0013357,JEPLMC,external_control,2013,3,3,complete
control_10.1037/a0013357,JEPLMC,external_control,2014,7,9,complete
control_10.1037/a0013357,JEPLMC,external_control,2015,1,1,complete
control_10.1037/a0013357,JEPLMC,external_control,2016,2,3,complete
control_10.1037/a0013357,JEPLMC,external_control,2017,1,3,complete
control_10.1037/a0013357,JEPLMC,external_control,2018,2,2,complete
control_10.1037/a0013357,JEPLMC,external_control,2019,3,3,complete
control_10.1037/a0013357,JEPLMC,external_control,2020,4,4,complete
control_10.1037/a0013357,JEPLMC,external_control,2021,3,3,complete
control_10.1037/a0013357,JEPLMC,external_control,2022,1,1,complete
control_10.1037/a0013357,JEPLMC,external_control,2023,2,2,complete
control_10.1037/a0013357,JEPLMC,external_control,2024,1,2,complete
control_10.1037/a0013357,JEPLMC,external_control,2025,2,2,complete
control_10.1037/a0013413,JEPLMC,external_control,2008,0,0,complete
control_10.1037/a0013413,JEPLMC,external_control,2009,10,10,complete
control_10.1037/a0013413,JEPLMC,external_control,2010,1,2,complete
control_10.1037/a0013413,JEPLMC,external_control,2011,2,3,complete
control_10.1037/a0013413,JEPLMC,external_control,2012,11,12,complete
control_10.1037/a0013413,JEPLMC,external_control,2013,2,2,complete
control_10.1037/a0013413,JEPLMC,external_control,2014,1,3,complete
control_10.1037/a0013413,JEPLMC,external_control,2015,4,4,complete
control_10.1037/a0013413,JEPLMC,external_control,2016,7,7,complete
control_10.1037/a0013413,JEPLMC,external_control,2017,3,3,complete
control_10.1037/a0013413,JEPLMC,external_control,2018,3,4,complete
control_10.1037/a0013413,JEPLMC,external_control,2019,4,4,complete
control_10.1037/a0013413,JEPLMC,external_control,2020,3,3,complete
control_10.1037/a0013413,JEPLMC,external_control,2021,4,5,complete
control_10.1037/a0013413,JEPLMC,external_control,2022,4,4,complete
control_10.1037/a0013413,JEPLMC,external_control,2023,0,1,complete
control_10.1037/a0013413,JEPLMC,external_control,2024,4,5,complete
control_10.1037/a0013413,JEPLMC,external_control,2025,1,2,complete
control_10.1037/a0013509,JEPLMC,external_control,2008,0,0,complete
control_10.1037/a0013509,JEPLMC,external_control,2009,2,2,complete
control_10.1037/a0013509,JEPLMC,external_control,2010,1,1,complete
control_10.1037/a0013509,JEPLMC,external_control,2011,1,1,complete
control_10.1037/a0013509,JEPLMC,external_control,2012,0,1,complete
control_10.1037/a0013509,JEPLMC,external_control,2013,2,2,complete
control_10.1037/a0013509,JEPLMC,external_control,2014,0,0,complete
control_10.1037/a0013509,JEPLMC,external_control,2015,0,1,complete
control_10.1037/a0013509,JEPLMC,external_control,2016,1,1,complete
control_10.1037/a0013509,JEPLMC,external_control,2017,0,1,complete
control_10.1037/a0013509,JEPLMC,external_control,2018,1,1,complete
control_10.1037/a0013509,JEPLMC,external_control,2019,0,0,complete
control_10.1037/a0013509,JEPLMC,external_control,2020,1,1,complete
control_10.1037/a0013509,JEPLMC,external_control,2021,0,12,complete
control_10.1037/a0013509,JEPLMC,external_control,2022,0,0,complete
control_10.1037/a0013509,JEPLMC,external_control,2023,0,0,complete
control_10.1037/a0013509,JEPLMC,external_control,2024,0,0,complete
control_10.1037/a0013509,JEPLMC,external_control,2025,0,0,complete
control_10.1037/a0013650,JEPLMC,external_control,2008,0,0,complete
control_10.1037/a0013650,JEPLMC,external_control,2009,0,0,complete
control_10.1037/a0013650,JEPLMC,external_control,2010,2,4,complete
control_10.1037/a0013650,JEPLMC,external_control,2011,3,4,complete
control_10.1037/a0013650,JEPLMC,external_control,2012,7,8,complete
control_10.1037/a0013650,JEPLMC,external_control,2013,0,0,complete
control_10.1037/a0013650,JEPLMC,external_control,2014,2,2,complete
control_10.1037/a0013650,JEPLMC,external_control,2015,2,2,complete
control_10.1037/a0013650,JEPLMC,external_control,2016,3,3,complete
control_10.1037/a0013650,JEPLMC,external_control,2017,0,3,complete
control_10.1037/a0013650,JEPLMC,external_control,2018,0,1,complete
control_10.1037/a0013650,JEPLMC,external_control,2019,2,2,complete
control_10.1037/a0013650,JEPLMC,external_control,2020,2,2,complete
control_10.1037/a0013650,JEPLMC,external_control,2021,0,0,complete
control_10.1037/a0013650,JEPLMC,external_control,2022,1,3,complete
control_10.1037/a0013650,JEPLMC,external_control,2023,2,2,complete
control_10.1037/a0013650,JEPLMC,external_control,2024,2,3,complete
control_10.1037/a0013650,JEPLMC,external_control,2025,1,1,complete
