paper_id,control_id,journal,weight
Row.1,control_10.1037/0278-7393.34.1.1,JEPLMC,6.035008650651226e-18
Row.1,control_10.1037/0278-7393.34.1.112,JEPLMC,0.0
Row.1,control_10.1037/0278-7393.34.1.12,JEPLMC,0.10267781023980761
Row.1,control_10.1037/0278-7393.34.1.32,JEPLMC,5.24000537577939e-19
Row.1,control_10.1037/0278-7393.34.2.257,JEPLMC,0.0
Row.1,control_10.1037/0278-7393.34.2.282,JEPLMC,2.4316610978863275e-17
Row.1,control_10.1037/0278-7393.34.2.313,JEPLMC,0.0
Row.1,control_10.1037/0278-7393.34.2.328,JEPLMC,2.2409728056357034e-17
Row.1,control_10.1037/0278-7393.34.2.381,JEPLMC,1.6231803027935297e-17
Row.1,control_10.1037/0278-7393.34.2.415,JEPLMC,6.401440627961212e-18
Row.1,control_10.1037/0278-7393.34.2.422,JEPLMC,0.0
Row.1,control_10.1037/0278-7393.34.3.533,JEPLMC,3.2407152671645946e-17
Row.1,control_10.1037/0278-7393.34.3.556,JEPLMC,0.0
Row.1,control_10.1037/0278-7393.34.3.570,JEPLMC,1.2053691484989154e-17
Row.1,control_10.1037/0278-7393.34.3.587,JEPLMC,0.0
Row.1,control_10.1037/0278-7393.34.3.602,JEPLMC,0.0
Row.1,control_10.1037/0278-7393.34.3.616,JEPLMC,6.738242721578021e-18
Row.1,control_10.1037/0278-7393.34.3.631,JEPLMC,1.3434566947250475e-17
Row.1,control_10.1037/0278-7393.34.3.643,JEPLMC,0.0
Row.1,control_10.1037/0278-7393.34.3.662,JEPLMC,0.0
Row.1,control_10.1037/0278-7393.34.3.680,JEPLMC,0.0
Row.1,control_10.1037/0278-7393.34.3.688,JEPLMC,1.3275015156711441e-18
Row.1,control_10.1037/0278-7393.34.3.696,JEPLMC,4.746458348692906e-19
Row.1,control_10.1037/0278-7393.34.3.703,JEPLMC,0.0
Row.1,control_10.1037/0278-7393.34.3.712,JEPLMC,5.154086774910844e-19
Row.1,control_10.1037/0278-7393.34.4.1001,JEPLMC,0.2012016475122167
Row.1,control_10.1037/0278-7393.34.4.730,JEPLMC,0.0
Row.1,control_10.1037/0278-7393.34.4.741,JEPLMC,0.0
Row.1,control_10.1037/0278-7393.34.4.752,JEPLMC,0.0
Row.1,control_10.1037/0278-7393.34.4.769,JEPLMC,1.6071804028526735e-17
Row.1,control_10.1037/0278-7393.34.4.780,JEPLMC,0.0
Row.1,control_10.1037/0278-7393.34.4.791,JEPLMC,0.0
Row.1,control_10.1037/0278-7393.34.4.809,JEPLMC,1.1746703766724027e-17
Row.1,control_10.1037/0278-7393.34.4.823,JEPLMC,1.8671348143650182e-17
Row.1,control_10.1037/0278-7393.34.4.834,JEPLMC,3.7523866947772355e-17
Row.1,control_10.1037/0278-7393.34.4.843,JEPLMC,2.7219181130866945e-17
Row.1,control_10.1037/0278-7393.34.4.859,JEPLMC,0.0
Row.1,control_10.1037/0278-7393.34.4.874,JEPLMC,0.0
Row.1,control_10.1037/0278-7393.34.4.886,JEPLMC,0.0
Row.1,control_10.1037/0278-7393.34.4.900,JEPLMC,0.0
Row.1,control_10.1037/0278-7393.34.4.918,JEPLMC,1.2857102235459858e-17
Row.1,control_10.1037/0278-7393.34.4.929,JEPLMC,0.0
Row.1,control_10.1037/0278-7393.34.4.945,JEPLMC,0.0
Row.1,control_10.1037/0278-7393.34.4.960,JEPLMC,0.0
Row.1,control_10.1037/0278-7393.34.4.982,JEPLMC,0.0
Row.1,control_10.1037/0278-7393.34.4.988,JEPLMC,0.0
Row.1,control_10.1037/0278-7393.34.4.994,JEPLMC,0.0
Row.1,control_10.1037/0278-7393.34.5.1043,JEPLMC,1.35036001324517e-17
Row.1,control_10.1037/0278-7393.34.5.1055,JEPLMC,2.1554013021393377e-17
Row.1,control_10.1037/0278-7393.34.5.1123,JEPLMC,0.0
Row.1,control_10.1037/a0012580,JEPLMC,1.1433933802576456e-18
Row.1,control_10.1037/a0012581,JEPLMC,1.2382461799138135e-17
Row.1,control_10.1037/a0012638,JEPLMC,2.831959845996459e-17
Row.1,control_10.1037/a0012794,JEPLMC,0.0
Row.1,control_10.1037/a0012795,JEPLMC,0.0
Row.1,control_10.1037/a0012796,JEPLMC,0.0
Row.1,control_10.1037/a0012797,JEPLMC,3.876148734486447e-17
Row.1,control_10.1037/a0012857,JEPLMC,0.0
Row.1,control_10.1037/a0012937,JEPLMC,0.0
Row.1,control_10.1037/a0012938,JEPLMC,0.0
Row.1,control_10.1037/a0012942,JEPLMC,6.886028938144987e-17
Row.1,control_10.1037/a0012943,JEPLMC,0.0
Row.1,control_10.1037/a0013000,JEPLMC,3.270867170268899e-19
Row.1,control_10.1037/a0013011,JEPLMC,0.0
Row.1,control_10.1037/a0013012,JEPLMC,0.0
Row.1,control_10.1037/a0013013,JEPLMC,1.5659412903232295e-18
Row.1,control_10.1037/a0013016,JEPLMC,1.2691507294271642e-17
Row.1,control_10.1037/a0013017,JEPLMC,0.0
Row.1,control_10.1037/a0013025,JEPLMC,0.23726793977377095
Row.1,control_10.1037/a0013033,JEPLMC,7.338168840001966e-18
Row.1,control_10.1037/a0013034,JEPLMC,2.0692003916065953e-18
Row.1,control_10.1037/a0013078,JEPLMC,2.5733908857856533e-17
Row.1,control_10.1037/a0013080,JEPLMC,3.755580135716234e-19
Row.1,control_10.1037/a0013081,JEPLMC,0.0
Row.1,control_10.1037/a0013082,JEPLMC,0.0
Row.1,control_10.1037/a0013084,JEPLMC,0.0
Row.1,control_10.1037/a0013217,JEPLMC,0.0
Row.1,control_10.1037/a0013258,JEPLMC,0.0
Row.1,control_10.1037/a0013353,JEPLMC,0.0
Row.1,control_10.1037/a0013355,JEPLMC,2.5935412471680552e-17
Row.1,control_10.1037/a0013356,JEPLMC,4.656454918398943e-19
Row.1,control_10.1037/a0013357,JEPLMC,0.0
Row.1,control_10.1037/a0013370,JEPLMC,6.679690951134249e-18
Row.1,control_10.1037/a0013413,JEPLMC,0.0
Row.1,control_10.1037/a0013509,JEPLMC,2.219034652301817e-17
Row.1,control_10.1037/a0013646,JEPLMC,3.580588740603491e-17
Row.1,control_10.1037/a0013650,JEPLMC,0.4588526024742043
Row.2,control_10.1037/0278-7393.34.1.1,JEPLMC,0.0
Row.2,control_10.1037/0278-7393.34.1.112,JEPLMC,1.1950168594127e-20
Row.2,control_10.1037/0278-7393.34.1.12,JEPLMC,0.0
Row.2,control_10.1037/0278-7393.34.1.32,JEPLMC,8.789600039092634e-21
Row.2,control_10.1037/0278-7393.34.2.257,JEPLMC,0.0
Row.2,control_10.1037/0278-7393.34.2.282,JEPLMC,0.0
Row.2,control_10.1037/0278-7393.34.2.313,JEPLMC,0.0
Row.2,control_10.1037/0278-7393.34.2.328,JEPLMC,0.0
Row.2,control_10.1037/0278-7393.34.2.381,JEPLMC,3.681791775010125e-06
Row.2,control_10.1037/0278-7393.34.2.415,JEPLMC,2.232894185202811e-05
Row.2,control_10.1037/0278-7393.34.2.422,JEPLMC,0.0
Row.2,control_10.1037/0278-7393.34.3.533,JEPLMC,0.0
Row.2,control_10.1037/0278-7393.34.3.556,JEPLMC,3.753791117992863e-21
Row.2,control_10.1037/0278-7393.34.3.570,JEPLMC,0.0
Row.2,control_10.1037/0278-7393.34.3.587,JEPLMC,0.0
Row.2,control_10.1037/0278-7393.34.3.602,JEPLMC,1.3700392495120617e-05
Row.2,control_10.1037/0278-7393.34.3.616,JEPLMC,0.0
Row.2,control_10.1037/0278-7393.34.3.631,JEPLMC,0.0
Row.2,control_10.1037/0278-7393.34.3.643,JEPLMC,0.0
Row.2,control_10.1037/0278-7393.34.3.662,JEPLMC,0.0
Row.2,control_10.1037/0278-7393.34.3.680,JEPLMC,0.0
Row.2,control_10.1037/0278-7393.34.3.688,JEPLMC,1.1318103314895839e-20
Row.2,control_10.1037/0278-7393.34.3.696,JEPLMC,0.0
Row.2,control_10.1037/0278-7393.34.3.703,JEPLMC,0.0
Row.2,control_10.1037/0278-7393.34.3.712,JEPLMC,9.054633610601023e-21
Row.2,control_10.1037/0278-7393.34.4.1001,JEPLMC,0.0
Row.2,control_10.1037/0278-7393.34.4.730,JEPLMC,2.064025792728352e-21
Row.2,control_10.1037/0278-7393.34.4.741,JEPLMC,0.0
Row.2,control_10.1037/0278-7393.34.4.752,JEPLMC,3.459551748381952e-21
Row.2,control_10.1037/0278-7393.34.4.769,JEPLMC,0.0
Row.2,control_10.1037/0278-7393.34.4.780,JEPLMC,0.0
Row.2,control_10.1037/0278-7393.34.4.791,JEPLMC,2.5559565998450006e-20
Row.2,control_10.1037/0278-7393.34.4.809,JEPLMC,0.0
Row.2,control_10.1037/0278-7393.34.4.823,JEPLMC,0.0
Row.2,control_10.1037/0278-7393.34.4.834,JEPLMC,6.538249544348056e-21
Row.2,control_10.1037/0278-7393.34.4.843,JEPLMC,0.0
Row.2,control_10.1037/0278-7393.34.4.859,JEPLMC,6.230688800605155e-21
Row.2,control_10.1037/0278-7393.34.4.874,JEPLMC,0.0
Row.2,control_10.1037/0278-7393.34.4.886,JEPLMC,2.178682392207964e-21
Row.2,control_10.1037/0278-7393.34.4.900,JEPLMC,1.3053932586007555e-06
Row.2,control_10.1037/0278-7393.34.4.918,JEPLMC,7.341811696388504e-21
Row.2,control_10.1037/0278-7393.34.4.929,JEPLMC,0.9999575389259794
Row.2,control_10.1037/0278-7393.34.4.945,JEPLMC,8.064409022800704e-23
Row.2,control_10.1037/0278-7393.34.4.960,JEPLMC,0.0
Row.2,control_10.1037/0278-7393.34.4.982,JEPLMC,1.2727607878362129e-21
Row.2,control_10.1037/0278-7393.34.4.988,JEPLMC,3.84436254833681e-21
Row.2,control_10.1037/0278-7393.34.4.994,JEPLMC,0.0
Row.2,control_10.1037/0278-7393.34.5.1043,JEPLMC,0.0
Row.2,control_10.1037/0278-7393.34.5.1055,JEPLMC,0.0
Row.2,control_10.1037/0278-7393.34.5.1123,JEPLMC,6.837628644013256e-07
Row.2,control_10.1037/a0012580,JEPLMC,0.0
Row.2,control_10.1037/a0012581,JEPLMC,0.0
Row.2,control_10.1037/a0012638,JEPLMC,0.0
Row.2,control_10.1037/a0012794,JEPLMC,7.607917753322071e-07
Row.2,control_10.1037/a0012795,JEPLMC,0.0
Row.2,control_10.1037/a0012796,JEPLMC,0.0
Row.2,control_10.1037/a0012797,JEPLMC,2.5641509989879898e-21
Row.2,control_10.1037/a0012857,JEPLMC,1.9123733405491763e-21
Row.2,control_10.1037/a0012937,JEPLMC,0.0
Row.2,control_10.1037/a0012938,JEPLMC,0.0
Row.2,control_10.1037/a0012942,JEPLMC,0.0
Row.2,control_10.1037/a0012943,JEPLMC,0.0
Row.2,control_10.1037/a0013000,JEPLMC,0.0
Row.2,control_10.1037/a0013011,JEPLMC,0.0
Row.2,control_10.1037/a0013012,JEPLMC,5.73291378945507e-21
Row.2,control_10.1037/a0013013,JEPLMC,0.0
Row.2,control_10.1037/a0013016,JEPLMC,0.0
Row.2,control_10.1037/a0013017,JEPLMC,0.0
Row.2,control_10.1037/a0013025,JEPLMC,0.0
Row.2,control_10.1037/a0013033,JEPLMC,0.0
Row.2,control_10.1037/a0013034,JEPLMC,0.0
Row.2,control_10.1037/a0013078,JEPLMC,0.0
Row.2,control_10.1037/a0013080,JEPLMC,0.0
Row.2,control_10.1037/a0013081,JEPLMC,0.0
Row.2,control_10.1037/a0013082,JEPLMC,1.06178054590941e-20
Row.2,control_10.1037/a0013084,JEPLMC,0.0
Row.2,control_10.1037/a0013217,JEPLMC,0.0
Row.2,control_10.1037/a0013258,JEPLMC,1.961230970499214e-21
Row.2,control_10.1037/a0013353,JEPLMC,0.0
Row.2,control_10.1037/a0013355,JEPLMC,3.698656200215163e-21
Row.2,control_10.1037/a0013356,JEPLMC,0.0
Row.2,control_10.1037/a0013357,JEPLMC,6.824615195282723e-22
Row.2,control_10.1037/a0013370,JEPLMC,3.1623166668859566e-21
Row.2,control_10.1037/a0013413,JEPLMC,3.80887607118513e-20
Row.2,control_10.1037/a0013509,JEPLMC,1.5246132962834196e-20
Row.2,control_10.1037/a0013646,JEPLMC,0.0
Row.2,control_10.1037/a0013650,JEPLMC,0.0
Row.3,control_10.1037/0278-7393.34.1.1,JEPLMC,0.0
Row.3,control_10.1037/0278-7393.34.1.112,JEPLMC,0.0
Row.3,control_10.1037/0278-7393.34.1.12,JEPLMC,2.1825245693835172e-16
Row.3,control_10.1037/0278-7393.34.1.32,JEPLMC,0.0
Row.3,control_10.1037/0278-7393.34.2.257,JEPLMC,0.0
Row.3,control_10.1037/0278-7393.34.2.282,JEPLMC,0.0
Row.3,control_10.1037/0278-7393.34.2.313,JEPLMC,3.798247547608771e-17
Row.3,control_10.1037/0278-7393.34.2.328,JEPLMC,0.09612518531054796
Row.3,control_10.1037/0278-7393.34.2.381,JEPLMC,0.0
Row.3,control_10.1037/0278-7393.34.2.415,JEPLMC,1.1412101618798851e-16
Row.3,control_10.1037/0278-7393.34.2.422,JEPLMC,0.0
Row.3,control_10.1037/0278-7393.34.3.533,JEPLMC,0.0
Row.3,control_10.1037/0278-7393.34.3.556,JEPLMC,0.0
Row.3,control_10.1037/0278-7393.34.3.570,JEPLMC,2.0491576520324928e-16
Row.3,control_10.1037/0278-7393.34.3.587,JEPLMC,0.0
Row.3,control_10.1037/0278-7393.34.3.602,JEPLMC,5.496051312621531e-16
Row.3,control_10.1037/0278-7393.34.3.616,JEPLMC,0.0
Row.3,control_10.1037/0278-7393.34.3.631,JEPLMC,2.366867653404031e-16
Row.3,control_10.1037/0278-7393.34.3.643,JEPLMC,0.0
Row.3,control_10.1037/0278-7393.34.3.662,JEPLMC,0.0
Row.3,control_10.1037/0278-7393.34.3.680,JEPLMC,0.0
Row.3,control_10.1037/0278-7393.34.3.688,JEPLMC,1.6279217770040186e-17
Row.3,control_10.1037/0278-7393.34.3.696,JEPLMC,0.0
Row.3,control_10.1037/0278-7393.34.3.703,JEPLMC,0.05282202782092259
Row.3,control_10.1037/0278-7393.34.3.712,JEPLMC,8.435506010316173e-17
Row.3,control_10.1037/0278-7393.34.4.1001,JEPLMC,2.257192040862374e-16
Row.3,control_10.1037/0278-7393.34.4.730,JEPLMC,0.24977911594660168
Row.3,control_10.1037/0278-7393.34.4.741,JEPLMC,1.7771561696231823e-17
Row.3,control_10.1037/0278-7393.34.4.752,JEPLMC,1.6857060611781347e-16
Row.3,control_10.1037/0278-7393.34.4.769,JEPLMC,0.0
Row.3,control_10.1037/0278-7393.34.4.780,JEPLMC,0.0
Row.3,control_10.1037/0278-7393.34.4.791,JEPLMC,0.0
Row.3,control_10.1037/0278-7393.34.4.809,JEPLMC,4.9656470891074965e-17
Row.3,control_10.1037/0278-7393.34.4.823,JEPLMC,4.938269585030756e-17
Row.3,control_10.1037/0278-7393.34.4.834,JEPLMC,2.437118654957898e-17
Row.3,control_10.1037/0278-7393.34.4.843,JEPLMC,3.478153836094457e-17
Row.3,control_10.1037/0278-7393.34.4.859,JEPLMC,0.0
Row.3,control_10.1037/0278-7393.34.4.874,JEPLMC,0.0
Row.3,control_10.1037/0278-7393.34.4.886,JEPLMC,0.0
Row.3,control_10.1037/0278-7393.34.4.900,JEPLMC,0.0
Row.3,control_10.1037/0278-7393.34.4.918,JEPLMC,1.8135336430184048e-17
Row.3,control_10.1037/0278-7393.34.4.929,JEPLMC,7.476236875954653e-17
Row.3,control_10.1037/0278-7393.34.4.945,JEPLMC,1.2894845702438283e-16
Row.3,control_10.1037/0278-7393.34.4.960,JEPLMC,1.2697516944169654e-16
Row.3,control_10.1037/0278-7393.34.4.982,JEPLMC,0.0
Row.3,control_10.1037/0278-7393.34.4.988,JEPLMC,0.0
Row.3,control_10.1037/0278-7393.34.4.994,JEPLMC,4.675261061252251e-16
Row.3,control_10.1037/0278-7393.34.5.1043,JEPLMC,1.4457229676270292e-16
Row.3,control_10.1037/0278-7393.34.5.1055,JEPLMC,1.6171500760636412e-17
Row.3,control_10.1037/0278-7393.34.5.1123,JEPLMC,0.0
Row.3,control_10.1037/a0012580,JEPLMC,0.0
Row.3,control_10.1037/a0012581,JEPLMC,2.9163031627098086e-17
Row.3,control_10.1037/a0012638,JEPLMC,1.7575481011924643e-16
Row.3,control_10.1037/a0012794,JEPLMC,0.0
Row.3,control_10.1037/a0012795,JEPLMC,1.944700434307989e-16
Row.3,control_10.1037/a0012796,JEPLMC,0.0
Row.3,control_10.1037/a0012797,JEPLMC,0.0
Row.3,control_10.1037/a0012857,JEPLMC,2.8680613337527185e-18
Row.3,control_10.1037/a0012937,JEPLMC,0.0
Row.3,control_10.1037/a0012938,JEPLMC,0.0
Row.3,control_10.1037/a0012942,JEPLMC,0.0
Row.3,control_10.1037/a0012943,JEPLMC,3.5961655184567155e-17
Row.3,control_10.1037/a0013000,JEPLMC,3.9019278490358757e-17
Row.3,control_10.1037/a0013011,JEPLMC,0.0
Row.3,control_10.1037/a0013012,JEPLMC,0.0
Row.3,control_10.1037/a0013013,JEPLMC,0.0
Row.3,control_10.1037/a0013016,JEPLMC,1.0776718562685693e-16
Row.3,control_10.1037/a0013017,JEPLMC,0.0
Row.3,control_10.1037/a0013025,JEPLMC,1.0083972317707524e-16
Row.3,control_10.1037/a0013033,JEPLMC,1.0786507338615911e-16
Row.3,control_10.1037/a0013034,JEPLMC,0.0
Row.3,control_10.1037/a0013078,JEPLMC,0.0
Row.3,control_10.1037/a0013080,JEPLMC,2.129171819393459e-16
Row.3,control_10.1037/a0013081,JEPLMC,0.0
Row.3,control_10.1037/a0013082,JEPLMC,1.6519843614865537e-18
Row.3,control_10.1037/a0013084,JEPLMC,5.646072564613458e-17
Row.3,control_10.1037/a0013217,JEPLMC,6.488009347493744e-17
Row.3,control_10.1037/a0013258,JEPLMC,0.0
Row.3,control_10.1037/a0013353,JEPLMC,0.0
Row.3,control_10.1037/a0013355,JEPLMC,0.0
Row.3,control_10.1037/a0013356,JEPLMC,0.0
Row.3,control_10.1037/a0013357,JEPLMC,2.3688562551277394e-17
Row.3,control_10.1037/a0013370,JEPLMC,0.6012736709219233
Row.3,control_10.1037/a0013413,JEPLMC,0.0
Row.3,control_10.1037/a0013509,JEPLMC,0.0
Row.3,control_10.1037/a0013646,JEPLMC,3.501875460881992e-17
Row.3,control_10.1037/a0013650,JEPLMC,1.1380088735109655e-16
Row.4,control_10.1037/0278-7393.34.1.1,JEPLMC,9.515495411150556e-08
Row.4,control_10.1037/0278-7393.34.1.112,JEPLMC,0.013420804242855662
Row.4,control_10.1037/0278-7393.34.1.12,JEPLMC,1.2854553737117983e-21
Row.4,control_10.1037/0278-7393.34.1.32,JEPLMC,0.0
Row.4,control_10.1037/0278-7393.34.2.257,JEPLMC,8.949303639967188e-07
Row.4,control_10.1037/0278-7393.34.2.282,JEPLMC,0.0
Row.4,control_10.1037/0278-7393.34.2.313,JEPLMC,0.0016116097296744382
Row.4,control_10.1037/0278-7393.34.2.328,JEPLMC,4.59513781191185e-21
Row.4,control_10.1037/0278-7393.34.2.381,JEPLMC,0.025547226065477727
Row.4,control_10.1037/0278-7393.34.2.415,JEPLMC,0.008583288468392304
Row.4,control_10.1037/0278-7393.34.2.422,JEPLMC,0.004285746233441697
Row.4,control_10.1037/0278-7393.34.3.533,JEPLMC,0.0
Row.4,control_10.1037/0278-7393.34.3.556,JEPLMC,0.07140917263406968
Row.4,control_10.1037/0278-7393.34.3.570,JEPLMC,0.02583232392443687
Row.4,control_10.1037/0278-7393.34.3.587,JEPLMC,1.3956743451715028e-06
Row.4,control_10.1037/0278-7393.34.3.602,JEPLMC,1.3796804352986322e-06
Row.4,control_10.1037/0278-7393.34.3.616,JEPLMC,1.3503749557859565e-06
Row.4,control_10.1037/0278-7393.34.3.631,JEPLMC,2.526914697133468e-21
Row.4,control_10.1037/0278-7393.34.3.643,JEPLMC,4.399605029012824e-23
Row.4,control_10.1037/0278-7393.34.3.662,JEPLMC,9.783167884993683e-22
Row.4,control_10.1037/0278-7393.34.3.680,JEPLMC,1.290210391466e-06
Row.4,control_10.1037/0278-7393.34.3.688,JEPLMC,6.323986750496475e-07
Row.4,control_10.1037/0278-7393.34.3.696,JEPLMC,0.0
Row.4,control_10.1037/0278-7393.34.3.703,JEPLMC,1.8017938164323676e-22
Row.4,control_10.1037/0278-7393.34.3.712,JEPLMC,1.7748444138330247e-06
Row.4,control_10.1037/0278-7393.34.4.1001,JEPLMC,0.0012854094675992232
Row.4,control_10.1037/0278-7393.34.4.730,JEPLMC,1.2551587036942363e-20
Row.4,control_10.1037/0278-7393.34.4.741,JEPLMC,7.891090444918165e-07
Row.4,control_10.1037/0278-7393.34.4.752,JEPLMC,0.0
Row.4,control_10.1037/0278-7393.34.4.769,JEPLMC,1.0382851193158375e-22
Row.4,control_10.1037/0278-7393.34.4.780,JEPLMC,0.014226527734834349
Row.4,control_10.1037/0278-7393.34.4.791,JEPLMC,0.0
Row.4,control_10.1037/0278-7393.34.4.809,JEPLMC,6.578291723130211e-21
Row.4,control_10.1037/0278-7393.34.4.823,JEPLMC,1.3655146192414665e-21
Row.4,control_10.1037/0278-7393.34.4.834,JEPLMC,0.0031808596646977793
Row.4,control_10.1037/0278-7393.34.4.843,JEPLMC,0.032978341754793944
Row.4,control_10.1037/0278-7393.34.4.859,JEPLMC,0.012092460993879955
Row.4,control_10.1037/0278-7393.34.4.874,JEPLMC,2.4595578443048896e-21
Row.4,control_10.1037/0278-7393.34.4.886,JEPLMC,0.004320154281752632
Row.4,control_10.1037/0278-7393.34.4.900,JEPLMC,2.1026321947586318e-21
Row.4,control_10.1037/0278-7393.34.4.918,JEPLMC,0.008161097965745427
Row.4,control_10.1037/0278-7393.34.4.929,JEPLMC,1.0037003239352176e-06
Row.4,control_10.1037/0278-7393.34.4.945,JEPLMC,1.4412357192312588e-06
Row.4,control_10.1037/0278-7393.34.4.960,JEPLMC,2.098342559730549e-06
Row.4,control_10.1037/0278-7393.34.4.982,JEPLMC,0.0
Row.4,control_10.1037/0278-7393.34.4.988,JEPLMC,1.475154304060161e-21
Row.4,control_10.1037/0278-7393.34.4.994,JEPLMC,3.9101993399617e-21
Row.4,control_10.1037/0278-7393.34.5.1043,JEPLMC,1.6108509253256984e-06
Row.4,control_10.1037/0278-7393.34.5.1055,JEPLMC,1.7981390583607695e-06
Row.4,control_10.1037/0278-7393.34.5.1123,JEPLMC,3.165240162448541e-06
Row.4,control_10.1037/a0012580,JEPLMC,2.326150447334404e-21
Row.4,control_10.1037/a0012581,JEPLMC,4.230648560271777e-07
Row.4,control_10.1037/a0012638,JEPLMC,0.016928909113804225
Row.4,control_10.1037/a0012794,JEPLMC,1.5755446344568969e-06
Row.4,control_10.1037/a0012795,JEPLMC,0.10147526996022171
Row.4,control_10.1037/a0012796,JEPLMC,0.007016595866485432
Row.4,control_10.1037/a0012797,JEPLMC,3.702341054098315e-22
Row.4,control_10.1037/a0012857,JEPLMC,7.129622493379654e-07
Row.4,control_10.1037/a0012937,JEPLMC,7.582168694393829e-07
Row.4,control_10.1037/a0012938,JEPLMC,1.613180522552527e-07
Row.4,control_10.1037/a0012942,JEPLMC,2.5718308038683463e-21
Row.4,control_10.1037/a0012943,JEPLMC,1.981053352320812e-21
Row.4,control_10.1037/a0013000,JEPLMC,0.015333748257823594
Row.4,control_10.1037/a0013011,JEPLMC,1.4949568362405331e-21
Row.4,control_10.1037/a0013012,JEPLMC,0.09031626846915035
Row.4,control_10.1037/a0013013,JEPLMC,0.00028098831978839826
Row.4,control_10.1037/a0013016,JEPLMC,0.15028783218477046
Row.4,control_10.1037/a0013017,JEPLMC,7.082818799918691e-07
Row.4,control_10.1037/a0013025,JEPLMC,2.0066399232473612e-06
Row.4,control_10.1037/a0013033,JEPLMC,0.024702639796146324
Row.4,control_10.1037/a0013034,JEPLMC,1.6468542157495404e-21
Row.4,control_10.1037/a0013078,JEPLMC,1.3376190095159262e-06
Row.4,control_10.1037/a0013080,JEPLMC,1.6059291184688939e-21
Row.4,control_10.1037/a0013081,JEPLMC,0.0006950144263040001
Row.4,control_10.1037/a0013082,JEPLMC,0.11292824861207842
Row.4,control_10.1037/a0013084,JEPLMC,8.249740396331136e-22
Row.4,control_10.1037/a0013217,JEPLMC,2.01375276862662e-21
Row.4,control_10.1037/a0013258,JEPLMC,1.6246693851801805e-06
Row.4,control_10.1037/a0013353,JEPLMC,0.12430944578412542
Row.4,control_10.1037/a0013355,JEPLMC,0.02271355681812899
Row.4,control_10.1037/a0013356,JEPLMC,3.591344273108141e-21
Row.4,control_10.1037/a0013357,JEPLMC,0.015232485540851033
Row.4,control_10.1037/a0013370,JEPLMC,1.0209700037979956e-06
Row.4,control_10.1037/a0013413,JEPLMC,0.07811494512910773
Row.4,control_10.1037/a0013509,JEPLMC,0.012202488529603582
Row.4,control_10.1037/a0013646,JEPLMC,0.0004951555863492727
Row.4,control_10.1037/a0013650,JEPLMC,3.352704180198178e-07
Row.5,control_10.1037/0278-7393.34.1.1,JEPLMC,0.0
Row.5,control_10.1037/0278-7393.34.1.112,JEPLMC,1.2392693191892982e-16
Row.5,control_10.1037/0278-7393.34.1.12,JEPLMC,1.2016200169465872e-17
Row.5,control_10.1037/0278-7393.34.1.32,JEPLMC,0.0
Row.5,control_10.1037/0278-7393.34.2.257,JEPLMC,0.0
Row.5,control_10.1037/0278-7393.34.2.282,JEPLMC,1.7719956485752638e-17
Row.5,control_10.1037/0278-7393.34.2.313,JEPLMC,0.0
Row.5,control_10.1037/0278-7393.34.2.328,JEPLMC,0.0
Row.5,control_10.1037/0278-7393.34.2.381,JEPLMC,0.0
Row.5,control_10.1037/0278-7393.34.2.415,JEPLMC,0.0
Row.5,control_10.1037/0278-7393.34.2.422,JEPLMC,4.647106761798614e-17
Row.5,control_10.1037/0278-7393.34.3.533,JEPLMC,3.545648994164853e-17
Row.5,control_10.1037/0278-7393.34.3.556,JEPLMC,0.0
Row.5,control_10.1037/0278-7393.34.3.570,JEPLMC,2.5902383777945313e-17
Row.5,control_10.1037/0278-7393.34.3.587,JEPLMC,0.0
Row.5,control_10.1037/0278-7393.34.3.602,JEPLMC,0.0
Row.5,control_10.1037/0278-7393.34.3.616,JEPLMC,2.311807653865359e-16
Row.5,control_10.1037/0278-7393.34.3.631,JEPLMC,0.0
Row.5,control_10.1037/0278-7393.34.3.643,JEPLMC,0.0
Row.5,control_10.1037/0278-7393.34.3.662,JEPLMC,0.0
Row.5,control_10.1037/0278-7393.34.3.680,JEPLMC,3.5981352373143584e-17
Row.5,control_10.1037/0278-7393.34.3.688,JEPLMC,2.8443295772173987e-17
Row.5,control_10.1037/0278-7393.34.3.696,JEPLMC,2.8223459337144982e-18
Row.5,control_10.1037/0278-7393.34.3.703,JEPLMC,1.3909223010509784e-19
Row.5,control_10.1037/0278-7393.34.3.712,JEPLMC,4.583839578454987e-17
Row.5,control_10.1037/0278-7393.34.4.1001,JEPLMC,0.059008586504093866
Row.5,control_10.1037/0278-7393.34.4.730,JEPLMC,0.0
Row.5,control_10.1037/0278-7393.34.4.741,JEPLMC,0.0
Row.5,control_10.1037/0278-7393.34.4.752,JEPLMC,1.7894195660759258e-17
Row.5,control_10.1037/0278-7393.34.4.769,JEPLMC,3.545608801882107e-17
Row.5,control_10.1037/0278-7393.34.4.780,JEPLMC,4.121314986714661e-17
Row.5,control_10.1037/0278-7393.34.4.791,JEPLMC,0.0
Row.5,control_10.1037/0278-7393.34.4.809,JEPLMC,1.2231199660955995e-18
Row.5,control_10.1037/0278-7393.34.4.823,JEPLMC,9.252126694283217e-18
Row.5,control_10.1037/0278-7393.34.4.834,JEPLMC,6.383752123897249e-18
Row.5,control_10.1037/0278-7393.34.4.843,JEPLMC,0.0
Row.5,control_10.1037/0278-7393.34.4.859,JEPLMC,0.0
Row.5,control_10.1037/0278-7393.34.4.874,JEPLMC,2.4905643446037148e-18
Row.5,control_10.1037/0278-7393.34.4.886,JEPLMC,0.0
Row.5,control_10.1037/0278-7393.34.4.900,JEPLMC,1.8936632081626835e-17
Row.5,control_10.1037/0278-7393.34.4.918,JEPLMC,0.0
Row.5,control_10.1037/0278-7393.34.4.929,JEPLMC,7.423572174618389e-17
Row.5,control_10.1037/0278-7393.34.4.945,JEPLMC,0.0
Row.5,control_10.1037/0278-7393.34.4.960,JEPLMC,0.0
Row.5,control_10.1037/0278-7393.34.4.982,JEPLMC,0.0
Row.5,control_10.1037/0278-7393.34.4.988,JEPLMC,1.879512114747413e-17
Row.5,control_10.1037/0278-7393.34.4.994,JEPLMC,5.553694015700358e-17
Row.5,control_10.1037/0278-7393.34.5.1043,JEPLMC,3.816053167964937e-17
Row.5,control_10.1037/0278-7393.34.5.1055,JEPLMC,2.3624494515050566e-17
Row.5,control_10.1037/0278-7393.34.5.1123,JEPLMC,0.0
Row.5,control_10.1037/a0012580,JEPLMC,0.0
Row.5,control_10.1037/a0012581,JEPLMC,0.0
Row.5,control_10.1037/a0012638,JEPLMC,1.1830772962987857e-17
Row.5,control_10.1037/a0012794,JEPLMC,5.64203119045241e-17
Row.5,control_10.1037/a0012795,JEPLMC,0.0
Row.5,control_10.1037/a0012796,JEPLMC,0.0
Row.5,control_10.1037/a0012797,JEPLMC,0.0
Row.5,control_10.1037/a0012857,JEPLMC,1.2379625691136781e-17
Row.5,control_10.1037/a0012937,JEPLMC,0.0
Row.5,control_10.1037/a0012938,JEPLMC,0.0
Row.5,control_10.1037/a0012942,JEPLMC,0.0
Row.5,control_10.1037/a0012943,JEPLMC,0.0
Row.5,control_10.1037/a0013000,JEPLMC,4.525010402606745e-17
Row.5,control_10.1037/a0013011,JEPLMC,2.3697721872036572e-17
Row.5,control_10.1037/a0013012,JEPLMC,0.23134541528792643
Row.5,control_10.1037/a0013013,JEPLMC,1.91283068753157e-19
Row.5,control_10.1037/a0013016,JEPLMC,1.2883354930004443e-17
Row.5,control_10.1037/a0013017,JEPLMC,0.0
Row.5,control_10.1037/a0013025,JEPLMC,0.0
Row.5,control_10.1037/a0013033,JEPLMC,1.714671309593476e-16
Row.5,control_10.1037/a0013034,JEPLMC,1.3451092392479475e-17
Row.5,control_10.1037/a0013078,JEPLMC,2.6028180029540368e-17
Row.5,control_10.1037/a0013080,JEPLMC,0.0
Row.5,control_10.1037/a0013081,JEPLMC,4.388496563553409e-17
Row.5,control_10.1037/a0013082,JEPLMC,0.017564745007950675
Row.5,control_10.1037/a0013084,JEPLMC,0.0
Row.5,control_10.1037/a0013217,JEPLMC,2.2974761359296342e-17
Row.5,control_10.1037/a0013258,JEPLMC,0.0
Row.5,control_10.1037/a0013353,JEPLMC,0.6920812532000274
Row.5,control_10.1037/a0013355,JEPLMC,1.3776406606289766e-17
Row.5,control_10.1037/a0013356,JEPLMC,6.451350968670894e-18
Row.5,control_10.1037/a0013357,JEPLMC,3.5529865330517516e-17
Row.5,control_10.1037/a0013370,JEPLMC,0.0
Row.5,control_10.1037/a0013413,JEPLMC,1.4844169254288121e-16
Row.5,control_10.1037/a0013509,JEPLMC,1.983708514125851e-17
Row.5,control_10.1037/a0013646,JEPLMC,2.2035155707306283e-17
Row.5,control_10.1037/a0013650,JEPLMC,0.0
Row.6,control_10.1037/0278-7393.34.1.1,JEPLMC,7.040498898285081e-05
Row.6,control_10.1037/0278-7393.34.1.112,JEPLMC,0.004812191113764052
Row.6,control_10.1037/0278-7393.34.1.12,JEPLMC,0.01231504312789074
Row.6,control_10.1037/0278-7393.34.1.32,JEPLMC,0.011532855740126477
Row.6,control_10.1037/0278-7393.34.2.257,JEPLMC,0.0048657847357925065
Row.6,control_10.1037/0278-7393.34.2.282,JEPLMC,6.2520297664768484e-06
Row.6,control_10.1037/0278-7393.34.2.313,JEPLMC,0.018897885645720588
Row.6,control_10.1037/0278-7393.34.2.328,JEPLMC,0.00012526231902060562
Row.6,control_10.1037/0278-7393.34.2.381,JEPLMC,0.00404886412323822
Row.6,control_10.1037/0278-7393.34.2.415,JEPLMC,0.07676185850016223
Row.6,control_10.1037/0278-7393.34.2.422,JEPLMC,7.8243822634501e-07
Row.6,control_10.1037/0278-7393.34.3.533,JEPLMC,5.472494797678891e-05
Row.6,control_10.1037/0278-7393.34.3.556,JEPLMC,0.0008813260646225595
Row.6,control_10.1037/0278-7393.34.3.570,JEPLMC,0.049894286011829304
Row.6,control_10.1037/0278-7393.34.3.587,JEPLMC,0.0028386797750792536
Row.6,control_10.1037/0278-7393.34.3.602,JEPLMC,9.054531907298353e-06
Row.6,control_10.1037/0278-7393.34.3.616,JEPLMC,0.020076804905543352
Row.6,control_10.1037/0278-7393.34.3.631,JEPLMC,0.00010918048128324001
Row.6,control_10.1037/0278-7393.34.3.643,JEPLMC,9.836672862984531e-06
Row.6,control_10.1037/0278-7393.34.3.662,JEPLMC,0.048286903721198364
Row.6,control_10.1037/0278-7393.34.3.680,JEPLMC,3.0972446023973516e-06
Row.6,control_10.1037/0278-7393.34.3.688,JEPLMC,6.614262910494801e-06
Row.6,control_10.1037/0278-7393.34.3.696,JEPLMC,0.03528803203311146
Row.6,control_10.1037/0278-7393.34.3.703,JEPLMC,9.573537862075948e-05
Row.6,control_10.1037/0278-7393.34.3.712,JEPLMC,9.142249078028868e-05
Row.6,control_10.1037/0278-7393.34.4.1001,JEPLMC,0.013416631748842289
Row.6,control_10.1037/0278-7393.34.4.730,JEPLMC,1.3389687052107637e-05
Row.6,control_10.1037/0278-7393.34.4.741,JEPLMC,2.929803738411066e-06
Row.6,control_10.1037/0278-7393.34.4.752,JEPLMC,4.1308077601810996e-05
Row.6,control_10.1037/0278-7393.34.4.769,JEPLMC,0.0
Row.6,control_10.1037/0278-7393.34.4.780,JEPLMC,0.01770452037738365
Row.6,control_10.1037/0278-7393.34.4.791,JEPLMC,1.3264569919422262e-06
Row.6,control_10.1037/0278-7393.34.4.809,JEPLMC,1.422259877544646e-06
Row.6,control_10.1037/0278-7393.34.4.823,JEPLMC,2.4831680713008522e-06
Row.6,control_10.1037/0278-7393.34.4.834,JEPLMC,0.013783444524438013
Row.6,control_10.1037/0278-7393.34.4.843,JEPLMC,0.03403786569350989
Row.6,control_10.1037/0278-7393.34.4.859,JEPLMC,0.01414508870588569
Row.6,control_10.1037/0278-7393.34.4.874,JEPLMC,4.907031270275431e-05
Row.6,control_10.1037/0278-7393.34.4.886,JEPLMC,0.01774532386867717
Row.6,control_10.1037/0278-7393.34.4.900,JEPLMC,0.05522177763836717
Row.6,control_10.1037/0278-7393.34.4.918,JEPLMC,0.004737243578896311
Row.6,control_10.1037/0278-7393.34.4.929,JEPLMC,0.008168284420058822
Row.6,control_10.1037/0278-7393.34.4.945,JEPLMC,6.782007978095381e-05
Row.6,control_10.1037/0278-7393.34.4.960,JEPLMC,0.004450018114130885
Row.6,control_10.1037/0278-7393.34.4.982,JEPLMC,4.180494118206426e-06
Row.6,control_10.1037/0278-7393.34.4.988,JEPLMC,6.37236127627572e-06
Row.6,control_10.1037/0278-7393.34.4.994,JEPLMC,1.0747359540296932e-05
Row.6,control_10.1037/0278-7393.34.5.1043,JEPLMC,9.989944054033102e-05
Row.6,control_10.1037/0278-7393.34.5.1055,JEPLMC,0.00021553881172157145
Row.6,control_10.1037/0278-7393.34.5.1123,JEPLMC,0.00018522291472222296
Row.6,control_10.1037/a0012580,JEPLMC,6.029443807512707e-07
Row.6,control_10.1037/a0012581,JEPLMC,0.00012313489197963764
Row.6,control_10.1037/a0012638,JEPLMC,0.054573611398629866
Row.6,control_10.1037/a0012794,JEPLMC,0.027527280143805934
Row.6,control_10.1037/a0012795,JEPLMC,0.01442918881319322
Row.6,control_10.1037/a0012796,JEPLMC,0.07858769891703216
Row.6,control_10.1037/a0012797,JEPLMC,0.08732143623788646
Row.6,control_10.1037/a0012857,JEPLMC,0.013231259282158696
Row.6,control_10.1037/a0012937,JEPLMC,0.006548128285687444
Row.6,control_10.1037/a0012938,JEPLMC,2.968941089243681e-05
Row.6,control_10.1037/a0012942,JEPLMC,5.668932711593363e-06
Row.6,control_10.1037/a0012943,JEPLMC,0.0
Row.6,control_10.1037/a0013000,JEPLMC,0.015449614583403845
Row.6,control_10.1037/a0013011,JEPLMC,0.004249276604254319
Row.6,control_10.1037/a0013012,JEPLMC,8.5110739648898e-05
Row.6,control_10.1037/a0013013,JEPLMC,0.012522074021440852
Row.6,control_10.1037/a0013016,JEPLMC,1.6367130455616274e-06
Row.6,control_10.1037/a0013017,JEPLMC,5.503106616352094e-05
Row.6,control_10.1037/a0013025,JEPLMC,3.3224097278059515e-05
Row.6,control_10.1037/a0013033,JEPLMC,7.165691960032364e-05
Row.6,control_10.1037/a0013034,JEPLMC,0.04379228817674259
Row.6,control_10.1037/a0013078,JEPLMC,0.03535802396484177
Row.6,control_10.1037/a0013080,JEPLMC,5.525133677235811e-06
Row.6,control_10.1037/a0013081,JEPLMC,0.03191211599061643
Row.6,control_10.1037/a0013082,JEPLMC,0.006397565168374303
Row.6,control_10.1037/a0013084,JEPLMC,0.0013674958512373092
Row.6,control_10.1037/a0013217,JEPLMC,4.9701974536065e-07
Row.6,control_10.1037/a0013258,JEPLMC,3.841479855227258e-05
Row.6,control_10.1037/a0013353,JEPLMC,6.105529720463734e-05
Row.6,control_10.1037/a0013355,JEPLMC,3.4434428114651907e-05
Row.6,control_10.1037/a0013356,JEPLMC,0.0010976140122661384
Row.6,control_10.1037/a0013357,JEPLMC,0.007214726519899752
Row.6,control_10.1037/a0013370,JEPLMC,2.521988254016135e-05
Row.6,control_10.1037/a0013413,JEPLMC,2.419834906232176e-07
Row.6,control_10.1037/a0013509,JEPLMC,0.08136619950730366
Row.6,control_10.1037/a0013646,JEPLMC,0.0012875547549476218
Row.6,control_10.1037/a0013650,JEPLMC,9.103243068466729e-07
Row.7,control_10.1037/0278-7393.34.1.1,JEPLMC,1.5580446952503485e-07
Row.7,control_10.1037/0278-7393.34.1.112,JEPLMC,0.009760166195169685
Row.7,control_10.1037/0278-7393.34.1.12,JEPLMC,0.0002872029884430128
Row.7,control_10.1037/0278-7393.34.1.32,JEPLMC,4.403918608981671e-23
Row.7,control_10.1037/0278-7393.34.2.257,JEPLMC,0.00017246616283308534
Row.7,control_10.1037/0278-7393.34.2.282,JEPLMC,1.4930371022885293e-24
Row.7,control_10.1037/0278-7393.34.2.313,JEPLMC,0.017258995684491272
Row.7,control_10.1037/0278-7393.34.2.328,JEPLMC,3.30071341844844e-21
Row.7,control_10.1037/0278-7393.34.2.381,JEPLMC,0.015076254878776433
Row.7,control_10.1037/0278-7393.34.2.415,JEPLMC,0.060626068557125275
Row.7,control_10.1037/0278-7393.34.2.422,JEPLMC,3.7056203184029455e-05
Row.7,control_10.1037/0278-7393.34.3.533,JEPLMC,1.830322882169362e-21
Row.7,control_10.1037/0278-7393.34.3.556,JEPLMC,1.696534159409571e-05
Row.7,control_10.1037/0278-7393.34.3.570,JEPLMC,0.19314690657036798
Row.7,control_10.1037/0278-7393.34.3.587,JEPLMC,7.007165212910204e-07
Row.7,control_10.1037/0278-7393.34.3.602,JEPLMC,0.0
Row.7,control_10.1037/0278-7393.34.3.616,JEPLMC,1.296501809076131e-06
Row.7,control_10.1037/0278-7393.34.3.631,JEPLMC,1.7117988814864416e-05
Row.7,control_10.1037/0278-7393.34.3.643,JEPLMC,3.8130826644397057e-22
Row.7,control_10.1037/0278-7393.34.3.662,JEPLMC,0.05540958176126981
Row.7,control_10.1037/0278-7393.34.3.680,JEPLMC,1.491509359484953e-21
Row.7,control_10.1037/0278-7393.34.3.688,JEPLMC,8.253760933740511e-06
Row.7,control_10.1037/0278-7393.34.3.696,JEPLMC,0.00010106145644829346
Row.7,control_10.1037/0278-7393.34.3.703,JEPLMC,2.316446181650705e-21
Row.7,control_10.1037/0278-7393.34.3.712,JEPLMC,4.4609703976269835e-05
Row.7,control_10.1037/0278-7393.34.4.1001,JEPLMC,0.0011680231105331055
Row.7,control_10.1037/0278-7393.34.4.730,JEPLMC,1.39708223780282e-21
Row.7,control_10.1037/0278-7393.34.4.741,JEPLMC,4.854214358613571e-22
Row.7,control_10.1037/0278-7393.34.4.752,JEPLMC,0.0
Row.7,control_10.1037/0278-7393.34.4.769,JEPLMC,0.0
Row.7,control_10.1037/0278-7393.34.4.780,JEPLMC,0.09962498972643613
Row.7,control_10.1037/0278-7393.34.4.791,JEPLMC,0.0
Row.7,control_10.1037/0278-7393.34.4.809,JEPLMC,0.0
Row.7,control_10.1037/0278-7393.34.4.823,JEPLMC,2.180487254332119e-22
Row.7,control_10.1037/0278-7393.34.4.834,JEPLMC,8.421113918481306e-21
Row.7,control_10.1037/0278-7393.34.4.843,JEPLMC,0.007898575687518977
Row.7,control_10.1037/0278-7393.34.4.859,JEPLMC,4.953139294722819e-08
Row.7,control_10.1037/0278-7393.34.4.874,JEPLMC,1.3397141582758621e-21
Row.7,control_10.1037/0278-7393.34.4.886,JEPLMC,0.0014192737215104354
Row.7,control_10.1037/0278-7393.34.4.900,JEPLMC,1.6491069673451672e-05
Row.7,control_10.1037/0278-7393.34.4.918,JEPLMC,5.352785187576245e-22
Row.7,control_10.1037/0278-7393.34.4.929,JEPLMC,0.023684540665062405
Row.7,control_10.1037/0278-7393.34.4.945,JEPLMC,0.0
Row.7,control_10.1037/0278-7393.34.4.960,JEPLMC,0.0009790281047492564
Row.7,control_10.1037/0278-7393.34.4.982,JEPLMC,1.617358953568402e-21
Row.7,control_10.1037/0278-7393.34.4.988,JEPLMC,2.790431742741758e-22
Row.7,control_10.1037/0278-7393.34.4.994,JEPLMC,2.200756471001521e-21
Row.7,control_10.1037/0278-7393.34.5.1043,JEPLMC,1.761723760767156e-05
Row.7,control_10.1037/0278-7393.34.5.1055,JEPLMC,0.0
Row.7,control_10.1037/0278-7393.34.5.1123,JEPLMC,0.00025557210495527865
Row.7,control_10.1037/a0012580,JEPLMC,5.260107528214568e-22
Row.7,control_10.1037/a0012581,JEPLMC,1.652637327885614e-05
Row.7,control_10.1037/a0012638,JEPLMC,0.08505447143659178
Row.7,control_10.1037/a0012794,JEPLMC,0.0015448953514994785
Row.7,control_10.1037/a0012795,JEPLMC,0.05132244042093038
Row.7,control_10.1037/a0012796,JEPLMC,0.11691346377232523
Row.7,control_10.1037/a0012797,JEPLMC,0.013843050056743144
Row.7,control_10.1037/a0012857,JEPLMC,0.00034067637686192165
Row.7,control_10.1037/a0012937,JEPLMC,0.001127801155762964
Row.7,control_10.1037/a0012938,JEPLMC,0.0
Row.7,control_10.1037/a0012942,JEPLMC,0.0
Row.7,control_10.1037/a0012943,JEPLMC,1.0928799519351147e-21
Row.7,control_10.1037/a0013000,JEPLMC,0.02710169478573812
Row.7,control_10.1037/a0013011,JEPLMC,2.419723488962226e-07
Row.7,control_10.1037/a0013012,JEPLMC,9.688603571044935e-08
Row.7,control_10.1037/a0013013,JEPLMC,0.003797776838608682
Row.7,control_10.1037/a0013016,JEPLMC,2.1175823681357512e-21
Row.7,control_10.1037/a0013017,JEPLMC,0.0
Row.7,control_10.1037/a0013025,JEPLMC,0.0
Row.7,control_10.1037/a0013033,JEPLMC,7.308701429725727e-22
Row.7,control_10.1037/a0013034,JEPLMC,0.036211743425215194
Row.7,control_10.1037/a0013078,JEPLMC,0.0005448847981666342
Row.7,control_10.1037/a0013080,JEPLMC,1.4350493906747692e-21
Row.7,control_10.1037/a0013081,JEPLMC,0.04486792973547734
Row.7,control_10.1037/a0013082,JEPLMC,0.0
Row.7,control_10.1037/a0013084,JEPLMC,0.0
Row.7,control_10.1037/a0013217,JEPLMC,1.1543171035892405e-22
Row.7,control_10.1037/a0013258,JEPLMC,0.00037944011901655387
Row.7,control_10.1037/a0013353,JEPLMC,2.167109735365675e-22
Row.7,control_10.1037/a0013355,JEPLMC,0.0
Row.7,control_10.1037/a0013356,JEPLMC,0.0
Row.7,control_10.1037/a0013357,JEPLMC,0.0007886281203810956
Row.7,control_10.1037/a0013370,JEPLMC,2.8714048600548416e-21
Row.7,control_10.1037/a0013413,JEPLMC,6.881772607700795e-22
Row.7,control_10.1037/a0013509,JEPLMC,0.12911521713935073
Row.7,control_10.1037/a0013646,JEPLMC,0.0
Row.7,control_10.1037/a0013650,JEPLMC,2.6256672243790864e-21
Row.8,control_10.1037/0278-7393.34.1.1,JEPLMC,0.0
Row.8,control_10.1037/0278-7393.34.1.112,JEPLMC,0.0
Row.8,control_10.1037/0278-7393.34.1.12,JEPLMC,0.0
Row.8,control_10.1037/0278-7393.34.1.32,JEPLMC,8.553997093973195e-18
Row.8,control_10.1037/0278-7393.34.2.257,JEPLMC,8.07610745520729e-19
Row.8,control_10.1037/0278-7393.34.2.282,JEPLMC,5.553007137787184e-18
Row.8,control_10.1037/0278-7393.34.2.313,JEPLMC,0.0
Row.8,control_10.1037/0278-7393.34.2.328,JEPLMC,5.683805224860764e-18
Row.8,control_10.1037/0278-7393.34.2.381,JEPLMC,4.3067740767683885e-16
Row.8,control_10.1037/0278-7393.34.2.415,JEPLMC,0.0
Row.8,control_10.1037/0278-7393.34.2.422,JEPLMC,0.0
Row.8,control_10.1037/0278-7393.34.3.533,JEPLMC,0.0
Row.8,control_10.1037/0278-7393.34.3.556,JEPLMC,0.0
Row.8,control_10.1037/0278-7393.34.3.570,JEPLMC,0.313626554691207
Row.8,control_10.1037/0278-7393.34.3.587,JEPLMC,2.9291062832695397e-18
Row.8,control_10.1037/0278-7393.34.3.602,JEPLMC,6.258901235856202e-18
Row.8,control_10.1037/0278-7393.34.3.616,JEPLMC,0.0
Row.8,control_10.1037/0278-7393.34.3.631,JEPLMC,0.0
Row.8,control_10.1037/0278-7393.34.3.643,JEPLMC,2.510163395961082e-18
Row.8,control_10.1037/0278-7393.34.3.662,JEPLMC,0.0
Row.8,control_10.1037/0278-7393.34.3.680,JEPLMC,7.183495421738137e-18
Row.8,control_10.1037/0278-7393.34.3.688,JEPLMC,0.0
Row.8,control_10.1037/0278-7393.34.3.696,JEPLMC,4.577864945004317e-18
Row.8,control_10.1037/0278-7393.34.3.703,JEPLMC,4.391552017901587e-18
Row.8,control_10.1037/0278-7393.34.3.712,JEPLMC,0.0
Row.8,control_10.1037/0278-7393.34.4.1001,JEPLMC,0.0
Row.8,control_10.1037/0278-7393.34.4.730,JEPLMC,0.0
Row.8,control_10.1037/0278-7393.34.4.741,JEPLMC,0.0
Row.8,control_10.1037/0278-7393.34.4.752,JEPLMC,1.1518514909681919e-18
Row.8,control_10.1037/0278-7393.34.4.769,JEPLMC,0.0
Row.8,control_10.1037/0278-7393.34.4.780,JEPLMC,0.011251711015302042
Row.8,control_10.1037/0278-7393.34.4.791,JEPLMC,1.230116916801471e-17
Row.8,control_10.1037/0278-7393.34.4.809,JEPLMC,0.0
Row.8,control_10.1037/0278-7393.34.4.823,JEPLMC,0.0
Row.8,control_10.1037/0278-7393.34.4.834,JEPLMC,0.0
Row.8,control_10.1037/0278-7393.34.4.843,JEPLMC,9.665418786814917e-19
Row.8,control_10.1037/0278-7393.34.4.859,JEPLMC,0.0
Row.8,control_10.1037/0278-7393.34.4.874,JEPLMC,2.4329088552611583e-18
Row.8,control_10.1037/0278-7393.34.4.886,JEPLMC,0.0
Row.8,control_10.1037/0278-7393.34.4.900,JEPLMC,0.0
Row.8,control_10.1037/0278-7393.34.4.918,JEPLMC,1.1685983429305226e-17
Row.8,control_10.1037/0278-7393.34.4.929,JEPLMC,0.6222376479864632
Row.8,control_10.1037/0278-7393.34.4.945,JEPLMC,0.0
Row.8,control_10.1037/0278-7393.34.4.960,JEPLMC,0.0
Row.8,control_10.1037/0278-7393.34.4.982,JEPLMC,0.0
Row.8,control_10.1037/0278-7393.34.4.988,JEPLMC,0.0
Row.8,control_10.1037/0278-7393.34.4.994,JEPLMC,0.0
Row.8,control_10.1037/0278-7393.34.5.1043,JEPLMC,2.708456133155212e-19
Row.8,control_10.1037/0278-7393.34.5.1055,JEPLMC,1.80330569721556e-17
Row.8,control_10.1037/0278-7393.34.5.1123,JEPLMC,0.0
Row.8,control_10.1037/a0012580,JEPLMC,0.0
Row.8,control_10.1037/a0012581,JEPLMC,0.0
Row.8,control_10.1037/a0012638,JEPLMC,0.0
Row.8,control_10.1037/a0012794,JEPLMC,0.0
Row.8,control_10.1037/a0012795,JEPLMC,0.010238462636626866
Row.8,control_10.1037/a0012796,JEPLMC,0.0
Row.8,control_10.1037/a0012797,JEPLMC,0.0
Row.8,control_10.1037/a0012857,JEPLMC,0.0
Row.8,control_10.1037/a0012937,JEPLMC,2.7387079602408094e-18
Row.8,control_10.1037/a0012938,JEPLMC,2.451783130301585e-18
Row.8,control_10.1037/a0012942,JEPLMC,0.0
Row.8,control_10.1037/a0012943,JEPLMC,0.0
Row.8,control_10.1037/a0013000,JEPLMC,0.0
Row.8,control_10.1037/a0013011,JEPLMC,3.443049834126144e-18
Row.8,control_10.1037/a0013012,JEPLMC,0.0
Row.8,control_10.1037/a0013013,JEPLMC,0.0
Row.8,control_10.1037/a0013016,JEPLMC,0.04264562367040028
Row.8,control_10.1037/a0013017,JEPLMC,0.0
Row.8,control_10.1037/a0013025,JEPLMC,1.3731142754668409e-17
Row.8,control_10.1037/a0013033,JEPLMC,3.8120471050646904e-18
Row.8,control_10.1037/a0013034,JEPLMC,0.0
Row.8,control_10.1037/a0013078,JEPLMC,0.0
Row.8,control_10.1037/a0013080,JEPLMC,0.0
Row.8,control_10.1037/a0013081,JEPLMC,0.0
Row.8,control_10.1037/a0013082,JEPLMC,6.4624114688500955e-18
Row.8,control_10.1037/a0013084,JEPLMC,8.483606065220672e-18
Row.8,control_10.1037/a0013217,JEPLMC,0.0
Row.8,control_10.1037/a0013258,JEPLMC,0.0
Row.8,control_10.1037/a0013353,JEPLMC,1.178263364476979e-17
Row.8,control_10.1037/a0013355,JEPLMC,0.0
Row.8,control_10.1037/a0013356,JEPLMC,0.0
Row.8,control_10.1037/a0013357,JEPLMC,1.5123745615181422e-18
Row.8,control_10.1037/a0013370,JEPLMC,0.0
Row.8,control_10.1037/a0013413,JEPLMC,1.3670559519347246e-17
Row.8,control_10.1037/a0013509,JEPLMC,0.0
Row.8,control_10.1037/a0013646,JEPLMC,6.271181702781259e-19
Row.8,control_10.1037/a0013650,JEPLMC,2.020684916814803e-18
Row.10,control_10.1037/0278-7393.34.1.1,JEPLMC,0.0
Row.10,control_10.1037/0278-7393.34.1.112,JEPLMC,0.0
Row.10,control_10.1037/0278-7393.34.1.12,JEPLMC,0.0
Row.10,control_10.1037/0278-7393.34.1.32,JEPLMC,0.0
Row.10,control_10.1037/0278-7393.34.2.257,JEPLMC,0.0
Row.10,control_10.1037/0278-7393.34.2.282,JEPLMC,1.600958721133544e-05
Row.10,control_10.1037/0278-7393.34.2.313,JEPLMC,1.743285242399313e-21
Row.10,control_10.1037/0278-7393.34.2.328,JEPLMC,0.0
Row.10,control_10.1037/0278-7393.34.2.381,JEPLMC,0.10845962996164696
Row.10,control_10.1037/0278-7393.34.2.415,JEPLMC,0.08036165292117703
Row.10,control_10.1037/0278-7393.34.2.422,JEPLMC,0.0
Row.10,control_10.1037/0278-7393.34.3.533,JEPLMC,0.0080796617270269
Row.10,control_10.1037/0278-7393.34.3.556,JEPLMC,0.0
Row.10,control_10.1037/0278-7393.34.3.570,JEPLMC,0.02166731199148791
Row.10,control_10.1037/0278-7393.34.3.587,JEPLMC,3.8168123730768244e-05
Row.10,control_10.1037/0278-7393.34.3.602,JEPLMC,0.03631959410356801
Row.10,control_10.1037/0278-7393.34.3.616,JEPLMC,1.5869828773623384e-22
Row.10,control_10.1037/0278-7393.34.3.631,JEPLMC,6.605971967082183e-08
Row.10,control_10.1037/0278-7393.34.3.643,JEPLMC,0.0
Row.10,control_10.1037/0278-7393.34.3.662,JEPLMC,0.0003456998337024462
Row.10,control_10.1037/0278-7393.34.3.680,JEPLMC,0.00041580999240209133
Row.10,control_10.1037/0278-7393.34.3.688,JEPLMC,0.0
Row.10,control_10.1037/0278-7393.34.3.696,JEPLMC,2.5108761068225674e-07
Row.10,control_10.1037/0278-7393.34.3.703,JEPLMC,2.191317296533266e-21
Row.10,control_10.1037/0278-7393.34.3.712,JEPLMC,2.194981834625538e-21
Row.10,control_10.1037/0278-7393.34.4.1001,JEPLMC,0.0
Row.10,control_10.1037/0278-7393.34.4.730,JEPLMC,0.0
Row.10,control_10.1037/0278-7393.34.4.741,JEPLMC,0.0
Row.10,control_10.1037/0278-7393.34.4.752,JEPLMC,7.578700959869197e-07
Row.10,control_10.1037/0278-7393.34.4.769,JEPLMC,0.016027634963642914
Row.10,control_10.1037/0278-7393.34.4.780,JEPLMC,0.0
Row.10,control_10.1037/0278-7393.34.4.791,JEPLMC,8.03523732979394e-23
Row.10,control_10.1037/0278-7393.34.4.809,JEPLMC,0.0
Row.10,control_10.1037/0278-7393.34.4.823,JEPLMC,4.776717673163217e-22
Row.10,control_10.1037/0278-7393.34.4.834,JEPLMC,0.030424594535464835
Row.10,control_10.1037/0278-7393.34.4.843,JEPLMC,0.014622621681007326
Row.10,control_10.1037/0278-7393.34.4.859,JEPLMC,1.3149806051635777e-20
Row.10,control_10.1037/0278-7393.34.4.874,JEPLMC,4.2318165765846363e-22
Row.10,control_10.1037/0278-7393.34.4.886,JEPLMC,0.0
Row.10,control_10.1037/0278-7393.34.4.900,JEPLMC,0.028009364035558884
Row.10,control_10.1037/0278-7393.34.4.918,JEPLMC,0.0
Row.10,control_10.1037/0278-7393.34.4.929,JEPLMC,0.08146604013588107
Row.10,control_10.1037/0278-7393.34.4.945,JEPLMC,0.02334456673009501
Row.10,control_10.1037/0278-7393.34.4.960,JEPLMC,0.0
Row.10,control_10.1037/0278-7393.34.4.982,JEPLMC,0.0
Row.10,control_10.1037/0278-7393.34.4.988,JEPLMC,0.015959315502965355
Row.10,control_10.1037/0278-7393.34.4.994,JEPLMC,0.021794922318917262
Row.10,control_10.1037/0278-7393.34.5.1043,JEPLMC,6.621884417167585e-22
Row.10,control_10.1037/0278-7393.34.5.1055,JEPLMC,0.0
Row.10,control_10.1037/0278-7393.34.5.1123,JEPLMC,0.0
Row.10,control_10.1037/a0012580,JEPLMC,0.0
Row.10,control_10.1037/a0012581,JEPLMC,1.1409549770189025e-07
Row.10,control_10.1037/a0012638,JEPLMC,5.302237389267644e-22
Row.10,control_10.1037/a0012794,JEPLMC,0.0
Row.10,control_10.1037/a0012795,JEPLMC,0.026864218713638952
Row.10,control_10.1037/a0012796,JEPLMC,8.814987588800694e-22
Row.10,control_10.1037/a0012797,JEPLMC,4.178420632195747e-22
Row.10,control_10.1037/a0012857,JEPLMC,0.0
Row.10,control_10.1037/a0012937,JEPLMC,8.7943385698449e-22
Row.10,control_10.1037/a0012938,JEPLMC,0.012431256910048526
Row.10,control_10.1037/a0012942,JEPLMC,0.0
Row.10,control_10.1037/a0012943,JEPLMC,0.0
Row.10,control_10.1037/a0013000,JEPLMC,0.0
Row.10,control_10.1037/a0013011,JEPLMC,0.04781625598342532
Row.10,control_10.1037/a0013012,JEPLMC,0.0
Row.10,control_10.1037/a0013013,JEPLMC,0.0
Row.10,control_10.1037/a0013016,JEPLMC,0.0
Row.10,control_10.1037/a0013017,JEPLMC,0.0032749846826363124
Row.10,control_10.1037/a0013025,JEPLMC,0.03480148283165037
Row.10,control_10.1037/a0013033,JEPLMC,0.12177131977462455
Row.10,control_10.1037/a0013034,JEPLMC,0.010490152543272185
Row.10,control_10.1037/a0013078,JEPLMC,0.0
Row.10,control_10.1037/a0013080,JEPLMC,1.2054809275479403e-22
Row.10,control_10.1037/a0013081,JEPLMC,0.0
Row.10,control_10.1037/a0013082,JEPLMC,0.0
Row.10,control_10.1037/a0013084,JEPLMC,1.3456490593925045e-21
Row.10,control_10.1037/a0013217,JEPLMC,0.0
Row.10,control_10.1037/a0013258,JEPLMC,1.7352422237563066e-21
Row.10,control_10.1037/a0013353,JEPLMC,0.12728334995704219
Row.10,control_10.1037/a0013355,JEPLMC,0.0
Row.10,control_10.1037/a0013356,JEPLMC,0.0
Row.10,control_10.1037/a0013357,JEPLMC,0.0
Row.10,control_10.1037/a0013370,JEPLMC,6.744209179660719e-07
Row.10,control_10.1037/a0013413,JEPLMC,0.04799478194091974
Row.10,control_10.1037/a0013509,JEPLMC,0.07991737652994989
Row.10,control_10.1037/a0013646,JEPLMC,0.0
Row.10,control_10.1037/a0013650,JEPLMC,3.5845346372520033e-07
Row.11,control_10.1037/0278-7393.34.1.1,JEPLMC,0.0
Row.11,control_10.1037/0278-7393.34.1.112,JEPLMC,0.0
Row.11,control_10.1037/0278-7393.34.1.12,JEPLMC,6.64321444094897e-17
Row.11,control_10.1037/0278-7393.34.1.32,JEPLMC,0.0
Row.11,control_10.1037/0278-7393.34.2.257,JEPLMC,0.0
Row.11,control_10.1037/0278-7393.34.2.282,JEPLMC,0.0
Row.11,control_10.1037/0278-7393.34.2.313,JEPLMC,1.0077654621769413e-16
Row.11,control_10.1037/0278-7393.34.2.328,JEPLMC,0.0
Row.11,control_10.1037/0278-7393.34.2.381,JEPLMC,0.0
Row.11,control_10.1037/0278-7393.34.2.415,JEPLMC,0.0
Row.11,control_10.1037/0278-7393.34.2.422,JEPLMC,0.0
Row.11,control_10.1037/0278-7393.34.3.533,JEPLMC,0.0
Row.11,control_10.1037/0278-7393.34.3.556,JEPLMC,1.0560591153921199e-16
Row.11,control_10.1037/0278-7393.34.3.570,JEPLMC,7.246422219014351e-17
Row.11,control_10.1037/0278-7393.34.3.587,JEPLMC,6.698799939085065e-17
Row.11,control_10.1037/0278-7393.34.3.602,JEPLMC,0.0
Row.11,control_10.1037/0278-7393.34.3.616,JEPLMC,0.0
Row.11,control_10.1037/0278-7393.34.3.631,JEPLMC,0.0
Row.11,control_10.1037/0278-7393.34.3.643,JEPLMC,0.0
Row.11,control_10.1037/0278-7393.34.3.662,JEPLMC,0.09743289902456577
Row.11,control_10.1037/0278-7393.34.3.680,JEPLMC,9.177677435357795e-17
Row.11,control_10.1037/0278-7393.34.3.688,JEPLMC,0.0
Row.11,control_10.1037/0278-7393.34.3.696,JEPLMC,3.8458281389653175e-17
Row.11,control_10.1037/0278-7393.34.3.703,JEPLMC,0.007762815517210478
Row.11,control_10.1037/0278-7393.34.3.712,JEPLMC,0.0
Row.11,control_10.1037/0278-7393.34.4.1001,JEPLMC,5.537745598540251e-17
Row.11,control_10.1037/0278-7393.34.4.730,JEPLMC,0.3362347164829572
Row.11,control_10.1037/0278-7393.34.4.741,JEPLMC,7.548139454848451e-18
Row.11,control_10.1037/0278-7393.34.4.752,JEPLMC,0.0
Row.11,control_10.1037/0278-7393.34.4.769,JEPLMC,4.4171112467514056e-17
Row.11,control_10.1037/0278-7393.34.4.780,JEPLMC,7.239732092785348e-17
Row.11,control_10.1037/0278-7393.34.4.791,JEPLMC,4.947796024096992e-19
Row.11,control_10.1037/0278-7393.34.4.809,JEPLMC,0.0
Row.11,control_10.1037/0278-7393.34.4.823,JEPLMC,2.8727116437895404e-17
Row.11,control_10.1037/0278-7393.34.4.834,JEPLMC,0.0
Row.11,control_10.1037/0278-7393.34.4.843,JEPLMC,4.371401158885123e-19
Row.11,control_10.1037/0278-7393.34.4.859,JEPLMC,1.288711998851283e-17
Row.11,control_10.1037/0278-7393.34.4.874,JEPLMC,3.032854611623203e-17
Row.11,control_10.1037/0278-7393.34.4.886,JEPLMC,0.0
Row.11,control_10.1037/0278-7393.34.4.900,JEPLMC,0.0
Row.11,control_10.1037/0278-7393.34.4.918,JEPLMC,0.0
Row.11,control_10.1037/0278-7393.34.4.929,JEPLMC,2.192213580216075e-17
Row.11,control_10.1037/0278-7393.34.4.945,JEPLMC,2.843200140804045e-17
Row.11,control_10.1037/0278-7393.34.4.960,JEPLMC,3.48699377617415e-17
Row.11,control_10.1037/0278-7393.34.4.982,JEPLMC,0.0
Row.11,control_10.1037/0278-7393.34.4.988,JEPLMC,0.0
Row.11,control_10.1037/0278-7393.34.4.994,JEPLMC,0.0
Row.11,control_10.1037/0278-7393.34.5.1043,JEPLMC,0.33673326697553085
Row.11,control_10.1037/0278-7393.34.5.1055,JEPLMC,0.0
Row.11,control_10.1037/0278-7393.34.5.1123,JEPLMC,0.0
Row.11,control_10.1037/a0012580,JEPLMC,0.0
Row.11,control_10.1037/a0012581,JEPLMC,3.0883643136289286e-16
Row.11,control_10.1037/a0012638,JEPLMC,0.0
Row.11,control_10.1037/a0012794,JEPLMC,1.223333404678813e-16
Row.11,control_10.1037/a0012795,JEPLMC,0.0
Row.11,control_10.1037/a0012796,JEPLMC,2.824572850681211e-17
Row.11,control_10.1037/a0012797,JEPLMC,0.0
Row.11,control_10.1037/a0012857,JEPLMC,0.0
Row.11,control_10.1037/a0012937,JEPLMC,2.288565483149777e-17
Row.11,control_10.1037/a0012938,JEPLMC,6.494805583425202e-17
Row.11,control_10.1037/a0012942,JEPLMC,0.0
Row.11,control_10.1037/a0012943,JEPLMC,3.558616326612407e-17
Row.11,control_10.1037/a0013000,JEPLMC,2.78367398837614e-17
Row.11,control_10.1037/a0013011,JEPLMC,2.405939556787367e-17
Row.11,control_10.1037/a0013012,JEPLMC,0.0
Row.11,control_10.1037/a0013013,JEPLMC,0.0
Row.11,control_10.1037/a0013016,JEPLMC,1.1685208756839666e-17
Row.11,control_10.1037/a0013017,JEPLMC,3.846138596672816e-17
Row.11,control_10.1037/a0013025,JEPLMC,1.4794936314555775e-16
Row.11,control_10.1037/a0013033,JEPLMC,2.0893721626970315e-17
Row.11,control_10.1037/a0013034,JEPLMC,0.0
Row.11,control_10.1037/a0013078,JEPLMC,3.449692317482388e-16
Row.11,control_10.1037/a0013080,JEPLMC,0.0
Row.11,control_10.1037/a0013081,JEPLMC,0.0
Row.11,control_10.1037/a0013082,JEPLMC,2.5136910002955873e-17
Row.11,control_10.1037/a0013084,JEPLMC,2.1953979888935222e-17
Row.11,control_10.1037/a0013217,JEPLMC,0.0
Row.11,control_10.1037/a0013258,JEPLMC,2.815237126603664e-17
Row.11,control_10.1037/a0013353,JEPLMC,0.0
Row.11,control_10.1037/a0013355,JEPLMC,0.0
Row.11,control_10.1037/a0013356,JEPLMC,0.0
Row.11,control_10.1037/a0013357,JEPLMC,6.516732918517644e-18
Row.11,control_10.1037/a0013370,JEPLMC,0.22183630199973353
Row.11,control_10.1037/a0013413,JEPLMC,4.314609023748387e-17
Row.11,control_10.1037/a0013509,JEPLMC,0.0
Row.11,control_10.1037/a0013646,JEPLMC,4.4256620801021075e-17
Row.11,control_10.1037/a0013650,JEPLMC,1.6725967784810176e-17
Row.12,control_10.1037/0278-7393.34.1.1,JEPLMC,3.665161105633198e-18
Row.12,control_10.1037/0278-7393.34.1.112,JEPLMC,0.0
Row.12,control_10.1037/0278-7393.34.1.12,JEPLMC,5.759016321125186e-17
Row.12,control_10.1037/0278-7393.34.1.32,JEPLMC,1.3006154242714636e-17
Row.12,control_10.1037/0278-7393.34.2.257,JEPLMC,4.34628924597289e-17
Row.12,control_10.1037/0278-7393.34.2.282,JEPLMC,0.0
Row.12,control_10.1037/0278-7393.34.2.313,JEPLMC,0.0
Row.12,control_10.1037/0278-7393.34.2.328,JEPLMC,2.6499863342209685e-17
Row.12,control_10.1037/0278-7393.34.2.381,JEPLMC,0.0
Row.12,control_10.1037/0278-7393.34.2.415,JEPLMC,0.4382912986022739
Row.12,control_10.1037/0278-7393.34.2.422,JEPLMC,2.0025332987734377e-18
Row.12,control_10.1037/0278-7393.34.3.533,JEPLMC,0.0
Row.12,control_10.1037/0278-7393.34.3.556,JEPLMC,0.21378729147425282
Row.12,control_10.1037/0278-7393.34.3.570,JEPLMC,1.937125891862575e-17
Row.12,control_10.1037/0278-7393.34.3.587,JEPLMC,0.0
Row.12,control_10.1037/0278-7393.34.3.602,JEPLMC,0.0
Row.12,control_10.1037/0278-7393.34.3.616,JEPLMC,0.0
Row.12,control_10.1037/0278-7393.34.3.631,JEPLMC,0.0
Row.12,control_10.1037/0278-7393.34.3.643,JEPLMC,0.0
Row.12,control_10.1037/0278-7393.34.3.662,JEPLMC,4.2326156405429214e-18
Row.12,control_10.1037/0278-7393.34.3.680,JEPLMC,1.5721550328958233e-16
Row.12,control_10.1037/0278-7393.34.3.688,JEPLMC,0.0
Row.12,control_10.1037/0278-7393.34.3.696,JEPLMC,9.334417086122928e-17
Row.12,control_10.1037/0278-7393.34.3.703,JEPLMC,1.3525424634549145e-17
Row.12,control_10.1037/0278-7393.34.3.712,JEPLMC,0.0
Row.12,control_10.1037/0278-7393.34.4.1001,JEPLMC,0.0
Row.12,control_10.1037/0278-7393.34.4.730,JEPLMC,0.0
Row.12,control_10.1037/0278-7393.34.4.741,JEPLMC,0.0
Row.12,control_10.1037/0278-7393.34.4.752,JEPLMC,0.0
Row.12,control_10.1037/0278-7393.34.4.769,JEPLMC,2.5259446380703118e-18
Row.12,control_10.1037/0278-7393.34.4.780,JEPLMC,0.0
Row.12,control_10.1037/0278-7393.34.4.791,JEPLMC,0.0
Row.12,control_10.1037/0278-7393.34.4.809,JEPLMC,1.5522926319056884e-17
Row.12,control_10.1037/0278-7393.34.4.823,JEPLMC,0.0
Row.12,control_10.1037/0278-7393.34.4.834,JEPLMC,0.0
Row.12,control_10.1037/0278-7393.34.4.843,JEPLMC,0.0
Row.12,control_10.1037/0278-7393.34.4.859,JEPLMC,3.6617982196927286e-17
Row.12,control_10.1037/0278-7393.34.4.874,JEPLMC,2.0176251080357338e-17
Row.12,control_10.1037/0278-7393.34.4.886,JEPLMC,0.0
Row.12,control_10.1037/0278-7393.34.4.900,JEPLMC,1.062167984928051e-15
Row.12,control_10.1037/0278-7393.34.4.918,JEPLMC,2.553830882994734e-17
Row.12,control_10.1037/0278-7393.34.4.929,JEPLMC,0.12878215905818932
Row.12,control_10.1037/0278-7393.34.4.945,JEPLMC,0.0
Row.12,control_10.1037/0278-7393.34.4.960,JEPLMC,8.542331713058302e-18
Row.12,control_10.1037/0278-7393.34.4.982,JEPLMC,0.0
Row.12,control_10.1037/0278-7393.34.4.988,JEPLMC,0.0
Row.12,control_10.1037/0278-7393.34.4.994,JEPLMC,6.578701141135294e-18
Row.12,control_10.1037/0278-7393.34.5.1043,JEPLMC,1.528359074368574e-17
Row.12,control_10.1037/0278-7393.34.5.1055,JEPLMC,1.5831800305685126e-16
Row.12,control_10.1037/0278-7393.34.5.1123,JEPLMC,1.6535305486974717e-18
Row.12,control_10.1037/a0012580,JEPLMC,0.0
Row.12,control_10.1037/a0012581,JEPLMC,2.967392786709004e-17
Row.12,control_10.1037/a0012638,JEPLMC,0.0
Row.12,control_10.1037/a0012794,JEPLMC,0.04684989846766524
Row.12,control_10.1037/a0012795,JEPLMC,0.0
Row.12,control_10.1037/a0012796,JEPLMC,0.0
Row.12,control_10.1037/a0012797,JEPLMC,1.2711489290166383e-17
Row.12,control_10.1037/a0012857,JEPLMC,0.0
Row.12,control_10.1037/a0012937,JEPLMC,0.0
Row.12,control_10.1037/a0012938,JEPLMC,0.0
Row.12,control_10.1037/a0012942,JEPLMC,2.91282386238779e-17
Row.12,control_10.1037/a0012943,JEPLMC,0.0
Row.12,control_10.1037/a0013000,JEPLMC,0.17228935239761686
Row.12,control_10.1037/a0013011,JEPLMC,0.0
Row.12,control_10.1037/a0013012,JEPLMC,0.0
Row.12,control_10.1037/a0013013,JEPLMC,0.0
Row.12,control_10.1037/a0013016,JEPLMC,3.7802464844987586e-17
Row.12,control_10.1037/a0013017,JEPLMC,0.0
Row.12,control_10.1037/a0013025,JEPLMC,0.0
Row.12,control_10.1037/a0013033,JEPLMC,0.0
Row.12,control_10.1037/a0013034,JEPLMC,0.0
Row.12,control_10.1037/a0013078,JEPLMC,0.0
Row.12,control_10.1037/a0013080,JEPLMC,0.0
Row.12,control_10.1037/a0013081,JEPLMC,0.0
Row.12,control_10.1037/a0013082,JEPLMC,0.0
Row.12,control_10.1037/a0013084,JEPLMC,0.0
Row.12,control_10.1037/a0013217,JEPLMC,0.0
Row.12,control_10.1037/a0013258,JEPLMC,0.0
Row.12,control_10.1037/a0013353,JEPLMC,0.0
Row.12,control_10.1037/a0013355,JEPLMC,0.0
Row.12,control_10.1037/a0013356,JEPLMC,0.0
Row.12,control_10.1037/a0013357,JEPLMC,0.0
Row.12,control_10.1037/a0013370,JEPLMC,2.0308798365685303e-17
Row.12,control_10.1037/a0013413,JEPLMC,4.5576247597978617e-17
Row.12,control_10.1037/a0013509,JEPLMC,0.0
Row.12,control_10.1037/a0013646,JEPLMC,0.0
Row.12,control_10.1037/a0013650,JEPLMC,1.8778520908707013e-17
Row.13,control_10.1037/0278-7393.34.1.1,JEPLMC,0.0
Row.13,control_10.1037/0278-7393.34.1.112,JEPLMC,2.159693881231959e-19
Row.13,control_10.1037/0278-7393.34.1.12,JEPLMC,0.0
Row.13,control_10.1037/0278-7393.34.1.32,JEPLMC,0.0
Row.13,control_10.1037/0278-7393.34.2.257,JEPLMC,0.0
Row.13,control_10.1037/0278-7393.34.2.282,JEPLMC,0.0
Row.13,control_10.1037/0278-7393.34.2.313,JEPLMC,1.2269847518331243e-17
Row.13,control_10.1037/0278-7393.34.2.328,JEPLMC,0.0
Row.13,control_10.1037/0278-7393.34.2.381,JEPLMC,5.394468328828184e-21
Row.13,control_10.1037/0278-7393.34.2.415,JEPLMC,0.3717983588682326
Row.13,control_10.1037/0278-7393.34.2.422,JEPLMC,4.422144812920911e-18
Row.13,control_10.1037/0278-7393.34.3.533,JEPLMC,2.9368798208171547e-18
Row.13,control_10.1037/0278-7393.34.3.556,JEPLMC,0.0
Row.13,control_10.1037/0278-7393.34.3.570,JEPLMC,6.201221253316915e-18
Row.13,control_10.1037/0278-7393.34.3.587,JEPLMC,1.7432060532248816e-17
Row.13,control_10.1037/0278-7393.34.3.602,JEPLMC,0.0
Row.13,control_10.1037/0278-7393.34.3.616,JEPLMC,1.037367106852816e-17
Row.13,control_10.1037/0278-7393.34.3.631,JEPLMC,3.625530271325656e-18
Row.13,control_10.1037/0278-7393.34.3.643,JEPLMC,0.0
Row.13,control_10.1037/0278-7393.34.3.662,JEPLMC,6.858238259158651e-18
Row.13,control_10.1037/0278-7393.34.3.680,JEPLMC,0.0
Row.13,control_10.1037/0278-7393.34.3.688,JEPLMC,1.3268353647156473e-18
Row.13,control_10.1037/0278-7393.34.3.696,JEPLMC,0.0
Row.13,control_10.1037/0278-7393.34.3.703,JEPLMC,1.1898864605246145e-18
Row.13,control_10.1037/0278-7393.34.3.712,JEPLMC,3.5689175967364215e-18
Row.13,control_10.1037/0278-7393.34.4.1001,JEPLMC,0.0
Row.13,control_10.1037/0278-7393.34.4.730,JEPLMC,5.319461763585767e-18
Row.13,control_10.1037/0278-7393.34.4.741,JEPLMC,1.0740830507745348e-17
Row.13,control_10.1037/0278-7393.34.4.752,JEPLMC,1.1807754381053534e-18
Row.13,control_10.1037/0278-7393.34.4.769,JEPLMC,1.0797026046971296e-17
Row.13,control_10.1037/0278-7393.34.4.780,JEPLMC,0.0
Row.13,control_10.1037/0278-7393.34.4.791,JEPLMC,2.7686896883804613e-18
Row.13,control_10.1037/0278-7393.34.4.809,JEPLMC,1.9995987249930985e-18
Row.13,control_10.1037/0278-7393.34.4.823,JEPLMC,5.1724815953655156e-18
Row.13,control_10.1037/0278-7393.34.4.834,JEPLMC,0.0
Row.13,control_10.1037/0278-7393.34.4.843,JEPLMC,5.482661014660966e-18
Row.13,control_10.1037/0278-7393.34.4.859,JEPLMC,3.046203177207175e-18
Row.13,control_10.1037/0278-7393.34.4.874,JEPLMC,0.0
Row.13,control_10.1037/0278-7393.34.4.886,JEPLMC,1.0463389300069991e-17
Row.13,control_10.1037/0278-7393.34.4.900,JEPLMC,0.22685854984599005
Row.13,control_10.1037/0278-7393.34.4.918,JEPLMC,0.0
Row.13,control_10.1037/0278-7393.34.4.929,JEPLMC,4.6465010017105554e-17
Row.13,control_10.1037/0278-7393.34.4.945,JEPLMC,0.0
Row.13,control_10.1037/0278-7393.34.4.960,JEPLMC,0.0
Row.13,control_10.1037/0278-7393.34.4.982,JEPLMC,0.0
Row.13,control_10.1037/0278-7393.34.4.988,JEPLMC,0.0
Row.13,control_10.1037/0278-7393.34.4.994,JEPLMC,0.0
Row.13,control_10.1037/0278-7393.34.5.1043,JEPLMC,0.0
Row.13,control_10.1037/0278-7393.34.5.1055,JEPLMC,0.0
Row.13,control_10.1037/0278-7393.34.5.1123,JEPLMC,0.0
Row.13,control_10.1037/a0012580,JEPLMC,4.305413213063155e-18
Row.13,control_10.1037/a0012581,JEPLMC,0.0
Row.13,control_10.1037/a0012638,JEPLMC,0.0
Row.13,control_10.1037/a0012794,JEPLMC,0.06207917728381507
Row.13,control_10.1037/a0012795,JEPLMC,0.0
Row.13,control_10.1037/a0012796,JEPLMC,0.26512982995256135
Row.13,control_10.1037/a0012797,JEPLMC,1.332941439303372e-16
Row.13,control_10.1037/a0012857,JEPLMC,0.0
Row.13,control_10.1037/a0012937,JEPLMC,0.07413408404940057
Row.13,control_10.1037/a0012938,JEPLMC,0.0
Row.13,control_10.1037/a0012942,JEPLMC,5.148054627330555e-18
Row.13,control_10.1037/a0012943,JEPLMC,1.3012451390445716e-17
Row.13,control_10.1037/a0013000,JEPLMC,5.27778595474599e-18
Row.13,control_10.1037/a0013011,JEPLMC,0.0
Row.13,control_10.1037/a0013012,JEPLMC,1.5115188134625235e-18
Row.13,control_10.1037/a0013013,JEPLMC,0.0
Row.13,control_10.1037/a0013016,JEPLMC,0.0
Row.13,control_10.1037/a0013017,JEPLMC,3.197578849772133e-19
Row.13,control_10.1037/a0013025,JEPLMC,0.0
Row.13,control_10.1037/a0013033,JEPLMC,6.423438804579542e-18
Row.13,control_10.1037/a0013034,JEPLMC,0.0
Row.13,control_10.1037/a0013078,JEPLMC,1.6391962211300993e-18
Row.13,control_10.1037/a0013080,JEPLMC,0.0
Row.13,control_10.1037/a0013081,JEPLMC,0.0
Row.13,control_10.1037/a0013082,JEPLMC,6.787258552379742e-18
Row.13,control_10.1037/a0013084,JEPLMC,3.649823117501165e-18
Row.13,control_10.1037/a0013217,JEPLMC,0.0
Row.13,control_10.1037/a0013258,JEPLMC,0.0
Row.13,control_10.1037/a0013353,JEPLMC,0.0
Row.13,control_10.1037/a0013355,JEPLMC,8.284003361168869e-19
Row.13,control_10.1037/a0013356,JEPLMC,0.0
Row.13,control_10.1037/a0013357,JEPLMC,1.7487139591375577e-18
Row.13,control_10.1037/a0013370,JEPLMC,6.0911554018985805e-19
Row.13,control_10.1037/a0013413,JEPLMC,0.0
Row.13,control_10.1037/a0013509,JEPLMC,0.0
Row.13,control_10.1037/a0013646,JEPLMC,9.674795702604076e-18
Row.13,control_10.1037/a0013650,JEPLMC,0.0
Row.15,control_10.1037/0278-7393.34.1.1,JEPLMC,1.2790606192243964e-16
Row.15,control_10.1037/0278-7393.34.1.112,JEPLMC,4.772502255973227e-16
Row.15,control_10.1037/0278-7393.34.1.12,JEPLMC,0.0
Row.15,control_10.1037/0278-7393.34.1.32,JEPLMC,2.312947997737778e-16
Row.15,control_10.1037/0278-7393.34.2.257,JEPLMC,3.717411283728053e-16
Row.15,control_10.1037/0278-7393.34.2.282,JEPLMC,0.0
Row.15,control_10.1037/0278-7393.34.2.313,JEPLMC,0.0
Row.15,control_10.1037/0278-7393.34.2.328,JEPLMC,0.0
Row.15,control_10.1037/0278-7393.34.2.381,JEPLMC,1.1829020378843262e-16
Row.15,control_10.1037/0278-7393.34.2.415,JEPLMC,0.0
Row.15,control_10.1037/0278-7393.34.2.422,JEPLMC,0.0
Row.15,control_10.1037/0278-7393.34.3.533,JEPLMC,0.0
Row.15,control_10.1037/0278-7393.34.3.556,JEPLMC,0.0
Row.15,control_10.1037/0278-7393.34.3.570,JEPLMC,3.1567470126321855e-16
Row.15,control_10.1037/0278-7393.34.3.587,JEPLMC,3.1368287977257445e-17
Row.15,control_10.1037/0278-7393.34.3.602,JEPLMC,4.216661738319069e-16
Row.15,control_10.1037/0278-7393.34.3.616,JEPLMC,0.0
Row.15,control_10.1037/0278-7393.34.3.631,JEPLMC,2.3368918513133067e-17
Row.15,control_10.1037/0278-7393.34.3.643,JEPLMC,0.0
Row.15,control_10.1037/0278-7393.34.3.662,JEPLMC,0.0
Row.15,control_10.1037/0278-7393.34.3.680,JEPLMC,2.0324611042139225e-16
Row.15,control_10.1037/0278-7393.34.3.688,JEPLMC,0.0
Row.15,control_10.1037/0278-7393.34.3.696,JEPLMC,0.0
Row.15,control_10.1037/0278-7393.34.3.703,JEPLMC,7.455776012639298e-16
Row.15,control_10.1037/0278-7393.34.3.712,JEPLMC,0.0
Row.15,control_10.1037/0278-7393.34.4.1001,JEPLMC,2.351762736244334e-16
Row.15,control_10.1037/0278-7393.34.4.730,JEPLMC,2.3234244693087097e-16
Row.15,control_10.1037/0278-7393.34.4.741,JEPLMC,2.4026398883032093e-16
Row.15,control_10.1037/0278-7393.34.4.752,JEPLMC,0.0
Row.15,control_10.1037/0278-7393.34.4.769,JEPLMC,4.3616115052241225e-16
Row.15,control_10.1037/0278-7393.34.4.780,JEPLMC,4.951294568662951e-16
Row.15,control_10.1037/0278-7393.34.4.791,JEPLMC,4.725610578677796e-16
Row.15,control_10.1037/0278-7393.34.4.809,JEPLMC,2.939441858278046e-16
Row.15,control_10.1037/0278-7393.34.4.823,JEPLMC,3.574247520382115e-16
Row.15,control_10.1037/0278-7393.34.4.834,JEPLMC,3.666181342879329e-16
Row.15,control_10.1037/0278-7393.34.4.843,JEPLMC,7.450150970624372e-17
Row.15,control_10.1037/0278-7393.34.4.859,JEPLMC,0.3169050389027184
Row.15,control_10.1037/0278-7393.34.4.874,JEPLMC,2.8916707289633092e-16
Row.15,control_10.1037/0278-7393.34.4.886,JEPLMC,0.0
Row.15,control_10.1037/0278-7393.34.4.900,JEPLMC,0.0
Row.15,control_10.1037/0278-7393.34.4.918,JEPLMC,0.0
Row.15,control_10.1037/0278-7393.34.4.929,JEPLMC,0.0
Row.15,control_10.1037/0278-7393.34.4.945,JEPLMC,1.6056806762894816e-16
Row.15,control_10.1037/0278-7393.34.4.960,JEPLMC,3.3867121057063414e-16
Row.15,control_10.1037/0278-7393.34.4.982,JEPLMC,7.075271920396827e-17
Row.15,control_10.1037/0278-7393.34.4.988,JEPLMC,3.235493146463819e-17
Row.15,control_10.1037/0278-7393.34.4.994,JEPLMC,0.0
Row.15,control_10.1037/0278-7393.34.5.1043,JEPLMC,0.0
Row.15,control_10.1037/0278-7393.34.5.1055,JEPLMC,0.0
Row.15,control_10.1037/0278-7393.34.5.1123,JEPLMC,0.0
Row.15,control_10.1037/a0012580,JEPLMC,2.4298825974986412e-17
Row.15,control_10.1037/a0012581,JEPLMC,0.0
Row.15,control_10.1037/a0012638,JEPLMC,2.300543341588537e-16
Row.15,control_10.1037/a0012794,JEPLMC,4.1683355585002214e-16
Row.15,control_10.1037/a0012795,JEPLMC,1.5100758808269857e-16
Row.15,control_10.1037/a0012796,JEPLMC,9.248098853539179e-17
Row.15,control_10.1037/a0012797,JEPLMC,0.0
Row.15,control_10.1037/a0012857,JEPLMC,4.7073755121610226e-17
Row.15,control_10.1037/a0012937,JEPLMC,0.0
Row.15,control_10.1037/a0012938,JEPLMC,3.5141263103475397e-16
Row.15,control_10.1037/a0012942,JEPLMC,2.8913594026869937e-17
Row.15,control_10.1037/a0012943,JEPLMC,3.0196277890452333e-16
Row.15,control_10.1037/a0013000,JEPLMC,0.6830949610972702
Row.15,control_10.1037/a0013011,JEPLMC,0.0
Row.15,control_10.1037/a0013012,JEPLMC,8.074082548573879e-17
Row.15,control_10.1037/a0013013,JEPLMC,4.4035201885146766e-16
Row.15,control_10.1037/a0013016,JEPLMC,0.0
Row.15,control_10.1037/a0013017,JEPLMC,1.7643175932115977e-16
Row.15,control_10.1037/a0013025,JEPLMC,0.0
Row.15,control_10.1037/a0013033,JEPLMC,2.1827717934846357e-16
Row.15,control_10.1037/a0013034,JEPLMC,4.008855722429204e-17
Row.15,control_10.1037/a0013078,JEPLMC,1.1405771947963475e-16
Row.15,control_10.1037/a0013080,JEPLMC,1.9278899135429597e-16
Row.15,control_10.1037/a0013081,JEPLMC,0.0
Row.15,control_10.1037/a0013082,JEPLMC,0.0
Row.15,control_10.1037/a0013084,JEPLMC,0.0
Row.15,control_10.1037/a0013217,JEPLMC,0.0
Row.15,control_10.1037/a0013258,JEPLMC,2.0420674016624025e-16
Row.15,control_10.1037/a0013353,JEPLMC,0.0
Row.15,control_10.1037/a0013355,JEPLMC,3.349833907158732e-16
Row.15,control_10.1037/a0013356,JEPLMC,0.0
Row.15,control_10.1037/a0013357,JEPLMC,0.0
Row.15,control_10.1037/a0013370,JEPLMC,2.0360713430249335e-16
Row.15,control_10.1037/a0013413,JEPLMC,2.432838204014071e-16
Row.15,control_10.1037/a0013509,JEPLMC,0.0
Row.15,control_10.1037/a0013646,JEPLMC,4.4152583649965733e-16
Row.15,control_10.1037/a0013650,JEPLMC,1.0406164841189473e-16
Row.17,control_10.1037/0278-7393.34.1.1,JEPLMC,0.0
Row.17,control_10.1037/0278-7393.34.1.112,JEPLMC,0.0
Row.17,control_10.1037/0278-7393.34.1.12,JEPLMC,1.845496882041997e-17
Row.17,control_10.1037/0278-7393.34.1.32,JEPLMC,0.0
Row.17,control_10.1037/0278-7393.34.2.257,JEPLMC,1.7937173335535098e-19
Row.17,control_10.1037/0278-7393.34.2.282,JEPLMC,0.0
Row.17,control_10.1037/0278-7393.34.2.313,JEPLMC,0.0
Row.17,control_10.1037/0278-7393.34.2.328,JEPLMC,2.7879978649777324e-17
Row.17,control_10.1037/0278-7393.34.2.381,JEPLMC,0.0
Row.17,control_10.1037/0278-7393.34.2.415,JEPLMC,0.49208684570433225
Row.17,control_10.1037/0278-7393.34.2.422,JEPLMC,0.0
Row.17,control_10.1037/0278-7393.34.3.533,JEPLMC,0.0
Row.17,control_10.1037/0278-7393.34.3.556,JEPLMC,0.2593747866115481
Row.17,control_10.1037/0278-7393.34.3.570,JEPLMC,2.9403095871052185e-18
Row.17,control_10.1037/0278-7393.34.3.587,JEPLMC,0.0
Row.17,control_10.1037/0278-7393.34.3.602,JEPLMC,0.0
Row.17,control_10.1037/0278-7393.34.3.616,JEPLMC,0.0
Row.17,control_10.1037/0278-7393.34.3.631,JEPLMC,8.900430763683531e-18
Row.17,control_10.1037/0278-7393.34.3.643,JEPLMC,0.0
Row.17,control_10.1037/0278-7393.34.3.662,JEPLMC,0.0
Row.17,control_10.1037/0278-7393.34.3.680,JEPLMC,0.0
Row.17,control_10.1037/0278-7393.34.3.688,JEPLMC,3.935818016059612e-18
Row.17,control_10.1037/0278-7393.34.3.696,JEPLMC,6.250431489260007e-18
Row.17,control_10.1037/0278-7393.34.3.703,JEPLMC,0.0
Row.17,control_10.1037/0278-7393.34.3.712,JEPLMC,0.0
Row.17,control_10.1037/0278-7393.34.4.1001,JEPLMC,0.0
Row.17,control_10.1037/0278-7393.34.4.730,JEPLMC,1.1375348421489032e-18
Row.17,control_10.1037/0278-7393.34.4.741,JEPLMC,3.90835744427374e-18
Row.17,control_10.1037/0278-7393.34.4.752,JEPLMC,1.0707008685969284e-17
Row.17,control_10.1037/0278-7393.34.4.769,JEPLMC,3.668086240584572e-18
Row.17,control_10.1037/0278-7393.34.4.780,JEPLMC,0.0
Row.17,control_10.1037/0278-7393.34.4.791,JEPLMC,1.226575932569717e-18
Row.17,control_10.1037/0278-7393.34.4.809,JEPLMC,4.552580623522182e-18
Row.17,control_10.1037/0278-7393.34.4.823,JEPLMC,8.852415020689638e-18
Row.17,control_10.1037/0278-7393.34.4.834,JEPLMC,0.0
Row.17,control_10.1037/0278-7393.34.4.843,JEPLMC,0.0
Row.17,control_10.1037/0278-7393.34.4.859,JEPLMC,0.0
Row.17,control_10.1037/0278-7393.34.4.874,JEPLMC,5.1165500663203644e-18
Row.17,control_10.1037/0278-7393.34.4.886,JEPLMC,0.0
Row.17,control_10.1037/0278-7393.34.4.900,JEPLMC,0.0
Row.17,control_10.1037/0278-7393.34.4.918,JEPLMC,4.562971835078725e-18
Row.17,control_10.1037/0278-7393.34.4.929,JEPLMC,3.945405850583203e-16
Row.17,control_10.1037/0278-7393.34.4.945,JEPLMC,2.6808208070086807e-18
Row.17,control_10.1037/0278-7393.34.4.960,JEPLMC,0.0
Row.17,control_10.1037/0278-7393.34.4.982,JEPLMC,0.0
Row.17,control_10.1037/0278-7393.34.4.988,JEPLMC,0.0
Row.17,control_10.1037/0278-7393.34.4.994,JEPLMC,0.0
Row.17,control_10.1037/0278-7393.34.5.1043,JEPLMC,1.035032677374979e-17
Row.17,control_10.1037/0278-7393.34.5.1055,JEPLMC,0.0
Row.17,control_10.1037/0278-7393.34.5.1123,JEPLMC,0.0
Row.17,control_10.1037/a0012580,JEPLMC,0.0
Row.17,control_10.1037/a0012581,JEPLMC,7.69526045156172e-19
Row.17,control_10.1037/a0012638,JEPLMC,0.0
Row.17,control_10.1037/a0012794,JEPLMC,5.975816028566539e-18
Row.17,control_10.1037/a0012795,JEPLMC,1.7370913364281685e-17
Row.17,control_10.1037/a0012796,JEPLMC,0.0
Row.17,control_10.1037/a0012797,JEPLMC,0.0
Row.17,control_10.1037/a0012857,JEPLMC,0.0
Row.17,control_10.1037/a0012937,JEPLMC,0.0
Row.17,control_10.1037/a0012938,JEPLMC,3.4640447938267233e-18
Row.17,control_10.1037/a0012942,JEPLMC,0.0
Row.17,control_10.1037/a0012943,JEPLMC,0.0
Row.17,control_10.1037/a0013000,JEPLMC,0.0
Row.17,control_10.1037/a0013011,JEPLMC,0.0
Row.17,control_10.1037/a0013012,JEPLMC,9.707851147887159e-17
Row.17,control_10.1037/a0013013,JEPLMC,1.1190156320920504e-17
Row.17,control_10.1037/a0013016,JEPLMC,5.89167409995159e-18
Row.17,control_10.1037/a0013017,JEPLMC,0.11210583538280847
Row.17,control_10.1037/a0013025,JEPLMC,2.81396575701361e-17
Row.17,control_10.1037/a0013033,JEPLMC,1.080907678027496e-17
Row.17,control_10.1037/a0013034,JEPLMC,1.7278954723808869e-18
Row.17,control_10.1037/a0013078,JEPLMC,0.0
Row.17,control_10.1037/a0013080,JEPLMC,5.148171348399195e-19
Row.17,control_10.1037/a0013081,JEPLMC,4.204471914647723e-18
Row.17,control_10.1037/a0013082,JEPLMC,0.0
Row.17,control_10.1037/a0013084,JEPLMC,4.8131875503349116e-18
Row.17,control_10.1037/a0013217,JEPLMC,6.35639541822559e-19
Row.17,control_10.1037/a0013258,JEPLMC,0.0
Row.17,control_10.1037/a0013353,JEPLMC,0.06972754287648496
Row.17,control_10.1037/a0013355,JEPLMC,0.0
Row.17,control_10.1037/a0013356,JEPLMC,1.3190460692910464e-18
Row.17,control_10.1037/a0013357,JEPLMC,3.654815479032569e-18
Row.17,control_10.1037/a0013370,JEPLMC,0.0
Row.17,control_10.1037/a0013413,JEPLMC,0.06670498942482556
Row.17,control_10.1037/a0013509,JEPLMC,2.722505006179085e-17
Row.17,control_10.1037/a0013646,JEPLMC,5.545163297421241e-18
Row.17,control_10.1037/a0013650,JEPLMC,3.245705012124313e-18
Row.19,control_10.1037/0278-7393.34.1.1,JEPLMC,1.837875433882695e-20
Row.19,control_10.1037/0278-7393.34.1.112,JEPLMC,0.0
Row.19,control_10.1037/0278-7393.34.1.12,JEPLMC,0.0
Row.19,control_10.1037/0278-7393.34.1.32,JEPLMC,0.0
Row.19,control_10.1037/0278-7393.34.2.257,JEPLMC,0.0
Row.19,control_10.1037/0278-7393.34.2.282,JEPLMC,0.0
Row.19,control_10.1037/0278-7393.34.2.313,JEPLMC,0.0
Row.19,control_10.1037/0278-7393.34.2.328,JEPLMC,1.8077531759537847e-19
Row.19,control_10.1037/0278-7393.34.2.381,JEPLMC,0.012296275905730835
Row.19,control_10.1037/0278-7393.34.2.415,JEPLMC,0.0
Row.19,control_10.1037/0278-7393.34.2.422,JEPLMC,0.0
Row.19,control_10.1037/0278-7393.34.3.533,JEPLMC,0.0
Row.19,control_10.1037/0278-7393.34.3.556,JEPLMC,0.0
Row.19,control_10.1037/0278-7393.34.3.570,JEPLMC,0.15435572325145452
Row.19,control_10.1037/0278-7393.34.3.587,JEPLMC,0.0
Row.19,control_10.1037/0278-7393.34.3.602,JEPLMC,0.0
Row.19,control_10.1037/0278-7393.34.3.616,JEPLMC,0.0
Row.19,control_10.1037/0278-7393.34.3.631,JEPLMC,4.7606866441780693e-20
Row.19,control_10.1037/0278-7393.34.3.643,JEPLMC,0.0
Row.19,control_10.1037/0278-7393.34.3.662,JEPLMC,0.0
Row.19,control_10.1037/0278-7393.34.3.680,JEPLMC,0.0
Row.19,control_10.1037/0278-7393.34.3.688,JEPLMC,0.0
Row.19,control_10.1037/0278-7393.34.3.696,JEPLMC,1.229752143499732e-19
Row.19,control_10.1037/0278-7393.34.3.703,JEPLMC,0.0
Row.19,control_10.1037/0278-7393.34.3.712,JEPLMC,0.0
Row.19,control_10.1037/0278-7393.34.4.1001,JEPLMC,0.0
Row.19,control_10.1037/0278-7393.34.4.730,JEPLMC,0.0
Row.19,control_10.1037/0278-7393.34.4.741,JEPLMC,1.516237727028632e-19
Row.19,control_10.1037/0278-7393.34.4.752,JEPLMC,4.1124458818448385e-20
Row.19,control_10.1037/0278-7393.34.4.769,JEPLMC,0.0
Row.19,control_10.1037/0278-7393.34.4.780,JEPLMC,4.173158074419265e-20
Row.19,control_10.1037/0278-7393.34.4.791,JEPLMC,0.0
Row.19,control_10.1037/0278-7393.34.4.809,JEPLMC,6.324064885942157e-20
Row.19,control_10.1037/0278-7393.34.4.823,JEPLMC,0.0
Row.19,control_10.1037/0278-7393.34.4.834,JEPLMC,0.0
Row.19,control_10.1037/0278-7393.34.4.843,JEPLMC,1.613947943200397e-19
Row.19,control_10.1037/0278-7393.34.4.859,JEPLMC,2.408041843823588e-19
Row.19,control_10.1037/0278-7393.34.4.874,JEPLMC,4.1350900541333905e-21
Row.19,control_10.1037/0278-7393.34.4.886,JEPLMC,0.0
Row.19,control_10.1037/0278-7393.34.4.900,JEPLMC,4.551278571372742e-19
Row.19,control_10.1037/0278-7393.34.4.918,JEPLMC,1.235457674409339e-19
Row.19,control_10.1037/0278-7393.34.4.929,JEPLMC,0.07010350966503098
Row.19,control_10.1037/0278-7393.34.4.945,JEPLMC,0.0
Row.19,control_10.1037/0278-7393.34.4.960,JEPLMC,0.0
Row.19,control_10.1037/0278-7393.34.4.982,JEPLMC,0.0
Row.19,control_10.1037/0278-7393.34.4.988,JEPLMC,2.65381185501452e-23
Row.19,control_10.1037/0278-7393.34.4.994,JEPLMC,0.0
Row.19,control_10.1037/0278-7393.34.5.1043,JEPLMC,0.0
Row.19,control_10.1037/0278-7393.34.5.1055,JEPLMC,2.795422436458342e-20
Row.19,control_10.1037/0278-7393.34.5.1123,JEPLMC,0.0
Row.19,control_10.1037/a0012580,JEPLMC,0.0
Row.19,control_10.1037/a0012581,JEPLMC,0.0
Row.19,control_10.1037/a0012638,JEPLMC,0.004794085910909854
Row.19,control_10.1037/a0012794,JEPLMC,0.0
Row.19,control_10.1037/a0012795,JEPLMC,0.22552942673378618
Row.19,control_10.1037/a0012796,JEPLMC,0.0
Row.19,control_10.1037/a0012797,JEPLMC,2.7227675898749976e-20
Row.19,control_10.1037/a0012857,JEPLMC,0.0
Row.19,control_10.1037/a0012937,JEPLMC,0.0
Row.19,control_10.1037/a0012938,JEPLMC,0.0
Row.19,control_10.1037/a0012942,JEPLMC,8.844090303001759e-20
Row.19,control_10.1037/a0012943,JEPLMC,7.095339987353189e-20
Row.19,control_10.1037/a0013000,JEPLMC,5.130140298002428e-21
Row.19,control_10.1037/a0013011,JEPLMC,1.2124201085993395e-19
Row.19,control_10.1037/a0013012,JEPLMC,0.0
Row.19,control_10.1037/a0013013,JEPLMC,0.0
Row.19,control_10.1037/a0013016,JEPLMC,0.0
Row.19,control_10.1037/a0013017,JEPLMC,0.0
Row.19,control_10.1037/a0013025,JEPLMC,2.9004715424158887e-19
Row.19,control_10.1037/a0013033,JEPLMC,0.0
Row.19,control_10.1037/a0013034,JEPLMC,1.1068071202243812e-19
Row.19,control_10.1037/a0013078,JEPLMC,1.7255448806334456e-20
Row.19,control_10.1037/a0013080,JEPLMC,0.0
Row.19,control_10.1037/a0013081,JEPLMC,8.8319714045213e-20
Row.19,control_10.1037/a0013082,JEPLMC,0.0
Row.19,control_10.1037/a0013084,JEPLMC,0.0
Row.19,control_10.1037/a0013217,JEPLMC,0.0
Row.19,control_10.1037/a0013258,JEPLMC,0.0
Row.19,control_10.1037/a0013353,JEPLMC,0.0
Row.19,control_10.1037/a0013355,JEPLMC,0.0
Row.19,control_10.1037/a0013356,JEPLMC,4.6508949911870036e-20
Row.19,control_10.1037/a0013357,JEPLMC,0.0
Row.19,control_10.1037/a0013370,JEPLMC,4.7154871392011704e-20
Row.19,control_10.1037/a0013413,JEPLMC,0.0
Row.19,control_10.1037/a0013509,JEPLMC,0.5329209785330877
Row.19,control_10.1037/a0013646,JEPLMC,1.1529039098370588e-20
Row.19,control_10.1037/a0013650,JEPLMC,0.0
Row.20,control_10.1037/0278-7393.34.1.1,JEPLMC,0.0
Row.20,control_10.1037/0278-7393.34.1.112,JEPLMC,0.0
Row.20,control_10.1037/0278-7393.34.1.12,JEPLMC,0.0
Row.20,control_10.1037/0278-7393.34.1.32,JEPLMC,0.0
Row.20,control_10.1037/0278-7393.34.2.257,JEPLMC,5.43853107771412e-18
Row.20,control_10.1037/0278-7393.34.2.282,JEPLMC,1.699060348458658e-17
Row.20,control_10.1037/0278-7393.34.2.313,JEPLMC,0.0
Row.20,control_10.1037/0278-7393.34.2.328,JEPLMC,0.0
Row.20,control_10.1037/0278-7393.34.2.381,JEPLMC,0.0
Row.20,control_10.1037/0278-7393.34.2.415,JEPLMC,0.0
Row.20,control_10.1037/0278-7393.34.2.422,JEPLMC,2.0414369735197196e-17
Row.20,control_10.1037/0278-7393.34.3.533,JEPLMC,1.0253584895958721e-16
Row.20,control_10.1037/0278-7393.34.3.556,JEPLMC,0.0
Row.20,control_10.1037/0278-7393.34.3.570,JEPLMC,0.0
Row.20,control_10.1037/0278-7393.34.3.587,JEPLMC,3.024775526424908e-16
Row.20,control_10.1037/0278-7393.34.3.602,JEPLMC,5.068157808381179e-16
Row.20,control_10.1037/0278-7393.34.3.616,JEPLMC,0.0
Row.20,control_10.1037/0278-7393.34.3.631,JEPLMC,3.968309873581161e-17
Row.20,control_10.1037/0278-7393.34.3.643,JEPLMC,0.0
Row.20,control_10.1037/0278-7393.34.3.662,JEPLMC,3.722738476603987e-18
Row.20,control_10.1037/0278-7393.34.3.680,JEPLMC,6.377646832617777e-17
Row.20,control_10.1037/0278-7393.34.3.688,JEPLMC,9.435824326944808e-18
Row.20,control_10.1037/0278-7393.34.3.696,JEPLMC,1.8383549166346273e-17
Row.20,control_10.1037/0278-7393.34.3.703,JEPLMC,0.0
Row.20,control_10.1037/0278-7393.34.3.712,JEPLMC,0.0
Row.20,control_10.1037/0278-7393.34.4.1001,JEPLMC,3.3418457879237595e-18
Row.20,control_10.1037/0278-7393.34.4.730,JEPLMC,0.0
Row.20,control_10.1037/0278-7393.34.4.741,JEPLMC,0.0
Row.20,control_10.1037/0278-7393.34.4.752,JEPLMC,0.0
Row.20,control_10.1037/0278-7393.34.4.769,JEPLMC,0.0
Row.20,control_10.1037/0278-7393.34.4.780,JEPLMC,0.0
Row.20,control_10.1037/0278-7393.34.4.791,JEPLMC,0.0
Row.20,control_10.1037/0278-7393.34.4.809,JEPLMC,1.4514196285415853e-18
Row.20,control_10.1037/0278-7393.34.4.823,JEPLMC,0.0
Row.20,control_10.1037/0278-7393.34.4.834,JEPLMC,0.0
Row.20,control_10.1037/0278-7393.34.4.843,JEPLMC,0.0
Row.20,control_10.1037/0278-7393.34.4.859,JEPLMC,9.694077282649894e-17
Row.20,control_10.1037/0278-7393.34.4.874,JEPLMC,0.0
Row.20,control_10.1037/0278-7393.34.4.886,JEPLMC,1.226900476437278e-17
Row.20,control_10.1037/0278-7393.34.4.900,JEPLMC,0.23673997328632526
Row.20,control_10.1037/0278-7393.34.4.918,JEPLMC,0.0
Row.20,control_10.1037/0278-7393.34.4.929,JEPLMC,0.06034086449691351
Row.20,control_10.1037/0278-7393.34.4.945,JEPLMC,0.0
Row.20,control_10.1037/0278-7393.34.4.960,JEPLMC,0.0
Row.20,control_10.1037/0278-7393.34.4.982,JEPLMC,0.0
Row.20,control_10.1037/0278-7393.34.4.988,JEPLMC,0.3256174101359696
Row.20,control_10.1037/0278-7393.34.4.994,JEPLMC,0.0
Row.20,control_10.1037/0278-7393.34.5.1043,JEPLMC,0.0
Row.20,control_10.1037/0278-7393.34.5.1055,JEPLMC,3.2541763957510617e-17
Row.20,control_10.1037/0278-7393.34.5.1123,JEPLMC,0.0
Row.20,control_10.1037/a0012580,JEPLMC,0.0
Row.20,control_10.1037/a0012581,JEPLMC,0.0
Row.20,control_10.1037/a0012638,JEPLMC,0.0
Row.20,control_10.1037/a0012794,JEPLMC,0.0
Row.20,control_10.1037/a0012795,JEPLMC,2.2802413674299163e-18
Row.20,control_10.1037/a0012796,JEPLMC,0.0
Row.20,control_10.1037/a0012797,JEPLMC,0.0
Row.20,control_10.1037/a0012857,JEPLMC,0.0
Row.20,control_10.1037/a0012937,JEPLMC,6.4213854465561826e-18
Row.20,control_10.1037/a0012938,JEPLMC,0.0
Row.20,control_10.1037/a0012942,JEPLMC,0.0
Row.20,control_10.1037/a0012943,JEPLMC,0.0
Row.20,control_10.1037/a0013000,JEPLMC,0.0
Row.20,control_10.1037/a0013011,JEPLMC,0.0
Row.20,control_10.1037/a0013012,JEPLMC,9.466468891935386e-18
Row.20,control_10.1037/a0013013,JEPLMC,5.534814088365138e-18
Row.20,control_10.1037/a0013016,JEPLMC,0.0
Row.20,control_10.1037/a0013017,JEPLMC,1.7903693500945358e-17
Row.20,control_10.1037/a0013025,JEPLMC,0.0
Row.20,control_10.1037/a0013033,JEPLMC,0.0
Row.20,control_10.1037/a0013034,JEPLMC,1.5094420541164401e-16
Row.20,control_10.1037/a0013078,JEPLMC,0.0
Row.20,control_10.1037/a0013080,JEPLMC,0.0
Row.20,control_10.1037/a0013081,JEPLMC,0.0
Row.20,control_10.1037/a0013082,JEPLMC,4.740803921477082e-17
Row.20,control_10.1037/a0013084,JEPLMC,0.0
Row.20,control_10.1037/a0013217,JEPLMC,6.808606869897948e-18
Row.20,control_10.1037/a0013258,JEPLMC,0.0
Row.20,control_10.1037/a0013353,JEPLMC,6.104171607809448e-18
Row.20,control_10.1037/a0013355,JEPLMC,0.0
Row.20,control_10.1037/a0013356,JEPLMC,0.0
Row.20,control_10.1037/a0013357,JEPLMC,0.0
Row.20,control_10.1037/a0013370,JEPLMC,0.0
Row.20,control_10.1037/a0013413,JEPLMC,0.30772112762520504
Row.20,control_10.1037/a0013509,JEPLMC,1.7550551340530413e-17
Row.20,control_10.1037/a0013646,JEPLMC,0.0
Row.20,control_10.1037/a0013650,JEPLMC,0.06958062445558498
Row.22,control_10.1037/0278-7393.34.1.1,JEPLMC,0.0
Row.22,control_10.1037/0278-7393.34.1.112,JEPLMC,7.089986679448321e-17
Row.22,control_10.1037/0278-7393.34.1.12,JEPLMC,0.0
Row.22,control_10.1037/0278-7393.34.1.32,JEPLMC,1.2074825772609393e-16
Row.22,control_10.1037/0278-7393.34.2.257,JEPLMC,1.7073293137008325e-16
Row.22,control_10.1037/0278-7393.34.2.282,JEPLMC,0.0
Row.22,control_10.1037/0278-7393.34.2.313,JEPLMC,0.0
Row.22,control_10.1037/0278-7393.34.2.328,JEPLMC,7.706030781718921e-16
Row.22,control_10.1037/0278-7393.34.2.381,JEPLMC,1.3674485361404132e-16
Row.22,control_10.1037/0278-7393.34.2.415,JEPLMC,0.0
Row.22,control_10.1037/0278-7393.34.2.422,JEPLMC,1.0918320989697455e-16
Row.22,control_10.1037/0278-7393.34.3.533,JEPLMC,0.0
Row.22,control_10.1037/0278-7393.34.3.556,JEPLMC,0.0
Row.22,control_10.1037/0278-7393.34.3.570,JEPLMC,2.7263476674602695e-16
Row.22,control_10.1037/0278-7393.34.3.587,JEPLMC,3.9421116958096917e-17
Row.22,control_10.1037/0278-7393.34.3.602,JEPLMC,0.0
Row.22,control_10.1037/0278-7393.34.3.616,JEPLMC,1.4034532572875622e-16
Row.22,control_10.1037/0278-7393.34.3.631,JEPLMC,1.3832785916903398e-16
Row.22,control_10.1037/0278-7393.34.3.643,JEPLMC,0.0
Row.22,control_10.1037/0278-7393.34.3.662,JEPLMC,0.0
Row.22,control_10.1037/0278-7393.34.3.680,JEPLMC,0.0
Row.22,control_10.1037/0278-7393.34.3.688,JEPLMC,0.0
Row.22,control_10.1037/0278-7393.34.3.696,JEPLMC,2.6453581612546087e-16
Row.22,control_10.1037/0278-7393.34.3.703,JEPLMC,0.0
Row.22,control_10.1037/0278-7393.34.3.712,JEPLMC,0.0
Row.22,control_10.1037/0278-7393.34.4.1001,JEPLMC,0.0
Row.22,control_10.1037/0278-7393.34.4.730,JEPLMC,0.0
Row.22,control_10.1037/0278-7393.34.4.741,JEPLMC,1.182944098656811e-16
Row.22,control_10.1037/0278-7393.34.4.752,JEPLMC,1.215172956356745e-16
Row.22,control_10.1037/0278-7393.34.4.769,JEPLMC,8.501313767439753e-17
Row.22,control_10.1037/0278-7393.34.4.780,JEPLMC,3.415639300903876e-17
Row.22,control_10.1037/0278-7393.34.4.791,JEPLMC,4.123841090877109e-16
Row.22,control_10.1037/0278-7393.34.4.809,JEPLMC,0.0
Row.22,control_10.1037/0278-7393.34.4.823,JEPLMC,0.0
Row.22,control_10.1037/0278-7393.34.4.834,JEPLMC,4.617175320590818e-18
Row.22,control_10.1037/0278-7393.34.4.843,JEPLMC,2.6065802800049156e-16
Row.22,control_10.1037/0278-7393.34.4.859,JEPLMC,0.4040526644698016
Row.22,control_10.1037/0278-7393.34.4.874,JEPLMC,2.873017588003424e-17
Row.22,control_10.1037/0278-7393.34.4.886,JEPLMC,0.0
Row.22,control_10.1037/0278-7393.34.4.900,JEPLMC,0.0
Row.22,control_10.1037/0278-7393.34.4.918,JEPLMC,0.0
Row.22,control_10.1037/0278-7393.34.4.929,JEPLMC,0.0
Row.22,control_10.1037/0278-7393.34.4.945,JEPLMC,0.0
Row.22,control_10.1037/0278-7393.34.4.960,JEPLMC,0.0
Row.22,control_10.1037/0278-7393.34.4.982,JEPLMC,0.0
Row.22,control_10.1037/0278-7393.34.4.988,JEPLMC,0.0
Row.22,control_10.1037/0278-7393.34.4.994,JEPLMC,0.0
Row.22,control_10.1037/0278-7393.34.5.1043,JEPLMC,3.2212930826725775e-16
Row.22,control_10.1037/0278-7393.34.5.1055,JEPLMC,0.0
Row.22,control_10.1037/0278-7393.34.5.1123,JEPLMC,6.793445451994108e-17
Row.22,control_10.1037/a0012580,JEPLMC,1.1074825126340139e-16
Row.22,control_10.1037/a0012581,JEPLMC,0.0
Row.22,control_10.1037/a0012638,JEPLMC,1.6126317529217581e-16
Row.22,control_10.1037/a0012794,JEPLMC,2.8100814299316695e-17
Row.22,control_10.1037/a0012795,JEPLMC,2.813079804016766e-16
Row.22,control_10.1037/a0012796,JEPLMC,1.4828514525146398e-16
Row.22,control_10.1037/a0012797,JEPLMC,8.42140963501903e-17
Row.22,control_10.1037/a0012857,JEPLMC,2.3241191270676016e-16
Row.22,control_10.1037/a0012937,JEPLMC,9.709658864010619e-17
Row.22,control_10.1037/a0012938,JEPLMC,0.0
Row.22,control_10.1037/a0012942,JEPLMC,6.849188831080917e-17
Row.22,control_10.1037/a0012943,JEPLMC,1.8956918696666742e-17
Row.22,control_10.1037/a0013000,JEPLMC,0.0
Row.22,control_10.1037/a0013011,JEPLMC,0.0
Row.22,control_10.1037/a0013012,JEPLMC,0.0
Row.22,control_10.1037/a0013013,JEPLMC,3.350410486315849e-16
Row.22,control_10.1037/a0013016,JEPLMC,0.0
Row.22,control_10.1037/a0013017,JEPLMC,0.0
Row.22,control_10.1037/a0013025,JEPLMC,0.2752293493221874
Row.22,control_10.1037/a0013033,JEPLMC,0.0
Row.22,control_10.1037/a0013034,JEPLMC,0.0
Row.22,control_10.1037/a0013078,JEPLMC,0.0
Row.22,control_10.1037/a0013080,JEPLMC,2.4898247691185134e-16
Row.22,control_10.1037/a0013081,JEPLMC,0.0
Row.22,control_10.1037/a0013082,JEPLMC,0.0
Row.22,control_10.1037/a0013084,JEPLMC,3.091149345015754e-16
Row.22,control_10.1037/a0013217,JEPLMC,2.928218257347004e-17
Row.22,control_10.1037/a0013258,JEPLMC,0.0
Row.22,control_10.1037/a0013353,JEPLMC,2.646022163613496e-16
Row.22,control_10.1037/a0013355,JEPLMC,0.0
Row.22,control_10.1037/a0013356,JEPLMC,8.477908709953894e-17
Row.22,control_10.1037/a0013357,JEPLMC,1.102690014667903e-16
Row.22,control_10.1037/a0013370,JEPLMC,0.0
Row.22,control_10.1037/a0013413,JEPLMC,0.3207179862080041
Row.22,control_10.1037/a0013509,JEPLMC,1.429059388755158e-16
Row.22,control_10.1037/a0013646,JEPLMC,9.209341753982965e-17
Row.22,control_10.1037/a0013650,JEPLMC,4.162908035188266e-16
Row.24,control_10.1037/0278-7393.34.1.1,JEPLMC,0.0017493321604594143
Row.24,control_10.1037/0278-7393.34.1.112,JEPLMC,0.015579205188161771
Row.24,control_10.1037/0278-7393.34.1.12,JEPLMC,0.0035176395426115693
Row.24,control_10.1037/0278-7393.34.1.32,JEPLMC,0.0034208490775561318
Row.24,control_10.1037/0278-7393.34.2.257,JEPLMC,0.03577687044341447
Row.24,control_10.1037/0278-7393.34.2.282,JEPLMC,0.001705086118951646
Row.24,control_10.1037/0278-7393.34.2.313,JEPLMC,0.012579482498787547
Row.24,control_10.1037/0278-7393.34.2.328,JEPLMC,0.004803984360279412
Row.24,control_10.1037/0278-7393.34.2.381,JEPLMC,0.013669280119716958
Row.24,control_10.1037/0278-7393.34.2.415,JEPLMC,0.036614055785321176
Row.24,control_10.1037/0278-7393.34.2.422,JEPLMC,0.005127540303536552
Row.24,control_10.1037/0278-7393.34.3.533,JEPLMC,0.03455196386924896
Row.24,control_10.1037/0278-7393.34.3.556,JEPLMC,0.0043058021102268295
Row.24,control_10.1037/0278-7393.34.3.570,JEPLMC,0.03744212720137528
Row.24,control_10.1037/0278-7393.34.3.587,JEPLMC,0.001649025430451931
Row.24,control_10.1037/0278-7393.34.3.602,JEPLMC,0.002381343368520061
Row.24,control_10.1037/0278-7393.34.3.616,JEPLMC,0.0015920598825597092
Row.24,control_10.1037/0278-7393.34.3.631,JEPLMC,0.007926318149234876
Row.24,control_10.1037/0278-7393.34.3.643,JEPLMC,0.004833889482029977
Row.24,control_10.1037/0278-7393.34.3.662,JEPLMC,0.03421405261747854
Row.24,control_10.1037/0278-7393.34.3.680,JEPLMC,0.0025523812331277908
Row.24,control_10.1037/0278-7393.34.3.688,JEPLMC,0.018787812818034322
Row.24,control_10.1037/0278-7393.34.3.696,JEPLMC,0.03576186865420729
Row.24,control_10.1037/0278-7393.34.3.703,JEPLMC,0.01775580061377428
Row.24,control_10.1037/0278-7393.34.3.712,JEPLMC,0.006921634959417678
Row.24,control_10.1037/0278-7393.34.4.1001,JEPLMC,0.0014254291103384267
Row.24,control_10.1037/0278-7393.34.4.730,JEPLMC,0.024056650548532836
Row.24,control_10.1037/0278-7393.34.4.741,JEPLMC,0.0032561637981176872
Row.24,control_10.1037/0278-7393.34.4.752,JEPLMC,0.019645027660632235
Row.24,control_10.1037/0278-7393.34.4.769,JEPLMC,0.001669505320594473
Row.24,control_10.1037/0278-7393.34.4.780,JEPLMC,0.022546958719600017
Row.24,control_10.1037/0278-7393.34.4.791,JEPLMC,0.008353400835459204
Row.24,control_10.1037/0278-7393.34.4.809,JEPLMC,0.002539446443957455
Row.24,control_10.1037/0278-7393.34.4.823,JEPLMC,0.0023665468455966736
Row.24,control_10.1037/0278-7393.34.4.834,JEPLMC,0.027607531021074064
Row.24,control_10.1037/0278-7393.34.4.843,JEPLMC,0.0020918238470755304
Row.24,control_10.1037/0278-7393.34.4.859,JEPLMC,0.012525365307806397
Row.24,control_10.1037/0278-7393.34.4.874,JEPLMC,0.008460590673486687
Row.24,control_10.1037/0278-7393.34.4.886,JEPLMC,0.0015944315004532497
Row.24,control_10.1037/0278-7393.34.4.900,JEPLMC,0.040251152627116364
Row.24,control_10.1037/0278-7393.34.4.918,JEPLMC,0.0022676869343197883
Row.24,control_10.1037/0278-7393.34.4.929,JEPLMC,0.037752775777206204
Row.24,control_10.1037/0278-7393.34.4.945,JEPLMC,0.0016959849762259
Row.24,control_10.1037/0278-7393.34.4.960,JEPLMC,0.01045188932489749
Row.24,control_10.1037/0278-7393.34.4.982,JEPLMC,0.002713393433281232
Row.24,control_10.1037/0278-7393.34.4.988,JEPLMC,0.0023772036534081657
Row.24,control_10.1037/0278-7393.34.4.994,JEPLMC,0.009881749631883211
Row.24,control_10.1037/0278-7393.34.5.1043,JEPLMC,0.005062292779490948
Row.24,control_10.1037/0278-7393.34.5.1055,JEPLMC,0.005484352795534462
Row.24,control_10.1037/0278-7393.34.5.1123,JEPLMC,0.006880073768340271
Row.24,control_10.1037/a0012580,JEPLMC,0.0023578954165543804
Row.24,control_10.1037/a0012581,JEPLMC,0.012157250655236722
Row.24,control_10.1037/a0012638,JEPLMC,0.02634701577455105
Row.24,control_10.1037/a0012794,JEPLMC,0.033186718173421746
Row.24,control_10.1037/a0012795,JEPLMC,0.0035002147769442648
Row.24,control_10.1037/a0012796,JEPLMC,0.047647395370477325
Row.24,control_10.1037/a0012797,JEPLMC,0.025876755741162154
Row.24,control_10.1037/a0012857,JEPLMC,0.006838432151282495
Row.24,control_10.1037/a0012937,JEPLMC,0.001864943242921926
Row.24,control_10.1037/a0012938,JEPLMC,0.0015800061381284615
Row.24,control_10.1037/a0012942,JEPLMC,0.0030314636062176224
Row.24,control_10.1037/a0012943,JEPLMC,0.0016798704864658485
Row.24,control_10.1037/a0013000,JEPLMC,0.008671515354975316
Row.24,control_10.1037/a0013011,JEPLMC,0.00401526149244245
Row.24,control_10.1037/a0013012,JEPLMC,0.0015018275189140906
Row.24,control_10.1037/a0013013,JEPLMC,0.0018946519060453054
Row.24,control_10.1037/a0013016,JEPLMC,0.00596185978473162
Row.24,control_10.1037/a0013017,JEPLMC,0.0015233122637404648
Row.24,control_10.1037/a0013025,JEPLMC,0.0013913863142737868
Row.24,control_10.1037/a0013033,JEPLMC,0.001779790610259344
Row.24,control_10.1037/a0013034,JEPLMC,0.05559581418281863
Row.24,control_10.1037/a0013078,JEPLMC,0.02177965013071803
Row.24,control_10.1037/a0013080,JEPLMC,0.002794494085660969
Row.24,control_10.1037/a0013081,JEPLMC,0.02893716804454383
Row.24,control_10.1037/a0013082,JEPLMC,0.0038826514694019552
Row.24,control_10.1037/a0013084,JEPLMC,0.0027926295889105146
Row.24,control_10.1037/a0013217,JEPLMC,0.0024331516053819435
Row.24,control_10.1037/a0013258,JEPLMC,0.006022734648804401
Row.24,control_10.1037/a0013353,JEPLMC,0.0019062856705186497
Row.24,control_10.1037/a0013355,JEPLMC,0.0020718403905283646
Row.24,control_10.1037/a0013356,JEPLMC,0.002796921238030026
Row.24,control_10.1037/a0013357,JEPLMC,0.006464661462823795
Row.24,control_10.1037/a0013370,JEPLMC,0.0036261704020670114
Row.24,control_10.1037/a0013413,JEPLMC,0.0017207384704553683
Row.24,control_10.1037/a0013509,JEPLMC,0.0515242260563036
Row.24,control_10.1037/a0013646,JEPLMC,0.002034287576056689
Row.24,control_10.1037/a0013650,JEPLMC,0.002632174875316592
Row.25,control_10.1037/0278-7393.34.1.1,JEPLMC,0.0
Row.25,control_10.1037/0278-7393.34.1.112,JEPLMC,0.0
Row.25,control_10.1037/0278-7393.34.1.12,JEPLMC,3.234633933580863e-18
Row.25,control_10.1037/0278-7393.34.1.32,JEPLMC,5.105526030643088e-18
Row.25,control_10.1037/0278-7393.34.2.257,JEPLMC,0.0
Row.25,control_10.1037/0278-7393.34.2.282,JEPLMC,1.0777052927173444e-18
Row.25,control_10.1037/0278-7393.34.2.313,JEPLMC,0.0
Row.25,control_10.1037/0278-7393.34.2.328,JEPLMC,0.0
Row.25,control_10.1037/0278-7393.34.2.381,JEPLMC,0.0
Row.25,control_10.1037/0278-7393.34.2.415,JEPLMC,0.0
Row.25,control_10.1037/0278-7393.34.2.422,JEPLMC,5.5431835723939335e-18
Row.25,control_10.1037/0278-7393.34.3.533,JEPLMC,0.07546014752345799
Row.25,control_10.1037/0278-7393.34.3.556,JEPLMC,0.0
Row.25,control_10.1037/0278-7393.34.3.570,JEPLMC,0.0
Row.25,control_10.1037/0278-7393.34.3.587,JEPLMC,0.0
Row.25,control_10.1037/0278-7393.34.3.602,JEPLMC,0.0
Row.25,control_10.1037/0278-7393.34.3.616,JEPLMC,2.021894388807471e-18
Row.25,control_10.1037/0278-7393.34.3.631,JEPLMC,5.637338489318495e-18
Row.25,control_10.1037/0278-7393.34.3.643,JEPLMC,9.615569608192942e-18
Row.25,control_10.1037/0278-7393.34.3.662,JEPLMC,3.044470568210225e-17
Row.25,control_10.1037/0278-7393.34.3.680,JEPLMC,4.222190836265169e-18
Row.25,control_10.1037/0278-7393.34.3.688,JEPLMC,6.3288681678986395e-18
Row.25,control_10.1037/0278-7393.34.3.696,JEPLMC,0.0
Row.25,control_10.1037/0278-7393.34.3.703,JEPLMC,4.833631090841673e-18
Row.25,control_10.1037/0278-7393.34.3.712,JEPLMC,1.3314405627235577e-18
Row.25,control_10.1037/0278-7393.34.4.1001,JEPLMC,0.0
Row.25,control_10.1037/0278-7393.34.4.730,JEPLMC,0.0
Row.25,control_10.1037/0278-7393.34.4.741,JEPLMC,7.788404090419211e-18
Row.25,control_10.1037/0278-7393.34.4.752,JEPLMC,0.0
Row.25,control_10.1037/0278-7393.34.4.769,JEPLMC,0.0
Row.25,control_10.1037/0278-7393.34.4.780,JEPLMC,2.1477029741317015e-18
Row.25,control_10.1037/0278-7393.34.4.791,JEPLMC,5.230682925109406e-18
Row.25,control_10.1037/0278-7393.34.4.809,JEPLMC,0.0
Row.25,control_10.1037/0278-7393.34.4.823,JEPLMC,4.540472023373918e-18
Row.25,control_10.1037/0278-7393.34.4.834,JEPLMC,3.823007861606775e-17
Row.25,control_10.1037/0278-7393.34.4.843,JEPLMC,3.035634973370502e-17
Row.25,control_10.1037/0278-7393.34.4.859,JEPLMC,0.0
Row.25,control_10.1037/0278-7393.34.4.874,JEPLMC,0.0
Row.25,control_10.1037/0278-7393.34.4.886,JEPLMC,5.391721193156343e-18
Row.25,control_10.1037/0278-7393.34.4.900,JEPLMC,0.0
Row.25,control_10.1037/0278-7393.34.4.918,JEPLMC,2.3285655040078463e-18
Row.25,control_10.1037/0278-7393.34.4.929,JEPLMC,4.159320939963191e-17
Row.25,control_10.1037/0278-7393.34.4.945,JEPLMC,0.0
Row.25,control_10.1037/0278-7393.34.4.960,JEPLMC,3.233873397743597e-18
Row.25,control_10.1037/0278-7393.34.4.982,JEPLMC,3.0614428030313863e-18
Row.25,control_10.1037/0278-7393.34.4.988,JEPLMC,0.0
Row.25,control_10.1037/0278-7393.34.4.994,JEPLMC,1.0654021379202152e-17
Row.25,control_10.1037/0278-7393.34.5.1043,JEPLMC,0.0
Row.25,control_10.1037/0278-7393.34.5.1055,JEPLMC,6.0133333271351565e-18
Row.25,control_10.1037/0278-7393.34.5.1123,JEPLMC,1.547522312462172e-17
Row.25,control_10.1037/a0012580,JEPLMC,0.0
Row.25,control_10.1037/a0012581,JEPLMC,5.158886426132319e-18
Row.25,control_10.1037/a0012638,JEPLMC,9.679224327465593e-19
Row.25,control_10.1037/a0012794,JEPLMC,0.0
Row.25,control_10.1037/a0012795,JEPLMC,1.0482001587972639e-17
Row.25,control_10.1037/a0012796,JEPLMC,0.0
Row.25,control_10.1037/a0012797,JEPLMC,6.150105880478852e-19
Row.25,control_10.1037/a0012857,JEPLMC,7.968145935607937e-18
Row.25,control_10.1037/a0012937,JEPLMC,2.6128839973193015e-18
Row.25,control_10.1037/a0012938,JEPLMC,1.0752667341758628e-17
Row.25,control_10.1037/a0012942,JEPLMC,0.0
Row.25,control_10.1037/a0012943,JEPLMC,0.0
Row.25,control_10.1037/a0013000,JEPLMC,5.8578936124613075e-19
Row.25,control_10.1037/a0013011,JEPLMC,0.17346839384531407
Row.25,control_10.1037/a0013012,JEPLMC,0.0
Row.25,control_10.1037/a0013013,JEPLMC,0.0
Row.25,control_10.1037/a0013016,JEPLMC,0.0
Row.25,control_10.1037/a0013017,JEPLMC,5.400656198337282e-18
Row.25,control_10.1037/a0013025,JEPLMC,0.021478475469168798
Row.25,control_10.1037/a0013033,JEPLMC,0.07113640869201573
Row.25,control_10.1037/a0013034,JEPLMC,1.2627808986846605e-16
Row.25,control_10.1037/a0013078,JEPLMC,5.460000704957543e-19
Row.25,control_10.1037/a0013080,JEPLMC,0.0
Row.25,control_10.1037/a0013081,JEPLMC,2.19011463447182e-18
Row.25,control_10.1037/a0013082,JEPLMC,0.0
Row.25,control_10.1037/a0013084,JEPLMC,7.772532188794241e-19
Row.25,control_10.1037/a0013217,JEPLMC,4.4487945100251265e-18
Row.25,control_10.1037/a0013258,JEPLMC,5.178712258021792e-18
Row.25,control_10.1037/a0013353,JEPLMC,2.052846349905318e-17
Row.25,control_10.1037/a0013355,JEPLMC,2.558578482989869e-18
Row.25,control_10.1037/a0013356,JEPLMC,0.0
Row.25,control_10.1037/a0013357,JEPLMC,7.250707751913812e-18
Row.25,control_10.1037/a0013370,JEPLMC,0.0
Row.25,control_10.1037/a0013413,JEPLMC,0.0
Row.25,control_10.1037/a0013509,JEPLMC,0.6584565744700431
Row.25,control_10.1037/a0013646,JEPLMC,0.0
Row.25,control_10.1037/a0013650,JEPLMC,9.613289861367107e-18
Row.26,control_10.1037/0278-7393.34.1.1,JEPLMC,0.00014583610670638593
Row.26,control_10.1037/0278-7393.34.1.112,JEPLMC,0.002300764314199785
Row.26,control_10.1037/0278-7393.34.1.12,JEPLMC,0.008292583584424872
Row.26,control_10.1037/0278-7393.34.1.32,JEPLMC,0.010998929770326325
Row.26,control_10.1037/0278-7393.34.2.257,JEPLMC,0.0055043504086881015
Row.26,control_10.1037/0278-7393.34.2.282,JEPLMC,0.0013147873437366463
Row.26,control_10.1037/0278-7393.34.2.313,JEPLMC,0.00035024699892354443
Row.26,control_10.1037/0278-7393.34.2.328,JEPLMC,0.0018987114195550012
Row.26,control_10.1037/0278-7393.34.2.381,JEPLMC,0.05283952094366436
Row.26,control_10.1037/0278-7393.34.2.415,JEPLMC,0.1364019397114836
Row.26,control_10.1037/0278-7393.34.2.422,JEPLMC,0.005859322427665731
Row.26,control_10.1037/0278-7393.34.3.533,JEPLMC,0.00021775755109053376
Row.26,control_10.1037/0278-7393.34.3.556,JEPLMC,0.007214045055795293
Row.26,control_10.1037/0278-7393.34.3.570,JEPLMC,0.001368386028141675
Row.26,control_10.1037/0278-7393.34.3.587,JEPLMC,0.025647633244080308
Row.26,control_10.1037/0278-7393.34.3.602,JEPLMC,0.004108119549656254
Row.26,control_10.1037/0278-7393.34.3.616,JEPLMC,0.009150541296324925
Row.26,control_10.1037/0278-7393.34.3.631,JEPLMC,0.001649167748915344
Row.26,control_10.1037/0278-7393.34.3.643,JEPLMC,0.00028860423820252116
Row.26,control_10.1037/0278-7393.34.3.662,JEPLMC,0.001324826449433511
Row.26,control_10.1037/0278-7393.34.3.680,JEPLMC,0.005307026771720813
Row.26,control_10.1037/0278-7393.34.3.688,JEPLMC,0.02090455601744777
Row.26,control_10.1037/0278-7393.34.3.696,JEPLMC,0.016019061571116263
Row.26,control_10.1037/0278-7393.34.3.703,JEPLMC,0.0010993519122397437
Row.26,control_10.1037/0278-7393.34.3.712,JEPLMC,0.004213640126704577
Row.26,control_10.1037/0278-7393.34.4.1001,JEPLMC,0.021299861261725964
Row.26,control_10.1037/0278-7393.34.4.730,JEPLMC,6.4576662204866e-05
Row.26,control_10.1037/0278-7393.34.4.741,JEPLMC,0.003468977527161787
Row.26,control_10.1037/0278-7393.34.4.752,JEPLMC,0.00013913866876923744
Row.26,control_10.1037/0278-7393.34.4.769,JEPLMC,0.0012105857783334744
Row.26,control_10.1037/0278-7393.34.4.780,JEPLMC,0.005620148669384563
Row.26,control_10.1037/0278-7393.34.4.791,JEPLMC,0.006938023776219481
Row.26,control_10.1037/0278-7393.34.4.809,JEPLMC,0.0011010316531167076
Row.26,control_10.1037/0278-7393.34.4.823,JEPLMC,0.00018826109157621943
Row.26,control_10.1037/0278-7393.34.4.834,JEPLMC,7.378520418183225e-05
Row.26,control_10.1037/0278-7393.34.4.843,JEPLMC,0.00012274859079511698
Row.26,control_10.1037/0278-7393.34.4.859,JEPLMC,0.0023146213557559948
Row.26,control_10.1037/0278-7393.34.4.874,JEPLMC,0.005776873078048502
Row.26,control_10.1037/0278-7393.34.4.886,JEPLMC,0.005776944556978307
Row.26,control_10.1037/0278-7393.34.4.900,JEPLMC,0.12834266419999507
Row.26,control_10.1037/0278-7393.34.4.918,JEPLMC,8.28928440642666e-05
Row.26,control_10.1037/0278-7393.34.4.929,JEPLMC,0.12088504554255755
Row.26,control_10.1037/0278-7393.34.4.945,JEPLMC,0.0030489960096690308
Row.26,control_10.1037/0278-7393.34.4.960,JEPLMC,0.006947722354976004
Row.26,control_10.1037/0278-7393.34.4.982,JEPLMC,0.0010549800493536317
Row.26,control_10.1037/0278-7393.34.4.988,JEPLMC,0.0025543457022498468
Row.26,control_10.1037/0278-7393.34.4.994,JEPLMC,0.0002627333330971245
Row.26,control_10.1037/0278-7393.34.5.1043,JEPLMC,0.004089987495867876
Row.26,control_10.1037/0278-7393.34.5.1055,JEPLMC,0.008091446240688548
Row.26,control_10.1037/0278-7393.34.5.1123,JEPLMC,0.00921183352243466
Row.26,control_10.1037/a0012580,JEPLMC,0.0018772851032718256
Row.26,control_10.1037/a0012581,JEPLMC,0.001422242864637237
Row.26,control_10.1037/a0012638,JEPLMC,0.005806487528425499
Row.26,control_10.1037/a0012794,JEPLMC,0.024678607167892174
Row.26,control_10.1037/a0012795,JEPLMC,0.0017677047858866222
Row.26,control_10.1037/a0012796,JEPLMC,0.022039109726144798
Row.26,control_10.1037/a0012797,JEPLMC,0.0019303706429293706
Row.26,control_10.1037/a0012857,JEPLMC,0.003549079611346639
Row.26,control_10.1037/a0012937,JEPLMC,0.01860095293594847
Row.26,control_10.1037/a0012938,JEPLMC,0.0008374629269928593
Row.26,control_10.1037/a0012942,JEPLMC,0.0023426353418076894
Row.26,control_10.1037/a0012943,JEPLMC,0.0005102208982582223
Row.26,control_10.1037/a0013000,JEPLMC,0.010491898112535326
Row.26,control_10.1037/a0013011,JEPLMC,2.615964272563492e-05
Row.26,control_10.1037/a0013012,JEPLMC,0.002080332670044095
Row.26,control_10.1037/a0013013,JEPLMC,0.012551358547924826
Row.26,control_10.1037/a0013016,JEPLMC,0.00777594793805257
Row.26,control_10.1037/a0013017,JEPLMC,0.010394231266576784
Row.26,control_10.1037/a0013025,JEPLMC,0.010863238111759202
Row.26,control_10.1037/a0013033,JEPLMC,0.001973149331449596
Row.26,control_10.1037/a0013034,JEPLMC,0.045612662021135696
Row.26,control_10.1037/a0013078,JEPLMC,0.002663969452769108
Row.26,control_10.1037/a0013080,JEPLMC,0.0008973018625864079
Row.26,control_10.1037/a0013081,JEPLMC,0.00229326628701333
Row.26,control_10.1037/a0013082,JEPLMC,0.0006308524524847319
Row.26,control_10.1037/a0013084,JEPLMC,0.017735548343646313
Row.26,control_10.1037/a0013217,JEPLMC,0.0008957758930820205
Row.26,control_10.1037/a0013258,JEPLMC,0.006931320750861967
Row.26,control_10.1037/a0013353,JEPLMC,0.0016135561930765857
Row.26,control_10.1037/a0013355,JEPLMC,0.0056358143720012304
Row.26,control_10.1037/a0013356,JEPLMC,0.0005907327644538026
Row.26,control_10.1037/a0013357,JEPLMC,0.007348830731301137
Row.26,control_10.1037/a0013370,JEPLMC,0.0025768638306797086
Row.26,control_10.1037/a0013413,JEPLMC,0.007002106376437803
Row.26,control_10.1037/a0013509,JEPLMC,0.08866260819506794
Row.26,control_10.1037/a0013646,JEPLMC,4.9061258399270456e-05
Row.26,control_10.1037/a0013650,JEPLMC,0.004253318300944037
Row.27,control_10.1037/0278-7393.34.1.1,JEPLMC,0.0023321774225891507
Row.27,control_10.1037/0278-7393.34.1.112,JEPLMC,0.00022183943835492833
Row.27,control_10.1037/0278-7393.34.1.12,JEPLMC,0.004243824423005996
Row.27,control_10.1037/0278-7393.34.1.32,JEPLMC,0.00894426263825001
Row.27,control_10.1037/0278-7393.34.2.257,JEPLMC,0.005429166209222467
Row.27,control_10.1037/0278-7393.34.2.282,JEPLMC,0.0003695669756785022
Row.27,control_10.1037/0278-7393.34.2.313,JEPLMC,0.0008531065311675371
Row.27,control_10.1037/0278-7393.34.2.328,JEPLMC,0.004708254228290871
Row.27,control_10.1037/0278-7393.34.2.381,JEPLMC,0.0015964601292801917
Row.27,control_10.1037/0278-7393.34.2.415,JEPLMC,0.018996853843182504
Row.27,control_10.1037/0278-7393.34.2.422,JEPLMC,0.00013595700344419648
Row.27,control_10.1037/0278-7393.34.3.533,JEPLMC,0.015915232285640922
Row.27,control_10.1037/0278-7393.34.3.556,JEPLMC,0.0049357513336157005
Row.27,control_10.1037/0278-7393.34.3.570,JEPLMC,0.002577687146969013
Row.27,control_10.1037/0278-7393.34.3.587,JEPLMC,0.10404865153499283
Row.27,control_10.1037/0278-7393.34.3.602,JEPLMC,0.015110435721488735
Row.27,control_10.1037/0278-7393.34.3.616,JEPLMC,0.006659901219396572
Row.27,control_10.1037/0278-7393.34.3.631,JEPLMC,0.013062245033386273
Row.27,control_10.1037/0278-7393.34.3.643,JEPLMC,0.002272131888512388
Row.27,control_10.1037/0278-7393.34.3.662,JEPLMC,0.007130257744724133
Row.27,control_10.1037/0278-7393.34.3.680,JEPLMC,0.013510953053134456
Row.27,control_10.1037/0278-7393.34.3.688,JEPLMC,0.006250986262738816
Row.27,control_10.1037/0278-7393.34.3.696,JEPLMC,0.014288430994701175
Row.27,control_10.1037/0278-7393.34.3.703,JEPLMC,0.00551596414640207
Row.27,control_10.1037/0278-7393.34.3.712,JEPLMC,0.00013654161100805227
Row.27,control_10.1037/0278-7393.34.4.1001,JEPLMC,0.009588095727572587
Row.27,control_10.1037/0278-7393.34.4.730,JEPLMC,0.0011996569155641303
Row.27,control_10.1037/0278-7393.34.4.741,JEPLMC,0.0006484692928330398
Row.27,control_10.1037/0278-7393.34.4.752,JEPLMC,0.0053192065342362324
Row.27,control_10.1037/0278-7393.34.4.769,JEPLMC,0.0045884512300295045
Row.27,control_10.1037/0278-7393.34.4.780,JEPLMC,0.0010242012053779032
Row.27,control_10.1037/0278-7393.34.4.791,JEPLMC,0.006314234809449805
Row.27,control_10.1037/0278-7393.34.4.809,JEPLMC,0.006868033156813504
Row.27,control_10.1037/0278-7393.34.4.823,JEPLMC,6.227032167462216e-05
Row.27,control_10.1037/0278-7393.34.4.834,JEPLMC,0.0011157875822518273
Row.27,control_10.1037/0278-7393.34.4.843,JEPLMC,0.0027855957481356026
Row.27,control_10.1037/0278-7393.34.4.859,JEPLMC,0.002807522270444185
Row.27,control_10.1037/0278-7393.34.4.874,JEPLMC,0.013300342632083222
Row.27,control_10.1037/0278-7393.34.4.886,JEPLMC,0.005581612351618464
Row.27,control_10.1037/0278-7393.34.4.900,JEPLMC,0.044866700584377577
Row.27,control_10.1037/0278-7393.34.4.918,JEPLMC,0.0007491026988959768
Row.27,control_10.1037/0278-7393.34.4.929,JEPLMC,0.006452499739092205
Row.27,control_10.1037/0278-7393.34.4.945,JEPLMC,0.01143475341111001
Row.27,control_10.1037/0278-7393.34.4.960,JEPLMC,0.002067502452751938
Row.27,control_10.1037/0278-7393.34.4.982,JEPLMC,0.004490563953049136
Row.27,control_10.1037/0278-7393.34.4.988,JEPLMC,0.02100899576486239
Row.27,control_10.1037/0278-7393.34.4.994,JEPLMC,0.0044122446095762125
Row.27,control_10.1037/0278-7393.34.5.1043,JEPLMC,0.005182215425357569
Row.27,control_10.1037/0278-7393.34.5.1055,JEPLMC,0.008887526598258089
Row.27,control_10.1037/0278-7393.34.5.1123,JEPLMC,0.0005965678111598606
Row.27,control_10.1037/a0012580,JEPLMC,0.001917536602963455
Row.27,control_10.1037/a0012581,JEPLMC,0.0044597132087063835
Row.27,control_10.1037/a0012638,JEPLMC,0.003199146451422224
Row.27,control_10.1037/a0012794,JEPLMC,0.0057104632862633375
Row.27,control_10.1037/a0012795,JEPLMC,0.0018559695211075643
Row.27,control_10.1037/a0012796,JEPLMC,0.006195658792074658
Row.27,control_10.1037/a0012797,JEPLMC,0.00578714385898499
Row.27,control_10.1037/a0012857,JEPLMC,0.0017271599978217038
Row.27,control_10.1037/a0012937,JEPLMC,0.03556737192327005
Row.27,control_10.1037/a0012938,JEPLMC,0.0017054279463164029
Row.27,control_10.1037/a0012942,JEPLMC,0.026579125293018254
Row.27,control_10.1037/a0012943,JEPLMC,0.0034241225577420734
Row.27,control_10.1037/a0013000,JEPLMC,0.001148901229713101
Row.27,control_10.1037/a0013011,JEPLMC,0.0011055879243176928
Row.27,control_10.1037/a0013012,JEPLMC,0.008994353109806758
Row.27,control_10.1037/a0013013,JEPLMC,0.00675735754152934
Row.27,control_10.1037/a0013016,JEPLMC,0.00221215503188279
Row.27,control_10.1037/a0013017,JEPLMC,0.03352416564858277
Row.27,control_10.1037/a0013025,JEPLMC,0.2561524715530741
Row.27,control_10.1037/a0013033,JEPLMC,0.006253936466111669
Row.27,control_10.1037/a0013034,JEPLMC,0.02105500339904715
Row.27,control_10.1037/a0013078,JEPLMC,0.00024007618024270922
Row.27,control_10.1037/a0013080,JEPLMC,0.006571215637872587
Row.27,control_10.1037/a0013081,JEPLMC,0.0029178493743813073
Row.27,control_10.1037/a0013082,JEPLMC,0.0005560987619607972
Row.27,control_10.1037/a0013084,JEPLMC,0.02308194512467358
Row.27,control_10.1037/a0013217,JEPLMC,0.0019432566672427682
Row.27,control_10.1037/a0013258,JEPLMC,0.000976077143787803
Row.27,control_10.1037/a0013353,JEPLMC,0.004482672969324694
Row.27,control_10.1037/a0013355,JEPLMC,0.005747615726751832
Row.27,control_10.1037/a0013356,JEPLMC,0.0018240465659311777
Row.27,control_10.1037/a0013357,JEPLMC,0.0023355166132162405
Row.27,control_10.1037/a0013370,JEPLMC,0.014717203842781447
Row.27,control_10.1037/a0013413,JEPLMC,0.0364050991680876
Row.27,control_10.1037/a0013509,JEPLMC,0.004414644788869639
Row.27,control_10.1037/a0013646,JEPLMC,0.0003203831290757754
Row.27,control_10.1037/a0013650,JEPLMC,0.027534735316290616
Row.28,control_10.1037/0278-7393.34.1.1,JEPLMC,0.0
Row.28,control_10.1037/0278-7393.34.1.112,JEPLMC,3.438489793516841e-17
Row.28,control_10.1037/0278-7393.34.1.12,JEPLMC,3.9795891130405877e-16
Row.28,control_10.1037/0278-7393.34.1.32,JEPLMC,1.213737432798757e-16
Row.28,control_10.1037/0278-7393.34.2.257,JEPLMC,3.901644554035776e-16
Row.28,control_10.1037/0278-7393.34.2.282,JEPLMC,1.925565683932188e-16
Row.28,control_10.1037/0278-7393.34.2.313,JEPLMC,0.0
Row.28,control_10.1037/0278-7393.34.2.328,JEPLMC,2.8047395335418103e-16
Row.28,control_10.1037/0278-7393.34.2.381,JEPLMC,4.910875916212522e-17
Row.28,control_10.1037/0278-7393.34.2.415,JEPLMC,8.001820086573538e-16
Row.28,control_10.1037/0278-7393.34.2.422,JEPLMC,2.85829160332962e-16
Row.28,control_10.1037/0278-7393.34.3.533,JEPLMC,2.6897088033002627e-16
Row.28,control_10.1037/0278-7393.34.3.556,JEPLMC,3.0999772829949334e-16
Row.28,control_10.1037/0278-7393.34.3.570,JEPLMC,0.0
Row.28,control_10.1037/0278-7393.34.3.587,JEPLMC,7.085245289131023e-18
Row.28,control_10.1037/0278-7393.34.3.602,JEPLMC,0.0
Row.28,control_10.1037/0278-7393.34.3.616,JEPLMC,2.3583384313078933e-16
Row.28,control_10.1037/0278-7393.34.3.631,JEPLMC,0.0
Row.28,control_10.1037/0278-7393.34.3.643,JEPLMC,0.0
Row.28,control_10.1037/0278-7393.34.3.662,JEPLMC,0.0
Row.28,control_10.1037/0278-7393.34.3.680,JEPLMC,1.8527991512969849e-16
Row.28,control_10.1037/0278-7393.34.3.688,JEPLMC,2.255422685118649e-16
Row.28,control_10.1037/0278-7393.34.3.696,JEPLMC,0.0
Row.28,control_10.1037/0278-7393.34.3.703,JEPLMC,1.5506584817026687e-16
Row.28,control_10.1037/0278-7393.34.3.712,JEPLMC,0.0
Row.28,control_10.1037/0278-7393.34.4.1001,JEPLMC,0.41836941084395113
Row.28,control_10.1037/0278-7393.34.4.730,JEPLMC,6.344974871938223e-16
Row.28,control_10.1037/0278-7393.34.4.741,JEPLMC,0.0
Row.28,control_10.1037/0278-7393.34.4.752,JEPLMC,0.0
Row.28,control_10.1037/0278-7393.34.4.769,JEPLMC,0.0
Row.28,control_10.1037/0278-7393.34.4.780,JEPLMC,1.542996028496688e-16
Row.28,control_10.1037/0278-7393.34.4.791,JEPLMC,0.0
Row.28,control_10.1037/0278-7393.34.4.809,JEPLMC,6.631160761863229e-18
Row.28,control_10.1037/0278-7393.34.4.823,JEPLMC,2.9372323055870667e-16
Row.28,control_10.1037/0278-7393.34.4.834,JEPLMC,0.0
Row.28,control_10.1037/0278-7393.34.4.843,JEPLMC,0.0
Row.28,control_10.1037/0278-7393.34.4.859,JEPLMC,0.06572082075495678
Row.28,control_10.1037/0278-7393.34.4.874,JEPLMC,7.164494865802172e-17
Row.28,control_10.1037/0278-7393.34.4.886,JEPLMC,0.0
Row.28,control_10.1037/0278-7393.34.4.900,JEPLMC,3.027991054956263e-17
Row.28,control_10.1037/0278-7393.34.4.918,JEPLMC,0.0
Row.28,control_10.1037/0278-7393.34.4.929,JEPLMC,7.85741419766347e-17
Row.28,control_10.1037/0278-7393.34.4.945,JEPLMC,4.798572993676337e-16
Row.28,control_10.1037/0278-7393.34.4.960,JEPLMC,0.0
Row.28,control_10.1037/0278-7393.34.4.982,JEPLMC,5.252321466985072e-16
Row.28,control_10.1037/0278-7393.34.4.988,JEPLMC,0.0
Row.28,control_10.1037/0278-7393.34.4.994,JEPLMC,6.091180717988976e-17
Row.28,control_10.1037/0278-7393.34.5.1043,JEPLMC,0.0
Row.28,control_10.1037/0278-7393.34.5.1055,JEPLMC,2.782420523357128e-16
Row.28,control_10.1037/0278-7393.34.5.1123,JEPLMC,1.5745139277663498e-16
Row.28,control_10.1037/a0012580,JEPLMC,0.0
Row.28,control_10.1037/a0012581,JEPLMC,0.0
Row.28,control_10.1037/a0012638,JEPLMC,0.0
Row.28,control_10.1037/a0012794,JEPLMC,8.09843429603077e-17
Row.28,control_10.1037/a0012795,JEPLMC,0.0
Row.28,control_10.1037/a0012796,JEPLMC,1.0716027599413411e-16
Row.28,control_10.1037/a0012797,JEPLMC,9.255809220376648e-17
Row.28,control_10.1037/a0012857,JEPLMC,2.159366224858182e-16
Row.28,control_10.1037/a0012937,JEPLMC,0.0
Row.28,control_10.1037/a0012938,JEPLMC,0.0
Row.28,control_10.1037/a0012942,JEPLMC,0.0
Row.28,control_10.1037/a0012943,JEPLMC,0.0
Row.28,control_10.1037/a0013000,JEPLMC,2.2789892431332672e-17
Row.28,control_10.1037/a0013011,JEPLMC,1.8368971770098658e-17
Row.28,control_10.1037/a0013012,JEPLMC,0.23186204246970846
Row.28,control_10.1037/a0013013,JEPLMC,4.8808255848489334e-17
Row.28,control_10.1037/a0013016,JEPLMC,0.0
Row.28,control_10.1037/a0013017,JEPLMC,3.8856095485577924e-16
Row.28,control_10.1037/a0013025,JEPLMC,0.2840477259313738
Row.28,control_10.1037/a0013033,JEPLMC,0.0
Row.28,control_10.1037/a0013034,JEPLMC,1.0188949991162481e-16
Row.28,control_10.1037/a0013078,JEPLMC,6.255775995443008e-17
Row.28,control_10.1037/a0013080,JEPLMC,1.5066153570292202e-16
Row.28,control_10.1037/a0013081,JEPLMC,0.0
Row.28,control_10.1037/a0013082,JEPLMC,1.4426242485783157e-16
Row.28,control_10.1037/a0013084,JEPLMC,1.781115144352336e-16
Row.28,control_10.1037/a0013217,JEPLMC,8.285118132629431e-17
Row.28,control_10.1037/a0013258,JEPLMC,7.096984403347014e-17
Row.28,control_10.1037/a0013353,JEPLMC,0.0
Row.28,control_10.1037/a0013355,JEPLMC,3.510755371713342e-16
Row.28,control_10.1037/a0013356,JEPLMC,3.9255650278524115e-17
Row.28,control_10.1037/a0013357,JEPLMC,2.074073084542052e-16
Row.28,control_10.1037/a0013370,JEPLMC,0.0
Row.28,control_10.1037/a0013413,JEPLMC,0.0
Row.28,control_10.1037/a0013509,JEPLMC,2.3485516166270433e-16
Row.28,control_10.1037/a0013646,JEPLMC,1.6644474010526223e-16
Row.28,control_10.1037/a0013650,JEPLMC,4.0691508569170283e-16
Row.29,control_10.1037/0278-7393.34.1.1,JEPLMC,3.400174594340615e-18
Row.29,control_10.1037/0278-7393.34.1.112,JEPLMC,9.410119076211281e-18
Row.29,control_10.1037/0278-7393.34.1.12,JEPLMC,0.0
Row.29,control_10.1037/0278-7393.34.1.32,JEPLMC,1.294708826992631e-18
Row.29,control_10.1037/0278-7393.34.2.257,JEPLMC,2.9038216445622543e-18
Row.29,control_10.1037/0278-7393.34.2.282,JEPLMC,7.39455091927266e-18
Row.29,control_10.1037/0278-7393.34.2.313,JEPLMC,5.525853059216434e-18
Row.29,control_10.1037/0278-7393.34.2.328,JEPLMC,0.0
Row.29,control_10.1037/0278-7393.34.2.381,JEPLMC,0.0
Row.29,control_10.1037/0278-7393.34.2.415,JEPLMC,6.043236806077948e-18
Row.29,control_10.1037/0278-7393.34.2.422,JEPLMC,2.3294474839109897e-18
Row.29,control_10.1037/0278-7393.34.3.533,JEPLMC,3.834931158652658e-18
Row.29,control_10.1037/0278-7393.34.3.556,JEPLMC,5.383526656963646e-18
Row.29,control_10.1037/0278-7393.34.3.570,JEPLMC,5.4996672127260675e-18
Row.29,control_10.1037/0278-7393.34.3.587,JEPLMC,0.04991070756205941
Row.29,control_10.1037/0278-7393.34.3.602,JEPLMC,0.0
Row.29,control_10.1037/0278-7393.34.3.616,JEPLMC,0.0
Row.29,control_10.1037/0278-7393.34.3.631,JEPLMC,0.0
Row.29,control_10.1037/0278-7393.34.3.643,JEPLMC,8.74767474766294e-18
Row.29,control_10.1037/0278-7393.34.3.662,JEPLMC,1.3327800603911317e-17
Row.29,control_10.1037/0278-7393.34.3.680,JEPLMC,7.852178698617232e-18
Row.29,control_10.1037/0278-7393.34.3.688,JEPLMC,6.991938305499056e-18
Row.29,control_10.1037/0278-7393.34.3.696,JEPLMC,7.404726703875955e-18
Row.29,control_10.1037/0278-7393.34.3.703,JEPLMC,0.0
Row.29,control_10.1037/0278-7393.34.3.712,JEPLMC,1.7214991332109253e-18
Row.29,control_10.1037/0278-7393.34.4.1001,JEPLMC,0.05506488698392276
Row.29,control_10.1037/0278-7393.34.4.730,JEPLMC,4.178618063736933e-18
Row.29,control_10.1037/0278-7393.34.4.741,JEPLMC,0.0
Row.29,control_10.1037/0278-7393.34.4.752,JEPLMC,1.6795441200023124e-18
Row.29,control_10.1037/0278-7393.34.4.769,JEPLMC,1.9198429880725966e-18
Row.29,control_10.1037/0278-7393.34.4.780,JEPLMC,0.0
Row.29,control_10.1037/0278-7393.34.4.791,JEPLMC,0.0
Row.29,control_10.1037/0278-7393.34.4.809,JEPLMC,0.0
Row.29,control_10.1037/0278-7393.34.4.823,JEPLMC,2.754461021015135e-18
Row.29,control_10.1037/0278-7393.34.4.834,JEPLMC,2.4000589342480476e-17
Row.29,control_10.1037/0278-7393.34.4.843,JEPLMC,0.5475088199862866
Row.29,control_10.1037/0278-7393.34.4.859,JEPLMC,1.8422120789803074e-18
Row.29,control_10.1037/0278-7393.34.4.874,JEPLMC,0.0
Row.29,control_10.1037/0278-7393.34.4.886,JEPLMC,9.296326649192681e-18
Row.29,control_10.1037/0278-7393.34.4.900,JEPLMC,2.030058604755003e-18
Row.29,control_10.1037/0278-7393.34.4.918,JEPLMC,0.0
Row.29,control_10.1037/0278-7393.34.4.929,JEPLMC,0.0
Row.29,control_10.1037/0278-7393.34.4.945,JEPLMC,0.0
Row.29,control_10.1037/0278-7393.34.4.960,JEPLMC,0.0
Row.29,control_10.1037/0278-7393.34.4.982,JEPLMC,0.0
Row.29,control_10.1037/0278-7393.34.4.988,JEPLMC,0.0
Row.29,control_10.1037/0278-7393.34.4.994,JEPLMC,0.0
Row.29,control_10.1037/0278-7393.34.5.1043,JEPLMC,0.0
Row.29,control_10.1037/0278-7393.34.5.1055,JEPLMC,0.2713201382964855
Row.29,control_10.1037/0278-7393.34.5.1123,JEPLMC,3.0008569914345687e-19
Row.29,control_10.1037/a0012580,JEPLMC,0.0
Row.29,control_10.1037/a0012581,JEPLMC,1.5701773678984401e-19
Row.29,control_10.1037/a0012638,JEPLMC,0.0
Row.29,control_10.1037/a0012794,JEPLMC,0.0
Row.29,control_10.1037/a0012795,JEPLMC,7.117904403842713e-18
Row.29,control_10.1037/a0012796,JEPLMC,0.0
Row.29,control_10.1037/a0012797,JEPLMC,8.516297652069574e-18
Row.29,control_10.1037/a0012857,JEPLMC,6.302329935749199e-18
Row.29,control_10.1037/a0012937,JEPLMC,2.75810083632286e-17
Row.29,control_10.1037/a0012938,JEPLMC,0.0
Row.29,control_10.1037/a0012942,JEPLMC,5.896703662756005e-18
Row.29,control_10.1037/a0012943,JEPLMC,1.4644760114926768e-17
Row.29,control_10.1037/a0013000,JEPLMC,6.2715164766916175e-18
Row.29,control_10.1037/a0013011,JEPLMC,0.0
Row.29,control_10.1037/a0013012,JEPLMC,2.815580129478725e-18
Row.29,control_10.1037/a0013013,JEPLMC,1.6574162065014681e-18
Row.29,control_10.1037/a0013016,JEPLMC,7.584761791953755e-18
Row.29,control_10.1037/a0013017,JEPLMC,0.0
Row.29,control_10.1037/a0013025,JEPLMC,8.230359142296909e-18
Row.29,control_10.1037/a0013033,JEPLMC,0.0
Row.29,control_10.1037/a0013034,JEPLMC,0.0
Row.29,control_10.1037/a0013078,JEPLMC,0.0
Row.29,control_10.1037/a0013080,JEPLMC,0.0
Row.29,control_10.1037/a0013081,JEPLMC,0.0
Row.29,control_10.1037/a0013082,JEPLMC,0.0
Row.29,control_10.1037/a0013084,JEPLMC,6.03655723806296e-18
Row.29,control_10.1037/a0013217,JEPLMC,0.0
Row.29,control_10.1037/a0013258,JEPLMC,0.0
Row.29,control_10.1037/a0013353,JEPLMC,0.07619544717124552
Row.29,control_10.1037/a0013355,JEPLMC,0.0
Row.29,control_10.1037/a0013356,JEPLMC,3.710017947936153e-18
Row.29,control_10.1037/a0013357,JEPLMC,0.0
Row.29,control_10.1037/a0013370,JEPLMC,0.0
Row.29,control_10.1037/a0013413,JEPLMC,1.3308795130478497e-18
Row.29,control_10.1037/a0013509,JEPLMC,5.024951713792133e-18
Row.29,control_10.1037/a0013646,JEPLMC,1.235562890801359e-17
Row.29,control_10.1037/a0013650,JEPLMC,0.0
Row.32,control_10.1037/0278-7393.34.1.1,JEPLMC,9.113830191921519e-18
Row.32,control_10.1037/0278-7393.34.1.112,JEPLMC,2.1645837541736927e-18
Row.32,control_10.1037/0278-7393.34.1.12,JEPLMC,0.0
Row.32,control_10.1037/0278-7393.34.1.32,JEPLMC,0.0
Row.32,control_10.1037/0278-7393.34.2.257,JEPLMC,4.168205887537581e-17
Row.32,control_10.1037/0278-7393.34.2.282,JEPLMC,0.0
Row.32,control_10.1037/0278-7393.34.2.313,JEPLMC,0.0
Row.32,control_10.1037/0278-7393.34.2.328,JEPLMC,1.9910310816453416e-17
Row.32,control_10.1037/0278-7393.34.2.381,JEPLMC,0.0
Row.32,control_10.1037/0278-7393.34.2.415,JEPLMC,0.0
Row.32,control_10.1037/0278-7393.34.2.422,JEPLMC,3.83701360935582e-18
Row.32,control_10.1037/0278-7393.34.3.533,JEPLMC,2.958533760247117e-18
Row.32,control_10.1037/0278-7393.34.3.556,JEPLMC,0.052110871597895174
Row.32,control_10.1037/0278-7393.34.3.570,JEPLMC,3.767170090378828e-18
Row.32,control_10.1037/0278-7393.34.3.587,JEPLMC,0.0
Row.32,control_10.1037/0278-7393.34.3.602,JEPLMC,4.0868445451552864e-19
Row.32,control_10.1037/0278-7393.34.3.616,JEPLMC,0.0
Row.32,control_10.1037/0278-7393.34.3.631,JEPLMC,0.0
Row.32,control_10.1037/0278-7393.34.3.643,JEPLMC,0.0
Row.32,control_10.1037/0278-7393.34.3.662,JEPLMC,0.0
Row.32,control_10.1037/0278-7393.34.3.680,JEPLMC,0.0
Row.32,control_10.1037/0278-7393.34.3.688,JEPLMC,4.3040699722771705e-17
Row.32,control_10.1037/0278-7393.34.3.696,JEPLMC,0.0
Row.32,control_10.1037/0278-7393.34.3.703,JEPLMC,3.023798486349651e-17
Row.32,control_10.1037/0278-7393.34.3.712,JEPLMC,0.0
Row.32,control_10.1037/0278-7393.34.4.1001,JEPLMC,3.5658148692976774e-17
Row.32,control_10.1037/0278-7393.34.4.730,JEPLMC,4.546827219154923e-18
Row.32,control_10.1037/0278-7393.34.4.741,JEPLMC,0.0
Row.32,control_10.1037/0278-7393.34.4.752,JEPLMC,5.773909254545491e-18
Row.32,control_10.1037/0278-7393.34.4.769,JEPLMC,1.142896991559611e-17
Row.32,control_10.1037/0278-7393.34.4.780,JEPLMC,1.3857002600018753e-18
Row.32,control_10.1037/0278-7393.34.4.791,JEPLMC,1.1629716724095379e-17
Row.32,control_10.1037/0278-7393.34.4.809,JEPLMC,0.0
Row.32,control_10.1037/0278-7393.34.4.823,JEPLMC,0.0
Row.32,control_10.1037/0278-7393.34.4.834,JEPLMC,6.291011592751991e-19
Row.32,control_10.1037/0278-7393.34.4.843,JEPLMC,1.1832617814134274e-17
Row.32,control_10.1037/0278-7393.34.4.859,JEPLMC,0.0
Row.32,control_10.1037/0278-7393.34.4.874,JEPLMC,0.0
Row.32,control_10.1037/0278-7393.34.4.886,JEPLMC,6.261221904397626e-18
Row.32,control_10.1037/0278-7393.34.4.900,JEPLMC,0.7510290257225526
Row.32,control_10.1037/0278-7393.34.4.918,JEPLMC,0.0
Row.32,control_10.1037/0278-7393.34.4.929,JEPLMC,0.0844236446714922
Row.32,control_10.1037/0278-7393.34.4.945,JEPLMC,0.0
Row.32,control_10.1037/0278-7393.34.4.960,JEPLMC,0.0
Row.32,control_10.1037/0278-7393.34.4.982,JEPLMC,0.0
Row.32,control_10.1037/0278-7393.34.4.988,JEPLMC,6.120614435153412e-18
Row.32,control_10.1037/0278-7393.34.4.994,JEPLMC,4.0754900831793935e-18
Row.32,control_10.1037/0278-7393.34.5.1043,JEPLMC,0.0
Row.32,control_10.1037/0278-7393.34.5.1055,JEPLMC,9.198732165475537e-18
Row.32,control_10.1037/0278-7393.34.5.1123,JEPLMC,0.08888020797869224
Row.32,control_10.1037/a0012580,JEPLMC,1.6050817933407389e-18
Row.32,control_10.1037/a0012581,JEPLMC,0.0
Row.32,control_10.1037/a0012638,JEPLMC,7.6352363103353835e-19
Row.32,control_10.1037/a0012794,JEPLMC,6.787636999391226e-17
Row.32,control_10.1037/a0012795,JEPLMC,0.0
Row.32,control_10.1037/a0012796,JEPLMC,1.5618831130307696e-18
Row.32,control_10.1037/a0012797,JEPLMC,6.8041700235876325e-18
Row.32,control_10.1037/a0012857,JEPLMC,0.0
Row.32,control_10.1037/a0012937,JEPLMC,7.741668485414021e-17
Row.32,control_10.1037/a0012938,JEPLMC,0.0
Row.32,control_10.1037/a0012942,JEPLMC,0.0
Row.32,control_10.1037/a0012943,JEPLMC,8.220409111396822e-18
Row.32,control_10.1037/a0013000,JEPLMC,8.613868656514636e-19
Row.32,control_10.1037/a0013011,JEPLMC,3.894611849769112e-18
Row.32,control_10.1037/a0013012,JEPLMC,2.1044444149186373e-18
Row.32,control_10.1037/a0013013,JEPLMC,3.3702984554187e-18
Row.32,control_10.1037/a0013016,JEPLMC,1.6245635511275878e-18
Row.32,control_10.1037/a0013017,JEPLMC,0.0
Row.32,control_10.1037/a0013025,JEPLMC,0.0
Row.32,control_10.1037/a0013033,JEPLMC,0.0
Row.32,control_10.1037/a0013034,JEPLMC,0.0
Row.32,control_10.1037/a0013078,JEPLMC,0.0
Row.32,control_10.1037/a0013080,JEPLMC,0.0
Row.32,control_10.1037/a0013081,JEPLMC,0.0
Row.32,control_10.1037/a0013082,JEPLMC,5.6767691707921595e-18
Row.32,control_10.1037/a0013084,JEPLMC,0.0
Row.32,control_10.1037/a0013217,JEPLMC,0.0
Row.32,control_10.1037/a0013258,JEPLMC,1.6850629132142298e-17
Row.32,control_10.1037/a0013353,JEPLMC,0.0
Row.32,control_10.1037/a0013355,JEPLMC,1.4045067872362505e-17
Row.32,control_10.1037/a0013356,JEPLMC,1.8259587137455246e-18
Row.32,control_10.1037/a0013357,JEPLMC,9.090311948226987e-18
Row.32,control_10.1037/a0013370,JEPLMC,0.0
Row.32,control_10.1037/a0013413,JEPLMC,2.779529673880315e-18
Row.32,control_10.1037/a0013509,JEPLMC,0.0
Row.32,control_10.1037/a0013646,JEPLMC,1.3265797560888548e-17
Row.32,control_10.1037/a0013650,JEPLMC,0.02355625002936732
Row.33,control_10.1037/0278-7393.34.1.1,JEPLMC,0.00010164200516106351
Row.33,control_10.1037/0278-7393.34.1.112,JEPLMC,2.666666254354591e-05
Row.33,control_10.1037/0278-7393.34.1.12,JEPLMC,0.0038698897551270443
Row.33,control_10.1037/0278-7393.34.1.32,JEPLMC,0.002154012491781681
Row.33,control_10.1037/0278-7393.34.2.257,JEPLMC,0.0006025131476342353
Row.33,control_10.1037/0278-7393.34.2.282,JEPLMC,4.699124343113015e-05
Row.33,control_10.1037/0278-7393.34.2.313,JEPLMC,1.4057063088388513e-05
Row.33,control_10.1037/0278-7393.34.2.328,JEPLMC,0.0008609213276888038
Row.33,control_10.1037/0278-7393.34.2.381,JEPLMC,0.09109108187463522
Row.33,control_10.1037/0278-7393.34.2.415,JEPLMC,0.14711106120786752
Row.33,control_10.1037/0278-7393.34.2.422,JEPLMC,0.0007532851235023253
Row.33,control_10.1037/0278-7393.34.3.533,JEPLMC,2.863128926121128e-05
Row.33,control_10.1037/0278-7393.34.3.556,JEPLMC,0.04142365177187239
Row.33,control_10.1037/0278-7393.34.3.570,JEPLMC,3.0431821950398007e-05
Row.33,control_10.1037/0278-7393.34.3.587,JEPLMC,0.017002940750828567
Row.33,control_10.1037/0278-7393.34.3.602,JEPLMC,0.000498998615312817
Row.33,control_10.1037/0278-7393.34.3.616,JEPLMC,0.0012184410201882664
Row.33,control_10.1037/0278-7393.34.3.631,JEPLMC,0.0004539687639670434
Row.33,control_10.1037/0278-7393.34.3.643,JEPLMC,0.00021251653309586047
Row.33,control_10.1037/0278-7393.34.3.662,JEPLMC,2.9582255473324792e-05
Row.33,control_10.1037/0278-7393.34.3.680,JEPLMC,0.033574985028706775
Row.33,control_10.1037/0278-7393.34.3.688,JEPLMC,0.0058970973776466575
Row.33,control_10.1037/0278-7393.34.3.696,JEPLMC,0.0011268711605577422
Row.33,control_10.1037/0278-7393.34.3.703,JEPLMC,0.00030645189373008203
Row.33,control_10.1037/0278-7393.34.3.712,JEPLMC,0.0003362382971885542
Row.33,control_10.1037/0278-7393.34.4.1001,JEPLMC,0.03910697375215298
Row.33,control_10.1037/0278-7393.34.4.730,JEPLMC,4.961171678508219e-05
Row.33,control_10.1037/0278-7393.34.4.741,JEPLMC,0.00043241247031274076
Row.33,control_10.1037/0278-7393.34.4.752,JEPLMC,7.478970127885324e-05
Row.33,control_10.1037/0278-7393.34.4.769,JEPLMC,1.391339642137255e-05
Row.33,control_10.1037/0278-7393.34.4.780,JEPLMC,2.663164346250198e-05
Row.33,control_10.1037/0278-7393.34.4.791,JEPLMC,0.00025987981583779865
Row.33,control_10.1037/0278-7393.34.4.809,JEPLMC,0.0002317030450877271
Row.33,control_10.1037/0278-7393.34.4.823,JEPLMC,8.68832185779348e-05
Row.33,control_10.1037/0278-7393.34.4.834,JEPLMC,0.00012158581214988227
Row.33,control_10.1037/0278-7393.34.4.843,JEPLMC,0.0003443459626031301
Row.33,control_10.1037/0278-7393.34.4.859,JEPLMC,0.0024586994232915563
Row.33,control_10.1037/0278-7393.34.4.874,JEPLMC,0.0009763145918766285
Row.33,control_10.1037/0278-7393.34.4.886,JEPLMC,0.0013741531759536832
Row.33,control_10.1037/0278-7393.34.4.900,JEPLMC,0.11344023946881318
Row.33,control_10.1037/0278-7393.34.4.918,JEPLMC,0.0005233770622030964
Row.33,control_10.1037/0278-7393.34.4.929,JEPLMC,0.16077989618226765
Row.33,control_10.1037/0278-7393.34.4.945,JEPLMC,0.002749705950224426
Row.33,control_10.1037/0278-7393.34.4.960,JEPLMC,0.0007756859150613758
Row.33,control_10.1037/0278-7393.34.4.982,JEPLMC,0.0005765278679149391
Row.33,control_10.1037/0278-7393.34.4.988,JEPLMC,0.0007705259110195603
Row.33,control_10.1037/0278-7393.34.4.994,JEPLMC,3.167950644023913e-05
Row.33,control_10.1037/0278-7393.34.5.1043,JEPLMC,0.0005801509159812938
Row.33,control_10.1037/0278-7393.34.5.1055,JEPLMC,0.00020661466479137867
Row.33,control_10.1037/0278-7393.34.5.1123,JEPLMC,0.002232890606260946
Row.33,control_10.1037/a0012580,JEPLMC,0.00042036372217896755
Row.33,control_10.1037/a0012581,JEPLMC,0.00046774015612765043
Row.33,control_10.1037/a0012638,JEPLMC,0.0009779087845801263
Row.33,control_10.1037/a0012794,JEPLMC,0.0026843890196579573
Row.33,control_10.1037/a0012795,JEPLMC,0.0031404676285209415
Row.33,control_10.1037/a0012796,JEPLMC,0.0006636384305224342
Row.33,control_10.1037/a0012797,JEPLMC,0.0006917271239915978
Row.33,control_10.1037/a0012857,JEPLMC,0.0008792694450026559
Row.33,control_10.1037/a0012937,JEPLMC,0.011334181690681525
Row.33,control_10.1037/a0012938,JEPLMC,0.00011260308164882608
Row.33,control_10.1037/a0012942,JEPLMC,0.002737572336397081
Row.33,control_10.1037/a0012943,JEPLMC,1.5771375284618694e-05
Row.33,control_10.1037/a0013000,JEPLMC,0.0018956616078380634
Row.33,control_10.1037/a0013011,JEPLMC,0.00015282083920250416
Row.33,control_10.1037/a0013012,JEPLMC,0.04208571258422597
Row.33,control_10.1037/a0013013,JEPLMC,0.00985982584420761
Row.33,control_10.1037/a0013016,JEPLMC,0.0010458451706537165
Row.33,control_10.1037/a0013017,JEPLMC,0.028256384246191587
Row.33,control_10.1037/a0013025,JEPLMC,0.006425325884980494
Row.33,control_10.1037/a0013033,JEPLMC,0.00957212704194516
Row.33,control_10.1037/a0013034,JEPLMC,0.0018202494372310824
Row.33,control_10.1037/a0013078,JEPLMC,5.195911909525432e-05
Row.33,control_10.1037/a0013080,JEPLMC,0.0001871103767652302
Row.33,control_10.1037/a0013081,JEPLMC,9.806219634249096e-05
Row.33,control_10.1037/a0013082,JEPLMC,0.0004217124151899794
Row.33,control_10.1037/a0013084,JEPLMC,0.008656176365587827
Row.33,control_10.1037/a0013217,JEPLMC,0.00027195191905770856
Row.33,control_10.1037/a0013258,JEPLMC,0.0014733600579156954
Row.33,control_10.1037/a0013353,JEPLMC,0.011978185260008333
Row.33,control_10.1037/a0013355,JEPLMC,0.03696614671127026
Row.33,control_10.1037/a0013356,JEPLMC,0.0019459127564105858
Row.33,control_10.1037/a0013357,JEPLMC,0.009043333329653397
Row.33,control_10.1037/a0013370,JEPLMC,0.0008658914411687856
Row.33,control_10.1037/a0013413,JEPLMC,0.03882047077227024
Row.33,control_10.1037/a0013509,JEPLMC,0.06341319422357426
Row.33,control_10.1037/a0013646,JEPLMC,0.0003121092077518054
Row.33,control_10.1037/a0013650,JEPLMC,0.023256718137856965
Row.36,control_10.1037/0278-7393.34.1.1,JEPLMC,0.0
Row.36,control_10.1037/0278-7393.34.1.112,JEPLMC,0.0
Row.36,control_10.1037/0278-7393.34.1.12,JEPLMC,0.0
Row.36,control_10.1037/0278-7393.34.1.32,JEPLMC,1.6120632140730518e-17
Row.36,control_10.1037/0278-7393.34.2.257,JEPLMC,1.8006347317592294e-17
Row.36,control_10.1037/0278-7393.34.2.282,JEPLMC,1.6445522948943924e-17
Row.36,control_10.1037/0278-7393.34.2.313,JEPLMC,0.0
Row.36,control_10.1037/0278-7393.34.2.328,JEPLMC,0.15090909727845056
Row.36,control_10.1037/0278-7393.34.2.381,JEPLMC,3.8813235096671256e-18
Row.36,control_10.1037/0278-7393.34.2.415,JEPLMC,8.808643899817292e-18
Row.36,control_10.1037/0278-7393.34.2.422,JEPLMC,1.2135800981232598e-17
Row.36,control_10.1037/0278-7393.34.3.533,JEPLMC,0.0
Row.36,control_10.1037/0278-7393.34.3.556,JEPLMC,0.0
Row.36,control_10.1037/0278-7393.34.3.570,JEPLMC,8.86625977517446e-19
Row.36,control_10.1037/0278-7393.34.3.587,JEPLMC,0.0
Row.36,control_10.1037/0278-7393.34.3.602,JEPLMC,0.0
Row.36,control_10.1037/0278-7393.34.3.616,JEPLMC,1.8445770782824997e-18
Row.36,control_10.1037/0278-7393.34.3.631,JEPLMC,7.351108418534046e-17
Row.36,control_10.1037/0278-7393.34.3.643,JEPLMC,3.7127461929353695e-18
Row.36,control_10.1037/0278-7393.34.3.662,JEPLMC,0.0
Row.36,control_10.1037/0278-7393.34.3.680,JEPLMC,7.901706971020728e-18
Row.36,control_10.1037/0278-7393.34.3.688,JEPLMC,1.779322797591118e-18
Row.36,control_10.1037/0278-7393.34.3.696,JEPLMC,3.4388056231195285e-18
Row.36,control_10.1037/0278-7393.34.3.703,JEPLMC,3.8715029877662026e-17
Row.36,control_10.1037/0278-7393.34.3.712,JEPLMC,1.3639871271256442e-18
Row.36,control_10.1037/0278-7393.34.4.1001,JEPLMC,0.0
Row.36,control_10.1037/0278-7393.34.4.730,JEPLMC,0.014945303191797326
Row.36,control_10.1037/0278-7393.34.4.741,JEPLMC,2.522658471352527e-18
Row.36,control_10.1037/0278-7393.34.4.752,JEPLMC,0.0
Row.36,control_10.1037/0278-7393.34.4.769,JEPLMC,0.0
Row.36,control_10.1037/0278-7393.34.4.780,JEPLMC,0.0
Row.36,control_10.1037/0278-7393.34.4.791,JEPLMC,0.0
Row.36,control_10.1037/0278-7393.34.4.809,JEPLMC,1.7238872524326514e-18
Row.36,control_10.1037/0278-7393.34.4.823,JEPLMC,0.0
Row.36,control_10.1037/0278-7393.34.4.834,JEPLMC,0.0
Row.36,control_10.1037/0278-7393.34.4.843,JEPLMC,3.720057432489097e-18
Row.36,control_10.1037/0278-7393.34.4.859,JEPLMC,0.02800840951916609
Row.36,control_10.1037/0278-7393.34.4.874,JEPLMC,2.3937461834715847e-19
Row.36,control_10.1037/0278-7393.34.4.886,JEPLMC,0.0
Row.36,control_10.1037/0278-7393.34.4.900,JEPLMC,1.969810942199487e-18
Row.36,control_10.1037/0278-7393.34.4.918,JEPLMC,0.0
Row.36,control_10.1037/0278-7393.34.4.929,JEPLMC,1.2858152783672355e-18
Row.36,control_10.1037/0278-7393.34.4.945,JEPLMC,0.0
Row.36,control_10.1037/0278-7393.34.4.960,JEPLMC,0.0
Row.36,control_10.1037/0278-7393.34.4.982,JEPLMC,0.0
Row.36,control_10.1037/0278-7393.34.4.988,JEPLMC,1.0865525276467066e-17
Row.36,control_10.1037/0278-7393.34.4.994,JEPLMC,0.0
Row.36,control_10.1037/0278-7393.34.5.1043,JEPLMC,0.7415943660055085
Row.36,control_10.1037/0278-7393.34.5.1055,JEPLMC,5.001379068539147e-18
Row.36,control_10.1037/0278-7393.34.5.1123,JEPLMC,1.0116543802301484e-15
Row.36,control_10.1037/a0012580,JEPLMC,1.6676539427460052e-18
Row.36,control_10.1037/a0012581,JEPLMC,0.0
Row.36,control_10.1037/a0012638,JEPLMC,0.0
Row.36,control_10.1037/a0012794,JEPLMC,4.6179288904383226e-17
Row.36,control_10.1037/a0012795,JEPLMC,0.0
Row.36,control_10.1037/a0012796,JEPLMC,0.0
Row.36,control_10.1037/a0012797,JEPLMC,0.0
Row.36,control_10.1037/a0012857,JEPLMC,4.86469222488337e-18
Row.36,control_10.1037/a0012937,JEPLMC,0.0
Row.36,control_10.1037/a0012938,JEPLMC,0.0
Row.36,control_10.1037/a0012942,JEPLMC,1.7146303513352275e-17
Row.36,control_10.1037/a0012943,JEPLMC,0.0
Row.36,control_10.1037/a0013000,JEPLMC,5.218109312214086e-19
Row.36,control_10.1037/a0013011,JEPLMC,0.0
Row.36,control_10.1037/a0013012,JEPLMC,0.0
Row.36,control_10.1037/a0013013,JEPLMC,0.0
Row.36,control_10.1037/a0013016,JEPLMC,3.7804248160376306e-17
Row.36,control_10.1037/a0013017,JEPLMC,4.260719768179336e-18
Row.36,control_10.1037/a0013025,JEPLMC,0.0
Row.36,control_10.1037/a0013033,JEPLMC,0.0
Row.36,control_10.1037/a0013034,JEPLMC,0.0
Row.36,control_10.1037/a0013078,JEPLMC,0.0
Row.36,control_10.1037/a0013080,JEPLMC,2.2073737473986776e-18
Row.36,control_10.1037/a0013081,JEPLMC,0.0
Row.36,control_10.1037/a0013082,JEPLMC,0.0
Row.36,control_10.1037/a0013084,JEPLMC,0.0
Row.36,control_10.1037/a0013217,JEPLMC,1.9736775054109645e-18
Row.36,control_10.1037/a0013258,JEPLMC,4.43226447957529e-17
Row.36,control_10.1037/a0013353,JEPLMC,5.044236813172969e-18
Row.36,control_10.1037/a0013355,JEPLMC,0.0
Row.36,control_10.1037/a0013356,JEPLMC,5.138419650482079e-18
Row.36,control_10.1037/a0013357,JEPLMC,1.8698998562394082e-17
Row.36,control_10.1037/a0013370,JEPLMC,0.06454282400507602
Row.36,control_10.1037/a0013413,JEPLMC,1.6061612936304963e-17
Row.36,control_10.1037/a0013509,JEPLMC,0.0
Row.36,control_10.1037/a0013646,JEPLMC,7.369824115659877e-19
Row.36,control_10.1037/a0013650,JEPLMC,3.563294731168562e-18
Row.37,control_10.1037/0278-7393.34.1.1,JEPLMC,1.201551931342048e-16
Row.37,control_10.1037/0278-7393.34.1.112,JEPLMC,1.6020477238753982e-16
Row.37,control_10.1037/0278-7393.34.1.12,JEPLMC,4.435134472915976e-17
Row.37,control_10.1037/0278-7393.34.1.32,JEPLMC,0.0
Row.37,control_10.1037/0278-7393.34.2.257,JEPLMC,1.566547028341123e-16
Row.37,control_10.1037/0278-7393.34.2.282,JEPLMC,1.6064060286228465e-17
Row.37,control_10.1037/0278-7393.34.2.313,JEPLMC,0.0
Row.37,control_10.1037/0278-7393.34.2.328,JEPLMC,0.4058580493321991
Row.37,control_10.1037/0278-7393.34.2.381,JEPLMC,9.410719338520795e-17
Row.37,control_10.1037/0278-7393.34.2.415,JEPLMC,4.343852779394976e-16
Row.37,control_10.1037/0278-7393.34.2.422,JEPLMC,0.0
Row.37,control_10.1037/0278-7393.34.3.533,JEPLMC,8.774697757720426e-17
Row.37,control_10.1037/0278-7393.34.3.556,JEPLMC,3.669807227547138e-16
Row.37,control_10.1037/0278-7393.34.3.570,JEPLMC,0.0
Row.37,control_10.1037/0278-7393.34.3.587,JEPLMC,0.0
Row.37,control_10.1037/0278-7393.34.3.602,JEPLMC,0.0
Row.37,control_10.1037/0278-7393.34.3.616,JEPLMC,0.0
Row.37,control_10.1037/0278-7393.34.3.631,JEPLMC,0.0
Row.37,control_10.1037/0278-7393.34.3.643,JEPLMC,0.0
Row.37,control_10.1037/0278-7393.34.3.662,JEPLMC,1.45710558398717e-17
Row.37,control_10.1037/0278-7393.34.3.680,JEPLMC,2.5630423844006682e-16
Row.37,control_10.1037/0278-7393.34.3.688,JEPLMC,0.0
Row.37,control_10.1037/0278-7393.34.3.696,JEPLMC,0.0
Row.37,control_10.1037/0278-7393.34.3.703,JEPLMC,0.0
Row.37,control_10.1037/0278-7393.34.3.712,JEPLMC,2.0615715993341415e-16
Row.37,control_10.1037/0278-7393.34.4.1001,JEPLMC,0.0
Row.37,control_10.1037/0278-7393.34.4.730,JEPLMC,0.0
Row.37,control_10.1037/0278-7393.34.4.741,JEPLMC,1.8020682715830046e-16
Row.37,control_10.1037/0278-7393.34.4.752,JEPLMC,8.940460513271153e-17
Row.37,control_10.1037/0278-7393.34.4.769,JEPLMC,0.0
Row.37,control_10.1037/0278-7393.34.4.780,JEPLMC,0.0
Row.37,control_10.1037/0278-7393.34.4.791,JEPLMC,6.072233205555266e-17
Row.37,control_10.1037/0278-7393.34.4.809,JEPLMC,8.487369412378192e-17
Row.37,control_10.1037/0278-7393.34.4.823,JEPLMC,0.0
Row.37,control_10.1037/0278-7393.34.4.834,JEPLMC,1.1879660880387252e-16
Row.37,control_10.1037/0278-7393.34.4.843,JEPLMC,1.819704759959473e-16
Row.37,control_10.1037/0278-7393.34.4.859,JEPLMC,0.21632421368139748
Row.37,control_10.1037/0278-7393.34.4.874,JEPLMC,0.0
Row.37,control_10.1037/0278-7393.34.4.886,JEPLMC,0.0
Row.37,control_10.1037/0278-7393.34.4.900,JEPLMC,0.0
Row.37,control_10.1037/0278-7393.34.4.918,JEPLMC,4.2607529246620744e-16
Row.37,control_10.1037/0278-7393.34.4.929,JEPLMC,0.0
Row.37,control_10.1037/0278-7393.34.4.945,JEPLMC,0.0
Row.37,control_10.1037/0278-7393.34.4.960,JEPLMC,3.0288384861804433e-16
Row.37,control_10.1037/0278-7393.34.4.982,JEPLMC,1.8175195303035623e-16
Row.37,control_10.1037/0278-7393.34.4.988,JEPLMC,5.59376727538713e-17
Row.37,control_10.1037/0278-7393.34.4.994,JEPLMC,0.0
Row.37,control_10.1037/0278-7393.34.5.1043,JEPLMC,0.0
Row.37,control_10.1037/0278-7393.34.5.1055,JEPLMC,0.0
Row.37,control_10.1037/0278-7393.34.5.1123,JEPLMC,0.0
Row.37,control_10.1037/a0012580,JEPLMC,0.0
Row.37,control_10.1037/a0012581,JEPLMC,0.0
Row.37,control_10.1037/a0012638,JEPLMC,2.3455784622783843e-17
Row.37,control_10.1037/a0012794,JEPLMC,1.836365116063024e-16
Row.37,control_10.1037/a0012795,JEPLMC,3.1379939072498154e-18
Row.37,control_10.1037/a0012796,JEPLMC,0.0
Row.37,control_10.1037/a0012797,JEPLMC,2.3441216819196187e-16
Row.37,control_10.1037/a0012857,JEPLMC,2.079943127665976e-16
Row.37,control_10.1037/a0012937,JEPLMC,2.4230135429696496e-18
Row.37,control_10.1037/a0012938,JEPLMC,2.4948838112102374e-17
Row.37,control_10.1037/a0012942,JEPLMC,0.0
Row.37,control_10.1037/a0012943,JEPLMC,1.8031082630899197e-16
Row.37,control_10.1037/a0013000,JEPLMC,4.3952074316175167e-17
Row.37,control_10.1037/a0013011,JEPLMC,0.0
Row.37,control_10.1037/a0013012,JEPLMC,2.183322757240817e-16
Row.37,control_10.1037/a0013013,JEPLMC,1.1299937885576372e-16
Row.37,control_10.1037/a0013016,JEPLMC,0.0
Row.37,control_10.1037/a0013017,JEPLMC,0.0
Row.37,control_10.1037/a0013025,JEPLMC,0.14030541968132246
Row.37,control_10.1037/a0013033,JEPLMC,1.1409651902448507e-16
Row.37,control_10.1037/a0013034,JEPLMC,6.126902646936357e-17
Row.37,control_10.1037/a0013078,JEPLMC,0.0
Row.37,control_10.1037/a0013080,JEPLMC,0.0
Row.37,control_10.1037/a0013081,JEPLMC,1.2399732094842524e-16
Row.37,control_10.1037/a0013082,JEPLMC,0.0
Row.37,control_10.1037/a0013084,JEPLMC,3.2802651071637156e-18
Row.37,control_10.1037/a0013217,JEPLMC,6.278098676277415e-17
Row.37,control_10.1037/a0013258,JEPLMC,2.306124710348618e-17
Row.37,control_10.1037/a0013353,JEPLMC,1.6924349003858585e-16
Row.37,control_10.1037/a0013355,JEPLMC,2.4234603601460513e-17
Row.37,control_10.1037/a0013356,JEPLMC,0.0
Row.37,control_10.1037/a0013357,JEPLMC,1.8873297517204908e-17
Row.37,control_10.1037/a0013370,JEPLMC,0.0
Row.37,control_10.1037/a0013413,JEPLMC,0.23751231730507524
Row.37,control_10.1037/a0013509,JEPLMC,1.3244702218497844e-16
Row.37,control_10.1037/a0013646,JEPLMC,0.0
Row.37,control_10.1037/a0013650,JEPLMC,5.906152109149056e-17
Row.39,control_10.1037/0278-7393.34.1.1,JEPLMC,0.0022761223173899045
Row.39,control_10.1037/0278-7393.34.1.112,JEPLMC,0.0022052277188126888
Row.39,control_10.1037/0278-7393.34.1.12,JEPLMC,0.019635153505409144
Row.39,control_10.1037/0278-7393.34.1.32,JEPLMC,0.006401693642652822
Row.39,control_10.1037/0278-7393.34.2.257,JEPLMC,0.007368353028354671
Row.39,control_10.1037/0278-7393.34.2.282,JEPLMC,0.002403129677878248
Row.39,control_10.1037/0278-7393.34.2.313,JEPLMC,0.0022123693876390962
Row.39,control_10.1037/0278-7393.34.2.328,JEPLMC,0.00865313493142726
Row.39,control_10.1037/0278-7393.34.2.381,JEPLMC,0.0240526007424709
Row.39,control_10.1037/0278-7393.34.2.415,JEPLMC,0.011980832319081527
Row.39,control_10.1037/0278-7393.34.2.422,JEPLMC,0.03164189507354417
Row.39,control_10.1037/0278-7393.34.3.533,JEPLMC,0.002272278890539648
Row.39,control_10.1037/0278-7393.34.3.556,JEPLMC,0.06733618565569044
Row.39,control_10.1037/0278-7393.34.3.570,JEPLMC,0.002172105042019774
Row.39,control_10.1037/0278-7393.34.3.587,JEPLMC,0.002329529456759517
Row.39,control_10.1037/0278-7393.34.3.602,JEPLMC,0.018133758670601203
Row.39,control_10.1037/0278-7393.34.3.616,JEPLMC,0.003156379270316843
Row.39,control_10.1037/0278-7393.34.3.631,JEPLMC,0.006043839278442852
Row.39,control_10.1037/0278-7393.34.3.643,JEPLMC,0.0033807060777685076
Row.39,control_10.1037/0278-7393.34.3.662,JEPLMC,0.0021479957374813587
Row.39,control_10.1037/0278-7393.34.3.680,JEPLMC,0.048476908657209904
Row.39,control_10.1037/0278-7393.34.3.688,JEPLMC,0.013840623776585605
Row.39,control_10.1037/0278-7393.34.3.696,JEPLMC,0.0035182822852219456
Row.39,control_10.1037/0278-7393.34.3.703,JEPLMC,0.004052417192551829
Row.39,control_10.1037/0278-7393.34.3.712,JEPLMC,0.009577686363546568
Row.39,control_10.1037/0278-7393.34.4.1001,JEPLMC,0.007745746739367417
Row.39,control_10.1037/0278-7393.34.4.730,JEPLMC,0.0021903891446337625
Row.39,control_10.1037/0278-7393.34.4.741,JEPLMC,0.013121205669288033
Row.39,control_10.1037/0278-7393.34.4.752,JEPLMC,0.0027967164441310617
Row.39,control_10.1037/0278-7393.34.4.769,JEPLMC,0.002264632292646107
Row.39,control_10.1037/0278-7393.34.4.780,JEPLMC,0.006564897253769806
Row.39,control_10.1037/0278-7393.34.4.791,JEPLMC,0.00467905900601448
Row.39,control_10.1037/0278-7393.34.4.809,JEPLMC,0.003932012740217034
Row.39,control_10.1037/0278-7393.34.4.823,JEPLMC,0.0026725721669702005
Row.39,control_10.1037/0278-7393.34.4.834,JEPLMC,0.0021891204550973597
Row.39,control_10.1037/0278-7393.34.4.843,JEPLMC,0.0022820384866474807
Row.39,control_10.1037/0278-7393.34.4.859,JEPLMC,0.03127369121702311
Row.39,control_10.1037/0278-7393.34.4.874,JEPLMC,0.004600793424163235
Row.39,control_10.1037/0278-7393.34.4.886,JEPLMC,0.004092793154613266
Row.39,control_10.1037/0278-7393.34.4.900,JEPLMC,0.004685480674651532
Row.39,control_10.1037/0278-7393.34.4.918,JEPLMC,0.002325970127230921
Row.39,control_10.1037/0278-7393.34.4.929,JEPLMC,0.05348230024601516
Row.39,control_10.1037/0278-7393.34.4.945,JEPLMC,0.002377668961917295
Row.39,control_10.1037/0278-7393.34.4.960,JEPLMC,0.020485983067218987
Row.39,control_10.1037/0278-7393.34.4.982,JEPLMC,0.004095280728967141
Row.39,control_10.1037/0278-7393.34.4.988,JEPLMC,0.0033246597937145275
Row.39,control_10.1037/0278-7393.34.4.994,JEPLMC,0.0021714101824829206
Row.39,control_10.1037/0278-7393.34.5.1043,JEPLMC,0.006307321888977555
Row.39,control_10.1037/0278-7393.34.5.1055,JEPLMC,0.0028504964001123114
Row.39,control_10.1037/0278-7393.34.5.1123,JEPLMC,0.029413162408919103
Row.39,control_10.1037/a0012580,JEPLMC,0.0032837240333991546
Row.39,control_10.1037/a0012581,JEPLMC,0.005109865989723454
Row.39,control_10.1037/a0012638,JEPLMC,0.016607759873962583
Row.39,control_10.1037/a0012794,JEPLMC,0.01733683911397304
Row.39,control_10.1037/a0012795,JEPLMC,0.013403833294379145
Row.39,control_10.1037/a0012796,JEPLMC,0.004612879040817809
Row.39,control_10.1037/a0012797,JEPLMC,0.004805755422039684
Row.39,control_10.1037/a0012857,JEPLMC,0.00965906550764058
Row.39,control_10.1037/a0012937,JEPLMC,0.0039297297424716665
Row.39,control_10.1037/a0012938,JEPLMC,0.0022805020184866504
Row.39,control_10.1037/a0012942,JEPLMC,0.004479638672939852
Row.39,control_10.1037/a0012943,JEPLMC,0.0023968848412344885
Row.39,control_10.1037/a0013000,JEPLMC,0.0505206130662022
Row.39,control_10.1037/a0013011,JEPLMC,0.002237737462115585
Row.39,control_10.1037/a0013012,JEPLMC,0.005894583338478607
Row.39,control_10.1037/a0013013,JEPLMC,0.004665131958293415
Row.39,control_10.1037/a0013016,JEPLMC,0.03250102667137738
Row.39,control_10.1037/a0013017,JEPLMC,0.002314112305263522
Row.39,control_10.1037/a0013025,JEPLMC,0.005078019941141484
Row.39,control_10.1037/a0013033,JEPLMC,0.0023083703037148832
Row.39,control_10.1037/a0013034,JEPLMC,0.0021823821490013456
Row.39,control_10.1037/a0013078,JEPLMC,0.006363746036632032
Row.39,control_10.1037/a0013080,JEPLMC,0.0046328484940077125
Row.39,control_10.1037/a0013081,JEPLMC,0.004008094546018235
Row.39,control_10.1037/a0013082,JEPLMC,0.0023061732746381494
Row.39,control_10.1037/a0013084,JEPLMC,0.006011153181460044
Row.39,control_10.1037/a0013217,JEPLMC,0.004829342769224783
Row.39,control_10.1037/a0013258,JEPLMC,0.02464185189111587
Row.39,control_10.1037/a0013353,JEPLMC,0.004226276428265977
Row.39,control_10.1037/a0013355,JEPLMC,0.033641229858670664
Row.39,control_10.1037/a0013356,JEPLMC,0.011692102415246522
Row.39,control_10.1037/a0013357,JEPLMC,0.037428599260137654
Row.39,control_10.1037/a0013370,JEPLMC,0.005198471289582028
Row.39,control_10.1037/a0013413,JEPLMC,0.08424183745925913
Row.39,control_10.1037/a0013509,JEPLMC,0.0022244088157876178
Row.39,control_10.1037/a0013646,JEPLMC,0.0022881550154790356
Row.39,control_10.1037/a0013650,JEPLMC,0.04346264314363166
Row.43,control_10.1037/0022-3514.94.1.108,JPSP,0.027668385928288918
Row.43,control_10.1037/0022-3514.94.1.133,JPSP,0.003428056191207482
Row.43,control_10.1037/0022-3514.94.1.146,JPSP,0.00323172652685127
Row.43,control_10.1037/0022-3514.94.1.168,JPSP,0.0061209820588084135
Row.43,control_10.1037/0022-3514.94.1.32,JPSP,0.024836337040644946
Row.43,control_10.1037/0022-3514.94.1.75,JPSP,0.003632263210268428
Row.43,control_10.1037/0022-3514.94.2.278,JPSP,0.0022755864838223104
Row.43,control_10.1037/0022-3514.94.2.292,JPSP,0.0030750500718763223
Row.43,control_10.1037/0022-3514.94.2.307,JPSP,0.0027554962317944713
Row.43,control_10.1037/0022-3514.94.2.320,JPSP,0.005573117470572075
Row.43,control_10.1037/0022-3514.94.2.334,JPSP,0.004314103595042037
Row.43,control_10.1037/0022-3514.94.2.347,JPSP,0.00328550474140598
Row.43,control_10.1037/0022-3514.94.2.94.2.214,JPSP,0.004851669875901496
Row.43,control_10.1037/0022-3514.94.2.94.2.265,JPSP,0.003481082445162279
Row.43,control_10.1037/0022-3514.94.3.365,JPSP,0.0021288455839472507
Row.43,control_10.1037/0022-3514.94.3.412,JPSP,0.002895707272543802
Row.43,control_10.1037/0022-3514.94.3.460,JPSP,0.001878122419763718
Row.43,control_10.1037/0022-3514.94.3.479,JPSP,0.02704899317461251
Row.43,control_10.1037/0022-3514.94.3.531,JPSP,0.002185428351677138
Row.43,control_10.1037/0022-3514.94.4.547,JPSP,0.003092096115081443
Row.43,control_10.1037/0022-3514.94.4.631,JPSP,0.0018438529802392047
Row.43,control_10.1037/0022-3514.94.5.739,JPSP,0.02833716177230967
Row.43,control_10.1037/0022-3514.94.5.757,JPSP,0.0021911761330356185
Row.43,control_10.1037/0022-3514.94.5.792,JPSP,0.002036836306563613
Row.43,control_10.1037/0022-3514.94.5.808,JPSP,0.0054004680443398385
Row.43,control_10.1037/0022-3514.94.5.824,JPSP,0.004405388505438157
Row.43,control_10.1037/0022-3514.94.5.839,JPSP,0.0035455551117899594
Row.43,control_10.1037/0022-3514.94.5.860,JPSP,0.0022096205115557255
Row.43,control_10.1037/0022-3514.94.5.883,JPSP,0.0036447804114090408
Row.43,control_10.1037/0022-3514.94.5.899,JPSP,0.0036134393827821232
Row.43,control_10.1037/0022-3514.94.5.913,JPSP,0.002064385125522338
Row.43,control_10.1037/0022-3514.94.6.1007,JPSP,0.004308627306869123
Row.43,control_10.1037/0022-3514.94.6.1033,JPSP,0.007536128281713002
Row.43,control_10.1037/0022-3514.94.6.1048,JPSP,0.004682333178641319
Row.43,control_10.1037/0022-3514.94.6.1062,JPSP,0.0019094911298319678
Row.43,control_10.1037/0022-3514.94.6.1078,JPSP,0.004653994964213171
Row.43,control_10.1037/0022-3514.94.6.925,JPSP,0.008138388986329771
Row.43,control_10.1037/0022-3514.94.6.938,JPSP,0.02701527068845814
Row.43,control_10.1037/0022-3514.94.6.956,JPSP,0.0029776594336239385
Row.43,control_10.1037/0022-3514.94.6.971,JPSP,0.002364686923635488
Row.43,control_10.1037/0022-3514.94.6.988,JPSP,0.004428697180705438
Row.43,control_10.1037/0022-3514.95.1.1,JPSP,0.020495347367638174
Row.43,control_10.1037/0022-3514.95.1.111,JPSP,0.0025693371721606227
Row.43,control_10.1037/0022-3514.95.1.128,JPSP,0.005469740634434075
Row.43,control_10.1037/0022-3514.95.1.144,JPSP,0.017311682073666807
Row.43,control_10.1037/0022-3514.95.1.166,JPSP,0.002175440098172491
Row.43,control_10.1037/0022-3514.95.1.181,JPSP,0.004420905945669571
Row.43,control_10.1037/0022-3514.95.1.197,JPSP,0.004432806708988651
Row.43,control_10.1037/0022-3514.95.1.212,JPSP,0.0026413890609208396
Row.43,control_10.1037/0022-3514.95.1.222,JPSP,0.0026805520990988603
Row.43,control_10.1037/0022-3514.95.1.36,JPSP,0.00505175982931717
Row.43,control_10.1037/0022-3514.95.1.50,JPSP,0.0030360990184720126
Row.43,control_10.1037/0022-3514.95.1.66,JPSP,0.005149038270280838
Row.43,control_10.1037/0022-3514.95.1.94,JPSP,0.01931277528496976
Row.43,control_10.1037/0022-3514.95.2.253,JPSP,0.005751226974500495
Row.43,control_10.1037/0022-3514.95.2.308,JPSP,0.0029939143993834368
Row.43,control_10.1037/0022-3514.95.2.319,JPSP,0.002344587092204407
Row.43,control_10.1037/0022-3514.95.2.338,JPSP,0.0035056097100849433
Row.43,control_10.1037/0022-3514.95.2.352,JPSP,0.0018716997907880554
Row.43,control_10.1037/0022-3514.95.2.369,JPSP,0.00738114547998885
Row.43,control_10.1037/0022-3514.95.2.385,JPSP,0.0019898360019450175
Row.43,control_10.1037/0022-3514.95.2.404,JPSP,0.002605431660501716
Row.43,control_10.1037/0022-3514.95.2.442,JPSP,0.002431022071241322
Row.43,control_10.1037/0022-3514.95.2.456,JPSP,0.022914219997061627
Row.43,control_10.1037/0022-3514.95.3.555,JPSP,0.005139771583355932
Row.43,control_10.1037/0022-3514.95.3.576,JPSP,0.00809962080847086
Row.43,control_10.1037/0022-3514.95.3.593,JPSP,0.006097353789512737
Row.43,control_10.1037/0022-3514.95.3.608,JPSP,0.0045673260220414885
Row.43,control_10.1037/0022-3514.95.3.628,JPSP,0.004108169048597386
Row.43,control_10.1037/0022-3514.95.3.648,JPSP,0.0034957057203397006
Row.43,control_10.1037/0022-3514.95.3.662,JPSP,0.025512212034849806
Row.43,control_10.1037/0022-3514.95.3.679,JPSP,0.003805947490835847
Row.43,control_10.1037/0022-3514.95.3.709,JPSP,0.00712433007580153
Row.43,control_10.1037/0022-3514.95.3.739,JPSP,0.004897711463791234
Row.43,control_10.1037/0022-3514.95.5.1080,JPSP,0.003125826609816067
Row.43,control_10.1037/0022-3514.95.5.1095,JPSP,0.0031019564840854847
Row.43,control_10.1037/0022-3514.95.5.1113,JPSP,0.033710985416546414
Row.43,control_10.1037/0022-3514.95.5.1136,JPSP,0.005775069980221694
Row.43,control_10.1037/0022-3514.95.5.1150,JPSP,0.013176551505374688
Row.43,control_10.1037/0022-3514.95.5.1180,JPSP,0.00258968926613359
Row.43,control_10.1037/a0011381,JPSP,0.004236598571629884
Row.43,control_10.1037/a0011434,JPSP,0.0027150661635245497
Row.43,control_10.1037/a0011617,JPSP,0.0030421251966338226
Row.43,control_10.1037/a0011618,JPSP,0.0017434050849252736
Row.43,control_10.1037/a0011619,JPSP,0.02943442768315203
Row.43,control_10.1037/a0011990,JPSP,0.005173348178058514
Row.43,control_10.1037/a0011991,JPSP,0.01074666781885864
Row.43,control_10.1037/a0011993,JPSP,0.004200175820189603
Row.43,control_10.1037/a0012069,JPSP,0.022166371801732178
Row.43,control_10.1037/a0012165,JPSP,0.004502223541990216
Row.43,control_10.1037/a0012453,JPSP,0.03050816337521588
Row.43,control_10.1037/a0012454,JPSP,0.012877826175432462
Row.43,control_10.1037/a0012518,JPSP,0.0037037414009400207
Row.43,control_10.1037/a0012543,JPSP,0.022923925442926044
Row.43,control_10.1037/a0012559,JPSP,0.004613646514187971
Row.43,control_10.1037/a0012612,JPSP,0.0023963087422873026
Row.43,control_10.1037/a0012627,JPSP,0.00756746254821315
Row.43,control_10.1037/a0012628,JPSP,0.005761563463549808
Row.43,control_10.1037/a0012629,JPSP,0.0028716958178440465
Row.43,control_10.1037/a0012630,JPSP,0.040221056201696546
Row.43,control_10.1037/a0012631,JPSP,0.015589950690957383
Row.43,control_10.1037/a0012632,JPSP,0.0022834534608247485
Row.43,control_10.1037/a0012633,JPSP,0.003196804072322101
Row.43,control_10.1037/a0012634,JPSP,0.017183665178626392
Row.43,control_10.1037/a0012635,JPSP,0.010862319519702837
Row.43,control_10.1037/a0012636,JPSP,0.004487260762491564
Row.43,control_10.1037/a0012650,JPSP,0.005991912950704003
Row.43,control_10.1037/a0012666,JPSP,0.002942537325874179
Row.43,control_10.1037/a0012705,JPSP,0.0023986638605567037
Row.43,control_10.1037/a0012709,JPSP,0.021483309081345686
Row.43,control_10.1037/a0012710,JPSP,0.022083623617075103
Row.43,control_10.1037/a0012821,JPSP,0.0019948684790692933
Row.43,control_10.1037/a0012822,JPSP,0.004735207433582174
Row.43,control_10.1037/a0012939,JPSP,0.0020956944606794047
Row.43,control_10.1037/a0012978,JPSP,0.01836373446445657
Row.43,control_10.1037/a0013067,JPSP,0.006721664210397562
Row.43,control_10.1037/a0013192,JPSP,0.026631162459319468
Row.43,control_10.1037/a0013193,JPSP,0.01010147845877477
Row.43,control_10.1037/a0013194,JPSP,0.0018331637843413645
Row.43,control_10.1037/a0013195,JPSP,0.0023409944996505864
Row.43,control_10.1037/a0013261,JPSP,0.0029753196791506096
Row.43,control_10.1037/a0013262,JPSP,0.008039316285705233
Row.43,control_10.1037/a0013263,JPSP,0.0025996849638380624
Row.43,control_10.1037/a0013314,JPSP,0.0024302500555524473
Row.43,control_10.1037/a0013315,JPSP,0.002242842142640137
Row.43,control_10.1037/a0013316,JPSP,0.0022560609499159725
Row.43,control_10.1037/a0013334,JPSP,0.00427956709055315
Row.43,control_10.1037/a0013336,JPSP,0.016281364954269933
Row.43,control_10.1037/a0013345,JPSP,0.003539667056317102
Row.43,control_10.1037/a0013593,JPSP,0.0026983673187743274
Row.44,control_10.1037/0022-3514.94.1.108,JPSP,0.001175604270623715
Row.44,control_10.1037/0022-3514.94.1.133,JPSP,0.015426964698372394
Row.44,control_10.1037/0022-3514.94.1.146,JPSP,0.001229444533796767
Row.44,control_10.1037/0022-3514.94.1.168,JPSP,0.006128512831976309
Row.44,control_10.1037/0022-3514.94.1.32,JPSP,0.0013137988868545194
Row.44,control_10.1037/0022-3514.94.1.75,JPSP,0.005440201327258242
Row.44,control_10.1037/0022-3514.94.2.278,JPSP,0.0010332829689723372
Row.44,control_10.1037/0022-3514.94.2.292,JPSP,0.001322334300367298
Row.44,control_10.1037/0022-3514.94.2.307,JPSP,0.0012897436621924177
Row.44,control_10.1037/0022-3514.94.2.320,JPSP,0.0011952327652093027
Row.44,control_10.1037/0022-3514.94.2.334,JPSP,0.003567243853251029
Row.44,control_10.1037/0022-3514.94.2.347,JPSP,0.0015506212692269125
Row.44,control_10.1037/0022-3514.94.2.94.2.214,JPSP,0.00117283576086587
Row.44,control_10.1037/0022-3514.94.2.94.2.265,JPSP,0.001122851903562836
Row.44,control_10.1037/0022-3514.94.3.365,JPSP,0.002291862414607782
Row.44,control_10.1037/0022-3514.94.3.412,JPSP,0.0011988231242373042
Row.44,control_10.1037/0022-3514.94.3.460,JPSP,0.0012313443852913241
Row.44,control_10.1037/0022-3514.94.3.479,JPSP,0.005272242758075987
Row.44,control_10.1037/0022-3514.94.3.531,JPSP,0.0010802196647228366
Row.44,control_10.1037/0022-3514.94.4.547,JPSP,0.006031586520850146
Row.44,control_10.1037/0022-3514.94.4.631,JPSP,0.0007818698100904859
Row.44,control_10.1037/0022-3514.94.5.739,JPSP,0.006651182405317144
Row.44,control_10.1037/0022-3514.94.5.757,JPSP,0.0011116253589872462
Row.44,control_10.1037/0022-3514.94.5.792,JPSP,0.0011334863462425392
Row.44,control_10.1037/0022-3514.94.5.808,JPSP,0.04038880443939076
Row.44,control_10.1037/0022-3514.94.5.824,JPSP,0.0018045108443015595
Row.44,control_10.1037/0022-3514.94.5.839,JPSP,0.0012269833471772699
Row.44,control_10.1037/0022-3514.94.5.860,JPSP,0.0011209307990792433
Row.44,control_10.1037/0022-3514.94.5.883,JPSP,0.018131739979237022
Row.44,control_10.1037/0022-3514.94.5.899,JPSP,0.0012205831635668356
Row.44,control_10.1037/0022-3514.94.5.913,JPSP,0.0011091655649689686
Row.44,control_10.1037/0022-3514.94.6.1007,JPSP,0.017705147266871276
Row.44,control_10.1037/0022-3514.94.6.1033,JPSP,0.004642155669196405
Row.44,control_10.1037/0022-3514.94.6.1048,JPSP,0.0011539932226065253
Row.44,control_10.1037/0022-3514.94.6.1062,JPSP,0.0012420009272615055
Row.44,control_10.1037/0022-3514.94.6.1078,JPSP,0.03362531282209508
Row.44,control_10.1037/0022-3514.94.6.925,JPSP,0.0837415161351691
Row.44,control_10.1037/0022-3514.94.6.938,JPSP,0.01580231053268281
Row.44,control_10.1037/0022-3514.94.6.956,JPSP,0.008112951914038309
Row.44,control_10.1037/0022-3514.94.6.971,JPSP,0.001008055205683246
Row.44,control_10.1037/0022-3514.94.6.988,JPSP,0.0015020330255789258
Row.44,control_10.1037/0022-3514.95.1.1,JPSP,0.001149621580112862
Row.44,control_10.1037/0022-3514.95.1.111,JPSP,0.0015124699932280424
Row.44,control_10.1037/0022-3514.95.1.128,JPSP,0.0021994894235103026
Row.44,control_10.1037/0022-3514.95.1.144,JPSP,0.0028585218330421163
Row.44,control_10.1037/0022-3514.95.1.166,JPSP,0.0010173726752704811
Row.44,control_10.1037/0022-3514.95.1.181,JPSP,0.001311323450258768
Row.44,control_10.1037/0022-3514.95.1.197,JPSP,0.016297142684444592
Row.44,control_10.1037/0022-3514.95.1.212,JPSP,0.0029415446462362008
Row.44,control_10.1037/0022-3514.95.1.222,JPSP,0.0012487681371297985
Row.44,control_10.1037/0022-3514.95.1.36,JPSP,0.0013628525684579987
Row.44,control_10.1037/0022-3514.95.1.50,JPSP,0.0011226451055254656
Row.44,control_10.1037/0022-3514.95.1.66,JPSP,0.0038373987095473086
Row.44,control_10.1037/0022-3514.95.1.94,JPSP,0.009757357115687426
Row.44,control_10.1037/0022-3514.95.2.253,JPSP,0.0017577174515717865
Row.44,control_10.1037/0022-3514.95.2.308,JPSP,0.002065750840288512
Row.44,control_10.1037/0022-3514.95.2.319,JPSP,0.0033261716103441985
Row.44,control_10.1037/0022-3514.95.2.338,JPSP,0.0011902470746113255
Row.44,control_10.1037/0022-3514.95.2.352,JPSP,0.0010844542814726474
Row.44,control_10.1037/0022-3514.95.2.369,JPSP,0.0012128356900547017
Row.44,control_10.1037/0022-3514.95.2.385,JPSP,0.0014901842939839633
Row.44,control_10.1037/0022-3514.95.2.404,JPSP,0.0016228548760138344
Row.44,control_10.1037/0022-3514.95.2.442,JPSP,0.0012829573330861218
Row.44,control_10.1037/0022-3514.95.2.456,JPSP,0.0019651278554531334
Row.44,control_10.1037/0022-3514.95.3.555,JPSP,0.0025819910249708215
Row.44,control_10.1037/0022-3514.95.3.576,JPSP,0.001151083330378121
Row.44,control_10.1037/0022-3514.95.3.593,JPSP,0.002154490553855264
Row.44,control_10.1037/0022-3514.95.3.608,JPSP,0.0056574670400874735
Row.44,control_10.1037/0022-3514.95.3.628,JPSP,0.0026784360951984305
Row.44,control_10.1037/0022-3514.95.3.648,JPSP,0.004008995002364265
Row.44,control_10.1037/0022-3514.95.3.662,JPSP,0.01060813618659698
Row.44,control_10.1037/0022-3514.95.3.679,JPSP,0.001769467985161899
Row.44,control_10.1037/0022-3514.95.3.709,JPSP,0.1531519278382978
Row.44,control_10.1037/0022-3514.95.3.739,JPSP,0.0329709334092164
Row.44,control_10.1037/0022-3514.95.5.1080,JPSP,0.0021994228419718823
Row.44,control_10.1037/0022-3514.95.5.1095,JPSP,0.0013603701736640407
Row.44,control_10.1037/0022-3514.95.5.1113,JPSP,0.015606577846442803
Row.44,control_10.1037/0022-3514.95.5.1136,JPSP,0.0013475508988669187
Row.44,control_10.1037/0022-3514.95.5.1150,JPSP,0.017750783803029083
Row.44,control_10.1037/0022-3514.95.5.1180,JPSP,0.0011225211467606002
Row.44,control_10.1037/a0011381,JPSP,0.0021750647880037833
Row.44,control_10.1037/a0011434,JPSP,0.0029162405606645574
Row.44,control_10.1037/a0011617,JPSP,0.0023494187643351844
Row.44,control_10.1037/a0011618,JPSP,0.004234128108938069
Row.44,control_10.1037/a0011619,JPSP,0.0034132152426932876
Row.44,control_10.1037/a0011990,JPSP,0.026639705142665223
Row.44,control_10.1037/a0011991,JPSP,0.0011453494610380239
Row.44,control_10.1037/a0011993,JPSP,0.0022627024250651503
Row.44,control_10.1037/a0012069,JPSP,0.0022348170441334695
Row.44,control_10.1037/a0012165,JPSP,0.0017713938270843648
Row.44,control_10.1037/a0012453,JPSP,0.007260884582263997
Row.44,control_10.1037/a0012454,JPSP,0.020779861518985657
Row.44,control_10.1037/a0012518,JPSP,0.0011102035732671305
Row.44,control_10.1037/a0012543,JPSP,0.0015769640768996795
Row.44,control_10.1037/a0012559,JPSP,0.002405148687711275
Row.44,control_10.1037/a0012612,JPSP,0.0011641792513563416
Row.44,control_10.1037/a0012627,JPSP,0.0013187485726079999
Row.44,control_10.1037/a0012628,JPSP,0.0012328700203293088
Row.44,control_10.1037/a0012629,JPSP,0.0012131332158290113
Row.44,control_10.1037/a0012630,JPSP,0.034733899252178714
Row.44,control_10.1037/a0012631,JPSP,0.001179275089535238
Row.44,control_10.1037/a0012632,JPSP,0.0010294082356209538
Row.44,control_10.1037/a0012633,JPSP,0.002507436172504011
Row.44,control_10.1037/a0012634,JPSP,0.020047390457832395
Row.44,control_10.1037/a0012635,JPSP,0.004227229925413338
Row.44,control_10.1037/a0012636,JPSP,0.019725644348471193
Row.44,control_10.1037/a0012650,JPSP,0.02010619171814293
Row.44,control_10.1037/a0012666,JPSP,0.0030632525137185922
Row.44,control_10.1037/a0012705,JPSP,0.003486533183387999
Row.44,control_10.1037/a0012709,JPSP,0.005318454501612266
Row.44,control_10.1037/a0012710,JPSP,0.001212816178156562
Row.44,control_10.1037/a0012821,JPSP,0.0010569518874428074
Row.44,control_10.1037/a0012822,JPSP,0.0018076520541617338
Row.44,control_10.1037/a0012939,JPSP,0.001016723173647603
Row.44,control_10.1037/a0012978,JPSP,0.014026338844901867
Row.44,control_10.1037/a0013067,JPSP,0.001230245419817106
Row.44,control_10.1037/a0013192,JPSP,0.006573922013486139
Row.44,control_10.1037/a0013193,JPSP,0.06267861333903849
Row.44,control_10.1037/a0013194,JPSP,0.0010614981521520448
Row.44,control_10.1037/a0013195,JPSP,0.0010743215331159876
Row.44,control_10.1037/a0013261,JPSP,0.0018808642301323896
Row.44,control_10.1037/a0013262,JPSP,0.034941469923082176
Row.44,control_10.1037/a0013263,JPSP,0.0018117299463657434
Row.44,control_10.1037/a0013314,JPSP,0.025835745119613965
Row.44,control_10.1037/a0013315,JPSP,0.0010221258206186766
Row.44,control_10.1037/a0013316,JPSP,0.0010888378524210468
Row.44,control_10.1037/a0013334,JPSP,0.010270049391297376
Row.44,control_10.1037/a0013336,JPSP,0.0019783899870264745
Row.44,control_10.1037/a0013345,JPSP,0.0016273856596758808
Row.44,control_10.1037/a0013593,JPSP,0.0021495001255048907
Row.46,control_10.1037/0022-3514.94.1.108,JPSP,0.006307163085520601
Row.46,control_10.1037/0022-3514.94.1.133,JPSP,0.027793840867386958
Row.46,control_10.1037/0022-3514.94.1.146,JPSP,0.0024050857068251903
Row.46,control_10.1037/0022-3514.94.1.168,JPSP,0.0072528937305966325
Row.46,control_10.1037/0022-3514.94.1.32,JPSP,0.0075972503649156566
Row.46,control_10.1037/0022-3514.94.1.75,JPSP,0.007260276031590282
Row.46,control_10.1037/0022-3514.94.2.278,JPSP,0.0017312267931970226
Row.46,control_10.1037/0022-3514.94.2.292,JPSP,0.006788495251288162
Row.46,control_10.1037/0022-3514.94.2.307,JPSP,0.005347025369522134
Row.46,control_10.1037/0022-3514.94.2.320,JPSP,0.007189956690810046
Row.46,control_10.1037/0022-3514.94.2.334,JPSP,0.0036735887260011435
Row.46,control_10.1037/0022-3514.94.2.347,JPSP,0.0026072011680180903
Row.46,control_10.1037/0022-3514.94.2.94.2.214,JPSP,0.00715735182133989
Row.46,control_10.1037/0022-3514.94.2.94.2.265,JPSP,0.002603358424791846
Row.46,control_10.1037/0022-3514.94.3.365,JPSP,0.012468289468485421
Row.46,control_10.1037/0022-3514.94.3.412,JPSP,0.00461847817117482
Row.46,control_10.1037/0022-3514.94.3.460,JPSP,0.002662792736194778
Row.46,control_10.1037/0022-3514.94.3.479,JPSP,0.007940914291292548
Row.46,control_10.1037/0022-3514.94.3.531,JPSP,0.0014029157225369968
Row.46,control_10.1037/0022-3514.94.4.547,JPSP,0.01662822418463861
Row.46,control_10.1037/0022-3514.94.4.631,JPSP,0.049403324566741895
Row.46,control_10.1037/0022-3514.94.5.739,JPSP,0.012446513060674581
Row.46,control_10.1037/0022-3514.94.5.757,JPSP,0.0031595375866341263
Row.46,control_10.1037/0022-3514.94.5.792,JPSP,0.002402239228921418
Row.46,control_10.1037/0022-3514.94.5.808,JPSP,0.006894819500381917
Row.46,control_10.1037/0022-3514.94.5.824,JPSP,0.004815331753270118
Row.46,control_10.1037/0022-3514.94.5.839,JPSP,0.005043024656612473
Row.46,control_10.1037/0022-3514.94.5.860,JPSP,0.0019415878152662749
Row.46,control_10.1037/0022-3514.94.5.883,JPSP,0.02459859159842808
Row.46,control_10.1037/0022-3514.94.5.899,JPSP,0.005034421791173522
Row.46,control_10.1037/0022-3514.94.5.913,JPSP,0.0026715563833667054
Row.46,control_10.1037/0022-3514.94.6.1007,JPSP,0.009733310147957717
Row.46,control_10.1037/0022-3514.94.6.1033,JPSP,0.006495729870627102
Row.46,control_10.1037/0022-3514.94.6.1048,JPSP,0.004453392703036204
Row.46,control_10.1037/0022-3514.94.6.1062,JPSP,0.00961022621558965
Row.46,control_10.1037/0022-3514.94.6.1078,JPSP,0.02195401631580123
Row.46,control_10.1037/0022-3514.94.6.925,JPSP,0.004073188134574371
Row.46,control_10.1037/0022-3514.94.6.938,JPSP,0.009417079681917115
Row.46,control_10.1037/0022-3514.94.6.956,JPSP,0.016177062559836225
Row.46,control_10.1037/0022-3514.94.6.971,JPSP,0.002752025469658443
Row.46,control_10.1037/0022-3514.94.6.988,JPSP,0.002337682334861489
Row.46,control_10.1037/0022-3514.95.1.1,JPSP,0.006102019188181971
Row.46,control_10.1037/0022-3514.95.1.111,JPSP,0.0031574189000371845
Row.46,control_10.1037/0022-3514.95.1.128,JPSP,0.004967140564131909
Row.46,control_10.1037/0022-3514.95.1.144,JPSP,0.008494590766057358
Row.46,control_10.1037/0022-3514.95.1.166,JPSP,0.0027611629475148454
Row.46,control_10.1037/0022-3514.95.1.181,JPSP,0.006784570798480516
Row.46,control_10.1037/0022-3514.95.1.197,JPSP,0.004681411314419264
Row.46,control_10.1037/0022-3514.95.1.212,JPSP,0.005176294292981357
Row.46,control_10.1037/0022-3514.95.1.222,JPSP,0.004728943087902466
Row.46,control_10.1037/0022-3514.95.1.36,JPSP,0.009613375161384718
Row.46,control_10.1037/0022-3514.95.1.50,JPSP,0.002059732116506181
Row.46,control_10.1037/0022-3514.95.1.66,JPSP,0.0032163486939962432
Row.46,control_10.1037/0022-3514.95.1.94,JPSP,0.006455738978025199
Row.46,control_10.1037/0022-3514.95.2.253,JPSP,0.0038723636148985784
Row.46,control_10.1037/0022-3514.95.2.308,JPSP,0.004032813489140999
Row.46,control_10.1037/0022-3514.95.2.319,JPSP,0.005862144552657113
Row.46,control_10.1037/0022-3514.95.2.338,JPSP,0.004129990948931566
Row.46,control_10.1037/0022-3514.95.2.352,JPSP,0.01618578849472531
Row.46,control_10.1037/0022-3514.95.2.369,JPSP,0.0025993720190139132
Row.46,control_10.1037/0022-3514.95.2.385,JPSP,0.003696924298790406
Row.46,control_10.1037/0022-3514.95.2.404,JPSP,0.002206623381533383
Row.46,control_10.1037/0022-3514.95.2.442,JPSP,0.0052278008228740305
Row.46,control_10.1037/0022-3514.95.2.456,JPSP,0.0077815307417369835
Row.46,control_10.1037/0022-3514.95.3.555,JPSP,0.0019608870164424326
Row.46,control_10.1037/0022-3514.95.3.576,JPSP,0.003872535983089123
Row.46,control_10.1037/0022-3514.95.3.593,JPSP,0.006521171209267564
Row.46,control_10.1037/0022-3514.95.3.608,JPSP,0.0026094558877283484
Row.46,control_10.1037/0022-3514.95.3.628,JPSP,0.003260620904536641
Row.46,control_10.1037/0022-3514.95.3.648,JPSP,0.00588133850869219
Row.46,control_10.1037/0022-3514.95.3.662,JPSP,0.0080420141437255
Row.46,control_10.1037/0022-3514.95.3.679,JPSP,0.004120758729999345
Row.46,control_10.1037/0022-3514.95.3.709,JPSP,0.04120269733819105
Row.46,control_10.1037/0022-3514.95.3.739,JPSP,0.006424608407588046
Row.46,control_10.1037/0022-3514.95.5.1080,JPSP,0.00649026988036989
Row.46,control_10.1037/0022-3514.95.5.1095,JPSP,0.008417470354470062
Row.46,control_10.1037/0022-3514.95.5.1113,JPSP,0.0107068792963756
Row.46,control_10.1037/0022-3514.95.5.1136,JPSP,0.005308834387910171
Row.46,control_10.1037/0022-3514.95.5.1150,JPSP,0.00523419029936582
Row.46,control_10.1037/0022-3514.95.5.1180,JPSP,0.003962066854759637
Row.46,control_10.1037/a0011381,JPSP,0.003542835898919316
Row.46,control_10.1037/a0011434,JPSP,0.007714905450570119
Row.46,control_10.1037/a0011617,JPSP,0.007547349469694555
Row.46,control_10.1037/a0011618,JPSP,0.020898519962443345
Row.46,control_10.1037/a0011619,JPSP,0.00970106923396692
Row.46,control_10.1037/a0011990,JPSP,0.0026818612596333303
Row.46,control_10.1037/a0011991,JPSP,0.007407939335329033
Row.46,control_10.1037/a0011993,JPSP,0.00403820755910396
Row.46,control_10.1037/a0012069,JPSP,0.004491953255308435
Row.46,control_10.1037/a0012165,JPSP,0.004239549303861099
Row.46,control_10.1037/a0012453,JPSP,0.012988221834048035
Row.46,control_10.1037/a0012454,JPSP,0.005682960712968025
Row.46,control_10.1037/a0012518,JPSP,0.0032511046436643084
Row.46,control_10.1037/a0012543,JPSP,0.00589197794158853
Row.46,control_10.1037/a0012559,JPSP,0.002569356898723612
Row.46,control_10.1037/a0012612,JPSP,0.0049183517802028065
Row.46,control_10.1037/a0012627,JPSP,0.003410504152578354
Row.46,control_10.1037/a0012628,JPSP,0.007559146797946039
Row.46,control_10.1037/a0012629,JPSP,0.0015917891984803996
Row.46,control_10.1037/a0012630,JPSP,0.01141139012413763
Row.46,control_10.1037/a0012631,JPSP,0.005486197384779225
Row.46,control_10.1037/a0012632,JPSP,0.009702760421369897
Row.46,control_10.1037/a0012633,JPSP,0.005308430447474117
Row.46,control_10.1037/a0012634,JPSP,0.014512091643431873
Row.46,control_10.1037/a0012635,JPSP,0.007838239000740852
Row.46,control_10.1037/a0012636,JPSP,0.006032261389460911
Row.46,control_10.1037/a0012650,JPSP,0.0021902067144070995
Row.46,control_10.1037/a0012666,JPSP,0.004200628739335958
Row.46,control_10.1037/a0012705,JPSP,0.0058434459451633105
Row.46,control_10.1037/a0012709,JPSP,0.006401028826868389
Row.46,control_10.1037/a0012710,JPSP,0.006528061917263828
Row.46,control_10.1037/a0012821,JPSP,0.0017933468871906954
Row.46,control_10.1037/a0012822,JPSP,0.0043044720741504255
Row.46,control_10.1037/a0012939,JPSP,0.0017925666682941613
Row.46,control_10.1037/a0012978,JPSP,0.010816330651762006
Row.46,control_10.1037/a0013067,JPSP,0.006268602533248311
Row.46,control_10.1037/a0013192,JPSP,0.007340819417046105
Row.46,control_10.1037/a0013193,JPSP,0.003149640227660385
Row.46,control_10.1037/a0013194,JPSP,0.018016768366938846
Row.46,control_10.1037/a0013195,JPSP,0.0021299703324708513
Row.46,control_10.1037/a0013261,JPSP,0.002562775629568702
Row.46,control_10.1037/a0013262,JPSP,0.05475757940213312
Row.46,control_10.1037/a0013263,JPSP,0.003746336406386928
Row.46,control_10.1037/a0013314,JPSP,0.06324335036103805
Row.46,control_10.1037/a0013315,JPSP,0.0020082321228645497
Row.46,control_10.1037/a0013316,JPSP,0.002825562864491795
Row.46,control_10.1037/a0013334,JPSP,0.003827625245079461
Row.46,control_10.1037/a0013336,JPSP,0.006074460584001693
Row.46,control_10.1037/a0013345,JPSP,0.0020504014638677206
Row.46,control_10.1037/a0013593,JPSP,0.0030479231604523555
Row.48,control_10.1037/0022-3514.94.1.108,JPSP,0.07323858262808149
Row.48,control_10.1037/0022-3514.94.1.133,JPSP,0.009927909437142748
Row.48,control_10.1037/0022-3514.94.1.146,JPSP,0.0008810169228525597
Row.48,control_10.1037/0022-3514.94.1.168,JPSP,0.00039687397219356085
Row.48,control_10.1037/0022-3514.94.1.32,JPSP,0.006524386498995983
Row.48,control_10.1037/0022-3514.94.1.75,JPSP,0.00015983491946863394
Row.48,control_10.1037/0022-3514.94.2.278,JPSP,0.00018858856875874326
Row.48,control_10.1037/0022-3514.94.2.292,JPSP,0.001100906414959993
Row.48,control_10.1037/0022-3514.94.2.307,JPSP,0.003042921761347135
Row.48,control_10.1037/0022-3514.94.2.320,JPSP,0.0002620301730999066
Row.48,control_10.1037/0022-3514.94.2.334,JPSP,0.011894219275302613
Row.48,control_10.1037/0022-3514.94.2.347,JPSP,0.02296983587715935
Row.48,control_10.1037/0022-3514.94.2.94.2.214,JPSP,0.000495522967689905
Row.48,control_10.1037/0022-3514.94.2.94.2.265,JPSP,0.004740572569014583
Row.48,control_10.1037/0022-3514.94.3.365,JPSP,0.0004883942217577152
Row.48,control_10.1037/0022-3514.94.3.412,JPSP,0.00022500969583418059
Row.48,control_10.1037/0022-3514.94.3.460,JPSP,0.0007476374962839545
Row.48,control_10.1037/0022-3514.94.3.479,JPSP,0.00969875266808417
Row.48,control_10.1037/0022-3514.94.3.531,JPSP,0.0014623524314544766
Row.48,control_10.1037/0022-3514.94.4.547,JPSP,0.02868001245038668
Row.48,control_10.1037/0022-3514.94.4.631,JPSP,0.020806694343095355
Row.48,control_10.1037/0022-3514.94.5.739,JPSP,0.0044484249097897334
Row.48,control_10.1037/0022-3514.94.5.757,JPSP,0.0020716584908976633
Row.48,control_10.1037/0022-3514.94.5.792,JPSP,0.005140353607480545
Row.48,control_10.1037/0022-3514.94.5.808,JPSP,0.008183564443326899
Row.48,control_10.1037/0022-3514.94.5.824,JPSP,0.0004745732761644011
Row.48,control_10.1037/0022-3514.94.5.839,JPSP,0.010777052408964032
Row.48,control_10.1037/0022-3514.94.5.860,JPSP,0.02618336040231714
Row.48,control_10.1037/0022-3514.94.5.883,JPSP,0.002448331599892812
Row.48,control_10.1037/0022-3514.94.5.899,JPSP,0.0003971579193980013
Row.48,control_10.1037/0022-3514.94.5.913,JPSP,0.0018498875521821005
Row.48,control_10.1037/0022-3514.94.6.1007,JPSP,0.0006991978120284639
Row.48,control_10.1037/0022-3514.94.6.1033,JPSP,0.008232800249757456
Row.48,control_10.1037/0022-3514.94.6.1048,JPSP,0.0011896506847110006
Row.48,control_10.1037/0022-3514.94.6.1062,JPSP,0.010483199562505412
Row.48,control_10.1037/0022-3514.94.6.1078,JPSP,0.0014537962260463752
Row.48,control_10.1037/0022-3514.94.6.925,JPSP,0.002352819847015566
Row.48,control_10.1037/0022-3514.94.6.938,JPSP,0.0038707116905701954
Row.48,control_10.1037/0022-3514.94.6.956,JPSP,0.004617268375178818
Row.48,control_10.1037/0022-3514.94.6.971,JPSP,0.0004306228566664987
Row.48,control_10.1037/0022-3514.94.6.988,JPSP,0.0011824225121094439
Row.48,control_10.1037/0022-3514.95.1.1,JPSP,0.027199478812724262
Row.48,control_10.1037/0022-3514.95.1.111,JPSP,0.0005935606330592381
Row.48,control_10.1037/0022-3514.95.1.128,JPSP,0.00537089291590336
Row.48,control_10.1037/0022-3514.95.1.144,JPSP,0.000769726683837341
Row.48,control_10.1037/0022-3514.95.1.166,JPSP,0.0013730241472742742
Row.48,control_10.1037/0022-3514.95.1.181,JPSP,0.00029391589332339237
Row.48,control_10.1037/0022-3514.95.1.197,JPSP,0.001449932954832332
Row.48,control_10.1037/0022-3514.95.1.212,JPSP,0.0010031334776795138
Row.48,control_10.1037/0022-3514.95.1.222,JPSP,0.00012974146763182034
Row.48,control_10.1037/0022-3514.95.1.36,JPSP,0.0010280819693312228
Row.48,control_10.1037/0022-3514.95.1.50,JPSP,0.013928828142244921
Row.48,control_10.1037/0022-3514.95.1.66,JPSP,0.0014812231046695105
Row.48,control_10.1037/0022-3514.95.1.94,JPSP,0.0020394997190818697
Row.48,control_10.1037/0022-3514.95.2.253,JPSP,0.008477061681379978
Row.48,control_10.1037/0022-3514.95.2.308,JPSP,0.0006706689915044272
Row.48,control_10.1037/0022-3514.95.2.319,JPSP,0.027477619316327737
Row.48,control_10.1037/0022-3514.95.2.338,JPSP,0.0133509809063451
Row.48,control_10.1037/0022-3514.95.2.352,JPSP,0.03012781466359955
Row.48,control_10.1037/0022-3514.95.2.369,JPSP,0.049505361200084225
Row.48,control_10.1037/0022-3514.95.2.385,JPSP,0.0005683421465374666
Row.48,control_10.1037/0022-3514.95.2.404,JPSP,0.00027329312311369
Row.48,control_10.1037/0022-3514.95.2.442,JPSP,0.0013009518613241405
Row.48,control_10.1037/0022-3514.95.2.456,JPSP,0.017043365770364076
Row.48,control_10.1037/0022-3514.95.3.555,JPSP,0.006755442658879536
Row.48,control_10.1037/0022-3514.95.3.576,JPSP,0.052043201743179585
Row.48,control_10.1037/0022-3514.95.3.593,JPSP,0.005330888169127375
Row.48,control_10.1037/0022-3514.95.3.608,JPSP,0.001225436174859836
Row.48,control_10.1037/0022-3514.95.3.628,JPSP,0.008211039356314523
Row.48,control_10.1037/0022-3514.95.3.648,JPSP,0.00036317758210685985
Row.48,control_10.1037/0022-3514.95.3.662,JPSP,0.006004493627087648
Row.48,control_10.1037/0022-3514.95.3.679,JPSP,0.015098360505509134
Row.48,control_10.1037/0022-3514.95.3.709,JPSP,0.0021993877467287996
Row.48,control_10.1037/0022-3514.95.3.739,JPSP,0.0009076241657363018
Row.48,control_10.1037/0022-3514.95.5.1080,JPSP,0.0016112015976870446
Row.48,control_10.1037/0022-3514.95.5.1095,JPSP,0.000710536252165962
Row.48,control_10.1037/0022-3514.95.5.1113,JPSP,0.01577903131575595
Row.48,control_10.1037/0022-3514.95.5.1136,JPSP,0.0001776642181970854
Row.48,control_10.1037/0022-3514.95.5.1150,JPSP,0.0005851675108209009
Row.48,control_10.1037/0022-3514.95.5.1180,JPSP,0.000113573066173549
Row.48,control_10.1037/a0011381,JPSP,0.0009068688326244107
Row.48,control_10.1037/a0011434,JPSP,0.0008903041341807251
Row.48,control_10.1037/a0011617,JPSP,0.0003854575090121051
Row.48,control_10.1037/a0011618,JPSP,0.0011076054858724562
Row.48,control_10.1037/a0011619,JPSP,0.000554702616084802
Row.48,control_10.1037/a0011990,JPSP,0.001871066998025519
Row.48,control_10.1037/a0011991,JPSP,0.00026786786914444123
Row.48,control_10.1037/a0011993,JPSP,0.00198975593946084
Row.48,control_10.1037/a0012069,JPSP,0.04497106647898576
Row.48,control_10.1037/a0012165,JPSP,0.014256283949858714
Row.48,control_10.1037/a0012453,JPSP,0.000946605141103512
Row.48,control_10.1037/a0012454,JPSP,0.006442904047742001
Row.48,control_10.1037/a0012518,JPSP,0.000557107112598584
Row.48,control_10.1037/a0012543,JPSP,0.008451862634293606
Row.48,control_10.1037/a0012559,JPSP,0.0044515462664200785
Row.48,control_10.1037/a0012612,JPSP,0.0007819920167849042
Row.48,control_10.1037/a0012627,JPSP,0.052579048594412224
Row.48,control_10.1037/a0012628,JPSP,0.0002690801861996646
Row.48,control_10.1037/a0012629,JPSP,0.011101668275463862
Row.48,control_10.1037/a0012630,JPSP,0.0037108779923976398
Row.48,control_10.1037/a0012631,JPSP,0.026546930020054288
Row.48,control_10.1037/a0012632,JPSP,0.0018171625889024448
Row.48,control_10.1037/a0012633,JPSP,0.0015313617099144542
Row.48,control_10.1037/a0012634,JPSP,0.0002723933914373397
Row.48,control_10.1037/a0012635,JPSP,0.00018210679762208402
Row.48,control_10.1037/a0012636,JPSP,0.0007143972717969989
Row.48,control_10.1037/a0012650,JPSP,0.0016231005510261394
Row.48,control_10.1037/a0012666,JPSP,0.014497415690987074
Row.48,control_10.1037/a0012705,JPSP,0.0003562165502666603
Row.48,control_10.1037/a0012709,JPSP,0.009460758839884282
Row.48,control_10.1037/a0012710,JPSP,0.03727102435394067
Row.48,control_10.1037/a0012821,JPSP,0.010436107476434274
Row.48,control_10.1037/a0012822,JPSP,0.010884425436690487
Row.48,control_10.1037/a0012939,JPSP,9.704948836925759e-05
Row.48,control_10.1037/a0012978,JPSP,0.002347211366500476
Row.48,control_10.1037/a0013067,JPSP,0.0019255546220212833
Row.48,control_10.1037/a0013192,JPSP,0.002480616165267496
Row.48,control_10.1037/a0013193,JPSP,0.013125308068372771
Row.48,control_10.1037/a0013194,JPSP,0.0018788035567507968
Row.48,control_10.1037/a0013195,JPSP,0.000770287053265732
Row.48,control_10.1037/a0013261,JPSP,0.012510293847337187
Row.48,control_10.1037/a0013262,JPSP,0.0007953909518938667
Row.48,control_10.1037/a0013263,JPSP,0.001794789432161525
Row.48,control_10.1037/a0013314,JPSP,0.017257831981600722
Row.48,control_10.1037/a0013315,JPSP,0.0007135386737023205
Row.48,control_10.1037/a0013316,JPSP,0.0004508596097169857
Row.48,control_10.1037/a0013334,JPSP,0.006503234298410499
Row.48,control_10.1037/a0013336,JPSP,0.016143241469811817
Row.48,control_10.1037/a0013345,JPSP,5.774909510958245e-21
Row.48,control_10.1037/a0013593,JPSP,0.0321272816627244
Row.49,control_10.1037/0022-3514.94.1.108,JPSP,5.031868695437696e-16
Row.49,control_10.1037/0022-3514.94.1.133,JPSP,0.0
Row.49,control_10.1037/0022-3514.94.1.146,JPSP,5.763274090507933e-17
Row.49,control_10.1037/0022-3514.94.1.168,JPSP,0.0
Row.49,control_10.1037/0022-3514.94.1.32,JPSP,1.6708122547706274e-17
Row.49,control_10.1037/0022-3514.94.1.75,JPSP,0.0
Row.49,control_10.1037/0022-3514.94.2.278,JPSP,0.0
Row.49,control_10.1037/0022-3514.94.2.292,JPSP,0.0
Row.49,control_10.1037/0022-3514.94.2.307,JPSP,8.873191627139974e-17
Row.49,control_10.1037/0022-3514.94.2.320,JPSP,0.0
Row.49,control_10.1037/0022-3514.94.2.334,JPSP,0.0
Row.49,control_10.1037/0022-3514.94.2.347,JPSP,0.0
Row.49,control_10.1037/0022-3514.94.2.94.2.214,JPSP,2.5512683286629154e-17
Row.49,control_10.1037/0022-3514.94.2.94.2.265,JPSP,5.355351310503884e-17
Row.49,control_10.1037/0022-3514.94.3.365,JPSP,0.0
Row.49,control_10.1037/0022-3514.94.3.412,JPSP,5.3310372496858736e-17
Row.49,control_10.1037/0022-3514.94.3.460,JPSP,1.199760625501384e-18
Row.49,control_10.1037/0022-3514.94.3.479,JPSP,0.0
Row.49,control_10.1037/0022-3514.94.3.531,JPSP,0.0
Row.49,control_10.1037/0022-3514.94.4.547,JPSP,1.2418312136298072e-16
Row.49,control_10.1037/0022-3514.94.4.631,JPSP,2.7279006181248606e-16
Row.49,control_10.1037/0022-3514.94.5.739,JPSP,1.0858025809911754e-16
Row.49,control_10.1037/0022-3514.94.5.757,JPSP,0.0
Row.49,control_10.1037/0022-3514.94.5.792,JPSP,0.0
Row.49,control_10.1037/0022-3514.94.5.808,JPSP,2.220693014294279e-17
Row.49,control_10.1037/0022-3514.94.5.824,JPSP,0.0
Row.49,control_10.1037/0022-3514.94.5.839,JPSP,0.0
Row.49,control_10.1037/0022-3514.94.5.860,JPSP,0.0
Row.49,control_10.1037/0022-3514.94.5.883,JPSP,0.0
Row.49,control_10.1037/0022-3514.94.5.899,JPSP,0.0
Row.49,control_10.1037/0022-3514.94.5.913,JPSP,0.0
Row.49,control_10.1037/0022-3514.94.6.1007,JPSP,1.6671843654223124e-16
Row.49,control_10.1037/0022-3514.94.6.1033,JPSP,1.102000447202607e-16
Row.49,control_10.1037/0022-3514.94.6.1048,JPSP,2.752476223791348e-17
Row.49,control_10.1037/0022-3514.94.6.1062,JPSP,0.0
Row.49,control_10.1037/0022-3514.94.6.1078,JPSP,0.0
Row.49,control_10.1037/0022-3514.94.6.925,JPSP,0.0
Row.49,control_10.1037/0022-3514.94.6.938,JPSP,4.7332921064202674e-17
Row.49,control_10.1037/0022-3514.94.6.956,JPSP,0.0
Row.49,control_10.1037/0022-3514.94.6.971,JPSP,2.545646530205067e-16
Row.49,control_10.1037/0022-3514.94.6.988,JPSP,1.9014442563151022e-17
Row.49,control_10.1037/0022-3514.95.1.1,JPSP,0.0
Row.49,control_10.1037/0022-3514.95.1.111,JPSP,5.3135779760776113e-17
Row.49,control_10.1037/0022-3514.95.1.128,JPSP,4.396004483614333e-18
Row.49,control_10.1037/0022-3514.95.1.144,JPSP,2.8665232399983846e-17
Row.49,control_10.1037/0022-3514.95.1.166,JPSP,0.0
Row.49,control_10.1037/0022-3514.95.1.181,JPSP,2.1662024169441047e-17
Row.49,control_10.1037/0022-3514.95.1.197,JPSP,0.0
Row.49,control_10.1037/0022-3514.95.1.212,JPSP,0.0
Row.49,control_10.1037/0022-3514.95.1.222,JPSP,4.415492257756469e-17
Row.49,control_10.1037/0022-3514.95.1.36,JPSP,2.82709057553415e-17
Row.49,control_10.1037/0022-3514.95.1.50,JPSP,4.207026248487759e-17
Row.49,control_10.1037/0022-3514.95.1.66,JPSP,0.0
Row.49,control_10.1037/0022-3514.95.1.94,JPSP,0.0
Row.49,control_10.1037/0022-3514.95.2.253,JPSP,2.5560849693085207e-17
Row.49,control_10.1037/0022-3514.95.2.308,JPSP,0.02738146680522996
Row.49,control_10.1037/0022-3514.95.2.319,JPSP,0.13850785054770376
Row.49,control_10.1037/0022-3514.95.2.338,JPSP,0.0
Row.49,control_10.1037/0022-3514.95.2.352,JPSP,0.0
Row.49,control_10.1037/0022-3514.95.2.369,JPSP,1.0720167900556753e-16
Row.49,control_10.1037/0022-3514.95.2.385,JPSP,3.003872048905872e-17
Row.49,control_10.1037/0022-3514.95.2.404,JPSP,3.385588441931962e-17
Row.49,control_10.1037/0022-3514.95.2.442,JPSP,0.0
Row.49,control_10.1037/0022-3514.95.2.456,JPSP,1.417701725644004e-17
Row.49,control_10.1037/0022-3514.95.3.555,JPSP,1.8332317129889185e-17
Row.49,control_10.1037/0022-3514.95.3.576,JPSP,3.463236761683205e-18
Row.49,control_10.1037/0022-3514.95.3.593,JPSP,1.0680224795368453e-17
Row.49,control_10.1037/0022-3514.95.3.608,JPSP,2.1274499697257728e-17
Row.49,control_10.1037/0022-3514.95.3.628,JPSP,0.0
Row.49,control_10.1037/0022-3514.95.3.648,JPSP,0.0
Row.49,control_10.1037/0022-3514.95.3.662,JPSP,0.0
Row.49,control_10.1037/0022-3514.95.3.679,JPSP,4.455103126357345e-17
Row.49,control_10.1037/0022-3514.95.3.709,JPSP,2.4100708047391034e-17
Row.49,control_10.1037/0022-3514.95.3.739,JPSP,2.0947042074803525e-17
Row.49,control_10.1037/0022-3514.95.5.1080,JPSP,0.0
Row.49,control_10.1037/0022-3514.95.5.1095,JPSP,0.0
Row.49,control_10.1037/0022-3514.95.5.1113,JPSP,1.517604160334215e-17
Row.49,control_10.1037/0022-3514.95.5.1136,JPSP,2.1051169828364723e-17
Row.49,control_10.1037/0022-3514.95.5.1150,JPSP,2.298843519368328e-17
Row.49,control_10.1037/0022-3514.95.5.1180,JPSP,0.0
Row.49,control_10.1037/a0011381,JPSP,0.0
Row.49,control_10.1037/a0011434,JPSP,0.08822222730037334
Row.49,control_10.1037/a0011617,JPSP,0.0
Row.49,control_10.1037/a0011618,JPSP,0.0
Row.49,control_10.1037/a0011619,JPSP,0.0
Row.49,control_10.1037/a0011990,JPSP,0.0
Row.49,control_10.1037/a0011991,JPSP,0.0
Row.49,control_10.1037/a0011993,JPSP,0.0
Row.49,control_10.1037/a0012069,JPSP,0.0
Row.49,control_10.1037/a0012165,JPSP,0.0
Row.49,control_10.1037/a0012453,JPSP,0.0
Row.49,control_10.1037/a0012454,JPSP,4.278905248487442e-17
Row.49,control_10.1037/a0012518,JPSP,2.047334976448033e-18
Row.49,control_10.1037/a0012543,JPSP,2.6598495558337192e-17
Row.49,control_10.1037/a0012559,JPSP,0.0
Row.49,control_10.1037/a0012612,JPSP,6.307071712454569e-18
Row.49,control_10.1037/a0012627,JPSP,2.7942638307759163e-16
Row.49,control_10.1037/a0012628,JPSP,0.0
Row.49,control_10.1037/a0012629,JPSP,0.0
Row.49,control_10.1037/a0012630,JPSP,0.0
Row.49,control_10.1037/a0012631,JPSP,0.0
Row.49,control_10.1037/a0012632,JPSP,3.036918770591442e-17
Row.49,control_10.1037/a0012633,JPSP,0.0
Row.49,control_10.1037/a0012634,JPSP,2.9165178912560653e-17
Row.49,control_10.1037/a0012635,JPSP,2.9662507306573982e-18
Row.49,control_10.1037/a0012636,JPSP,0.0
Row.49,control_10.1037/a0012650,JPSP,3.3605899180782036e-17
Row.49,control_10.1037/a0012666,JPSP,7.802656137958438e-18
Row.49,control_10.1037/a0012705,JPSP,1.444307595062826e-17
Row.49,control_10.1037/a0012709,JPSP,2.898229655927456e-17
Row.49,control_10.1037/a0012710,JPSP,0.0
Row.49,control_10.1037/a0012821,JPSP,0.0
Row.49,control_10.1037/a0012822,JPSP,3.0926409786046276e-17
Row.49,control_10.1037/a0012939,JPSP,0.0
Row.49,control_10.1037/a0012978,JPSP,1.619734615230531e-17
Row.49,control_10.1037/a0013067,JPSP,0.0
Row.49,control_10.1037/a0013192,JPSP,0.0
Row.49,control_10.1037/a0013193,JPSP,4.814531441042202e-17
Row.49,control_10.1037/a0013194,JPSP,0.0
Row.49,control_10.1037/a0013195,JPSP,0.7458884553466893
Row.49,control_10.1037/a0013261,JPSP,0.0
Row.49,control_10.1037/a0013262,JPSP,3.0279961932383483e-17
Row.49,control_10.1037/a0013263,JPSP,0.0
Row.49,control_10.1037/a0013314,JPSP,0.0
Row.49,control_10.1037/a0013315,JPSP,1.1288368937967365e-16
Row.49,control_10.1037/a0013316,JPSP,0.0
Row.49,control_10.1037/a0013334,JPSP,1.389634321619194e-17
Row.49,control_10.1037/a0013336,JPSP,2.3096838903048292e-16
Row.49,control_10.1037/a0013345,JPSP,0.0
Row.49,control_10.1037/a0013593,JPSP,0.0
Row.52,control_10.1037/0022-3514.94.1.108,JPSP,1.3186492236633917e-16
Row.52,control_10.1037/0022-3514.94.1.133,JPSP,0.019278032051830884
Row.52,control_10.1037/0022-3514.94.1.146,JPSP,0.0
Row.52,control_10.1037/0022-3514.94.1.168,JPSP,0.0
Row.52,control_10.1037/0022-3514.94.1.32,JPSP,3.710898445596414e-17
Row.52,control_10.1037/0022-3514.94.1.75,JPSP,5.1185858650645803e-17
Row.52,control_10.1037/0022-3514.94.2.278,JPSP,0.0
Row.52,control_10.1037/0022-3514.94.2.292,JPSP,0.0
Row.52,control_10.1037/0022-3514.94.2.307,JPSP,0.0
Row.52,control_10.1037/0022-3514.94.2.320,JPSP,2.0462861389815135e-18
Row.52,control_10.1037/0022-3514.94.2.334,JPSP,0.0
Row.52,control_10.1037/0022-3514.94.2.347,JPSP,3.538548606150421e-17
Row.52,control_10.1037/0022-3514.94.2.94.2.214,JPSP,1.153065546483087e-17
Row.52,control_10.1037/0022-3514.94.2.94.2.265,JPSP,0.0
Row.52,control_10.1037/0022-3514.94.3.365,JPSP,0.0
Row.52,control_10.1037/0022-3514.94.3.412,JPSP,0.0
Row.52,control_10.1037/0022-3514.94.3.460,JPSP,0.0
Row.52,control_10.1037/0022-3514.94.3.479,JPSP,1.230532843639104e-16
Row.52,control_10.1037/0022-3514.94.3.531,JPSP,0.0
Row.52,control_10.1037/0022-3514.94.4.547,JPSP,2.397876424745013e-17
Row.52,control_10.1037/0022-3514.94.4.631,JPSP,0.0
Row.52,control_10.1037/0022-3514.94.5.739,JPSP,1.556419926723682e-17
Row.52,control_10.1037/0022-3514.94.5.757,JPSP,4.1945975192032996e-17
Row.52,control_10.1037/0022-3514.94.5.792,JPSP,2.6248389380309877e-17
Row.52,control_10.1037/0022-3514.94.5.808,JPSP,0.2371700420644204
Row.52,control_10.1037/0022-3514.94.5.824,JPSP,0.0
Row.52,control_10.1037/0022-3514.94.5.839,JPSP,1.7470019175994207e-17
Row.52,control_10.1037/0022-3514.94.5.860,JPSP,8.228335992165498e-18
Row.52,control_10.1037/0022-3514.94.5.883,JPSP,3.8799217865009055e-17
Row.52,control_10.1037/0022-3514.94.5.899,JPSP,3.1068476007321776e-18
Row.52,control_10.1037/0022-3514.94.5.913,JPSP,5.627895580176233e-18
Row.52,control_10.1037/0022-3514.94.6.1007,JPSP,2.762198502310146e-17
Row.52,control_10.1037/0022-3514.94.6.1033,JPSP,8.842847783141926e-17
Row.52,control_10.1037/0022-3514.94.6.1048,JPSP,0.0
Row.52,control_10.1037/0022-3514.94.6.1062,JPSP,9.356377982016482e-18
Row.52,control_10.1037/0022-3514.94.6.1078,JPSP,1.1194112918647263e-17
Row.52,control_10.1037/0022-3514.94.6.925,JPSP,1.8884952776603183e-19
Row.52,control_10.1037/0022-3514.94.6.938,JPSP,1.1968495981323223e-17
Row.52,control_10.1037/0022-3514.94.6.956,JPSP,1.306906406987925e-16
Row.52,control_10.1037/0022-3514.94.6.971,JPSP,0.0
Row.52,control_10.1037/0022-3514.94.6.988,JPSP,1.5452073678730904e-17
Row.52,control_10.1037/0022-3514.95.1.1,JPSP,1.790610118119372e-17
Row.52,control_10.1037/0022-3514.95.1.111,JPSP,4.089070221761354e-17
Row.52,control_10.1037/0022-3514.95.1.128,JPSP,6.117312582883844e-17
Row.52,control_10.1037/0022-3514.95.1.144,JPSP,0.0
Row.52,control_10.1037/0022-3514.95.1.166,JPSP,0.0
Row.52,control_10.1037/0022-3514.95.1.181,JPSP,0.0
Row.52,control_10.1037/0022-3514.95.1.197,JPSP,0.0
Row.52,control_10.1037/0022-3514.95.1.212,JPSP,1.9345051475444728e-17
Row.52,control_10.1037/0022-3514.95.1.222,JPSP,4.493343082726633e-19
Row.52,control_10.1037/0022-3514.95.1.36,JPSP,0.0
Row.52,control_10.1037/0022-3514.95.1.50,JPSP,0.33202150640124617
Row.52,control_10.1037/0022-3514.95.1.66,JPSP,9.240063683402884e-18
Row.52,control_10.1037/0022-3514.95.1.94,JPSP,0.0
Row.52,control_10.1037/0022-3514.95.2.253,JPSP,0.0
Row.52,control_10.1037/0022-3514.95.2.308,JPSP,0.0
Row.52,control_10.1037/0022-3514.95.2.319,JPSP,0.0
Row.52,control_10.1037/0022-3514.95.2.338,JPSP,0.0
Row.52,control_10.1037/0022-3514.95.2.352,JPSP,4.141901027054369e-17
Row.52,control_10.1037/0022-3514.95.2.369,JPSP,7.749728559977379e-16
Row.52,control_10.1037/0022-3514.95.2.385,JPSP,0.0
Row.52,control_10.1037/0022-3514.95.2.404,JPSP,0.0
Row.52,control_10.1037/0022-3514.95.2.442,JPSP,0.0
Row.52,control_10.1037/0022-3514.95.2.456,JPSP,0.0
Row.52,control_10.1037/0022-3514.95.3.555,JPSP,2.2652500343932627e-17
Row.52,control_10.1037/0022-3514.95.3.576,JPSP,6.330093608347785e-16
Row.52,control_10.1037/0022-3514.95.3.593,JPSP,4.345593918474687e-17
Row.52,control_10.1037/0022-3514.95.3.608,JPSP,0.0
Row.52,control_10.1037/0022-3514.95.3.628,JPSP,4.116767852157449e-16
Row.52,control_10.1037/0022-3514.95.3.648,JPSP,1.3886162392813555e-17
Row.52,control_10.1037/0022-3514.95.3.662,JPSP,2.2344595420450784e-17
Row.52,control_10.1037/0022-3514.95.3.679,JPSP,7.211350847034118e-18
Row.52,control_10.1037/0022-3514.95.3.709,JPSP,0.0
Row.52,control_10.1037/0022-3514.95.3.739,JPSP,4.8561331610514396e-18
Row.52,control_10.1037/0022-3514.95.5.1080,JPSP,0.0
Row.52,control_10.1037/0022-3514.95.5.1095,JPSP,0.0
Row.52,control_10.1037/0022-3514.95.5.1113,JPSP,0.0
Row.52,control_10.1037/0022-3514.95.5.1136,JPSP,9.712051697300447e-19
Row.52,control_10.1037/0022-3514.95.5.1150,JPSP,0.0
Row.52,control_10.1037/0022-3514.95.5.1180,JPSP,0.0
Row.52,control_10.1037/a0011381,JPSP,6.460182304774831e-18
Row.52,control_10.1037/a0011434,JPSP,4.097105001678188e-17
Row.52,control_10.1037/a0011617,JPSP,1.1719802588613298e-17
Row.52,control_10.1037/a0011618,JPSP,0.0
Row.52,control_10.1037/a0011619,JPSP,1.4527941079883304e-17
Row.52,control_10.1037/a0011990,JPSP,1.7895693846073882e-17
Row.52,control_10.1037/a0011991,JPSP,0.0
Row.52,control_10.1037/a0011993,JPSP,0.0
Row.52,control_10.1037/a0012069,JPSP,0.4115304194824985
Row.52,control_10.1037/a0012165,JPSP,0.0
Row.52,control_10.1037/a0012453,JPSP,0.0
Row.52,control_10.1037/a0012454,JPSP,0.0
Row.52,control_10.1037/a0012518,JPSP,0.0
Row.52,control_10.1037/a0012543,JPSP,1.6675447242864792e-17
Row.52,control_10.1037/a0012559,JPSP,1.1875500845123038e-17
Row.52,control_10.1037/a0012612,JPSP,0.0
Row.52,control_10.1037/a0012627,JPSP,0.0
Row.52,control_10.1037/a0012628,JPSP,5.4476886431995554e-17
Row.52,control_10.1037/a0012629,JPSP,0.0
Row.52,control_10.1037/a0012630,JPSP,0.0
Row.52,control_10.1037/a0012631,JPSP,0.0
Row.52,control_10.1037/a0012632,JPSP,0.0
Row.52,control_10.1037/a0012633,JPSP,0.0
Row.52,control_10.1037/a0012634,JPSP,6.7426316545194586e-18
Row.52,control_10.1037/a0012635,JPSP,4.7492293034615444e-17
Row.52,control_10.1037/a0012636,JPSP,0.0
Row.52,control_10.1037/a0012650,JPSP,0.0
Row.52,control_10.1037/a0012666,JPSP,0.0
Row.52,control_10.1037/a0012705,JPSP,0.0
Row.52,control_10.1037/a0012709,JPSP,0.0
Row.52,control_10.1037/a0012710,JPSP,0.0
Row.52,control_10.1037/a0012821,JPSP,4.8958437653974305e-18
Row.52,control_10.1037/a0012822,JPSP,0.0
Row.52,control_10.1037/a0012939,JPSP,1.9141723796180357e-17
Row.52,control_10.1037/a0012978,JPSP,4.9234105195487973e-17
Row.52,control_10.1037/a0013067,JPSP,0.0
Row.52,control_10.1037/a0013192,JPSP,0.0
Row.52,control_10.1037/a0013193,JPSP,2.2789839299795013e-18
Row.52,control_10.1037/a0013194,JPSP,2.2445676893230343e-18
Row.52,control_10.1037/a0013195,JPSP,0.0
Row.52,control_10.1037/a0013261,JPSP,0.0
Row.52,control_10.1037/a0013262,JPSP,8.625934322478327e-17
Row.52,control_10.1037/a0013263,JPSP,0.0
Row.52,control_10.1037/a0013314,JPSP,2.4345427574003847e-17
Row.52,control_10.1037/a0013315,JPSP,0.0
Row.52,control_10.1037/a0013316,JPSP,0.0
Row.52,control_10.1037/a0013334,JPSP,3.8444770584964854e-16
Row.52,control_10.1037/a0013336,JPSP,0.0
Row.52,control_10.1037/a0013345,JPSP,2.492997390317273e-17
Row.52,control_10.1037/a0013593,JPSP,0.0
Row.53,control_10.1037/0022-3514.94.1.108,JPSP,7.488692349482744e-18
Row.53,control_10.1037/0022-3514.94.1.133,JPSP,0.05645300033196343
Row.53,control_10.1037/0022-3514.94.1.146,JPSP,4.956275944252512e-18
Row.53,control_10.1037/0022-3514.94.1.168,JPSP,1.5815136980320667e-18
Row.53,control_10.1037/0022-3514.94.1.32,JPSP,0.0
Row.53,control_10.1037/0022-3514.94.1.75,JPSP,0.0
Row.53,control_10.1037/0022-3514.94.2.278,JPSP,0.0
Row.53,control_10.1037/0022-3514.94.2.292,JPSP,0.0
Row.53,control_10.1037/0022-3514.94.2.307,JPSP,0.0
Row.53,control_10.1037/0022-3514.94.2.320,JPSP,1.0050041930772443e-18
Row.53,control_10.1037/0022-3514.94.2.334,JPSP,2.287649651240816e-18
Row.53,control_10.1037/0022-3514.94.2.347,JPSP,0.0
Row.53,control_10.1037/0022-3514.94.2.94.2.214,JPSP,0.0
Row.53,control_10.1037/0022-3514.94.2.94.2.265,JPSP,0.0
Row.53,control_10.1037/0022-3514.94.3.365,JPSP,6.986730394464735e-18
Row.53,control_10.1037/0022-3514.94.3.412,JPSP,8.594124678523262e-19
Row.53,control_10.1037/0022-3514.94.3.460,JPSP,0.0
Row.53,control_10.1037/0022-3514.94.3.479,JPSP,0.0
Row.53,control_10.1037/0022-3514.94.3.531,JPSP,4.485943724165127e-19
Row.53,control_10.1037/0022-3514.94.4.547,JPSP,0.0
Row.53,control_10.1037/0022-3514.94.4.631,JPSP,0.46443631509389643
Row.53,control_10.1037/0022-3514.94.5.739,JPSP,0.0
Row.53,control_10.1037/0022-3514.94.5.757,JPSP,0.0
Row.53,control_10.1037/0022-3514.94.5.792,JPSP,1.3373302025610083e-18
Row.53,control_10.1037/0022-3514.94.5.808,JPSP,0.3712486583172293
Row.53,control_10.1037/0022-3514.94.5.824,JPSP,2.153117963158729e-20
Row.53,control_10.1037/0022-3514.94.5.839,JPSP,0.0
Row.53,control_10.1037/0022-3514.94.5.860,JPSP,2.3642322048745148e-18
Row.53,control_10.1037/0022-3514.94.5.883,JPSP,1.9555414155304177e-18
Row.53,control_10.1037/0022-3514.94.5.899,JPSP,0.0
Row.53,control_10.1037/0022-3514.94.5.913,JPSP,4.916857215443012e-18
Row.53,control_10.1037/0022-3514.94.6.1007,JPSP,5.727006863122947e-19
Row.53,control_10.1037/0022-3514.94.6.1033,JPSP,0.0
Row.53,control_10.1037/0022-3514.94.6.1048,JPSP,3.261575054039422e-18
Row.53,control_10.1037/0022-3514.94.6.1062,JPSP,0.0
Row.53,control_10.1037/0022-3514.94.6.1078,JPSP,0.0
Row.53,control_10.1037/0022-3514.94.6.925,JPSP,0.0
Row.53,control_10.1037/0022-3514.94.6.938,JPSP,1.7432812371672073e-20
Row.53,control_10.1037/0022-3514.94.6.956,JPSP,0.0
Row.53,control_10.1037/0022-3514.94.6.971,JPSP,0.0
Row.53,control_10.1037/0022-3514.94.6.988,JPSP,5.109742156791681e-18
Row.53,control_10.1037/0022-3514.95.1.1,JPSP,1.5307525460605522e-18
Row.53,control_10.1037/0022-3514.95.1.111,JPSP,0.0
Row.53,control_10.1037/0022-3514.95.1.128,JPSP,0.0
Row.53,control_10.1037/0022-3514.95.1.144,JPSP,1.6761431214848822e-18
Row.53,control_10.1037/0022-3514.95.1.166,JPSP,0.0
Row.53,control_10.1037/0022-3514.95.1.181,JPSP,0.0
Row.53,control_10.1037/0022-3514.95.1.197,JPSP,0.0
Row.53,control_10.1037/0022-3514.95.1.212,JPSP,0.0
Row.53,control_10.1037/0022-3514.95.1.222,JPSP,0.0
Row.53,control_10.1037/0022-3514.95.1.36,JPSP,1.7531030134042925e-18
Row.53,control_10.1037/0022-3514.95.1.50,JPSP,2.4027197722131896e-16
Row.53,control_10.1037/0022-3514.95.1.66,JPSP,0.0
Row.53,control_10.1037/0022-3514.95.1.94,JPSP,3.9198936470890056e-18
Row.53,control_10.1037/0022-3514.95.2.253,JPSP,2.643836487168718e-18
Row.53,control_10.1037/0022-3514.95.2.308,JPSP,4.19385838592203e-18
Row.53,control_10.1037/0022-3514.95.2.319,JPSP,2.1139113927016204e-18
Row.53,control_10.1037/0022-3514.95.2.338,JPSP,9.006669812182328e-19
Row.53,control_10.1037/0022-3514.95.2.352,JPSP,1.5782358893420367e-18
Row.53,control_10.1037/0022-3514.95.2.369,JPSP,4.369796689198131e-17
Row.53,control_10.1037/0022-3514.95.2.385,JPSP,2.300243364962877e-18
Row.53,control_10.1037/0022-3514.95.2.404,JPSP,2.4356024075258392e-18
Row.53,control_10.1037/0022-3514.95.2.442,JPSP,2.8440060517877584e-18
Row.53,control_10.1037/0022-3514.95.2.456,JPSP,0.0
Row.53,control_10.1037/0022-3514.95.3.555,JPSP,0.0
Row.53,control_10.1037/0022-3514.95.3.576,JPSP,1.5385776876108134e-18
Row.53,control_10.1037/0022-3514.95.3.593,JPSP,0.0
Row.53,control_10.1037/0022-3514.95.3.608,JPSP,1.0582712924756399e-19
Row.53,control_10.1037/0022-3514.95.3.628,JPSP,7.288906262669869e-18
Row.53,control_10.1037/0022-3514.95.3.648,JPSP,1.0344868750505002e-18
Row.53,control_10.1037/0022-3514.95.3.662,JPSP,2.1361058670156277e-18
Row.53,control_10.1037/0022-3514.95.3.679,JPSP,0.0
Row.53,control_10.1037/0022-3514.95.3.709,JPSP,0.10229972331482848
Row.53,control_10.1037/0022-3514.95.3.739,JPSP,0.0
Row.53,control_10.1037/0022-3514.95.5.1080,JPSP,0.0
Row.53,control_10.1037/0022-3514.95.5.1095,JPSP,1.5795113852446881e-18
Row.53,control_10.1037/0022-3514.95.5.1113,JPSP,0.0
Row.53,control_10.1037/0022-3514.95.5.1136,JPSP,7.430085300712879e-19
Row.53,control_10.1037/0022-3514.95.5.1150,JPSP,0.0
Row.53,control_10.1037/0022-3514.95.5.1180,JPSP,1.3420205215306594e-18
Row.53,control_10.1037/a0011381,JPSP,1.0837495863884635e-18
Row.53,control_10.1037/a0011434,JPSP,0.0
Row.53,control_10.1037/a0011617,JPSP,0.0
Row.53,control_10.1037/a0011618,JPSP,8.704515516638292e-18
Row.53,control_10.1037/a0011619,JPSP,0.0
Row.53,control_10.1037/a0011990,JPSP,0.0
Row.53,control_10.1037/a0011991,JPSP,5.520007273808569e-18
Row.53,control_10.1037/a0011993,JPSP,2.2344102672009224e-18
Row.53,control_10.1037/a0012069,JPSP,5.882441804705784e-17
Row.53,control_10.1037/a0012165,JPSP,1.14624915560365e-18
Row.53,control_10.1037/a0012453,JPSP,7.208913896588927e-19
Row.53,control_10.1037/a0012454,JPSP,0.0
Row.53,control_10.1037/a0012518,JPSP,8.11589366598281e-19
Row.53,control_10.1037/a0012543,JPSP,1.2277724756282703e-19
Row.53,control_10.1037/a0012559,JPSP,0.0
Row.53,control_10.1037/a0012612,JPSP,0.0
Row.53,control_10.1037/a0012627,JPSP,2.1487205576586738e-19
Row.53,control_10.1037/a0012628,JPSP,1.777599837648513e-18
Row.53,control_10.1037/a0012629,JPSP,0.0
Row.53,control_10.1037/a0012630,JPSP,0.0
Row.53,control_10.1037/a0012631,JPSP,0.0
Row.53,control_10.1037/a0012632,JPSP,2.750211881020799e-18
Row.53,control_10.1037/a0012633,JPSP,1.3150367344608663e-17
Row.53,control_10.1037/a0012634,JPSP,2.9926748868812134e-19
Row.53,control_10.1037/a0012635,JPSP,2.4299088777965918e-18
Row.53,control_10.1037/a0012636,JPSP,2.0295128126066475e-18
Row.53,control_10.1037/a0012650,JPSP,9.506924129354344e-19
Row.53,control_10.1037/a0012666,JPSP,0.0
Row.53,control_10.1037/a0012705,JPSP,3.89477834730324e-18
Row.53,control_10.1037/a0012709,JPSP,0.0
Row.53,control_10.1037/a0012710,JPSP,1.2235280785506567e-19
Row.53,control_10.1037/a0012821,JPSP,0.0
Row.53,control_10.1037/a0012822,JPSP,7.870798228353659e-19
Row.53,control_10.1037/a0012939,JPSP,0.0
Row.53,control_10.1037/a0012978,JPSP,0.0
Row.53,control_10.1037/a0013067,JPSP,0.0
Row.53,control_10.1037/a0013192,JPSP,0.0
Row.53,control_10.1037/a0013193,JPSP,1.2184968628091848e-18
Row.53,control_10.1037/a0013194,JPSP,0.0
Row.53,control_10.1037/a0013195,JPSP,1.6650394123161059e-18
Row.53,control_10.1037/a0013261,JPSP,1.7299728626706364e-18
Row.53,control_10.1037/a0013262,JPSP,0.0
Row.53,control_10.1037/a0013263,JPSP,1.4423043142277286e-18
Row.53,control_10.1037/a0013314,JPSP,0.005562302942081931
Row.53,control_10.1037/a0013315,JPSP,2.7198314576888637e-18
Row.53,control_10.1037/a0013316,JPSP,0.0
Row.53,control_10.1037/a0013334,JPSP,0.0
Row.53,control_10.1037/a0013336,JPSP,0.0
Row.53,control_10.1037/a0013345,JPSP,0.0
Row.53,control_10.1037/a0013593,JPSP,1.1942864973107282e-18
Row.55,control_10.1037/0022-3514.94.1.108,JPSP,5.0518843026114404e-05
Row.55,control_10.1037/0022-3514.94.1.133,JPSP,0.02808747475823636
Row.55,control_10.1037/0022-3514.94.1.146,JPSP,0.010705454145104628
Row.55,control_10.1037/0022-3514.94.1.168,JPSP,2.236493476742263e-21
Row.55,control_10.1037/0022-3514.94.1.32,JPSP,5.716450816378983e-22
Row.55,control_10.1037/0022-3514.94.1.75,JPSP,1.0831720087053765e-21
Row.55,control_10.1037/0022-3514.94.2.278,JPSP,3.1411973727373097e-21
Row.55,control_10.1037/0022-3514.94.2.292,JPSP,2.0671876291337726e-21
Row.55,control_10.1037/0022-3514.94.2.307,JPSP,7.966382082523218e-22
Row.55,control_10.1037/0022-3514.94.2.320,JPSP,1.1936849022777752e-21
Row.55,control_10.1037/0022-3514.94.2.334,JPSP,0.0
Row.55,control_10.1037/0022-3514.94.2.347,JPSP,4.111376635708862e-05
Row.55,control_10.1037/0022-3514.94.2.94.2.214,JPSP,0.0
Row.55,control_10.1037/0022-3514.94.2.94.2.265,JPSP,0.0
Row.55,control_10.1037/0022-3514.94.3.365,JPSP,0.0
Row.55,control_10.1037/0022-3514.94.3.412,JPSP,8.231079878540187e-22
Row.55,control_10.1037/0022-3514.94.3.460,JPSP,1.4272791435274362e-21
Row.55,control_10.1037/0022-3514.94.3.479,JPSP,0.0
Row.55,control_10.1037/0022-3514.94.3.531,JPSP,1.0397038076959944e-21
Row.55,control_10.1037/0022-3514.94.4.547,JPSP,0.01740735839590506
Row.55,control_10.1037/0022-3514.94.4.631,JPSP,0.1586084886189999
Row.55,control_10.1037/0022-3514.94.5.739,JPSP,2.3007818703834336e-21
Row.55,control_10.1037/0022-3514.94.5.757,JPSP,3.2018217542177785e-22
Row.55,control_10.1037/0022-3514.94.5.792,JPSP,4.392961836294138e-22
Row.55,control_10.1037/0022-3514.94.5.808,JPSP,0.041485961022617104
Row.55,control_10.1037/0022-3514.94.5.824,JPSP,2.5400772641753564e-22
Row.55,control_10.1037/0022-3514.94.5.839,JPSP,5.671541545085046e-22
Row.55,control_10.1037/0022-3514.94.5.860,JPSP,0.010932580326232452
Row.55,control_10.1037/0022-3514.94.5.883,JPSP,1.2598593512820174e-21
Row.55,control_10.1037/0022-3514.94.5.899,JPSP,2.292180755748196e-21
Row.55,control_10.1037/0022-3514.94.5.913,JPSP,2.0106816721414184e-22
Row.55,control_10.1037/0022-3514.94.6.1007,JPSP,0.0
Row.55,control_10.1037/0022-3514.94.6.1033,JPSP,0.0
Row.55,control_10.1037/0022-3514.94.6.1048,JPSP,0.0
Row.55,control_10.1037/0022-3514.94.6.1062,JPSP,0.0
Row.55,control_10.1037/0022-3514.94.6.1078,JPSP,1.4319129186930471e-21
Row.55,control_10.1037/0022-3514.94.6.925,JPSP,2.6627576701719525e-21
Row.55,control_10.1037/0022-3514.94.6.938,JPSP,0.0
Row.55,control_10.1037/0022-3514.94.6.956,JPSP,0.06794532045440661
Row.55,control_10.1037/0022-3514.94.6.971,JPSP,9.157522164599579e-22
Row.55,control_10.1037/0022-3514.94.6.988,JPSP,1.2598593512820174e-21
Row.55,control_10.1037/0022-3514.95.1.1,JPSP,3.2018217542177785e-22
Row.55,control_10.1037/0022-3514.95.1.111,JPSP,8.195415900650585e-23
Row.55,control_10.1037/0022-3514.95.1.128,JPSP,0.0
Row.55,control_10.1037/0022-3514.95.1.144,JPSP,2.675992559972801e-21
Row.55,control_10.1037/0022-3514.95.1.166,JPSP,8.098730980531702e-22
Row.55,control_10.1037/0022-3514.95.1.181,JPSP,5.716450816378983e-22
Row.55,control_10.1037/0022-3514.95.1.197,JPSP,3.1392137030024964e-21
Row.55,control_10.1037/0022-3514.95.1.212,JPSP,0.0
Row.55,control_10.1037/0022-3514.95.1.222,JPSP,1.1936849022777752e-21
Row.55,control_10.1037/0022-3514.95.1.36,JPSP,0.0
Row.55,control_10.1037/0022-3514.95.1.50,JPSP,0.071171369209044
Row.55,control_10.1037/0022-3514.95.1.66,JPSP,1.0216313348667454e-21
Row.55,control_10.1037/0022-3514.95.1.94,JPSP,3.949577390612575e-22
Row.55,control_10.1037/0022-3514.95.2.253,JPSP,9.518904880735429e-23
Row.55,control_10.1037/0022-3514.95.2.308,JPSP,0.0
Row.55,control_10.1037/0022-3514.95.2.319,JPSP,7.8340331845147335e-22
Row.55,control_10.1037/0022-3514.95.2.338,JPSP,1.3529235203112469e-06
Row.55,control_10.1037/0022-3514.95.2.352,JPSP,0.006618357825571423
Row.55,control_10.1037/0022-3514.95.2.369,JPSP,0.05834640795456717
Row.55,control_10.1037/0022-3514.95.2.385,JPSP,1.4812860801074807e-22
Row.55,control_10.1037/0022-3514.95.2.404,JPSP,0.0
Row.55,control_10.1037/0022-3514.95.2.442,JPSP,1.3489371820989963e-22
Row.55,control_10.1037/0022-3514.95.2.456,JPSP,0.0
Row.55,control_10.1037/0022-3514.95.3.555,JPSP,0.0
Row.55,control_10.1037/0022-3514.95.3.576,JPSP,0.030078642882525514
Row.55,control_10.1037/0022-3514.95.3.593,JPSP,0.0
Row.55,control_10.1037/0022-3514.95.3.608,JPSP,2.0010131801295304e-21
Row.55,control_10.1037/0022-3514.95.3.628,JPSP,0.0012398258629551105
Row.55,control_10.1037/0022-3514.95.3.648,JPSP,2.0106816721414184e-22
Row.55,control_10.1037/0022-3514.95.3.662,JPSP,0.0
Row.55,control_10.1037/0022-3514.95.3.679,JPSP,0.0
Row.55,control_10.1037/0022-3514.95.3.709,JPSP,0.20727172686733109
Row.55,control_10.1037/0022-3514.95.3.739,JPSP,0.01166647675782534
Row.55,control_10.1037/0022-3514.95.5.1080,JPSP,0.0
Row.55,control_10.1037/0022-3514.95.5.1095,JPSP,5.30160550363327e-22
Row.55,control_10.1037/0022-3514.95.5.1113,JPSP,0.0
Row.55,control_10.1037/0022-3514.95.5.1136,JPSP,5.027229128311174e-22
Row.55,control_10.1037/0022-3514.95.5.1150,JPSP,0.0
Row.55,control_10.1037/0022-3514.95.5.1180,JPSP,5.848799714387467e-22
Row.55,control_10.1037/a0011381,JPSP,0.0
Row.55,control_10.1037/a0011434,JPSP,1.6569060453074707e-21
Row.55,control_10.1037/a0011617,JPSP,2.544820201415172e-24
Row.55,control_10.1037/a0011618,JPSP,0.009779742385555474
Row.55,control_10.1037/a0011619,JPSP,0.0
Row.55,control_10.1037/a0011990,JPSP,4.2249489603960506e-23
Row.55,control_10.1037/a0011991,JPSP,0.0
Row.55,control_10.1037/a0011993,JPSP,0.0
Row.55,control_10.1037/a0012069,JPSP,0.061008180132746705
Row.55,control_10.1037/a0012165,JPSP,6.775242000446858e-22
Row.55,control_10.1037/a0012453,JPSP,1.8007099712447778e-21
Row.55,control_10.1037/a0012454,JPSP,1.101040673671836e-21
Row.55,control_10.1037/a0012518,JPSP,3.334170652226263e-22
Row.55,control_10.1037/a0012543,JPSP,4.2249489603960506e-23
Row.55,control_10.1037/a0012559,JPSP,1.8928177313890783e-05
Row.55,control_10.1037/a0012612,JPSP,6.24584640841292e-22
Row.55,control_10.1037/a0012627,JPSP,0.0001352857512676703
Row.55,control_10.1037/a0012628,JPSP,2.7584373085362136e-22
Row.55,control_10.1037/a0012629,JPSP,0.0
Row.55,control_10.1037/a0012630,JPSP,3.4665195502347474e-22
Row.55,control_10.1037/a0012631,JPSP,5.230326291536551e-21
Row.55,control_10.1037/a0012632,JPSP,0.0
Row.55,control_10.1037/a0012633,JPSP,2.1419631927732523e-21
Row.55,control_10.1037/a0012634,JPSP,1.1987896653702447e-22
Row.55,control_10.1037/a0012635,JPSP,5.187055224345045e-22
Row.55,control_10.1037/a0012636,JPSP,0.012747265195807404
Row.55,control_10.1037/a0012650,JPSP,2.143030570149903e-22
Row.55,control_10.1037/a0012666,JPSP,0.0
Row.55,control_10.1037/a0012705,JPSP,2.0010131801295304e-21
Row.55,control_10.1037/a0012709,JPSP,0.011402449736232254
Row.55,control_10.1037/a0012710,JPSP,1.4186780288921987e-21
Row.55,control_10.1037/a0012821,JPSP,2.0106816721414184e-22
Row.55,control_10.1037/a0012822,JPSP,1.4812860801074807e-22
Row.55,control_10.1037/a0012939,JPSP,0.0
Row.55,control_10.1037/a0012978,JPSP,0.0
Row.55,control_10.1037/a0013067,JPSP,0.0
Row.55,control_10.1037/a0013192,JPSP,2.0106816721414184e-22
Row.55,control_10.1037/a0013193,JPSP,0.0
Row.55,control_10.1037/a0013194,JPSP,6.378195306421405e-22
Row.55,control_10.1037/a0013195,JPSP,6.378195306421405e-22
Row.55,control_10.1037/a0013261,JPSP,1.5779710002263617e-23
Row.55,control_10.1037/a0013262,JPSP,0.0
Row.55,control_10.1037/a0013263,JPSP,2.4275650635150025e-22
Row.55,control_10.1037/a0013314,JPSP,0.1281981337208166
Row.55,control_10.1037/a0013315,JPSP,0.0
Row.55,control_10.1037/a0013316,JPSP,1.699646124468338e-22
Row.55,control_10.1037/a0013334,JPSP,0.055035747951624275
Row.55,control_10.1037/a0013336,JPSP,2.407728366166872e-22
Row.55,control_10.1037/a0013345,JPSP,0.0
Row.55,control_10.1037/a0013593,JPSP,1.58363344105889e-05
Row.56,control_10.1037/0022-3514.94.1.108,JPSP,0.0
Row.56,control_10.1037/0022-3514.94.1.133,JPSP,7.470937737313047e-17
Row.56,control_10.1037/0022-3514.94.1.146,JPSP,0.0
Row.56,control_10.1037/0022-3514.94.1.168,JPSP,0.0
Row.56,control_10.1037/0022-3514.94.1.32,JPSP,0.0
Row.56,control_10.1037/0022-3514.94.1.75,JPSP,0.0
Row.56,control_10.1037/0022-3514.94.2.278,JPSP,2.6508428846361126e-18
Row.56,control_10.1037/0022-3514.94.2.292,JPSP,0.0
Row.56,control_10.1037/0022-3514.94.2.307,JPSP,0.0
Row.56,control_10.1037/0022-3514.94.2.320,JPSP,0.0
Row.56,control_10.1037/0022-3514.94.2.334,JPSP,7.27959992599595e-18
Row.56,control_10.1037/0022-3514.94.2.347,JPSP,4.08167439116265e-17
Row.56,control_10.1037/0022-3514.94.2.94.2.214,JPSP,2.6919199517313922e-17
Row.56,control_10.1037/0022-3514.94.2.94.2.265,JPSP,7.791627622842185e-18
Row.56,control_10.1037/0022-3514.94.3.365,JPSP,1.7622731934376736e-17
Row.56,control_10.1037/0022-3514.94.3.412,JPSP,3.0409198152891073e-18
Row.56,control_10.1037/0022-3514.94.3.460,JPSP,8.473576698781857e-17
Row.56,control_10.1037/0022-3514.94.3.479,JPSP,6.098098092009979e-17
Row.56,control_10.1037/0022-3514.94.3.531,JPSP,1.7381434962062562e-17
Row.56,control_10.1037/0022-3514.94.4.547,JPSP,0.0
Row.56,control_10.1037/0022-3514.94.4.631,JPSP,0.33517478848427373
Row.56,control_10.1037/0022-3514.94.5.739,JPSP,0.0
Row.56,control_10.1037/0022-3514.94.5.757,JPSP,0.0
Row.56,control_10.1037/0022-3514.94.5.792,JPSP,1.965526918466025e-17
Row.56,control_10.1037/0022-3514.94.5.808,JPSP,1.9016961842477228e-17
Row.56,control_10.1037/0022-3514.94.5.824,JPSP,1.991284109818882e-18
Row.56,control_10.1037/0022-3514.94.5.839,JPSP,0.0
Row.56,control_10.1037/0022-3514.94.5.860,JPSP,1.0040995211175584e-16
Row.56,control_10.1037/0022-3514.94.5.883,JPSP,5.420162610694997e-17
Row.56,control_10.1037/0022-3514.94.5.899,JPSP,5.6489927007784335e-18
Row.56,control_10.1037/0022-3514.94.5.913,JPSP,9.572692014637178e-19
Row.56,control_10.1037/0022-3514.94.6.1007,JPSP,3.950426949274071e-18
Row.56,control_10.1037/0022-3514.94.6.1033,JPSP,0.0
Row.56,control_10.1037/0022-3514.94.6.1048,JPSP,0.0
Row.56,control_10.1037/0022-3514.94.6.1062,JPSP,2.3242091137404218e-17
Row.56,control_10.1037/0022-3514.94.6.1078,JPSP,9.563373997180048e-19
Row.56,control_10.1037/0022-3514.94.6.925,JPSP,2.4617180017699707e-18
Row.56,control_10.1037/0022-3514.94.6.938,JPSP,6.309619656537457e-18
Row.56,control_10.1037/0022-3514.94.6.956,JPSP,0.28757321057142504
Row.56,control_10.1037/0022-3514.94.6.971,JPSP,1.6528093369596393e-17
Row.56,control_10.1037/0022-3514.94.6.988,JPSP,0.0
Row.56,control_10.1037/0022-3514.95.1.1,JPSP,1.652096978715338e-17
Row.56,control_10.1037/0022-3514.95.1.111,JPSP,3.789810730173455e-18
Row.56,control_10.1037/0022-3514.95.1.128,JPSP,1.2460218517859076e-17
Row.56,control_10.1037/0022-3514.95.1.144,JPSP,0.0
Row.56,control_10.1037/0022-3514.95.1.166,JPSP,0.0
Row.56,control_10.1037/0022-3514.95.1.181,JPSP,1.1560003884192349e-19
Row.56,control_10.1037/0022-3514.95.1.197,JPSP,0.0
Row.56,control_10.1037/0022-3514.95.1.212,JPSP,0.0
Row.56,control_10.1037/0022-3514.95.1.222,JPSP,6.534024886031201e-17
Row.56,control_10.1037/0022-3514.95.1.36,JPSP,0.0
Row.56,control_10.1037/0022-3514.95.1.50,JPSP,0.0
Row.56,control_10.1037/0022-3514.95.1.66,JPSP,6.143545091012068e-18
Row.56,control_10.1037/0022-3514.95.1.94,JPSP,1.7025828160202343e-17
Row.56,control_10.1037/0022-3514.95.2.253,JPSP,1.2582490629842021e-17
Row.56,control_10.1037/0022-3514.95.2.308,JPSP,0.0
Row.56,control_10.1037/0022-3514.95.2.319,JPSP,1.1692368885712166e-17
Row.56,control_10.1037/0022-3514.95.2.338,JPSP,0.0
Row.56,control_10.1037/0022-3514.95.2.352,JPSP,2.2797856818074265e-17
Row.56,control_10.1037/0022-3514.95.2.369,JPSP,3.6277368248039854e-18
Row.56,control_10.1037/0022-3514.95.2.385,JPSP,0.0
Row.56,control_10.1037/0022-3514.95.2.404,JPSP,6.846205669392274e-18
Row.56,control_10.1037/0022-3514.95.2.442,JPSP,1.0749540622690544e-17
Row.56,control_10.1037/0022-3514.95.2.456,JPSP,0.0
Row.56,control_10.1037/0022-3514.95.3.555,JPSP,3.836192620112542e-18
Row.56,control_10.1037/0022-3514.95.3.576,JPSP,8.452212230171159e-17
Row.56,control_10.1037/0022-3514.95.3.593,JPSP,0.0
Row.56,control_10.1037/0022-3514.95.3.608,JPSP,0.0
Row.56,control_10.1037/0022-3514.95.3.628,JPSP,0.0
Row.56,control_10.1037/0022-3514.95.3.648,JPSP,0.0
Row.56,control_10.1037/0022-3514.95.3.662,JPSP,1.9017259645763063e-18
Row.56,control_10.1037/0022-3514.95.3.679,JPSP,0.0
Row.56,control_10.1037/0022-3514.95.3.709,JPSP,0.15245652485292732
Row.56,control_10.1037/0022-3514.95.3.739,JPSP,0.0
Row.56,control_10.1037/0022-3514.95.5.1080,JPSP,0.0
Row.56,control_10.1037/0022-3514.95.5.1095,JPSP,5.658787758274754e-18
Row.56,control_10.1037/0022-3514.95.5.1113,JPSP,2.013194679366694e-17
Row.56,control_10.1037/0022-3514.95.5.1136,JPSP,2.427743989541922e-18
Row.56,control_10.1037/0022-3514.95.5.1150,JPSP,1.4799067244533765e-17
Row.56,control_10.1037/0022-3514.95.5.1180,JPSP,2.7099741218549166e-17
Row.56,control_10.1037/a0011381,JPSP,1.9685300552015714e-18
Row.56,control_10.1037/a0011434,JPSP,1.9375472028156407e-17
Row.56,control_10.1037/a0011617,JPSP,1.8794678746634602e-16
Row.56,control_10.1037/a0011618,JPSP,0.0
Row.56,control_10.1037/a0011619,JPSP,1.8075003093901163e-19
Row.56,control_10.1037/a0011990,JPSP,5.128069662797725e-18
Row.56,control_10.1037/a0011991,JPSP,9.14026567245821e-18
Row.56,control_10.1037/a0011993,JPSP,1.915696628356814e-18
Row.56,control_10.1037/a0012069,JPSP,0.0
Row.56,control_10.1037/a0012165,JPSP,3.8818681205892265e-18
Row.56,control_10.1037/a0012453,JPSP,2.9095980513035367e-18
Row.56,control_10.1037/a0012454,JPSP,8.256888702824725e-18
Row.56,control_10.1037/a0012518,JPSP,2.8037538993459493e-18
Row.56,control_10.1037/a0012543,JPSP,2.3784874435462694e-18
Row.56,control_10.1037/a0012559,JPSP,0.0
Row.56,control_10.1037/a0012612,JPSP,0.0
Row.56,control_10.1037/a0012627,JPSP,0.0
Row.56,control_10.1037/a0012628,JPSP,1.0403417321714058e-17
Row.56,control_10.1037/a0012629,JPSP,0.0
Row.56,control_10.1037/a0012630,JPSP,0.0
Row.56,control_10.1037/a0012631,JPSP,6.830083016290402e-18
Row.56,control_10.1037/a0012632,JPSP,0.0
Row.56,control_10.1037/a0012633,JPSP,0.0
Row.56,control_10.1037/a0012634,JPSP,0.03442220058677216
Row.56,control_10.1037/a0012635,JPSP,6.5678337026599354e-18
Row.56,control_10.1037/a0012636,JPSP,0.19037327550459968
Row.56,control_10.1037/a0012650,JPSP,5.707239957202262e-18
Row.56,control_10.1037/a0012666,JPSP,0.0
Row.56,control_10.1037/a0012705,JPSP,0.0
Row.56,control_10.1037/a0012709,JPSP,2.7739494777416077e-17
Row.56,control_10.1037/a0012710,JPSP,4.504471053863652e-17
Row.56,control_10.1037/a0012821,JPSP,7.517149092792821e-18
Row.56,control_10.1037/a0012822,JPSP,0.0
Row.56,control_10.1037/a0012939,JPSP,1.433512137424407e-17
Row.56,control_10.1037/a0012978,JPSP,0.0
Row.56,control_10.1037/a0013067,JPSP,8.91841463015644e-18
Row.56,control_10.1037/a0013192,JPSP,0.0
Row.56,control_10.1037/a0013193,JPSP,0.0
Row.56,control_10.1037/a0013194,JPSP,8.537818578375105e-18
Row.56,control_10.1037/a0013195,JPSP,0.0
Row.56,control_10.1037/a0013261,JPSP,5.2325595836710896e-18
Row.56,control_10.1037/a0013262,JPSP,1.4406295788899693e-17
Row.56,control_10.1037/a0013263,JPSP,0.0
Row.56,control_10.1037/a0013314,JPSP,6.391893180400819e-16
Row.56,control_10.1037/a0013315,JPSP,9.421771065682861e-17
Row.56,control_10.1037/a0013316,JPSP,0.0
Row.56,control_10.1037/a0013334,JPSP,9.627975847680687e-17
Row.56,control_10.1037/a0013336,JPSP,3.7614423265124624e-18
Row.56,control_10.1037/a0013345,JPSP,0.0
Row.56,control_10.1037/a0013593,JPSP,0.0
Row.58,control_10.1037/0022-3514.94.1.108,JPSP,0.0007132647982710245
Row.58,control_10.1037/0022-3514.94.1.133,JPSP,5.866456362520395e-22
Row.58,control_10.1037/0022-3514.94.1.146,JPSP,6.1375037037732514e-21
Row.58,control_10.1037/0022-3514.94.1.168,JPSP,2.9401471455311365e-21
Row.58,control_10.1037/0022-3514.94.1.32,JPSP,4.023583393467451e-05
Row.58,control_10.1037/0022-3514.94.1.75,JPSP,6.624434985797117e-22
Row.58,control_10.1037/0022-3514.94.2.278,JPSP,0.0
Row.58,control_10.1037/0022-3514.94.2.292,JPSP,7.710237891937448e-23
Row.58,control_10.1037/0022-3514.94.2.307,JPSP,0.25045082294339494
Row.58,control_10.1037/0022-3514.94.2.320,JPSP,3.5503506473719175e-22
Row.58,control_10.1037/0022-3514.94.2.334,JPSP,9.142091588230385e-22
Row.58,control_10.1037/0022-3514.94.2.347,JPSP,0.021671482412593816
Row.58,control_10.1037/0022-3514.94.2.94.2.214,JPSP,4.543877686705724e-21
Row.58,control_10.1037/0022-3514.94.2.94.2.265,JPSP,0.0
Row.58,control_10.1037/0022-3514.94.3.365,JPSP,5.303973545984336e-22
Row.58,control_10.1037/0022-3514.94.3.412,JPSP,0.0
Row.58,control_10.1037/0022-3514.94.3.460,JPSP,4.633213192861451e-21
Row.58,control_10.1037/0022-3514.94.3.479,JPSP,0.002666932966074065
Row.58,control_10.1037/0022-3514.94.3.531,JPSP,4.5015001595540057e-23
Row.58,control_10.1037/0022-3514.94.4.547,JPSP,0.0
Row.58,control_10.1037/0022-3514.94.4.631,JPSP,0.0
Row.58,control_10.1037/0022-3514.94.5.739,JPSP,1.0896238503704336e-06
Row.58,control_10.1037/0022-3514.94.5.757,JPSP,0.0
Row.58,control_10.1037/0022-3514.94.5.792,JPSP,0.0
Row.58,control_10.1037/0022-3514.94.5.808,JPSP,7.851689832647661e-22
Row.58,control_10.1037/0022-3514.94.5.824,JPSP,6.495113628060696e-22
Row.58,control_10.1037/0022-3514.94.5.839,JPSP,0.14915784836152748
Row.58,control_10.1037/0022-3514.94.5.860,JPSP,0.0
Row.58,control_10.1037/0022-3514.94.5.883,JPSP,0.0
Row.58,control_10.1037/0022-3514.94.5.899,JPSP,0.0
Row.58,control_10.1037/0022-3514.94.5.913,JPSP,2.7373152288899116e-21
Row.58,control_10.1037/0022-3514.94.6.1007,JPSP,0.0
Row.58,control_10.1037/0022-3514.94.6.1033,JPSP,4.6786047521910505e-21
Row.58,control_10.1037/0022-3514.94.6.1048,JPSP,0.0
Row.58,control_10.1037/0022-3514.94.6.1062,JPSP,0.0
Row.58,control_10.1037/0022-3514.94.6.1078,JPSP,0.0
Row.58,control_10.1037/0022-3514.94.6.925,JPSP,0.0
Row.58,control_10.1037/0022-3514.94.6.938,JPSP,0.004232424243597583
Row.58,control_10.1037/0022-3514.94.6.956,JPSP,1.6120468417905875e-21
Row.58,control_10.1037/0022-3514.94.6.971,JPSP,5.380146466771442e-22
Row.58,control_10.1037/0022-3514.94.6.988,JPSP,5.909542058805379e-22
Row.58,control_10.1037/0022-3514.95.1.1,JPSP,1.1230338494377595e-21
Row.58,control_10.1037/0022-3514.95.1.111,JPSP,1.883664836735187e-21
Row.58,control_10.1037/0022-3514.95.1.128,JPSP,0.0
Row.58,control_10.1037/0022-3514.95.1.144,JPSP,0.0
Row.58,control_10.1037/0022-3514.95.1.166,JPSP,0.0
Row.58,control_10.1037/0022-3514.95.1.181,JPSP,2.0052495675550907e-22
Row.58,control_10.1037/0022-3514.95.1.197,JPSP,0.0
Row.58,control_10.1037/0022-3514.95.1.212,JPSP,0.0
Row.58,control_10.1037/0022-3514.95.1.222,JPSP,1.5494838692637637e-21
Row.58,control_10.1037/0022-3514.95.1.36,JPSP,0.0
Row.58,control_10.1037/0022-3514.95.1.50,JPSP,0.0
Row.58,control_10.1037/0022-3514.95.1.66,JPSP,0.0
Row.58,control_10.1037/0022-3514.95.1.94,JPSP,0.0
Row.58,control_10.1037/0022-3514.95.2.253,JPSP,3.451088973865554e-22
Row.58,control_10.1037/0022-3514.95.2.308,JPSP,1.8394732409477174e-21
Row.58,control_10.1037/0022-3514.95.2.319,JPSP,0.0
Row.58,control_10.1037/0022-3514.95.2.338,JPSP,0.08096717382400505
Row.58,control_10.1037/0022-3514.95.2.352,JPSP,0.11999235253776872
Row.58,control_10.1037/0022-3514.95.2.369,JPSP,6.525823580591332e-22
Row.58,control_10.1037/0022-3514.95.2.385,JPSP,9.572225506757959e-22
Row.58,control_10.1037/0022-3514.95.2.404,JPSP,0.0
Row.58,control_10.1037/0022-3514.95.2.442,JPSP,0.0
Row.58,control_10.1037/0022-3514.95.2.456,JPSP,0.014491763851108041
Row.58,control_10.1037/0022-3514.95.3.555,JPSP,0.0
Row.58,control_10.1037/0022-3514.95.3.576,JPSP,0.02040975184877417
Row.58,control_10.1037/0022-3514.95.3.593,JPSP,0.0
Row.58,control_10.1037/0022-3514.95.3.608,JPSP,0.0
Row.58,control_10.1037/0022-3514.95.3.628,JPSP,0.0
Row.58,control_10.1037/0022-3514.95.3.648,JPSP,2.2306582367541965e-22
Row.58,control_10.1037/0022-3514.95.3.662,JPSP,0.0
Row.58,control_10.1037/0022-3514.95.3.679,JPSP,3.977100113001998e-05
Row.58,control_10.1037/0022-3514.95.3.709,JPSP,0.020326595940862488
Row.58,control_10.1037/0022-3514.95.3.739,JPSP,6.756783883805594e-22
Row.58,control_10.1037/0022-3514.95.5.1080,JPSP,4.546593839443196e-21
Row.58,control_10.1037/0022-3514.95.5.1095,JPSP,0.03184000556225653
Row.58,control_10.1037/0022-3514.95.5.1113,JPSP,2.9037511985788037e-21
Row.58,control_10.1037/0022-3514.95.5.1136,JPSP,6.561288077064938e-22
Row.58,control_10.1037/0022-3514.95.5.1150,JPSP,1.4436047508569762e-21
Row.58,control_10.1037/0022-3514.95.5.1180,JPSP,0.0
Row.58,control_10.1037/a0011381,JPSP,0.0
Row.58,control_10.1037/a0011434,JPSP,0.0
Row.58,control_10.1037/a0011617,JPSP,0.20900339546361735
Row.58,control_10.1037/a0011618,JPSP,0.0
Row.58,control_10.1037/a0011619,JPSP,0.03260971868022429
Row.58,control_10.1037/a0011990,JPSP,0.0
Row.58,control_10.1037/a0011991,JPSP,0.0
Row.58,control_10.1037/a0011993,JPSP,0.0
Row.58,control_10.1037/a0012069,JPSP,2.598689569195051e-21
Row.58,control_10.1037/a0012165,JPSP,0.0002759564416905806
Row.58,control_10.1037/a0012453,JPSP,0.0
Row.58,control_10.1037/a0012454,JPSP,0.0
Row.58,control_10.1037/a0012518,JPSP,0.0
Row.58,control_10.1037/a0012543,JPSP,0.0
Row.58,control_10.1037/a0012559,JPSP,3.017927515065911e-22
Row.58,control_10.1037/a0012612,JPSP,0.0
Row.58,control_10.1037/a0012627,JPSP,0.0
Row.58,control_10.1037/a0012628,JPSP,1.1927777093418574e-23
Row.58,control_10.1037/a0012629,JPSP,5.380146466771444e-22
Row.58,control_10.1037/a0012630,JPSP,1.3435050775126667e-22
Row.58,control_10.1037/a0012631,JPSP,4.8333343378023265e-23
Row.58,control_10.1037/a0012632,JPSP,2.6569955858146476e-22
Row.58,control_10.1037/a0012633,JPSP,0.0
Row.58,control_10.1037/a0012634,JPSP,0.0
Row.58,control_10.1037/a0012635,JPSP,6.586854198302857e-05
Row.58,control_10.1037/a0012636,JPSP,0.0
Row.58,control_10.1037/a0012650,JPSP,1.556101314164188e-21
Row.58,control_10.1037/a0012666,JPSP,0.0
Row.58,control_10.1037/a0012705,JPSP,4.497555572402754e-21
Row.58,control_10.1037/a0012709,JPSP,0.0
Row.58,control_10.1037/a0012710,JPSP,0.0
Row.58,control_10.1037/a0012821,JPSP,1.3609227315868947e-21
Row.58,control_10.1037/a0012822,JPSP,0.0
Row.58,control_10.1037/a0012939,JPSP,0.0
Row.58,control_10.1037/a0012978,JPSP,0.00015293129576542542
Row.58,control_10.1037/a0013067,JPSP,0.040769210331045275
Row.58,control_10.1037/a0013192,JPSP,0.0
Row.58,control_10.1037/a0013193,JPSP,8.324909447460224e-22
Row.58,control_10.1037/a0013194,JPSP,0.0
Row.58,control_10.1037/a0013195,JPSP,6.263503056545848e-22
Row.58,control_10.1037/a0013261,JPSP,0.0
Row.58,control_10.1037/a0013262,JPSP,3.832740211411493e-21
Row.58,control_10.1037/a0013263,JPSP,0.0
Row.58,control_10.1037/a0013314,JPSP,1.7907178541020407e-21
Row.58,control_10.1037/a0013315,JPSP,0.0
Row.58,control_10.1037/a0013316,JPSP,0.0
Row.58,control_10.1037/a0013334,JPSP,6.914998368056646e-06
Row.58,control_10.1037/a0013336,JPSP,7.597652637575042e-05
Row.58,control_10.1037/a0013345,JPSP,0.0
Row.58,control_10.1037/a0013593,JPSP,3.851197178141946e-05
Row.59,control_10.1037/0022-3514.94.1.108,JPSP,0.0
Row.59,control_10.1037/0022-3514.94.1.133,JPSP,0.0
Row.59,control_10.1037/0022-3514.94.1.146,JPSP,4.923909431855429e-17
Row.59,control_10.1037/0022-3514.94.1.168,JPSP,4.771893875427369e-17
Row.59,control_10.1037/0022-3514.94.1.32,JPSP,0.0
Row.59,control_10.1037/0022-3514.94.1.75,JPSP,0.0
Row.59,control_10.1037/0022-3514.94.2.278,JPSP,0.0
Row.59,control_10.1037/0022-3514.94.2.292,JPSP,3.065178489598138e-17
Row.59,control_10.1037/0022-3514.94.2.307,JPSP,4.8129309654239923e-17
Row.59,control_10.1037/0022-3514.94.2.320,JPSP,8.664163896399196e-17
Row.59,control_10.1037/0022-3514.94.2.334,JPSP,2.533269899856266e-17
Row.59,control_10.1037/0022-3514.94.2.347,JPSP,0.0
Row.59,control_10.1037/0022-3514.94.2.94.2.214,JPSP,1.3976811763010313e-16
Row.59,control_10.1037/0022-3514.94.2.94.2.265,JPSP,0.0
Row.59,control_10.1037/0022-3514.94.3.365,JPSP,0.0
Row.59,control_10.1037/0022-3514.94.3.412,JPSP,2.195233872820391e-17
Row.59,control_10.1037/0022-3514.94.3.460,JPSP,4.992303694389135e-17
Row.59,control_10.1037/0022-3514.94.3.479,JPSP,3.7015714824158815e-17
Row.59,control_10.1037/0022-3514.94.3.531,JPSP,2.0992687297319012e-17
Row.59,control_10.1037/0022-3514.94.4.547,JPSP,0.7349553583471843
Row.59,control_10.1037/0022-3514.94.4.631,JPSP,0.0
Row.59,control_10.1037/0022-3514.94.5.739,JPSP,8.820652084394565e-19
Row.59,control_10.1037/0022-3514.94.5.757,JPSP,0.0
Row.59,control_10.1037/0022-3514.94.5.792,JPSP,3.8876788659339635e-18
Row.59,control_10.1037/0022-3514.94.5.808,JPSP,0.18600275154748352
Row.59,control_10.1037/0022-3514.94.5.824,JPSP,0.0
Row.59,control_10.1037/0022-3514.94.5.839,JPSP,0.0
Row.59,control_10.1037/0022-3514.94.5.860,JPSP,0.0
Row.59,control_10.1037/0022-3514.94.5.883,JPSP,0.0
Row.59,control_10.1037/0022-3514.94.5.899,JPSP,1.5027316891613725e-17
Row.59,control_10.1037/0022-3514.94.5.913,JPSP,0.0
Row.59,control_10.1037/0022-3514.94.6.1007,JPSP,0.0
Row.59,control_10.1037/0022-3514.94.6.1033,JPSP,0.0
Row.59,control_10.1037/0022-3514.94.6.1048,JPSP,0.0
Row.59,control_10.1037/0022-3514.94.6.1062,JPSP,8.470012452488431e-18
Row.59,control_10.1037/0022-3514.94.6.1078,JPSP,0.0
Row.59,control_10.1037/0022-3514.94.6.925,JPSP,0.0
Row.59,control_10.1037/0022-3514.94.6.938,JPSP,0.0
Row.59,control_10.1037/0022-3514.94.6.956,JPSP,0.0
Row.59,control_10.1037/0022-3514.94.6.971,JPSP,0.0
Row.59,control_10.1037/0022-3514.94.6.988,JPSP,3.783994834226995e-17
Row.59,control_10.1037/0022-3514.95.1.1,JPSP,0.0
Row.59,control_10.1037/0022-3514.95.1.111,JPSP,7.619732423686773e-17
Row.59,control_10.1037/0022-3514.95.1.128,JPSP,0.0
Row.59,control_10.1037/0022-3514.95.1.144,JPSP,1.809859416487546e-17
Row.59,control_10.1037/0022-3514.95.1.166,JPSP,0.0
Row.59,control_10.1037/0022-3514.95.1.181,JPSP,0.0
Row.59,control_10.1037/0022-3514.95.1.197,JPSP,5.4142037395609956e-17
Row.59,control_10.1037/0022-3514.95.1.212,JPSP,1.196481506980217e-18
Row.59,control_10.1037/0022-3514.95.1.222,JPSP,8.337074135391128e-18
Row.59,control_10.1037/0022-3514.95.1.36,JPSP,1.0802990251296296e-16
Row.59,control_10.1037/0022-3514.95.1.50,JPSP,9.193457323732876e-17
Row.59,control_10.1037/0022-3514.95.1.66,JPSP,0.0
Row.59,control_10.1037/0022-3514.95.1.94,JPSP,2.5638225350765243e-17
Row.59,control_10.1037/0022-3514.95.2.253,JPSP,3.2713469266902714e-17
Row.59,control_10.1037/0022-3514.95.2.308,JPSP,6.189388666855734e-17
Row.59,control_10.1037/0022-3514.95.2.319,JPSP,0.0
Row.59,control_10.1037/0022-3514.95.2.338,JPSP,0.0
Row.59,control_10.1037/0022-3514.95.2.352,JPSP,4.6123514755522e-16
Row.59,control_10.1037/0022-3514.95.2.369,JPSP,0.0
Row.59,control_10.1037/0022-3514.95.2.385,JPSP,2.4869255442729817e-17
Row.59,control_10.1037/0022-3514.95.2.404,JPSP,2.335305628135167e-17
Row.59,control_10.1037/0022-3514.95.2.442,JPSP,0.0
Row.59,control_10.1037/0022-3514.95.2.456,JPSP,0.0
Row.59,control_10.1037/0022-3514.95.3.555,JPSP,0.0
Row.59,control_10.1037/0022-3514.95.3.576,JPSP,0.0
Row.59,control_10.1037/0022-3514.95.3.593,JPSP,0.0
Row.59,control_10.1037/0022-3514.95.3.608,JPSP,0.0
Row.59,control_10.1037/0022-3514.95.3.628,JPSP,0.0
Row.59,control_10.1037/0022-3514.95.3.648,JPSP,0.0
Row.59,control_10.1037/0022-3514.95.3.662,JPSP,1.4937134057415598e-17
Row.59,control_10.1037/0022-3514.95.3.679,JPSP,0.0
Row.59,control_10.1037/0022-3514.95.3.709,JPSP,0.0
Row.59,control_10.1037/0022-3514.95.3.739,JPSP,2.390383120022849e-17
Row.59,control_10.1037/0022-3514.95.5.1080,JPSP,0.0
Row.59,control_10.1037/0022-3514.95.5.1095,JPSP,0.0
Row.59,control_10.1037/0022-3514.95.5.1113,JPSP,0.0
Row.59,control_10.1037/0022-3514.95.5.1136,JPSP,0.0
Row.59,control_10.1037/0022-3514.95.5.1150,JPSP,0.0
Row.59,control_10.1037/0022-3514.95.5.1180,JPSP,6.01622996222878e-17
Row.59,control_10.1037/a0011381,JPSP,1.762512431922028e-17
Row.59,control_10.1037/a0011434,JPSP,0.0
Row.59,control_10.1037/a0011617,JPSP,5.774391411956936e-18
Row.59,control_10.1037/a0011618,JPSP,0.0
Row.59,control_10.1037/a0011619,JPSP,1.1958022572219017e-17
Row.59,control_10.1037/a0011990,JPSP,0.0
Row.59,control_10.1037/a0011991,JPSP,4.6591364365578705e-17
Row.59,control_10.1037/a0011993,JPSP,7.548696107198941e-18
Row.59,control_10.1037/a0012069,JPSP,0.07904189010533005
Row.59,control_10.1037/a0012165,JPSP,0.0
Row.59,control_10.1037/a0012453,JPSP,2.4789722484615193e-19
Row.59,control_10.1037/a0012454,JPSP,0.0
Row.59,control_10.1037/a0012518,JPSP,0.0
Row.59,control_10.1037/a0012543,JPSP,5.819159047739103e-18
Row.59,control_10.1037/a0012559,JPSP,1.992548749812517e-17
Row.59,control_10.1037/a0012612,JPSP,0.0
Row.59,control_10.1037/a0012627,JPSP,0.0
Row.59,control_10.1037/a0012628,JPSP,0.0
Row.59,control_10.1037/a0012629,JPSP,0.0
Row.59,control_10.1037/a0012630,JPSP,1.2018512552285942e-18
Row.59,control_10.1037/a0012631,JPSP,2.0382752777041513e-18
Row.59,control_10.1037/a0012632,JPSP,2.4573213846186878e-17
Row.59,control_10.1037/a0012633,JPSP,2.5534191165657996e-17
Row.59,control_10.1037/a0012634,JPSP,0.0
Row.59,control_10.1037/a0012635,JPSP,0.0
Row.59,control_10.1037/a0012636,JPSP,4.814525386533192e-17
Row.59,control_10.1037/a0012650,JPSP,0.0
Row.59,control_10.1037/a0012666,JPSP,1.1724721920702167e-18
Row.59,control_10.1037/a0012705,JPSP,1.0795879514026474e-17
Row.59,control_10.1037/a0012709,JPSP,3.252785979181313e-17
Row.59,control_10.1037/a0012710,JPSP,8.56311397597671e-18
Row.59,control_10.1037/a0012821,JPSP,0.0
Row.59,control_10.1037/a0012822,JPSP,1.5103968859472346e-17
Row.59,control_10.1037/a0012939,JPSP,0.0
Row.59,control_10.1037/a0012978,JPSP,0.0
Row.59,control_10.1037/a0013067,JPSP,1.2592872546802184e-17
Row.59,control_10.1037/a0013192,JPSP,1.2583400997832454e-17
Row.59,control_10.1037/a0013193,JPSP,1.541765787233722e-17
Row.59,control_10.1037/a0013194,JPSP,0.0
Row.59,control_10.1037/a0013195,JPSP,5.843559956934447e-17
Row.59,control_10.1037/a0013261,JPSP,0.0
Row.59,control_10.1037/a0013262,JPSP,6.916330046466669e-17
Row.59,control_10.1037/a0013263,JPSP,0.0
Row.59,control_10.1037/a0013314,JPSP,0.0
Row.59,control_10.1037/a0013315,JPSP,5.559048829006989e-17
Row.59,control_10.1037/a0013316,JPSP,0.0
Row.59,control_10.1037/a0013334,JPSP,0.0
Row.59,control_10.1037/a0013336,JPSP,0.0
Row.59,control_10.1037/a0013345,JPSP,0.0
Row.59,control_10.1037/a0013593,JPSP,0.0
Row.61,control_10.1037/0022-3514.94.1.108,JPSP,0.024469264140942096
Row.61,control_10.1037/0022-3514.94.1.133,JPSP,0.005132883911128581
Row.61,control_10.1037/0022-3514.94.1.146,JPSP,0.0058144918211610885
Row.61,control_10.1037/0022-3514.94.1.168,JPSP,0.0007663261651662379
Row.61,control_10.1037/0022-3514.94.1.32,JPSP,0.0007639755793114484
Row.61,control_10.1037/0022-3514.94.1.75,JPSP,0.00698950981541693
Row.61,control_10.1037/0022-3514.94.2.278,JPSP,0.009395814493713189
Row.61,control_10.1037/0022-3514.94.2.292,JPSP,0.0007100145822516378
Row.61,control_10.1037/0022-3514.94.2.307,JPSP,0.0006044867209459058
Row.61,control_10.1037/0022-3514.94.2.320,JPSP,0.005530604270170486
Row.61,control_10.1037/0022-3514.94.2.334,JPSP,0.0007530780476297562
Row.61,control_10.1037/0022-3514.94.2.347,JPSP,0.0007776789983692222
Row.61,control_10.1037/0022-3514.94.2.94.2.214,JPSP,0.022707404529439392
Row.61,control_10.1037/0022-3514.94.2.94.2.265,JPSP,0.0007811910940520121
Row.61,control_10.1037/0022-3514.94.3.365,JPSP,0.00691471768539199
Row.61,control_10.1037/0022-3514.94.3.412,JPSP,0.0012676745945631406
Row.61,control_10.1037/0022-3514.94.3.460,JPSP,0.01710276393033401
Row.61,control_10.1037/0022-3514.94.3.479,JPSP,0.011001928133816938
Row.61,control_10.1037/0022-3514.94.3.531,JPSP,0.0006123442068463168
Row.61,control_10.1037/0022-3514.94.4.547,JPSP,0.008897472203230858
Row.61,control_10.1037/0022-3514.94.4.631,JPSP,0.09739568535049557
Row.61,control_10.1037/0022-3514.94.5.739,JPSP,0.0013102987197252962
Row.61,control_10.1037/0022-3514.94.5.757,JPSP,0.00648642947399174
Row.61,control_10.1037/0022-3514.94.5.792,JPSP,0.008414056354678944
Row.61,control_10.1037/0022-3514.94.5.808,JPSP,0.002313115286412642
Row.61,control_10.1037/0022-3514.94.5.824,JPSP,0.0007212246035682259
Row.61,control_10.1037/0022-3514.94.5.839,JPSP,0.0004314542834774321
Row.61,control_10.1037/0022-3514.94.5.860,JPSP,0.03451607815045653
Row.61,control_10.1037/0022-3514.94.5.883,JPSP,0.003396284525169718
Row.61,control_10.1037/0022-3514.94.5.899,JPSP,0.001560292327802468
Row.61,control_10.1037/0022-3514.94.5.913,JPSP,0.025874469946756372
Row.61,control_10.1037/0022-3514.94.6.1007,JPSP,0.0009039297216293945
Row.61,control_10.1037/0022-3514.94.6.1033,JPSP,0.0009957281936407625
Row.61,control_10.1037/0022-3514.94.6.1048,JPSP,0.0010962823155084068
Row.61,control_10.1037/0022-3514.94.6.1062,JPSP,0.04122292444386694
Row.61,control_10.1037/0022-3514.94.6.1078,JPSP,0.0018026985443729312
Row.61,control_10.1037/0022-3514.94.6.925,JPSP,0.0013596791923238727
Row.61,control_10.1037/0022-3514.94.6.938,JPSP,0.00034125233546063605
Row.61,control_10.1037/0022-3514.94.6.956,JPSP,0.01579134116811695
Row.61,control_10.1037/0022-3514.94.6.971,JPSP,0.015251227102897813
Row.61,control_10.1037/0022-3514.94.6.988,JPSP,0.004142175618090875
Row.61,control_10.1037/0022-3514.95.1.1,JPSP,0.02313285216317774
Row.61,control_10.1037/0022-3514.95.1.111,JPSP,0.0008086407690787513
Row.61,control_10.1037/0022-3514.95.1.128,JPSP,0.0008273659044663592
Row.61,control_10.1037/0022-3514.95.1.144,JPSP,0.0005815570300305307
Row.61,control_10.1037/0022-3514.95.1.166,JPSP,0.027726947345195183
Row.61,control_10.1037/0022-3514.95.1.181,JPSP,0.00041244808858043237
Row.61,control_10.1037/0022-3514.95.1.197,JPSP,0.0019949771113819945
Row.61,control_10.1037/0022-3514.95.1.212,JPSP,0.0008785066278042846
Row.61,control_10.1037/0022-3514.95.1.222,JPSP,0.00584915202019989
Row.61,control_10.1037/0022-3514.95.1.36,JPSP,0.0037022557646433623
Row.61,control_10.1037/0022-3514.95.1.50,JPSP,0.01908000493921819
Row.61,control_10.1037/0022-3514.95.1.66,JPSP,0.001073242087165094
Row.61,control_10.1037/0022-3514.95.1.94,JPSP,0.0006170865153876713
Row.61,control_10.1037/0022-3514.95.2.253,JPSP,0.0006322723032143598
Row.61,control_10.1037/0022-3514.95.2.308,JPSP,0.009591981874964142
Row.61,control_10.1037/0022-3514.95.2.319,JPSP,0.0025695707648713028
Row.61,control_10.1037/0022-3514.95.2.338,JPSP,0.0005225487277214111
Row.61,control_10.1037/0022-3514.95.2.352,JPSP,0.02603509673085355
Row.61,control_10.1037/0022-3514.95.2.369,JPSP,0.03044796285895041
Row.61,control_10.1037/0022-3514.95.2.385,JPSP,0.014600644015996162
Row.61,control_10.1037/0022-3514.95.2.404,JPSP,0.0006310614652613128
Row.61,control_10.1037/0022-3514.95.2.442,JPSP,0.010446817616195469
Row.61,control_10.1037/0022-3514.95.2.456,JPSP,0.000983998236237984
Row.61,control_10.1037/0022-3514.95.3.555,JPSP,0.0006453254233058054
Row.61,control_10.1037/0022-3514.95.3.576,JPSP,0.02225112341601198
Row.61,control_10.1037/0022-3514.95.3.593,JPSP,0.0011307114052263988
Row.61,control_10.1037/0022-3514.95.3.608,JPSP,0.0016340358815709916
Row.61,control_10.1037/0022-3514.95.3.628,JPSP,0.001532621544670249
Row.61,control_10.1037/0022-3514.95.3.648,JPSP,0.001784472106368888
Row.61,control_10.1037/0022-3514.95.3.662,JPSP,0.00036941051332252774
Row.61,control_10.1037/0022-3514.95.3.679,JPSP,0.0006366512176820862
Row.61,control_10.1037/0022-3514.95.3.709,JPSP,0.004306144325314612
Row.61,control_10.1037/0022-3514.95.3.739,JPSP,0.002275163481784615
Row.61,control_10.1037/0022-3514.95.5.1080,JPSP,0.009712830092515107
Row.61,control_10.1037/0022-3514.95.5.1095,JPSP,0.003533425990754168
Row.61,control_10.1037/0022-3514.95.5.1113,JPSP,0.001616532048922488
Row.61,control_10.1037/0022-3514.95.5.1136,JPSP,0.004060644341419032
Row.61,control_10.1037/0022-3514.95.5.1150,JPSP,0.0003061765454230351
Row.61,control_10.1037/0022-3514.95.5.1180,JPSP,0.010002505895855602
Row.61,control_10.1037/a0011381,JPSP,0.0016497561030345265
Row.61,control_10.1037/a0011434,JPSP,0.020150965052507942
Row.61,control_10.1037/a0011617,JPSP,0.0021624578667632263
Row.61,control_10.1037/a0011618,JPSP,0.024491384884095257
Row.61,control_10.1037/a0011619,JPSP,0.0028138096654392627
Row.61,control_10.1037/a0011990,JPSP,0.0023571242200886916
Row.61,control_10.1037/a0011991,JPSP,0.0018045868610375637
Row.61,control_10.1037/a0011993,JPSP,0.0007628149213421434
Row.61,control_10.1037/a0012069,JPSP,0.010658781738807275
Row.61,control_10.1037/a0012165,JPSP,0.000669002709078292
Row.61,control_10.1037/a0012453,JPSP,0.0017054704009678416
Row.61,control_10.1037/a0012454,JPSP,0.0005421126188433464
Row.61,control_10.1037/a0012518,JPSP,0.0015011875214301733
Row.61,control_10.1037/a0012543,JPSP,0.0028188901852195408
Row.61,control_10.1037/a0012559,JPSP,0.0011523972115251022
Row.61,control_10.1037/a0012612,JPSP,0.009217017733541118
Row.61,control_10.1037/a0012627,JPSP,0.022687647607322097
Row.61,control_10.1037/a0012628,JPSP,0.001985421774307782
Row.61,control_10.1037/a0012629,JPSP,0.0006160724856817962
Row.61,control_10.1037/a0012630,JPSP,0.00029094601394970916
Row.61,control_10.1037/a0012631,JPSP,0.015199722477483694
Row.61,control_10.1037/a0012632,JPSP,0.015943460151012685
Row.61,control_10.1037/a0012633,JPSP,0.0013434115674634103
Row.61,control_10.1037/a0012634,JPSP,0.020754107467135203
Row.61,control_10.1037/a0012635,JPSP,0.0009028652312134833
Row.61,control_10.1037/a0012636,JPSP,0.0022066557608093266
Row.61,control_10.1037/a0012650,JPSP,0.0007034462148275289
Row.61,control_10.1037/a0012666,JPSP,0.0010821186821431152
Row.61,control_10.1037/a0012705,JPSP,0.0011894516926635528
Row.61,control_10.1037/a0012709,JPSP,0.00583872308177075
Row.61,control_10.1037/a0012710,JPSP,0.024861378731388262
Row.61,control_10.1037/a0012821,JPSP,0.022718488275082153
Row.61,control_10.1037/a0012822,JPSP,0.0007118716918950352
Row.61,control_10.1037/a0012939,JPSP,0.005312600105597429
Row.61,control_10.1037/a0012978,JPSP,0.0004678928801804326
Row.61,control_10.1037/a0013067,JPSP,0.001677993003325624
Row.61,control_10.1037/a0013192,JPSP,0.00042988826420951106
Row.61,control_10.1037/a0013193,JPSP,0.0003413824935011022
Row.61,control_10.1037/a0013194,JPSP,0.007862247635805328
Row.61,control_10.1037/a0013195,JPSP,0.026564789425474116
Row.61,control_10.1037/a0013261,JPSP,0.0014468803388575204
Row.61,control_10.1037/a0013262,JPSP,0.0007676015032136025
Row.61,control_10.1037/a0013263,JPSP,0.0019557074959057484
Row.61,control_10.1037/a0013314,JPSP,0.01937062944644841
Row.61,control_10.1037/a0013315,JPSP,0.05465101540676753
Row.61,control_10.1037/a0013316,JPSP,0.005041535970324702
Row.61,control_10.1037/a0013334,JPSP,0.0028231356064183275
Row.61,control_10.1037/a0013336,JPSP,0.0010253342728312354
Row.61,control_10.1037/a0013345,JPSP,0.00029285055871083665
Row.61,control_10.1037/a0013593,JPSP,0.0012099492194898199
Row.63,control_10.1037/0022-3514.94.1.108,JPSP,0.0
Row.63,control_10.1037/0022-3514.94.1.133,JPSP,5.210377478104802e-18
Row.63,control_10.1037/0022-3514.94.1.146,JPSP,2.7202919415772608e-18
Row.63,control_10.1037/0022-3514.94.1.168,JPSP,2.1658730105609673e-18
Row.63,control_10.1037/0022-3514.94.1.32,JPSP,0.0
Row.63,control_10.1037/0022-3514.94.1.75,JPSP,0.0
Row.63,control_10.1037/0022-3514.94.2.278,JPSP,4.9841600846220495e-18
Row.63,control_10.1037/0022-3514.94.2.292,JPSP,0.0
Row.63,control_10.1037/0022-3514.94.2.307,JPSP,6.5051474142353614e-18
Row.63,control_10.1037/0022-3514.94.2.320,JPSP,4.027969958851969e-18
Row.63,control_10.1037/0022-3514.94.2.334,JPSP,0.0
Row.63,control_10.1037/0022-3514.94.2.347,JPSP,1.4951474209614223e-19
Row.63,control_10.1037/0022-3514.94.2.94.2.214,JPSP,5.852896735015433e-18
Row.63,control_10.1037/0022-3514.94.2.94.2.265,JPSP,2.1963263898691015e-19
Row.63,control_10.1037/0022-3514.94.3.365,JPSP,2.8972387566925987e-18
Row.63,control_10.1037/0022-3514.94.3.412,JPSP,6.241037579911233e-18
Row.63,control_10.1037/0022-3514.94.3.460,JPSP,1.6992018951329375e-18
Row.63,control_10.1037/0022-3514.94.3.479,JPSP,0.0
Row.63,control_10.1037/0022-3514.94.3.531,JPSP,2.840096776465875e-18
Row.63,control_10.1037/0022-3514.94.4.547,JPSP,0.4580862200246132
Row.63,control_10.1037/0022-3514.94.4.631,JPSP,3.301693611660795e-17
Row.63,control_10.1037/0022-3514.94.5.739,JPSP,5.179508838034631e-18
Row.63,control_10.1037/0022-3514.94.5.757,JPSP,6.8115142857546274e-18
Row.63,control_10.1037/0022-3514.94.5.792,JPSP,1.0244162346023806e-17
Row.63,control_10.1037/0022-3514.94.5.808,JPSP,0.007932527208666365
Row.63,control_10.1037/0022-3514.94.5.824,JPSP,1.4722601632125941e-18
Row.63,control_10.1037/0022-3514.94.5.839,JPSP,0.0
Row.63,control_10.1037/0022-3514.94.5.860,JPSP,0.0
Row.63,control_10.1037/0022-3514.94.5.883,JPSP,0.0
Row.63,control_10.1037/0022-3514.94.5.899,JPSP,3.6580134188287104e-19
Row.63,control_10.1037/0022-3514.94.5.913,JPSP,3.0989982728184533e-18
Row.63,control_10.1037/0022-3514.94.6.1007,JPSP,8.504579390996525e-18
Row.63,control_10.1037/0022-3514.94.6.1033,JPSP,1.4661423805161112e-18
Row.63,control_10.1037/0022-3514.94.6.1048,JPSP,3.886870120466744e-18
Row.63,control_10.1037/0022-3514.94.6.1062,JPSP,5.805977200246205e-18
Row.63,control_10.1037/0022-3514.94.6.1078,JPSP,0.0
Row.63,control_10.1037/0022-3514.94.6.925,JPSP,0.0
Row.63,control_10.1037/0022-3514.94.6.938,JPSP,2.2876716925563357e-18
Row.63,control_10.1037/0022-3514.94.6.956,JPSP,1.0885149233885288e-17
Row.63,control_10.1037/0022-3514.94.6.971,JPSP,6.1426245748227246e-18
Row.63,control_10.1037/0022-3514.94.6.988,JPSP,2.3914743237415813e-18
Row.63,control_10.1037/0022-3514.95.1.1,JPSP,2.8470985962772533e-18
Row.63,control_10.1037/0022-3514.95.1.111,JPSP,2.1383630395281433e-18
Row.63,control_10.1037/0022-3514.95.1.128,JPSP,0.0
Row.63,control_10.1037/0022-3514.95.1.144,JPSP,0.0
Row.63,control_10.1037/0022-3514.95.1.166,JPSP,2.292439835438229e-18
Row.63,control_10.1037/0022-3514.95.1.181,JPSP,5.273798145606423e-18
Row.63,control_10.1037/0022-3514.95.1.197,JPSP,2.8976649872089206e-18
Row.63,control_10.1037/0022-3514.95.1.212,JPSP,0.0
Row.63,control_10.1037/0022-3514.95.1.222,JPSP,4.616818344023396e-18
Row.63,control_10.1037/0022-3514.95.1.36,JPSP,0.0
Row.63,control_10.1037/0022-3514.95.1.50,JPSP,0.49379511542606613
Row.63,control_10.1037/0022-3514.95.1.66,JPSP,4.54550691854774e-18
Row.63,control_10.1037/0022-3514.95.1.94,JPSP,0.0
Row.63,control_10.1037/0022-3514.95.2.253,JPSP,6.976647225692052e-18
Row.63,control_10.1037/0022-3514.95.2.308,JPSP,8.09706601474385e-18
Row.63,control_10.1037/0022-3514.95.2.319,JPSP,0.0
Row.63,control_10.1037/0022-3514.95.2.338,JPSP,2.909135860575008e-18
Row.63,control_10.1037/0022-3514.95.2.352,JPSP,5.3093090509080916e-17
Row.63,control_10.1037/0022-3514.95.2.369,JPSP,1.137503642972606e-16
Row.63,control_10.1037/0022-3514.95.2.385,JPSP,0.0
Row.63,control_10.1037/0022-3514.95.2.404,JPSP,6.161418443039982e-18
Row.63,control_10.1037/0022-3514.95.2.442,JPSP,0.0
Row.63,control_10.1037/0022-3514.95.2.456,JPSP,0.0
Row.63,control_10.1037/0022-3514.95.3.555,JPSP,2.339572774103079e-18
Row.63,control_10.1037/0022-3514.95.3.576,JPSP,0.0
Row.63,control_10.1037/0022-3514.95.3.593,JPSP,9.737948136611866e-19
Row.63,control_10.1037/0022-3514.95.3.608,JPSP,1.7750516030056565e-18
Row.63,control_10.1037/0022-3514.95.3.628,JPSP,7.565104992969287e-18
Row.63,control_10.1037/0022-3514.95.3.648,JPSP,3.0843796790910614e-18
Row.63,control_10.1037/0022-3514.95.3.662,JPSP,1.3406370382236231e-18
Row.63,control_10.1037/0022-3514.95.3.679,JPSP,4.4773618781946545e-18
Row.63,control_10.1037/0022-3514.95.3.709,JPSP,0.024727162303760392
Row.63,control_10.1037/0022-3514.95.3.739,JPSP,4.51627667341558e-18
Row.63,control_10.1037/0022-3514.95.5.1080,JPSP,8.07066497660247e-19
Row.63,control_10.1037/0022-3514.95.5.1095,JPSP,6.597012298094141e-19
Row.63,control_10.1037/0022-3514.95.5.1113,JPSP,0.0
Row.63,control_10.1037/0022-3514.95.5.1136,JPSP,0.0
Row.63,control_10.1037/0022-3514.95.5.1150,JPSP,1.0486810764519312e-17
Row.63,control_10.1037/0022-3514.95.5.1180,JPSP,1.2505217643627056e-18
Row.63,control_10.1037/a0011381,JPSP,0.0
Row.63,control_10.1037/a0011434,JPSP,5.102350158727899e-18
Row.63,control_10.1037/a0011617,JPSP,5.075310059852707e-18
Row.63,control_10.1037/a0011618,JPSP,2.0127334302875705e-18
Row.63,control_10.1037/a0011619,JPSP,0.0
Row.63,control_10.1037/a0011990,JPSP,0.0
Row.63,control_10.1037/a0011991,JPSP,7.107699759535278e-18
Row.63,control_10.1037/a0011993,JPSP,6.773265293468816e-19
Row.63,control_10.1037/a0012069,JPSP,2.6617461000414966e-17
Row.63,control_10.1037/a0012165,JPSP,0.0
Row.63,control_10.1037/a0012453,JPSP,2.06433343821861e-18
Row.63,control_10.1037/a0012454,JPSP,3.8259694449895634e-18
Row.63,control_10.1037/a0012518,JPSP,2.7643387679443734e-18
Row.63,control_10.1037/a0012543,JPSP,3.1418622546014046e-18
Row.63,control_10.1037/a0012559,JPSP,0.0
Row.63,control_10.1037/a0012612,JPSP,0.0
Row.63,control_10.1037/a0012627,JPSP,0.0
Row.63,control_10.1037/a0012628,JPSP,9.935872038716918e-18
Row.63,control_10.1037/a0012629,JPSP,1.1596444063190973e-18
Row.63,control_10.1037/a0012630,JPSP,0.0
Row.63,control_10.1037/a0012631,JPSP,0.0
Row.63,control_10.1037/a0012632,JPSP,0.0
Row.63,control_10.1037/a0012633,JPSP,1.617813776228089e-18
Row.63,control_10.1037/a0012634,JPSP,3.561316764213909e-18
Row.63,control_10.1037/a0012635,JPSP,5.262959676354156e-19
Row.63,control_10.1037/a0012636,JPSP,0.0
Row.63,control_10.1037/a0012650,JPSP,9.869700090227962e-19
Row.63,control_10.1037/a0012666,JPSP,2.018735705540686e-18
Row.63,control_10.1037/a0012705,JPSP,0.0
Row.63,control_10.1037/a0012709,JPSP,0.0
Row.63,control_10.1037/a0012710,JPSP,0.0
Row.63,control_10.1037/a0012821,JPSP,3.6860720956827285e-18
Row.63,control_10.1037/a0012822,JPSP,7.430236054055146e-19
Row.63,control_10.1037/a0012939,JPSP,5.115855678167547e-19
Row.63,control_10.1037/a0012978,JPSP,1.3911320335289131e-18
Row.63,control_10.1037/a0013067,JPSP,0.0
Row.63,control_10.1037/a0013192,JPSP,0.0
Row.63,control_10.1037/a0013193,JPSP,4.475186131475203e-18
Row.63,control_10.1037/a0013194,JPSP,0.0
Row.63,control_10.1037/a0013195,JPSP,0.0
Row.63,control_10.1037/a0013261,JPSP,0.0
Row.63,control_10.1037/a0013262,JPSP,0.0
Row.63,control_10.1037/a0013263,JPSP,8.029732462062608e-19
Row.63,control_10.1037/a0013314,JPSP,0.015458975036893242
Row.63,control_10.1037/a0013315,JPSP,0.0
Row.63,control_10.1037/a0013316,JPSP,0.0
Row.63,control_10.1037/a0013334,JPSP,6.311545299191131e-17
Row.63,control_10.1037/a0013336,JPSP,7.562889085481643e-19
Row.63,control_10.1037/a0013345,JPSP,0.0
Row.63,control_10.1037/a0013593,JPSP,0.0
Row.64,control_10.1037/0022-3514.94.1.108,JPSP,4.045595820236697e-18
Row.64,control_10.1037/0022-3514.94.1.133,JPSP,0.0
Row.64,control_10.1037/0022-3514.94.1.146,JPSP,0.0
Row.64,control_10.1037/0022-3514.94.1.168,JPSP,0.04946065747271877
Row.64,control_10.1037/0022-3514.94.1.32,JPSP,2.437945033626077e-19
Row.64,control_10.1037/0022-3514.94.1.75,JPSP,2.5138029117620113e-17
Row.64,control_10.1037/0022-3514.94.2.278,JPSP,3.0723770208064005e-18
Row.64,control_10.1037/0022-3514.94.2.292,JPSP,1.921646505471029e-17
Row.64,control_10.1037/0022-3514.94.2.307,JPSP,9.754362296859028e-18
Row.64,control_10.1037/0022-3514.94.2.320,JPSP,2.20332704604174e-18
Row.64,control_10.1037/0022-3514.94.2.334,JPSP,1.1136240173905391e-17
Row.64,control_10.1037/0022-3514.94.2.347,JPSP,2.566761154657182e-18
Row.64,control_10.1037/0022-3514.94.2.94.2.214,JPSP,0.0
Row.64,control_10.1037/0022-3514.94.2.94.2.265,JPSP,0.0
Row.64,control_10.1037/0022-3514.94.3.365,JPSP,0.0
Row.64,control_10.1037/0022-3514.94.3.412,JPSP,0.0
Row.64,control_10.1037/0022-3514.94.3.460,JPSP,0.0
Row.64,control_10.1037/0022-3514.94.3.479,JPSP,0.0
Row.64,control_10.1037/0022-3514.94.3.531,JPSP,2.883830169784256e-18
Row.64,control_10.1037/0022-3514.94.4.547,JPSP,1.0158441158897325e-17
Row.64,control_10.1037/0022-3514.94.4.631,JPSP,0.5512472099833755
Row.64,control_10.1037/0022-3514.94.5.739,JPSP,0.049328139123770855
Row.64,control_10.1037/0022-3514.94.5.757,JPSP,1.903976230362152e-18
Row.64,control_10.1037/0022-3514.94.5.792,JPSP,4.07454377525536e-18
Row.64,control_10.1037/0022-3514.94.5.808,JPSP,2.4839326093500173e-17
Row.64,control_10.1037/0022-3514.94.5.824,JPSP,7.458274495894325e-18
Row.64,control_10.1037/0022-3514.94.5.839,JPSP,0.0
Row.64,control_10.1037/0022-3514.94.5.860,JPSP,1.1109937489674135e-17
Row.64,control_10.1037/0022-3514.94.5.883,JPSP,1.1250707215867865e-18
Row.64,control_10.1037/0022-3514.94.5.899,JPSP,0.0
Row.64,control_10.1037/0022-3514.94.5.913,JPSP,4.145987985051759e-18
Row.64,control_10.1037/0022-3514.94.6.1007,JPSP,1.6790913909867164e-17
Row.64,control_10.1037/0022-3514.94.6.1033,JPSP,0.0
Row.64,control_10.1037/0022-3514.94.6.1048,JPSP,0.0
Row.64,control_10.1037/0022-3514.94.6.1062,JPSP,2.1598747199208546e-18
Row.64,control_10.1037/0022-3514.94.6.1078,JPSP,5.564236466205221e-18
Row.64,control_10.1037/0022-3514.94.6.925,JPSP,2.4065643829579454e-18
Row.64,control_10.1037/0022-3514.94.6.938,JPSP,0.0
Row.64,control_10.1037/0022-3514.94.6.956,JPSP,1.048301908942134e-18
Row.64,control_10.1037/0022-3514.94.6.971,JPSP,0.0
Row.64,control_10.1037/0022-3514.94.6.988,JPSP,1.3574258693518018e-17
Row.64,control_10.1037/0022-3514.95.1.1,JPSP,1.0333854275574436e-17
Row.64,control_10.1037/0022-3514.95.1.111,JPSP,3.4119676811962398e-18
Row.64,control_10.1037/0022-3514.95.1.128,JPSP,0.0
Row.64,control_10.1037/0022-3514.95.1.144,JPSP,0.0
Row.64,control_10.1037/0022-3514.95.1.166,JPSP,0.0
Row.64,control_10.1037/0022-3514.95.1.181,JPSP,8.942817354309239e-18
Row.64,control_10.1037/0022-3514.95.1.197,JPSP,1.2585771033491919e-17
Row.64,control_10.1037/0022-3514.95.1.212,JPSP,1.7197524111632525e-18
Row.64,control_10.1037/0022-3514.95.1.222,JPSP,1.8657181660513977e-17
Row.64,control_10.1037/0022-3514.95.1.36,JPSP,1.8162515634041568e-17
Row.64,control_10.1037/0022-3514.95.1.50,JPSP,5.744936881040578e-18
Row.64,control_10.1037/0022-3514.95.1.66,JPSP,3.16192081568275e-18
Row.64,control_10.1037/0022-3514.95.1.94,JPSP,0.0
Row.64,control_10.1037/0022-3514.95.2.253,JPSP,0.0
Row.64,control_10.1037/0022-3514.95.2.308,JPSP,0.0
Row.64,control_10.1037/0022-3514.95.2.319,JPSP,0.31805719199907007
Row.64,control_10.1037/0022-3514.95.2.338,JPSP,0.0
Row.64,control_10.1037/0022-3514.95.2.352,JPSP,1.2903305777308737e-17
Row.64,control_10.1037/0022-3514.95.2.369,JPSP,0.0
Row.64,control_10.1037/0022-3514.95.2.385,JPSP,0.0
Row.64,control_10.1037/0022-3514.95.2.404,JPSP,8.857703544707022e-18
Row.64,control_10.1037/0022-3514.95.2.442,JPSP,0.0
Row.64,control_10.1037/0022-3514.95.2.456,JPSP,7.166050232425345e-18
Row.64,control_10.1037/0022-3514.95.3.555,JPSP,4.140079595119438e-18
Row.64,control_10.1037/0022-3514.95.3.576,JPSP,0.0
Row.64,control_10.1037/0022-3514.95.3.593,JPSP,0.0
Row.64,control_10.1037/0022-3514.95.3.608,JPSP,0.0
Row.64,control_10.1037/0022-3514.95.3.628,JPSP,0.0
Row.64,control_10.1037/0022-3514.95.3.648,JPSP,1.3145206765934054e-17
Row.64,control_10.1037/0022-3514.95.3.662,JPSP,1.9136065712549447e-18
Row.64,control_10.1037/0022-3514.95.3.679,JPSP,0.0
Row.64,control_10.1037/0022-3514.95.3.709,JPSP,1.0404634854674083e-17
Row.64,control_10.1037/0022-3514.95.3.739,JPSP,0.0
Row.64,control_10.1037/0022-3514.95.5.1080,JPSP,3.588474236969403e-16
Row.64,control_10.1037/0022-3514.95.5.1095,JPSP,0.0
Row.64,control_10.1037/0022-3514.95.5.1113,JPSP,4.144234306024059e-17
Row.64,control_10.1037/0022-3514.95.5.1136,JPSP,0.0
Row.64,control_10.1037/0022-3514.95.5.1150,JPSP,4.627014773929965e-18
Row.64,control_10.1037/0022-3514.95.5.1180,JPSP,0.0
Row.64,control_10.1037/a0011381,JPSP,0.0
Row.64,control_10.1037/a0011434,JPSP,0.0
Row.64,control_10.1037/a0011617,JPSP,0.0
Row.64,control_10.1037/a0011618,JPSP,0.0
Row.64,control_10.1037/a0011619,JPSP,4.929733255746242e-18
Row.64,control_10.1037/a0011990,JPSP,1.3164502816960422e-18
Row.64,control_10.1037/a0011991,JPSP,2.5949645973183225e-18
Row.64,control_10.1037/a0011993,JPSP,5.6823792079883455e-18
Row.64,control_10.1037/a0012069,JPSP,7.471148237867477e-18
Row.64,control_10.1037/a0012165,JPSP,0.0
Row.64,control_10.1037/a0012453,JPSP,4.659399703668962e-18
Row.64,control_10.1037/a0012454,JPSP,0.0
Row.64,control_10.1037/a0012518,JPSP,0.0
Row.64,control_10.1037/a0012543,JPSP,8.984529759875248e-18
Row.64,control_10.1037/a0012559,JPSP,1.1763771439920396e-17
Row.64,control_10.1037/a0012612,JPSP,1.479218311660505e-18
Row.64,control_10.1037/a0012627,JPSP,0.0
Row.64,control_10.1037/a0012628,JPSP,0.0
Row.64,control_10.1037/a0012629,JPSP,0.0
Row.64,control_10.1037/a0012630,JPSP,1.4526046127007136e-17
Row.64,control_10.1037/a0012631,JPSP,2.1860232252692227e-17
Row.64,control_10.1037/a0012632,JPSP,0.0
Row.64,control_10.1037/a0012633,JPSP,1.6714918697297343e-17
Row.64,control_10.1037/a0012634,JPSP,6.405601902944886e-19
Row.64,control_10.1037/a0012635,JPSP,8.721232618048953e-18
Row.64,control_10.1037/a0012636,JPSP,1.3729804132920935e-17
Row.64,control_10.1037/a0012650,JPSP,0.0
Row.64,control_10.1037/a0012666,JPSP,2.7874882968941392e-18
Row.64,control_10.1037/a0012705,JPSP,2.995695332865673e-18
Row.64,control_10.1037/a0012709,JPSP,0.0
Row.64,control_10.1037/a0012710,JPSP,0.0
Row.64,control_10.1037/a0012821,JPSP,0.0
Row.64,control_10.1037/a0012822,JPSP,4.535021402226523e-18
Row.64,control_10.1037/a0012939,JPSP,0.0
Row.64,control_10.1037/a0012978,JPSP,1.6111295071871264e-17
Row.64,control_10.1037/a0013067,JPSP,5.89506218492847e-18
Row.64,control_10.1037/a0013192,JPSP,0.0
Row.64,control_10.1037/a0013193,JPSP,2.1103798266683514e-17
Row.64,control_10.1037/a0013194,JPSP,6.045508828817538e-18
Row.64,control_10.1037/a0013195,JPSP,2.7342228003069042e-18
Row.64,control_10.1037/a0013261,JPSP,0.0
Row.64,control_10.1037/a0013262,JPSP,0.0
Row.64,control_10.1037/a0013263,JPSP,0.0
Row.64,control_10.1037/a0013314,JPSP,0.03190680142106354
Row.64,control_10.1037/a0013315,JPSP,0.0
Row.64,control_10.1037/a0013316,JPSP,0.0
Row.64,control_10.1037/a0013334,JPSP,3.1423113070013795e-17
Row.64,control_10.1037/a0013336,JPSP,0.0
Row.64,control_10.1037/a0013345,JPSP,2.0414833494978326e-17
Row.64,control_10.1037/a0013593,JPSP,1.2636152402783606e-16
Row.65,control_10.1037/0022-3514.94.1.108,JPSP,9.05742877528364e-16
Row.65,control_10.1037/0022-3514.94.1.133,JPSP,0.018650883681745688
Row.65,control_10.1037/0022-3514.94.1.146,JPSP,0.0
Row.65,control_10.1037/0022-3514.94.1.168,JPSP,4.560082618701893e-16
Row.65,control_10.1037/0022-3514.94.1.32,JPSP,6.194318532864567e-18
Row.65,control_10.1037/0022-3514.94.1.75,JPSP,0.0
Row.65,control_10.1037/0022-3514.94.2.278,JPSP,1.259529939657394e-16
Row.65,control_10.1037/0022-3514.94.2.292,JPSP,6.024340892543476e-16
Row.65,control_10.1037/0022-3514.94.2.307,JPSP,0.0
Row.65,control_10.1037/0022-3514.94.2.320,JPSP,0.0
Row.65,control_10.1037/0022-3514.94.2.334,JPSP,8.422495552598096e-17
Row.65,control_10.1037/0022-3514.94.2.347,JPSP,2.0407020374998584e-16
Row.65,control_10.1037/0022-3514.94.2.94.2.214,JPSP,2.4892257839341534e-16
Row.65,control_10.1037/0022-3514.94.2.94.2.265,JPSP,1.27411700679344e-16
Row.65,control_10.1037/0022-3514.94.3.365,JPSP,7.261213092029355e-17
Row.65,control_10.1037/0022-3514.94.3.412,JPSP,2.7112382615418314e-17
Row.65,control_10.1037/0022-3514.94.3.460,JPSP,0.0
Row.65,control_10.1037/0022-3514.94.3.479,JPSP,0.0
Row.65,control_10.1037/0022-3514.94.3.531,JPSP,8.970783849293199e-17
Row.65,control_10.1037/0022-3514.94.4.547,JPSP,0.5830213475363171
Row.65,control_10.1037/0022-3514.94.4.631,JPSP,0.35543446126280215
Row.65,control_10.1037/0022-3514.94.5.739,JPSP,6.603449008756971e-16
Row.65,control_10.1037/0022-3514.94.5.757,JPSP,3.405333684486183e-16
Row.65,control_10.1037/0022-3514.94.5.792,JPSP,0.0
Row.65,control_10.1037/0022-3514.94.5.808,JPSP,0.0
Row.65,control_10.1037/0022-3514.94.5.824,JPSP,2.1888584745202178e-16
Row.65,control_10.1037/0022-3514.94.5.839,JPSP,0.0
Row.65,control_10.1037/0022-3514.94.5.860,JPSP,0.0
Row.65,control_10.1037/0022-3514.94.5.883,JPSP,0.0
Row.65,control_10.1037/0022-3514.94.5.899,JPSP,0.0
Row.65,control_10.1037/0022-3514.94.5.913,JPSP,0.0
Row.65,control_10.1037/0022-3514.94.6.1007,JPSP,2.2903787496308674e-16
Row.65,control_10.1037/0022-3514.94.6.1033,JPSP,4.160679775239163e-17
Row.65,control_10.1037/0022-3514.94.6.1048,JPSP,2.1315148624624184e-17
Row.65,control_10.1037/0022-3514.94.6.1062,JPSP,0.0
Row.65,control_10.1037/0022-3514.94.6.1078,JPSP,1.206134118740611e-16
Row.65,control_10.1037/0022-3514.94.6.925,JPSP,0.0
Row.65,control_10.1037/0022-3514.94.6.938,JPSP,2.342119934430571e-18
Row.65,control_10.1037/0022-3514.94.6.956,JPSP,1.8499488098416241e-16
Row.65,control_10.1037/0022-3514.94.6.971,JPSP,4.9239129929241176e-17
Row.65,control_10.1037/0022-3514.94.6.988,JPSP,2.1206976858994222e-16
Row.65,control_10.1037/0022-3514.95.1.1,JPSP,0.0
Row.65,control_10.1037/0022-3514.95.1.111,JPSP,0.0
Row.65,control_10.1037/0022-3514.95.1.128,JPSP,2.4949494952286974e-16
Row.65,control_10.1037/0022-3514.95.1.144,JPSP,5.186753592331205e-16
Row.65,control_10.1037/0022-3514.95.1.166,JPSP,0.0
Row.65,control_10.1037/0022-3514.95.1.181,JPSP,1.3950909737872504e-17
Row.65,control_10.1037/0022-3514.95.1.197,JPSP,1.0112656583560374e-16
Row.65,control_10.1037/0022-3514.95.1.212,JPSP,4.152420675757569e-17
Row.65,control_10.1037/0022-3514.95.1.222,JPSP,0.0
Row.65,control_10.1037/0022-3514.95.1.36,JPSP,1.0823974910063684e-16
Row.65,control_10.1037/0022-3514.95.1.50,JPSP,0.0
Row.65,control_10.1037/0022-3514.95.1.66,JPSP,9.166154998797756e-17
Row.65,control_10.1037/0022-3514.95.1.94,JPSP,5.067331962621936e-18
Row.65,control_10.1037/0022-3514.95.2.253,JPSP,0.0
Row.65,control_10.1037/0022-3514.95.2.308,JPSP,9.060371236863304e-17
Row.65,control_10.1037/0022-3514.95.2.319,JPSP,0.042893307519116686
Row.65,control_10.1037/0022-3514.95.2.338,JPSP,1.2802430475117197e-16
Row.65,control_10.1037/0022-3514.95.2.352,JPSP,0.0
Row.65,control_10.1037/0022-3514.95.2.369,JPSP,2.5247258121805266e-15
Row.65,control_10.1037/0022-3514.95.2.385,JPSP,7.469593843170091e-17
Row.65,control_10.1037/0022-3514.95.2.404,JPSP,1.7299402111867553e-16
Row.65,control_10.1037/0022-3514.95.2.442,JPSP,0.0
Row.65,control_10.1037/0022-3514.95.2.456,JPSP,2.580329030649249e-16
Row.65,control_10.1037/0022-3514.95.3.555,JPSP,7.67382855057366e-17
Row.65,control_10.1037/0022-3514.95.3.576,JPSP,3.3603874527617352e-15
Row.65,control_10.1037/0022-3514.95.3.593,JPSP,2.6799470218859643e-17
Row.65,control_10.1037/0022-3514.95.3.608,JPSP,1.1301494185059857e-16
Row.65,control_10.1037/0022-3514.95.3.628,JPSP,0.0
Row.65,control_10.1037/0022-3514.95.3.648,JPSP,6.905697550948952e-17
Row.65,control_10.1037/0022-3514.95.3.662,JPSP,0.0
Row.65,control_10.1037/0022-3514.95.3.679,JPSP,0.0
Row.65,control_10.1037/0022-3514.95.3.709,JPSP,1.203891055169591e-17
Row.65,control_10.1037/0022-3514.95.3.739,JPSP,0.0
Row.65,control_10.1037/0022-3514.95.5.1080,JPSP,0.0
Row.65,control_10.1037/0022-3514.95.5.1095,JPSP,7.16874044383079e-17
Row.65,control_10.1037/0022-3514.95.5.1113,JPSP,2.902231372993914e-16
Row.65,control_10.1037/0022-3514.95.5.1136,JPSP,2.3514721922919833e-16
Row.65,control_10.1037/0022-3514.95.5.1150,JPSP,0.0
Row.65,control_10.1037/0022-3514.95.5.1180,JPSP,0.0
Row.65,control_10.1037/a0011381,JPSP,1.215773982768161e-16
Row.65,control_10.1037/a0011434,JPSP,0.0
Row.65,control_10.1037/a0011617,JPSP,0.0
Row.65,control_10.1037/a0011618,JPSP,2.6923606999654496e-17
Row.65,control_10.1037/a0011619,JPSP,0.0
Row.65,control_10.1037/a0011990,JPSP,0.0
Row.65,control_10.1037/a0011991,JPSP,1.2049519942477055e-16
Row.65,control_10.1037/a0011993,JPSP,0.0
Row.65,control_10.1037/a0012069,JPSP,1.4341072795204428e-16
Row.65,control_10.1037/a0012165,JPSP,9.597430202000703e-17
Row.65,control_10.1037/a0012453,JPSP,1.7134420947938828e-16
Row.65,control_10.1037/a0012454,JPSP,0.0
Row.65,control_10.1037/a0012518,JPSP,1.275402991189336e-16
Row.65,control_10.1037/a0012543,JPSP,0.0
Row.65,control_10.1037/a0012559,JPSP,1.8469879112646102e-17
Row.65,control_10.1037/a0012612,JPSP,1.9238546976089416e-18
Row.65,control_10.1037/a0012627,JPSP,0.0
Row.65,control_10.1037/a0012628,JPSP,1.3841861236698135e-16
Row.65,control_10.1037/a0012629,JPSP,3.075804846718627e-17
Row.65,control_10.1037/a0012630,JPSP,1.1423467212727158e-17
Row.65,control_10.1037/a0012631,JPSP,0.0
Row.65,control_10.1037/a0012632,JPSP,3.224742635454829e-17
Row.65,control_10.1037/a0012633,JPSP,2.599577317878356e-16
Row.65,control_10.1037/a0012634,JPSP,6.726406887721896e-17
Row.65,control_10.1037/a0012635,JPSP,7.528161873673689e-17
Row.65,control_10.1037/a0012636,JPSP,0.0
Row.65,control_10.1037/a0012650,JPSP,2.546725153847868e-17
Row.65,control_10.1037/a0012666,JPSP,4.805278632884733e-16
Row.65,control_10.1037/a0012705,JPSP,1.5000785160934334e-16
Row.65,control_10.1037/a0012709,JPSP,0.0
Row.65,control_10.1037/a0012710,JPSP,3.0560685366416853e-17
Row.65,control_10.1037/a0012821,JPSP,0.0
Row.65,control_10.1037/a0012822,JPSP,0.0
Row.65,control_10.1037/a0012939,JPSP,1.2203361627491136e-16
Row.65,control_10.1037/a0012978,JPSP,9.166263954727946e-17
Row.65,control_10.1037/a0013067,JPSP,1.3458867653317603e-17
Row.65,control_10.1037/a0013192,JPSP,4.37979958391312e-17
Row.65,control_10.1037/a0013193,JPSP,2.3464730576966715e-16
Row.65,control_10.1037/a0013194,JPSP,1.1741286775923238e-16
Row.65,control_10.1037/a0013195,JPSP,7.958223100098806e-17
Row.65,control_10.1037/a0013261,JPSP,0.0
Row.65,control_10.1037/a0013262,JPSP,1.0011686919479367e-15
Row.65,control_10.1037/a0013263,JPSP,7.835782704530077e-17
Row.65,control_10.1037/a0013314,JPSP,0.0
Row.65,control_10.1037/a0013315,JPSP,3.7754615142278045e-17
Row.65,control_10.1037/a0013316,JPSP,3.4011472387169585e-16
Row.65,control_10.1037/a0013334,JPSP,0.0
Row.65,control_10.1037/a0013336,JPSP,2.419618418752917e-16
Row.65,control_10.1037/a0013345,JPSP,4.3494485551727375e-17
Row.65,control_10.1037/a0013593,JPSP,0.0
Row.68,control_10.1037/0022-3514.94.1.108,JPSP,0.050187635794020614
Row.68,control_10.1037/0022-3514.94.1.133,JPSP,0.004355404739390045
Row.68,control_10.1037/0022-3514.94.1.146,JPSP,0.00014123024164459645
Row.68,control_10.1037/0022-3514.94.1.168,JPSP,5.910519074990924e-06
Row.68,control_10.1037/0022-3514.94.1.32,JPSP,0.0011791745486838092
Row.68,control_10.1037/0022-3514.94.1.75,JPSP,1.4181468898034357e-05
Row.68,control_10.1037/0022-3514.94.2.278,JPSP,6.658740925338201e-06
Row.68,control_10.1037/0022-3514.94.2.292,JPSP,0.00027388558655706434
Row.68,control_10.1037/0022-3514.94.2.307,JPSP,0.0019051939205932305
Row.68,control_10.1037/0022-3514.94.2.320,JPSP,2.3654942109669732e-06
Row.68,control_10.1037/0022-3514.94.2.334,JPSP,0.0036658642656812288
Row.68,control_10.1037/0022-3514.94.2.347,JPSP,0.010339716625525915
Row.68,control_10.1037/0022-3514.94.2.94.2.214,JPSP,9.782266968607262e-06
Row.68,control_10.1037/0022-3514.94.2.94.2.265,JPSP,0.0018632293065187972
Row.68,control_10.1037/0022-3514.94.3.365,JPSP,2.1815585955153315e-05
Row.68,control_10.1037/0022-3514.94.3.412,JPSP,5.4896113549766884e-05
Row.68,control_10.1037/0022-3514.94.3.460,JPSP,0.00022404524544104645
Row.68,control_10.1037/0022-3514.94.3.479,JPSP,0.0353053017029938
Row.68,control_10.1037/0022-3514.94.3.531,JPSP,4.1619047724001884e-05
Row.68,control_10.1037/0022-3514.94.4.547,JPSP,0.016779936876170454
Row.68,control_10.1037/0022-3514.94.4.631,JPSP,0.0014251492999886094
Row.68,control_10.1037/0022-3514.94.5.739,JPSP,0.0005657015734666115
Row.68,control_10.1037/0022-3514.94.5.757,JPSP,2.40951889065592e-06
Row.68,control_10.1037/0022-3514.94.5.792,JPSP,0.00010882780922024177
Row.68,control_10.1037/0022-3514.94.5.808,JPSP,0.038332727210390945
Row.68,control_10.1037/0022-3514.94.5.824,JPSP,5.007047802140984e-07
Row.68,control_10.1037/0022-3514.94.5.839,JPSP,0.014468841565975579
Row.68,control_10.1037/0022-3514.94.5.860,JPSP,0.003799575141911112
Row.68,control_10.1037/0022-3514.94.5.883,JPSP,4.670393962540002e-05
Row.68,control_10.1037/0022-3514.94.5.899,JPSP,0.006213476446293633
Row.68,control_10.1037/0022-3514.94.5.913,JPSP,9.03760498688103e-06
Row.68,control_10.1037/0022-3514.94.6.1007,JPSP,0.0002915041491097725
Row.68,control_10.1037/0022-3514.94.6.1033,JPSP,0.0024581726856528316
Row.68,control_10.1037/0022-3514.94.6.1048,JPSP,0.0075879508050238995
Row.68,control_10.1037/0022-3514.94.6.1062,JPSP,0.0011548386862233195
Row.68,control_10.1037/0022-3514.94.6.1078,JPSP,0.014103560537828484
Row.68,control_10.1037/0022-3514.94.6.925,JPSP,0.01461585324467428
Row.68,control_10.1037/0022-3514.94.6.938,JPSP,0.01693169726679705
Row.68,control_10.1037/0022-3514.94.6.956,JPSP,0.0038510876922119397
Row.68,control_10.1037/0022-3514.94.6.971,JPSP,1.5054256147949192e-06
Row.68,control_10.1037/0022-3514.94.6.988,JPSP,7.078967118004242e-06
Row.68,control_10.1037/0022-3514.95.1.1,JPSP,1.1505194065740021e-05
Row.68,control_10.1037/0022-3514.95.1.111,JPSP,0.0
Row.68,control_10.1037/0022-3514.95.1.128,JPSP,3.7329150441163306e-05
Row.68,control_10.1037/0022-3514.95.1.144,JPSP,2.638837889788344e-06
Row.68,control_10.1037/0022-3514.95.1.166,JPSP,7.0640204845905e-06
Row.68,control_10.1037/0022-3514.95.1.181,JPSP,9.870070841075019e-05
Row.68,control_10.1037/0022-3514.95.1.197,JPSP,0.010489600441146597
Row.68,control_10.1037/0022-3514.95.1.212,JPSP,3.9317169975882896e-08
Row.68,control_10.1037/0022-3514.95.1.222,JPSP,5.522578248009912e-06
Row.68,control_10.1037/0022-3514.95.1.36,JPSP,1.629580768954189e-05
Row.68,control_10.1037/0022-3514.95.1.50,JPSP,0.011130101599490709
Row.68,control_10.1037/0022-3514.95.1.66,JPSP,6.379525238407363e-06
Row.68,control_10.1037/0022-3514.95.1.94,JPSP,0.00742617777374074
Row.68,control_10.1037/0022-3514.95.2.253,JPSP,0.008962425163752761
Row.68,control_10.1037/0022-3514.95.2.308,JPSP,0.00015898909981276822
Row.68,control_10.1037/0022-3514.95.2.319,JPSP,0.00370097306905159
Row.68,control_10.1037/0022-3514.95.2.338,JPSP,0.015290999089319095
Row.68,control_10.1037/0022-3514.95.2.352,JPSP,0.006974082337504989
Row.68,control_10.1037/0022-3514.95.2.369,JPSP,0.035982050929812534
Row.68,control_10.1037/0022-3514.95.2.385,JPSP,3.8617281093059475e-06
Row.68,control_10.1037/0022-3514.95.2.404,JPSP,1.0253476314223222e-06
Row.68,control_10.1037/0022-3514.95.2.442,JPSP,1.4522639698854073e-05
Row.68,control_10.1037/0022-3514.95.2.456,JPSP,0.005622004553947999
Row.68,control_10.1037/0022-3514.95.3.555,JPSP,0.0008922717865513805
Row.68,control_10.1037/0022-3514.95.3.576,JPSP,0.04669587088809971
Row.68,control_10.1037/0022-3514.95.3.593,JPSP,0.00032913492760801424
Row.68,control_10.1037/0022-3514.95.3.608,JPSP,0.017543987711079633
Row.68,control_10.1037/0022-3514.95.3.628,JPSP,0.004623414799612073
Row.68,control_10.1037/0022-3514.95.3.648,JPSP,0.003501500947166638
Row.68,control_10.1037/0022-3514.95.3.662,JPSP,0.010286061082579756
Row.68,control_10.1037/0022-3514.95.3.679,JPSP,0.010588620961290963
Row.68,control_10.1037/0022-3514.95.3.709,JPSP,0.09215517999666793
Row.68,control_10.1037/0022-3514.95.3.739,JPSP,0.029162695332190403
Row.68,control_10.1037/0022-3514.95.5.1080,JPSP,1.0229970940020796e-22
Row.68,control_10.1037/0022-3514.95.5.1095,JPSP,8.072802611234195e-05
Row.68,control_10.1037/0022-3514.95.5.1113,JPSP,0.0076211207590153925
Row.68,control_10.1037/0022-3514.95.5.1136,JPSP,2.8197608024106754e-07
Row.68,control_10.1037/0022-3514.95.5.1150,JPSP,0.0010652049672586067
Row.68,control_10.1037/0022-3514.95.5.1180,JPSP,3.416967788413007e-06
Row.68,control_10.1037/a0011381,JPSP,0.013934625635105313
Row.68,control_10.1037/a0011434,JPSP,2.6421283163733237e-07
Row.68,control_10.1037/a0011617,JPSP,0.011989733536472574
Row.68,control_10.1037/a0011618,JPSP,5.307621217636705e-06
Row.68,control_10.1037/a0011619,JPSP,0.00010789376306794694
Row.68,control_10.1037/a0011990,JPSP,0.00010708551570079004
Row.68,control_10.1037/a0011991,JPSP,1.0840134053765196e-06
Row.68,control_10.1037/a0011993,JPSP,0.004385169986256114
Row.68,control_10.1037/a0012069,JPSP,0.05376131610889185
Row.68,control_10.1037/a0012165,JPSP,0.014020888003707535
Row.68,control_10.1037/a0012453,JPSP,6.664232616447139e-08
Row.68,control_10.1037/a0012454,JPSP,0.0320514643995282
Row.68,control_10.1037/a0012518,JPSP,4.070684854055365e-06
Row.68,control_10.1037/a0012543,JPSP,0.004434418690446275
Row.68,control_10.1037/a0012559,JPSP,0.012753461949355553
Row.68,control_10.1037/a0012612,JPSP,2.4624709076951482e-06
Row.68,control_10.1037/a0012627,JPSP,0.029170101270003593
Row.68,control_10.1037/a0012628,JPSP,4.097033955281901e-06
Row.68,control_10.1037/a0012629,JPSP,0.0016136657426317552
Row.68,control_10.1037/a0012630,JPSP,0.024328497603797447
Row.68,control_10.1037/a0012631,JPSP,0.022955011818695945
Row.68,control_10.1037/a0012632,JPSP,9.062903091951401e-05
Row.68,control_10.1037/a0012633,JPSP,2.541802682885417e-07
Row.68,control_10.1037/a0012634,JPSP,2.36998484617679e-05
Row.68,control_10.1037/a0012635,JPSP,0.0003423307944008413
Row.68,control_10.1037/a0012636,JPSP,0.02160230284544689
Row.68,control_10.1037/a0012650,JPSP,0.008827122739220733
Row.68,control_10.1037/a0012666,JPSP,0.0029167767611005023
Row.68,control_10.1037/a0012705,JPSP,1.9384824913714856e-06
Row.68,control_10.1037/a0012709,JPSP,0.03679371175617872
Row.68,control_10.1037/a0012710,JPSP,0.025968405283066744
Row.68,control_10.1037/a0012821,JPSP,0.0008729040159462942
Row.68,control_10.1037/a0012822,JPSP,0.0024148410463896504
Row.68,control_10.1037/a0012939,JPSP,2.4210140953217313e-06
Row.68,control_10.1037/a0012978,JPSP,0.0034096647945391087
Row.68,control_10.1037/a0013067,JPSP,0.0001903181030744567
Row.68,control_10.1037/a0013192,JPSP,0.005394762982569735
Row.68,control_10.1037/a0013193,JPSP,0.031908667565291836
Row.68,control_10.1037/a0013194,JPSP,2.2895973482653707e-05
Row.68,control_10.1037/a0013195,JPSP,6.737271515266295e-07
Row.68,control_10.1037/a0013261,JPSP,0.002442081109044193
Row.68,control_10.1037/a0013262,JPSP,8.533649932593662e-07
Row.68,control_10.1037/a0013263,JPSP,6.3960241167479225e-06
Row.68,control_10.1037/a0013314,JPSP,0.008644240922583295
Row.68,control_10.1037/a0013315,JPSP,6.428159181092758e-06
Row.68,control_10.1037/a0013316,JPSP,1.4675918838744882e-07
Row.68,control_10.1037/a0013334,JPSP,0.03241408743114222
Row.68,control_10.1037/a0013336,JPSP,0.0020398041885160345
Row.68,control_10.1037/a0013345,JPSP,2.6588002860224913e-08
Row.68,control_10.1037/a0013593,JPSP,0.005185099397906723
Row.69,control_10.1037/0022-3514.94.1.108,JPSP,0.003609050711434872
Row.69,control_10.1037/0022-3514.94.1.133,JPSP,0.006906117869278761
Row.69,control_10.1037/0022-3514.94.1.146,JPSP,0.00589004560902895
Row.69,control_10.1037/0022-3514.94.1.168,JPSP,0.0
Row.69,control_10.1037/0022-3514.94.1.32,JPSP,0.0
Row.69,control_10.1037/0022-3514.94.1.75,JPSP,0.025718967759012088
Row.69,control_10.1037/0022-3514.94.2.278,JPSP,0.0
Row.69,control_10.1037/0022-3514.94.2.292,JPSP,0.0
Row.69,control_10.1037/0022-3514.94.2.307,JPSP,9.68006401783102e-06
Row.69,control_10.1037/0022-3514.94.2.320,JPSP,0.0
Row.69,control_10.1037/0022-3514.94.2.334,JPSP,0.0
Row.69,control_10.1037/0022-3514.94.2.347,JPSP,0.0
Row.69,control_10.1037/0022-3514.94.2.94.2.214,JPSP,0.029479197714559893
Row.69,control_10.1037/0022-3514.94.2.94.2.265,JPSP,6.654296622258259e-21
Row.69,control_10.1037/0022-3514.94.3.365,JPSP,0.039969710256819835
Row.69,control_10.1037/0022-3514.94.3.412,JPSP,3.7530660999894874e-21
Row.69,control_10.1037/0022-3514.94.3.460,JPSP,0.00558111062080833
Row.69,control_10.1037/0022-3514.94.3.479,JPSP,0.018339942030877358
Row.69,control_10.1037/0022-3514.94.3.531,JPSP,0.0
Row.69,control_10.1037/0022-3514.94.4.547,JPSP,0.0
Row.69,control_10.1037/0022-3514.94.4.631,JPSP,0.24695102339379413
Row.69,control_10.1037/0022-3514.94.5.739,JPSP,0.0
Row.69,control_10.1037/0022-3514.94.5.757,JPSP,0.0
Row.69,control_10.1037/0022-3514.94.5.792,JPSP,1.724088655632787e-06
Row.69,control_10.1037/0022-3514.94.5.808,JPSP,3.451384208646417e-21
Row.69,control_10.1037/0022-3514.94.5.824,JPSP,7.005484248654443e-21
Row.69,control_10.1037/0022-3514.94.5.839,JPSP,7.891303043755885e-22
Row.69,control_10.1037/0022-3514.94.5.860,JPSP,0.02084695074069095
Row.69,control_10.1037/0022-3514.94.5.883,JPSP,5.959272763672114e-21
Row.69,control_10.1037/0022-3514.94.5.899,JPSP,2.1677039432440256e-06
Row.69,control_10.1037/0022-3514.94.5.913,JPSP,0.01954010450891398
Row.69,control_10.1037/0022-3514.94.6.1007,JPSP,0.0
Row.69,control_10.1037/0022-3514.94.6.1033,JPSP,4.1313907276636284e-21
Row.69,control_10.1037/0022-3514.94.6.1048,JPSP,0.0
Row.69,control_10.1037/0022-3514.94.6.1062,JPSP,0.03144106536290304
Row.69,control_10.1037/0022-3514.94.6.1078,JPSP,0.0
Row.69,control_10.1037/0022-3514.94.6.925,JPSP,3.558102122501286e-21
Row.69,control_10.1037/0022-3514.94.6.938,JPSP,4.974840688131238e-21
Row.69,control_10.1037/0022-3514.94.6.956,JPSP,0.008924013633321017
Row.69,control_10.1037/0022-3514.94.6.971,JPSP,0.001019888465183679
Row.69,control_10.1037/0022-3514.94.6.988,JPSP,0.0020786691953045013
Row.69,control_10.1037/0022-3514.95.1.1,JPSP,0.003672397618253224
Row.69,control_10.1037/0022-3514.95.1.111,JPSP,7.035327880485315e-22
Row.69,control_10.1037/0022-3514.95.1.128,JPSP,1.8118085402227683e-21
Row.69,control_10.1037/0022-3514.95.1.144,JPSP,6.507061233617426e-21
Row.69,control_10.1037/0022-3514.95.1.166,JPSP,0.0032853256664849145
Row.69,control_10.1037/0022-3514.95.1.181,JPSP,0.0
Row.69,control_10.1037/0022-3514.95.1.197,JPSP,0.0
Row.69,control_10.1037/0022-3514.95.1.212,JPSP,0.0
Row.69,control_10.1037/0022-3514.95.1.222,JPSP,0.023319970811940247
Row.69,control_10.1037/0022-3514.95.1.36,JPSP,3.5310079407592594e-07
Row.69,control_10.1037/0022-3514.95.1.50,JPSP,0.008449682115536523
Row.69,control_10.1037/0022-3514.95.1.66,JPSP,0.0
Row.69,control_10.1037/0022-3514.95.1.94,JPSP,0.0
Row.69,control_10.1037/0022-3514.95.2.253,JPSP,0.0
Row.69,control_10.1037/0022-3514.95.2.308,JPSP,0.0036635243896475057
Row.69,control_10.1037/0022-3514.95.2.319,JPSP,0.0
Row.69,control_10.1037/0022-3514.95.2.338,JPSP,2.3791848252741627e-21
Row.69,control_10.1037/0022-3514.95.2.352,JPSP,0.02463512278953952
Row.69,control_10.1037/0022-3514.95.2.369,JPSP,0.01293320108170952
Row.69,control_10.1037/0022-3514.95.2.385,JPSP,0.009067185614585567
Row.69,control_10.1037/0022-3514.95.2.404,JPSP,1.5954492312052787e-21
Row.69,control_10.1037/0022-3514.95.2.442,JPSP,0.016928891799499107
Row.69,control_10.1037/0022-3514.95.2.456,JPSP,0.0
Row.69,control_10.1037/0022-3514.95.3.555,JPSP,0.0
Row.69,control_10.1037/0022-3514.95.3.576,JPSP,0.0070449159484189585
Row.69,control_10.1037/0022-3514.95.3.593,JPSP,0.0
Row.69,control_10.1037/0022-3514.95.3.608,JPSP,0.0
Row.69,control_10.1037/0022-3514.95.3.628,JPSP,1.5912119207434664e-21
Row.69,control_10.1037/0022-3514.95.3.648,JPSP,1.992550119517277e-21
Row.69,control_10.1037/0022-3514.95.3.662,JPSP,3.418086075696223e-21
Row.69,control_10.1037/0022-3514.95.3.679,JPSP,4.834810626175883e-21
Row.69,control_10.1037/0022-3514.95.3.709,JPSP,0.009029776933517813
Row.69,control_10.1037/0022-3514.95.3.739,JPSP,0.005476205670377659
Row.69,control_10.1037/0022-3514.95.5.1080,JPSP,6.60249629765122e-21
Row.69,control_10.1037/0022-3514.95.5.1095,JPSP,0.006616746183139589
Row.69,control_10.1037/0022-3514.95.5.1113,JPSP,1.5862612297793191e-21
Row.69,control_10.1037/0022-3514.95.5.1136,JPSP,5.609381215211734e-22
Row.69,control_10.1037/0022-3514.95.5.1150,JPSP,0.0
Row.69,control_10.1037/0022-3514.95.5.1180,JPSP,0.009761560895380418
Row.69,control_10.1037/a0011381,JPSP,1.4378873659744124e-21
Row.69,control_10.1037/a0011434,JPSP,4.591212206662991e-21
Row.69,control_10.1037/a0011617,JPSP,0.040750179354180745
Row.69,control_10.1037/a0011618,JPSP,0.06033569014872591
Row.69,control_10.1037/a0011619,JPSP,1.4446112077135338e-07
Row.69,control_10.1037/a0011990,JPSP,0.0
Row.69,control_10.1037/a0011991,JPSP,1.576348012367252e-21
Row.69,control_10.1037/a0011993,JPSP,1.308218019441063e-21
Row.69,control_10.1037/a0012069,JPSP,0.0039185024937494015
Row.69,control_10.1037/a0012165,JPSP,0.0
Row.69,control_10.1037/a0012453,JPSP,0.0
Row.69,control_10.1037/a0012454,JPSP,2.8504984412313548e-21
Row.69,control_10.1037/a0012518,JPSP,8.774121122539347e-22
Row.69,control_10.1037/a0012543,JPSP,2.9951253168456396e-22
Row.69,control_10.1037/a0012559,JPSP,1.2735790157022828e-21
Row.69,control_10.1037/a0012612,JPSP,2.378065632004087e-06
Row.69,control_10.1037/a0012627,JPSP,0.0
Row.69,control_10.1037/a0012628,JPSP,1.2783116116400898e-21
Row.69,control_10.1037/a0012629,JPSP,3.3445911202954873e-21
Row.69,control_10.1037/a0012630,JPSP,2.5838382407428193e-22
Row.69,control_10.1037/a0012631,JPSP,0.008181941411591379
Row.69,control_10.1037/a0012632,JPSP,3.2368791920145897e-21
Row.69,control_10.1037/a0012633,JPSP,9.924532432253213e-22
Row.69,control_10.1037/a0012634,JPSP,0.07162836699518896
Row.69,control_10.1037/a0012635,JPSP,3.439544737472675e-21
Row.69,control_10.1037/a0012636,JPSP,0.010374524335585658
Row.69,control_10.1037/a0012650,JPSP,0.0
Row.69,control_10.1037/a0012666,JPSP,0.0
Row.69,control_10.1037/a0012705,JPSP,2.8709050649156182e-21
Row.69,control_10.1037/a0012709,JPSP,0.0011359683364422005
Row.69,control_10.1037/a0012710,JPSP,0.026088269485732552
Row.69,control_10.1037/a0012821,JPSP,0.0035273656971156306
Row.69,control_10.1037/a0012822,JPSP,2.2174699869607344e-21
Row.69,control_10.1037/a0012939,JPSP,0.0
Row.69,control_10.1037/a0012978,JPSP,5.445954059320715e-22
Row.69,control_10.1037/a0013067,JPSP,2.7060649319884787e-06
Row.69,control_10.1037/a0013192,JPSP,3.0542890177689942e-21
Row.69,control_10.1037/a0013193,JPSP,1.938565444504522e-22
Row.69,control_10.1037/a0013194,JPSP,1.043470115630916e-05
Row.69,control_10.1037/a0013195,JPSP,0.008074231570107225
Row.69,control_10.1037/a0013261,JPSP,4.651791536509985e-22
Row.69,control_10.1037/a0013262,JPSP,0.0
Row.69,control_10.1037/a0013263,JPSP,2.2698892314920244e-21
Row.69,control_10.1037/a0013314,JPSP,0.06421728916958243
Row.69,control_10.1037/a0013315,JPSP,0.09147129180984218
Row.69,control_10.1037/a0013316,JPSP,9.956869230537759e-22
Row.69,control_10.1037/a0013334,JPSP,8.642555194199946e-05
Row.69,control_10.1037/a0013336,JPSP,3.7402995651364614e-21
Row.69,control_10.1037/a0013345,JPSP,0.0
Row.69,control_10.1037/a0013593,JPSP,1.1746863802225812e-20
Row.71,control_10.1037/0022-3514.94.1.108,JPSP,6.551474555213818e-17
Row.71,control_10.1037/0022-3514.94.1.133,JPSP,1.826707092344421e-18
Row.71,control_10.1037/0022-3514.94.1.146,JPSP,0.0
Row.71,control_10.1037/0022-3514.94.1.168,JPSP,1.7746425255011106e-16
Row.71,control_10.1037/0022-3514.94.1.32,JPSP,1.6325782559329268e-16
Row.71,control_10.1037/0022-3514.94.1.75,JPSP,3.6756349490891755e-17
Row.71,control_10.1037/0022-3514.94.2.278,JPSP,7.443975055856312e-17
Row.71,control_10.1037/0022-3514.94.2.292,JPSP,0.0
Row.71,control_10.1037/0022-3514.94.2.307,JPSP,0.0
Row.71,control_10.1037/0022-3514.94.2.320,JPSP,0.0
Row.71,control_10.1037/0022-3514.94.2.334,JPSP,0.0
Row.71,control_10.1037/0022-3514.94.2.347,JPSP,8.00607761323076e-17
Row.71,control_10.1037/0022-3514.94.2.94.2.214,JPSP,0.0
Row.71,control_10.1037/0022-3514.94.2.94.2.265,JPSP,0.0
Row.71,control_10.1037/0022-3514.94.3.365,JPSP,0.0
Row.71,control_10.1037/0022-3514.94.3.412,JPSP,0.0
Row.71,control_10.1037/0022-3514.94.3.460,JPSP,0.0
Row.71,control_10.1037/0022-3514.94.3.479,JPSP,0.0
Row.71,control_10.1037/0022-3514.94.3.531,JPSP,0.0
Row.71,control_10.1037/0022-3514.94.4.547,JPSP,8.672642604248804e-17
Row.71,control_10.1037/0022-3514.94.4.631,JPSP,9.669700369716638e-17
Row.71,control_10.1037/0022-3514.94.5.739,JPSP,0.0
Row.71,control_10.1037/0022-3514.94.5.757,JPSP,0.0
Row.71,control_10.1037/0022-3514.94.5.792,JPSP,0.0
Row.71,control_10.1037/0022-3514.94.5.808,JPSP,0.0
Row.71,control_10.1037/0022-3514.94.5.824,JPSP,0.0
Row.71,control_10.1037/0022-3514.94.5.839,JPSP,0.0
Row.71,control_10.1037/0022-3514.94.5.860,JPSP,0.0
Row.71,control_10.1037/0022-3514.94.5.883,JPSP,0.39060314925627676
Row.71,control_10.1037/0022-3514.94.5.899,JPSP,0.0
Row.71,control_10.1037/0022-3514.94.5.913,JPSP,1.1781711640250313e-18
Row.71,control_10.1037/0022-3514.94.6.1007,JPSP,0.0
Row.71,control_10.1037/0022-3514.94.6.1033,JPSP,7.649750178522004e-18
Row.71,control_10.1037/0022-3514.94.6.1048,JPSP,6.152267745897282e-17
Row.71,control_10.1037/0022-3514.94.6.1062,JPSP,1.942205586447278e-17
Row.71,control_10.1037/0022-3514.94.6.1078,JPSP,0.0
Row.71,control_10.1037/0022-3514.94.6.925,JPSP,0.0
Row.71,control_10.1037/0022-3514.94.6.938,JPSP,6.274975946345182e-17
Row.71,control_10.1037/0022-3514.94.6.956,JPSP,4.237474723293968e-17
Row.71,control_10.1037/0022-3514.94.6.971,JPSP,0.0
Row.71,control_10.1037/0022-3514.94.6.988,JPSP,2.4672718018171483e-16
Row.71,control_10.1037/0022-3514.95.1.1,JPSP,1.2134003652149447e-18
Row.71,control_10.1037/0022-3514.95.1.111,JPSP,0.0
Row.71,control_10.1037/0022-3514.95.1.128,JPSP,2.1210887331229845e-17
Row.71,control_10.1037/0022-3514.95.1.144,JPSP,5.65245272144997e-17
Row.71,control_10.1037/0022-3514.95.1.166,JPSP,0.0
Row.71,control_10.1037/0022-3514.95.1.181,JPSP,4.9468454871472723e-17
Row.71,control_10.1037/0022-3514.95.1.197,JPSP,0.0
Row.71,control_10.1037/0022-3514.95.1.212,JPSP,1.2158267399488242e-17
Row.71,control_10.1037/0022-3514.95.1.222,JPSP,0.0
Row.71,control_10.1037/0022-3514.95.1.36,JPSP,6.979422682187717e-17
Row.71,control_10.1037/0022-3514.95.1.50,JPSP,6.865704948265553e-17
Row.71,control_10.1037/0022-3514.95.1.66,JPSP,0.15246779183729353
Row.71,control_10.1037/0022-3514.95.1.94,JPSP,8.733439076692271e-18
Row.71,control_10.1037/0022-3514.95.2.253,JPSP,0.0
Row.71,control_10.1037/0022-3514.95.2.308,JPSP,1.504219966111234e-17
Row.71,control_10.1037/0022-3514.95.2.319,JPSP,1.2590657094925229e-16
Row.71,control_10.1037/0022-3514.95.2.338,JPSP,0.0
Row.71,control_10.1037/0022-3514.95.2.352,JPSP,0.0
Row.71,control_10.1037/0022-3514.95.2.369,JPSP,4.618285333009885e-18
Row.71,control_10.1037/0022-3514.95.2.385,JPSP,3.773892013391197e-17
Row.71,control_10.1037/0022-3514.95.2.404,JPSP,7.780776881569162e-17
Row.71,control_10.1037/0022-3514.95.2.442,JPSP,0.0
Row.71,control_10.1037/0022-3514.95.2.456,JPSP,1.2030044280697948e-17
Row.71,control_10.1037/0022-3514.95.3.555,JPSP,1.4070900343933524e-16
Row.71,control_10.1037/0022-3514.95.3.576,JPSP,0.0
Row.71,control_10.1037/0022-3514.95.3.593,JPSP,0.0
Row.71,control_10.1037/0022-3514.95.3.608,JPSP,2.8358130750418146e-17
Row.71,control_10.1037/0022-3514.95.3.628,JPSP,0.0
Row.71,control_10.1037/0022-3514.95.3.648,JPSP,0.0
Row.71,control_10.1037/0022-3514.95.3.662,JPSP,4.156190232419372e-17
Row.71,control_10.1037/0022-3514.95.3.679,JPSP,4.78317145517134e-17
Row.71,control_10.1037/0022-3514.95.3.709,JPSP,5.0393872431790183e-17
Row.71,control_10.1037/0022-3514.95.3.739,JPSP,1.6916866494656122e-17
Row.71,control_10.1037/0022-3514.95.5.1080,JPSP,0.0
Row.71,control_10.1037/0022-3514.95.5.1095,JPSP,0.0
Row.71,control_10.1037/0022-3514.95.5.1113,JPSP,0.0
Row.71,control_10.1037/0022-3514.95.5.1136,JPSP,0.0
Row.71,control_10.1037/0022-3514.95.5.1150,JPSP,0.0
Row.71,control_10.1037/0022-3514.95.5.1180,JPSP,0.0
Row.71,control_10.1037/a0011381,JPSP,3.825488538463419e-17
Row.71,control_10.1037/a0011434,JPSP,0.2363089731672794
Row.71,control_10.1037/a0011617,JPSP,2.3607324663087933e-17
Row.71,control_10.1037/a0011618,JPSP,0.0
Row.71,control_10.1037/a0011619,JPSP,0.0
Row.71,control_10.1037/a0011990,JPSP,2.6702533112657638e-17
Row.71,control_10.1037/a0011991,JPSP,1.4885587182450325e-17
Row.71,control_10.1037/a0011993,JPSP,0.0
Row.71,control_10.1037/a0012069,JPSP,4.4366056822484144e-17
Row.71,control_10.1037/a0012165,JPSP,1.8262847197963804e-16
Row.71,control_10.1037/a0012453,JPSP,4.461173820292811e-18
Row.71,control_10.1037/a0012454,JPSP,4.901980803315181e-17
Row.71,control_10.1037/a0012518,JPSP,7.180899417888824e-17
Row.71,control_10.1037/a0012543,JPSP,1.4848396009411096e-17
Row.71,control_10.1037/a0012559,JPSP,2.081748717161272e-18
Row.71,control_10.1037/a0012612,JPSP,0.0
Row.71,control_10.1037/a0012627,JPSP,0.0
Row.71,control_10.1037/a0012628,JPSP,3.995782938306241e-17
Row.71,control_10.1037/a0012629,JPSP,7.307855054375394e-17
Row.71,control_10.1037/a0012630,JPSP,8.745601122444109e-17
Row.71,control_10.1037/a0012631,JPSP,9.218443666603834e-17
Row.71,control_10.1037/a0012632,JPSP,0.0
Row.71,control_10.1037/a0012633,JPSP,7.169359620745552e-19
Row.71,control_10.1037/a0012634,JPSP,0.10263556615494981
Row.71,control_10.1037/a0012635,JPSP,2.3801339314627993e-17
Row.71,control_10.1037/a0012636,JPSP,3.8644136824494375e-17
Row.71,control_10.1037/a0012650,JPSP,5.597374827990098e-19
Row.71,control_10.1037/a0012666,JPSP,0.0
Row.71,control_10.1037/a0012705,JPSP,1.3780262702294042e-17
Row.71,control_10.1037/a0012709,JPSP,9.900067331490166e-18
Row.71,control_10.1037/a0012710,JPSP,0.0
Row.71,control_10.1037/a0012821,JPSP,0.0
Row.71,control_10.1037/a0012822,JPSP,0.0
Row.71,control_10.1037/a0012939,JPSP,0.0
Row.71,control_10.1037/a0012978,JPSP,2.6080335828810604e-17
Row.71,control_10.1037/a0013067,JPSP,0.0
Row.71,control_10.1037/a0013192,JPSP,0.0
Row.71,control_10.1037/a0013193,JPSP,4.1006626215267695e-18
Row.71,control_10.1037/a0013194,JPSP,0.0
Row.71,control_10.1037/a0013195,JPSP,0.0
Row.71,control_10.1037/a0013261,JPSP,9.65168034454406e-18
Row.71,control_10.1037/a0013262,JPSP,0.11798451958419734
Row.71,control_10.1037/a0013263,JPSP,0.0
Row.71,control_10.1037/a0013314,JPSP,0.0
Row.71,control_10.1037/a0013315,JPSP,3.541481726614189e-17
Row.71,control_10.1037/a0013316,JPSP,4.0971772605882246e-17
Row.71,control_10.1037/a0013334,JPSP,0.0
Row.71,control_10.1037/a0013336,JPSP,1.0918959798209007e-17
Row.71,control_10.1037/a0013345,JPSP,0.0
Row.71,control_10.1037/a0013593,JPSP,0.0
Row.72,control_10.1037/0022-3514.94.1.108,JPSP,0.1615651042472664
Row.72,control_10.1037/0022-3514.94.1.133,JPSP,0.0
Row.72,control_10.1037/0022-3514.94.1.146,JPSP,0.0
Row.72,control_10.1037/0022-3514.94.1.168,JPSP,8.899052232083149e-21
Row.72,control_10.1037/0022-3514.94.1.32,JPSP,0.03558198500711378
Row.72,control_10.1037/0022-3514.94.1.75,JPSP,0.0
Row.72,control_10.1037/0022-3514.94.2.278,JPSP,6.402015159146838e-21
Row.72,control_10.1037/0022-3514.94.2.292,JPSP,6.387858029519327e-21
Row.72,control_10.1037/0022-3514.94.2.307,JPSP,7.018938492805465e-22
Row.72,control_10.1037/0022-3514.94.2.320,JPSP,0.0
Row.72,control_10.1037/0022-3514.94.2.334,JPSP,2.352317807301428e-22
Row.72,control_10.1037/0022-3514.94.2.347,JPSP,0.0
Row.72,control_10.1037/0022-3514.94.2.94.2.214,JPSP,2.8506741122432425e-21
Row.72,control_10.1037/0022-3514.94.2.94.2.265,JPSP,2.1878726201411618e-21
Row.72,control_10.1037/0022-3514.94.3.365,JPSP,3.557910442774766e-21
Row.72,control_10.1037/0022-3514.94.3.412,JPSP,1.99296501894187e-21
Row.72,control_10.1037/0022-3514.94.3.460,JPSP,2.2700071920932133e-21
Row.72,control_10.1037/0022-3514.94.3.479,JPSP,0.12104911267737192
Row.72,control_10.1037/0022-3514.94.3.531,JPSP,0.0
Row.72,control_10.1037/0022-3514.94.4.547,JPSP,0.0
Row.72,control_10.1037/0022-3514.94.4.631,JPSP,1.0192255498877445e-20
Row.72,control_10.1037/0022-3514.94.5.739,JPSP,0.0
Row.72,control_10.1037/0022-3514.94.5.757,JPSP,0.0
Row.72,control_10.1037/0022-3514.94.5.792,JPSP,2.294716379619689e-21
Row.72,control_10.1037/0022-3514.94.5.808,JPSP,0.0
Row.72,control_10.1037/0022-3514.94.5.824,JPSP,0.0
Row.72,control_10.1037/0022-3514.94.5.839,JPSP,0.01622787184549834
Row.72,control_10.1037/0022-3514.94.5.860,JPSP,2.1276084495193884e-21
Row.72,control_10.1037/0022-3514.94.5.883,JPSP,0.0
Row.72,control_10.1037/0022-3514.94.5.899,JPSP,0.0
Row.72,control_10.1037/0022-3514.94.5.913,JPSP,2.278498774593496e-21
Row.72,control_10.1037/0022-3514.94.6.1007,JPSP,0.0
Row.72,control_10.1037/0022-3514.94.6.1033,JPSP,5.319536331292784e-22
Row.72,control_10.1037/0022-3514.94.6.1048,JPSP,0.0
Row.72,control_10.1037/0022-3514.94.6.1062,JPSP,3.477406535577955e-21
Row.72,control_10.1037/0022-3514.94.6.1078,JPSP,5.068216673695127e-22
Row.72,control_10.1037/0022-3514.94.6.925,JPSP,6.458791536118989e-22
Row.72,control_10.1037/0022-3514.94.6.938,JPSP,0.19312940838482145
Row.72,control_10.1037/0022-3514.94.6.956,JPSP,0.0
Row.72,control_10.1037/0022-3514.94.6.971,JPSP,5.498701040760309e-21
Row.72,control_10.1037/0022-3514.94.6.988,JPSP,0.0
Row.72,control_10.1037/0022-3514.95.1.1,JPSP,0.0
Row.72,control_10.1037/0022-3514.95.1.111,JPSP,0.0
Row.72,control_10.1037/0022-3514.95.1.128,JPSP,0.0
Row.72,control_10.1037/0022-3514.95.1.144,JPSP,0.0
Row.72,control_10.1037/0022-3514.95.1.166,JPSP,1.9747354658181265e-21
Row.72,control_10.1037/0022-3514.95.1.181,JPSP,2.4089635349174325e-22
Row.72,control_10.1037/0022-3514.95.1.197,JPSP,0.0
Row.72,control_10.1037/0022-3514.95.1.212,JPSP,0.0
Row.72,control_10.1037/0022-3514.95.1.222,JPSP,0.0
Row.72,control_10.1037/0022-3514.95.1.36,JPSP,0.0
Row.72,control_10.1037/0022-3514.95.1.50,JPSP,5.879356621604826e-21
Row.72,control_10.1037/0022-3514.95.1.66,JPSP,0.0
Row.72,control_10.1037/0022-3514.95.1.94,JPSP,4.6139543362329374e-07
Row.72,control_10.1037/0022-3514.95.2.253,JPSP,7.66696396567589e-21
Row.72,control_10.1037/0022-3514.95.2.308,JPSP,1.7689047274880903e-21
Row.72,control_10.1037/0022-3514.95.2.319,JPSP,0.0
Row.72,control_10.1037/0022-3514.95.2.338,JPSP,0.0
Row.72,control_10.1037/0022-3514.95.2.352,JPSP,1.2168872676786341e-21
Row.72,control_10.1037/0022-3514.95.2.369,JPSP,0.0
Row.72,control_10.1037/0022-3514.95.2.385,JPSP,0.0
Row.72,control_10.1037/0022-3514.95.2.404,JPSP,1.9598577786564575e-22
Row.72,control_10.1037/0022-3514.95.2.442,JPSP,1.788471682364497e-21
Row.72,control_10.1037/0022-3514.95.2.456,JPSP,0.14803459657168483
Row.72,control_10.1037/0022-3514.95.3.555,JPSP,0.0
Row.72,control_10.1037/0022-3514.95.3.576,JPSP,0.0035715069432849353
Row.72,control_10.1037/0022-3514.95.3.593,JPSP,9.266440030410458e-22
Row.72,control_10.1037/0022-3514.95.3.608,JPSP,3.0314802495126053e-21
Row.72,control_10.1037/0022-3514.95.3.628,JPSP,1.058724100137761e-21
Row.72,control_10.1037/0022-3514.95.3.648,JPSP,0.0
Row.72,control_10.1037/0022-3514.95.3.662,JPSP,0.0012594198552750482
Row.72,control_10.1037/0022-3514.95.3.679,JPSP,0.0
Row.72,control_10.1037/0022-3514.95.3.709,JPSP,0.0
Row.72,control_10.1037/0022-3514.95.3.739,JPSP,7.0677630067014e-08
Row.72,control_10.1037/0022-3514.95.5.1080,JPSP,0.0
Row.72,control_10.1037/0022-3514.95.5.1095,JPSP,4.7661705483164535e-21
Row.72,control_10.1037/0022-3514.95.5.1113,JPSP,3.275997825927491e-22
Row.72,control_10.1037/0022-3514.95.5.1136,JPSP,0.0
Row.72,control_10.1037/0022-3514.95.5.1150,JPSP,0.0
Row.72,control_10.1037/0022-3514.95.5.1180,JPSP,1.1345253748733811e-21
Row.72,control_10.1037/a0011381,JPSP,0.0
Row.72,control_10.1037/a0011434,JPSP,5.8507094797238184e-21
Row.72,control_10.1037/a0011617,JPSP,0.0
Row.72,control_10.1037/a0011618,JPSP,0.0
Row.72,control_10.1037/a0011619,JPSP,0.21563307132191348
Row.72,control_10.1037/a0011990,JPSP,3.554092503762363e-21
Row.72,control_10.1037/a0011991,JPSP,1.2468186273142985e-22
Row.72,control_10.1037/a0011993,JPSP,8.666621412155707e-22
Row.72,control_10.1037/a0012069,JPSP,0.0009422702661417477
Row.72,control_10.1037/a0012165,JPSP,4.539995104994353e-21
Row.72,control_10.1037/a0012453,JPSP,0.0
Row.72,control_10.1037/a0012454,JPSP,0.0001363981854270033
Row.72,control_10.1037/a0012518,JPSP,0.0
Row.72,control_10.1037/a0012543,JPSP,0.0
Row.72,control_10.1037/a0012559,JPSP,0.0
Row.72,control_10.1037/a0012612,JPSP,6.351905058905666e-23
Row.72,control_10.1037/a0012627,JPSP,0.0
Row.72,control_10.1037/a0012628,JPSP,0.0
Row.72,control_10.1037/a0012629,JPSP,0.0
Row.72,control_10.1037/a0012630,JPSP,0.10247010516487477
Row.72,control_10.1037/a0012631,JPSP,5.90723054232525e-07
Row.72,control_10.1037/a0012632,JPSP,7.753194655500195e-21
Row.72,control_10.1037/a0012633,JPSP,0.0
Row.72,control_10.1037/a0012634,JPSP,0.0
Row.72,control_10.1037/a0012635,JPSP,1.400447819057988e-20
Row.72,control_10.1037/a0012636,JPSP,1.346898907968542e-07
Row.72,control_10.1037/a0012650,JPSP,0.0
Row.72,control_10.1037/a0012666,JPSP,2.1973052488853914e-21
Row.72,control_10.1037/a0012705,JPSP,0.0
Row.72,control_10.1037/a0012709,JPSP,0.0001417878393254843
Row.72,control_10.1037/a0012710,JPSP,0.0
Row.72,control_10.1037/a0012821,JPSP,9.489905144572952e-22
Row.72,control_10.1037/a0012822,JPSP,0.0
Row.72,control_10.1037/a0012939,JPSP,0.0
Row.72,control_10.1037/a0012978,JPSP,1.2465877620320351e-06
Row.72,control_10.1037/a0013067,JPSP,9.135686500933622e-21
Row.72,control_10.1037/a0013192,JPSP,2.924367758849797e-07
Row.72,control_10.1037/a0013193,JPSP,0.0
Row.72,control_10.1037/a0013194,JPSP,2.1323516272749434e-21
Row.72,control_10.1037/a0013195,JPSP,4.900854054711606e-22
Row.72,control_10.1037/a0013261,JPSP,0.0
Row.72,control_10.1037/a0013262,JPSP,9.206476484550568e-21
Row.72,control_10.1037/a0013263,JPSP,0.0
Row.72,control_10.1037/a0013314,JPSP,0.0
Row.72,control_10.1037/a0013315,JPSP,0.0
Row.72,control_10.1037/a0013316,JPSP,0.0
Row.72,control_10.1037/a0013334,JPSP,0.00023202270525437098
Row.72,control_10.1037/a0013336,JPSP,2.254247419985478e-05
Row.72,control_10.1037/a0013345,JPSP,0.0
Row.72,control_10.1037/a0013593,JPSP,2.577658792885208e-22
Row.73,control_10.1037/0022-3514.94.1.108,JPSP,0.0
Row.73,control_10.1037/0022-3514.94.1.133,JPSP,0.0
Row.73,control_10.1037/0022-3514.94.1.146,JPSP,0.0
Row.73,control_10.1037/0022-3514.94.1.168,JPSP,0.0
Row.73,control_10.1037/0022-3514.94.1.32,JPSP,0.0
Row.73,control_10.1037/0022-3514.94.1.75,JPSP,0.0
Row.73,control_10.1037/0022-3514.94.2.278,JPSP,2.1956077996491398e-17
Row.73,control_10.1037/0022-3514.94.2.292,JPSP,0.0
Row.73,control_10.1037/0022-3514.94.2.307,JPSP,0.0
Row.73,control_10.1037/0022-3514.94.2.320,JPSP,5.84898401698521e-18
Row.73,control_10.1037/0022-3514.94.2.334,JPSP,9.178328741514081e-18
Row.73,control_10.1037/0022-3514.94.2.347,JPSP,0.25675600656707886
Row.73,control_10.1037/0022-3514.94.2.94.2.214,JPSP,3.810693197715749e-17
Row.73,control_10.1037/0022-3514.94.2.94.2.265,JPSP,0.0
Row.73,control_10.1037/0022-3514.94.3.365,JPSP,2.6509791361319852e-18
Row.73,control_10.1037/0022-3514.94.3.412,JPSP,1.4690875108668885e-17
Row.73,control_10.1037/0022-3514.94.3.460,JPSP,3.4691597656892655e-17
Row.73,control_10.1037/0022-3514.94.3.479,JPSP,0.0
Row.73,control_10.1037/0022-3514.94.3.531,JPSP,0.0
Row.73,control_10.1037/0022-3514.94.4.547,JPSP,0.0968557768207963
Row.73,control_10.1037/0022-3514.94.4.631,JPSP,0.0
Row.73,control_10.1037/0022-3514.94.5.739,JPSP,0.0
Row.73,control_10.1037/0022-3514.94.5.757,JPSP,3.209895699165483e-18
Row.73,control_10.1037/0022-3514.94.5.792,JPSP,2.9424590745348835e-18
Row.73,control_10.1037/0022-3514.94.5.808,JPSP,0.0
Row.73,control_10.1037/0022-3514.94.5.824,JPSP,0.0
Row.73,control_10.1037/0022-3514.94.5.839,JPSP,0.0
Row.73,control_10.1037/0022-3514.94.5.860,JPSP,1.3384938297443861e-17
Row.73,control_10.1037/0022-3514.94.5.883,JPSP,0.0
Row.73,control_10.1037/0022-3514.94.5.899,JPSP,0.0
Row.73,control_10.1037/0022-3514.94.5.913,JPSP,0.0
Row.73,control_10.1037/0022-3514.94.6.1007,JPSP,0.0
Row.73,control_10.1037/0022-3514.94.6.1033,JPSP,3.792281295541448e-18
Row.73,control_10.1037/0022-3514.94.6.1048,JPSP,0.0
Row.73,control_10.1037/0022-3514.94.6.1062,JPSP,0.0
Row.73,control_10.1037/0022-3514.94.6.1078,JPSP,2.860716141829616e-17
Row.73,control_10.1037/0022-3514.94.6.925,JPSP,2.1356010346707475e-18
Row.73,control_10.1037/0022-3514.94.6.938,JPSP,0.0
Row.73,control_10.1037/0022-3514.94.6.956,JPSP,0.0
Row.73,control_10.1037/0022-3514.94.6.971,JPSP,0.0
Row.73,control_10.1037/0022-3514.94.6.988,JPSP,0.0
Row.73,control_10.1037/0022-3514.95.1.1,JPSP,1.3181120057315727e-17
Row.73,control_10.1037/0022-3514.95.1.111,JPSP,0.0
Row.73,control_10.1037/0022-3514.95.1.128,JPSP,0.0
Row.73,control_10.1037/0022-3514.95.1.144,JPSP,4.4015569206553004e-17
Row.73,control_10.1037/0022-3514.95.1.166,JPSP,0.0
Row.73,control_10.1037/0022-3514.95.1.181,JPSP,0.0
Row.73,control_10.1037/0022-3514.95.1.197,JPSP,0.0
Row.73,control_10.1037/0022-3514.95.1.212,JPSP,1.608659929880675e-17
Row.73,control_10.1037/0022-3514.95.1.222,JPSP,0.0
Row.73,control_10.1037/0022-3514.95.1.36,JPSP,0.0
Row.73,control_10.1037/0022-3514.95.1.50,JPSP,0.0
Row.73,control_10.1037/0022-3514.95.1.66,JPSP,3.735581113838662e-17
Row.73,control_10.1037/0022-3514.95.1.94,JPSP,1.8089036933522903e-17
Row.73,control_10.1037/0022-3514.95.2.253,JPSP,0.0
Row.73,control_10.1037/0022-3514.95.2.308,JPSP,0.0
Row.73,control_10.1037/0022-3514.95.2.319,JPSP,5.173924191091164e-17
Row.73,control_10.1037/0022-3514.95.2.338,JPSP,0.0
Row.73,control_10.1037/0022-3514.95.2.352,JPSP,0.2224245302277004
Row.73,control_10.1037/0022-3514.95.2.369,JPSP,0.0
Row.73,control_10.1037/0022-3514.95.2.385,JPSP,0.0
Row.73,control_10.1037/0022-3514.95.2.404,JPSP,0.0
Row.73,control_10.1037/0022-3514.95.2.442,JPSP,0.0
Row.73,control_10.1037/0022-3514.95.2.456,JPSP,0.0
Row.73,control_10.1037/0022-3514.95.3.555,JPSP,0.0
Row.73,control_10.1037/0022-3514.95.3.576,JPSP,0.20825688236711756
Row.73,control_10.1037/0022-3514.95.3.593,JPSP,2.91233021920124e-17
Row.73,control_10.1037/0022-3514.95.3.608,JPSP,2.723855218978939e-18
Row.73,control_10.1037/0022-3514.95.3.628,JPSP,4.0899114681759096e-18
Row.73,control_10.1037/0022-3514.95.3.648,JPSP,0.0
Row.73,control_10.1037/0022-3514.95.3.662,JPSP,0.0
Row.73,control_10.1037/0022-3514.95.3.679,JPSP,0.0
Row.73,control_10.1037/0022-3514.95.3.709,JPSP,0.0
Row.73,control_10.1037/0022-3514.95.3.739,JPSP,0.0
Row.73,control_10.1037/0022-3514.95.5.1080,JPSP,4.763728437975222e-17
Row.73,control_10.1037/0022-3514.95.5.1095,JPSP,0.0
Row.73,control_10.1037/0022-3514.95.5.1113,JPSP,4.0199693616890167e-17
Row.73,control_10.1037/0022-3514.95.5.1136,JPSP,0.0
Row.73,control_10.1037/0022-3514.95.5.1150,JPSP,0.0
Row.73,control_10.1037/0022-3514.95.5.1180,JPSP,0.0
Row.73,control_10.1037/a0011381,JPSP,0.0
Row.73,control_10.1037/a0011434,JPSP,0.0
Row.73,control_10.1037/a0011617,JPSP,0.0
Row.73,control_10.1037/a0011618,JPSP,0.0
Row.73,control_10.1037/a0011619,JPSP,0.0
Row.73,control_10.1037/a0011990,JPSP,0.0
Row.73,control_10.1037/a0011991,JPSP,0.0
Row.73,control_10.1037/a0011993,JPSP,0.0
Row.73,control_10.1037/a0012069,JPSP,0.0
Row.73,control_10.1037/a0012165,JPSP,0.0
Row.73,control_10.1037/a0012453,JPSP,0.0
Row.73,control_10.1037/a0012454,JPSP,0.0
Row.73,control_10.1037/a0012518,JPSP,1.239911628508033e-18
Row.73,control_10.1037/a0012543,JPSP,0.0
Row.73,control_10.1037/a0012559,JPSP,1.0498281724686928e-17
Row.73,control_10.1037/a0012612,JPSP,0.0
Row.73,control_10.1037/a0012627,JPSP,0.0
Row.73,control_10.1037/a0012628,JPSP,0.0
Row.73,control_10.1037/a0012629,JPSP,0.0
Row.73,control_10.1037/a0012630,JPSP,0.0
Row.73,control_10.1037/a0012631,JPSP,4.9635952394696274e-18
Row.73,control_10.1037/a0012632,JPSP,0.0
Row.73,control_10.1037/a0012633,JPSP,2.5532566822960253e-17
Row.73,control_10.1037/a0012634,JPSP,0.0
Row.73,control_10.1037/a0012635,JPSP,0.0
Row.73,control_10.1037/a0012636,JPSP,0.0
Row.73,control_10.1037/a0012650,JPSP,0.0
Row.73,control_10.1037/a0012666,JPSP,3.7185703127960686e-21
Row.73,control_10.1037/a0012705,JPSP,0.0
Row.73,control_10.1037/a0012709,JPSP,0.0
Row.73,control_10.1037/a0012710,JPSP,3.3592235131656977e-17
Row.73,control_10.1037/a0012821,JPSP,0.0
Row.73,control_10.1037/a0012822,JPSP,0.0
Row.73,control_10.1037/a0012939,JPSP,0.0
Row.73,control_10.1037/a0012978,JPSP,0.0
Row.73,control_10.1037/a0013067,JPSP,0.0
Row.73,control_10.1037/a0013192,JPSP,0.0
Row.73,control_10.1037/a0013193,JPSP,2.4645378695054398e-18
Row.73,control_10.1037/a0013194,JPSP,0.0
Row.73,control_10.1037/a0013195,JPSP,0.0
Row.73,control_10.1037/a0013261,JPSP,0.0
Row.73,control_10.1037/a0013262,JPSP,7.407942458157499e-17
Row.73,control_10.1037/a0013263,JPSP,0.0
Row.73,control_10.1037/a0013314,JPSP,0.0
Row.73,control_10.1037/a0013315,JPSP,1.9311193586365495e-20
Row.73,control_10.1037/a0013316,JPSP,0.0
Row.73,control_10.1037/a0013334,JPSP,0.2157068040173061
Row.73,control_10.1037/a0013336,JPSP,0.0
Row.73,control_10.1037/a0013345,JPSP,0.0
Row.73,control_10.1037/a0013593,JPSP,0.0
Row.77,control_10.1037/0022-3514.94.1.108,JPSP,0.0
Row.77,control_10.1037/0022-3514.94.1.133,JPSP,7.850341773037746e-18
Row.77,control_10.1037/0022-3514.94.1.146,JPSP,0.0
Row.77,control_10.1037/0022-3514.94.1.168,JPSP,0.0
Row.77,control_10.1037/0022-3514.94.1.32,JPSP,0.0
Row.77,control_10.1037/0022-3514.94.1.75,JPSP,5.2859677042764775e-17
Row.77,control_10.1037/0022-3514.94.2.278,JPSP,4.0324817834907665e-17
Row.77,control_10.1037/0022-3514.94.2.292,JPSP,2.5770552757552667e-17
Row.77,control_10.1037/0022-3514.94.2.307,JPSP,1.77406985637924e-17
Row.77,control_10.1037/0022-3514.94.2.320,JPSP,0.0
Row.77,control_10.1037/0022-3514.94.2.334,JPSP,0.0
Row.77,control_10.1037/0022-3514.94.2.347,JPSP,6.994553348333646e-18
Row.77,control_10.1037/0022-3514.94.2.94.2.214,JPSP,0.1867452732970018
Row.77,control_10.1037/0022-3514.94.2.94.2.265,JPSP,0.0
Row.77,control_10.1037/0022-3514.94.3.365,JPSP,0.0
Row.77,control_10.1037/0022-3514.94.3.412,JPSP,0.0
Row.77,control_10.1037/0022-3514.94.3.460,JPSP,0.0
Row.77,control_10.1037/0022-3514.94.3.479,JPSP,2.209049403194066e-17
Row.77,control_10.1037/0022-3514.94.3.531,JPSP,0.0
Row.77,control_10.1037/0022-3514.94.4.547,JPSP,5.554281346629741e-17
Row.77,control_10.1037/0022-3514.94.4.631,JPSP,0.11061743477958783
Row.77,control_10.1037/0022-3514.94.5.739,JPSP,1.0846992924579925e-17
Row.77,control_10.1037/0022-3514.94.5.757,JPSP,0.0
Row.77,control_10.1037/0022-3514.94.5.792,JPSP,0.0
Row.77,control_10.1037/0022-3514.94.5.808,JPSP,1.0038673654406682e-17
Row.77,control_10.1037/0022-3514.94.5.824,JPSP,2.4255665390393993e-17
Row.77,control_10.1037/0022-3514.94.5.839,JPSP,0.0
Row.77,control_10.1037/0022-3514.94.5.860,JPSP,1.3500149726450047e-17
Row.77,control_10.1037/0022-3514.94.5.883,JPSP,3.2687795947067654e-17
Row.77,control_10.1037/0022-3514.94.5.899,JPSP,3.963541814642057e-17
Row.77,control_10.1037/0022-3514.94.5.913,JPSP,0.0
Row.77,control_10.1037/0022-3514.94.6.1007,JPSP,9.120897287135542e-18
Row.77,control_10.1037/0022-3514.94.6.1033,JPSP,0.0
Row.77,control_10.1037/0022-3514.94.6.1048,JPSP,0.0
Row.77,control_10.1037/0022-3514.94.6.1062,JPSP,0.0
Row.77,control_10.1037/0022-3514.94.6.1078,JPSP,3.235696083940473e-17
Row.77,control_10.1037/0022-3514.94.6.925,JPSP,6.937730967515957e-17
Row.77,control_10.1037/0022-3514.94.6.938,JPSP,0.0
Row.77,control_10.1037/0022-3514.94.6.956,JPSP,2.8575500195880514e-17
Row.77,control_10.1037/0022-3514.94.6.971,JPSP,0.0
Row.77,control_10.1037/0022-3514.94.6.988,JPSP,0.0
Row.77,control_10.1037/0022-3514.95.1.1,JPSP,0.0
Row.77,control_10.1037/0022-3514.95.1.111,JPSP,5.997998398813316e-17
Row.77,control_10.1037/0022-3514.95.1.128,JPSP,0.0
Row.77,control_10.1037/0022-3514.95.1.144,JPSP,3.0935895054360137e-17
Row.77,control_10.1037/0022-3514.95.1.166,JPSP,1.6861607285798973e-17
Row.77,control_10.1037/0022-3514.95.1.181,JPSP,1.04302333907547e-18
Row.77,control_10.1037/0022-3514.95.1.197,JPSP,0.0
Row.77,control_10.1037/0022-3514.95.1.212,JPSP,0.0
Row.77,control_10.1037/0022-3514.95.1.222,JPSP,0.0
Row.77,control_10.1037/0022-3514.95.1.36,JPSP,3.7662917226856046e-17
Row.77,control_10.1037/0022-3514.95.1.50,JPSP,0.0
Row.77,control_10.1037/0022-3514.95.1.66,JPSP,0.0
Row.77,control_10.1037/0022-3514.95.1.94,JPSP,0.0
Row.77,control_10.1037/0022-3514.95.2.253,JPSP,0.0
Row.77,control_10.1037/0022-3514.95.2.308,JPSP,2.793284141523005e-17
Row.77,control_10.1037/0022-3514.95.2.319,JPSP,2.685721363395236e-17
Row.77,control_10.1037/0022-3514.95.2.338,JPSP,0.0
Row.77,control_10.1037/0022-3514.95.2.352,JPSP,0.0
Row.77,control_10.1037/0022-3514.95.2.369,JPSP,0.0
Row.77,control_10.1037/0022-3514.95.2.385,JPSP,0.0
Row.77,control_10.1037/0022-3514.95.2.404,JPSP,1.2109769248774038e-17
Row.77,control_10.1037/0022-3514.95.2.442,JPSP,0.46018050156916585
Row.77,control_10.1037/0022-3514.95.2.456,JPSP,2.600531372401402e-18
Row.77,control_10.1037/0022-3514.95.3.555,JPSP,0.0
Row.77,control_10.1037/0022-3514.95.3.576,JPSP,5.816557299908609e-17
Row.77,control_10.1037/0022-3514.95.3.593,JPSP,1.868175777641449e-18
Row.77,control_10.1037/0022-3514.95.3.608,JPSP,0.0
Row.77,control_10.1037/0022-3514.95.3.628,JPSP,1.0835469973631799e-17
Row.77,control_10.1037/0022-3514.95.3.648,JPSP,4.473064841288082e-17
Row.77,control_10.1037/0022-3514.95.3.662,JPSP,0.0
Row.77,control_10.1037/0022-3514.95.3.679,JPSP,1.2833306225726093e-17
Row.77,control_10.1037/0022-3514.95.3.709,JPSP,0.0
Row.77,control_10.1037/0022-3514.95.3.739,JPSP,0.0
Row.77,control_10.1037/0022-3514.95.5.1080,JPSP,0.14043498052674613
Row.77,control_10.1037/0022-3514.95.5.1095,JPSP,0.0
Row.77,control_10.1037/0022-3514.95.5.1113,JPSP,3.3598209004789835e-17
Row.77,control_10.1037/0022-3514.95.5.1136,JPSP,0.0
Row.77,control_10.1037/0022-3514.95.5.1150,JPSP,0.0
Row.77,control_10.1037/0022-3514.95.5.1180,JPSP,7.988189667326302e-18
Row.77,control_10.1037/a0011381,JPSP,7.301268476259827e-19
Row.77,control_10.1037/a0011434,JPSP,9.993076334804647e-18
Row.77,control_10.1037/a0011617,JPSP,2.6182357799233984e-17
Row.77,control_10.1037/a0011618,JPSP,0.0
Row.77,control_10.1037/a0011619,JPSP,9.77268001687828e-18
Row.77,control_10.1037/a0011990,JPSP,2.915537489260141e-17
Row.77,control_10.1037/a0011991,JPSP,1.4312521249642724e-17
Row.77,control_10.1037/a0011993,JPSP,1.0764542058920555e-17
Row.77,control_10.1037/a0012069,JPSP,2.401845185701288e-17
Row.77,control_10.1037/a0012165,JPSP,0.0
Row.77,control_10.1037/a0012453,JPSP,0.0
Row.77,control_10.1037/a0012454,JPSP,6.496953795816587e-17
Row.77,control_10.1037/a0012518,JPSP,0.0
Row.77,control_10.1037/a0012543,JPSP,4.795801286647404e-19
Row.77,control_10.1037/a0012559,JPSP,0.0
Row.77,control_10.1037/a0012612,JPSP,2.3034734872098333e-18
Row.77,control_10.1037/a0012627,JPSP,2.6518930339930945e-17
Row.77,control_10.1037/a0012628,JPSP,0.0
Row.77,control_10.1037/a0012629,JPSP,0.0
Row.77,control_10.1037/a0012630,JPSP,5.195120724370848e-17
Row.77,control_10.1037/a0012631,JPSP,0.0
Row.77,control_10.1037/a0012632,JPSP,0.0
Row.77,control_10.1037/a0012633,JPSP,2.4337279267980743e-17
Row.77,control_10.1037/a0012634,JPSP,0.10202180982749692
Row.77,control_10.1037/a0012635,JPSP,0.0
Row.77,control_10.1037/a0012636,JPSP,0.0
Row.77,control_10.1037/a0012650,JPSP,6.295234099069457e-17
Row.77,control_10.1037/a0012666,JPSP,1.5907971836556627e-17
Row.77,control_10.1037/a0012705,JPSP,1.4979644223685916e-17
Row.77,control_10.1037/a0012709,JPSP,6.764788639828223e-18
Row.77,control_10.1037/a0012710,JPSP,0.0
Row.77,control_10.1037/a0012821,JPSP,0.0
Row.77,control_10.1037/a0012822,JPSP,0.0
Row.77,control_10.1037/a0012939,JPSP,0.0
Row.77,control_10.1037/a0012978,JPSP,2.5721234465539326e-18
Row.77,control_10.1037/a0013067,JPSP,0.0
Row.77,control_10.1037/a0013192,JPSP,9.397184825727933e-19
Row.77,control_10.1037/a0013193,JPSP,0.0
Row.77,control_10.1037/a0013194,JPSP,4.3338146393553826e-17
Row.77,control_10.1037/a0013195,JPSP,4.8319719948511723e-17
Row.77,control_10.1037/a0013261,JPSP,0.0
Row.77,control_10.1037/a0013262,JPSP,0.0
Row.77,control_10.1037/a0013263,JPSP,0.0
Row.77,control_10.1037/a0013314,JPSP,5.73870335524049e-18
Row.77,control_10.1037/a0013315,JPSP,0.0
Row.77,control_10.1037/a0013316,JPSP,9.068587155106897e-18
Row.77,control_10.1037/a0013334,JPSP,1.0072084357850606e-17
Row.77,control_10.1037/a0013336,JPSP,1.7053649332655503e-17
Row.77,control_10.1037/a0013345,JPSP,2.719951470851139e-17
Row.77,control_10.1037/a0013593,JPSP,0.0
Row.80,control_10.1037/0022-3514.94.1.108,JPSP,0.0
Row.80,control_10.1037/0022-3514.94.1.133,JPSP,1.4601524803814409e-18
Row.80,control_10.1037/0022-3514.94.1.146,JPSP,0.0
Row.80,control_10.1037/0022-3514.94.1.168,JPSP,2.509279961695575e-17
Row.80,control_10.1037/0022-3514.94.1.32,JPSP,2.36843452645598e-17
Row.80,control_10.1037/0022-3514.94.1.75,JPSP,0.0
Row.80,control_10.1037/0022-3514.94.2.278,JPSP,0.0
Row.80,control_10.1037/0022-3514.94.2.292,JPSP,0.0
Row.80,control_10.1037/0022-3514.94.2.307,JPSP,5.2631582190007416e-17
Row.80,control_10.1037/0022-3514.94.2.320,JPSP,1.4266542354693915e-17
Row.80,control_10.1037/0022-3514.94.2.334,JPSP,0.0
Row.80,control_10.1037/0022-3514.94.2.347,JPSP,3.2953006653456e-16
Row.80,control_10.1037/0022-3514.94.2.94.2.214,JPSP,1.2385932507958201e-17
Row.80,control_10.1037/0022-3514.94.2.94.2.265,JPSP,4.637847092340652e-18
Row.80,control_10.1037/0022-3514.94.3.365,JPSP,8.689261445993884e-17
Row.80,control_10.1037/0022-3514.94.3.412,JPSP,0.0
Row.80,control_10.1037/0022-3514.94.3.460,JPSP,2.3529517284481904e-17
Row.80,control_10.1037/0022-3514.94.3.479,JPSP,0.0
Row.80,control_10.1037/0022-3514.94.3.531,JPSP,0.0
Row.80,control_10.1037/0022-3514.94.4.547,JPSP,0.0581632703340732
Row.80,control_10.1037/0022-3514.94.4.631,JPSP,5.4179272120690906e-18
Row.80,control_10.1037/0022-3514.94.5.739,JPSP,0.0
Row.80,control_10.1037/0022-3514.94.5.757,JPSP,0.0
Row.80,control_10.1037/0022-3514.94.5.792,JPSP,4.0570432593979257e-17
Row.80,control_10.1037/0022-3514.94.5.808,JPSP,0.0
Row.80,control_10.1037/0022-3514.94.5.824,JPSP,0.0
Row.80,control_10.1037/0022-3514.94.5.839,JPSP,0.0
Row.80,control_10.1037/0022-3514.94.5.860,JPSP,2.249479063705508e-16
Row.80,control_10.1037/0022-3514.94.5.883,JPSP,0.0
Row.80,control_10.1037/0022-3514.94.5.899,JPSP,2.5266661948703353e-17
Row.80,control_10.1037/0022-3514.94.5.913,JPSP,2.5946918576703987e-17
Row.80,control_10.1037/0022-3514.94.6.1007,JPSP,0.0
Row.80,control_10.1037/0022-3514.94.6.1033,JPSP,1.954875714395472e-17
Row.80,control_10.1037/0022-3514.94.6.1048,JPSP,1.4740089053580682e-17
Row.80,control_10.1037/0022-3514.94.6.1062,JPSP,0.0
Row.80,control_10.1037/0022-3514.94.6.1078,JPSP,0.0
Row.80,control_10.1037/0022-3514.94.6.925,JPSP,0.0
Row.80,control_10.1037/0022-3514.94.6.938,JPSP,6.607456673133112e-18
Row.80,control_10.1037/0022-3514.94.6.956,JPSP,2.3404994329652537e-17
Row.80,control_10.1037/0022-3514.94.6.971,JPSP,1.031041798406289e-17
Row.80,control_10.1037/0022-3514.94.6.988,JPSP,3.00890203604391e-17
Row.80,control_10.1037/0022-3514.95.1.1,JPSP,1.9022552520024034e-17
Row.80,control_10.1037/0022-3514.95.1.111,JPSP,6.878748913433676e-17
Row.80,control_10.1037/0022-3514.95.1.128,JPSP,0.0
Row.80,control_10.1037/0022-3514.95.1.144,JPSP,0.0
Row.80,control_10.1037/0022-3514.95.1.166,JPSP,2.7888934093782454e-17
Row.80,control_10.1037/0022-3514.95.1.181,JPSP,0.0
Row.80,control_10.1037/0022-3514.95.1.197,JPSP,0.0
Row.80,control_10.1037/0022-3514.95.1.212,JPSP,2.5139559851697443e-17
Row.80,control_10.1037/0022-3514.95.1.222,JPSP,2.6852388235534044e-18
Row.80,control_10.1037/0022-3514.95.1.36,JPSP,0.0
Row.80,control_10.1037/0022-3514.95.1.50,JPSP,2.5423912905854897e-17
Row.80,control_10.1037/0022-3514.95.1.66,JPSP,2.2930569852202425e-17
Row.80,control_10.1037/0022-3514.95.1.94,JPSP,0.0
Row.80,control_10.1037/0022-3514.95.2.253,JPSP,1.9448794944554244e-18
Row.80,control_10.1037/0022-3514.95.2.308,JPSP,1.6778237832141424e-17
Row.80,control_10.1037/0022-3514.95.2.319,JPSP,3.2759122959867407e-17
Row.80,control_10.1037/0022-3514.95.2.338,JPSP,2.407064645674245e-18
Row.80,control_10.1037/0022-3514.95.2.352,JPSP,0.14305330580383468
Row.80,control_10.1037/0022-3514.95.2.369,JPSP,0.0
Row.80,control_10.1037/0022-3514.95.2.385,JPSP,0.0
Row.80,control_10.1037/0022-3514.95.2.404,JPSP,1.6062690941962999e-18
Row.80,control_10.1037/0022-3514.95.2.442,JPSP,1.3997047749130412e-18
Row.80,control_10.1037/0022-3514.95.2.456,JPSP,0.0
Row.80,control_10.1037/0022-3514.95.3.555,JPSP,0.0
Row.80,control_10.1037/0022-3514.95.3.576,JPSP,0.0
Row.80,control_10.1037/0022-3514.95.3.593,JPSP,3.315159744754685e-17
Row.80,control_10.1037/0022-3514.95.3.608,JPSP,0.0
Row.80,control_10.1037/0022-3514.95.3.628,JPSP,4.7969694002384404e-17
Row.80,control_10.1037/0022-3514.95.3.648,JPSP,1.8774364830139805e-17
Row.80,control_10.1037/0022-3514.95.3.662,JPSP,1.4066689076514405e-17
Row.80,control_10.1037/0022-3514.95.3.679,JPSP,1.5140503432251255e-17
Row.80,control_10.1037/0022-3514.95.3.709,JPSP,0.0
Row.80,control_10.1037/0022-3514.95.3.739,JPSP,1.4170438181175736e-17
Row.80,control_10.1037/0022-3514.95.5.1080,JPSP,0.0
Row.80,control_10.1037/0022-3514.95.5.1095,JPSP,6.342659173244583e-18
Row.80,control_10.1037/0022-3514.95.5.1113,JPSP,1.2935752289102412e-17
Row.80,control_10.1037/0022-3514.95.5.1136,JPSP,5.949383972889963e-19
Row.80,control_10.1037/0022-3514.95.5.1150,JPSP,0.0
Row.80,control_10.1037/0022-3514.95.5.1180,JPSP,3.2372032121370746e-17
Row.80,control_10.1037/a0011381,JPSP,2.7479697901475468e-17
Row.80,control_10.1037/a0011434,JPSP,2.6853945171996175e-17
Row.80,control_10.1037/a0011617,JPSP,3.732490929794813e-17
Row.80,control_10.1037/a0011618,JPSP,4.911823189365164e-18
Row.80,control_10.1037/a0011619,JPSP,0.0
Row.80,control_10.1037/a0011990,JPSP,2.00047215022994e-17
Row.80,control_10.1037/a0011991,JPSP,6.720849715960242e-18
Row.80,control_10.1037/a0011993,JPSP,1.5531975372223197e-17
Row.80,control_10.1037/a0012069,JPSP,0.0
Row.80,control_10.1037/a0012165,JPSP,0.0
Row.80,control_10.1037/a0012453,JPSP,0.0
Row.80,control_10.1037/a0012454,JPSP,1.5673995237799934e-17
Row.80,control_10.1037/a0012518,JPSP,1.2544491523335139e-17
Row.80,control_10.1037/a0012543,JPSP,1.0418583183138384e-17
Row.80,control_10.1037/a0012559,JPSP,3.7685823355848535e-17
Row.80,control_10.1037/a0012612,JPSP,0.0
Row.80,control_10.1037/a0012627,JPSP,0.7987834238620896
Row.80,control_10.1037/a0012628,JPSP,3.1073622963358826e-17
Row.80,control_10.1037/a0012629,JPSP,4.444233977799084e-17
Row.80,control_10.1037/a0012630,JPSP,2.9905096365811915e-17
Row.80,control_10.1037/a0012631,JPSP,1.0539211401586967e-17
Row.80,control_10.1037/a0012632,JPSP,2.454993685359335e-17
Row.80,control_10.1037/a0012633,JPSP,0.0
Row.80,control_10.1037/a0012634,JPSP,0.0
Row.80,control_10.1037/a0012635,JPSP,9.649871630781454e-18
Row.80,control_10.1037/a0012636,JPSP,3.6903471982266314e-17
Row.80,control_10.1037/a0012650,JPSP,5.602236833884576e-17
Row.80,control_10.1037/a0012666,JPSP,1.1954740086783411e-18
Row.80,control_10.1037/a0012705,JPSP,2.4662145232666628e-17
Row.80,control_10.1037/a0012709,JPSP,2.715335728981427e-17
Row.80,control_10.1037/a0012710,JPSP,0.0
Row.80,control_10.1037/a0012821,JPSP,1.662780854280331e-17
Row.80,control_10.1037/a0012822,JPSP,1.1507094878862074e-17
Row.80,control_10.1037/a0012939,JPSP,1.340253846992543e-17
Row.80,control_10.1037/a0012978,JPSP,2.4956791383861725e-17
Row.80,control_10.1037/a0013067,JPSP,8.555191995296258e-18
Row.80,control_10.1037/a0013192,JPSP,8.085616583489977e-18
Row.80,control_10.1037/a0013193,JPSP,0.0
Row.80,control_10.1037/a0013194,JPSP,7.025138611008402e-17
Row.80,control_10.1037/a0013195,JPSP,2.5658792354123646e-17
Row.80,control_10.1037/a0013261,JPSP,1.885223680825876e-17
Row.80,control_10.1037/a0013262,JPSP,0.0
Row.80,control_10.1037/a0013263,JPSP,2.920565654160585e-17
Row.80,control_10.1037/a0013314,JPSP,0.0
Row.80,control_10.1037/a0013315,JPSP,5.860929151897799e-18
Row.80,control_10.1037/a0013316,JPSP,2.2250777813553825e-17
Row.80,control_10.1037/a0013334,JPSP,1.1796443473051802e-17
Row.80,control_10.1037/a0013336,JPSP,3.0498083992574115e-17
Row.80,control_10.1037/a0013345,JPSP,3.262558458488615e-17
Row.80,control_10.1037/a0013593,JPSP,1.7235264055912314e-16
Row.81,control_10.1037/0022-3514.94.1.108,JPSP,3.491904662067111e-16
Row.81,control_10.1037/0022-3514.94.1.133,JPSP,3.413477296240971e-16
Row.81,control_10.1037/0022-3514.94.1.146,JPSP,1.78532746642921e-16
Row.81,control_10.1037/0022-3514.94.1.168,JPSP,0.0
Row.81,control_10.1037/0022-3514.94.1.32,JPSP,5.509698947438579e-16
Row.81,control_10.1037/0022-3514.94.1.75,JPSP,0.0
Row.81,control_10.1037/0022-3514.94.2.278,JPSP,0.0
Row.81,control_10.1037/0022-3514.94.2.292,JPSP,4.3997840339370193e-17
Row.81,control_10.1037/0022-3514.94.2.307,JPSP,4.877733085105598e-17
Row.81,control_10.1037/0022-3514.94.2.320,JPSP,0.0
Row.81,control_10.1037/0022-3514.94.2.334,JPSP,0.0
Row.81,control_10.1037/0022-3514.94.2.347,JPSP,0.0
Row.81,control_10.1037/0022-3514.94.2.94.2.214,JPSP,4.036999044985047e-17
Row.81,control_10.1037/0022-3514.94.2.94.2.265,JPSP,0.0
Row.81,control_10.1037/0022-3514.94.3.365,JPSP,0.0
Row.81,control_10.1037/0022-3514.94.3.412,JPSP,0.0
Row.81,control_10.1037/0022-3514.94.3.460,JPSP,8.418449581520801e-17
Row.81,control_10.1037/0022-3514.94.3.479,JPSP,9.44869273534321e-17
Row.81,control_10.1037/0022-3514.94.3.531,JPSP,0.0
Row.81,control_10.1037/0022-3514.94.4.547,JPSP,1.8289933002979406e-16
Row.81,control_10.1037/0022-3514.94.4.631,JPSP,2.6455874283516118e-17
Row.81,control_10.1037/0022-3514.94.5.739,JPSP,7.668657826538423e-17
Row.81,control_10.1037/0022-3514.94.5.757,JPSP,0.0
Row.81,control_10.1037/0022-3514.94.5.792,JPSP,4.1110523608407007e-17
Row.81,control_10.1037/0022-3514.94.5.808,JPSP,0.0
Row.81,control_10.1037/0022-3514.94.5.824,JPSP,0.0
Row.81,control_10.1037/0022-3514.94.5.839,JPSP,0.0
Row.81,control_10.1037/0022-3514.94.5.860,JPSP,8.519900078871959e-17
Row.81,control_10.1037/0022-3514.94.5.883,JPSP,0.0
Row.81,control_10.1037/0022-3514.94.5.899,JPSP,8.32292076865069e-17
Row.81,control_10.1037/0022-3514.94.5.913,JPSP,2.3126254142958953e-16
Row.81,control_10.1037/0022-3514.94.6.1007,JPSP,9.396929190882599e-17
Row.81,control_10.1037/0022-3514.94.6.1033,JPSP,0.0
Row.81,control_10.1037/0022-3514.94.6.1048,JPSP,9.951582832617711e-17
Row.81,control_10.1037/0022-3514.94.6.1062,JPSP,3.816079792391074e-17
Row.81,control_10.1037/0022-3514.94.6.1078,JPSP,0.0
Row.81,control_10.1037/0022-3514.94.6.925,JPSP,0.0
Row.81,control_10.1037/0022-3514.94.6.938,JPSP,0.0
Row.81,control_10.1037/0022-3514.94.6.956,JPSP,0.0
Row.81,control_10.1037/0022-3514.94.6.971,JPSP,6.807175950435678e-17
Row.81,control_10.1037/0022-3514.94.6.988,JPSP,2.906474888019985e-17
Row.81,control_10.1037/0022-3514.95.1.1,JPSP,5.1618757247710995e-17
Row.81,control_10.1037/0022-3514.95.1.111,JPSP,9.213726206730568e-17
Row.81,control_10.1037/0022-3514.95.1.128,JPSP,1.854815511123574e-16
Row.81,control_10.1037/0022-3514.95.1.144,JPSP,4.267220694125761e-17
Row.81,control_10.1037/0022-3514.95.1.166,JPSP,0.0
Row.81,control_10.1037/0022-3514.95.1.181,JPSP,1.179234662229582e-16
Row.81,control_10.1037/0022-3514.95.1.197,JPSP,0.0
Row.81,control_10.1037/0022-3514.95.1.212,JPSP,5.264644253728439e-17
Row.81,control_10.1037/0022-3514.95.1.222,JPSP,0.0
Row.81,control_10.1037/0022-3514.95.1.36,JPSP,0.0
Row.81,control_10.1037/0022-3514.95.1.50,JPSP,0.0
Row.81,control_10.1037/0022-3514.95.1.66,JPSP,6.238224384481602e-17
Row.81,control_10.1037/0022-3514.95.1.94,JPSP,0.0
Row.81,control_10.1037/0022-3514.95.2.253,JPSP,2.6497903645778188e-17
Row.81,control_10.1037/0022-3514.95.2.308,JPSP,0.0
Row.81,control_10.1037/0022-3514.95.2.319,JPSP,0.0
Row.81,control_10.1037/0022-3514.95.2.338,JPSP,0.0
Row.81,control_10.1037/0022-3514.95.2.352,JPSP,7.235801126812634e-17
Row.81,control_10.1037/0022-3514.95.2.369,JPSP,0.0
Row.81,control_10.1037/0022-3514.95.2.385,JPSP,0.0
Row.81,control_10.1037/0022-3514.95.2.404,JPSP,1.3914316611462328e-16
Row.81,control_10.1037/0022-3514.95.2.442,JPSP,1.0453180854360245e-16
Row.81,control_10.1037/0022-3514.95.2.456,JPSP,0.0
Row.81,control_10.1037/0022-3514.95.3.555,JPSP,0.0
Row.81,control_10.1037/0022-3514.95.3.576,JPSP,7.667745208607598e-17
Row.81,control_10.1037/0022-3514.95.3.593,JPSP,0.0
Row.81,control_10.1037/0022-3514.95.3.608,JPSP,0.0
Row.81,control_10.1037/0022-3514.95.3.628,JPSP,3.142386171982664e-17
Row.81,control_10.1037/0022-3514.95.3.648,JPSP,0.0
Row.81,control_10.1037/0022-3514.95.3.662,JPSP,0.0
Row.81,control_10.1037/0022-3514.95.3.679,JPSP,0.0
Row.81,control_10.1037/0022-3514.95.3.709,JPSP,0.0
Row.81,control_10.1037/0022-3514.95.3.739,JPSP,8.662418248851436e-17
Row.81,control_10.1037/0022-3514.95.5.1080,JPSP,0.0
Row.81,control_10.1037/0022-3514.95.5.1095,JPSP,3.256452457087745e-17
Row.81,control_10.1037/0022-3514.95.5.1113,JPSP,0.3132007918841887
Row.81,control_10.1037/0022-3514.95.5.1136,JPSP,1.852249171542143e-17
Row.81,control_10.1037/0022-3514.95.5.1150,JPSP,1.1444954389701717e-17
Row.81,control_10.1037/0022-3514.95.5.1180,JPSP,1.5019092590250622e-16
Row.81,control_10.1037/a0011381,JPSP,0.0
Row.81,control_10.1037/a0011434,JPSP,9.360192022305138e-17
Row.81,control_10.1037/a0011617,JPSP,0.0
Row.81,control_10.1037/a0011618,JPSP,1.2474684626568199e-17
Row.81,control_10.1037/a0011619,JPSP,3.8826647842442066e-17
Row.81,control_10.1037/a0011990,JPSP,0.0
Row.81,control_10.1037/a0011991,JPSP,0.0
Row.81,control_10.1037/a0011993,JPSP,0.0
Row.81,control_10.1037/a0012069,JPSP,3.585857111465924e-17
Row.81,control_10.1037/a0012165,JPSP,2.1470028365981872e-17
Row.81,control_10.1037/a0012453,JPSP,0.0
Row.81,control_10.1037/a0012454,JPSP,1.8645466333381676e-15
Row.81,control_10.1037/a0012518,JPSP,0.0
Row.81,control_10.1037/a0012543,JPSP,0.0
Row.81,control_10.1037/a0012559,JPSP,3.2012090801999964e-17
Row.81,control_10.1037/a0012612,JPSP,0.0
Row.81,control_10.1037/a0012627,JPSP,0.0
Row.81,control_10.1037/a0012628,JPSP,0.0
Row.81,control_10.1037/a0012629,JPSP,1.781518815771438e-17
Row.81,control_10.1037/a0012630,JPSP,0.686799208115804
Row.81,control_10.1037/a0012631,JPSP,1.2264693934674928e-17
Row.81,control_10.1037/a0012632,JPSP,1.8638573866089773e-16
Row.81,control_10.1037/a0012633,JPSP,0.0
Row.81,control_10.1037/a0012634,JPSP,0.0
Row.81,control_10.1037/a0012635,JPSP,0.0
Row.81,control_10.1037/a0012636,JPSP,0.0
Row.81,control_10.1037/a0012650,JPSP,0.0
Row.81,control_10.1037/a0012666,JPSP,0.0
Row.81,control_10.1037/a0012705,JPSP,1.4478129816096402e-16
Row.81,control_10.1037/a0012709,JPSP,6.075588843060459e-17
Row.81,control_10.1037/a0012710,JPSP,1.3625166335605873e-16
Row.81,control_10.1037/a0012821,JPSP,1.0259747299167902e-17
Row.81,control_10.1037/a0012822,JPSP,2.722406585687654e-17
Row.81,control_10.1037/a0012939,JPSP,5.3639869082227106e-17
Row.81,control_10.1037/a0012978,JPSP,0.0
Row.81,control_10.1037/a0013067,JPSP,3.7481371805973395e-17
Row.81,control_10.1037/a0013192,JPSP,0.0
Row.81,control_10.1037/a0013193,JPSP,0.0
Row.81,control_10.1037/a0013194,JPSP,8.242578268206879e-18
Row.81,control_10.1037/a0013195,JPSP,5.64946229655802e-17
Row.81,control_10.1037/a0013261,JPSP,0.0
Row.81,control_10.1037/a0013262,JPSP,2.7262912378171203e-16
Row.81,control_10.1037/a0013263,JPSP,0.0
Row.81,control_10.1037/a0013314,JPSP,0.0
Row.81,control_10.1037/a0013315,JPSP,0.0
Row.81,control_10.1037/a0013316,JPSP,1.6903164725416576e-17
Row.81,control_10.1037/a0013334,JPSP,7.612045525227659e-17
Row.81,control_10.1037/a0013336,JPSP,0.0
Row.81,control_10.1037/a0013345,JPSP,0.0
Row.81,control_10.1037/a0013593,JPSP,0.0
Row.84,control_10.1037/0022-3514.94.1.108,JPSP,5.836898931089926e-17
Row.84,control_10.1037/0022-3514.94.1.133,JPSP,9.892995413553069e-18
Row.84,control_10.1037/0022-3514.94.1.146,JPSP,0.0
Row.84,control_10.1037/0022-3514.94.1.168,JPSP,5.225300024036765e-17
Row.84,control_10.1037/0022-3514.94.1.32,JPSP,0.0
Row.84,control_10.1037/0022-3514.94.1.75,JPSP,0.0
Row.84,control_10.1037/0022-3514.94.2.278,JPSP,0.0
Row.84,control_10.1037/0022-3514.94.2.292,JPSP,0.0
Row.84,control_10.1037/0022-3514.94.2.307,JPSP,2.162125703963078e-18
Row.84,control_10.1037/0022-3514.94.2.320,JPSP,0.0
Row.84,control_10.1037/0022-3514.94.2.334,JPSP,0.0008876318027261257
Row.84,control_10.1037/0022-3514.94.2.347,JPSP,0.29295275467220205
Row.84,control_10.1037/0022-3514.94.2.94.2.214,JPSP,0.0
Row.84,control_10.1037/0022-3514.94.2.94.2.265,JPSP,1.3802525166274228e-17
Row.84,control_10.1037/0022-3514.94.3.365,JPSP,0.0
Row.84,control_10.1037/0022-3514.94.3.412,JPSP,1.6526110423501485e-17
Row.84,control_10.1037/0022-3514.94.3.460,JPSP,0.0
Row.84,control_10.1037/0022-3514.94.3.479,JPSP,0.0
Row.84,control_10.1037/0022-3514.94.3.531,JPSP,1.3362068033701992e-17
Row.84,control_10.1037/0022-3514.94.4.547,JPSP,0.07673807165754437
Row.84,control_10.1037/0022-3514.94.4.631,JPSP,2.3285320477217867e-17
Row.84,control_10.1037/0022-3514.94.5.739,JPSP,4.010824296014529e-18
Row.84,control_10.1037/0022-3514.94.5.757,JPSP,0.0
Row.84,control_10.1037/0022-3514.94.5.792,JPSP,0.0
Row.84,control_10.1037/0022-3514.94.5.808,JPSP,7.499820228305512e-17
Row.84,control_10.1037/0022-3514.94.5.824,JPSP,0.0
Row.84,control_10.1037/0022-3514.94.5.839,JPSP,0.0
Row.84,control_10.1037/0022-3514.94.5.860,JPSP,0.0
Row.84,control_10.1037/0022-3514.94.5.883,JPSP,2.4674567376087845e-17
Row.84,control_10.1037/0022-3514.94.5.899,JPSP,5.510808683913014e-17
Row.84,control_10.1037/0022-3514.94.5.913,JPSP,0.0
Row.84,control_10.1037/0022-3514.94.6.1007,JPSP,0.0
Row.84,control_10.1037/0022-3514.94.6.1033,JPSP,0.0
Row.84,control_10.1037/0022-3514.94.6.1048,JPSP,1.5773864150524564e-18
Row.84,control_10.1037/0022-3514.94.6.1062,JPSP,0.0
Row.84,control_10.1037/0022-3514.94.6.1078,JPSP,1.2032226306512742e-17
Row.84,control_10.1037/0022-3514.94.6.925,JPSP,9.166241144808879e-18
Row.84,control_10.1037/0022-3514.94.6.938,JPSP,3.880900616692034e-17
Row.84,control_10.1037/0022-3514.94.6.956,JPSP,0.0
Row.84,control_10.1037/0022-3514.94.6.971,JPSP,2.8112561243620115e-17
Row.84,control_10.1037/0022-3514.94.6.988,JPSP,0.0
Row.84,control_10.1037/0022-3514.95.1.1,JPSP,1.4064632678780492e-17
Row.84,control_10.1037/0022-3514.95.1.111,JPSP,2.2126692270746913e-17
Row.84,control_10.1037/0022-3514.95.1.128,JPSP,0.0
Row.84,control_10.1037/0022-3514.95.1.144,JPSP,1.0123014043401554e-17
Row.84,control_10.1037/0022-3514.95.1.166,JPSP,0.0
Row.84,control_10.1037/0022-3514.95.1.181,JPSP,6.544070578504248e-19
Row.84,control_10.1037/0022-3514.95.1.197,JPSP,3.599540615453624e-18
Row.84,control_10.1037/0022-3514.95.1.212,JPSP,0.0
Row.84,control_10.1037/0022-3514.95.1.222,JPSP,0.0
Row.84,control_10.1037/0022-3514.95.1.36,JPSP,0.0
Row.84,control_10.1037/0022-3514.95.1.50,JPSP,1.146339449776254e-17
Row.84,control_10.1037/0022-3514.95.1.66,JPSP,0.0
Row.84,control_10.1037/0022-3514.95.1.94,JPSP,0.0
Row.84,control_10.1037/0022-3514.95.2.253,JPSP,2.735081715760675e-17
Row.84,control_10.1037/0022-3514.95.2.308,JPSP,0.0
Row.84,control_10.1037/0022-3514.95.2.319,JPSP,1.823589561220323e-17
Row.84,control_10.1037/0022-3514.95.2.338,JPSP,0.0
Row.84,control_10.1037/0022-3514.95.2.352,JPSP,0.0
Row.84,control_10.1037/0022-3514.95.2.369,JPSP,0.0
Row.84,control_10.1037/0022-3514.95.2.385,JPSP,2.7897771178785137e-18
Row.84,control_10.1037/0022-3514.95.2.404,JPSP,6.649706258516356e-18
Row.84,control_10.1037/0022-3514.95.2.442,JPSP,0.0
Row.84,control_10.1037/0022-3514.95.2.456,JPSP,4.592379318359553e-16
Row.84,control_10.1037/0022-3514.95.3.555,JPSP,7.638193707962123e-18
Row.84,control_10.1037/0022-3514.95.3.576,JPSP,1.1854349387589335e-17
Row.84,control_10.1037/0022-3514.95.3.593,JPSP,2.6096735694527816e-17
Row.84,control_10.1037/0022-3514.95.3.608,JPSP,6.974119877314753e-18
Row.84,control_10.1037/0022-3514.95.3.628,JPSP,0.0
Row.84,control_10.1037/0022-3514.95.3.648,JPSP,1.8912202235916846e-17
Row.84,control_10.1037/0022-3514.95.3.662,JPSP,0.0
Row.84,control_10.1037/0022-3514.95.3.679,JPSP,2.7470514087840097e-16
Row.84,control_10.1037/0022-3514.95.3.709,JPSP,0.0
Row.84,control_10.1037/0022-3514.95.3.739,JPSP,1.0443566829268362e-17
Row.84,control_10.1037/0022-3514.95.5.1080,JPSP,0.0
Row.84,control_10.1037/0022-3514.95.5.1095,JPSP,0.0
Row.84,control_10.1037/0022-3514.95.5.1113,JPSP,8.011871961200985e-20
Row.84,control_10.1037/0022-3514.95.5.1136,JPSP,0.0
Row.84,control_10.1037/0022-3514.95.5.1150,JPSP,1.667264712337648e-17
Row.84,control_10.1037/0022-3514.95.5.1180,JPSP,1.2538279307828245e-17
Row.84,control_10.1037/a0011381,JPSP,0.0
Row.84,control_10.1037/a0011434,JPSP,1.6245742517960312e-17
Row.84,control_10.1037/a0011617,JPSP,2.254559924783311e-17
Row.84,control_10.1037/a0011618,JPSP,1.2538153600254157e-17
Row.84,control_10.1037/a0011619,JPSP,1.1244012964423676e-17
Row.84,control_10.1037/a0011990,JPSP,1.6862095948256294e-17
Row.84,control_10.1037/a0011991,JPSP,7.254113451051242e-18
Row.84,control_10.1037/a0011993,JPSP,7.597536126493918e-18
Row.84,control_10.1037/a0012069,JPSP,1.12322995659121e-16
Row.84,control_10.1037/a0012165,JPSP,0.0
Row.84,control_10.1037/a0012453,JPSP,2.251632742648389e-17
Row.84,control_10.1037/a0012454,JPSP,0.36624600356394965
Row.84,control_10.1037/a0012518,JPSP,2.1611696238816298e-17
Row.84,control_10.1037/a0012543,JPSP,2.2064011832650095e-17
Row.84,control_10.1037/a0012559,JPSP,0.0
Row.84,control_10.1037/a0012612,JPSP,0.0
Row.84,control_10.1037/a0012627,JPSP,7.726138654161908e-17
Row.84,control_10.1037/a0012628,JPSP,0.0
Row.84,control_10.1037/a0012629,JPSP,9.354282459099334e-18
Row.84,control_10.1037/a0012630,JPSP,0.0
Row.84,control_10.1037/a0012631,JPSP,2.088155383828309e-17
Row.84,control_10.1037/a0012632,JPSP,1.2668118787152834e-18
Row.84,control_10.1037/a0012633,JPSP,0.0
Row.84,control_10.1037/a0012634,JPSP,0.0
Row.84,control_10.1037/a0012635,JPSP,1.0153881561307393e-17
Row.84,control_10.1037/a0012636,JPSP,1.2689898205386765e-17
Row.84,control_10.1037/a0012650,JPSP,0.0
Row.84,control_10.1037/a0012666,JPSP,0.0
Row.84,control_10.1037/a0012705,JPSP,3.644433361658102e-18
Row.84,control_10.1037/a0012709,JPSP,1.589676494369154e-17
Row.84,control_10.1037/a0012710,JPSP,3.565200150713064e-17
Row.84,control_10.1037/a0012821,JPSP,1.3447389098626788e-18
Row.84,control_10.1037/a0012822,JPSP,2.256993394055559e-18
Row.84,control_10.1037/a0012939,JPSP,9.899771677131103e-18
Row.84,control_10.1037/a0012978,JPSP,1.8303658247983573e-17
Row.84,control_10.1037/a0013067,JPSP,9.881136952291508e-18
Row.84,control_10.1037/a0013192,JPSP,3.752006545959398e-18
Row.84,control_10.1037/a0013193,JPSP,0.0
Row.84,control_10.1037/a0013194,JPSP,4.580404768374102e-18
Row.84,control_10.1037/a0013195,JPSP,5.191962556291707e-18
Row.84,control_10.1037/a0013261,JPSP,0.0
Row.84,control_10.1037/a0013262,JPSP,0.0
Row.84,control_10.1037/a0013263,JPSP,1.1834394928659922e-17
Row.84,control_10.1037/a0013314,JPSP,2.1740332381426026e-17
Row.84,control_10.1037/a0013315,JPSP,7.62029315069685e-18
Row.84,control_10.1037/a0013316,JPSP,0.0
Row.84,control_10.1037/a0013334,JPSP,1.5223373750624374e-17
Row.84,control_10.1037/a0013336,JPSP,0.0
Row.84,control_10.1037/a0013345,JPSP,2.8240576084028447e-17
Row.84,control_10.1037/a0013593,JPSP,0.2631755383035758
Row.86,control_10.1037/0022-3514.94.1.108,JPSP,0.013696286522219566
Row.86,control_10.1037/0022-3514.94.1.133,JPSP,0.004723328645481412
Row.86,control_10.1037/0022-3514.94.1.146,JPSP,0.0006909890551938903
Row.86,control_10.1037/0022-3514.94.1.168,JPSP,0.00042646135837266113
Row.86,control_10.1037/0022-3514.94.1.32,JPSP,0.009235298211289947
Row.86,control_10.1037/0022-3514.94.1.75,JPSP,0.0011929947840305108
Row.86,control_10.1037/0022-3514.94.2.278,JPSP,5.54229809728799e-05
Row.86,control_10.1037/0022-3514.94.2.292,JPSP,0.009448008115025016
Row.86,control_10.1037/0022-3514.94.2.307,JPSP,0.019518585568206962
Row.86,control_10.1037/0022-3514.94.2.320,JPSP,0.0004521626487761259
Row.86,control_10.1037/0022-3514.94.2.334,JPSP,0.00017362056371543084
Row.86,control_10.1037/0022-3514.94.2.347,JPSP,0.022432393497283754
Row.86,control_10.1037/0022-3514.94.2.94.2.214,JPSP,0.00014979237568385866
Row.86,control_10.1037/0022-3514.94.2.94.2.265,JPSP,0.004687000468396896
Row.86,control_10.1037/0022-3514.94.3.365,JPSP,0.0012519821024574043
Row.86,control_10.1037/0022-3514.94.3.412,JPSP,0.0028868967313580448
Row.86,control_10.1037/0022-3514.94.3.460,JPSP,0.0003766278291937802
Row.86,control_10.1037/0022-3514.94.3.479,JPSP,0.0012656332235784205
Row.86,control_10.1037/0022-3514.94.3.531,JPSP,0.0027004961884447925
Row.86,control_10.1037/0022-3514.94.4.547,JPSP,0.05429896563230192
Row.86,control_10.1037/0022-3514.94.4.631,JPSP,0.15391073657010854
Row.86,control_10.1037/0022-3514.94.5.739,JPSP,0.015470871167913642
Row.86,control_10.1037/0022-3514.94.5.757,JPSP,0.000780971051389623
Row.86,control_10.1037/0022-3514.94.5.792,JPSP,0.008747828055877071
Row.86,control_10.1037/0022-3514.94.5.808,JPSP,0.0008593106451576322
Row.86,control_10.1037/0022-3514.94.5.824,JPSP,0.00028606683470480985
Row.86,control_10.1037/0022-3514.94.5.839,JPSP,0.017993750006258236
Row.86,control_10.1037/0022-3514.94.5.860,JPSP,0.02385212901045001
Row.86,control_10.1037/0022-3514.94.5.883,JPSP,2.5943489741142018e-05
Row.86,control_10.1037/0022-3514.94.5.899,JPSP,0.0011002883725243153
Row.86,control_10.1037/0022-3514.94.5.913,JPSP,0.005854320105557858
Row.86,control_10.1037/0022-3514.94.6.1007,JPSP,0.008452019345717793
Row.86,control_10.1037/0022-3514.94.6.1033,JPSP,0.00016601245778102063
Row.86,control_10.1037/0022-3514.94.6.1048,JPSP,0.0008362661952820936
Row.86,control_10.1037/0022-3514.94.6.1062,JPSP,0.011604641787526895
Row.86,control_10.1037/0022-3514.94.6.1078,JPSP,0.005089630998299427
Row.86,control_10.1037/0022-3514.94.6.925,JPSP,0.0005902103345491004
Row.86,control_10.1037/0022-3514.94.6.938,JPSP,0.001919323433246488
Row.86,control_10.1037/0022-3514.94.6.956,JPSP,0.002758653354490474
Row.86,control_10.1037/0022-3514.94.6.971,JPSP,0.00023750934789609776
Row.86,control_10.1037/0022-3514.94.6.988,JPSP,0.0006482482516158648
Row.86,control_10.1037/0022-3514.95.1.1,JPSP,0.0011527195853374284
Row.86,control_10.1037/0022-3514.95.1.111,JPSP,0.0007606975034655815
Row.86,control_10.1037/0022-3514.95.1.128,JPSP,0.0005184580959630267
Row.86,control_10.1037/0022-3514.95.1.144,JPSP,0.00016768448052960588
Row.86,control_10.1037/0022-3514.95.1.166,JPSP,0.0004430311201733957
Row.86,control_10.1037/0022-3514.95.1.181,JPSP,0.0009631734599714005
Row.86,control_10.1037/0022-3514.95.1.197,JPSP,0.000714759092360916
Row.86,control_10.1037/0022-3514.95.1.212,JPSP,9.70364450994427e-06
Row.86,control_10.1037/0022-3514.95.1.222,JPSP,0.0011457944742228573
Row.86,control_10.1037/0022-3514.95.1.36,JPSP,0.000498122606643666
Row.86,control_10.1037/0022-3514.95.1.50,JPSP,0.00655940151231522
Row.86,control_10.1037/0022-3514.95.1.66,JPSP,4.56818820409826e-05
Row.86,control_10.1037/0022-3514.95.1.94,JPSP,0.0006013017705473143
Row.86,control_10.1037/0022-3514.95.2.253,JPSP,0.0006271574757853745
Row.86,control_10.1037/0022-3514.95.2.308,JPSP,0.0003408762308301391
Row.86,control_10.1037/0022-3514.95.2.319,JPSP,0.011545826217517097
Row.86,control_10.1037/0022-3514.95.2.338,JPSP,0.017833073359720147
Row.86,control_10.1037/0022-3514.95.2.352,JPSP,0.08630949497736791
Row.86,control_10.1037/0022-3514.95.2.369,JPSP,0.0071582734801589965
Row.86,control_10.1037/0022-3514.95.2.385,JPSP,0.00013489369718853818
Row.86,control_10.1037/0022-3514.95.2.404,JPSP,8.23740635000813e-05
Row.86,control_10.1037/0022-3514.95.2.442,JPSP,0.00039354979165778944
Row.86,control_10.1037/0022-3514.95.2.456,JPSP,0.01770070860391161
Row.86,control_10.1037/0022-3514.95.3.555,JPSP,0.01090157250755437
Row.86,control_10.1037/0022-3514.95.3.576,JPSP,0.015192161688708029
Row.86,control_10.1037/0022-3514.95.3.593,JPSP,0.012992087975450197
Row.86,control_10.1037/0022-3514.95.3.608,JPSP,0.0009329617477599505
Row.86,control_10.1037/0022-3514.95.3.628,JPSP,0.00040671677970239466
Row.86,control_10.1037/0022-3514.95.3.648,JPSP,0.0012056254652274485
Row.86,control_10.1037/0022-3514.95.3.662,JPSP,0.0007359523128562997
Row.86,control_10.1037/0022-3514.95.3.679,JPSP,0.009124686527189696
Row.86,control_10.1037/0022-3514.95.3.709,JPSP,0.017379225776244855
Row.86,control_10.1037/0022-3514.95.3.739,JPSP,0.0015550071568381928
Row.86,control_10.1037/0022-3514.95.5.1080,JPSP,0.0028089749406871077
Row.86,control_10.1037/0022-3514.95.5.1095,JPSP,0.003460618317405807
Row.86,control_10.1037/0022-3514.95.5.1113,JPSP,0.0010846100774182029
Row.86,control_10.1037/0022-3514.95.5.1136,JPSP,0.0003220181254276428
Row.86,control_10.1037/0022-3514.95.5.1150,JPSP,2.0245700883874644e-05
Row.86,control_10.1037/0022-3514.95.5.1180,JPSP,0.0006274998990513895
Row.86,control_10.1037/a0011381,JPSP,0.001015734187001939
Row.86,control_10.1037/a0011434,JPSP,0.0004870364255238264
Row.86,control_10.1037/a0011617,JPSP,0.008918858925953801
Row.86,control_10.1037/a0011618,JPSP,0.011696813198581471
Row.86,control_10.1037/a0011619,JPSP,0.004274706208834488
Row.86,control_10.1037/a0011990,JPSP,0.0003845394945182956
Row.86,control_10.1037/a0011991,JPSP,2.4388069595967628e-05
Row.86,control_10.1037/a0011993,JPSP,0.0005550850125797634
Row.86,control_10.1037/a0012069,JPSP,0.0006414830720625205
Row.86,control_10.1037/a0012165,JPSP,0.019900564159488168
Row.86,control_10.1037/a0012453,JPSP,0.00023482470947975174
Row.86,control_10.1037/a0012454,JPSP,0.0006657016103887211
Row.86,control_10.1037/a0012518,JPSP,0.0006302340180528575
Row.86,control_10.1037/a0012543,JPSP,0.0005116911975114796
Row.86,control_10.1037/a0012559,JPSP,0.0004621572530839961
Row.86,control_10.1037/a0012612,JPSP,0.0002732023159504523
Row.86,control_10.1037/a0012627,JPSP,0.014775435179566669
Row.86,control_10.1037/a0012628,JPSP,0.0005274946827518962
Row.86,control_10.1037/a0012629,JPSP,0.008036162793532003
Row.86,control_10.1037/a0012630,JPSP,0.0007058028818405827
Row.86,control_10.1037/a0012631,JPSP,0.002463580126530802
Row.86,control_10.1037/a0012632,JPSP,0.03051534957992106
Row.86,control_10.1037/a0012633,JPSP,0.001946111057713135
Row.86,control_10.1037/a0012634,JPSP,0.0015220026513090487
Row.86,control_10.1037/a0012635,JPSP,0.0011507703787330846
Row.86,control_10.1037/a0012636,JPSP,0.0015000541860682416
Row.86,control_10.1037/a0012650,JPSP,0.0004095757624864577
Row.86,control_10.1037/a0012666,JPSP,0.0008184600539140619
Row.86,control_10.1037/a0012705,JPSP,0.0007435149001784497
Row.86,control_10.1037/a0012709,JPSP,0.0011309853673830402
Row.86,control_10.1037/a0012710,JPSP,0.002905229031132561
Row.86,control_10.1037/a0012821,JPSP,0.010107948971287996
Row.86,control_10.1037/a0012822,JPSP,0.004678190752480505
Row.86,control_10.1037/a0012939,JPSP,0.0001752067161024418
Row.86,control_10.1037/a0012978,JPSP,0.0057413958983426805
Row.86,control_10.1037/a0013067,JPSP,0.011922892680963637
Row.86,control_10.1037/a0013192,JPSP,0.0006339805391163061
Row.86,control_10.1037/a0013193,JPSP,0.0001979430116267411
Row.86,control_10.1037/a0013194,JPSP,0.02197144618057178
Row.86,control_10.1037/a0013195,JPSP,0.0008048268044705092
Row.86,control_10.1037/a0013261,JPSP,0.0004194632284181488
Row.86,control_10.1037/a0013262,JPSP,0.0009110490792647447
Row.86,control_10.1037/a0013263,JPSP,0.0020603791938495868
Row.86,control_10.1037/a0013314,JPSP,0.12048996834615008
Row.86,control_10.1037/a0013315,JPSP,0.00037475685120528124
Row.86,control_10.1037/a0013316,JPSP,0.00032149563916745837
Row.86,control_10.1037/a0013334,JPSP,0.005014265971609177
Row.86,control_10.1037/a0013336,JPSP,0.012606222612707548
Row.86,control_10.1037/a0013345,JPSP,5.282023542321331e-06
Row.86,control_10.1037/a0013593,JPSP,0.03643133756525862
Row.87,control_10.1037/0022-3514.94.1.108,JPSP,0.0
Row.87,control_10.1037/0022-3514.94.1.133,JPSP,0.0
Row.87,control_10.1037/0022-3514.94.1.146,JPSP,2.0802371208575463e-18
Row.87,control_10.1037/0022-3514.94.1.168,JPSP,0.0
Row.87,control_10.1037/0022-3514.94.1.32,JPSP,0.0
Row.87,control_10.1037/0022-3514.94.1.75,JPSP,1.8702188988342404e-17
Row.87,control_10.1037/0022-3514.94.2.278,JPSP,7.667144263134134e-17
Row.87,control_10.1037/0022-3514.94.2.292,JPSP,0.0
Row.87,control_10.1037/0022-3514.94.2.307,JPSP,1.9597713690778596e-17
Row.87,control_10.1037/0022-3514.94.2.320,JPSP,4.4086533461837795e-17
Row.87,control_10.1037/0022-3514.94.2.334,JPSP,4.529474640583806e-17
Row.87,control_10.1037/0022-3514.94.2.347,JPSP,0.0
Row.87,control_10.1037/0022-3514.94.2.94.2.214,JPSP,3.320102786468626e-16
Row.87,control_10.1037/0022-3514.94.2.94.2.265,JPSP,6.650002373581198e-18
Row.87,control_10.1037/0022-3514.94.3.365,JPSP,0.0
Row.87,control_10.1037/0022-3514.94.3.412,JPSP,3.0727212043960914e-19
Row.87,control_10.1037/0022-3514.94.3.460,JPSP,3.282066759486414e-17
Row.87,control_10.1037/0022-3514.94.3.479,JPSP,9.291172874964294e-18
Row.87,control_10.1037/0022-3514.94.3.531,JPSP,0.0
Row.87,control_10.1037/0022-3514.94.4.547,JPSP,7.040000946162872e-18
Row.87,control_10.1037/0022-3514.94.4.631,JPSP,0.4165070648442149
Row.87,control_10.1037/0022-3514.94.5.739,JPSP,1.9814986238681788e-17
Row.87,control_10.1037/0022-3514.94.5.757,JPSP,2.1627162426116975e-17
Row.87,control_10.1037/0022-3514.94.5.792,JPSP,0.0
Row.87,control_10.1037/0022-3514.94.5.808,JPSP,0.0
Row.87,control_10.1037/0022-3514.94.5.824,JPSP,1.7761477660522865e-17
Row.87,control_10.1037/0022-3514.94.5.839,JPSP,0.0
Row.87,control_10.1037/0022-3514.94.5.860,JPSP,4.760711304234582e-17
Row.87,control_10.1037/0022-3514.94.5.883,JPSP,1.236321388404654e-16
Row.87,control_10.1037/0022-3514.94.5.899,JPSP,0.0
Row.87,control_10.1037/0022-3514.94.5.913,JPSP,2.9012380137433306e-17
Row.87,control_10.1037/0022-3514.94.6.1007,JPSP,2.1616260334241365e-18
Row.87,control_10.1037/0022-3514.94.6.1033,JPSP,0.0
Row.87,control_10.1037/0022-3514.94.6.1048,JPSP,3.619435252033885e-17
Row.87,control_10.1037/0022-3514.94.6.1062,JPSP,0.0
Row.87,control_10.1037/0022-3514.94.6.1078,JPSP,0.0
Row.87,control_10.1037/0022-3514.94.6.925,JPSP,0.0
Row.87,control_10.1037/0022-3514.94.6.938,JPSP,0.0
Row.87,control_10.1037/0022-3514.94.6.956,JPSP,2.9604934244450314e-17
Row.87,control_10.1037/0022-3514.94.6.971,JPSP,0.0
Row.87,control_10.1037/0022-3514.94.6.988,JPSP,0.0
Row.87,control_10.1037/0022-3514.95.1.1,JPSP,0.0
Row.87,control_10.1037/0022-3514.95.1.111,JPSP,7.787740933529359e-17
Row.87,control_10.1037/0022-3514.95.1.128,JPSP,0.0
Row.87,control_10.1037/0022-3514.95.1.144,JPSP,0.0
Row.87,control_10.1037/0022-3514.95.1.166,JPSP,0.0
Row.87,control_10.1037/0022-3514.95.1.181,JPSP,2.4836466065413323e-17
Row.87,control_10.1037/0022-3514.95.1.197,JPSP,0.0
Row.87,control_10.1037/0022-3514.95.1.212,JPSP,0.0
Row.87,control_10.1037/0022-3514.95.1.222,JPSP,0.0
Row.87,control_10.1037/0022-3514.95.1.36,JPSP,5.360648761005462e-18
Row.87,control_10.1037/0022-3514.95.1.50,JPSP,0.0
Row.87,control_10.1037/0022-3514.95.1.66,JPSP,0.0
Row.87,control_10.1037/0022-3514.95.1.94,JPSP,5.560407061384868e-17
Row.87,control_10.1037/0022-3514.95.2.253,JPSP,0.0
Row.87,control_10.1037/0022-3514.95.2.308,JPSP,0.0
Row.87,control_10.1037/0022-3514.95.2.319,JPSP,5.203596961360537e-18
Row.87,control_10.1037/0022-3514.95.2.338,JPSP,1.3590316663634856e-17
Row.87,control_10.1037/0022-3514.95.2.352,JPSP,1.3022963175767299e-17
Row.87,control_10.1037/0022-3514.95.2.369,JPSP,7.978728049131255e-18
Row.87,control_10.1037/0022-3514.95.2.385,JPSP,2.167033746915132e-17
Row.87,control_10.1037/0022-3514.95.2.404,JPSP,0.0
Row.87,control_10.1037/0022-3514.95.2.442,JPSP,1.914475831048941e-16
Row.87,control_10.1037/0022-3514.95.2.456,JPSP,5.240884963009637e-17
Row.87,control_10.1037/0022-3514.95.3.555,JPSP,0.0
Row.87,control_10.1037/0022-3514.95.3.576,JPSP,2.1946801796572485e-17
Row.87,control_10.1037/0022-3514.95.3.593,JPSP,2.173286291584193e-17
Row.87,control_10.1037/0022-3514.95.3.608,JPSP,0.0
Row.87,control_10.1037/0022-3514.95.3.628,JPSP,0.0
Row.87,control_10.1037/0022-3514.95.3.648,JPSP,3.069332365349131e-17
Row.87,control_10.1037/0022-3514.95.3.662,JPSP,0.0
Row.87,control_10.1037/0022-3514.95.3.679,JPSP,0.0
Row.87,control_10.1037/0022-3514.95.3.709,JPSP,0.0
Row.87,control_10.1037/0022-3514.95.3.739,JPSP,0.0
Row.87,control_10.1037/0022-3514.95.5.1080,JPSP,0.20909938606614575
Row.87,control_10.1037/0022-3514.95.5.1095,JPSP,0.0
Row.87,control_10.1037/0022-3514.95.5.1113,JPSP,1.3620584452701286e-17
Row.87,control_10.1037/0022-3514.95.5.1136,JPSP,1.303046931761019e-17
Row.87,control_10.1037/0022-3514.95.5.1150,JPSP,1.982484109015337e-17
Row.87,control_10.1037/0022-3514.95.5.1180,JPSP,1.651060858681209e-17
Row.87,control_10.1037/a0011381,JPSP,0.0
Row.87,control_10.1037/a0011434,JPSP,0.12765956380239693
Row.87,control_10.1037/a0011617,JPSP,0.0
Row.87,control_10.1037/a0011618,JPSP,0.0
Row.87,control_10.1037/a0011619,JPSP,1.669012809612443e-17
Row.87,control_10.1037/a0011990,JPSP,3.367054105849256e-17
Row.87,control_10.1037/a0011991,JPSP,0.0
Row.87,control_10.1037/a0011993,JPSP,0.0
Row.87,control_10.1037/a0012069,JPSP,1.0414668565144928e-17
Row.87,control_10.1037/a0012165,JPSP,4.170563313372154e-18
Row.87,control_10.1037/a0012453,JPSP,3.125928365955622e-17
Row.87,control_10.1037/a0012454,JPSP,3.284865317607114e-17
Row.87,control_10.1037/a0012518,JPSP,0.0
Row.87,control_10.1037/a0012543,JPSP,5.05080673471963e-18
Row.87,control_10.1037/a0012559,JPSP,2.717172677043958e-17
Row.87,control_10.1037/a0012612,JPSP,6.698658588962675e-18
Row.87,control_10.1037/a0012627,JPSP,1.6883506384010606e-17
Row.87,control_10.1037/a0012628,JPSP,1.0184740734363261e-17
Row.87,control_10.1037/a0012629,JPSP,0.0
Row.87,control_10.1037/a0012630,JPSP,0.0
Row.87,control_10.1037/a0012631,JPSP,0.0
Row.87,control_10.1037/a0012632,JPSP,1.7225885664770545e-17
Row.87,control_10.1037/a0012633,JPSP,2.077267459948817e-17
Row.87,control_10.1037/a0012634,JPSP,0.23480202432935066
Row.87,control_10.1037/a0012635,JPSP,0.0
Row.87,control_10.1037/a0012636,JPSP,0.0
Row.87,control_10.1037/a0012650,JPSP,0.0
Row.87,control_10.1037/a0012666,JPSP,0.0
Row.87,control_10.1037/a0012705,JPSP,0.0
Row.87,control_10.1037/a0012709,JPSP,3.013388789452182e-17
Row.87,control_10.1037/a0012710,JPSP,5.020905980896048e-18
Row.87,control_10.1037/a0012821,JPSP,1.2504128464786317e-17
Row.87,control_10.1037/a0012822,JPSP,0.0
Row.87,control_10.1037/a0012939,JPSP,1.842445638841858e-18
Row.87,control_10.1037/a0012978,JPSP,2.26142354862396e-17
Row.87,control_10.1037/a0013067,JPSP,0.0
Row.87,control_10.1037/a0013192,JPSP,0.0
Row.87,control_10.1037/a0013193,JPSP,1.600650039241345e-17
Row.87,control_10.1037/a0013194,JPSP,0.0
Row.87,control_10.1037/a0013195,JPSP,2.254392036324002e-17
Row.87,control_10.1037/a0013261,JPSP,0.0
Row.87,control_10.1037/a0013262,JPSP,0.01193196095788959
Row.87,control_10.1037/a0013263,JPSP,7.041068300042517e-18
Row.87,control_10.1037/a0013314,JPSP,1.1690258824918944e-17
Row.87,control_10.1037/a0013315,JPSP,1.5260984291311337e-16
Row.87,control_10.1037/a0013316,JPSP,0.0
Row.87,control_10.1037/a0013334,JPSP,0.0
Row.87,control_10.1037/a0013336,JPSP,3.1390945484741943e-19
Row.87,control_10.1037/a0013345,JPSP,1.3000902992836658e-17
Row.87,control_10.1037/a0013593,JPSP,0.0
Row.89,control_10.1037/0022-3514.94.1.108,JPSP,0.0
Row.89,control_10.1037/0022-3514.94.1.133,JPSP,0.261090449166325
Row.89,control_10.1037/0022-3514.94.1.146,JPSP,6.4519148352075346e-18
Row.89,control_10.1037/0022-3514.94.1.168,JPSP,0.20129034820045497
Row.89,control_10.1037/0022-3514.94.1.32,JPSP,1.8180977030972206e-16
Row.89,control_10.1037/0022-3514.94.1.75,JPSP,0.0
Row.89,control_10.1037/0022-3514.94.2.278,JPSP,0.0
Row.89,control_10.1037/0022-3514.94.2.292,JPSP,7.391543861016667e-17
Row.89,control_10.1037/0022-3514.94.2.307,JPSP,7.270732893993662e-18
Row.89,control_10.1037/0022-3514.94.2.320,JPSP,0.0
Row.89,control_10.1037/0022-3514.94.2.334,JPSP,0.0
Row.89,control_10.1037/0022-3514.94.2.347,JPSP,0.0
Row.89,control_10.1037/0022-3514.94.2.94.2.214,JPSP,0.0
Row.89,control_10.1037/0022-3514.94.2.94.2.265,JPSP,7.992387300341477e-17
Row.89,control_10.1037/0022-3514.94.3.365,JPSP,0.0
Row.89,control_10.1037/0022-3514.94.3.412,JPSP,5.915816842973283e-17
Row.89,control_10.1037/0022-3514.94.3.460,JPSP,9.312224378065054e-17
Row.89,control_10.1037/0022-3514.94.3.479,JPSP,1.5642857836609157e-16
Row.89,control_10.1037/0022-3514.94.3.531,JPSP,0.0
Row.89,control_10.1037/0022-3514.94.4.547,JPSP,2.1520773014832806e-17
Row.89,control_10.1037/0022-3514.94.4.631,JPSP,0.012929561187008536
Row.89,control_10.1037/0022-3514.94.5.739,JPSP,7.625584467527458e-17
Row.89,control_10.1037/0022-3514.94.5.757,JPSP,5.291930687326731e-17
Row.89,control_10.1037/0022-3514.94.5.792,JPSP,2.1578452861964434e-16
Row.89,control_10.1037/0022-3514.94.5.808,JPSP,2.4573587967514862e-17
Row.89,control_10.1037/0022-3514.94.5.824,JPSP,3.9814413381595425e-17
Row.89,control_10.1037/0022-3514.94.5.839,JPSP,0.0
Row.89,control_10.1037/0022-3514.94.5.860,JPSP,3.105255113518503e-17
Row.89,control_10.1037/0022-3514.94.5.883,JPSP,0.0
Row.89,control_10.1037/0022-3514.94.5.899,JPSP,3.0013536236199326e-17
Row.89,control_10.1037/0022-3514.94.5.913,JPSP,0.0
Row.89,control_10.1037/0022-3514.94.6.1007,JPSP,0.0
Row.89,control_10.1037/0022-3514.94.6.1033,JPSP,1.174829391689647e-16
Row.89,control_10.1037/0022-3514.94.6.1048,JPSP,0.0
Row.89,control_10.1037/0022-3514.94.6.1062,JPSP,1.216232805838789e-16
Row.89,control_10.1037/0022-3514.94.6.1078,JPSP,0.0
Row.89,control_10.1037/0022-3514.94.6.925,JPSP,5.86764102261392e-17
Row.89,control_10.1037/0022-3514.94.6.938,JPSP,5.929921644117575e-17
Row.89,control_10.1037/0022-3514.94.6.956,JPSP,8.31679245596759e-17
Row.89,control_10.1037/0022-3514.94.6.971,JPSP,0.0
Row.89,control_10.1037/0022-3514.94.6.988,JPSP,0.0
Row.89,control_10.1037/0022-3514.95.1.1,JPSP,1.433506895661894e-16
Row.89,control_10.1037/0022-3514.95.1.111,JPSP,8.067974593812248e-17
Row.89,control_10.1037/0022-3514.95.1.128,JPSP,0.0
Row.89,control_10.1037/0022-3514.95.1.144,JPSP,0.0
Row.89,control_10.1037/0022-3514.95.1.166,JPSP,0.0
Row.89,control_10.1037/0022-3514.95.1.181,JPSP,0.0
Row.89,control_10.1037/0022-3514.95.1.197,JPSP,0.0
Row.89,control_10.1037/0022-3514.95.1.212,JPSP,0.0
Row.89,control_10.1037/0022-3514.95.1.222,JPSP,7.795008203008497e-18
Row.89,control_10.1037/0022-3514.95.1.36,JPSP,1.0911139742363809e-16
Row.89,control_10.1037/0022-3514.95.1.50,JPSP,1.6147380104457782e-17
Row.89,control_10.1037/0022-3514.95.1.66,JPSP,9.046904075737344e-17
Row.89,control_10.1037/0022-3514.95.1.94,JPSP,1.2150634248856536e-16
Row.89,control_10.1037/0022-3514.95.2.253,JPSP,0.0
Row.89,control_10.1037/0022-3514.95.2.308,JPSP,0.0
Row.89,control_10.1037/0022-3514.95.2.319,JPSP,0.2748358444805175
Row.89,control_10.1037/0022-3514.95.2.338,JPSP,0.0
Row.89,control_10.1037/0022-3514.95.2.352,JPSP,0.0
Row.89,control_10.1037/0022-3514.95.2.369,JPSP,0.0
Row.89,control_10.1037/0022-3514.95.2.385,JPSP,1.6508337447021192e-17
Row.89,control_10.1037/0022-3514.95.2.404,JPSP,7.361194672405967e-17
Row.89,control_10.1037/0022-3514.95.2.442,JPSP,1.475890922371225e-16
Row.89,control_10.1037/0022-3514.95.2.456,JPSP,1.746900192795844e-17
Row.89,control_10.1037/0022-3514.95.3.555,JPSP,3.7716071723952536e-17
Row.89,control_10.1037/0022-3514.95.3.576,JPSP,0.0
Row.89,control_10.1037/0022-3514.95.3.593,JPSP,1.3943774560538072e-16
Row.89,control_10.1037/0022-3514.95.3.608,JPSP,1.154861497104095e-16
Row.89,control_10.1037/0022-3514.95.3.628,JPSP,4.871597200056373e-17
Row.89,control_10.1037/0022-3514.95.3.648,JPSP,1.9584132554274116e-16
Row.89,control_10.1037/0022-3514.95.3.662,JPSP,0.0
Row.89,control_10.1037/0022-3514.95.3.679,JPSP,6.88382644723492e-17
Row.89,control_10.1037/0022-3514.95.3.709,JPSP,0.0
Row.89,control_10.1037/0022-3514.95.3.739,JPSP,0.0
Row.89,control_10.1037/0022-3514.95.5.1080,JPSP,5.450343083660964e-18
Row.89,control_10.1037/0022-3514.95.5.1095,JPSP,6.851755903968308e-17
Row.89,control_10.1037/0022-3514.95.5.1113,JPSP,0.0
Row.89,control_10.1037/0022-3514.95.5.1136,JPSP,4.5584457251561334e-17
Row.89,control_10.1037/0022-3514.95.5.1150,JPSP,7.08629674191321e-17
Row.89,control_10.1037/0022-3514.95.5.1180,JPSP,0.0
Row.89,control_10.1037/a0011381,JPSP,0.0
Row.89,control_10.1037/a0011434,JPSP,1.235982105037981e-16
Row.89,control_10.1037/a0011617,JPSP,0.0
Row.89,control_10.1037/a0011618,JPSP,1.3537699067817305e-17
Row.89,control_10.1037/a0011619,JPSP,1.4655544312872235e-16
Row.89,control_10.1037/a0011990,JPSP,0.0
Row.89,control_10.1037/a0011991,JPSP,0.0
Row.89,control_10.1037/a0011993,JPSP,0.0
Row.89,control_10.1037/a0012069,JPSP,6.854493614501781e-17
Row.89,control_10.1037/a0012165,JPSP,0.0
Row.89,control_10.1037/a0012453,JPSP,0.0
Row.89,control_10.1037/a0012454,JPSP,7.344654148950322e-17
Row.89,control_10.1037/a0012518,JPSP,0.0
Row.89,control_10.1037/a0012543,JPSP,0.0
Row.89,control_10.1037/a0012559,JPSP,0.0
Row.89,control_10.1037/a0012612,JPSP,1.8211241622282584e-17
Row.89,control_10.1037/a0012627,JPSP,0.0
Row.89,control_10.1037/a0012628,JPSP,1.7504353972018782e-16
Row.89,control_10.1037/a0012629,JPSP,0.0
Row.89,control_10.1037/a0012630,JPSP,5.880347659614963e-17
Row.89,control_10.1037/a0012631,JPSP,0.0
Row.89,control_10.1037/a0012632,JPSP,0.0
Row.89,control_10.1037/a0012633,JPSP,7.613482156041917e-17
Row.89,control_10.1037/a0012634,JPSP,0.0
Row.89,control_10.1037/a0012635,JPSP,0.0
Row.89,control_10.1037/a0012636,JPSP,0.0
Row.89,control_10.1037/a0012650,JPSP,0.0
Row.89,control_10.1037/a0012666,JPSP,0.0
Row.89,control_10.1037/a0012705,JPSP,2.6557026791789235e-16
Row.89,control_10.1037/a0012709,JPSP,8.367621939478052e-17
Row.89,control_10.1037/a0012710,JPSP,3.6075836536011034e-17
Row.89,control_10.1037/a0012821,JPSP,0.0
Row.89,control_10.1037/a0012822,JPSP,0.0
Row.89,control_10.1037/a0012939,JPSP,2.6360233165889138e-17
Row.89,control_10.1037/a0012978,JPSP,9.024358396380811e-17
Row.89,control_10.1037/a0013067,JPSP,1.5190783986782096e-16
Row.89,control_10.1037/a0013192,JPSP,0.0
Row.89,control_10.1037/a0013193,JPSP,0.0
Row.89,control_10.1037/a0013194,JPSP,9.800976727790864e-18
Row.89,control_10.1037/a0013195,JPSP,0.0
Row.89,control_10.1037/a0013261,JPSP,0.0
Row.89,control_10.1037/a0013262,JPSP,0.0
Row.89,control_10.1037/a0013263,JPSP,1.1217371069595104e-16
Row.89,control_10.1037/a0013314,JPSP,0.24985379696568924
Row.89,control_10.1037/a0013315,JPSP,0.0
Row.89,control_10.1037/a0013316,JPSP,0.0
Row.89,control_10.1037/a0013334,JPSP,0.0
Row.89,control_10.1037/a0013336,JPSP,2.985808130336778e-17
Row.89,control_10.1037/a0013345,JPSP,0.0
Row.89,control_10.1037/a0013593,JPSP,0.0
Row.93,control_10.1037/0022-3514.94.1.108,JPSP,0.0
Row.93,control_10.1037/0022-3514.94.1.133,JPSP,0.0
Row.93,control_10.1037/0022-3514.94.1.146,JPSP,3.912554570596878e-23
Row.93,control_10.1037/0022-3514.94.1.168,JPSP,1.748545290183746e-21
Row.93,control_10.1037/0022-3514.94.1.32,JPSP,0.0
Row.93,control_10.1037/0022-3514.94.1.75,JPSP,0.0
Row.93,control_10.1037/0022-3514.94.2.278,JPSP,0.0
Row.93,control_10.1037/0022-3514.94.2.292,JPSP,0.06782870808059492
Row.93,control_10.1037/0022-3514.94.2.307,JPSP,0.16926178349699095
Row.93,control_10.1037/0022-3514.94.2.320,JPSP,7.426936653192645e-22
Row.93,control_10.1037/0022-3514.94.2.334,JPSP,0.0
Row.93,control_10.1037/0022-3514.94.2.347,JPSP,0.0
Row.93,control_10.1037/0022-3514.94.2.94.2.214,JPSP,1.9338337473956243e-21
Row.93,control_10.1037/0022-3514.94.2.94.2.265,JPSP,0.0
Row.93,control_10.1037/0022-3514.94.3.365,JPSP,7.571281049375235e-05
Row.93,control_10.1037/0022-3514.94.3.412,JPSP,0.0
Row.93,control_10.1037/0022-3514.94.3.460,JPSP,1.1880832529659124e-21
Row.93,control_10.1037/0022-3514.94.3.479,JPSP,9.720084921131646e-24
Row.93,control_10.1037/0022-3514.94.3.531,JPSP,5.263481474964383e-22
Row.93,control_10.1037/0022-3514.94.4.547,JPSP,0.0
Row.93,control_10.1037/0022-3514.94.4.631,JPSP,0.05891651588481577
Row.93,control_10.1037/0022-3514.94.5.739,JPSP,0.03773946680762714
Row.93,control_10.1037/0022-3514.94.5.757,JPSP,0.0
Row.93,control_10.1037/0022-3514.94.5.792,JPSP,2.1191222046075025e-21
Row.93,control_10.1037/0022-3514.94.5.808,JPSP,0.0
Row.93,control_10.1037/0022-3514.94.5.824,JPSP,1.3779683757599897e-21
Row.93,control_10.1037/0022-3514.94.5.839,JPSP,0.0
Row.93,control_10.1037/0022-3514.94.5.860,JPSP,0.0
Row.93,control_10.1037/0022-3514.94.5.883,JPSP,0.0
Row.93,control_10.1037/0022-3514.94.5.899,JPSP,5.044656489039925e-22
Row.93,control_10.1037/0022-3514.94.5.913,JPSP,0.00022134860472248686
Row.93,control_10.1037/0022-3514.94.6.1007,JPSP,7.876221720632204e-05
Row.93,control_10.1037/0022-3514.94.6.1033,JPSP,2.793478475702877e-21
Row.93,control_10.1037/0022-3514.94.6.1048,JPSP,1.0206263511370818e-21
Row.93,control_10.1037/0022-3514.94.6.1062,JPSP,0.0
Row.93,control_10.1037/0022-3514.94.6.1078,JPSP,0.0
Row.93,control_10.1037/0022-3514.94.6.925,JPSP,0.0
Row.93,control_10.1037/0022-3514.94.6.938,JPSP,6.765192163150223e-22
Row.93,control_10.1037/0022-3514.94.6.956,JPSP,1.7422360879221147e-22
Row.93,control_10.1037/0022-3514.94.6.971,JPSP,0.0
Row.93,control_10.1037/0022-3514.94.6.988,JPSP,1.4443764321891498e-21
Row.93,control_10.1037/0022-3514.95.1.1,JPSP,8.48572783726052e-22
Row.93,control_10.1037/0022-3514.95.1.111,JPSP,9.412170123319911e-22
Row.93,control_10.1037/0022-3514.95.1.128,JPSP,7.2541733141382e-22
Row.93,control_10.1037/0022-3514.95.1.144,JPSP,2.0778106734033904e-21
Row.93,control_10.1037/0022-3514.95.1.166,JPSP,4.2505631009890185e-22
Row.93,control_10.1037/0022-3514.95.1.181,JPSP,9.231887752812951e-22
Row.93,control_10.1037/0022-3514.95.1.197,JPSP,1.4838474941667773e-21
Row.93,control_10.1037/0022-3514.95.1.212,JPSP,1.8736531402574446e-21
Row.93,control_10.1037/0022-3514.95.1.222,JPSP,1.764132653360349e-22
Row.93,control_10.1037/0022-3514.95.1.36,JPSP,0.04821063496231609
Row.93,control_10.1037/0022-3514.95.1.50,JPSP,0.0
Row.93,control_10.1037/0022-3514.95.1.66,JPSP,1.867659298391382e-21
Row.93,control_10.1037/0022-3514.95.1.94,JPSP,2.2117664332134416e-21
Row.93,control_10.1037/0022-3514.95.2.253,JPSP,0.0
Row.93,control_10.1037/0022-3514.95.2.308,JPSP,1.001299790183067e-21
Row.93,control_10.1037/0022-3514.95.2.319,JPSP,6.842426798776173e-24
Row.93,control_10.1037/0022-3514.95.2.338,JPSP,0.0
Row.93,control_10.1037/0022-3514.95.2.352,JPSP,0.09103315593762558
Row.93,control_10.1037/0022-3514.95.2.369,JPSP,0.0
Row.93,control_10.1037/0022-3514.95.2.385,JPSP,2.907253182175714e-21
Row.93,control_10.1037/0022-3514.95.2.404,JPSP,0.0
Row.93,control_10.1037/0022-3514.95.2.442,JPSP,0.23020370157670403
Row.93,control_10.1037/0022-3514.95.2.456,JPSP,6.087391588468601e-07
Row.93,control_10.1037/0022-3514.95.3.555,JPSP,8.366003350981687e-07
Row.93,control_10.1037/0022-3514.95.3.576,JPSP,0.0
Row.93,control_10.1037/0022-3514.95.3.593,JPSP,1.0600494486997315e-07
Row.93,control_10.1037/0022-3514.95.3.608,JPSP,1.0534652315423284e-21
Row.93,control_10.1037/0022-3514.95.3.628,JPSP,0.0
Row.93,control_10.1037/0022-3514.95.3.648,JPSP,0.0
Row.93,control_10.1037/0022-3514.95.3.662,JPSP,4.912307591031441e-22
Row.93,control_10.1037/0022-3514.95.3.679,JPSP,0.0
Row.93,control_10.1037/0022-3514.95.3.709,JPSP,1.1492716887766557e-06
Row.93,control_10.1037/0022-3514.95.3.739,JPSP,0.0
Row.93,control_10.1037/0022-3514.95.5.1080,JPSP,0.002409784538968317
Row.93,control_10.1037/0022-3514.95.5.1095,JPSP,0.052556977511064515
Row.93,control_10.1037/0022-3514.95.5.1113,JPSP,9.269312609113942e-23
Row.93,control_10.1037/0022-3514.95.5.1136,JPSP,1.021615535779212e-21
Row.93,control_10.1037/0022-3514.95.5.1150,JPSP,0.0
Row.93,control_10.1037/0022-3514.95.5.1180,JPSP,0.0
Row.93,control_10.1037/a0011381,JPSP,5.971098775099316e-22
Row.93,control_10.1037/a0011434,JPSP,2.0926524250058056e-21
Row.93,control_10.1037/a0011617,JPSP,0.004614435148104664
Row.93,control_10.1037/a0011618,JPSP,0.0
Row.93,control_10.1037/a0011619,JPSP,3.681456358701344e-07
Row.93,control_10.1037/a0011990,JPSP,0.0
Row.93,control_10.1037/a0011991,JPSP,0.0
Row.93,control_10.1037/a0011993,JPSP,2.8466743736518656e-22
Row.93,control_10.1037/a0012069,JPSP,0.0
Row.93,control_10.1037/a0012165,JPSP,7.664561932269386e-07
Row.93,control_10.1037/a0012453,JPSP,0.0
Row.93,control_10.1037/a0012454,JPSP,0.0
Row.93,control_10.1037/a0012518,JPSP,1.868282936836299e-22
Row.93,control_10.1037/a0012543,JPSP,7.931871669400093e-22
Row.93,control_10.1037/a0012559,JPSP,0.0
Row.93,control_10.1037/a0012612,JPSP,0.0029894098225958384
Row.93,control_10.1037/a0012627,JPSP,0.0
Row.93,control_10.1037/a0012628,JPSP,7.7370242550468115e-22
Row.93,control_10.1037/a0012629,JPSP,0.0
Row.93,control_10.1037/a0012630,JPSP,0.0
Row.93,control_10.1037/a0012631,JPSP,1.793628550269969e-21
Row.93,control_10.1037/a0012632,JPSP,0.22547400891414626
Row.93,control_10.1037/a0012633,JPSP,9.809216817345364e-22
Row.93,control_10.1037/a0012634,JPSP,0.0
Row.93,control_10.1037/a0012635,JPSP,2.397678528870237e-22
Row.93,control_10.1037/a0012636,JPSP,0.0
Row.93,control_10.1037/a0012650,JPSP,0.0
Row.93,control_10.1037/a0012666,JPSP,0.0
Row.93,control_10.1037/a0012705,JPSP,8.094917527684236e-23
Row.93,control_10.1037/a0012709,JPSP,9.19907779063317e-22
Row.93,control_10.1037/a0012710,JPSP,1.3907418411089947e-21
Row.93,control_10.1037/a0012821,JPSP,2.5669897166124078e-23
Row.93,control_10.1037/a0012822,JPSP,0.0
Row.93,control_10.1037/a0012939,JPSP,7.703739940582061e-23
Row.93,control_10.1037/a0012978,JPSP,0.0
Row.93,control_10.1037/a0013067,JPSP,0.0
Row.93,control_10.1037/a0013192,JPSP,6.810892556676496e-23
Row.93,control_10.1037/a0013193,JPSP,1.659505344458681e-21
Row.93,control_10.1037/a0013194,JPSP,6.195752623655996e-21
Row.93,control_10.1037/a0013195,JPSP,0.00045467323495634865
Row.93,control_10.1037/a0013261,JPSP,0.0
Row.93,control_10.1037/a0013262,JPSP,1.960682622852209e-05
Row.93,control_10.1037/a0013263,JPSP,1.0326692911664665e-21
Row.93,control_10.1037/a0013314,JPSP,4.516226678043005e-06
Row.93,control_10.1037/a0013315,JPSP,0.007901503449249541
Row.93,control_10.1037/a0013316,JPSP,1.1132705797430209e-21
Row.93,control_10.1037/a0013334,JPSP,1.72147450707288e-22
Row.93,control_10.1037/a0013336,JPSP,8.35665289881617e-22
Row.93,control_10.1037/a0013345,JPSP,0.0
Row.93,control_10.1037/a0013593,JPSP,1.4587309543121053e-06
Row.94,control_10.1037/0022-3514.94.1.108,JPSP,0.0
Row.94,control_10.1037/0022-3514.94.1.133,JPSP,0.1653514175754682
Row.94,control_10.1037/0022-3514.94.1.146,JPSP,5.273561629170094e-16
Row.94,control_10.1037/0022-3514.94.1.168,JPSP,8.674992499193546e-17
Row.94,control_10.1037/0022-3514.94.1.32,JPSP,0.0
Row.94,control_10.1037/0022-3514.94.1.75,JPSP,1.2413762047380426e-17
Row.94,control_10.1037/0022-3514.94.2.278,JPSP,0.0
Row.94,control_10.1037/0022-3514.94.2.292,JPSP,3.0451654248541133e-17
Row.94,control_10.1037/0022-3514.94.2.307,JPSP,0.0
Row.94,control_10.1037/0022-3514.94.2.320,JPSP,1.1265583680279835e-17
Row.94,control_10.1037/0022-3514.94.2.334,JPSP,0.0
Row.94,control_10.1037/0022-3514.94.2.347,JPSP,0.0
Row.94,control_10.1037/0022-3514.94.2.94.2.214,JPSP,5.088463216569984e-18
Row.94,control_10.1037/0022-3514.94.2.94.2.265,JPSP,0.0
Row.94,control_10.1037/0022-3514.94.3.365,JPSP,0.0
Row.94,control_10.1037/0022-3514.94.3.412,JPSP,0.0
Row.94,control_10.1037/0022-3514.94.3.460,JPSP,0.0
Row.94,control_10.1037/0022-3514.94.3.479,JPSP,1.1751326715566769e-17
Row.94,control_10.1037/0022-3514.94.3.531,JPSP,1.756998747460615e-17
Row.94,control_10.1037/0022-3514.94.4.547,JPSP,2.6112412112580537e-17
Row.94,control_10.1037/0022-3514.94.4.631,JPSP,0.04160893533273103
Row.94,control_10.1037/0022-3514.94.5.739,JPSP,1.2249845783964488e-17
Row.94,control_10.1037/0022-3514.94.5.757,JPSP,0.0
Row.94,control_10.1037/0022-3514.94.5.792,JPSP,0.0
Row.94,control_10.1037/0022-3514.94.5.808,JPSP,1.7769998294580736e-17
Row.94,control_10.1037/0022-3514.94.5.824,JPSP,3.536781205689988e-17
Row.94,control_10.1037/0022-3514.94.5.839,JPSP,3.22708615958373e-17
Row.94,control_10.1037/0022-3514.94.5.860,JPSP,3.905026603000242e-19
Row.94,control_10.1037/0022-3514.94.5.883,JPSP,7.089531390446268e-18
Row.94,control_10.1037/0022-3514.94.5.899,JPSP,0.0
Row.94,control_10.1037/0022-3514.94.5.913,JPSP,3.8674296915765045e-17
Row.94,control_10.1037/0022-3514.94.6.1007,JPSP,2.7496864779109422e-17
Row.94,control_10.1037/0022-3514.94.6.1033,JPSP,3.16939766144943e-18
Row.94,control_10.1037/0022-3514.94.6.1048,JPSP,1.1772302827545833e-17
Row.94,control_10.1037/0022-3514.94.6.1062,JPSP,5.380779872007927e-16
Row.94,control_10.1037/0022-3514.94.6.1078,JPSP,1.3559451802606442e-17
Row.94,control_10.1037/0022-3514.94.6.925,JPSP,0.0
Row.94,control_10.1037/0022-3514.94.6.938,JPSP,1.4852760180957924e-17
Row.94,control_10.1037/0022-3514.94.6.956,JPSP,0.0
Row.94,control_10.1037/0022-3514.94.6.971,JPSP,0.0
Row.94,control_10.1037/0022-3514.94.6.988,JPSP,1.3635217057565718e-17
Row.94,control_10.1037/0022-3514.95.1.1,JPSP,0.0
Row.94,control_10.1037/0022-3514.95.1.111,JPSP,1.768189992530798e-18
Row.94,control_10.1037/0022-3514.95.1.128,JPSP,0.0
Row.94,control_10.1037/0022-3514.95.1.144,JPSP,0.0
Row.94,control_10.1037/0022-3514.95.1.166,JPSP,1.3231303065063576e-17
Row.94,control_10.1037/0022-3514.95.1.181,JPSP,1.5345173989345458e-17
Row.94,control_10.1037/0022-3514.95.1.197,JPSP,7.505877631312362e-18
Row.94,control_10.1037/0022-3514.95.1.212,JPSP,0.0
Row.94,control_10.1037/0022-3514.95.1.222,JPSP,0.0
Row.94,control_10.1037/0022-3514.95.1.36,JPSP,0.0
Row.94,control_10.1037/0022-3514.95.1.50,JPSP,6.587289061189669e-16
Row.94,control_10.1037/0022-3514.95.1.66,JPSP,0.0
Row.94,control_10.1037/0022-3514.95.1.94,JPSP,9.028433740715943e-18
Row.94,control_10.1037/0022-3514.95.2.253,JPSP,0.0
Row.94,control_10.1037/0022-3514.95.2.308,JPSP,0.08882815423572853
Row.94,control_10.1037/0022-3514.95.2.319,JPSP,5.459088543351393e-18
Row.94,control_10.1037/0022-3514.95.2.338,JPSP,0.0
Row.94,control_10.1037/0022-3514.95.2.352,JPSP,0.0
Row.94,control_10.1037/0022-3514.95.2.369,JPSP,0.4879283568331517
Row.94,control_10.1037/0022-3514.95.2.385,JPSP,0.0
Row.94,control_10.1037/0022-3514.95.2.404,JPSP,2.5728911907444997e-18
Row.94,control_10.1037/0022-3514.95.2.442,JPSP,0.0
Row.94,control_10.1037/0022-3514.95.2.456,JPSP,1.061836345136057e-17
Row.94,control_10.1037/0022-3514.95.3.555,JPSP,0.0
Row.94,control_10.1037/0022-3514.95.3.576,JPSP,0.0
Row.94,control_10.1037/0022-3514.95.3.593,JPSP,0.0
Row.94,control_10.1037/0022-3514.95.3.608,JPSP,8.219842456142332e-18
Row.94,control_10.1037/0022-3514.95.3.628,JPSP,3.4469337182404906e-17
Row.94,control_10.1037/0022-3514.95.3.648,JPSP,0.0
Row.94,control_10.1037/0022-3514.95.3.662,JPSP,6.8124031843500044e-18
Row.94,control_10.1037/0022-3514.95.3.679,JPSP,2.4865233554094073e-17
Row.94,control_10.1037/0022-3514.95.3.709,JPSP,1.5886806181904824e-17
Row.94,control_10.1037/0022-3514.95.3.739,JPSP,2.870687617270656e-17
Row.94,control_10.1037/0022-3514.95.5.1080,JPSP,0.0
Row.94,control_10.1037/0022-3514.95.5.1095,JPSP,9.245164059264876e-18
Row.94,control_10.1037/0022-3514.95.5.1113,JPSP,2.1630612916059e-17
Row.94,control_10.1037/0022-3514.95.5.1136,JPSP,0.0
Row.94,control_10.1037/0022-3514.95.5.1150,JPSP,0.0
Row.94,control_10.1037/0022-3514.95.5.1180,JPSP,0.0
Row.94,control_10.1037/a0011381,JPSP,8.335146913426688e-18
Row.94,control_10.1037/a0011434,JPSP,3.2965738348313222e-18
Row.94,control_10.1037/a0011617,JPSP,0.0
Row.94,control_10.1037/a0011618,JPSP,0.0
Row.94,control_10.1037/a0011619,JPSP,8.154231966626602e-18
Row.94,control_10.1037/a0011990,JPSP,1.3132398785435898e-17
Row.94,control_10.1037/a0011991,JPSP,0.0
Row.94,control_10.1037/a0011993,JPSP,0.0
Row.94,control_10.1037/a0012069,JPSP,0.21628313602291807
Row.94,control_10.1037/a0012165,JPSP,0.0
Row.94,control_10.1037/a0012453,JPSP,0.0
Row.94,control_10.1037/a0012454,JPSP,3.6961177901509214e-17
Row.94,control_10.1037/a0012518,JPSP,3.1806961771973966e-18
Row.94,control_10.1037/a0012543,JPSP,0.0
Row.94,control_10.1037/a0012559,JPSP,0.0
Row.94,control_10.1037/a0012612,JPSP,0.0
Row.94,control_10.1037/a0012627,JPSP,0.0
Row.94,control_10.1037/a0012628,JPSP,0.0
Row.94,control_10.1037/a0012629,JPSP,1.1264984636840842e-17
Row.94,control_10.1037/a0012630,JPSP,7.63355496635911e-18
Row.94,control_10.1037/a0012631,JPSP,0.0
Row.94,control_10.1037/a0012632,JPSP,0.0
Row.94,control_10.1037/a0012633,JPSP,0.0
Row.94,control_10.1037/a0012634,JPSP,0.0
Row.94,control_10.1037/a0012635,JPSP,2.220277968552109e-18
Row.94,control_10.1037/a0012636,JPSP,0.0
Row.94,control_10.1037/a0012650,JPSP,2.09916109091012e-17
Row.94,control_10.1037/a0012666,JPSP,0.0
Row.94,control_10.1037/a0012705,JPSP,0.0
Row.94,control_10.1037/a0012709,JPSP,1.1028269367393416e-17
Row.94,control_10.1037/a0012710,JPSP,0.0
Row.94,control_10.1037/a0012821,JPSP,1.1564521558767919e-17
Row.94,control_10.1037/a0012822,JPSP,0.0
Row.94,control_10.1037/a0012939,JPSP,0.0
Row.94,control_10.1037/a0012978,JPSP,4.133250627538758e-18
Row.94,control_10.1037/a0013067,JPSP,0.0
Row.94,control_10.1037/a0013192,JPSP,2.91174283067431e-18
Row.94,control_10.1037/a0013193,JPSP,0.0
Row.94,control_10.1037/a0013194,JPSP,0.0
Row.94,control_10.1037/a0013195,JPSP,5.918047083414156e-18
Row.94,control_10.1037/a0013261,JPSP,0.0
Row.94,control_10.1037/a0013262,JPSP,2.50858601037348e-17
Row.94,control_10.1037/a0013263,JPSP,0.0
Row.94,control_10.1037/a0013314,JPSP,6.0324553844910514e-18
Row.94,control_10.1037/a0013315,JPSP,1.4427041309851608e-18
Row.94,control_10.1037/a0013316,JPSP,0.0
Row.94,control_10.1037/a0013334,JPSP,2.0942651668423946e-18
Row.94,control_10.1037/a0013336,JPSP,0.0
Row.94,control_10.1037/a0013345,JPSP,6.8503646918032905e-18
Row.94,control_10.1037/a0013593,JPSP,3.804218733581925e-18
Row.97,control_10.1037/0022-3514.94.1.108,JPSP,0.0
Row.97,control_10.1037/0022-3514.94.1.133,JPSP,1.3119476494290917e-16
Row.97,control_10.1037/0022-3514.94.1.146,JPSP,0.0
Row.97,control_10.1037/0022-3514.94.1.168,JPSP,0.24308588343736437
Row.97,control_10.1037/0022-3514.94.1.32,JPSP,1.4939569801294036e-18
Row.97,control_10.1037/0022-3514.94.1.75,JPSP,4.397962384942104e-18
Row.97,control_10.1037/0022-3514.94.2.278,JPSP,0.0
Row.97,control_10.1037/0022-3514.94.2.292,JPSP,0.0
Row.97,control_10.1037/0022-3514.94.2.307,JPSP,0.0
Row.97,control_10.1037/0022-3514.94.2.320,JPSP,6.105945648107776e-17
Row.97,control_10.1037/0022-3514.94.2.334,JPSP,4.3467344711534223e-17
Row.97,control_10.1037/0022-3514.94.2.347,JPSP,3.142234433161124e-17
Row.97,control_10.1037/0022-3514.94.2.94.2.214,JPSP,0.0
Row.97,control_10.1037/0022-3514.94.2.94.2.265,JPSP,2.856758992818613e-17
Row.97,control_10.1037/0022-3514.94.3.365,JPSP,0.0
Row.97,control_10.1037/0022-3514.94.3.412,JPSP,3.546899566028307e-17
Row.97,control_10.1037/0022-3514.94.3.460,JPSP,5.393856965532189e-18
Row.97,control_10.1037/0022-3514.94.3.479,JPSP,0.0
Row.97,control_10.1037/0022-3514.94.3.531,JPSP,0.0
Row.97,control_10.1037/0022-3514.94.4.547,JPSP,0.0
Row.97,control_10.1037/0022-3514.94.4.631,JPSP,0.0
Row.97,control_10.1037/0022-3514.94.5.739,JPSP,0.08798924751733773
Row.97,control_10.1037/0022-3514.94.5.757,JPSP,4.657308848111115e-17
Row.97,control_10.1037/0022-3514.94.5.792,JPSP,7.756245820913805e-17
Row.97,control_10.1037/0022-3514.94.5.808,JPSP,0.0
Row.97,control_10.1037/0022-3514.94.5.824,JPSP,0.0
Row.97,control_10.1037/0022-3514.94.5.839,JPSP,3.1057552608665266e-17
Row.97,control_10.1037/0022-3514.94.5.860,JPSP,0.0
Row.97,control_10.1037/0022-3514.94.5.883,JPSP,6.901133120407723e-18
Row.97,control_10.1037/0022-3514.94.5.899,JPSP,1.6243263283301884e-17
Row.97,control_10.1037/0022-3514.94.5.913,JPSP,2.7407286973516617e-17
Row.97,control_10.1037/0022-3514.94.6.1007,JPSP,1.1929865514030121e-17
Row.97,control_10.1037/0022-3514.94.6.1033,JPSP,0.0
Row.97,control_10.1037/0022-3514.94.6.1048,JPSP,4.051306143606765e-17
Row.97,control_10.1037/0022-3514.94.6.1062,JPSP,4.868283672361416e-17
Row.97,control_10.1037/0022-3514.94.6.1078,JPSP,0.0
Row.97,control_10.1037/0022-3514.94.6.925,JPSP,0.0
Row.97,control_10.1037/0022-3514.94.6.938,JPSP,5.96749457642348e-17
Row.97,control_10.1037/0022-3514.94.6.956,JPSP,1.62233339940124e-17
Row.97,control_10.1037/0022-3514.94.6.971,JPSP,7.423346745709276e-18
Row.97,control_10.1037/0022-3514.94.6.988,JPSP,0.0
Row.97,control_10.1037/0022-3514.95.1.1,JPSP,5.720114166326289e-17
Row.97,control_10.1037/0022-3514.95.1.111,JPSP,3.7919347806319856e-17
Row.97,control_10.1037/0022-3514.95.1.128,JPSP,0.0
Row.97,control_10.1037/0022-3514.95.1.144,JPSP,0.0
Row.97,control_10.1037/0022-3514.95.1.166,JPSP,0.0
Row.97,control_10.1037/0022-3514.95.1.181,JPSP,0.0
Row.97,control_10.1037/0022-3514.95.1.197,JPSP,2.1764656740002977e-17
Row.97,control_10.1037/0022-3514.95.1.212,JPSP,1.0874091518304604e-17
Row.97,control_10.1037/0022-3514.95.1.222,JPSP,1.8810821090917867e-17
Row.97,control_10.1037/0022-3514.95.1.36,JPSP,5.15475760648246e-17
Row.97,control_10.1037/0022-3514.95.1.50,JPSP,3.3495143447307244e-18
Row.97,control_10.1037/0022-3514.95.1.66,JPSP,0.0
Row.97,control_10.1037/0022-3514.95.1.94,JPSP,0.0
Row.97,control_10.1037/0022-3514.95.2.253,JPSP,8.802521253880632e-17
Row.97,control_10.1037/0022-3514.95.2.308,JPSP,2.7037009847826972e-17
Row.97,control_10.1037/0022-3514.95.2.319,JPSP,0.3042090793004626
Row.97,control_10.1037/0022-3514.95.2.338,JPSP,0.0
Row.97,control_10.1037/0022-3514.95.2.352,JPSP,0.0
Row.97,control_10.1037/0022-3514.95.2.369,JPSP,0.0
Row.97,control_10.1037/0022-3514.95.2.385,JPSP,5.46903749912115e-17
Row.97,control_10.1037/0022-3514.95.2.404,JPSP,0.0
Row.97,control_10.1037/0022-3514.95.2.442,JPSP,0.0
Row.97,control_10.1037/0022-3514.95.2.456,JPSP,0.0
Row.97,control_10.1037/0022-3514.95.3.555,JPSP,0.0
Row.97,control_10.1037/0022-3514.95.3.576,JPSP,0.0
Row.97,control_10.1037/0022-3514.95.3.593,JPSP,4.444529243104398e-17
Row.97,control_10.1037/0022-3514.95.3.608,JPSP,2.8373857575679563e-17
Row.97,control_10.1037/0022-3514.95.3.628,JPSP,1.2894053459123179e-17
Row.97,control_10.1037/0022-3514.95.3.648,JPSP,0.0
Row.97,control_10.1037/0022-3514.95.3.662,JPSP,0.0
Row.97,control_10.1037/0022-3514.95.3.679,JPSP,0.0
Row.97,control_10.1037/0022-3514.95.3.709,JPSP,5.626294845920272e-17
Row.97,control_10.1037/0022-3514.95.3.739,JPSP,0.0
Row.97,control_10.1037/0022-3514.95.5.1080,JPSP,3.054892737953236e-18
Row.97,control_10.1037/0022-3514.95.5.1095,JPSP,2.615144460065093e-17
Row.97,control_10.1037/0022-3514.95.5.1113,JPSP,0.0
Row.97,control_10.1037/0022-3514.95.5.1136,JPSP,0.0
Row.97,control_10.1037/0022-3514.95.5.1150,JPSP,1.0404125264781856e-17
Row.97,control_10.1037/0022-3514.95.5.1180,JPSP,4.280589747668151e-17
Row.97,control_10.1037/a0011381,JPSP,2.8578736366793156e-17
Row.97,control_10.1037/a0011434,JPSP,1.9283694052779523e-17
Row.97,control_10.1037/a0011617,JPSP,0.0
Row.97,control_10.1037/a0011618,JPSP,0.0
Row.97,control_10.1037/a0011619,JPSP,0.0
Row.97,control_10.1037/a0011990,JPSP,0.0
Row.97,control_10.1037/a0011991,JPSP,1.7003274223705145e-17
Row.97,control_10.1037/a0011993,JPSP,0.0
Row.97,control_10.1037/a0012069,JPSP,3.422105308555133e-17
Row.97,control_10.1037/a0012165,JPSP,1.44965760535458e-17
Row.97,control_10.1037/a0012453,JPSP,3.3539450176488404e-17
Row.97,control_10.1037/a0012454,JPSP,0.0
Row.97,control_10.1037/a0012518,JPSP,0.0
Row.97,control_10.1037/a0012543,JPSP,0.0
Row.97,control_10.1037/a0012559,JPSP,0.0
Row.97,control_10.1037/a0012612,JPSP,1.8723238633013766e-18
Row.97,control_10.1037/a0012627,JPSP,3.0467806788926295e-17
Row.97,control_10.1037/a0012628,JPSP,1.6146595479444094e-18
Row.97,control_10.1037/a0012629,JPSP,0.0
Row.97,control_10.1037/a0012630,JPSP,0.0
Row.97,control_10.1037/a0012631,JPSP,0.0
Row.97,control_10.1037/a0012632,JPSP,0.0
Row.97,control_10.1037/a0012633,JPSP,1.5042701445311052e-17
Row.97,control_10.1037/a0012634,JPSP,1.3858250762766123e-18
Row.97,control_10.1037/a0012635,JPSP,7.840193056145662e-18
Row.97,control_10.1037/a0012636,JPSP,3.2450489366967424e-17
Row.97,control_10.1037/a0012650,JPSP,0.0
Row.97,control_10.1037/a0012666,JPSP,4.865427247183856e-18
Row.97,control_10.1037/a0012705,JPSP,0.0
Row.97,control_10.1037/a0012709,JPSP,0.0
Row.97,control_10.1037/a0012710,JPSP,1.4603866764303592e-18
Row.97,control_10.1037/a0012821,JPSP,3.902887260560974e-17
Row.97,control_10.1037/a0012822,JPSP,0.0
Row.97,control_10.1037/a0012939,JPSP,0.0
Row.97,control_10.1037/a0012978,JPSP,2.7587114652155816e-18
Row.97,control_10.1037/a0013067,JPSP,4.0114523895517824e-17
Row.97,control_10.1037/a0013192,JPSP,1.4262014805211095e-17
Row.97,control_10.1037/a0013193,JPSP,0.26011282004054825
Row.97,control_10.1037/a0013194,JPSP,2.264435823672692e-17
Row.97,control_10.1037/a0013195,JPSP,0.0
Row.97,control_10.1037/a0013261,JPSP,8.951423537276858e-18
Row.97,control_10.1037/a0013262,JPSP,5.275856611247876e-17
Row.97,control_10.1037/a0013263,JPSP,1.9124824948031936e-17
Row.97,control_10.1037/a0013314,JPSP,0.10460296970428536
Row.97,control_10.1037/a0013315,JPSP,0.0
Row.97,control_10.1037/a0013316,JPSP,0.0
Row.97,control_10.1037/a0013334,JPSP,2.116248893483671e-18
Row.97,control_10.1037/a0013336,JPSP,5.506865059416861e-17
Row.97,control_10.1037/a0013345,JPSP,0.0
Row.97,control_10.1037/a0013593,JPSP,0.0
Row.82,control_10.1111/j.1467-9280.2008.02036.x,PS,0.0
Row.82,control_10.1111/j.1467-9280.2008.02037.x,PS,0.0
Row.82,control_10.1111/j.1467-9280.2008.02038.x,PS,0.09038565978584755
Row.82,control_10.1111/j.1467-9280.2008.02047.x,PS,2.8349190311579084e-16
Row.82,control_10.1111/j.1467-9280.2008.02048.x,PS,0.0
Row.82,control_10.1111/j.1467-9280.2008.02055.x,PS,0.0
Row.82,control_10.1111/j.1467-9280.2008.02058.x,PS,0.0
Row.82,control_10.1111/j.1467-9280.2008.02059.x,PS,1.1842841379869655e-16
Row.82,control_10.1111/j.1467-9280.2008.02063.x,PS,0.0
Row.82,control_10.1111/j.1467-9280.2008.02065.x,PS,0.0
Row.82,control_10.1111/j.1467-9280.2008.02067.x,PS,1.0381748381635591e-16
Row.82,control_10.1111/j.1467-9280.2008.02068.x,PS,1.0305300789173418e-16
Row.82,control_10.1111/j.1467-9280.2008.02071.x,PS,0.0
Row.82,control_10.1111/j.1467-9280.2008.02073.x,PS,0.0
Row.82,control_10.1111/j.1467-9280.2008.02074.x,PS,0.0
Row.82,control_10.1111/j.1467-9280.2008.02075.x,PS,0.0
Row.82,control_10.1111/j.1467-9280.2008.02079.x,PS,8.232574113497199e-17
Row.82,control_10.1111/j.1467-9280.2008.02083.x,PS,0.0
Row.82,control_10.1111/j.1467-9280.2008.02086.x,PS,0.0
Row.82,control_10.1111/j.1467-9280.2008.02087.x,PS,1.0501761356692073e-16
Row.82,control_10.1111/j.1467-9280.2008.02094.x,PS,0.0
Row.82,control_10.1111/j.1467-9280.2008.02096.x,PS,1.2234473698794913e-17
Row.82,control_10.1111/j.1467-9280.2008.02099.x,PS,3.1239472181454256e-17
Row.82,control_10.1111/j.1467-9280.2008.02102.x,PS,3.1575272167368874e-17
Row.82,control_10.1111/j.1467-9280.2008.02103.x,PS,0.0
Row.82,control_10.1111/j.1467-9280.2008.02104.x,PS,5.320394611745106e-17
Row.82,control_10.1111/j.1467-9280.2008.02105.x,PS,0.0
Row.82,control_10.1111/j.1467-9280.2008.02106.x,PS,5.1643534011006394e-17
Row.82,control_10.1111/j.1467-9280.2008.02107.x,PS,1.613584227832824e-16
Row.82,control_10.1111/j.1467-9280.2008.02108.x,PS,9.954359235070744e-17
Row.82,control_10.1111/j.1467-9280.2008.02109.x,PS,8.35512624779708e-17
Row.82,control_10.1111/j.1467-9280.2008.02110.x,PS,8.333900024371056e-17
Row.82,control_10.1111/j.1467-9280.2008.02111.x,PS,0.0
Row.82,control_10.1111/j.1467-9280.2008.02112.x,PS,1.8683657753196883e-16
Row.82,control_10.1111/j.1467-9280.2008.02113.x,PS,0.0
Row.82,control_10.1111/j.1467-9280.2008.02114.x,PS,1.5047798012192622e-16
Row.82,control_10.1111/j.1467-9280.2008.02115.x,PS,4.572602231732176e-17
Row.82,control_10.1111/j.1467-9280.2008.02116.x,PS,1.0464023672683725e-16
Row.82,control_10.1111/j.1467-9280.2008.02117.x,PS,2.8536128227545926e-16
Row.82,control_10.1111/j.1467-9280.2008.02118.x,PS,0.0
Row.82,control_10.1111/j.1467-9280.2008.02119.x,PS,0.0
Row.82,control_10.1111/j.1467-9280.2008.02120.x,PS,0.0
Row.82,control_10.1111/j.1467-9280.2008.02121.x,PS,0.0
Row.82,control_10.1111/j.1467-9280.2008.02122.x,PS,0.0
Row.82,control_10.1111/j.1467-9280.2008.02123.x,PS,1.784637123962885e-16
Row.82,control_10.1111/j.1467-9280.2008.02125.x,PS,4.412649273018684e-16
Row.82,control_10.1111/j.1467-9280.2008.02126.x,PS,0.0
Row.82,control_10.1111/j.1467-9280.2008.02127.x,PS,0.0
Row.82,control_10.1111/j.1467-9280.2008.02129.x,PS,4.397245710637123e-17
Row.82,control_10.1111/j.1467-9280.2008.02130.x,PS,9.167710111772415e-17
Row.82,control_10.1111/j.1467-9280.2008.02131.x,PS,4.767285850088142e-17
Row.82,control_10.1111/j.1467-9280.2008.02132.x,PS,0.0
Row.82,control_10.1111/j.1467-9280.2008.02133.x,PS,0.0
Row.82,control_10.1111/j.1467-9280.2008.02134.x,PS,0.0
Row.82,control_10.1111/j.1467-9280.2008.02135.x,PS,3.797428682099991e-17
Row.82,control_10.1111/j.1467-9280.2008.02137.x,PS,6.728392996493568e-17
Row.82,control_10.1111/j.1467-9280.2008.02138.x,PS,0.0
Row.82,control_10.1111/j.1467-9280.2008.02139.x,PS,1.0884662532596821e-16
Row.82,control_10.1111/j.1467-9280.2008.02140.x,PS,2.426364273418618e-16
Row.82,control_10.1111/j.1467-9280.2008.02141.x,PS,0.0
Row.82,control_10.1111/j.1467-9280.2008.02142.x,PS,0.0
Row.82,control_10.1111/j.1467-9280.2008.02143.x,PS,7.233346246493727e-17
Row.82,control_10.1111/j.1467-9280.2008.02144.x,PS,0.0
Row.82,control_10.1111/j.1467-9280.2008.02145.x,PS,1.826286548035167e-16
Row.82,control_10.1111/j.1467-9280.2008.02146.x,PS,0.0
Row.82,control_10.1111/j.1467-9280.2008.02147.x,PS,0.0
Row.82,control_10.1111/j.1467-9280.2008.02148.x,PS,0.0
Row.82,control_10.1111/j.1467-9280.2008.02149.x,PS,0.0
Row.82,control_10.1111/j.1467-9280.2008.02150.x,PS,7.157350308847541e-17
Row.82,control_10.1111/j.1467-9280.2008.02151.x,PS,4.9810291554041814e-17
Row.82,control_10.1111/j.1467-9280.2008.02152.x,PS,6.000531422943238e-17
Row.82,control_10.1111/j.1467-9280.2008.02153.x,PS,0.0
Row.82,control_10.1111/j.1467-9280.2008.02154.x,PS,4.388602984060492e-18
Row.82,control_10.1111/j.1467-9280.2008.02155.x,PS,0.0
Row.82,control_10.1111/j.1467-9280.2008.02156.x,PS,0.0
Row.82,control_10.1111/j.1467-9280.2008.02158.x,PS,5.878657763421698e-16
Row.82,control_10.1111/j.1467-9280.2008.02160.x,PS,1.5843337990401271e-18
Row.82,control_10.1111/j.1467-9280.2008.02161.x,PS,0.0
Row.82,control_10.1111/j.1467-9280.2008.02162.x,PS,0.0
Row.82,control_10.1111/j.1467-9280.2008.02163.x,PS,0.0
Row.82,control_10.1111/j.1467-9280.2008.02164.x,PS,7.747758562723921e-17
Row.82,control_10.1111/j.1467-9280.2008.02165.x,PS,0.0
Row.82,control_10.1111/j.1467-9280.2008.02166.x,PS,0.0
Row.82,control_10.1111/j.1467-9280.2008.02167.x,PS,5.843152712124906e-17
Row.82,control_10.1111/j.1467-9280.2008.02168.x,PS,1.6175905956658243e-16
Row.82,control_10.1111/j.1467-9280.2008.02169.x,PS,0.0
Row.82,control_10.1111/j.1467-9280.2008.02170.x,PS,2.5642442772364155e-16
Row.82,control_10.1111/j.1467-9280.2008.02171.x,PS,2.1598253197897473e-16
Row.82,control_10.1111/j.1467-9280.2008.02173.x,PS,0.0
Row.82,control_10.1111/j.1467-9280.2008.02174.x,PS,1.5186570282372502e-16
Row.82,control_10.1111/j.1467-9280.2008.02175.x,PS,1.7736933301297325e-16
Row.82,control_10.1111/j.1467-9280.2008.02176.x,PS,0.0
Row.82,control_10.1111/j.1467-9280.2008.02177.x,PS,2.547829818343016e-17
Row.82,control_10.1111/j.1467-9280.2008.02178.x,PS,0.0
Row.82,control_10.1111/j.1467-9280.2008.02179.x,PS,2.5999406028152135e-17
Row.82,control_10.1111/j.1467-9280.2008.02180.x,PS,0.31511381084260526
Row.82,control_10.1111/j.1467-9280.2008.02182.x,PS,5.915930886717504e-17
Row.82,control_10.1111/j.1467-9280.2008.02183.x,PS,4.915349945325037e-17
Row.82,control_10.1111/j.1467-9280.2008.02184.x,PS,0.0
Row.82,control_10.1111/j.1467-9280.2008.02185.x,PS,5.819293589427802e-17
Row.82,control_10.1111/j.1467-9280.2008.02186.x,PS,0.0
Row.82,control_10.1111/j.1467-9280.2008.02188.x,PS,0.0
Row.82,control_10.1111/j.1467-9280.2008.02189.x,PS,9.490392570293512e-18
Row.82,control_10.1111/j.1467-9280.2008.02190.x,PS,0.0
Row.82,control_10.1111/j.1467-9280.2008.02191.x,PS,6.527348170843421e-17
Row.82,control_10.1111/j.1467-9280.2008.02192.x,PS,0.0
Row.82,control_10.1111/j.1467-9280.2008.02193.x,PS,1.4619203382000844e-16
Row.82,control_10.1111/j.1467-9280.2008.02194.x,PS,0.0
Row.82,control_10.1111/j.1467-9280.2008.02195.x,PS,0.0
Row.82,control_10.1111/j.1467-9280.2008.02196.x,PS,1.113532960977476e-16
Row.82,control_10.1111/j.1467-9280.2008.02197.x,PS,8.301871479845334e-17
Row.82,control_10.1111/j.1467-9280.2008.02198.x,PS,1.6923258501564388e-17
Row.82,control_10.1111/j.1467-9280.2008.02200.x,PS,0.0
Row.82,control_10.1111/j.1467-9280.2008.02201.x,PS,4.770725977967454e-17
Row.82,control_10.1111/j.1467-9280.2008.02202.x,PS,2.657833743390565e-18
Row.82,control_10.1111/j.1467-9280.2008.02203.x,PS,0.0
Row.82,control_10.1111/j.1467-9280.2008.02204.x,PS,4.5886294763550314e-17
Row.82,control_10.1111/j.1467-9280.2008.02205.x,PS,6.986429287044353e-18
Row.82,control_10.1111/j.1467-9280.2008.02206.x,PS,5.617993900137021e-17
Row.82,control_10.1111/j.1467-9280.2008.02207.x,PS,0.0
Row.82,control_10.1111/j.1467-9280.2008.02208.x,PS,0.0
Row.82,control_10.1111/j.1467-9280.2008.02209.x,PS,0.427724381795192
Row.82,control_10.1111/j.1467-9280.2008.02210.x,PS,0.0
Row.82,control_10.1111/j.1467-9280.2008.02211.x,PS,0.0
Row.82,control_10.1111/j.1467-9280.2008.02212.x,PS,0.0
Row.82,control_10.1111/j.1467-9280.2008.02213.x,PS,4.284133451377077e-18
Row.82,control_10.1111/j.1467-9280.2008.02214.x,PS,0.16677614757634784
Row.82,control_10.1111/j.1467-9280.2008.02215.x,PS,0.0
Row.82,control_10.1111/j.1467-9280.2008.02216.x,PS,0.0
Row.82,control_10.1111/j.1467-9280.2008.02217.x,PS,0.0
Row.82,control_10.1111/j.1467-9280.2008.02218.x,PS,3.832906085406656e-17
Row.82,control_10.1111/j.1467-9280.2008.02219.x,PS,0.0
Row.82,control_10.1111/j.1467-9280.2008.02220.x,PS,3.381171485920692e-17
Row.82,control_10.1111/j.1467-9280.2008.02221.x,PS,0.0
Row.82,control_10.1111/j.1467-9280.2008.02222.x,PS,0.0
Row.82,control_10.1111/j.1467-9280.2008.02223.x,PS,4.4948300577504285e-18
Row.82,control_10.1111/j.1467-9280.2008.02224.x,PS,5.809981806680461e-17
Row.82,control_10.1111/j.1467-9280.2008.02225.x,PS,0.0
Row.82,control_10.1111/j.1467-9280.2008.02226.x,PS,0.0
Row.82,control_10.1111/j.1467-9280.2008.02228.x,PS,1.788371351116229e-17
Row.82,control_10.1111/j.1467-9280.2008.02229.x,PS,2.5040726148088324e-17
Row.82,control_10.1111/j.1467-9280.2008.02230.x,PS,0.0
Row.82,control_10.1111/j.1467-9280.2008.02231.x,PS,2.324957753662335e-17
Row.82,control_10.1111/j.1467-9280.2008.02232.x,PS,0.0
Row.82,control_10.1111/j.1467-9280.2008.02233.x,PS,0.0
Row.82,control_10.1111/j.1467-9280.2008.02234.x,PS,1.1490765468642765e-16
Row.82,control_10.1111/j.1467-9280.2008.02235.x,PS,0.0
Row.82,control_10.1111/j.1467-9280.2008.02236.x,PS,0.0
Row.82,control_10.1111/j.1467-9280.2008.02237.x,PS,3.3224007214225295e-16
Row.82,control_10.1111/j.1467-9280.2008.02238.x,PS,6.571847312784834e-17
Row.82,control_10.1111/j.1467-9280.2008.02239.x,PS,0.0
Row.82,control_10.1111/j.1467-9280.2008.02240.x,PS,1.356940535773972e-16
Row.82,control_10.1111/j.1467-9280.2008.02241.x,PS,1.3971689511076272e-16
Row.104,control_10.1111/j.1467-9280.2008.02036.x,PS,0.0032653360253731157
Row.104,control_10.1111/j.1467-9280.2008.02037.x,PS,0.004459880325043628
Row.104,control_10.1111/j.1467-9280.2008.02038.x,PS,0.18556113852348238
Row.104,control_10.1111/j.1467-9280.2008.02047.x,PS,0.0023642179268652656
Row.104,control_10.1111/j.1467-9280.2008.02048.x,PS,0.0025004452794875716
Row.104,control_10.1111/j.1467-9280.2008.02055.x,PS,0.0013729806447130713
Row.104,control_10.1111/j.1467-9280.2008.02058.x,PS,0.0050357353803215255
Row.104,control_10.1111/j.1467-9280.2008.02059.x,PS,0.004713464916825651
Row.104,control_10.1111/j.1467-9280.2008.02063.x,PS,0.002333374428344026
Row.104,control_10.1111/j.1467-9280.2008.02065.x,PS,0.00933889601520541
Row.104,control_10.1111/j.1467-9280.2008.02067.x,PS,0.0029000567630952123
Row.104,control_10.1111/j.1467-9280.2008.02068.x,PS,0.0019439062204848379
Row.104,control_10.1111/j.1467-9280.2008.02071.x,PS,0.0059497497018548414
Row.104,control_10.1111/j.1467-9280.2008.02073.x,PS,0.007680062651179706
Row.104,control_10.1111/j.1467-9280.2008.02074.x,PS,0.0020942417834666923
Row.104,control_10.1111/j.1467-9280.2008.02075.x,PS,0.005220452976713702
Row.104,control_10.1111/j.1467-9280.2008.02079.x,PS,0.004223624532860675
Row.104,control_10.1111/j.1467-9280.2008.02083.x,PS,0.0032857270370642015
Row.104,control_10.1111/j.1467-9280.2008.02086.x,PS,0.03294594723327757
Row.104,control_10.1111/j.1467-9280.2008.02087.x,PS,0.0027543000092509224
Row.104,control_10.1111/j.1467-9280.2008.02094.x,PS,0.001602344603431242
Row.104,control_10.1111/j.1467-9280.2008.02096.x,PS,0.001562443998559995
Row.104,control_10.1111/j.1467-9280.2008.02099.x,PS,0.0056161971789785515
Row.104,control_10.1111/j.1467-9280.2008.02102.x,PS,0.005662171109624599
Row.104,control_10.1111/j.1467-9280.2008.02103.x,PS,0.003785472450109723
Row.104,control_10.1111/j.1467-9280.2008.02104.x,PS,0.002994115709979485
Row.104,control_10.1111/j.1467-9280.2008.02105.x,PS,0.0020776938830892647
Row.104,control_10.1111/j.1467-9280.2008.02106.x,PS,0.003108066653013094
Row.104,control_10.1111/j.1467-9280.2008.02107.x,PS,0.004059229683504526
Row.104,control_10.1111/j.1467-9280.2008.02108.x,PS,0.004537093822963127
Row.104,control_10.1111/j.1467-9280.2008.02109.x,PS,0.003978633697113652
Row.104,control_10.1111/j.1467-9280.2008.02110.x,PS,0.0031108424852728774
Row.104,control_10.1111/j.1467-9280.2008.02111.x,PS,0.0064162836414274615
Row.104,control_10.1111/j.1467-9280.2008.02112.x,PS,0.007873976478371396
Row.104,control_10.1111/j.1467-9280.2008.02113.x,PS,0.01631598164199293
Row.104,control_10.1111/j.1467-9280.2008.02114.x,PS,0.0016280155348980078
Row.104,control_10.1111/j.1467-9280.2008.02115.x,PS,0.003661882561289536
Row.104,control_10.1111/j.1467-9280.2008.02116.x,PS,0.0018642672198523086
Row.104,control_10.1111/j.1467-9280.2008.02117.x,PS,0.006227452772359502
Row.104,control_10.1111/j.1467-9280.2008.02118.x,PS,0.001581953772129927
Row.104,control_10.1111/j.1467-9280.2008.02119.x,PS,0.004222733281227424
Row.104,control_10.1111/j.1467-9280.2008.02120.x,PS,0.003161314423596171
Row.104,control_10.1111/j.1467-9280.2008.02121.x,PS,0.005846504631066003
Row.104,control_10.1111/j.1467-9280.2008.02122.x,PS,0.001533776914769603
Row.104,control_10.1111/j.1467-9280.2008.02123.x,PS,0.009316567203510725
Row.104,control_10.1111/j.1467-9280.2008.02125.x,PS,0.06242508646042544
Row.104,control_10.1111/j.1467-9280.2008.02126.x,PS,0.0037225465640559675
Row.104,control_10.1111/j.1467-9280.2008.02127.x,PS,0.0014673203731310172
Row.104,control_10.1111/j.1467-9280.2008.02129.x,PS,0.004847232946279771
Row.104,control_10.1111/j.1467-9280.2008.02130.x,PS,0.0030034926860525958
Row.104,control_10.1111/j.1467-9280.2008.02131.x,PS,0.0015154765098934202
Row.104,control_10.1111/j.1467-9280.2008.02132.x,PS,0.005964561413590784
Row.104,control_10.1111/j.1467-9280.2008.02133.x,PS,0.0016011971637837322
Row.104,control_10.1111/j.1467-9280.2008.02134.x,PS,0.00605053855353333
Row.104,control_10.1111/j.1467-9280.2008.02135.x,PS,0.007550499050470245
Row.104,control_10.1111/j.1467-9280.2008.02137.x,PS,0.0022384596182804246
Row.104,control_10.1111/j.1467-9280.2008.02138.x,PS,0.004520704458970008
Row.104,control_10.1111/j.1467-9280.2008.02139.x,PS,0.0024601344323881545
Row.104,control_10.1111/j.1467-9280.2008.02140.x,PS,0.004756870147947015
Row.104,control_10.1111/j.1467-9280.2008.02141.x,PS,0.0015194020046874577
Row.104,control_10.1111/j.1467-9280.2008.02142.x,PS,0.012958187431746385
Row.104,control_10.1111/j.1467-9280.2008.02143.x,PS,0.004257480324512209
Row.104,control_10.1111/j.1467-9280.2008.02144.x,PS,0.002052874296155166
Row.104,control_10.1111/j.1467-9280.2008.02145.x,PS,0.007118959121252489
Row.104,control_10.1111/j.1467-9280.2008.02146.x,PS,0.0038678675798020467
Row.104,control_10.1111/j.1467-9280.2008.02147.x,PS,0.002852299305402536
Row.104,control_10.1111/j.1467-9280.2008.02148.x,PS,0.009897025470718631
Row.104,control_10.1111/j.1467-9280.2008.02149.x,PS,0.006068779812183013
Row.104,control_10.1111/j.1467-9280.2008.02150.x,PS,0.0026767030634232917
Row.104,control_10.1111/j.1467-9280.2008.02151.x,PS,0.003035267463697444
Row.104,control_10.1111/j.1467-9280.2008.02152.x,PS,0.005432075265995298
Row.104,control_10.1111/j.1467-9280.2008.02153.x,PS,0.003181838277564908
Row.104,control_10.1111/j.1467-9280.2008.02154.x,PS,0.0035750959965411395
Row.104,control_10.1111/j.1467-9280.2008.02155.x,PS,0.0037898634337601767
Row.104,control_10.1111/j.1467-9280.2008.02156.x,PS,0.003925000200083276
Row.104,control_10.1111/j.1467-9280.2008.02158.x,PS,0.003752906483053591
Row.104,control_10.1111/j.1467-9280.2008.02160.x,PS,0.0019797607104199894
Row.104,control_10.1111/j.1467-9280.2008.02161.x,PS,0.0015542584692660529
Row.104,control_10.1111/j.1467-9280.2008.02162.x,PS,0.0056053107273629525
Row.104,control_10.1111/j.1467-9280.2008.02163.x,PS,0.004284482978578965
Row.104,control_10.1111/j.1467-9280.2008.02164.x,PS,0.025129815818928956
Row.104,control_10.1111/j.1467-9280.2008.02165.x,PS,0.0015826909535101622
Row.104,control_10.1111/j.1467-9280.2008.02166.x,PS,0.001964164160302045
Row.104,control_10.1111/j.1467-9280.2008.02167.x,PS,0.003114329397740112
Row.104,control_10.1111/j.1467-9280.2008.02168.x,PS,0.003074535079084066
Row.104,control_10.1111/j.1467-9280.2008.02169.x,PS,0.0019078560316322097
Row.104,control_10.1111/j.1467-9280.2008.02170.x,PS,0.03510573791811702
Row.104,control_10.1111/j.1467-9280.2008.02171.x,PS,0.004008878364252132
Row.104,control_10.1111/j.1467-9280.2008.02173.x,PS,0.0036788515059891615
Row.104,control_10.1111/j.1467-9280.2008.02174.x,PS,0.0017288329071092129
Row.104,control_10.1111/j.1467-9280.2008.02175.x,PS,0.0024842366272895423
Row.104,control_10.1111/j.1467-9280.2008.02176.x,PS,0.0017281635232088224
Row.104,control_10.1111/j.1467-9280.2008.02177.x,PS,0.005676376543411376
Row.104,control_10.1111/j.1467-9280.2008.02178.x,PS,0.0037185217020465323
Row.104,control_10.1111/j.1467-9280.2008.02179.x,PS,0.0031467437050859163
Row.104,control_10.1111/j.1467-9280.2008.02180.x,PS,0.0037345592710112366
Row.104,control_10.1111/j.1467-9280.2008.02182.x,PS,0.0017606915140037506
Row.104,control_10.1111/j.1467-9280.2008.02183.x,PS,0.0018385068175785706
Row.104,control_10.1111/j.1467-9280.2008.02184.x,PS,0.005163470867544019
Row.104,control_10.1111/j.1467-9280.2008.02185.x,PS,0.007792879913162765
Row.104,control_10.1111/j.1467-9280.2008.02186.x,PS,0.0014499988188904002
Row.104,control_10.1111/j.1467-9280.2008.02188.x,PS,0.003005894553569651
Row.104,control_10.1111/j.1467-9280.2008.02189.x,PS,0.001599619544603493
Row.104,control_10.1111/j.1467-9280.2008.02190.x,PS,0.0023852370424053315
Row.104,control_10.1111/j.1467-9280.2008.02191.x,PS,0.0035212158164953785
Row.104,control_10.1111/j.1467-9280.2008.02192.x,PS,0.003985306346447018
Row.104,control_10.1111/j.1467-9280.2008.02193.x,PS,0.007988835726650415
Row.104,control_10.1111/j.1467-9280.2008.02194.x,PS,0.0026221433239287744
Row.104,control_10.1111/j.1467-9280.2008.02195.x,PS,0.006048918954574251
Row.104,control_10.1111/j.1467-9280.2008.02196.x,PS,0.002932149132902311
Row.104,control_10.1111/j.1467-9280.2008.02197.x,PS,0.005224771477210366
Row.104,control_10.1111/j.1467-9280.2008.02198.x,PS,0.0031050955809771024
Row.104,control_10.1111/j.1467-9280.2008.02200.x,PS,0.007640024943387543
Row.104,control_10.1111/j.1467-9280.2008.02201.x,PS,0.006892789477600749
Row.104,control_10.1111/j.1467-9280.2008.02202.x,PS,0.0025876233263195693
Row.104,control_10.1111/j.1467-9280.2008.02203.x,PS,0.003074256477661893
Row.104,control_10.1111/j.1467-9280.2008.02204.x,PS,0.0022625205932034014
Row.104,control_10.1111/j.1467-9280.2008.02205.x,PS,0.003226592843595641
Row.104,control_10.1111/j.1467-9280.2008.02206.x,PS,0.019574816315664597
Row.104,control_10.1111/j.1467-9280.2008.02207.x,PS,0.003502675772263432
Row.104,control_10.1111/j.1467-9280.2008.02208.x,PS,0.002443156425193468
Row.104,control_10.1111/j.1467-9280.2008.02209.x,PS,0.003958434143173214
Row.104,control_10.1111/j.1467-9280.2008.02210.x,PS,0.0017847387052670823
Row.104,control_10.1111/j.1467-9280.2008.02211.x,PS,0.0037304421153406056
Row.104,control_10.1111/j.1467-9280.2008.02212.x,PS,0.011894156810246557
Row.104,control_10.1111/j.1467-9280.2008.02213.x,PS,0.001722077906400036
Row.104,control_10.1111/j.1467-9280.2008.02214.x,PS,0.0042472842608292155
Row.104,control_10.1111/j.1467-9280.2008.02215.x,PS,0.002640550996627028
Row.104,control_10.1111/j.1467-9280.2008.02216.x,PS,0.0018832997729082215
Row.104,control_10.1111/j.1467-9280.2008.02217.x,PS,0.0033874167584159445
Row.104,control_10.1111/j.1467-9280.2008.02218.x,PS,0.002343802377104817
Row.104,control_10.1111/j.1467-9280.2008.02219.x,PS,0.0037912599126782914
Row.104,control_10.1111/j.1467-9280.2008.02220.x,PS,0.0029284785168827115
Row.104,control_10.1111/j.1467-9280.2008.02221.x,PS,0.0015977405738623702
Row.104,control_10.1111/j.1467-9280.2008.02222.x,PS,0.004735664624099384
Row.104,control_10.1111/j.1467-9280.2008.02223.x,PS,0.0021701120319823452
Row.104,control_10.1111/j.1467-9280.2008.02224.x,PS,0.004322275648875847
Row.104,control_10.1111/j.1467-9280.2008.02225.x,PS,0.02362027379459965
Row.104,control_10.1111/j.1467-9280.2008.02226.x,PS,0.007531386231830197
Row.104,control_10.1111/j.1467-9280.2008.02228.x,PS,0.0022670126545454345
Row.104,control_10.1111/j.1467-9280.2008.02229.x,PS,0.0021619999817694972
Row.104,control_10.1111/j.1467-9280.2008.02230.x,PS,0.005498952841573011
Row.104,control_10.1111/j.1467-9280.2008.02231.x,PS,0.004341655440791805
Row.104,control_10.1111/j.1467-9280.2008.02232.x,PS,0.006104209625670338
Row.104,control_10.1111/j.1467-9280.2008.02233.x,PS,0.002367519837979032
Row.104,control_10.1111/j.1467-9280.2008.02234.x,PS,0.007006669598918436
Row.104,control_10.1111/j.1467-9280.2008.02235.x,PS,0.0038090571687620076
Row.104,control_10.1111/j.1467-9280.2008.02236.x,PS,0.004251254698572266
Row.104,control_10.1111/j.1467-9280.2008.02237.x,PS,0.004396876832371808
Row.104,control_10.1111/j.1467-9280.2008.02238.x,PS,0.04126048544167034
Row.104,control_10.1111/j.1467-9280.2008.02239.x,PS,0.0025325917701598828
Row.104,control_10.1111/j.1467-9280.2008.02240.x,PS,0.003331930526845846
Row.104,control_10.1111/j.1467-9280.2008.02241.x,PS,0.0017687907626443467
Row.106,control_10.1111/j.1467-9280.2008.02036.x,PS,0.0
Row.106,control_10.1111/j.1467-9280.2008.02037.x,PS,0.0
Row.106,control_10.1111/j.1467-9280.2008.02038.x,PS,0.03937034893251637
Row.106,control_10.1111/j.1467-9280.2008.02047.x,PS,0.0
Row.106,control_10.1111/j.1467-9280.2008.02048.x,PS,0.0
Row.106,control_10.1111/j.1467-9280.2008.02055.x,PS,0.0
Row.106,control_10.1111/j.1467-9280.2008.02058.x,PS,0.0
Row.106,control_10.1111/j.1467-9280.2008.02059.x,PS,0.0
Row.106,control_10.1111/j.1467-9280.2008.02063.x,PS,1.1474021822708848e-21
Row.106,control_10.1111/j.1467-9280.2008.02065.x,PS,8.953103107732972e-21
Row.106,control_10.1111/j.1467-9280.2008.02067.x,PS,0.0
Row.106,control_10.1111/j.1467-9280.2008.02068.x,PS,0.0
Row.106,control_10.1111/j.1467-9280.2008.02071.x,PS,9.165823141224911e-07
Row.106,control_10.1111/j.1467-9280.2008.02073.x,PS,0.0
Row.106,control_10.1111/j.1467-9280.2008.02074.x,PS,2.3138404450328316e-21
Row.106,control_10.1111/j.1467-9280.2008.02075.x,PS,3.771059040905778e-21
Row.106,control_10.1111/j.1467-9280.2008.02079.x,PS,2.0574243785027977e-21
Row.106,control_10.1111/j.1467-9280.2008.02083.x,PS,1.1731553544751142e-20
Row.106,control_10.1111/j.1467-9280.2008.02086.x,PS,9.114010933409189e-21
Row.106,control_10.1111/j.1467-9280.2008.02087.x,PS,1.535707624124956e-21
Row.106,control_10.1111/j.1467-9280.2008.02094.x,PS,6.852972506171614e-21
Row.106,control_10.1111/j.1467-9280.2008.02096.x,PS,3.3228643420160403e-21
Row.106,control_10.1111/j.1467-9280.2008.02099.x,PS,0.0
Row.106,control_10.1111/j.1467-9280.2008.02102.x,PS,0.0
Row.106,control_10.1111/j.1467-9280.2008.02103.x,PS,3.2942274403060264e-21
Row.106,control_10.1111/j.1467-9280.2008.02104.x,PS,0.0
Row.106,control_10.1111/j.1467-9280.2008.02105.x,PS,5.144927765979984e-21
Row.106,control_10.1111/j.1467-9280.2008.02106.x,PS,3.1390149425226105e-21
Row.106,control_10.1111/j.1467-9280.2008.02107.x,PS,0.0
Row.106,control_10.1111/j.1467-9280.2008.02108.x,PS,4.44284460182026e-21
Row.106,control_10.1111/j.1467-9280.2008.02109.x,PS,0.0
Row.106,control_10.1111/j.1467-9280.2008.02110.x,PS,9.616252835230185e-06
Row.106,control_10.1111/j.1467-9280.2008.02111.x,PS,0.0
Row.106,control_10.1111/j.1467-9280.2008.02112.x,PS,1.2991729075365185e-21
Row.106,control_10.1111/j.1467-9280.2008.02113.x,PS,0.0
Row.106,control_10.1111/j.1467-9280.2008.02114.x,PS,0.0
Row.106,control_10.1111/j.1467-9280.2008.02115.x,PS,0.0
Row.106,control_10.1111/j.1467-9280.2008.02116.x,PS,1.2591516860494757e-21
Row.106,control_10.1111/j.1467-9280.2008.02117.x,PS,0.0
Row.106,control_10.1111/j.1467-9280.2008.02118.x,PS,0.0
Row.106,control_10.1111/j.1467-9280.2008.02119.x,PS,0.0
Row.106,control_10.1111/j.1467-9280.2008.02120.x,PS,2.8372887915447925e-21
Row.106,control_10.1111/j.1467-9280.2008.02121.x,PS,0.06664023440776816
Row.106,control_10.1111/j.1467-9280.2008.02122.x,PS,3.876743571469503e-21
Row.106,control_10.1111/j.1467-9280.2008.02123.x,PS,1.9548833608728392e-21
Row.106,control_10.1111/j.1467-9280.2008.02125.x,PS,0.18730199468820613
Row.106,control_10.1111/j.1467-9280.2008.02126.x,PS,0.0
Row.106,control_10.1111/j.1467-9280.2008.02127.x,PS,0.0
Row.106,control_10.1111/j.1467-9280.2008.02129.x,PS,3.0821855830132676e-22
Row.106,control_10.1111/j.1467-9280.2008.02130.x,PS,0.0
Row.106,control_10.1111/j.1467-9280.2008.02131.x,PS,2.4457349173003726e-22
Row.106,control_10.1111/j.1467-9280.2008.02132.x,PS,0.0005696189670887333
Row.106,control_10.1111/j.1467-9280.2008.02133.x,PS,3.701629369639357e-22
Row.106,control_10.1111/j.1467-9280.2008.02134.x,PS,0.05655551353622234
Row.106,control_10.1111/j.1467-9280.2008.02135.x,PS,0.0
Row.106,control_10.1111/j.1467-9280.2008.02137.x,PS,3.5530136196345967e-22
Row.106,control_10.1111/j.1467-9280.2008.02138.x,PS,0.0003393578274853054
Row.106,control_10.1111/j.1467-9280.2008.02139.x,PS,1.968924522821036e-21
Row.106,control_10.1111/j.1467-9280.2008.02140.x,PS,0.0
Row.106,control_10.1111/j.1467-9280.2008.02141.x,PS,0.0
Row.106,control_10.1111/j.1467-9280.2008.02142.x,PS,0.0
Row.106,control_10.1111/j.1467-9280.2008.02143.x,PS,1.4117072075191725e-21
Row.106,control_10.1111/j.1467-9280.2008.02144.x,PS,0.0
Row.106,control_10.1111/j.1467-9280.2008.02145.x,PS,3.296355040435882e-21
Row.106,control_10.1111/j.1467-9280.2008.02146.x,PS,0.0
Row.106,control_10.1111/j.1467-9280.2008.02147.x,PS,9.363173216114485e-22
Row.106,control_10.1111/j.1467-9280.2008.02148.x,PS,5.9179477238542895e-21
Row.106,control_10.1111/j.1467-9280.2008.02149.x,PS,0.0
Row.106,control_10.1111/j.1467-9280.2008.02150.x,PS,6.2411434675797604e-21
Row.106,control_10.1111/j.1467-9280.2008.02151.x,PS,0.014850583146650565
Row.106,control_10.1111/j.1467-9280.2008.02152.x,PS,4.5557636377610275e-21
Row.106,control_10.1111/j.1467-9280.2008.02153.x,PS,1.8888648341814295e-21
Row.106,control_10.1111/j.1467-9280.2008.02154.x,PS,0.0
Row.106,control_10.1111/j.1467-9280.2008.02155.x,PS,1.0153537376332395e-22
Row.106,control_10.1111/j.1467-9280.2008.02156.x,PS,0.0
Row.106,control_10.1111/j.1467-9280.2008.02158.x,PS,0.0
Row.106,control_10.1111/j.1467-9280.2008.02160.x,PS,0.0
Row.106,control_10.1111/j.1467-9280.2008.02161.x,PS,0.0
Row.106,control_10.1111/j.1467-9280.2008.02162.x,PS,0.0
Row.106,control_10.1111/j.1467-9280.2008.02163.x,PS,0.0
Row.106,control_10.1111/j.1467-9280.2008.02164.x,PS,0.19113626553154114
Row.106,control_10.1111/j.1467-9280.2008.02165.x,PS,8.118599387937062e-21
Row.106,control_10.1111/j.1467-9280.2008.02166.x,PS,0.0
Row.106,control_10.1111/j.1467-9280.2008.02167.x,PS,0.0
Row.106,control_10.1111/j.1467-9280.2008.02168.x,PS,4.022430043812884e-21
Row.106,control_10.1111/j.1467-9280.2008.02169.x,PS,0.0
Row.106,control_10.1111/j.1467-9280.2008.02170.x,PS,0.0
Row.106,control_10.1111/j.1467-9280.2008.02171.x,PS,0.0
Row.106,control_10.1111/j.1467-9280.2008.02173.x,PS,4.797146296041802e-22
Row.106,control_10.1111/j.1467-9280.2008.02174.x,PS,0.0
Row.106,control_10.1111/j.1467-9280.2008.02175.x,PS,0.0
Row.106,control_10.1111/j.1467-9280.2008.02176.x,PS,0.0
Row.106,control_10.1111/j.1467-9280.2008.02177.x,PS,0.0
Row.106,control_10.1111/j.1467-9280.2008.02178.x,PS,3.559834764213693e-21
Row.106,control_10.1111/j.1467-9280.2008.02179.x,PS,1.4034932266372533e-22
Row.106,control_10.1111/j.1467-9280.2008.02180.x,PS,1.0168134833629254e-21
Row.106,control_10.1111/j.1467-9280.2008.02182.x,PS,0.0
Row.106,control_10.1111/j.1467-9280.2008.02183.x,PS,2.3692933928427354e-21
Row.106,control_10.1111/j.1467-9280.2008.02184.x,PS,0.011328319425967083
Row.106,control_10.1111/j.1467-9280.2008.02185.x,PS,3.255528162053509e-22
Row.106,control_10.1111/j.1467-9280.2008.02186.x,PS,4.159659179790009e-22
Row.106,control_10.1111/j.1467-9280.2008.02188.x,PS,1.0610752742088717e-21
Row.106,control_10.1111/j.1467-9280.2008.02189.x,PS,0.0
Row.106,control_10.1111/j.1467-9280.2008.02190.x,PS,0.0
Row.106,control_10.1111/j.1467-9280.2008.02191.x,PS,0.0
Row.106,control_10.1111/j.1467-9280.2008.02192.x,PS,1.3432698193898684e-21
Row.106,control_10.1111/j.1467-9280.2008.02193.x,PS,0.0
Row.106,control_10.1111/j.1467-9280.2008.02194.x,PS,0.0
Row.106,control_10.1111/j.1467-9280.2008.02195.x,PS,0.049789821810678
Row.106,control_10.1111/j.1467-9280.2008.02196.x,PS,2.2849315344156575e-21
Row.106,control_10.1111/j.1467-9280.2008.02197.x,PS,0.0
Row.106,control_10.1111/j.1467-9280.2008.02198.x,PS,6.593733203378005e-21
Row.106,control_10.1111/j.1467-9280.2008.02200.x,PS,7.829516959635107e-06
Row.106,control_10.1111/j.1467-9280.2008.02201.x,PS,0.0
Row.106,control_10.1111/j.1467-9280.2008.02202.x,PS,1.3831445062378766e-21
Row.106,control_10.1111/j.1467-9280.2008.02203.x,PS,0.0
Row.106,control_10.1111/j.1467-9280.2008.02204.x,PS,1.2629269614525395e-22
Row.106,control_10.1111/j.1467-9280.2008.02205.x,PS,4.427113872236045e-22
Row.106,control_10.1111/j.1467-9280.2008.02206.x,PS,0.17953822810928627
Row.106,control_10.1111/j.1467-9280.2008.02207.x,PS,1.9683502714040307e-21
Row.106,control_10.1111/j.1467-9280.2008.02208.x,PS,2.3695887289205233e-21
Row.106,control_10.1111/j.1467-9280.2008.02209.x,PS,0.0
Row.106,control_10.1111/j.1467-9280.2008.02210.x,PS,0.0
Row.106,control_10.1111/j.1467-9280.2008.02211.x,PS,4.566103089378208e-21
Row.106,control_10.1111/j.1467-9280.2008.02212.x,PS,2.810901424100075e-20
Row.106,control_10.1111/j.1467-9280.2008.02213.x,PS,0.0
Row.106,control_10.1111/j.1467-9280.2008.02214.x,PS,0.0
Row.106,control_10.1111/j.1467-9280.2008.02215.x,PS,0.0
Row.106,control_10.1111/j.1467-9280.2008.02216.x,PS,4.6045391857557786e-21
Row.106,control_10.1111/j.1467-9280.2008.02217.x,PS,0.0
Row.106,control_10.1111/j.1467-9280.2008.02218.x,PS,1.9673652245150515e-21
Row.106,control_10.1111/j.1467-9280.2008.02219.x,PS,4.378844909767611e-20
Row.106,control_10.1111/j.1467-9280.2008.02220.x,PS,4.596202549932786e-21
Row.106,control_10.1111/j.1467-9280.2008.02221.x,PS,4.602040434016752e-23
Row.106,control_10.1111/j.1467-9280.2008.02222.x,PS,1.4748553500468144e-20
Row.106,control_10.1111/j.1467-9280.2008.02223.x,PS,3.497088208444301e-22
Row.106,control_10.1111/j.1467-9280.2008.02224.x,PS,0.0
Row.106,control_10.1111/j.1467-9280.2008.02225.x,PS,0.0
Row.106,control_10.1111/j.1467-9280.2008.02226.x,PS,0.06331329534358164
Row.106,control_10.1111/j.1467-9280.2008.02228.x,PS,6.716341077347087e-21
Row.106,control_10.1111/j.1467-9280.2008.02229.x,PS,5.04141078980849e-20
Row.106,control_10.1111/j.1467-9280.2008.02230.x,PS,0.0
Row.106,control_10.1111/j.1467-9280.2008.02231.x,PS,5.347066858465021e-07
Row.106,control_10.1111/j.1467-9280.2008.02232.x,PS,0.031034526689445653
Row.106,control_10.1111/j.1467-9280.2008.02233.x,PS,0.0
Row.106,control_10.1111/j.1467-9280.2008.02234.x,PS,0.10821162042477313
Row.106,control_10.1111/j.1467-9280.2008.02235.x,PS,3.5847112661328034e-22
Row.106,control_10.1111/j.1467-9280.2008.02236.x,PS,0.0
Row.106,control_10.1111/j.1467-9280.2008.02237.x,PS,0.0
Row.106,control_10.1111/j.1467-9280.2008.02238.x,PS,1.3740999946673265e-06
Row.106,control_10.1111/j.1467-9280.2008.02239.x,PS,0.0
Row.106,control_10.1111/j.1467-9280.2008.02240.x,PS,0.0
Row.106,control_10.1111/j.1467-9280.2008.02241.x,PS,6.530267448879447e-21
Row.107,control_10.1111/j.1467-9280.2008.02036.x,PS,4.7049642224304366e-05
Row.107,control_10.1111/j.1467-9280.2008.02037.x,PS,0.0007357435270918339
Row.107,control_10.1111/j.1467-9280.2008.02038.x,PS,0.02132391649865255
Row.107,control_10.1111/j.1467-9280.2008.02047.x,PS,1.9111087761934313e-06
Row.107,control_10.1111/j.1467-9280.2008.02048.x,PS,0.025672455904004927
Row.107,control_10.1111/j.1467-9280.2008.02055.x,PS,0.00010770872463119703
Row.107,control_10.1111/j.1467-9280.2008.02058.x,PS,0.003088337868250289
Row.107,control_10.1111/j.1467-9280.2008.02059.x,PS,0.0006358105206289477
Row.107,control_10.1111/j.1467-9280.2008.02063.x,PS,8.719452835890347e-05
Row.107,control_10.1111/j.1467-9280.2008.02065.x,PS,0.003180227654228195
Row.107,control_10.1111/j.1467-9280.2008.02067.x,PS,5.711669008493564e-06
Row.107,control_10.1111/j.1467-9280.2008.02068.x,PS,0.00012163761108541255
Row.107,control_10.1111/j.1467-9280.2008.02071.x,PS,0.03179635007641597
Row.107,control_10.1111/j.1467-9280.2008.02073.x,PS,0.001004727355480194
Row.107,control_10.1111/j.1467-9280.2008.02074.x,PS,0.008558422193223184
Row.107,control_10.1111/j.1467-9280.2008.02075.x,PS,0.00013919225866686034
Row.107,control_10.1111/j.1467-9280.2008.02079.x,PS,0.00014483008275504813
Row.107,control_10.1111/j.1467-9280.2008.02083.x,PS,0.0029962126796705428
Row.107,control_10.1111/j.1467-9280.2008.02086.x,PS,0.02511945694332276
Row.107,control_10.1111/j.1467-9280.2008.02087.x,PS,7.221172653689728e-06
Row.107,control_10.1111/j.1467-9280.2008.02094.x,PS,0.0013223335413055132
Row.107,control_10.1111/j.1467-9280.2008.02096.x,PS,8.928453690402054e-07
Row.107,control_10.1111/j.1467-9280.2008.02099.x,PS,2.1398216159775532e-05
Row.107,control_10.1111/j.1467-9280.2008.02102.x,PS,3.091523636781018e-05
Row.107,control_10.1111/j.1467-9280.2008.02103.x,PS,7.15719464195195e-06
Row.107,control_10.1111/j.1467-9280.2008.02104.x,PS,0.00041423224075432896
Row.107,control_10.1111/j.1467-9280.2008.02105.x,PS,0.00039066989666919913
Row.107,control_10.1111/j.1467-9280.2008.02106.x,PS,5.875568194774489e-06
Row.107,control_10.1111/j.1467-9280.2008.02107.x,PS,1.339383019543807e-05
Row.107,control_10.1111/j.1467-9280.2008.02108.x,PS,0.000743192619939412
Row.107,control_10.1111/j.1467-9280.2008.02109.x,PS,0.03838245671718033
Row.107,control_10.1111/j.1467-9280.2008.02110.x,PS,0.04203069739141896
Row.107,control_10.1111/j.1467-9280.2008.02111.x,PS,0.0001238403150255289
Row.107,control_10.1111/j.1467-9280.2008.02112.x,PS,5.093841589569047e-05
Row.107,control_10.1111/j.1467-9280.2008.02113.x,PS,0.001265834493599439
Row.107,control_10.1111/j.1467-9280.2008.02114.x,PS,1.4405427028503441e-06
Row.107,control_10.1111/j.1467-9280.2008.02115.x,PS,0.013608190823489222
Row.107,control_10.1111/j.1467-9280.2008.02116.x,PS,0.00011200401868093011
Row.107,control_10.1111/j.1467-9280.2008.02117.x,PS,0.0005648309326008627
Row.107,control_10.1111/j.1467-9280.2008.02118.x,PS,6.62743336862513e-07
Row.107,control_10.1111/j.1467-9280.2008.02119.x,PS,0.0005362585576260087
Row.107,control_10.1111/j.1467-9280.2008.02120.x,PS,0.032700113855079184
Row.107,control_10.1111/j.1467-9280.2008.02121.x,PS,0.004852303757768759
Row.107,control_10.1111/j.1467-9280.2008.02122.x,PS,5.982842587433981e-06
Row.107,control_10.1111/j.1467-9280.2008.02123.x,PS,0.0006343953368415905
Row.107,control_10.1111/j.1467-9280.2008.02125.x,PS,0.07052178433742073
Row.107,control_10.1111/j.1467-9280.2008.02126.x,PS,1.3997804505878147e-05
Row.107,control_10.1111/j.1467-9280.2008.02127.x,PS,4.964906748132379e-05
Row.107,control_10.1111/j.1467-9280.2008.02129.x,PS,0.012819497623482803
Row.107,control_10.1111/j.1467-9280.2008.02130.x,PS,0.00015882874944498154
Row.107,control_10.1111/j.1467-9280.2008.02131.x,PS,0.00038415048260948513
Row.107,control_10.1111/j.1467-9280.2008.02132.x,PS,0.033032303048618324
Row.107,control_10.1111/j.1467-9280.2008.02133.x,PS,2.2237995703819397e-05
Row.107,control_10.1111/j.1467-9280.2008.02134.x,PS,0.003967001333694334
Row.107,control_10.1111/j.1467-9280.2008.02135.x,PS,7.059522170431385e-06
Row.107,control_10.1111/j.1467-9280.2008.02137.x,PS,0.0012390501878671953
Row.107,control_10.1111/j.1467-9280.2008.02138.x,PS,0.000775781075594108
Row.107,control_10.1111/j.1467-9280.2008.02139.x,PS,5.4314041597170724e-05
Row.107,control_10.1111/j.1467-9280.2008.02140.x,PS,6.267905544513735e-05
Row.107,control_10.1111/j.1467-9280.2008.02141.x,PS,0.0026158152756907316
Row.107,control_10.1111/j.1467-9280.2008.02142.x,PS,6.309573880476864e-05
Row.107,control_10.1111/j.1467-9280.2008.02143.x,PS,0.00040882938629798875
Row.107,control_10.1111/j.1467-9280.2008.02144.x,PS,0.053646958719222086
Row.107,control_10.1111/j.1467-9280.2008.02145.x,PS,0.000113351604887213
Row.107,control_10.1111/j.1467-9280.2008.02146.x,PS,0.015358225568072831
Row.107,control_10.1111/j.1467-9280.2008.02147.x,PS,4.588885183342092e-06
Row.107,control_10.1111/j.1467-9280.2008.02148.x,PS,0.009550475542422512
Row.107,control_10.1111/j.1467-9280.2008.02149.x,PS,1.0996916082535062e-05
Row.107,control_10.1111/j.1467-9280.2008.02150.x,PS,4.888322839933417e-06
Row.107,control_10.1111/j.1467-9280.2008.02151.x,PS,0.03616627840981939
Row.107,control_10.1111/j.1467-9280.2008.02152.x,PS,0.000451784336160687
Row.107,control_10.1111/j.1467-9280.2008.02153.x,PS,4.7838460111082825e-05
Row.107,control_10.1111/j.1467-9280.2008.02154.x,PS,0.00461578950566994
Row.107,control_10.1111/j.1467-9280.2008.02155.x,PS,1.5152701667627182e-05
Row.107,control_10.1111/j.1467-9280.2008.02156.x,PS,0.0004955286729080859
Row.107,control_10.1111/j.1467-9280.2008.02158.x,PS,0.009292065112944147
Row.107,control_10.1111/j.1467-9280.2008.02160.x,PS,0.0007162575372106335
Row.107,control_10.1111/j.1467-9280.2008.02161.x,PS,2.257429912831571e-06
Row.107,control_10.1111/j.1467-9280.2008.02162.x,PS,1.6351042374619912e-05
Row.107,control_10.1111/j.1467-9280.2008.02163.x,PS,0.00012250261321525632
Row.107,control_10.1111/j.1467-9280.2008.02164.x,PS,0.03263757449634044
Row.107,control_10.1111/j.1467-9280.2008.02165.x,PS,3.477155850225823e-05
Row.107,control_10.1111/j.1467-9280.2008.02166.x,PS,0.005194663729842083
Row.107,control_10.1111/j.1467-9280.2008.02167.x,PS,7.61189761454627e-06
Row.107,control_10.1111/j.1467-9280.2008.02168.x,PS,4.425133026685726e-06
Row.107,control_10.1111/j.1467-9280.2008.02169.x,PS,8.11881240216518e-05
Row.107,control_10.1111/j.1467-9280.2008.02170.x,PS,0.02964584402554941
Row.107,control_10.1111/j.1467-9280.2008.02171.x,PS,0.0037032416455353404
Row.107,control_10.1111/j.1467-9280.2008.02173.x,PS,5.321529686532983e-06
Row.107,control_10.1111/j.1467-9280.2008.02174.x,PS,3.136043772147953e-05
Row.107,control_10.1111/j.1467-9280.2008.02175.x,PS,1.1027175429279684e-05
Row.107,control_10.1111/j.1467-9280.2008.02176.x,PS,3.4216441878855784e-05
Row.107,control_10.1111/j.1467-9280.2008.02177.x,PS,0.0006178053299844596
Row.107,control_10.1111/j.1467-9280.2008.02178.x,PS,0.011733445943938632
Row.107,control_10.1111/j.1467-9280.2008.02179.x,PS,9.362297806102384e-06
Row.107,control_10.1111/j.1467-9280.2008.02180.x,PS,0.0018122204790169802
Row.107,control_10.1111/j.1467-9280.2008.02182.x,PS,4.206140999746255e-06
Row.107,control_10.1111/j.1467-9280.2008.02183.x,PS,0.00038919595081920836
Row.107,control_10.1111/j.1467-9280.2008.02184.x,PS,0.0011022112335474525
Row.107,control_10.1111/j.1467-9280.2008.02185.x,PS,0.0004869585117637898
Row.107,control_10.1111/j.1467-9280.2008.02186.x,PS,8.625200461410265e-06
Row.107,control_10.1111/j.1467-9280.2008.02188.x,PS,9.458413314352733e-05
Row.107,control_10.1111/j.1467-9280.2008.02189.x,PS,8.636908090646753e-07
Row.107,control_10.1111/j.1467-9280.2008.02190.x,PS,0.08857638783350898
Row.107,control_10.1111/j.1467-9280.2008.02191.x,PS,0.0004249890656153237
Row.107,control_10.1111/j.1467-9280.2008.02192.x,PS,0.0014238724086796455
Row.107,control_10.1111/j.1467-9280.2008.02193.x,PS,0.00020834200598289133
Row.107,control_10.1111/j.1467-9280.2008.02194.x,PS,6.187235526650089e-06
Row.107,control_10.1111/j.1467-9280.2008.02195.x,PS,0.05534691241047012
Row.107,control_10.1111/j.1467-9280.2008.02196.x,PS,4.414864558075466e-06
Row.107,control_10.1111/j.1467-9280.2008.02197.x,PS,0.0002080461668756649
Row.107,control_10.1111/j.1467-9280.2008.02198.x,PS,0.00048717053249540453
Row.107,control_10.1111/j.1467-9280.2008.02200.x,PS,0.009407517496212528
Row.107,control_10.1111/j.1467-9280.2008.02201.x,PS,0.00920795370684491
Row.107,control_10.1111/j.1467-9280.2008.02202.x,PS,0.0009687579571806844
Row.107,control_10.1111/j.1467-9280.2008.02203.x,PS,6.694596912977527e-06
Row.107,control_10.1111/j.1467-9280.2008.02204.x,PS,7.907977790905996e-06
Row.107,control_10.1111/j.1467-9280.2008.02205.x,PS,0.011362715814684753
Row.107,control_10.1111/j.1467-9280.2008.02206.x,PS,0.0007439739155051318
Row.107,control_10.1111/j.1467-9280.2008.02207.x,PS,0.01763065131441774
Row.107,control_10.1111/j.1467-9280.2008.02208.x,PS,0.0004828573078618433
Row.107,control_10.1111/j.1467-9280.2008.02209.x,PS,0.00094535842199078
Row.107,control_10.1111/j.1467-9280.2008.02210.x,PS,6.295228693251374e-05
Row.107,control_10.1111/j.1467-9280.2008.02211.x,PS,0.0002996578269096402
Row.107,control_10.1111/j.1467-9280.2008.02212.x,PS,0.00046696804967657867
Row.107,control_10.1111/j.1467-9280.2008.02213.x,PS,1.6054060849178834e-05
Row.107,control_10.1111/j.1467-9280.2008.02214.x,PS,0.0011019732591833642
Row.107,control_10.1111/j.1467-9280.2008.02215.x,PS,0.00015159092883558476
Row.107,control_10.1111/j.1467-9280.2008.02216.x,PS,0.00028663943322812665
Row.107,control_10.1111/j.1467-9280.2008.02217.x,PS,0.013046857758708867
Row.107,control_10.1111/j.1467-9280.2008.02218.x,PS,1.2936042826717573e-06
Row.107,control_10.1111/j.1467-9280.2008.02219.x,PS,0.027720957302098233
Row.107,control_10.1111/j.1467-9280.2008.02220.x,PS,0.0004935658043652538
Row.107,control_10.1111/j.1467-9280.2008.02221.x,PS,0.00023375494527583495
Row.107,control_10.1111/j.1467-9280.2008.02222.x,PS,0.002043890042106858
Row.107,control_10.1111/j.1467-9280.2008.02223.x,PS,0.0008215672670452496
Row.107,control_10.1111/j.1467-9280.2008.02224.x,PS,9.631636668826397e-06
Row.107,control_10.1111/j.1467-9280.2008.02225.x,PS,6.94991348977186e-05
Row.107,control_10.1111/j.1467-9280.2008.02226.x,PS,0.014962819748506958
Row.107,control_10.1111/j.1467-9280.2008.02228.x,PS,2.7498948526346233e-05
Row.107,control_10.1111/j.1467-9280.2008.02229.x,PS,0.07624926987044386
Row.107,control_10.1111/j.1467-9280.2008.02230.x,PS,0.000736718353407665
Row.107,control_10.1111/j.1467-9280.2008.02231.x,PS,0.0056562265120118855
Row.107,control_10.1111/j.1467-9280.2008.02232.x,PS,0.0022421872089627057
Row.107,control_10.1111/j.1467-9280.2008.02233.x,PS,3.701372163709125e-05
Row.107,control_10.1111/j.1467-9280.2008.02234.x,PS,0.0020478626472615878
Row.107,control_10.1111/j.1467-9280.2008.02235.x,PS,0.0018901611409535583
Row.107,control_10.1111/j.1467-9280.2008.02236.x,PS,0.003458362596483992
Row.107,control_10.1111/j.1467-9280.2008.02237.x,PS,0.0002782045266438428
Row.107,control_10.1111/j.1467-9280.2008.02238.x,PS,0.030135479836588562
Row.107,control_10.1111/j.1467-9280.2008.02239.x,PS,0.010911276783013301
Row.107,control_10.1111/j.1467-9280.2008.02240.x,PS,1.042633850042339e-05
Row.107,control_10.1111/j.1467-9280.2008.02241.x,PS,6.70622574540945e-06
Row.110,control_10.1111/j.1467-9280.2008.02036.x,PS,0.01693738491867665
Row.110,control_10.1111/j.1467-9280.2008.02037.x,PS,1.767296916174457e-20
Row.110,control_10.1111/j.1467-9280.2008.02038.x,PS,0.0
Row.110,control_10.1111/j.1467-9280.2008.02047.x,PS,9.947629289363842e-21
Row.110,control_10.1111/j.1467-9280.2008.02048.x,PS,6.557004350516246e-21
Row.110,control_10.1111/j.1467-9280.2008.02055.x,PS,1.2343082675167983e-05
Row.110,control_10.1111/j.1467-9280.2008.02058.x,PS,0.0
Row.110,control_10.1111/j.1467-9280.2008.02059.x,PS,0.0
Row.110,control_10.1111/j.1467-9280.2008.02063.x,PS,5.885954060379535e-21
Row.110,control_10.1111/j.1467-9280.2008.02065.x,PS,6.5206145523518455e-21
Row.110,control_10.1111/j.1467-9280.2008.02067.x,PS,9.185178632624738e-21
Row.110,control_10.1111/j.1467-9280.2008.02068.x,PS,8.878703768173422e-21
Row.110,control_10.1111/j.1467-9280.2008.02071.x,PS,2.1556954628915745e-21
Row.110,control_10.1111/j.1467-9280.2008.02073.x,PS,6.890904208590947e-21
Row.110,control_10.1111/j.1467-9280.2008.02074.x,PS,6.954793133465178e-21
Row.110,control_10.1111/j.1467-9280.2008.02075.x,PS,1.0493566180920738e-20
Row.110,control_10.1111/j.1467-9280.2008.02079.x,PS,7.342003524326157e-21
Row.110,control_10.1111/j.1467-9280.2008.02083.x,PS,0.0
Row.110,control_10.1111/j.1467-9280.2008.02086.x,PS,9.810579921153478e-21
Row.110,control_10.1111/j.1467-9280.2008.02087.x,PS,0.0
Row.110,control_10.1111/j.1467-9280.2008.02094.x,PS,5.654687514428591e-21
Row.110,control_10.1111/j.1467-9280.2008.02096.x,PS,0.0
Row.110,control_10.1111/j.1467-9280.2008.02099.x,PS,1.5364582020334063e-22
Row.110,control_10.1111/j.1467-9280.2008.02102.x,PS,4.9458081644811315e-21
Row.110,control_10.1111/j.1467-9280.2008.02103.x,PS,2.9701061932163094e-21
Row.110,control_10.1111/j.1467-9280.2008.02104.x,PS,0.001064301536897687
Row.110,control_10.1111/j.1467-9280.2008.02105.x,PS,4.375635390115669e-06
Row.110,control_10.1111/j.1467-9280.2008.02106.x,PS,0.0
Row.110,control_10.1111/j.1467-9280.2008.02107.x,PS,3.407530540115541e-22
Row.110,control_10.1111/j.1467-9280.2008.02108.x,PS,2.1535478806594395e-21
Row.110,control_10.1111/j.1467-9280.2008.02109.x,PS,4.968380525817512e-21
Row.110,control_10.1111/j.1467-9280.2008.02110.x,PS,0.002851212581685175
Row.110,control_10.1111/j.1467-9280.2008.02111.x,PS,0.0
Row.110,control_10.1111/j.1467-9280.2008.02112.x,PS,8.79726862932098e-21
Row.110,control_10.1111/j.1467-9280.2008.02113.x,PS,1.166271690961374e-20
Row.110,control_10.1111/j.1467-9280.2008.02114.x,PS,3.5500605406248025e-07
Row.110,control_10.1111/j.1467-9280.2008.02115.x,PS,2.770395594500585e-21
Row.110,control_10.1111/j.1467-9280.2008.02116.x,PS,2.2823082009224174e-21
Row.110,control_10.1111/j.1467-9280.2008.02117.x,PS,0.0
Row.110,control_10.1111/j.1467-9280.2008.02118.x,PS,0.0
Row.110,control_10.1111/j.1467-9280.2008.02119.x,PS,0.21008189748174558
Row.110,control_10.1111/j.1467-9280.2008.02120.x,PS,0.0
Row.110,control_10.1111/j.1467-9280.2008.02121.x,PS,0.0
Row.110,control_10.1111/j.1467-9280.2008.02122.x,PS,8.225847131601922e-21
Row.110,control_10.1111/j.1467-9280.2008.02123.x,PS,0.0
Row.110,control_10.1111/j.1467-9280.2008.02125.x,PS,0.0
Row.110,control_10.1111/j.1467-9280.2008.02126.x,PS,0.0
Row.110,control_10.1111/j.1467-9280.2008.02127.x,PS,0.0
Row.110,control_10.1111/j.1467-9280.2008.02129.x,PS,0.0
Row.110,control_10.1111/j.1467-9280.2008.02130.x,PS,0.0
Row.110,control_10.1111/j.1467-9280.2008.02131.x,PS,3.536642772692895e-21
Row.110,control_10.1111/j.1467-9280.2008.02132.x,PS,1.500680732205776e-21
Row.110,control_10.1111/j.1467-9280.2008.02133.x,PS,4.286629449386877e-22
Row.110,control_10.1111/j.1467-9280.2008.02134.x,PS,0.0
Row.110,control_10.1111/j.1467-9280.2008.02135.x,PS,2.568885060475787e-21
Row.110,control_10.1111/j.1467-9280.2008.02137.x,PS,2.31139729791477e-21
Row.110,control_10.1111/j.1467-9280.2008.02138.x,PS,0.0
Row.110,control_10.1111/j.1467-9280.2008.02139.x,PS,0.0
Row.110,control_10.1111/j.1467-9280.2008.02140.x,PS,1.816576134411217e-05
Row.110,control_10.1111/j.1467-9280.2008.02141.x,PS,5.016428591308094e-06
Row.110,control_10.1111/j.1467-9280.2008.02142.x,PS,0.0
Row.110,control_10.1111/j.1467-9280.2008.02143.x,PS,0.00018529004983036223
Row.110,control_10.1111/j.1467-9280.2008.02144.x,PS,0.06335265049501185
Row.110,control_10.1111/j.1467-9280.2008.02145.x,PS,0.0
Row.110,control_10.1111/j.1467-9280.2008.02146.x,PS,5.4740034171818115e-22
Row.110,control_10.1111/j.1467-9280.2008.02147.x,PS,0.0
Row.110,control_10.1111/j.1467-9280.2008.02148.x,PS,0.0
Row.110,control_10.1111/j.1467-9280.2008.02149.x,PS,0.0
Row.110,control_10.1111/j.1467-9280.2008.02150.x,PS,1.7423235773226624e-21
Row.110,control_10.1111/j.1467-9280.2008.02151.x,PS,0.0
Row.110,control_10.1111/j.1467-9280.2008.02152.x,PS,0.0
Row.110,control_10.1111/j.1467-9280.2008.02153.x,PS,0.0006066811247454449
Row.110,control_10.1111/j.1467-9280.2008.02154.x,PS,0.0
Row.110,control_10.1111/j.1467-9280.2008.02155.x,PS,5.281870988448088e-21
Row.110,control_10.1111/j.1467-9280.2008.02156.x,PS,0.0
Row.110,control_10.1111/j.1467-9280.2008.02158.x,PS,4.74526376251723e-21
Row.110,control_10.1111/j.1467-9280.2008.02160.x,PS,0.0
Row.110,control_10.1111/j.1467-9280.2008.02161.x,PS,1.7650512665404972e-21
Row.110,control_10.1111/j.1467-9280.2008.02162.x,PS,0.0
Row.110,control_10.1111/j.1467-9280.2008.02163.x,PS,0.0
Row.110,control_10.1111/j.1467-9280.2008.02164.x,PS,4.118623253258558e-05
Row.110,control_10.1111/j.1467-9280.2008.02165.x,PS,8.974873855682825e-21
Row.110,control_10.1111/j.1467-9280.2008.02166.x,PS,0.027822432819915824
Row.110,control_10.1111/j.1467-9280.2008.02167.x,PS,5.121417924044745e-21
Row.110,control_10.1111/j.1467-9280.2008.02168.x,PS,1.6351245095735037e-21
Row.110,control_10.1111/j.1467-9280.2008.02169.x,PS,0.0
Row.110,control_10.1111/j.1467-9280.2008.02170.x,PS,5.1615391754537174e-21
Row.110,control_10.1111/j.1467-9280.2008.02171.x,PS,2.2843551956861557e-21
Row.110,control_10.1111/j.1467-9280.2008.02173.x,PS,4.5299184339859996e-21
Row.110,control_10.1111/j.1467-9280.2008.02174.x,PS,0.0
Row.110,control_10.1111/j.1467-9280.2008.02175.x,PS,0.0
Row.110,control_10.1111/j.1467-9280.2008.02176.x,PS,3.1921201452429342e-21
Row.110,control_10.1111/j.1467-9280.2008.02177.x,PS,0.0
Row.110,control_10.1111/j.1467-9280.2008.02178.x,PS,1.5955489742803211e-21
Row.110,control_10.1111/j.1467-9280.2008.02179.x,PS,0.016663447567148656
Row.110,control_10.1111/j.1467-9280.2008.02180.x,PS,4.272588414930052e-21
Row.110,control_10.1111/j.1467-9280.2008.02182.x,PS,0.0
Row.110,control_10.1111/j.1467-9280.2008.02183.x,PS,0.0
Row.110,control_10.1111/j.1467-9280.2008.02184.x,PS,2.2977598472539717e-22
Row.110,control_10.1111/j.1467-9280.2008.02185.x,PS,9.736401928225336e-05
Row.110,control_10.1111/j.1467-9280.2008.02186.x,PS,6.767855497512673e-07
Row.110,control_10.1111/j.1467-9280.2008.02188.x,PS,2.5947333533756428e-05
Row.110,control_10.1111/j.1467-9280.2008.02189.x,PS,1.9111748755140885e-21
Row.110,control_10.1111/j.1467-9280.2008.02190.x,PS,6.462457252161913e-06
Row.110,control_10.1111/j.1467-9280.2008.02191.x,PS,0.0
Row.110,control_10.1111/j.1467-9280.2008.02192.x,PS,8.519116776095623e-23
Row.110,control_10.1111/j.1467-9280.2008.02193.x,PS,1.3724822393426832e-21
Row.110,control_10.1111/j.1467-9280.2008.02194.x,PS,0.015111489142766327
Row.110,control_10.1111/j.1467-9280.2008.02195.x,PS,0.0
Row.110,control_10.1111/j.1467-9280.2008.02196.x,PS,2.4789232236861437e-21
Row.110,control_10.1111/j.1467-9280.2008.02197.x,PS,0.0
Row.110,control_10.1111/j.1467-9280.2008.02198.x,PS,0.0
Row.110,control_10.1111/j.1467-9280.2008.02200.x,PS,0.0
Row.110,control_10.1111/j.1467-9280.2008.02201.x,PS,0.0
Row.110,control_10.1111/j.1467-9280.2008.02202.x,PS,5.334182130020045e-21
Row.110,control_10.1111/j.1467-9280.2008.02203.x,PS,0.2797689530970522
Row.110,control_10.1111/j.1467-9280.2008.02204.x,PS,0.0
Row.110,control_10.1111/j.1467-9280.2008.02205.x,PS,1.1215793323498886e-21
Row.110,control_10.1111/j.1467-9280.2008.02206.x,PS,9.984426034323082e-21
Row.110,control_10.1111/j.1467-9280.2008.02207.x,PS,0.0
Row.110,control_10.1111/j.1467-9280.2008.02208.x,PS,3.400443576588692e-21
Row.110,control_10.1111/j.1467-9280.2008.02209.x,PS,0.0
Row.110,control_10.1111/j.1467-9280.2008.02210.x,PS,8.66962385885178e-22
Row.110,control_10.1111/j.1467-9280.2008.02211.x,PS,4.216948264360343e-21
Row.110,control_10.1111/j.1467-9280.2008.02212.x,PS,0.0
Row.110,control_10.1111/j.1467-9280.2008.02213.x,PS,0.0
Row.110,control_10.1111/j.1467-9280.2008.02214.x,PS,0.0
Row.110,control_10.1111/j.1467-9280.2008.02215.x,PS,0.011960444596944921
Row.110,control_10.1111/j.1467-9280.2008.02216.x,PS,0.0
Row.110,control_10.1111/j.1467-9280.2008.02217.x,PS,0.09266166057481469
Row.110,control_10.1111/j.1467-9280.2008.02218.x,PS,1.6366379186280499e-21
Row.110,control_10.1111/j.1467-9280.2008.02219.x,PS,2.177449482266087e-06
Row.110,control_10.1111/j.1467-9280.2008.02220.x,PS,0.0
Row.110,control_10.1111/j.1467-9280.2008.02221.x,PS,0.02514435689367163
Row.110,control_10.1111/j.1467-9280.2008.02222.x,PS,0.0
Row.110,control_10.1111/j.1467-9280.2008.02223.x,PS,0.0
Row.110,control_10.1111/j.1467-9280.2008.02224.x,PS,0.008218636056176093
Row.110,control_10.1111/j.1467-9280.2008.02225.x,PS,1.213652399502329e-05
Row.110,control_10.1111/j.1467-9280.2008.02226.x,PS,0.0
Row.110,control_10.1111/j.1467-9280.2008.02228.x,PS,3.5098260309894555e-22
Row.110,control_10.1111/j.1467-9280.2008.02229.x,PS,0.06726700648211384
Row.110,control_10.1111/j.1467-9280.2008.02230.x,PS,0.05369316727887459
Row.110,control_10.1111/j.1467-9280.2008.02231.x,PS,6.863230611670493e-22
Row.110,control_10.1111/j.1467-9280.2008.02232.x,PS,0.0
Row.110,control_10.1111/j.1467-9280.2008.02233.x,PS,2.871538673040319e-21
Row.110,control_10.1111/j.1467-9280.2008.02234.x,PS,0.0
Row.110,control_10.1111/j.1467-9280.2008.02235.x,PS,0.0
Row.110,control_10.1111/j.1467-9280.2008.02236.x,PS,1.7549543462237945e-06
Row.110,control_10.1111/j.1467-9280.2008.02237.x,PS,0.10498959674156576
Row.110,control_10.1111/j.1467-9280.2008.02238.x,PS,0.0
Row.110,control_10.1111/j.1467-9280.2008.02239.x,PS,5.5349490412821035e-21
Row.110,control_10.1111/j.1467-9280.2008.02240.x,PS,0.0013914288903340703
Row.110,control_10.1111/j.1467-9280.2008.02241.x,PS,0.0
Row.111,control_10.1111/j.1467-9280.2008.02036.x,PS,0.0
Row.111,control_10.1111/j.1467-9280.2008.02037.x,PS,0.0
Row.111,control_10.1111/j.1467-9280.2008.02038.x,PS,0.0
Row.111,control_10.1111/j.1467-9280.2008.02047.x,PS,2.9826976769589175e-17
Row.111,control_10.1111/j.1467-9280.2008.02048.x,PS,2.993018371974398e-18
Row.111,control_10.1111/j.1467-9280.2008.02055.x,PS,1.830639883889198e-17
Row.111,control_10.1111/j.1467-9280.2008.02058.x,PS,0.0
Row.111,control_10.1111/j.1467-9280.2008.02059.x,PS,0.0
Row.111,control_10.1111/j.1467-9280.2008.02063.x,PS,0.0
Row.111,control_10.1111/j.1467-9280.2008.02065.x,PS,0.0
Row.111,control_10.1111/j.1467-9280.2008.02067.x,PS,0.0
Row.111,control_10.1111/j.1467-9280.2008.02068.x,PS,0.0
Row.111,control_10.1111/j.1467-9280.2008.02071.x,PS,5.4361775431389994e-18
Row.111,control_10.1111/j.1467-9280.2008.02073.x,PS,4.061109598719751e-17
Row.111,control_10.1111/j.1467-9280.2008.02074.x,PS,0.0
Row.111,control_10.1111/j.1467-9280.2008.02075.x,PS,0.0
Row.111,control_10.1111/j.1467-9280.2008.02079.x,PS,0.0
Row.111,control_10.1111/j.1467-9280.2008.02083.x,PS,5.083822980390174e-17
Row.111,control_10.1111/j.1467-9280.2008.02086.x,PS,4.3711769623746574e-17
Row.111,control_10.1111/j.1467-9280.2008.02087.x,PS,5.922175036116658e-17
Row.111,control_10.1111/j.1467-9280.2008.02094.x,PS,8.995429379111501e-17
Row.111,control_10.1111/j.1467-9280.2008.02096.x,PS,4.3004963002217235e-18
Row.111,control_10.1111/j.1467-9280.2008.02099.x,PS,6.102999421793062e-17
Row.111,control_10.1111/j.1467-9280.2008.02102.x,PS,0.0
Row.111,control_10.1111/j.1467-9280.2008.02103.x,PS,0.14456187738104231
Row.111,control_10.1111/j.1467-9280.2008.02104.x,PS,1.6157726295188522e-17
Row.111,control_10.1111/j.1467-9280.2008.02105.x,PS,0.0
Row.111,control_10.1111/j.1467-9280.2008.02106.x,PS,1.1240303556325796e-16
Row.111,control_10.1111/j.1467-9280.2008.02107.x,PS,9.013065152685084e-18
Row.111,control_10.1111/j.1467-9280.2008.02108.x,PS,5.880608883670237e-17
Row.111,control_10.1111/j.1467-9280.2008.02109.x,PS,0.0
Row.111,control_10.1111/j.1467-9280.2008.02110.x,PS,0.0
Row.111,control_10.1111/j.1467-9280.2008.02111.x,PS,5.245557980037086e-17
Row.111,control_10.1111/j.1467-9280.2008.02112.x,PS,0.0
Row.111,control_10.1111/j.1467-9280.2008.02113.x,PS,1.6433356524569552e-18
Row.111,control_10.1111/j.1467-9280.2008.02114.x,PS,0.0
Row.111,control_10.1111/j.1467-9280.2008.02115.x,PS,0.0
Row.111,control_10.1111/j.1467-9280.2008.02116.x,PS,3.763214541633058e-17
Row.111,control_10.1111/j.1467-9280.2008.02117.x,PS,0.0
Row.111,control_10.1111/j.1467-9280.2008.02118.x,PS,3.939323924464428e-17
Row.111,control_10.1111/j.1467-9280.2008.02119.x,PS,8.277637433362538e-17
Row.111,control_10.1111/j.1467-9280.2008.02120.x,PS,0.0
Row.111,control_10.1111/j.1467-9280.2008.02121.x,PS,0.0
Row.111,control_10.1111/j.1467-9280.2008.02122.x,PS,6.383747718654198e-17
Row.111,control_10.1111/j.1467-9280.2008.02123.x,PS,4.340588239496988e-17
Row.111,control_10.1111/j.1467-9280.2008.02125.x,PS,7.113600085984487e-17
Row.111,control_10.1111/j.1467-9280.2008.02126.x,PS,3.843608382928356e-17
Row.111,control_10.1111/j.1467-9280.2008.02127.x,PS,8.512160348949648e-17
Row.111,control_10.1111/j.1467-9280.2008.02129.x,PS,1.8579083660601934e-17
Row.111,control_10.1111/j.1467-9280.2008.02130.x,PS,1.408839150676933e-17
Row.111,control_10.1111/j.1467-9280.2008.02131.x,PS,0.0
Row.111,control_10.1111/j.1467-9280.2008.02132.x,PS,0.0
Row.111,control_10.1111/j.1467-9280.2008.02133.x,PS,3.148837066191744e-18
Row.111,control_10.1111/j.1467-9280.2008.02134.x,PS,0.0
Row.111,control_10.1111/j.1467-9280.2008.02135.x,PS,9.633513097590802e-18
Row.111,control_10.1111/j.1467-9280.2008.02137.x,PS,5.008288613025291e-17
Row.111,control_10.1111/j.1467-9280.2008.02138.x,PS,2.641008192757889e-16
Row.111,control_10.1111/j.1467-9280.2008.02139.x,PS,0.0
Row.111,control_10.1111/j.1467-9280.2008.02140.x,PS,0.0
Row.111,control_10.1111/j.1467-9280.2008.02141.x,PS,0.0
Row.111,control_10.1111/j.1467-9280.2008.02142.x,PS,0.0
Row.111,control_10.1111/j.1467-9280.2008.02143.x,PS,6.592704562410346e-17
Row.111,control_10.1111/j.1467-9280.2008.02144.x,PS,0.0
Row.111,control_10.1111/j.1467-9280.2008.02145.x,PS,6.3285573706885e-17
Row.111,control_10.1111/j.1467-9280.2008.02146.x,PS,3.513142488471109e-17
Row.111,control_10.1111/j.1467-9280.2008.02147.x,PS,0.0
Row.111,control_10.1111/j.1467-9280.2008.02148.x,PS,0.0
Row.111,control_10.1111/j.1467-9280.2008.02149.x,PS,1.528122193642987e-16
Row.111,control_10.1111/j.1467-9280.2008.02150.x,PS,3.59014302643589e-17
Row.111,control_10.1111/j.1467-9280.2008.02151.x,PS,3.8276269474423113e-17
Row.111,control_10.1111/j.1467-9280.2008.02152.x,PS,3.786390056762324e-17
Row.111,control_10.1111/j.1467-9280.2008.02153.x,PS,0.0
Row.111,control_10.1111/j.1467-9280.2008.02154.x,PS,0.0
Row.111,control_10.1111/j.1467-9280.2008.02155.x,PS,9.49723756750077e-17
Row.111,control_10.1111/j.1467-9280.2008.02156.x,PS,0.0
Row.111,control_10.1111/j.1467-9280.2008.02158.x,PS,1.8333089918570007e-17
Row.111,control_10.1111/j.1467-9280.2008.02160.x,PS,0.0
Row.111,control_10.1111/j.1467-9280.2008.02161.x,PS,3.3877351083653996e-17
Row.111,control_10.1111/j.1467-9280.2008.02162.x,PS,0.0
Row.111,control_10.1111/j.1467-9280.2008.02163.x,PS,3.282140116124539e-17
Row.111,control_10.1111/j.1467-9280.2008.02164.x,PS,0.08307305528533318
Row.111,control_10.1111/j.1467-9280.2008.02165.x,PS,1.344222071194486e-16
Row.111,control_10.1111/j.1467-9280.2008.02166.x,PS,2.44989501750437e-17
Row.111,control_10.1111/j.1467-9280.2008.02167.x,PS,0.0
Row.111,control_10.1111/j.1467-9280.2008.02168.x,PS,5.384094604515526e-17
Row.111,control_10.1111/j.1467-9280.2008.02169.x,PS,3.6199040979177317e-17
Row.111,control_10.1111/j.1467-9280.2008.02170.x,PS,2.833986818749954e-17
Row.111,control_10.1111/j.1467-9280.2008.02171.x,PS,0.0
Row.111,control_10.1111/j.1467-9280.2008.02173.x,PS,2.2014816796316903e-17
Row.111,control_10.1111/j.1467-9280.2008.02174.x,PS,0.0
Row.111,control_10.1111/j.1467-9280.2008.02175.x,PS,7.015705912435875e-17
Row.111,control_10.1111/j.1467-9280.2008.02176.x,PS,6.646682890578904e-17
Row.111,control_10.1111/j.1467-9280.2008.02177.x,PS,4.411197869039363e-18
Row.111,control_10.1111/j.1467-9280.2008.02178.x,PS,3.812958595678237e-18
Row.111,control_10.1111/j.1467-9280.2008.02179.x,PS,0.0
Row.111,control_10.1111/j.1467-9280.2008.02180.x,PS,0.0
Row.111,control_10.1111/j.1467-9280.2008.02182.x,PS,1.528869337426722e-17
Row.111,control_10.1111/j.1467-9280.2008.02183.x,PS,1.58526500758099e-17
Row.111,control_10.1111/j.1467-9280.2008.02184.x,PS,1.1349464659629884e-17
Row.111,control_10.1111/j.1467-9280.2008.02185.x,PS,0.0
Row.111,control_10.1111/j.1467-9280.2008.02186.x,PS,0.0
Row.111,control_10.1111/j.1467-9280.2008.02188.x,PS,0.0
Row.111,control_10.1111/j.1467-9280.2008.02189.x,PS,1.050891686679873e-17
Row.111,control_10.1111/j.1467-9280.2008.02190.x,PS,0.0
Row.111,control_10.1111/j.1467-9280.2008.02191.x,PS,4.039823074399133e-17
Row.111,control_10.1111/j.1467-9280.2008.02192.x,PS,0.0
Row.111,control_10.1111/j.1467-9280.2008.02193.x,PS,3.1929567569877145e-17
Row.111,control_10.1111/j.1467-9280.2008.02194.x,PS,0.0
Row.111,control_10.1111/j.1467-9280.2008.02195.x,PS,1.2773299056957348e-16
Row.111,control_10.1111/j.1467-9280.2008.02196.x,PS,3.865971073353934e-17
Row.111,control_10.1111/j.1467-9280.2008.02197.x,PS,0.0
Row.111,control_10.1111/j.1467-9280.2008.02198.x,PS,0.0
Row.111,control_10.1111/j.1467-9280.2008.02200.x,PS,2.845301357531991e-17
Row.111,control_10.1111/j.1467-9280.2008.02201.x,PS,0.0
Row.111,control_10.1111/j.1467-9280.2008.02202.x,PS,1.115784098193214e-17
Row.111,control_10.1111/j.1467-9280.2008.02203.x,PS,7.807634240186601e-17
Row.111,control_10.1111/j.1467-9280.2008.02204.x,PS,0.0
Row.111,control_10.1111/j.1467-9280.2008.02205.x,PS,1.5074163286005192e-17
Row.111,control_10.1111/j.1467-9280.2008.02206.x,PS,0.0
Row.111,control_10.1111/j.1467-9280.2008.02207.x,PS,0.0
Row.111,control_10.1111/j.1467-9280.2008.02208.x,PS,0.0
Row.111,control_10.1111/j.1467-9280.2008.02209.x,PS,6.555860414246834e-17
Row.111,control_10.1111/j.1467-9280.2008.02210.x,PS,0.0
Row.111,control_10.1111/j.1467-9280.2008.02211.x,PS,0.0
Row.111,control_10.1111/j.1467-9280.2008.02212.x,PS,1.4782274694570724e-17
Row.111,control_10.1111/j.1467-9280.2008.02213.x,PS,0.0
Row.111,control_10.1111/j.1467-9280.2008.02214.x,PS,0.0
Row.111,control_10.1111/j.1467-9280.2008.02215.x,PS,3.2547831555047596e-17
Row.111,control_10.1111/j.1467-9280.2008.02216.x,PS,3.1934771172742876e-17
Row.111,control_10.1111/j.1467-9280.2008.02217.x,PS,0.26181675628524753
Row.111,control_10.1111/j.1467-9280.2008.02218.x,PS,0.0
Row.111,control_10.1111/j.1467-9280.2008.02219.x,PS,7.446765831206157e-18
Row.111,control_10.1111/j.1467-9280.2008.02220.x,PS,2.437402821738052e-17
Row.111,control_10.1111/j.1467-9280.2008.02221.x,PS,1.3954298509162578e-17
Row.111,control_10.1111/j.1467-9280.2008.02222.x,PS,0.0
Row.111,control_10.1111/j.1467-9280.2008.02223.x,PS,3.051818285373444e-17
Row.111,control_10.1111/j.1467-9280.2008.02224.x,PS,0.0
Row.111,control_10.1111/j.1467-9280.2008.02225.x,PS,0.0
Row.111,control_10.1111/j.1467-9280.2008.02226.x,PS,5.0842691633478857e-17
Row.111,control_10.1111/j.1467-9280.2008.02228.x,PS,0.0
Row.111,control_10.1111/j.1467-9280.2008.02229.x,PS,0.0
Row.111,control_10.1111/j.1467-9280.2008.02230.x,PS,0.0
Row.111,control_10.1111/j.1467-9280.2008.02231.x,PS,0.0
Row.111,control_10.1111/j.1467-9280.2008.02232.x,PS,4.245827919637777e-17
Row.111,control_10.1111/j.1467-9280.2008.02233.x,PS,0.0
Row.111,control_10.1111/j.1467-9280.2008.02234.x,PS,0.2909271077037568
Row.111,control_10.1111/j.1467-9280.2008.02235.x,PS,3.8999585250097645e-17
Row.111,control_10.1111/j.1467-9280.2008.02236.x,PS,0.0
Row.111,control_10.1111/j.1467-9280.2008.02237.x,PS,0.0
Row.111,control_10.1111/j.1467-9280.2008.02238.x,PS,0.0
Row.111,control_10.1111/j.1467-9280.2008.02239.x,PS,0.0
Row.111,control_10.1111/j.1467-9280.2008.02240.x,PS,0.2196212033446168
Row.111,control_10.1111/j.1467-9280.2008.02241.x,PS,0.0
Row.112,control_10.1111/j.1467-9280.2008.02036.x,PS,0.020778919883766424
Row.112,control_10.1111/j.1467-9280.2008.02037.x,PS,0.0
Row.112,control_10.1111/j.1467-9280.2008.02038.x,PS,0.22458726596611933
Row.112,control_10.1111/j.1467-9280.2008.02047.x,PS,7.087372903713252e-21
Row.112,control_10.1111/j.1467-9280.2008.02048.x,PS,3.870736710575865e-21
Row.112,control_10.1111/j.1467-9280.2008.02055.x,PS,0.0
Row.112,control_10.1111/j.1467-9280.2008.02058.x,PS,3.656167667577821e-21
Row.112,control_10.1111/j.1467-9280.2008.02059.x,PS,0.0
Row.112,control_10.1111/j.1467-9280.2008.02063.x,PS,0.0
Row.112,control_10.1111/j.1467-9280.2008.02065.x,PS,0.0
Row.112,control_10.1111/j.1467-9280.2008.02067.x,PS,0.020592063097269967
Row.112,control_10.1111/j.1467-9280.2008.02068.x,PS,0.0
Row.112,control_10.1111/j.1467-9280.2008.02071.x,PS,5.3337499910489675e-21
Row.112,control_10.1111/j.1467-9280.2008.02073.x,PS,2.159840583013757e-21
Row.112,control_10.1111/j.1467-9280.2008.02074.x,PS,0.0
Row.112,control_10.1111/j.1467-9280.2008.02075.x,PS,7.801555977086001e-07
Row.112,control_10.1111/j.1467-9280.2008.02079.x,PS,5.1823003894869346e-21
Row.112,control_10.1111/j.1467-9280.2008.02083.x,PS,1.4233244746557548e-22
Row.112,control_10.1111/j.1467-9280.2008.02086.x,PS,4.846154744361188e-21
Row.112,control_10.1111/j.1467-9280.2008.02087.x,PS,2.208079048385196e-21
Row.112,control_10.1111/j.1467-9280.2008.02094.x,PS,0.0
Row.112,control_10.1111/j.1467-9280.2008.02096.x,PS,0.0
Row.112,control_10.1111/j.1467-9280.2008.02099.x,PS,2.0050947110197456e-21
Row.112,control_10.1111/j.1467-9280.2008.02102.x,PS,0.0
Row.112,control_10.1111/j.1467-9280.2008.02103.x,PS,0.038668322053612744
Row.112,control_10.1111/j.1467-9280.2008.02104.x,PS,0.0
Row.112,control_10.1111/j.1467-9280.2008.02105.x,PS,0.0
Row.112,control_10.1111/j.1467-9280.2008.02106.x,PS,0.01336528008833045
Row.112,control_10.1111/j.1467-9280.2008.02107.x,PS,0.0004829678019209005
Row.112,control_10.1111/j.1467-9280.2008.02108.x,PS,0.0
Row.112,control_10.1111/j.1467-9280.2008.02109.x,PS,0.0
Row.112,control_10.1111/j.1467-9280.2008.02110.x,PS,3.8449182668324546e-21
Row.112,control_10.1111/j.1467-9280.2008.02111.x,PS,0.01674165101339206
Row.112,control_10.1111/j.1467-9280.2008.02112.x,PS,0.019318297625275913
Row.112,control_10.1111/j.1467-9280.2008.02113.x,PS,1.766675330172344e-21
Row.112,control_10.1111/j.1467-9280.2008.02114.x,PS,0.0
Row.112,control_10.1111/j.1467-9280.2008.02115.x,PS,4.142641182680219e-21
Row.112,control_10.1111/j.1467-9280.2008.02116.x,PS,0.0
Row.112,control_10.1111/j.1467-9280.2008.02117.x,PS,0.0
Row.112,control_10.1111/j.1467-9280.2008.02118.x,PS,1.900579228282691e-21
Row.112,control_10.1111/j.1467-9280.2008.02119.x,PS,0.0
Row.112,control_10.1111/j.1467-9280.2008.02120.x,PS,0.0
Row.112,control_10.1111/j.1467-9280.2008.02121.x,PS,0.0
Row.112,control_10.1111/j.1467-9280.2008.02122.x,PS,5.8011907982154e-23
Row.112,control_10.1111/j.1467-9280.2008.02123.x,PS,0.0
Row.112,control_10.1111/j.1467-9280.2008.02125.x,PS,0.04739962190458784
Row.112,control_10.1111/j.1467-9280.2008.02126.x,PS,0.05662334518498522
Row.112,control_10.1111/j.1467-9280.2008.02127.x,PS,0.0
Row.112,control_10.1111/j.1467-9280.2008.02129.x,PS,7.463125437022556e-22
Row.112,control_10.1111/j.1467-9280.2008.02130.x,PS,0.003169520254110364
Row.112,control_10.1111/j.1467-9280.2008.02131.x,PS,0.0
Row.112,control_10.1111/j.1467-9280.2008.02132.x,PS,0.0
Row.112,control_10.1111/j.1467-9280.2008.02133.x,PS,0.0
Row.112,control_10.1111/j.1467-9280.2008.02134.x,PS,0.0
Row.112,control_10.1111/j.1467-9280.2008.02135.x,PS,0.015670095607354464
Row.112,control_10.1111/j.1467-9280.2008.02137.x,PS,2.1348154020629072e-21
Row.112,control_10.1111/j.1467-9280.2008.02138.x,PS,2.2332300467524217e-21
Row.112,control_10.1111/j.1467-9280.2008.02139.x,PS,0.0
Row.112,control_10.1111/j.1467-9280.2008.02140.x,PS,0.026167458861198038
Row.112,control_10.1111/j.1467-9280.2008.02141.x,PS,0.0
Row.112,control_10.1111/j.1467-9280.2008.02142.x,PS,0.023078332593167265
Row.112,control_10.1111/j.1467-9280.2008.02143.x,PS,4.8578471277476e-22
Row.112,control_10.1111/j.1467-9280.2008.02144.x,PS,0.0
Row.112,control_10.1111/j.1467-9280.2008.02145.x,PS,4.6132913830051653e-05
Row.112,control_10.1111/j.1467-9280.2008.02146.x,PS,1.7063185007691875e-21
Row.112,control_10.1111/j.1467-9280.2008.02147.x,PS,0.014450423791944505
Row.112,control_10.1111/j.1467-9280.2008.02148.x,PS,1.9092736689554197e-21
Row.112,control_10.1111/j.1467-9280.2008.02149.x,PS,0.11184476389109146
Row.112,control_10.1111/j.1467-9280.2008.02150.x,PS,0.0035920463900684513
Row.112,control_10.1111/j.1467-9280.2008.02151.x,PS,0.0
Row.112,control_10.1111/j.1467-9280.2008.02152.x,PS,0.0
Row.112,control_10.1111/j.1467-9280.2008.02153.x,PS,2.691770945206459e-21
Row.112,control_10.1111/j.1467-9280.2008.02154.x,PS,1.9628433629677207e-21
Row.112,control_10.1111/j.1467-9280.2008.02155.x,PS,5.806065872284319e-22
Row.112,control_10.1111/j.1467-9280.2008.02156.x,PS,2.965106035894679e-22
Row.112,control_10.1111/j.1467-9280.2008.02158.x,PS,4.667408966267955e-21
Row.112,control_10.1111/j.1467-9280.2008.02160.x,PS,0.0
Row.112,control_10.1111/j.1467-9280.2008.02161.x,PS,3.9414684152884486e-21
Row.112,control_10.1111/j.1467-9280.2008.02162.x,PS,0.018610671178872103
Row.112,control_10.1111/j.1467-9280.2008.02163.x,PS,1.1304114675089226e-21
Row.112,control_10.1111/j.1467-9280.2008.02164.x,PS,1.9308005417810278e-07
Row.112,control_10.1111/j.1467-9280.2008.02165.x,PS,4.048245849072166e-22
Row.112,control_10.1111/j.1467-9280.2008.02166.x,PS,0.0
Row.112,control_10.1111/j.1467-9280.2008.02167.x,PS,0.03126476456881546
Row.112,control_10.1111/j.1467-9280.2008.02168.x,PS,0.0
Row.112,control_10.1111/j.1467-9280.2008.02169.x,PS,0.0
Row.112,control_10.1111/j.1467-9280.2008.02170.x,PS,0.0
Row.112,control_10.1111/j.1467-9280.2008.02171.x,PS,0.0
Row.112,control_10.1111/j.1467-9280.2008.02173.x,PS,0.016302660855397607
Row.112,control_10.1111/j.1467-9280.2008.02174.x,PS,0.0
Row.112,control_10.1111/j.1467-9280.2008.02175.x,PS,0.007444488623905368
Row.112,control_10.1111/j.1467-9280.2008.02176.x,PS,5.818656276398941e-21
Row.112,control_10.1111/j.1467-9280.2008.02177.x,PS,0.0
Row.112,control_10.1111/j.1467-9280.2008.02178.x,PS,0.0
Row.112,control_10.1111/j.1467-9280.2008.02179.x,PS,0.020842748942652308
Row.112,control_10.1111/j.1467-9280.2008.02180.x,PS,0.0
Row.112,control_10.1111/j.1467-9280.2008.02182.x,PS,9.834975174403077e-22
Row.112,control_10.1111/j.1467-9280.2008.02183.x,PS,3.312645173309588e-22
Row.112,control_10.1111/j.1467-9280.2008.02184.x,PS,2.917338063255629e-22
Row.112,control_10.1111/j.1467-9280.2008.02185.x,PS,0.02209191709433673
Row.112,control_10.1111/j.1467-9280.2008.02186.x,PS,3.613900501250953e-22
Row.112,control_10.1111/j.1467-9280.2008.02188.x,PS,0.0
Row.112,control_10.1111/j.1467-9280.2008.02189.x,PS,0.0
Row.112,control_10.1111/j.1467-9280.2008.02190.x,PS,0.0
Row.112,control_10.1111/j.1467-9280.2008.02191.x,PS,1.160048178624145e-21
Row.112,control_10.1111/j.1467-9280.2008.02192.x,PS,2.2504910086647004e-21
Row.112,control_10.1111/j.1467-9280.2008.02193.x,PS,0.03479278958907979
Row.112,control_10.1111/j.1467-9280.2008.02194.x,PS,8.244675649894284e-22
Row.112,control_10.1111/j.1467-9280.2008.02195.x,PS,0.0
Row.112,control_10.1111/j.1467-9280.2008.02196.x,PS,1.0928821592954973e-21
Row.112,control_10.1111/j.1467-9280.2008.02197.x,PS,2.9557254053149225e-21
Row.112,control_10.1111/j.1467-9280.2008.02198.x,PS,1.0990988232086738e-21
Row.112,control_10.1111/j.1467-9280.2008.02200.x,PS,0.0
Row.112,control_10.1111/j.1467-9280.2008.02201.x,PS,1.0200629467139289e-22
Row.112,control_10.1111/j.1467-9280.2008.02202.x,PS,2.4625358641408903e-21
Row.112,control_10.1111/j.1467-9280.2008.02203.x,PS,0.024937938047628005
Row.112,control_10.1111/j.1467-9280.2008.02204.x,PS,1.365263962366068e-21
Row.112,control_10.1111/j.1467-9280.2008.02205.x,PS,0.0
Row.112,control_10.1111/j.1467-9280.2008.02206.x,PS,0.007637906186865307
Row.112,control_10.1111/j.1467-9280.2008.02207.x,PS,0.0
Row.112,control_10.1111/j.1467-9280.2008.02208.x,PS,0.0
Row.112,control_10.1111/j.1467-9280.2008.02209.x,PS,0.0
Row.112,control_10.1111/j.1467-9280.2008.02210.x,PS,2.233254786638406e-22
Row.112,control_10.1111/j.1467-9280.2008.02211.x,PS,1.8623363861144005e-22
Row.112,control_10.1111/j.1467-9280.2008.02212.x,PS,2.5375325628809062e-21
Row.112,control_10.1111/j.1467-9280.2008.02213.x,PS,0.0
Row.112,control_10.1111/j.1467-9280.2008.02214.x,PS,0.0
Row.112,control_10.1111/j.1467-9280.2008.02215.x,PS,0.0
Row.112,control_10.1111/j.1467-9280.2008.02216.x,PS,3.947875218789882e-21
Row.112,control_10.1111/j.1467-9280.2008.02217.x,PS,7.099599077221978e-22
Row.112,control_10.1111/j.1467-9280.2008.02218.x,PS,6.02871778648195e-21
Row.112,control_10.1111/j.1467-9280.2008.02219.x,PS,2.076335577986258e-21
Row.112,control_10.1111/j.1467-9280.2008.02220.x,PS,0.0
Row.112,control_10.1111/j.1467-9280.2008.02221.x,PS,1.4526373733903175e-21
Row.112,control_10.1111/j.1467-9280.2008.02222.x,PS,0.0
Row.112,control_10.1111/j.1467-9280.2008.02223.x,PS,0.0
Row.112,control_10.1111/j.1467-9280.2008.02224.x,PS,0.025472491896000846
Row.112,control_10.1111/j.1467-9280.2008.02225.x,PS,0.0005599594392370253
Row.112,control_10.1111/j.1467-9280.2008.02226.x,PS,0.0
Row.112,control_10.1111/j.1467-9280.2008.02228.x,PS,0.0
Row.112,control_10.1111/j.1467-9280.2008.02229.x,PS,3.7530986826998424e-22
Row.112,control_10.1111/j.1467-9280.2008.02230.x,PS,0.005899186410191415
Row.112,control_10.1111/j.1467-9280.2008.02231.x,PS,0.0
Row.112,control_10.1111/j.1467-9280.2008.02232.x,PS,0.0
Row.112,control_10.1111/j.1467-9280.2008.02233.x,PS,0.0
Row.112,control_10.1111/j.1467-9280.2008.02234.x,PS,6.636417732779739e-23
Row.112,control_10.1111/j.1467-9280.2008.02235.x,PS,0.0
Row.112,control_10.1111/j.1467-9280.2008.02236.x,PS,0.0
Row.112,control_10.1111/j.1467-9280.2008.02237.x,PS,0.06333735124473541
Row.112,control_10.1111/j.1467-9280.2008.02238.x,PS,0.0
Row.112,control_10.1111/j.1467-9280.2008.02239.x,PS,2.473370698670123e-21
Row.112,control_10.1111/j.1467-9280.2008.02240.x,PS,0.06422764376460513
Row.112,control_10.1111/j.1467-9280.2008.02241.x,PS,3.433168133814487e-21
Row.113,control_10.1111/j.1467-9280.2008.02036.x,PS,0.00045866886323967594
Row.113,control_10.1111/j.1467-9280.2008.02037.x,PS,0.0007590103007815683
Row.113,control_10.1111/j.1467-9280.2008.02038.x,PS,0.0044043248222878344
Row.113,control_10.1111/j.1467-9280.2008.02047.x,PS,1.1197754438666428e-06
Row.113,control_10.1111/j.1467-9280.2008.02048.x,PS,0.041456695076667445
Row.113,control_10.1111/j.1467-9280.2008.02055.x,PS,0.0009605359650944106
Row.113,control_10.1111/j.1467-9280.2008.02058.x,PS,0.01244180871197281
Row.113,control_10.1111/j.1467-9280.2008.02059.x,PS,0.0009028566466509774
Row.113,control_10.1111/j.1467-9280.2008.02063.x,PS,0.000787099307138549
Row.113,control_10.1111/j.1467-9280.2008.02065.x,PS,0.01092728873643041
Row.113,control_10.1111/j.1467-9280.2008.02067.x,PS,0.00010215093061577177
Row.113,control_10.1111/j.1467-9280.2008.02068.x,PS,0.0007961753283526077
Row.113,control_10.1111/j.1467-9280.2008.02071.x,PS,0.0015513358059434188
Row.113,control_10.1111/j.1467-9280.2008.02073.x,PS,0.002692708927568766
Row.113,control_10.1111/j.1467-9280.2008.02074.x,PS,0.0035899079053886575
Row.113,control_10.1111/j.1467-9280.2008.02075.x,PS,0.0018192507939745314
Row.113,control_10.1111/j.1467-9280.2008.02079.x,PS,0.0002867390824365982
Row.113,control_10.1111/j.1467-9280.2008.02083.x,PS,0.00985902454877061
Row.113,control_10.1111/j.1467-9280.2008.02086.x,PS,0.017590831330879356
Row.113,control_10.1111/j.1467-9280.2008.02087.x,PS,1.581559314490888e-05
Row.113,control_10.1111/j.1467-9280.2008.02094.x,PS,0.005375224359778011
Row.113,control_10.1111/j.1467-9280.2008.02096.x,PS,2.0611450804544644e-05
Row.113,control_10.1111/j.1467-9280.2008.02099.x,PS,0.00036058597159782316
Row.113,control_10.1111/j.1467-9280.2008.02102.x,PS,9.509765210053081e-07
Row.113,control_10.1111/j.1467-9280.2008.02103.x,PS,0.002163491412829621
Row.113,control_10.1111/j.1467-9280.2008.02104.x,PS,0.001523533133901246
Row.113,control_10.1111/j.1467-9280.2008.02105.x,PS,0.0029864757552830537
Row.113,control_10.1111/j.1467-9280.2008.02106.x,PS,9.201307536169635e-05
Row.113,control_10.1111/j.1467-9280.2008.02107.x,PS,1.9128155936860504e-05
Row.113,control_10.1111/j.1467-9280.2008.02108.x,PS,0.007139815252271979
Row.113,control_10.1111/j.1467-9280.2008.02109.x,PS,0.003929666086094358
Row.113,control_10.1111/j.1467-9280.2008.02110.x,PS,0.04226748818285756
Row.113,control_10.1111/j.1467-9280.2008.02111.x,PS,0.012205604264358766
Row.113,control_10.1111/j.1467-9280.2008.02112.x,PS,0.0006526144790433092
Row.113,control_10.1111/j.1467-9280.2008.02113.x,PS,0.023016064937857312
Row.113,control_10.1111/j.1467-9280.2008.02114.x,PS,1.0610627373079899e-05
Row.113,control_10.1111/j.1467-9280.2008.02115.x,PS,0.0010447000300237573
Row.113,control_10.1111/j.1467-9280.2008.02116.x,PS,0.001103652837113403
Row.113,control_10.1111/j.1467-9280.2008.02117.x,PS,0.0035408197484766255
Row.113,control_10.1111/j.1467-9280.2008.02118.x,PS,0.0001916848728770657
Row.113,control_10.1111/j.1467-9280.2008.02119.x,PS,0.00075501299183306
Row.113,control_10.1111/j.1467-9280.2008.02120.x,PS,0.003811296270798539
Row.113,control_10.1111/j.1467-9280.2008.02121.x,PS,0.03221522211402556
Row.113,control_10.1111/j.1467-9280.2008.02122.x,PS,0.00027167495303131144
Row.113,control_10.1111/j.1467-9280.2008.02123.x,PS,0.002869430099192133
Row.113,control_10.1111/j.1467-9280.2008.02125.x,PS,0.026562903725756423
Row.113,control_10.1111/j.1467-9280.2008.02126.x,PS,4.0573672958668255e-05
Row.113,control_10.1111/j.1467-9280.2008.02127.x,PS,0.0014434912818748296
Row.113,control_10.1111/j.1467-9280.2008.02129.x,PS,0.004372754005926369
Row.113,control_10.1111/j.1467-9280.2008.02130.x,PS,0.00041103293687138394
Row.113,control_10.1111/j.1467-9280.2008.02131.x,PS,0.0015382773675830497
Row.113,control_10.1111/j.1467-9280.2008.02132.x,PS,0.022080454058227818
Row.113,control_10.1111/j.1467-9280.2008.02133.x,PS,0.00040102138156886054
Row.113,control_10.1111/j.1467-9280.2008.02134.x,PS,0.012144777434364793
Row.113,control_10.1111/j.1467-9280.2008.02135.x,PS,0.00022776876445643882
Row.113,control_10.1111/j.1467-9280.2008.02137.x,PS,0.0031068743470326564
Row.113,control_10.1111/j.1467-9280.2008.02138.x,PS,0.0050333066313918975
Row.113,control_10.1111/j.1467-9280.2008.02139.x,PS,0.0012892744628548308
Row.113,control_10.1111/j.1467-9280.2008.02140.x,PS,0.000480351747244162
Row.113,control_10.1111/j.1467-9280.2008.02141.x,PS,0.004769948842821608
Row.113,control_10.1111/j.1467-9280.2008.02142.x,PS,0.0060121021772096194
Row.113,control_10.1111/j.1467-9280.2008.02143.x,PS,0.0005464222545508107
Row.113,control_10.1111/j.1467-9280.2008.02144.x,PS,0.07029539603195424
Row.113,control_10.1111/j.1467-9280.2008.02145.x,PS,0.009075021447319096
Row.113,control_10.1111/j.1467-9280.2008.02146.x,PS,0.0010352584602133011
Row.113,control_10.1111/j.1467-9280.2008.02147.x,PS,0.00022867937034292999
Row.113,control_10.1111/j.1467-9280.2008.02148.x,PS,0.0013124955105931545
Row.113,control_10.1111/j.1467-9280.2008.02149.x,PS,0.0006966101319328721
Row.113,control_10.1111/j.1467-9280.2008.02150.x,PS,0.00017724489940581904
Row.113,control_10.1111/j.1467-9280.2008.02151.x,PS,0.012039156058996007
Row.113,control_10.1111/j.1467-9280.2008.02152.x,PS,0.014424035448260934
Row.113,control_10.1111/j.1467-9280.2008.02153.x,PS,0.00019219715562060206
Row.113,control_10.1111/j.1467-9280.2008.02154.x,PS,0.0008041506997836882
Row.113,control_10.1111/j.1467-9280.2008.02155.x,PS,5.63614667153618e-05
Row.113,control_10.1111/j.1467-9280.2008.02156.x,PS,0.004125037842004643
Row.113,control_10.1111/j.1467-9280.2008.02158.x,PS,0.0036101311424230724
Row.113,control_10.1111/j.1467-9280.2008.02160.x,PS,0.0022416791628566304
Row.113,control_10.1111/j.1467-9280.2008.02161.x,PS,0.0004846614458305537
Row.113,control_10.1111/j.1467-9280.2008.02162.x,PS,9.68724351261399e-05
Row.113,control_10.1111/j.1467-9280.2008.02163.x,PS,0.012160502675042248
Row.113,control_10.1111/j.1467-9280.2008.02164.x,PS,0.003417613059942093
Row.113,control_10.1111/j.1467-9280.2008.02165.x,PS,0.0008597918665563234
Row.113,control_10.1111/j.1467-9280.2008.02166.x,PS,0.025907804332919192
Row.113,control_10.1111/j.1467-9280.2008.02167.x,PS,3.158029385982191e-05
Row.113,control_10.1111/j.1467-9280.2008.02168.x,PS,4.544114717553695e-05
Row.113,control_10.1111/j.1467-9280.2008.02169.x,PS,0.001322077418416992
Row.113,control_10.1111/j.1467-9280.2008.02170.x,PS,0.002187733582137176
Row.113,control_10.1111/j.1467-9280.2008.02171.x,PS,0.004727127216203386
Row.113,control_10.1111/j.1467-9280.2008.02173.x,PS,0.00014675519544728806
Row.113,control_10.1111/j.1467-9280.2008.02174.x,PS,0.0006183447961428339
Row.113,control_10.1111/j.1467-9280.2008.02175.x,PS,3.084314735930504e-05
Row.113,control_10.1111/j.1467-9280.2008.02176.x,PS,0.0013409365182827679
Row.113,control_10.1111/j.1467-9280.2008.02177.x,PS,0.002348665172285592
Row.113,control_10.1111/j.1467-9280.2008.02178.x,PS,0.0013841523197022155
Row.113,control_10.1111/j.1467-9280.2008.02179.x,PS,2.8212524392392384e-05
Row.113,control_10.1111/j.1467-9280.2008.02180.x,PS,0.0016240394178973453
Row.113,control_10.1111/j.1467-9280.2008.02182.x,PS,3.231593179801094e-05
Row.113,control_10.1111/j.1467-9280.2008.02183.x,PS,0.0024938938446811836
Row.113,control_10.1111/j.1467-9280.2008.02184.x,PS,0.03193547690603509
Row.113,control_10.1111/j.1467-9280.2008.02185.x,PS,0.0009416468004792657
Row.113,control_10.1111/j.1467-9280.2008.02186.x,PS,0.0008865276150061016
Row.113,control_10.1111/j.1467-9280.2008.02188.x,PS,8.682795399028523e-06
Row.113,control_10.1111/j.1467-9280.2008.02189.x,PS,1.0486757273601225e-05
Row.113,control_10.1111/j.1467-9280.2008.02190.x,PS,0.07307861561372915
Row.113,control_10.1111/j.1467-9280.2008.02191.x,PS,0.000431659126201139
Row.113,control_10.1111/j.1467-9280.2008.02192.x,PS,0.0008182854506606138
Row.113,control_10.1111/j.1467-9280.2008.02193.x,PS,0.015810161922026743
Row.113,control_10.1111/j.1467-9280.2008.02194.x,PS,3.3072144764917384e-05
Row.113,control_10.1111/j.1467-9280.2008.02195.x,PS,0.014667881922791583
Row.113,control_10.1111/j.1467-9280.2008.02196.x,PS,1.1505176413618525e-05
Row.113,control_10.1111/j.1467-9280.2008.02197.x,PS,0.0009569826036316019
Row.113,control_10.1111/j.1467-9280.2008.02198.x,PS,0.010413166274063307
Row.113,control_10.1111/j.1467-9280.2008.02200.x,PS,0.0036261514999347813
Row.113,control_10.1111/j.1467-9280.2008.02201.x,PS,0.0032709681691646883
Row.113,control_10.1111/j.1467-9280.2008.02202.x,PS,0.0013430226918180797
Row.113,control_10.1111/j.1467-9280.2008.02203.x,PS,0.00024850433689592845
Row.113,control_10.1111/j.1467-9280.2008.02204.x,PS,2.067396854599856e-05
Row.113,control_10.1111/j.1467-9280.2008.02205.x,PS,0.01211510690243539
Row.113,control_10.1111/j.1467-9280.2008.02206.x,PS,0.051048954874221994
Row.113,control_10.1111/j.1467-9280.2008.02207.x,PS,0.009008210974821093
Row.113,control_10.1111/j.1467-9280.2008.02208.x,PS,0.0008349289812332205
Row.113,control_10.1111/j.1467-9280.2008.02209.x,PS,0.000912569803945573
Row.113,control_10.1111/j.1467-9280.2008.02210.x,PS,0.001057780805348685
Row.113,control_10.1111/j.1467-9280.2008.02211.x,PS,0.0009503141253746449
Row.113,control_10.1111/j.1467-9280.2008.02212.x,PS,0.0197744602138205
Row.113,control_10.1111/j.1467-9280.2008.02213.x,PS,9.388864151863167e-06
Row.113,control_10.1111/j.1467-9280.2008.02214.x,PS,0.00042907753184101517
Row.113,control_10.1111/j.1467-9280.2008.02215.x,PS,0.003822891358288568
Row.113,control_10.1111/j.1467-9280.2008.02216.x,PS,0.0010952803851410448
Row.113,control_10.1111/j.1467-9280.2008.02217.x,PS,0.016018910994534938
Row.113,control_10.1111/j.1467-9280.2008.02218.x,PS,4.07469220755601e-05
Row.113,control_10.1111/j.1467-9280.2008.02219.x,PS,0.01287492509364218
Row.113,control_10.1111/j.1467-9280.2008.02220.x,PS,0.0001192492141949287
Row.113,control_10.1111/j.1467-9280.2008.02221.x,PS,0.012331340064756871
Row.113,control_10.1111/j.1467-9280.2008.02222.x,PS,0.002359019237262576
Row.113,control_10.1111/j.1467-9280.2008.02223.x,PS,0.0014690056540834027
Row.113,control_10.1111/j.1467-9280.2008.02224.x,PS,4.423418764184753e-05
Row.113,control_10.1111/j.1467-9280.2008.02225.x,PS,0.00017264417021267968
Row.113,control_10.1111/j.1467-9280.2008.02226.x,PS,0.006589715896738928
Row.113,control_10.1111/j.1467-9280.2008.02228.x,PS,9.343127299396073e-06
Row.113,control_10.1111/j.1467-9280.2008.02229.x,PS,0.10256473694475807
Row.113,control_10.1111/j.1467-9280.2008.02230.x,PS,0.0008713687577927751
Row.113,control_10.1111/j.1467-9280.2008.02231.x,PS,0.006499786654274613
Row.113,control_10.1111/j.1467-9280.2008.02232.x,PS,0.010712354014363617
Row.113,control_10.1111/j.1467-9280.2008.02233.x,PS,3.1164412160780876e-05
Row.113,control_10.1111/j.1467-9280.2008.02234.x,PS,0.024969507181143328
Row.113,control_10.1111/j.1467-9280.2008.02235.x,PS,0.0016049337001465722
Row.113,control_10.1111/j.1467-9280.2008.02236.x,PS,0.004020637612119492
Row.113,control_10.1111/j.1467-9280.2008.02237.x,PS,0.00034557858285757056
Row.113,control_10.1111/j.1467-9280.2008.02238.x,PS,0.0023513485582879936
Row.113,control_10.1111/j.1467-9280.2008.02239.x,PS,0.00241588447480917
Row.113,control_10.1111/j.1467-9280.2008.02240.x,PS,0.0009715876930124369
Row.113,control_10.1111/j.1467-9280.2008.02241.x,PS,4.665502032106563e-06
Row.114,control_10.1111/j.1467-9280.2008.02036.x,PS,0.0
Row.114,control_10.1111/j.1467-9280.2008.02037.x,PS,5.062545291107697e-15
Row.114,control_10.1111/j.1467-9280.2008.02038.x,PS,0.0387480965014729
Row.114,control_10.1111/j.1467-9280.2008.02047.x,PS,0.0
Row.114,control_10.1111/j.1467-9280.2008.02048.x,PS,0.0
Row.114,control_10.1111/j.1467-9280.2008.02055.x,PS,0.0
Row.114,control_10.1111/j.1467-9280.2008.02058.x,PS,0.0
Row.114,control_10.1111/j.1467-9280.2008.02059.x,PS,6.519756463092688e-16
Row.114,control_10.1111/j.1467-9280.2008.02063.x,PS,0.0
Row.114,control_10.1111/j.1467-9280.2008.02065.x,PS,2.957149999889532e-15
Row.114,control_10.1111/j.1467-9280.2008.02067.x,PS,0.0
Row.114,control_10.1111/j.1467-9280.2008.02068.x,PS,0.0
Row.114,control_10.1111/j.1467-9280.2008.02071.x,PS,8.304339283944038e-15
Row.114,control_10.1111/j.1467-9280.2008.02073.x,PS,2.6448961195915e-15
Row.114,control_10.1111/j.1467-9280.2008.02074.x,PS,3.427147171410556e-15
Row.114,control_10.1111/j.1467-9280.2008.02075.x,PS,0.0
Row.114,control_10.1111/j.1467-9280.2008.02079.x,PS,1.1478665224340484e-14
Row.114,control_10.1111/j.1467-9280.2008.02083.x,PS,0.0
Row.114,control_10.1111/j.1467-9280.2008.02086.x,PS,1.8631188340222767e-15
Row.114,control_10.1111/j.1467-9280.2008.02087.x,PS,0.0
Row.114,control_10.1111/j.1467-9280.2008.02094.x,PS,2.1044758052295674e-16
Row.114,control_10.1111/j.1467-9280.2008.02096.x,PS,1.6023305538210611e-16
Row.114,control_10.1111/j.1467-9280.2008.02099.x,PS,1.3611182201482727e-14
Row.114,control_10.1111/j.1467-9280.2008.02102.x,PS,0.0
Row.114,control_10.1111/j.1467-9280.2008.02103.x,PS,0.0
Row.114,control_10.1111/j.1467-9280.2008.02104.x,PS,8.1848039222782e-16
Row.114,control_10.1111/j.1467-9280.2008.02105.x,PS,1.1238988722645364e-15
Row.114,control_10.1111/j.1467-9280.2008.02106.x,PS,0.0
Row.114,control_10.1111/j.1467-9280.2008.02107.x,PS,0.0
Row.114,control_10.1111/j.1467-9280.2008.02108.x,PS,3.8132261658498843e-16
Row.114,control_10.1111/j.1467-9280.2008.02109.x,PS,8.279390062615727e-15
Row.114,control_10.1111/j.1467-9280.2008.02110.x,PS,0.0
Row.114,control_10.1111/j.1467-9280.2008.02111.x,PS,0.0
Row.114,control_10.1111/j.1467-9280.2008.02112.x,PS,0.0
Row.114,control_10.1111/j.1467-9280.2008.02113.x,PS,2.3539233861629182e-15
Row.114,control_10.1111/j.1467-9280.2008.02114.x,PS,0.0
Row.114,control_10.1111/j.1467-9280.2008.02115.x,PS,3.045151441995574e-15
Row.114,control_10.1111/j.1467-9280.2008.02116.x,PS,0.0
Row.114,control_10.1111/j.1467-9280.2008.02117.x,PS,1.7906298959429076e-14
Row.114,control_10.1111/j.1467-9280.2008.02118.x,PS,0.0
Row.114,control_10.1111/j.1467-9280.2008.02119.x,PS,9.814107733440778e-16
Row.114,control_10.1111/j.1467-9280.2008.02120.x,PS,5.634888756563876e-15
Row.114,control_10.1111/j.1467-9280.2008.02121.x,PS,0.0
Row.114,control_10.1111/j.1467-9280.2008.02122.x,PS,0.0
Row.114,control_10.1111/j.1467-9280.2008.02123.x,PS,0.0
Row.114,control_10.1111/j.1467-9280.2008.02125.x,PS,2.5190077684048628e-15
Row.114,control_10.1111/j.1467-9280.2008.02126.x,PS,0.0
Row.114,control_10.1111/j.1467-9280.2008.02127.x,PS,8.872341924374629e-16
Row.114,control_10.1111/j.1467-9280.2008.02129.x,PS,3.693207454824473e-15
Row.114,control_10.1111/j.1467-9280.2008.02130.x,PS,0.0
Row.114,control_10.1111/j.1467-9280.2008.02131.x,PS,0.0
Row.114,control_10.1111/j.1467-9280.2008.02132.x,PS,3.862005382727911e-15
Row.114,control_10.1111/j.1467-9280.2008.02133.x,PS,0.0
Row.114,control_10.1111/j.1467-9280.2008.02134.x,PS,0.0
Row.114,control_10.1111/j.1467-9280.2008.02135.x,PS,0.0
Row.114,control_10.1111/j.1467-9280.2008.02137.x,PS,2.4653536114062577e-16
Row.114,control_10.1111/j.1467-9280.2008.02138.x,PS,0.0
Row.114,control_10.1111/j.1467-9280.2008.02139.x,PS,0.0
Row.114,control_10.1111/j.1467-9280.2008.02140.x,PS,1.4009902989438508e-15
Row.114,control_10.1111/j.1467-9280.2008.02141.x,PS,5.82403386984953e-17
Row.114,control_10.1111/j.1467-9280.2008.02142.x,PS,0.0
Row.114,control_10.1111/j.1467-9280.2008.02143.x,PS,1.8469821210930333e-15
Row.114,control_10.1111/j.1467-9280.2008.02144.x,PS,0.0
Row.114,control_10.1111/j.1467-9280.2008.02145.x,PS,0.0
Row.114,control_10.1111/j.1467-9280.2008.02146.x,PS,3.992297063203716e-15
Row.114,control_10.1111/j.1467-9280.2008.02147.x,PS,0.0
Row.114,control_10.1111/j.1467-9280.2008.02148.x,PS,0.6866292665097847
Row.114,control_10.1111/j.1467-9280.2008.02149.x,PS,2.423559843033527e-15
Row.114,control_10.1111/j.1467-9280.2008.02150.x,PS,0.0
Row.114,control_10.1111/j.1467-9280.2008.02151.x,PS,7.878052964291705e-15
Row.114,control_10.1111/j.1467-9280.2008.02152.x,PS,0.0
Row.114,control_10.1111/j.1467-9280.2008.02153.x,PS,0.0
Row.114,control_10.1111/j.1467-9280.2008.02154.x,PS,4.3594559439810986e-15
Row.114,control_10.1111/j.1467-9280.2008.02155.x,PS,6.564211092825379e-15
Row.114,control_10.1111/j.1467-9280.2008.02156.x,PS,9.307300706306112e-15
Row.114,control_10.1111/j.1467-9280.2008.02158.x,PS,6.392844421951181e-15
Row.114,control_10.1111/j.1467-9280.2008.02160.x,PS,0.0
Row.114,control_10.1111/j.1467-9280.2008.02161.x,PS,0.0
Row.114,control_10.1111/j.1467-9280.2008.02162.x,PS,2.8144916436931602e-15
Row.114,control_10.1111/j.1467-9280.2008.02163.x,PS,0.0
Row.114,control_10.1111/j.1467-9280.2008.02164.x,PS,8.973788899953466e-15
Row.114,control_10.1111/j.1467-9280.2008.02165.x,PS,5.837596857246469e-16
Row.114,control_10.1111/j.1467-9280.2008.02166.x,PS,0.0
Row.114,control_10.1111/j.1467-9280.2008.02167.x,PS,0.0
Row.114,control_10.1111/j.1467-9280.2008.02168.x,PS,3.726855236811716e-15
Row.114,control_10.1111/j.1467-9280.2008.02169.x,PS,0.0
Row.114,control_10.1111/j.1467-9280.2008.02170.x,PS,1.2496546113692307e-14
Row.114,control_10.1111/j.1467-9280.2008.02171.x,PS,0.0
Row.114,control_10.1111/j.1467-9280.2008.02173.x,PS,0.0
Row.114,control_10.1111/j.1467-9280.2008.02174.x,PS,0.0
Row.114,control_10.1111/j.1467-9280.2008.02175.x,PS,0.0
Row.114,control_10.1111/j.1467-9280.2008.02176.x,PS,0.0
Row.114,control_10.1111/j.1467-9280.2008.02177.x,PS,1.739380077995171e-15
Row.114,control_10.1111/j.1467-9280.2008.02178.x,PS,5.652974981283667e-15
Row.114,control_10.1111/j.1467-9280.2008.02179.x,PS,0.0
Row.114,control_10.1111/j.1467-9280.2008.02180.x,PS,4.743354921811482e-15
Row.114,control_10.1111/j.1467-9280.2008.02182.x,PS,0.0
Row.114,control_10.1111/j.1467-9280.2008.02183.x,PS,0.0
Row.114,control_10.1111/j.1467-9280.2008.02184.x,PS,0.0
Row.114,control_10.1111/j.1467-9280.2008.02185.x,PS,6.829724953962581e-15
Row.114,control_10.1111/j.1467-9280.2008.02186.x,PS,0.0
Row.114,control_10.1111/j.1467-9280.2008.02188.x,PS,0.0
Row.114,control_10.1111/j.1467-9280.2008.02189.x,PS,0.0
Row.114,control_10.1111/j.1467-9280.2008.02190.x,PS,1.2069627713893165e-15
Row.114,control_10.1111/j.1467-9280.2008.02191.x,PS,6.083722348076365e-15
Row.114,control_10.1111/j.1467-9280.2008.02192.x,PS,2.1275913536504007e-15
Row.114,control_10.1111/j.1467-9280.2008.02193.x,PS,0.0
Row.114,control_10.1111/j.1467-9280.2008.02194.x,PS,0.0
Row.114,control_10.1111/j.1467-9280.2008.02195.x,PS,8.415559649868888e-15
Row.114,control_10.1111/j.1467-9280.2008.02196.x,PS,1.5595511693168684e-15
Row.114,control_10.1111/j.1467-9280.2008.02197.x,PS,7.633671743979041e-15
Row.114,control_10.1111/j.1467-9280.2008.02198.x,PS,0.0
Row.114,control_10.1111/j.1467-9280.2008.02200.x,PS,1.887970178513758e-14
Row.114,control_10.1111/j.1467-9280.2008.02201.x,PS,1.845474428705059e-14
Row.114,control_10.1111/j.1467-9280.2008.02202.x,PS,2.2582289076268916e-15
Row.114,control_10.1111/j.1467-9280.2008.02203.x,PS,0.0
Row.114,control_10.1111/j.1467-9280.2008.02204.x,PS,2.1672494804576355e-15
Row.114,control_10.1111/j.1467-9280.2008.02205.x,PS,0.0
Row.114,control_10.1111/j.1467-9280.2008.02206.x,PS,0.0
Row.114,control_10.1111/j.1467-9280.2008.02207.x,PS,4.015258145208993e-16
Row.114,control_10.1111/j.1467-9280.2008.02208.x,PS,1.9899299335488087e-15
Row.114,control_10.1111/j.1467-9280.2008.02209.x,PS,6.582657326972308e-15
Row.114,control_10.1111/j.1467-9280.2008.02210.x,PS,0.0
Row.114,control_10.1111/j.1467-9280.2008.02211.x,PS,6.001372928227647e-15
Row.114,control_10.1111/j.1467-9280.2008.02212.x,PS,0.0
Row.114,control_10.1111/j.1467-9280.2008.02213.x,PS,0.0
Row.114,control_10.1111/j.1467-9280.2008.02214.x,PS,1.011430905708608e-14
Row.114,control_10.1111/j.1467-9280.2008.02215.x,PS,2.2280562227523807e-15
Row.114,control_10.1111/j.1467-9280.2008.02216.x,PS,0.0
Row.114,control_10.1111/j.1467-9280.2008.02217.x,PS,0.0
Row.114,control_10.1111/j.1467-9280.2008.02218.x,PS,9.282554563362638e-16
Row.114,control_10.1111/j.1467-9280.2008.02219.x,PS,1.7948633691590837e-15
Row.114,control_10.1111/j.1467-9280.2008.02220.x,PS,2.639435915596488e-15
Row.114,control_10.1111/j.1467-9280.2008.02221.x,PS,0.0
Row.114,control_10.1111/j.1467-9280.2008.02222.x,PS,2.2091762347070553e-15
Row.114,control_10.1111/j.1467-9280.2008.02223.x,PS,0.0
Row.114,control_10.1111/j.1467-9280.2008.02224.x,PS,0.0
Row.114,control_10.1111/j.1467-9280.2008.02225.x,PS,0.27462263698840816
Row.114,control_10.1111/j.1467-9280.2008.02226.x,PS,5.43289355939645e-15
Row.114,control_10.1111/j.1467-9280.2008.02228.x,PS,0.0
Row.114,control_10.1111/j.1467-9280.2008.02229.x,PS,0.0
Row.114,control_10.1111/j.1467-9280.2008.02230.x,PS,1.9757337266228273e-15
Row.114,control_10.1111/j.1467-9280.2008.02231.x,PS,2.6142007723983284e-16
Row.114,control_10.1111/j.1467-9280.2008.02232.x,PS,0.0
Row.114,control_10.1111/j.1467-9280.2008.02233.x,PS,9.531577299663077e-16
Row.114,control_10.1111/j.1467-9280.2008.02234.x,PS,0.0
Row.114,control_10.1111/j.1467-9280.2008.02235.x,PS,4.037720895975184e-15
Row.114,control_10.1111/j.1467-9280.2008.02236.x,PS,6.934081930903979e-15
Row.114,control_10.1111/j.1467-9280.2008.02237.x,PS,0.0
Row.114,control_10.1111/j.1467-9280.2008.02238.x,PS,1.3814915145224153e-14
Row.114,control_10.1111/j.1467-9280.2008.02239.x,PS,3.211539749356253e-15
Row.114,control_10.1111/j.1467-9280.2008.02240.x,PS,0.0
Row.114,control_10.1111/j.1467-9280.2008.02241.x,PS,0.0
Row.115,control_10.1111/j.1467-9280.2008.02036.x,PS,0.0
Row.115,control_10.1111/j.1467-9280.2008.02037.x,PS,2.8934726702784086e-17
Row.115,control_10.1111/j.1467-9280.2008.02038.x,PS,1.4469579643945568e-18
Row.115,control_10.1111/j.1467-9280.2008.02047.x,PS,3.402024467487163e-18
Row.115,control_10.1111/j.1467-9280.2008.02048.x,PS,4.228787903677361e-18
Row.115,control_10.1111/j.1467-9280.2008.02055.x,PS,3.2353131024783767e-18
Row.115,control_10.1111/j.1467-9280.2008.02058.x,PS,0.0
Row.115,control_10.1111/j.1467-9280.2008.02059.x,PS,0.0
Row.115,control_10.1111/j.1467-9280.2008.02063.x,PS,0.0
Row.115,control_10.1111/j.1467-9280.2008.02065.x,PS,1.1880221885011062e-17
Row.115,control_10.1111/j.1467-9280.2008.02067.x,PS,0.0
Row.115,control_10.1111/j.1467-9280.2008.02068.x,PS,8.177667562427411e-18
Row.115,control_10.1111/j.1467-9280.2008.02071.x,PS,0.0
Row.115,control_10.1111/j.1467-9280.2008.02073.x,PS,0.0
Row.115,control_10.1111/j.1467-9280.2008.02074.x,PS,8.173638960991728e-18
Row.115,control_10.1111/j.1467-9280.2008.02075.x,PS,4.894685825347278e-18
Row.115,control_10.1111/j.1467-9280.2008.02079.x,PS,0.0
Row.115,control_10.1111/j.1467-9280.2008.02083.x,PS,1.2642788493365708e-17
Row.115,control_10.1111/j.1467-9280.2008.02086.x,PS,0.0
Row.115,control_10.1111/j.1467-9280.2008.02087.x,PS,0.0
Row.115,control_10.1111/j.1467-9280.2008.02094.x,PS,0.0
Row.115,control_10.1111/j.1467-9280.2008.02096.x,PS,0.0
Row.115,control_10.1111/j.1467-9280.2008.02099.x,PS,0.0
Row.115,control_10.1111/j.1467-9280.2008.02102.x,PS,5.1833853092448e-18
Row.115,control_10.1111/j.1467-9280.2008.02103.x,PS,0.0993182631369707
Row.115,control_10.1111/j.1467-9280.2008.02104.x,PS,0.0
Row.115,control_10.1111/j.1467-9280.2008.02105.x,PS,0.0
Row.115,control_10.1111/j.1467-9280.2008.02106.x,PS,0.0
Row.115,control_10.1111/j.1467-9280.2008.02107.x,PS,0.0
Row.115,control_10.1111/j.1467-9280.2008.02108.x,PS,1.6988107228426222e-17
Row.115,control_10.1111/j.1467-9280.2008.02109.x,PS,0.0
Row.115,control_10.1111/j.1467-9280.2008.02110.x,PS,0.0
Row.115,control_10.1111/j.1467-9280.2008.02111.x,PS,0.0
Row.115,control_10.1111/j.1467-9280.2008.02112.x,PS,5.86579871669726e-17
Row.115,control_10.1111/j.1467-9280.2008.02113.x,PS,4.844154249962502e-17
Row.115,control_10.1111/j.1467-9280.2008.02114.x,PS,1.2859427346560495e-17
Row.115,control_10.1111/j.1467-9280.2008.02115.x,PS,0.0
Row.115,control_10.1111/j.1467-9280.2008.02116.x,PS,0.0
Row.115,control_10.1111/j.1467-9280.2008.02117.x,PS,0.0
Row.115,control_10.1111/j.1467-9280.2008.02118.x,PS,2.811014775828157e-18
Row.115,control_10.1111/j.1467-9280.2008.02119.x,PS,0.0
Row.115,control_10.1111/j.1467-9280.2008.02120.x,PS,3.768913713223873e-18
Row.115,control_10.1111/j.1467-9280.2008.02121.x,PS,0.0
Row.115,control_10.1111/j.1467-9280.2008.02122.x,PS,2.0554054630978066e-17
Row.115,control_10.1111/j.1467-9280.2008.02123.x,PS,3.062083571251295e-17
Row.115,control_10.1111/j.1467-9280.2008.02125.x,PS,3.2163981317183197e-19
Row.115,control_10.1111/j.1467-9280.2008.02126.x,PS,2.0240830153158517e-18
Row.115,control_10.1111/j.1467-9280.2008.02127.x,PS,2.5750761190530242e-17
Row.115,control_10.1111/j.1467-9280.2008.02129.x,PS,4.672247370939812e-18
Row.115,control_10.1111/j.1467-9280.2008.02130.x,PS,0.0
Row.115,control_10.1111/j.1467-9280.2008.02131.x,PS,4.987810107148449e-18
Row.115,control_10.1111/j.1467-9280.2008.02132.x,PS,6.381932261504284e-18
Row.115,control_10.1111/j.1467-9280.2008.02133.x,PS,2.0860466197673478e-18
Row.115,control_10.1111/j.1467-9280.2008.02134.x,PS,0.0
Row.115,control_10.1111/j.1467-9280.2008.02135.x,PS,0.0
Row.115,control_10.1111/j.1467-9280.2008.02137.x,PS,1.1158374689439227e-17
Row.115,control_10.1111/j.1467-9280.2008.02138.x,PS,8.131619693812573e-18
Row.115,control_10.1111/j.1467-9280.2008.02139.x,PS,1.3862430826776044e-17
Row.115,control_10.1111/j.1467-9280.2008.02140.x,PS,0.0
Row.115,control_10.1111/j.1467-9280.2008.02141.x,PS,0.0
Row.115,control_10.1111/j.1467-9280.2008.02142.x,PS,0.0
Row.115,control_10.1111/j.1467-9280.2008.02143.x,PS,0.0
Row.115,control_10.1111/j.1467-9280.2008.02144.x,PS,0.0
Row.115,control_10.1111/j.1467-9280.2008.02145.x,PS,0.0
Row.115,control_10.1111/j.1467-9280.2008.02146.x,PS,5.491802267697126e-18
Row.115,control_10.1111/j.1467-9280.2008.02147.x,PS,0.0
Row.115,control_10.1111/j.1467-9280.2008.02148.x,PS,0.0
Row.115,control_10.1111/j.1467-9280.2008.02149.x,PS,0.0
Row.115,control_10.1111/j.1467-9280.2008.02150.x,PS,9.288087390838602e-18
Row.115,control_10.1111/j.1467-9280.2008.02151.x,PS,0.0
Row.115,control_10.1111/j.1467-9280.2008.02152.x,PS,0.0
Row.115,control_10.1111/j.1467-9280.2008.02153.x,PS,0.0
Row.115,control_10.1111/j.1467-9280.2008.02154.x,PS,1.2609600306706357e-17
Row.115,control_10.1111/j.1467-9280.2008.02155.x,PS,3.1351671453365192e-18
Row.115,control_10.1111/j.1467-9280.2008.02156.x,PS,1.852842005873089e-17
Row.115,control_10.1111/j.1467-9280.2008.02158.x,PS,0.0
Row.115,control_10.1111/j.1467-9280.2008.02160.x,PS,0.0
Row.115,control_10.1111/j.1467-9280.2008.02161.x,PS,8.580030975028067e-18
Row.115,control_10.1111/j.1467-9280.2008.02162.x,PS,1.1318985073153031e-17
Row.115,control_10.1111/j.1467-9280.2008.02163.x,PS,1.257657666497232e-17
Row.115,control_10.1111/j.1467-9280.2008.02164.x,PS,1.3676378363088071e-17
Row.115,control_10.1111/j.1467-9280.2008.02165.x,PS,7.229304800882896e-17
Row.115,control_10.1111/j.1467-9280.2008.02166.x,PS,0.0
Row.115,control_10.1111/j.1467-9280.2008.02167.x,PS,0.0
Row.115,control_10.1111/j.1467-9280.2008.02168.x,PS,0.0
Row.115,control_10.1111/j.1467-9280.2008.02169.x,PS,5.535050735143943e-18
Row.115,control_10.1111/j.1467-9280.2008.02170.x,PS,0.0
Row.115,control_10.1111/j.1467-9280.2008.02171.x,PS,0.0
Row.115,control_10.1111/j.1467-9280.2008.02173.x,PS,0.0
Row.115,control_10.1111/j.1467-9280.2008.02174.x,PS,0.0
Row.115,control_10.1111/j.1467-9280.2008.02175.x,PS,0.0
Row.115,control_10.1111/j.1467-9280.2008.02176.x,PS,2.0650614686776535e-17
Row.115,control_10.1111/j.1467-9280.2008.02177.x,PS,0.0
Row.115,control_10.1111/j.1467-9280.2008.02178.x,PS,0.0
Row.115,control_10.1111/j.1467-9280.2008.02179.x,PS,0.0
Row.115,control_10.1111/j.1467-9280.2008.02180.x,PS,0.0
Row.115,control_10.1111/j.1467-9280.2008.02182.x,PS,0.0
Row.115,control_10.1111/j.1467-9280.2008.02183.x,PS,5.267590657538485e-18
Row.115,control_10.1111/j.1467-9280.2008.02184.x,PS,0.0
Row.115,control_10.1111/j.1467-9280.2008.02185.x,PS,7.224431942737502e-18
Row.115,control_10.1111/j.1467-9280.2008.02186.x,PS,0.0
Row.115,control_10.1111/j.1467-9280.2008.02188.x,PS,1.9276313933482323e-17
Row.115,control_10.1111/j.1467-9280.2008.02189.x,PS,8.065553413382012e-19
Row.115,control_10.1111/j.1467-9280.2008.02190.x,PS,5.731770095899483e-17
Row.115,control_10.1111/j.1467-9280.2008.02191.x,PS,1.2467574021136163e-18
Row.115,control_10.1111/j.1467-9280.2008.02192.x,PS,5.336891958217475e-19
Row.115,control_10.1111/j.1467-9280.2008.02193.x,PS,0.0
Row.115,control_10.1111/j.1467-9280.2008.02194.x,PS,0.0
Row.115,control_10.1111/j.1467-9280.2008.02195.x,PS,0.0
Row.115,control_10.1111/j.1467-9280.2008.02196.x,PS,0.0
Row.115,control_10.1111/j.1467-9280.2008.02197.x,PS,0.0
Row.115,control_10.1111/j.1467-9280.2008.02198.x,PS,1.8199510056778005e-17
Row.115,control_10.1111/j.1467-9280.2008.02200.x,PS,3.053518966980492e-17
Row.115,control_10.1111/j.1467-9280.2008.02201.x,PS,0.0
Row.115,control_10.1111/j.1467-9280.2008.02202.x,PS,0.0
Row.115,control_10.1111/j.1467-9280.2008.02203.x,PS,0.1887565867482852
Row.115,control_10.1111/j.1467-9280.2008.02204.x,PS,1.8884163955719076e-17
Row.115,control_10.1111/j.1467-9280.2008.02205.x,PS,7.082807948888837e-19
Row.115,control_10.1111/j.1467-9280.2008.02206.x,PS,9.980951969009616e-18
Row.115,control_10.1111/j.1467-9280.2008.02207.x,PS,4.383212973873451e-18
Row.115,control_10.1111/j.1467-9280.2008.02208.x,PS,8.584850379526993e-18
Row.115,control_10.1111/j.1467-9280.2008.02209.x,PS,1.635599526704234e-17
Row.115,control_10.1111/j.1467-9280.2008.02210.x,PS,0.0
Row.115,control_10.1111/j.1467-9280.2008.02211.x,PS,1.6039715638475753e-17
Row.115,control_10.1111/j.1467-9280.2008.02212.x,PS,0.0
Row.115,control_10.1111/j.1467-9280.2008.02213.x,PS,0.0
Row.115,control_10.1111/j.1467-9280.2008.02214.x,PS,0.0
Row.115,control_10.1111/j.1467-9280.2008.02215.x,PS,8.865564813996247e-18
Row.115,control_10.1111/j.1467-9280.2008.02216.x,PS,8.86201267607032e-18
Row.115,control_10.1111/j.1467-9280.2008.02217.x,PS,0.45642722963551197
Row.115,control_10.1111/j.1467-9280.2008.02218.x,PS,1.2299494255742721e-18
Row.115,control_10.1111/j.1467-9280.2008.02219.x,PS,0.0
Row.115,control_10.1111/j.1467-9280.2008.02220.x,PS,0.0
Row.115,control_10.1111/j.1467-9280.2008.02221.x,PS,2.0789292630376877e-17
Row.115,control_10.1111/j.1467-9280.2008.02222.x,PS,0.0
Row.115,control_10.1111/j.1467-9280.2008.02223.x,PS,4.8724585705085775e-18
Row.115,control_10.1111/j.1467-9280.2008.02224.x,PS,0.0
Row.115,control_10.1111/j.1467-9280.2008.02225.x,PS,5.578846517166004e-18
Row.115,control_10.1111/j.1467-9280.2008.02226.x,PS,3.196157858981432e-17
Row.115,control_10.1111/j.1467-9280.2008.02228.x,PS,0.0
Row.115,control_10.1111/j.1467-9280.2008.02229.x,PS,0.2142532244282399
Row.115,control_10.1111/j.1467-9280.2008.02230.x,PS,0.0
Row.115,control_10.1111/j.1467-9280.2008.02231.x,PS,0.0
Row.115,control_10.1111/j.1467-9280.2008.02232.x,PS,0.0
Row.115,control_10.1111/j.1467-9280.2008.02233.x,PS,8.362455118714885e-18
Row.115,control_10.1111/j.1467-9280.2008.02234.x,PS,0.0
Row.115,control_10.1111/j.1467-9280.2008.02235.x,PS,0.0
Row.115,control_10.1111/j.1467-9280.2008.02236.x,PS,5.7791337039731136e-18
Row.115,control_10.1111/j.1467-9280.2008.02237.x,PS,5.952938633422032e-17
Row.115,control_10.1111/j.1467-9280.2008.02238.x,PS,1.177798644323051e-17
Row.115,control_10.1111/j.1467-9280.2008.02239.x,PS,2.0444441271875255e-18
Row.115,control_10.1111/j.1467-9280.2008.02240.x,PS,0.04124469605099119
Row.115,control_10.1111/j.1467-9280.2008.02241.x,PS,0.0
Row.116,control_10.1111/j.1467-9280.2008.02036.x,PS,7.883807808594669e-16
Row.116,control_10.1111/j.1467-9280.2008.02037.x,PS,4.416614266612689e-17
Row.116,control_10.1111/j.1467-9280.2008.02038.x,PS,0.09807110915163005
Row.116,control_10.1111/j.1467-9280.2008.02047.x,PS,0.0
Row.116,control_10.1111/j.1467-9280.2008.02048.x,PS,0.0
Row.116,control_10.1111/j.1467-9280.2008.02055.x,PS,0.0
Row.116,control_10.1111/j.1467-9280.2008.02058.x,PS,9.22391648084697e-17
Row.116,control_10.1111/j.1467-9280.2008.02059.x,PS,0.0
Row.116,control_10.1111/j.1467-9280.2008.02063.x,PS,0.0
Row.116,control_10.1111/j.1467-9280.2008.02065.x,PS,9.847981873999655e-17
Row.116,control_10.1111/j.1467-9280.2008.02067.x,PS,1.906217704383682e-17
Row.116,control_10.1111/j.1467-9280.2008.02068.x,PS,8.718527410539127e-17
Row.116,control_10.1111/j.1467-9280.2008.02071.x,PS,1.6431784869048654e-17
Row.116,control_10.1111/j.1467-9280.2008.02073.x,PS,1.8391686786317764e-17
Row.116,control_10.1111/j.1467-9280.2008.02074.x,PS,0.0
Row.116,control_10.1111/j.1467-9280.2008.02075.x,PS,0.0
Row.116,control_10.1111/j.1467-9280.2008.02079.x,PS,8.279468763605853e-17
Row.116,control_10.1111/j.1467-9280.2008.02083.x,PS,0.0
Row.116,control_10.1111/j.1467-9280.2008.02086.x,PS,0.0
Row.116,control_10.1111/j.1467-9280.2008.02087.x,PS,0.0
Row.116,control_10.1111/j.1467-9280.2008.02094.x,PS,0.0
Row.116,control_10.1111/j.1467-9280.2008.02096.x,PS,1.2781121896058654e-16
Row.116,control_10.1111/j.1467-9280.2008.02099.x,PS,1.0008822935088308e-16
Row.116,control_10.1111/j.1467-9280.2008.02102.x,PS,0.0
Row.116,control_10.1111/j.1467-9280.2008.02103.x,PS,2.1501220556498065e-17
Row.116,control_10.1111/j.1467-9280.2008.02104.x,PS,1.0777863231889899e-16
Row.116,control_10.1111/j.1467-9280.2008.02105.x,PS,4.2526942476296166e-17
Row.116,control_10.1111/j.1467-9280.2008.02106.x,PS,0.0
Row.116,control_10.1111/j.1467-9280.2008.02107.x,PS,5.129710306161518e-17
Row.116,control_10.1111/j.1467-9280.2008.02108.x,PS,0.0
Row.116,control_10.1111/j.1467-9280.2008.02109.x,PS,5.816877179360413e-17
Row.116,control_10.1111/j.1467-9280.2008.02110.x,PS,5.395239025984605e-17
Row.116,control_10.1111/j.1467-9280.2008.02111.x,PS,1.0803060241998816e-15
Row.116,control_10.1111/j.1467-9280.2008.02112.x,PS,0.11853495403458691
Row.116,control_10.1111/j.1467-9280.2008.02113.x,PS,0.0
Row.116,control_10.1111/j.1467-9280.2008.02114.x,PS,1.0660290938706594e-16
Row.116,control_10.1111/j.1467-9280.2008.02115.x,PS,2.2505587886362255e-16
Row.116,control_10.1111/j.1467-9280.2008.02116.x,PS,0.0
Row.116,control_10.1111/j.1467-9280.2008.02117.x,PS,0.0
Row.116,control_10.1111/j.1467-9280.2008.02118.x,PS,0.0
Row.116,control_10.1111/j.1467-9280.2008.02119.x,PS,7.461913095483382e-18
Row.116,control_10.1111/j.1467-9280.2008.02120.x,PS,4.222824886593897e-17
Row.116,control_10.1111/j.1467-9280.2008.02121.x,PS,0.0
Row.116,control_10.1111/j.1467-9280.2008.02122.x,PS,0.0
Row.116,control_10.1111/j.1467-9280.2008.02123.x,PS,0.0
Row.116,control_10.1111/j.1467-9280.2008.02125.x,PS,0.0
Row.116,control_10.1111/j.1467-9280.2008.02126.x,PS,1.0520929800880941e-16
Row.116,control_10.1111/j.1467-9280.2008.02127.x,PS,0.0
Row.116,control_10.1111/j.1467-9280.2008.02129.x,PS,0.0
Row.116,control_10.1111/j.1467-9280.2008.02130.x,PS,0.3145923527744358
Row.116,control_10.1111/j.1467-9280.2008.02131.x,PS,4.83468116098607e-17
Row.116,control_10.1111/j.1467-9280.2008.02132.x,PS,0.0
Row.116,control_10.1111/j.1467-9280.2008.02133.x,PS,2.3304829464762723e-17
Row.116,control_10.1111/j.1467-9280.2008.02134.x,PS,1.0794471422316652e-16
Row.116,control_10.1111/j.1467-9280.2008.02135.x,PS,0.0
Row.116,control_10.1111/j.1467-9280.2008.02137.x,PS,7.741056033127458e-18
Row.116,control_10.1111/j.1467-9280.2008.02138.x,PS,0.0
Row.116,control_10.1111/j.1467-9280.2008.02139.x,PS,1.0071941781450757e-17
Row.116,control_10.1111/j.1467-9280.2008.02140.x,PS,0.0
Row.116,control_10.1111/j.1467-9280.2008.02141.x,PS,0.0
Row.116,control_10.1111/j.1467-9280.2008.02142.x,PS,1.294799279198281e-16
Row.116,control_10.1111/j.1467-9280.2008.02143.x,PS,0.0
Row.116,control_10.1111/j.1467-9280.2008.02144.x,PS,1.1580692190595538e-16
Row.116,control_10.1111/j.1467-9280.2008.02145.x,PS,1.3322607787439837e-17
Row.116,control_10.1111/j.1467-9280.2008.02146.x,PS,0.0
Row.116,control_10.1111/j.1467-9280.2008.02147.x,PS,0.0
Row.116,control_10.1111/j.1467-9280.2008.02148.x,PS,1.302215146791131e-16
Row.116,control_10.1111/j.1467-9280.2008.02149.x,PS,1.0340279800863832e-16
Row.116,control_10.1111/j.1467-9280.2008.02150.x,PS,6.46851364671364e-17
Row.116,control_10.1111/j.1467-9280.2008.02151.x,PS,2.3734361553880594e-17
Row.116,control_10.1111/j.1467-9280.2008.02152.x,PS,0.0
Row.116,control_10.1111/j.1467-9280.2008.02153.x,PS,0.0
Row.116,control_10.1111/j.1467-9280.2008.02154.x,PS,0.0
Row.116,control_10.1111/j.1467-9280.2008.02155.x,PS,0.0
Row.116,control_10.1111/j.1467-9280.2008.02156.x,PS,1.1118015242147076e-17
Row.116,control_10.1111/j.1467-9280.2008.02158.x,PS,1.0758598089691008e-16
Row.116,control_10.1111/j.1467-9280.2008.02160.x,PS,0.0
Row.116,control_10.1111/j.1467-9280.2008.02161.x,PS,4.99791734308922e-17
Row.116,control_10.1111/j.1467-9280.2008.02162.x,PS,2.145359898420643e-16
Row.116,control_10.1111/j.1467-9280.2008.02163.x,PS,0.0
Row.116,control_10.1111/j.1467-9280.2008.02164.x,PS,9.124593296846757e-17
Row.116,control_10.1111/j.1467-9280.2008.02165.x,PS,1.4463378028501984e-16
Row.116,control_10.1111/j.1467-9280.2008.02166.x,PS,6.013884726001425e-17
Row.116,control_10.1111/j.1467-9280.2008.02167.x,PS,2.242348653227002e-17
Row.116,control_10.1111/j.1467-9280.2008.02168.x,PS,7.96956037665578e-18
Row.116,control_10.1111/j.1467-9280.2008.02169.x,PS,1.1810320502458399e-18
Row.116,control_10.1111/j.1467-9280.2008.02170.x,PS,0.0
Row.116,control_10.1111/j.1467-9280.2008.02171.x,PS,0.0
Row.116,control_10.1111/j.1467-9280.2008.02173.x,PS,0.0
Row.116,control_10.1111/j.1467-9280.2008.02174.x,PS,0.0
Row.116,control_10.1111/j.1467-9280.2008.02175.x,PS,2.219674557818517e-17
Row.116,control_10.1111/j.1467-9280.2008.02176.x,PS,0.0
Row.116,control_10.1111/j.1467-9280.2008.02177.x,PS,0.0
Row.116,control_10.1111/j.1467-9280.2008.02178.x,PS,8.512043079995727e-17
Row.116,control_10.1111/j.1467-9280.2008.02179.x,PS,4.733671401395109e-17
Row.116,control_10.1111/j.1467-9280.2008.02180.x,PS,0.0
Row.116,control_10.1111/j.1467-9280.2008.02182.x,PS,1.16460486001299e-17
Row.116,control_10.1111/j.1467-9280.2008.02183.x,PS,1.3730560751460781e-16
Row.116,control_10.1111/j.1467-9280.2008.02184.x,PS,3.2878836930610383e-17
Row.116,control_10.1111/j.1467-9280.2008.02185.x,PS,0.0
Row.116,control_10.1111/j.1467-9280.2008.02186.x,PS,3.280531060985636e-17
Row.116,control_10.1111/j.1467-9280.2008.02188.x,PS,0.0
Row.116,control_10.1111/j.1467-9280.2008.02189.x,PS,2.736421479171574e-17
Row.116,control_10.1111/j.1467-9280.2008.02190.x,PS,0.0
Row.116,control_10.1111/j.1467-9280.2008.02191.x,PS,9.768363783150852e-17
Row.116,control_10.1111/j.1467-9280.2008.02192.x,PS,2.2911602830785787e-17
Row.116,control_10.1111/j.1467-9280.2008.02193.x,PS,0.21080902251740444
Row.116,control_10.1111/j.1467-9280.2008.02194.x,PS,0.0
Row.116,control_10.1111/j.1467-9280.2008.02195.x,PS,0.0
Row.116,control_10.1111/j.1467-9280.2008.02196.x,PS,1.8384828011851798e-16
Row.116,control_10.1111/j.1467-9280.2008.02197.x,PS,0.0
Row.116,control_10.1111/j.1467-9280.2008.02198.x,PS,0.0
Row.116,control_10.1111/j.1467-9280.2008.02200.x,PS,2.7236863930714274e-18
Row.116,control_10.1111/j.1467-9280.2008.02201.x,PS,0.0
Row.116,control_10.1111/j.1467-9280.2008.02202.x,PS,5.279895911906201e-18
Row.116,control_10.1111/j.1467-9280.2008.02203.x,PS,9.577721706694457e-18
Row.116,control_10.1111/j.1467-9280.2008.02204.x,PS,0.0
Row.116,control_10.1111/j.1467-9280.2008.02205.x,PS,1.0352889294520555e-17
Row.116,control_10.1111/j.1467-9280.2008.02206.x,PS,0.25799256152193595
Row.116,control_10.1111/j.1467-9280.2008.02207.x,PS,3.5761132154899226e-17
Row.116,control_10.1111/j.1467-9280.2008.02208.x,PS,0.0
Row.116,control_10.1111/j.1467-9280.2008.02209.x,PS,2.055727019666738e-16
Row.116,control_10.1111/j.1467-9280.2008.02210.x,PS,5.4036546270244486e-17
Row.116,control_10.1111/j.1467-9280.2008.02211.x,PS,8.172705181818152e-17
Row.116,control_10.1111/j.1467-9280.2008.02212.x,PS,0.0
Row.116,control_10.1111/j.1467-9280.2008.02213.x,PS,5.914481909779603e-17
Row.116,control_10.1111/j.1467-9280.2008.02214.x,PS,1.4877060413847275e-17
Row.116,control_10.1111/j.1467-9280.2008.02215.x,PS,6.840831991870572e-17
Row.116,control_10.1111/j.1467-9280.2008.02216.x,PS,0.0
Row.116,control_10.1111/j.1467-9280.2008.02217.x,PS,1.261146345311384e-16
Row.116,control_10.1111/j.1467-9280.2008.02218.x,PS,0.0
Row.116,control_10.1111/j.1467-9280.2008.02219.x,PS,2.1930927344994532e-17
Row.116,control_10.1111/j.1467-9280.2008.02220.x,PS,0.0
Row.116,control_10.1111/j.1467-9280.2008.02221.x,PS,6.485165451604559e-17
Row.116,control_10.1111/j.1467-9280.2008.02222.x,PS,0.0
Row.116,control_10.1111/j.1467-9280.2008.02223.x,PS,2.912102609156656e-17
Row.116,control_10.1111/j.1467-9280.2008.02224.x,PS,0.0
Row.116,control_10.1111/j.1467-9280.2008.02225.x,PS,0.0
Row.116,control_10.1111/j.1467-9280.2008.02226.x,PS,1.3375135743936757e-16
Row.116,control_10.1111/j.1467-9280.2008.02228.x,PS,3.800078050665338e-17
Row.116,control_10.1111/j.1467-9280.2008.02229.x,PS,6.524009521962739e-17
Row.116,control_10.1111/j.1467-9280.2008.02230.x,PS,4.343755740314095e-18
Row.116,control_10.1111/j.1467-9280.2008.02231.x,PS,0.0
Row.116,control_10.1111/j.1467-9280.2008.02232.x,PS,0.0
Row.116,control_10.1111/j.1467-9280.2008.02233.x,PS,0.0
Row.116,control_10.1111/j.1467-9280.2008.02234.x,PS,0.0
Row.116,control_10.1111/j.1467-9280.2008.02235.x,PS,1.0313949959839936e-16
Row.116,control_10.1111/j.1467-9280.2008.02236.x,PS,6.118619788674222e-18
Row.116,control_10.1111/j.1467-9280.2008.02237.x,PS,0.0
Row.116,control_10.1111/j.1467-9280.2008.02238.x,PS,0.0
Row.116,control_10.1111/j.1467-9280.2008.02239.x,PS,2.130944220409704e-17
Row.116,control_10.1111/j.1467-9280.2008.02240.x,PS,0.0
Row.116,control_10.1111/j.1467-9280.2008.02241.x,PS,0.0
Row.117,control_10.1111/j.1467-9280.2008.02036.x,PS,0.0
Row.117,control_10.1111/j.1467-9280.2008.02037.x,PS,0.0
Row.117,control_10.1111/j.1467-9280.2008.02038.x,PS,6.987511885104774e-06
Row.117,control_10.1111/j.1467-9280.2008.02047.x,PS,3.863988566073394e-21
Row.117,control_10.1111/j.1467-9280.2008.02048.x,PS,0.00022215275804455807
Row.117,control_10.1111/j.1467-9280.2008.02055.x,PS,0.0
Row.117,control_10.1111/j.1467-9280.2008.02058.x,PS,0.053586902060490445
Row.117,control_10.1111/j.1467-9280.2008.02059.x,PS,5.94796205150484e-21
Row.117,control_10.1111/j.1467-9280.2008.02063.x,PS,0.0
Row.117,control_10.1111/j.1467-9280.2008.02065.x,PS,0.014871089735865546
Row.117,control_10.1111/j.1467-9280.2008.02067.x,PS,0.0
Row.117,control_10.1111/j.1467-9280.2008.02068.x,PS,0.0
Row.117,control_10.1111/j.1467-9280.2008.02071.x,PS,0.013996614019686798
Row.117,control_10.1111/j.1467-9280.2008.02073.x,PS,6.7392449373563274e-21
Row.117,control_10.1111/j.1467-9280.2008.02074.x,PS,3.6677758257388286e-21
Row.117,control_10.1111/j.1467-9280.2008.02075.x,PS,8.566088197696877e-22
Row.117,control_10.1111/j.1467-9280.2008.02079.x,PS,4.047713427985123e-21
Row.117,control_10.1111/j.1467-9280.2008.02083.x,PS,4.069146273228652e-06
Row.117,control_10.1111/j.1467-9280.2008.02086.x,PS,8.671671872033982e-07
Row.117,control_10.1111/j.1467-9280.2008.02087.x,PS,0.0
Row.117,control_10.1111/j.1467-9280.2008.02094.x,PS,0.0
Row.117,control_10.1111/j.1467-9280.2008.02096.x,PS,0.0
Row.117,control_10.1111/j.1467-9280.2008.02099.x,PS,0.0
Row.117,control_10.1111/j.1467-9280.2008.02102.x,PS,0.0
Row.117,control_10.1111/j.1467-9280.2008.02103.x,PS,0.0
Row.117,control_10.1111/j.1467-9280.2008.02104.x,PS,1.479027907188568e-21
Row.117,control_10.1111/j.1467-9280.2008.02105.x,PS,0.0
Row.117,control_10.1111/j.1467-9280.2008.02106.x,PS,5.124443139132506e-21
Row.117,control_10.1111/j.1467-9280.2008.02107.x,PS,0.0
Row.117,control_10.1111/j.1467-9280.2008.02108.x,PS,0.002039719838532638
Row.117,control_10.1111/j.1467-9280.2008.02109.x,PS,0.0002107035157168968
Row.117,control_10.1111/j.1467-9280.2008.02110.x,PS,0.0
Row.117,control_10.1111/j.1467-9280.2008.02111.x,PS,1.972488368658268e-21
Row.117,control_10.1111/j.1467-9280.2008.02112.x,PS,1.2197686105345353e-20
Row.117,control_10.1111/j.1467-9280.2008.02113.x,PS,3.183968377691467e-21
Row.117,control_10.1111/j.1467-9280.2008.02114.x,PS,3.2745562829154123e-21
Row.117,control_10.1111/j.1467-9280.2008.02115.x,PS,0.0
Row.117,control_10.1111/j.1467-9280.2008.02116.x,PS,0.0
Row.117,control_10.1111/j.1467-9280.2008.02117.x,PS,0.0
Row.117,control_10.1111/j.1467-9280.2008.02118.x,PS,0.0
Row.117,control_10.1111/j.1467-9280.2008.02119.x,PS,0.0
Row.117,control_10.1111/j.1467-9280.2008.02120.x,PS,0.010906995745590951
Row.117,control_10.1111/j.1467-9280.2008.02121.x,PS,0.021514598595562616
Row.117,control_10.1111/j.1467-9280.2008.02122.x,PS,0.0
Row.117,control_10.1111/j.1467-9280.2008.02123.x,PS,1.0085979305290236e-20
Row.117,control_10.1111/j.1467-9280.2008.02125.x,PS,0.004417675727764342
Row.117,control_10.1111/j.1467-9280.2008.02126.x,PS,0.0
Row.117,control_10.1111/j.1467-9280.2008.02127.x,PS,8.526605918019135e-22
Row.117,control_10.1111/j.1467-9280.2008.02129.x,PS,0.0
Row.117,control_10.1111/j.1467-9280.2008.02130.x,PS,0.0
Row.117,control_10.1111/j.1467-9280.2008.02131.x,PS,2.3777789252269185e-05
Row.117,control_10.1111/j.1467-9280.2008.02132.x,PS,0.06953160783543405
Row.117,control_10.1111/j.1467-9280.2008.02133.x,PS,3.7742485423956275e-21
Row.117,control_10.1111/j.1467-9280.2008.02134.x,PS,0.03599878118290033
Row.117,control_10.1111/j.1467-9280.2008.02135.x,PS,0.0
Row.117,control_10.1111/j.1467-9280.2008.02137.x,PS,0.0
Row.117,control_10.1111/j.1467-9280.2008.02138.x,PS,0.014853095656823455
Row.117,control_10.1111/j.1467-9280.2008.02139.x,PS,1.8727951764249303e-21
Row.117,control_10.1111/j.1467-9280.2008.02140.x,PS,0.0
Row.117,control_10.1111/j.1467-9280.2008.02141.x,PS,0.061607237994210716
Row.117,control_10.1111/j.1467-9280.2008.02142.x,PS,0.0
Row.117,control_10.1111/j.1467-9280.2008.02143.x,PS,0.0
Row.117,control_10.1111/j.1467-9280.2008.02144.x,PS,0.005389012473517754
Row.117,control_10.1111/j.1467-9280.2008.02145.x,PS,0.0
Row.117,control_10.1111/j.1467-9280.2008.02146.x,PS,0.0054363693951175905
Row.117,control_10.1111/j.1467-9280.2008.02147.x,PS,8.609910234859434e-21
Row.117,control_10.1111/j.1467-9280.2008.02148.x,PS,0.0
Row.117,control_10.1111/j.1467-9280.2008.02149.x,PS,0.0
Row.117,control_10.1111/j.1467-9280.2008.02150.x,PS,4.973826534639289e-21
Row.117,control_10.1111/j.1467-9280.2008.02151.x,PS,0.12703646010956354
Row.117,control_10.1111/j.1467-9280.2008.02152.x,PS,2.6162775218386946e-21
Row.117,control_10.1111/j.1467-9280.2008.02153.x,PS,1.9043783095860114e-21
Row.117,control_10.1111/j.1467-9280.2008.02154.x,PS,0.0
Row.117,control_10.1111/j.1467-9280.2008.02155.x,PS,0.0
Row.117,control_10.1111/j.1467-9280.2008.02156.x,PS,2.326257624977845e-21
Row.117,control_10.1111/j.1467-9280.2008.02158.x,PS,4.0643138608005555e-21
Row.117,control_10.1111/j.1467-9280.2008.02160.x,PS,0.019029995512215906
Row.117,control_10.1111/j.1467-9280.2008.02161.x,PS,0.0
Row.117,control_10.1111/j.1467-9280.2008.02162.x,PS,4.687721633555018e-21
Row.117,control_10.1111/j.1467-9280.2008.02163.x,PS,1.6210371350020673e-21
Row.117,control_10.1111/j.1467-9280.2008.02164.x,PS,0.08805100118559847
Row.117,control_10.1111/j.1467-9280.2008.02165.x,PS,5.7845115077111426e-21
Row.117,control_10.1111/j.1467-9280.2008.02166.x,PS,1.8484423899007177e-21
Row.117,control_10.1111/j.1467-9280.2008.02167.x,PS,0.0
Row.117,control_10.1111/j.1467-9280.2008.02168.x,PS,2.228009314564047e-21
Row.117,control_10.1111/j.1467-9280.2008.02169.x,PS,0.0
Row.117,control_10.1111/j.1467-9280.2008.02170.x,PS,9.713849296074037e-22
Row.117,control_10.1111/j.1467-9280.2008.02171.x,PS,0.0
Row.117,control_10.1111/j.1467-9280.2008.02173.x,PS,2.0975952330708173e-21
Row.117,control_10.1111/j.1467-9280.2008.02174.x,PS,1.8645724635463606e-21
Row.117,control_10.1111/j.1467-9280.2008.02175.x,PS,0.0
Row.117,control_10.1111/j.1467-9280.2008.02176.x,PS,0.0
Row.117,control_10.1111/j.1467-9280.2008.02177.x,PS,0.0
Row.117,control_10.1111/j.1467-9280.2008.02178.x,PS,2.5428800623286608e-06
Row.117,control_10.1111/j.1467-9280.2008.02179.x,PS,1.916350914634124e-21
Row.117,control_10.1111/j.1467-9280.2008.02180.x,PS,8.149710507058018e-22
Row.117,control_10.1111/j.1467-9280.2008.02182.x,PS,0.0
Row.117,control_10.1111/j.1467-9280.2008.02183.x,PS,0.0
Row.117,control_10.1111/j.1467-9280.2008.02184.x,PS,0.03708839334701159
Row.117,control_10.1111/j.1467-9280.2008.02185.x,PS,1.2028096679223927e-21
Row.117,control_10.1111/j.1467-9280.2008.02186.x,PS,0.0
Row.117,control_10.1111/j.1467-9280.2008.02188.x,PS,6.962642275991662e-22
Row.117,control_10.1111/j.1467-9280.2008.02189.x,PS,2.1193325530712545e-21
Row.117,control_10.1111/j.1467-9280.2008.02190.x,PS,0.009068729657771774
Row.117,control_10.1111/j.1467-9280.2008.02191.x,PS,0.0
Row.117,control_10.1111/j.1467-9280.2008.02192.x,PS,2.6813125320813806e-06
Row.117,control_10.1111/j.1467-9280.2008.02193.x,PS,0.0
Row.117,control_10.1111/j.1467-9280.2008.02194.x,PS,2.521839468052269e-21
Row.117,control_10.1111/j.1467-9280.2008.02195.x,PS,0.07741203092415495
Row.117,control_10.1111/j.1467-9280.2008.02196.x,PS,4.628835157952954e-22
Row.117,control_10.1111/j.1467-9280.2008.02197.x,PS,0.0
Row.117,control_10.1111/j.1467-9280.2008.02198.x,PS,0.019940917738453547
Row.117,control_10.1111/j.1467-9280.2008.02200.x,PS,0.018597220220170754
Row.117,control_10.1111/j.1467-9280.2008.02201.x,PS,1.347325464699155e-05
Row.117,control_10.1111/j.1467-9280.2008.02202.x,PS,0.0
Row.117,control_10.1111/j.1467-9280.2008.02203.x,PS,0.0
Row.117,control_10.1111/j.1467-9280.2008.02204.x,PS,2.704983976329553e-21
Row.117,control_10.1111/j.1467-9280.2008.02205.x,PS,0.0065949260108070585
Row.117,control_10.1111/j.1467-9280.2008.02206.x,PS,8.785161967315021e-21
Row.117,control_10.1111/j.1467-9280.2008.02207.x,PS,1.5627435646059388e-21
Row.117,control_10.1111/j.1467-9280.2008.02208.x,PS,1.7974351846792428e-22
Row.117,control_10.1111/j.1467-9280.2008.02209.x,PS,3.87541845051297e-21
Row.117,control_10.1111/j.1467-9280.2008.02210.x,PS,1.230456778065252e-22
Row.117,control_10.1111/j.1467-9280.2008.02211.x,PS,0.0
Row.117,control_10.1111/j.1467-9280.2008.02212.x,PS,0.0
Row.117,control_10.1111/j.1467-9280.2008.02213.x,PS,3.3676335328529956e-21
Row.117,control_10.1111/j.1467-9280.2008.02214.x,PS,7.433717238841285e-21
Row.117,control_10.1111/j.1467-9280.2008.02215.x,PS,7.135297994376466e-22
Row.117,control_10.1111/j.1467-9280.2008.02216.x,PS,0.0
Row.117,control_10.1111/j.1467-9280.2008.02217.x,PS,5.054951777057827e-06
Row.117,control_10.1111/j.1467-9280.2008.02218.x,PS,1.0328719023829305e-21
Row.117,control_10.1111/j.1467-9280.2008.02219.x,PS,0.00023870804222680925
Row.117,control_10.1111/j.1467-9280.2008.02220.x,PS,0.0
Row.117,control_10.1111/j.1467-9280.2008.02221.x,PS,3.8389151528234925e-21
Row.117,control_10.1111/j.1467-9280.2008.02222.x,PS,0.02192208710917531
Row.117,control_10.1111/j.1467-9280.2008.02223.x,PS,0.0
Row.117,control_10.1111/j.1467-9280.2008.02224.x,PS,0.0
Row.117,control_10.1111/j.1467-9280.2008.02225.x,PS,1.5283738154277814e-20
Row.117,control_10.1111/j.1467-9280.2008.02226.x,PS,0.10442356123015317
Row.117,control_10.1111/j.1467-9280.2008.02228.x,PS,1.8472072324994402e-21
Row.117,control_10.1111/j.1467-9280.2008.02229.x,PS,0.0347484980542468
Row.117,control_10.1111/j.1467-9280.2008.02230.x,PS,1.9706424339193153e-22
Row.117,control_10.1111/j.1467-9280.2008.02231.x,PS,0.029519196518921854
Row.117,control_10.1111/j.1467-9280.2008.02232.x,PS,0.03368702053192034
Row.117,control_10.1111/j.1467-9280.2008.02233.x,PS,1.0850931933286502e-21
Row.117,control_10.1111/j.1467-9280.2008.02234.x,PS,0.04495359934062731
Row.117,control_10.1111/j.1467-9280.2008.02235.x,PS,0.0
Row.117,control_10.1111/j.1467-9280.2008.02236.x,PS,1.152885981845383e-07
Row.117,control_10.1111/j.1467-9280.2008.02237.x,PS,0.0
Row.117,control_10.1111/j.1467-9280.2008.02238.x,PS,9.012252661748882e-06
Row.117,control_10.1111/j.1467-9280.2008.02239.x,PS,0.013036516376845953
Row.117,control_10.1111/j.1467-9280.2008.02240.x,PS,7.961122237466565e-22
Row.117,control_10.1111/j.1467-9280.2008.02241.x,PS,0.0
Row.118,control_10.1111/j.1467-9280.2008.02036.x,PS,0.0
Row.118,control_10.1111/j.1467-9280.2008.02037.x,PS,2.178158474944231e-17
Row.118,control_10.1111/j.1467-9280.2008.02038.x,PS,0.35044049760625706
Row.118,control_10.1111/j.1467-9280.2008.02047.x,PS,0.0
Row.118,control_10.1111/j.1467-9280.2008.02048.x,PS,0.0
Row.118,control_10.1111/j.1467-9280.2008.02055.x,PS,0.0
Row.118,control_10.1111/j.1467-9280.2008.02058.x,PS,6.52282314680083e-17
Row.118,control_10.1111/j.1467-9280.2008.02059.x,PS,0.0
Row.118,control_10.1111/j.1467-9280.2008.02063.x,PS,0.0
Row.118,control_10.1111/j.1467-9280.2008.02065.x,PS,1.7594509413735608e-17
Row.118,control_10.1111/j.1467-9280.2008.02067.x,PS,0.0
Row.118,control_10.1111/j.1467-9280.2008.02068.x,PS,0.0
Row.118,control_10.1111/j.1467-9280.2008.02071.x,PS,0.0
Row.118,control_10.1111/j.1467-9280.2008.02073.x,PS,0.0
Row.118,control_10.1111/j.1467-9280.2008.02074.x,PS,0.0
Row.118,control_10.1111/j.1467-9280.2008.02075.x,PS,3.459436056965432e-17
Row.118,control_10.1111/j.1467-9280.2008.02079.x,PS,1.325930468003582e-16
Row.118,control_10.1111/j.1467-9280.2008.02083.x,PS,0.0
Row.118,control_10.1111/j.1467-9280.2008.02086.x,PS,3.118813190071717e-17
Row.118,control_10.1111/j.1467-9280.2008.02087.x,PS,0.0
Row.118,control_10.1111/j.1467-9280.2008.02094.x,PS,3.929641302704831e-18
Row.118,control_10.1111/j.1467-9280.2008.02096.x,PS,0.0
Row.118,control_10.1111/j.1467-9280.2008.02099.x,PS,0.0
Row.118,control_10.1111/j.1467-9280.2008.02102.x,PS,0.0
Row.118,control_10.1111/j.1467-9280.2008.02103.x,PS,0.0
Row.118,control_10.1111/j.1467-9280.2008.02104.x,PS,0.0
Row.118,control_10.1111/j.1467-9280.2008.02105.x,PS,6.108252430734853e-18
Row.118,control_10.1111/j.1467-9280.2008.02106.x,PS,0.0
Row.118,control_10.1111/j.1467-9280.2008.02107.x,PS,0.0
Row.118,control_10.1111/j.1467-9280.2008.02108.x,PS,4.4139396171256556e-17
Row.118,control_10.1111/j.1467-9280.2008.02109.x,PS,8.385039880931945e-17
Row.118,control_10.1111/j.1467-9280.2008.02110.x,PS,0.0
Row.118,control_10.1111/j.1467-9280.2008.02111.x,PS,0.0
Row.118,control_10.1111/j.1467-9280.2008.02112.x,PS,0.0
Row.118,control_10.1111/j.1467-9280.2008.02113.x,PS,2.4728680624871718e-17
Row.118,control_10.1111/j.1467-9280.2008.02114.x,PS,0.0
Row.118,control_10.1111/j.1467-9280.2008.02115.x,PS,4.050849321977836e-17
Row.118,control_10.1111/j.1467-9280.2008.02116.x,PS,0.0
Row.118,control_10.1111/j.1467-9280.2008.02117.x,PS,0.12767427075065116
Row.118,control_10.1111/j.1467-9280.2008.02118.x,PS,2.8602808879780245e-17
Row.118,control_10.1111/j.1467-9280.2008.02119.x,PS,0.0
Row.118,control_10.1111/j.1467-9280.2008.02120.x,PS,0.0
Row.118,control_10.1111/j.1467-9280.2008.02121.x,PS,2.6288376865798773e-17
Row.118,control_10.1111/j.1467-9280.2008.02122.x,PS,0.0
Row.118,control_10.1111/j.1467-9280.2008.02123.x,PS,0.0
Row.118,control_10.1111/j.1467-9280.2008.02125.x,PS,1.2667870109388963e-16
Row.118,control_10.1111/j.1467-9280.2008.02126.x,PS,3.1316741769754786e-17
Row.118,control_10.1111/j.1467-9280.2008.02127.x,PS,1.929080119299658e-17
Row.118,control_10.1111/j.1467-9280.2008.02129.x,PS,2.055945269909638e-17
Row.118,control_10.1111/j.1467-9280.2008.02130.x,PS,0.0
Row.118,control_10.1111/j.1467-9280.2008.02131.x,PS,3.7384536176418876e-17
Row.118,control_10.1111/j.1467-9280.2008.02132.x,PS,1.79333976781831e-18
Row.118,control_10.1111/j.1467-9280.2008.02133.x,PS,0.0
Row.118,control_10.1111/j.1467-9280.2008.02134.x,PS,3.896681275556083e-17
Row.118,control_10.1111/j.1467-9280.2008.02135.x,PS,0.0
Row.118,control_10.1111/j.1467-9280.2008.02137.x,PS,2.908008936610891e-17
Row.118,control_10.1111/j.1467-9280.2008.02138.x,PS,0.0
Row.118,control_10.1111/j.1467-9280.2008.02139.x,PS,7.815139374290124e-17
Row.118,control_10.1111/j.1467-9280.2008.02140.x,PS,0.0
Row.118,control_10.1111/j.1467-9280.2008.02141.x,PS,2.498743525646046e-17
Row.118,control_10.1111/j.1467-9280.2008.02142.x,PS,5.838306234467608e-17
Row.118,control_10.1111/j.1467-9280.2008.02143.x,PS,2.447203922886527e-17
Row.118,control_10.1111/j.1467-9280.2008.02144.x,PS,0.0
Row.118,control_10.1111/j.1467-9280.2008.02145.x,PS,0.0
Row.118,control_10.1111/j.1467-9280.2008.02146.x,PS,0.0
Row.118,control_10.1111/j.1467-9280.2008.02147.x,PS,0.0
Row.118,control_10.1111/j.1467-9280.2008.02148.x,PS,0.04721674381915945
Row.118,control_10.1111/j.1467-9280.2008.02149.x,PS,0.0
Row.118,control_10.1111/j.1467-9280.2008.02150.x,PS,0.0
Row.118,control_10.1111/j.1467-9280.2008.02151.x,PS,0.0
Row.118,control_10.1111/j.1467-9280.2008.02152.x,PS,0.0
Row.118,control_10.1111/j.1467-9280.2008.02153.x,PS,1.5124047967406004e-17
Row.118,control_10.1111/j.1467-9280.2008.02154.x,PS,0.0
Row.118,control_10.1111/j.1467-9280.2008.02155.x,PS,0.0
Row.118,control_10.1111/j.1467-9280.2008.02156.x,PS,3.3026786499331066e-17
Row.118,control_10.1111/j.1467-9280.2008.02158.x,PS,0.0
Row.118,control_10.1111/j.1467-9280.2008.02160.x,PS,1.6453042978404263e-17
Row.118,control_10.1111/j.1467-9280.2008.02161.x,PS,0.0
Row.118,control_10.1111/j.1467-9280.2008.02162.x,PS,2.058165397449704e-17
Row.118,control_10.1111/j.1467-9280.2008.02163.x,PS,0.0
Row.118,control_10.1111/j.1467-9280.2008.02164.x,PS,3.4678617351913964e-17
Row.118,control_10.1111/j.1467-9280.2008.02165.x,PS,0.0
Row.118,control_10.1111/j.1467-9280.2008.02166.x,PS,2.6038051358652638e-17
Row.118,control_10.1111/j.1467-9280.2008.02167.x,PS,8.21812010055877e-18
Row.118,control_10.1111/j.1467-9280.2008.02168.x,PS,0.0
Row.118,control_10.1111/j.1467-9280.2008.02169.x,PS,5.3842021691033535e-17
Row.118,control_10.1111/j.1467-9280.2008.02170.x,PS,0.0
Row.118,control_10.1111/j.1467-9280.2008.02171.x,PS,7.570608228767496e-17
Row.118,control_10.1111/j.1467-9280.2008.02173.x,PS,0.0
Row.118,control_10.1111/j.1467-9280.2008.02174.x,PS,1.1754727391649327e-17
Row.118,control_10.1111/j.1467-9280.2008.02175.x,PS,0.0
Row.118,control_10.1111/j.1467-9280.2008.02176.x,PS,0.0
Row.118,control_10.1111/j.1467-9280.2008.02177.x,PS,0.0
Row.118,control_10.1111/j.1467-9280.2008.02178.x,PS,8.884787795346142e-18
Row.118,control_10.1111/j.1467-9280.2008.02179.x,PS,0.0
Row.118,control_10.1111/j.1467-9280.2008.02180.x,PS,0.0
Row.118,control_10.1111/j.1467-9280.2008.02182.x,PS,2.2863693388375185e-17
Row.118,control_10.1111/j.1467-9280.2008.02183.x,PS,0.0
Row.118,control_10.1111/j.1467-9280.2008.02184.x,PS,0.0
Row.118,control_10.1111/j.1467-9280.2008.02185.x,PS,0.0
Row.118,control_10.1111/j.1467-9280.2008.02186.x,PS,0.0
Row.118,control_10.1111/j.1467-9280.2008.02188.x,PS,0.0
Row.118,control_10.1111/j.1467-9280.2008.02189.x,PS,1.289117373383943e-17
Row.118,control_10.1111/j.1467-9280.2008.02190.x,PS,4.6050073523490495e-17
Row.118,control_10.1111/j.1467-9280.2008.02191.x,PS,8.037580823249132e-18
Row.118,control_10.1111/j.1467-9280.2008.02192.x,PS,3.241255657072385e-17
Row.118,control_10.1111/j.1467-9280.2008.02193.x,PS,1.4961133337085174e-17
Row.118,control_10.1111/j.1467-9280.2008.02194.x,PS,4.826651567383736e-18
Row.118,control_10.1111/j.1467-9280.2008.02195.x,PS,0.0
Row.118,control_10.1111/j.1467-9280.2008.02196.x,PS,9.418234670448498e-18
Row.118,control_10.1111/j.1467-9280.2008.02197.x,PS,1.375364188024356e-17
Row.118,control_10.1111/j.1467-9280.2008.02198.x,PS,8.042221181051768e-18
Row.118,control_10.1111/j.1467-9280.2008.02200.x,PS,0.0
Row.118,control_10.1111/j.1467-9280.2008.02201.x,PS,0.33794504473000647
Row.118,control_10.1111/j.1467-9280.2008.02202.x,PS,0.0
Row.118,control_10.1111/j.1467-9280.2008.02203.x,PS,3.963813468568828e-17
Row.118,control_10.1111/j.1467-9280.2008.02204.x,PS,3.063212989903032e-17
Row.118,control_10.1111/j.1467-9280.2008.02205.x,PS,8.845176741145998e-18
Row.118,control_10.1111/j.1467-9280.2008.02206.x,PS,7.678675981793687e-17
Row.118,control_10.1111/j.1467-9280.2008.02207.x,PS,4.2592474093759165e-17
Row.118,control_10.1111/j.1467-9280.2008.02208.x,PS,2.2736692771229562e-18
Row.118,control_10.1111/j.1467-9280.2008.02209.x,PS,0.0
Row.118,control_10.1111/j.1467-9280.2008.02210.x,PS,0.0
Row.118,control_10.1111/j.1467-9280.2008.02211.x,PS,0.0
Row.118,control_10.1111/j.1467-9280.2008.02212.x,PS,1.2533660851262962e-17
Row.118,control_10.1111/j.1467-9280.2008.02213.x,PS,0.0
Row.118,control_10.1111/j.1467-9280.2008.02214.x,PS,6.752092182003952e-17
Row.118,control_10.1111/j.1467-9280.2008.02215.x,PS,1.0034318061919296e-17
Row.118,control_10.1111/j.1467-9280.2008.02216.x,PS,0.0
Row.118,control_10.1111/j.1467-9280.2008.02217.x,PS,1.353412165107445e-17
Row.118,control_10.1111/j.1467-9280.2008.02218.x,PS,1.4374339835409304e-17
Row.118,control_10.1111/j.1467-9280.2008.02219.x,PS,0.0
Row.118,control_10.1111/j.1467-9280.2008.02220.x,PS,1.935562210382509e-17
Row.118,control_10.1111/j.1467-9280.2008.02221.x,PS,2.4917833183255407e-17
Row.118,control_10.1111/j.1467-9280.2008.02222.x,PS,0.0
Row.118,control_10.1111/j.1467-9280.2008.02223.x,PS,0.0
Row.118,control_10.1111/j.1467-9280.2008.02224.x,PS,3.075790820334311e-17
Row.118,control_10.1111/j.1467-9280.2008.02225.x,PS,0.1367234430939238
Row.118,control_10.1111/j.1467-9280.2008.02226.x,PS,0.0
Row.118,control_10.1111/j.1467-9280.2008.02228.x,PS,9.961113173346405e-20
Row.118,control_10.1111/j.1467-9280.2008.02229.x,PS,1.786826234280376e-18
Row.118,control_10.1111/j.1467-9280.2008.02230.x,PS,1.752407043903304e-17
Row.118,control_10.1111/j.1467-9280.2008.02231.x,PS,0.0
Row.118,control_10.1111/j.1467-9280.2008.02232.x,PS,9.660894306113181e-18
Row.118,control_10.1111/j.1467-9280.2008.02233.x,PS,0.0
Row.118,control_10.1111/j.1467-9280.2008.02234.x,PS,0.0
Row.118,control_10.1111/j.1467-9280.2008.02235.x,PS,0.0
Row.118,control_10.1111/j.1467-9280.2008.02236.x,PS,5.19950616653163e-17
Row.118,control_10.1111/j.1467-9280.2008.02237.x,PS,2.6913089481526788e-17
Row.118,control_10.1111/j.1467-9280.2008.02238.x,PS,0.0
Row.118,control_10.1111/j.1467-9280.2008.02239.x,PS,3.743640953309717e-18
Row.118,control_10.1111/j.1467-9280.2008.02240.x,PS,2.924431371504429e-17
Row.118,control_10.1111/j.1467-9280.2008.02241.x,PS,1.9732866293443813e-18
Row.120,control_10.1111/j.1467-9280.2008.02036.x,PS,0.014185986789449979
Row.120,control_10.1111/j.1467-9280.2008.02037.x,PS,0.0015547000611887542
Row.120,control_10.1111/j.1467-9280.2008.02038.x,PS,0.002806645983676042
Row.120,control_10.1111/j.1467-9280.2008.02047.x,PS,0.0014866628785825088
Row.120,control_10.1111/j.1467-9280.2008.02048.x,PS,0.0014239882459103565
Row.120,control_10.1111/j.1467-9280.2008.02055.x,PS,0.0014774652361102447
Row.120,control_10.1111/j.1467-9280.2008.02058.x,PS,0.0015111083653962304
Row.120,control_10.1111/j.1467-9280.2008.02059.x,PS,0.007348124312470764
Row.120,control_10.1111/j.1467-9280.2008.02063.x,PS,0.0015957860945454917
Row.120,control_10.1111/j.1467-9280.2008.02065.x,PS,0.001651115096972227
Row.120,control_10.1111/j.1467-9280.2008.02067.x,PS,0.001318307024887914
Row.120,control_10.1111/j.1467-9280.2008.02068.x,PS,0.04373156280118394
Row.120,control_10.1111/j.1467-9280.2008.02071.x,PS,0.0017986946834483725
Row.120,control_10.1111/j.1467-9280.2008.02073.x,PS,0.01926774859134662
Row.120,control_10.1111/j.1467-9280.2008.02074.x,PS,0.0037163130011731464
Row.120,control_10.1111/j.1467-9280.2008.02075.x,PS,0.0015137207213630408
Row.120,control_10.1111/j.1467-9280.2008.02079.x,PS,0.004758402615278276
Row.120,control_10.1111/j.1467-9280.2008.02083.x,PS,0.0014379940945741015
Row.120,control_10.1111/j.1467-9280.2008.02086.x,PS,0.0028263264902612696
Row.120,control_10.1111/j.1467-9280.2008.02087.x,PS,0.0016736713390539675
Row.120,control_10.1111/j.1467-9280.2008.02094.x,PS,0.002051237366936649
Row.120,control_10.1111/j.1467-9280.2008.02096.x,PS,0.0015435085683090802
Row.120,control_10.1111/j.1467-9280.2008.02099.x,PS,0.002015324619861038
Row.120,control_10.1111/j.1467-9280.2008.02102.x,PS,0.0017665384503098768
Row.120,control_10.1111/j.1467-9280.2008.02103.x,PS,0.0013414717723828672
Row.120,control_10.1111/j.1467-9280.2008.02104.x,PS,0.0013315191150430393
Row.120,control_10.1111/j.1467-9280.2008.02105.x,PS,0.0015222684306115137
Row.120,control_10.1111/j.1467-9280.2008.02106.x,PS,0.0012994552127232573
Row.120,control_10.1111/j.1467-9280.2008.02107.x,PS,0.005765309191394184
Row.120,control_10.1111/j.1467-9280.2008.02108.x,PS,0.001432118384353174
Row.120,control_10.1111/j.1467-9280.2008.02109.x,PS,0.0017076390303409263
Row.120,control_10.1111/j.1467-9280.2008.02110.x,PS,0.0014130302143381171
Row.120,control_10.1111/j.1467-9280.2008.02111.x,PS,0.0062394090491016485
Row.120,control_10.1111/j.1467-9280.2008.02112.x,PS,0.05034399537647041
Row.120,control_10.1111/j.1467-9280.2008.02113.x,PS,0.04726682380978936
Row.120,control_10.1111/j.1467-9280.2008.02114.x,PS,0.0017723486138997893
Row.120,control_10.1111/j.1467-9280.2008.02115.x,PS,0.001736297602531923
Row.120,control_10.1111/j.1467-9280.2008.02116.x,PS,0.01282709953982757
Row.120,control_10.1111/j.1467-9280.2008.02117.x,PS,0.01067249710499443
Row.120,control_10.1111/j.1467-9280.2008.02118.x,PS,0.0013922390599489757
Row.120,control_10.1111/j.1467-9280.2008.02119.x,PS,0.0015554161288372456
Row.120,control_10.1111/j.1467-9280.2008.02120.x,PS,0.001637554290623747
Row.120,control_10.1111/j.1467-9280.2008.02121.x,PS,0.001401607898651853
Row.120,control_10.1111/j.1467-9280.2008.02122.x,PS,0.0016049548277333515
Row.120,control_10.1111/j.1467-9280.2008.02123.x,PS,0.02506941517846663
Row.120,control_10.1111/j.1467-9280.2008.02125.x,PS,0.0018434447550399766
Row.120,control_10.1111/j.1467-9280.2008.02126.x,PS,0.006633162186667343
Row.120,control_10.1111/j.1467-9280.2008.02127.x,PS,0.005146766126943909
Row.120,control_10.1111/j.1467-9280.2008.02129.x,PS,0.0017187097999331103
Row.120,control_10.1111/j.1467-9280.2008.02130.x,PS,0.01430918444312476
Row.120,control_10.1111/j.1467-9280.2008.02131.x,PS,0.0014905761310942897
Row.120,control_10.1111/j.1467-9280.2008.02132.x,PS,0.016608824947021143
Row.120,control_10.1111/j.1467-9280.2008.02133.x,PS,0.0015933844983163257
Row.120,control_10.1111/j.1467-9280.2008.02134.x,PS,0.0014112789603443147
Row.120,control_10.1111/j.1467-9280.2008.02135.x,PS,0.001562305711367155
Row.120,control_10.1111/j.1467-9280.2008.02137.x,PS,0.01181939065630285
Row.120,control_10.1111/j.1467-9280.2008.02138.x,PS,0.0014350617144054483
Row.120,control_10.1111/j.1467-9280.2008.02139.x,PS,0.005584874903078796
Row.120,control_10.1111/j.1467-9280.2008.02140.x,PS,0.0014630370142346655
Row.120,control_10.1111/j.1467-9280.2008.02141.x,PS,0.001637447015253158
Row.120,control_10.1111/j.1467-9280.2008.02142.x,PS,0.00297926239955766
Row.120,control_10.1111/j.1467-9280.2008.02143.x,PS,0.0013943202555952697
Row.120,control_10.1111/j.1467-9280.2008.02144.x,PS,0.0014045237507227697
Row.120,control_10.1111/j.1467-9280.2008.02145.x,PS,0.001389743002854755
Row.120,control_10.1111/j.1467-9280.2008.02146.x,PS,0.0014694721390862155
Row.120,control_10.1111/j.1467-9280.2008.02147.x,PS,0.0017563212135172559
Row.120,control_10.1111/j.1467-9280.2008.02148.x,PS,0.05685731379112622
Row.120,control_10.1111/j.1467-9280.2008.02149.x,PS,0.0015531849061638351
Row.120,control_10.1111/j.1467-9280.2008.02150.x,PS,0.0027054942413087518
Row.120,control_10.1111/j.1467-9280.2008.02151.x,PS,0.00161052851469871
Row.120,control_10.1111/j.1467-9280.2008.02152.x,PS,0.004398402415533575
Row.120,control_10.1111/j.1467-9280.2008.02153.x,PS,0.0013079149343719356
Row.120,control_10.1111/j.1467-9280.2008.02154.x,PS,0.0016287712413259284
Row.120,control_10.1111/j.1467-9280.2008.02155.x,PS,0.0016506716199105663
Row.120,control_10.1111/j.1467-9280.2008.02156.x,PS,0.0031614181662901228
Row.120,control_10.1111/j.1467-9280.2008.02158.x,PS,0.040502936588930324
Row.120,control_10.1111/j.1467-9280.2008.02160.x,PS,0.0015568853731798577
Row.120,control_10.1111/j.1467-9280.2008.02161.x,PS,0.0016070093100529746
Row.120,control_10.1111/j.1467-9280.2008.02162.x,PS,0.004576932889151545
Row.120,control_10.1111/j.1467-9280.2008.02163.x,PS,0.0014408412294991124
Row.120,control_10.1111/j.1467-9280.2008.02164.x,PS,0.0015326753242423951
Row.120,control_10.1111/j.1467-9280.2008.02165.x,PS,0.011720742314134776
Row.120,control_10.1111/j.1467-9280.2008.02166.x,PS,0.0013512390109039509
Row.120,control_10.1111/j.1467-9280.2008.02167.x,PS,0.005061566662701486
Row.120,control_10.1111/j.1467-9280.2008.02168.x,PS,0.0015449834824878253
Row.120,control_10.1111/j.1467-9280.2008.02169.x,PS,0.007129575937278488
Row.120,control_10.1111/j.1467-9280.2008.02170.x,PS,0.0021667525986092235
Row.120,control_10.1111/j.1467-9280.2008.02171.x,PS,0.0015754586703237853
Row.120,control_10.1111/j.1467-9280.2008.02173.x,PS,0.0013905035900859545
Row.120,control_10.1111/j.1467-9280.2008.02174.x,PS,0.0015766413422966844
Row.120,control_10.1111/j.1467-9280.2008.02175.x,PS,0.011567474260657466
Row.120,control_10.1111/j.1467-9280.2008.02176.x,PS,0.007489914022867711
Row.120,control_10.1111/j.1467-9280.2008.02177.x,PS,0.0013710517954923708
Row.120,control_10.1111/j.1467-9280.2008.02178.x,PS,0.00160233316841777
Row.120,control_10.1111/j.1467-9280.2008.02179.x,PS,0.003132763794512447
Row.120,control_10.1111/j.1467-9280.2008.02180.x,PS,0.014645262465265789
Row.120,control_10.1111/j.1467-9280.2008.02182.x,PS,0.0028185987623658283
Row.120,control_10.1111/j.1467-9280.2008.02183.x,PS,0.02848677305575275
Row.120,control_10.1111/j.1467-9280.2008.02184.x,PS,0.0014738801018326642
Row.120,control_10.1111/j.1467-9280.2008.02185.x,PS,0.0017497103379696605
Row.120,control_10.1111/j.1467-9280.2008.02186.x,PS,0.0016203601893741762
Row.120,control_10.1111/j.1467-9280.2008.02188.x,PS,0.0013957563546416096
Row.120,control_10.1111/j.1467-9280.2008.02189.x,PS,0.0021923434111352
Row.120,control_10.1111/j.1467-9280.2008.02190.x,PS,0.0014383244270990676
Row.120,control_10.1111/j.1467-9280.2008.02191.x,PS,0.0014740531410124037
Row.120,control_10.1111/j.1467-9280.2008.02192.x,PS,0.0014569731842643454
Row.120,control_10.1111/j.1467-9280.2008.02193.x,PS,0.007576642576557856
Row.120,control_10.1111/j.1467-9280.2008.02194.x,PS,0.00613580469430367
Row.120,control_10.1111/j.1467-9280.2008.02195.x,PS,0.0016989617022033783
Row.120,control_10.1111/j.1467-9280.2008.02196.x,PS,0.00176856625867189
Row.120,control_10.1111/j.1467-9280.2008.02197.x,PS,0.0018114297372356148
Row.120,control_10.1111/j.1467-9280.2008.02198.x,PS,0.001615446898893099
Row.120,control_10.1111/j.1467-9280.2008.02200.x,PS,0.0018100745489575498
Row.120,control_10.1111/j.1467-9280.2008.02201.x,PS,0.001824748486058237
Row.120,control_10.1111/j.1467-9280.2008.02202.x,PS,0.008992879799463243
Row.120,control_10.1111/j.1467-9280.2008.02203.x,PS,0.005415212792388651
Row.120,control_10.1111/j.1467-9280.2008.02204.x,PS,0.0015512763945637739
Row.120,control_10.1111/j.1467-9280.2008.02205.x,PS,0.001458091276190343
Row.120,control_10.1111/j.1467-9280.2008.02206.x,PS,0.021841745226482384
Row.120,control_10.1111/j.1467-9280.2008.02207.x,PS,0.0016025890161703268
Row.120,control_10.1111/j.1467-9280.2008.02208.x,PS,0.007635978234080135
Row.120,control_10.1111/j.1467-9280.2008.02209.x,PS,0.033878334005399295
Row.120,control_10.1111/j.1467-9280.2008.02210.x,PS,0.0017337073965443559
Row.120,control_10.1111/j.1467-9280.2008.02211.x,PS,0.0016375759946268787
Row.120,control_10.1111/j.1467-9280.2008.02212.x,PS,0.009058850705876103
Row.120,control_10.1111/j.1467-9280.2008.02213.x,PS,0.0029571367818721443
Row.120,control_10.1111/j.1467-9280.2008.02214.x,PS,0.05544927065663652
Row.120,control_10.1111/j.1467-9280.2008.02215.x,PS,0.0020547831889396423
Row.120,control_10.1111/j.1467-9280.2008.02216.x,PS,0.0239660314183274
Row.120,control_10.1111/j.1467-9280.2008.02217.x,PS,0.0013387860920290539
Row.120,control_10.1111/j.1467-9280.2008.02218.x,PS,0.0015040818032275203
Row.120,control_10.1111/j.1467-9280.2008.02219.x,PS,0.0014471332446180925
Row.120,control_10.1111/j.1467-9280.2008.02220.x,PS,0.010125363624741708
Row.120,control_10.1111/j.1467-9280.2008.02221.x,PS,0.001709015535500666
Row.120,control_10.1111/j.1467-9280.2008.02222.x,PS,0.0013315636142993475
Row.120,control_10.1111/j.1467-9280.2008.02223.x,PS,0.002997787474325266
Row.120,control_10.1111/j.1467-9280.2008.02224.x,PS,0.0018438057861007353
Row.120,control_10.1111/j.1467-9280.2008.02225.x,PS,0.10630978231687432
Row.120,control_10.1111/j.1467-9280.2008.02226.x,PS,0.0014810415282595231
Row.120,control_10.1111/j.1467-9280.2008.02228.x,PS,0.002449913275747047
Row.120,control_10.1111/j.1467-9280.2008.02229.x,PS,0.0013800620805446836
Row.120,control_10.1111/j.1467-9280.2008.02230.x,PS,0.0016041971604315764
Row.120,control_10.1111/j.1467-9280.2008.02231.x,PS,0.0014708450813390366
Row.120,control_10.1111/j.1467-9280.2008.02232.x,PS,0.0012749528115974726
Row.120,control_10.1111/j.1467-9280.2008.02233.x,PS,0.0014731889415672218
Row.120,control_10.1111/j.1467-9280.2008.02234.x,PS,0.0013285374605159495
Row.120,control_10.1111/j.1467-9280.2008.02235.x,PS,0.001515335240959994
Row.120,control_10.1111/j.1467-9280.2008.02236.x,PS,0.0014712638484446366
Row.120,control_10.1111/j.1467-9280.2008.02237.x,PS,0.007300935770584126
Row.120,control_10.1111/j.1467-9280.2008.02238.x,PS,0.002214854951144352
Row.120,control_10.1111/j.1467-9280.2008.02239.x,PS,0.0017271756460612146
Row.120,control_10.1111/j.1467-9280.2008.02240.x,PS,0.0014729593873513184
Row.120,control_10.1111/j.1467-9280.2008.02241.x,PS,0.007783768017208235
Row.121,control_10.1111/j.1467-9280.2008.02036.x,PS,0.24313603267468747
Row.121,control_10.1111/j.1467-9280.2008.02037.x,PS,3.4461170632515106e-16
Row.121,control_10.1111/j.1467-9280.2008.02038.x,PS,0.0
Row.121,control_10.1111/j.1467-9280.2008.02047.x,PS,7.029679304690718e-17
Row.121,control_10.1111/j.1467-9280.2008.02048.x,PS,0.0
Row.121,control_10.1111/j.1467-9280.2008.02055.x,PS,0.0
Row.121,control_10.1111/j.1467-9280.2008.02058.x,PS,1.3081096107332285e-17
Row.121,control_10.1111/j.1467-9280.2008.02059.x,PS,4.996474335934411e-17
Row.121,control_10.1111/j.1467-9280.2008.02063.x,PS,0.0
Row.121,control_10.1111/j.1467-9280.2008.02065.x,PS,1.5490527266181423e-16
Row.121,control_10.1111/j.1467-9280.2008.02067.x,PS,1.6716000192162393e-17
Row.121,control_10.1111/j.1467-9280.2008.02068.x,PS,6.976371791260122e-17
Row.121,control_10.1111/j.1467-9280.2008.02071.x,PS,6.805229520814467e-17
Row.121,control_10.1111/j.1467-9280.2008.02073.x,PS,0.0
Row.121,control_10.1111/j.1467-9280.2008.02074.x,PS,0.0
Row.121,control_10.1111/j.1467-9280.2008.02075.x,PS,1.887874871600259e-17
Row.121,control_10.1111/j.1467-9280.2008.02079.x,PS,3.536276708399413e-17
Row.121,control_10.1111/j.1467-9280.2008.02083.x,PS,1.154772501759133e-17
Row.121,control_10.1111/j.1467-9280.2008.02086.x,PS,0.0
Row.121,control_10.1111/j.1467-9280.2008.02087.x,PS,0.0
Row.121,control_10.1111/j.1467-9280.2008.02094.x,PS,0.0
Row.121,control_10.1111/j.1467-9280.2008.02096.x,PS,2.9051675960220974e-17
Row.121,control_10.1111/j.1467-9280.2008.02099.x,PS,5.0548815774664164e-17
Row.121,control_10.1111/j.1467-9280.2008.02102.x,PS,7.533796858651802e-17
Row.121,control_10.1111/j.1467-9280.2008.02103.x,PS,7.347049314842268e-18
Row.121,control_10.1111/j.1467-9280.2008.02104.x,PS,1.1950143000524593e-16
Row.121,control_10.1111/j.1467-9280.2008.02105.x,PS,0.0
Row.121,control_10.1111/j.1467-9280.2008.02106.x,PS,3.712043598881266e-17
Row.121,control_10.1111/j.1467-9280.2008.02107.x,PS,0.0
Row.121,control_10.1111/j.1467-9280.2008.02108.x,PS,7.330745604683558e-17
Row.121,control_10.1111/j.1467-9280.2008.02109.x,PS,0.0
Row.121,control_10.1111/j.1467-9280.2008.02110.x,PS,0.0
Row.121,control_10.1111/j.1467-9280.2008.02111.x,PS,1.1058119551784805e-16
Row.121,control_10.1111/j.1467-9280.2008.02112.x,PS,0.36530969374504735
Row.121,control_10.1111/j.1467-9280.2008.02113.x,PS,0.0
Row.121,control_10.1111/j.1467-9280.2008.02114.x,PS,9.890395936819919e-17
Row.121,control_10.1111/j.1467-9280.2008.02115.x,PS,0.0
Row.121,control_10.1111/j.1467-9280.2008.02116.x,PS,0.0
Row.121,control_10.1111/j.1467-9280.2008.02117.x,PS,0.0
Row.121,control_10.1111/j.1467-9280.2008.02118.x,PS,0.0
Row.121,control_10.1111/j.1467-9280.2008.02119.x,PS,0.0
Row.121,control_10.1111/j.1467-9280.2008.02120.x,PS,0.0
Row.121,control_10.1111/j.1467-9280.2008.02121.x,PS,1.1779842635088042e-16
Row.121,control_10.1111/j.1467-9280.2008.02122.x,PS,0.0
Row.121,control_10.1111/j.1467-9280.2008.02123.x,PS,0.0
Row.121,control_10.1111/j.1467-9280.2008.02125.x,PS,1.4205553495283004e-16
Row.121,control_10.1111/j.1467-9280.2008.02126.x,PS,0.06253870567657614
Row.121,control_10.1111/j.1467-9280.2008.02127.x,PS,5.599614011570794e-17
Row.121,control_10.1111/j.1467-9280.2008.02129.x,PS,3.9805642229293144e-17
Row.121,control_10.1111/j.1467-9280.2008.02130.x,PS,3.0807562376461776e-16
Row.121,control_10.1111/j.1467-9280.2008.02131.x,PS,3.5627389766563566e-17
Row.121,control_10.1111/j.1467-9280.2008.02132.x,PS,0.0
Row.121,control_10.1111/j.1467-9280.2008.02133.x,PS,3.599013635275495e-17
Row.121,control_10.1111/j.1467-9280.2008.02134.x,PS,0.0
Row.121,control_10.1111/j.1467-9280.2008.02135.x,PS,1.5406017666279546e-17
Row.121,control_10.1111/j.1467-9280.2008.02137.x,PS,0.0
Row.121,control_10.1111/j.1467-9280.2008.02138.x,PS,0.0
Row.121,control_10.1111/j.1467-9280.2008.02139.x,PS,1.3463354549975855e-17
Row.121,control_10.1111/j.1467-9280.2008.02140.x,PS,0.0
Row.121,control_10.1111/j.1467-9280.2008.02141.x,PS,0.0
Row.121,control_10.1111/j.1467-9280.2008.02142.x,PS,0.0
Row.121,control_10.1111/j.1467-9280.2008.02143.x,PS,0.0
Row.121,control_10.1111/j.1467-9280.2008.02144.x,PS,8.200434190722536e-17
Row.121,control_10.1111/j.1467-9280.2008.02145.x,PS,0.0
Row.121,control_10.1111/j.1467-9280.2008.02146.x,PS,2.3250350852977665e-17
Row.121,control_10.1111/j.1467-9280.2008.02147.x,PS,3.061587467124492e-17
Row.121,control_10.1111/j.1467-9280.2008.02148.x,PS,0.0
Row.121,control_10.1111/j.1467-9280.2008.02149.x,PS,0.0
Row.121,control_10.1111/j.1467-9280.2008.02150.x,PS,1.557635469842738e-17
Row.121,control_10.1111/j.1467-9280.2008.02151.x,PS,0.0
Row.121,control_10.1111/j.1467-9280.2008.02152.x,PS,0.0
Row.121,control_10.1111/j.1467-9280.2008.02153.x,PS,0.0
Row.121,control_10.1111/j.1467-9280.2008.02154.x,PS,1.0146612834318796e-16
Row.121,control_10.1111/j.1467-9280.2008.02155.x,PS,9.089581836300801e-17
Row.121,control_10.1111/j.1467-9280.2008.02156.x,PS,3.224693316785294e-17
Row.121,control_10.1111/j.1467-9280.2008.02158.x,PS,7.092844097261938e-17
Row.121,control_10.1111/j.1467-9280.2008.02160.x,PS,1.1920046520196218e-16
Row.121,control_10.1111/j.1467-9280.2008.02161.x,PS,0.0
Row.121,control_10.1111/j.1467-9280.2008.02162.x,PS,0.0
Row.121,control_10.1111/j.1467-9280.2008.02163.x,PS,3.841138127322965e-17
Row.121,control_10.1111/j.1467-9280.2008.02164.x,PS,0.0
Row.121,control_10.1111/j.1467-9280.2008.02165.x,PS,0.0
Row.121,control_10.1111/j.1467-9280.2008.02166.x,PS,0.0
Row.121,control_10.1111/j.1467-9280.2008.02167.x,PS,0.0
Row.121,control_10.1111/j.1467-9280.2008.02168.x,PS,1.466699296536244e-17
Row.121,control_10.1111/j.1467-9280.2008.02169.x,PS,2.296240189912262e-17
Row.121,control_10.1111/j.1467-9280.2008.02170.x,PS,2.866496936938853e-17
Row.121,control_10.1111/j.1467-9280.2008.02171.x,PS,0.0
Row.121,control_10.1111/j.1467-9280.2008.02173.x,PS,2.1137031848584107e-18
Row.121,control_10.1111/j.1467-9280.2008.02174.x,PS,0.0
Row.121,control_10.1111/j.1467-9280.2008.02175.x,PS,1.6920688805139157e-16
Row.121,control_10.1111/j.1467-9280.2008.02176.x,PS,5.689045218557778e-17
Row.121,control_10.1111/j.1467-9280.2008.02177.x,PS,7.94526624241204e-17
Row.121,control_10.1111/j.1467-9280.2008.02178.x,PS,1.269190647965329e-16
Row.121,control_10.1111/j.1467-9280.2008.02179.x,PS,8.535312739330617e-18
Row.121,control_10.1111/j.1467-9280.2008.02180.x,PS,8.245421436039172e-18
Row.121,control_10.1111/j.1467-9280.2008.02182.x,PS,3.9339284693729075e-17
Row.121,control_10.1111/j.1467-9280.2008.02183.x,PS,6.868342241053683e-17
Row.121,control_10.1111/j.1467-9280.2008.02184.x,PS,0.0
Row.121,control_10.1111/j.1467-9280.2008.02185.x,PS,7.27916778090261e-17
Row.121,control_10.1111/j.1467-9280.2008.02186.x,PS,5.371672826966104e-17
Row.121,control_10.1111/j.1467-9280.2008.02188.x,PS,1.0807533613912911e-16
Row.121,control_10.1111/j.1467-9280.2008.02189.x,PS,2.866065974817839e-17
Row.121,control_10.1111/j.1467-9280.2008.02190.x,PS,0.0
Row.121,control_10.1111/j.1467-9280.2008.02191.x,PS,0.0
Row.121,control_10.1111/j.1467-9280.2008.02192.x,PS,0.0
Row.121,control_10.1111/j.1467-9280.2008.02193.x,PS,9.673860167142285e-17
Row.121,control_10.1111/j.1467-9280.2008.02194.x,PS,6.16646761869939e-17
Row.121,control_10.1111/j.1467-9280.2008.02195.x,PS,5.710988377676804e-17
Row.121,control_10.1111/j.1467-9280.2008.02196.x,PS,7.53590707697505e-17
Row.121,control_10.1111/j.1467-9280.2008.02197.x,PS,3.3604100838842973e-17
Row.121,control_10.1111/j.1467-9280.2008.02198.x,PS,1.3179492821620703e-16
Row.121,control_10.1111/j.1467-9280.2008.02200.x,PS,0.0
Row.121,control_10.1111/j.1467-9280.2008.02201.x,PS,0.0
Row.121,control_10.1111/j.1467-9280.2008.02202.x,PS,0.0
Row.121,control_10.1111/j.1467-9280.2008.02203.x,PS,5.333760307806205e-17
Row.121,control_10.1111/j.1467-9280.2008.02204.x,PS,2.92835151592702e-17
Row.121,control_10.1111/j.1467-9280.2008.02205.x,PS,5.500478699117165e-17
Row.121,control_10.1111/j.1467-9280.2008.02206.x,PS,0.0
Row.121,control_10.1111/j.1467-9280.2008.02207.x,PS,0.0
Row.121,control_10.1111/j.1467-9280.2008.02208.x,PS,1.797009134380339e-16
Row.121,control_10.1111/j.1467-9280.2008.02209.x,PS,0.0
Row.121,control_10.1111/j.1467-9280.2008.02210.x,PS,2.0134871281486974e-17
Row.121,control_10.1111/j.1467-9280.2008.02211.x,PS,6.964246599534174e-17
Row.121,control_10.1111/j.1467-9280.2008.02212.x,PS,2.3417351536367037e-17
Row.121,control_10.1111/j.1467-9280.2008.02213.x,PS,0.0
Row.121,control_10.1111/j.1467-9280.2008.02214.x,PS,1.2945150875090466e-16
Row.121,control_10.1111/j.1467-9280.2008.02215.x,PS,1.143018926538606e-16
Row.121,control_10.1111/j.1467-9280.2008.02216.x,PS,0.0
Row.121,control_10.1111/j.1467-9280.2008.02217.x,PS,0.0
Row.121,control_10.1111/j.1467-9280.2008.02218.x,PS,1.9411004964229674e-17
Row.121,control_10.1111/j.1467-9280.2008.02219.x,PS,5.0677751960511816e-17
Row.121,control_10.1111/j.1467-9280.2008.02220.x,PS,0.0
Row.121,control_10.1111/j.1467-9280.2008.02221.x,PS,3.281540763643399e-17
Row.121,control_10.1111/j.1467-9280.2008.02222.x,PS,0.0
Row.121,control_10.1111/j.1467-9280.2008.02223.x,PS,0.0
Row.121,control_10.1111/j.1467-9280.2008.02224.x,PS,1.7133193339229303e-16
Row.121,control_10.1111/j.1467-9280.2008.02225.x,PS,0.3290155679036835
Row.121,control_10.1111/j.1467-9280.2008.02226.x,PS,1.3027708312854559e-16
Row.121,control_10.1111/j.1467-9280.2008.02228.x,PS,0.0
Row.121,control_10.1111/j.1467-9280.2008.02229.x,PS,7.737489115034436e-18
Row.121,control_10.1111/j.1467-9280.2008.02230.x,PS,6.180767273150011e-18
Row.121,control_10.1111/j.1467-9280.2008.02231.x,PS,0.0
Row.121,control_10.1111/j.1467-9280.2008.02232.x,PS,2.6571794355165985e-17
Row.121,control_10.1111/j.1467-9280.2008.02233.x,PS,0.0
Row.121,control_10.1111/j.1467-9280.2008.02234.x,PS,0.0
Row.121,control_10.1111/j.1467-9280.2008.02235.x,PS,1.0850370741496682e-16
Row.121,control_10.1111/j.1467-9280.2008.02236.x,PS,0.0
Row.121,control_10.1111/j.1467-9280.2008.02237.x,PS,0.0
Row.121,control_10.1111/j.1467-9280.2008.02238.x,PS,1.00377459232004e-16
Row.121,control_10.1111/j.1467-9280.2008.02239.x,PS,2.2859693351030592e-17
Row.121,control_10.1111/j.1467-9280.2008.02240.x,PS,0.0
Row.121,control_10.1111/j.1467-9280.2008.02241.x,PS,0.0
Row.122,control_10.1111/j.1467-9280.2008.02036.x,PS,0.46795511324238653
Row.122,control_10.1111/j.1467-9280.2008.02037.x,PS,0.0
Row.122,control_10.1111/j.1467-9280.2008.02038.x,PS,0.0
Row.122,control_10.1111/j.1467-9280.2008.02047.x,PS,0.0
Row.122,control_10.1111/j.1467-9280.2008.02048.x,PS,7.881725935952539e-17
Row.122,control_10.1111/j.1467-9280.2008.02055.x,PS,1.2723943779343602e-16
Row.122,control_10.1111/j.1467-9280.2008.02058.x,PS,1.8371437329453743e-16
Row.122,control_10.1111/j.1467-9280.2008.02059.x,PS,4.015569963268388e-17
Row.122,control_10.1111/j.1467-9280.2008.02063.x,PS,0.0
Row.122,control_10.1111/j.1467-9280.2008.02065.x,PS,0.0
Row.122,control_10.1111/j.1467-9280.2008.02067.x,PS,0.0
Row.122,control_10.1111/j.1467-9280.2008.02068.x,PS,0.0
Row.122,control_10.1111/j.1467-9280.2008.02071.x,PS,2.5267545418797944e-17
Row.122,control_10.1111/j.1467-9280.2008.02073.x,PS,3.014079369605919e-17
Row.122,control_10.1111/j.1467-9280.2008.02074.x,PS,0.0
Row.122,control_10.1111/j.1467-9280.2008.02075.x,PS,0.0
Row.122,control_10.1111/j.1467-9280.2008.02079.x,PS,0.0
Row.122,control_10.1111/j.1467-9280.2008.02083.x,PS,0.0
Row.122,control_10.1111/j.1467-9280.2008.02086.x,PS,0.0
Row.122,control_10.1111/j.1467-9280.2008.02087.x,PS,5.417357031500968e-17
Row.122,control_10.1111/j.1467-9280.2008.02094.x,PS,2.6157027082446464e-16
Row.122,control_10.1111/j.1467-9280.2008.02096.x,PS,1.817635608425657e-16
Row.122,control_10.1111/j.1467-9280.2008.02099.x,PS,2.373229441328368e-16
Row.122,control_10.1111/j.1467-9280.2008.02102.x,PS,0.0
Row.122,control_10.1111/j.1467-9280.2008.02103.x,PS,2.1065100274720268e-17
Row.122,control_10.1111/j.1467-9280.2008.02104.x,PS,6.62611194364651e-17
Row.122,control_10.1111/j.1467-9280.2008.02105.x,PS,0.0
Row.122,control_10.1111/j.1467-9280.2008.02106.x,PS,2.4889043793854213e-16
Row.122,control_10.1111/j.1467-9280.2008.02107.x,PS,3.8691007998184776e-17
Row.122,control_10.1111/j.1467-9280.2008.02108.x,PS,0.0
Row.122,control_10.1111/j.1467-9280.2008.02109.x,PS,0.0
Row.122,control_10.1111/j.1467-9280.2008.02110.x,PS,1.3987042465069303e-17
Row.122,control_10.1111/j.1467-9280.2008.02111.x,PS,0.0
Row.122,control_10.1111/j.1467-9280.2008.02112.x,PS,0.2182568259075145
Row.122,control_10.1111/j.1467-9280.2008.02113.x,PS,0.0
Row.122,control_10.1111/j.1467-9280.2008.02114.x,PS,0.0
Row.122,control_10.1111/j.1467-9280.2008.02115.x,PS,4.383967521212221e-17
Row.122,control_10.1111/j.1467-9280.2008.02116.x,PS,0.0
Row.122,control_10.1111/j.1467-9280.2008.02117.x,PS,0.0
Row.122,control_10.1111/j.1467-9280.2008.02118.x,PS,1.083057776896372e-16
Row.122,control_10.1111/j.1467-9280.2008.02119.x,PS,0.0
Row.122,control_10.1111/j.1467-9280.2008.02120.x,PS,3.550279277360806e-18
Row.122,control_10.1111/j.1467-9280.2008.02121.x,PS,2.800134818957673e-17
Row.122,control_10.1111/j.1467-9280.2008.02122.x,PS,5.3109597001063954e-17
Row.122,control_10.1111/j.1467-9280.2008.02123.x,PS,0.0
Row.122,control_10.1111/j.1467-9280.2008.02125.x,PS,0.0
Row.122,control_10.1111/j.1467-9280.2008.02126.x,PS,0.14531355498612208
Row.122,control_10.1111/j.1467-9280.2008.02127.x,PS,0.0
Row.122,control_10.1111/j.1467-9280.2008.02129.x,PS,1.2247129757559803e-16
Row.122,control_10.1111/j.1467-9280.2008.02130.x,PS,0.0
Row.122,control_10.1111/j.1467-9280.2008.02131.x,PS,0.0
Row.122,control_10.1111/j.1467-9280.2008.02132.x,PS,0.0
Row.122,control_10.1111/j.1467-9280.2008.02133.x,PS,0.0
Row.122,control_10.1111/j.1467-9280.2008.02134.x,PS,1.8655123147811056e-16
Row.122,control_10.1111/j.1467-9280.2008.02135.x,PS,2.9962469229140375e-16
Row.122,control_10.1111/j.1467-9280.2008.02137.x,PS,1.0634913313141192e-16
Row.122,control_10.1111/j.1467-9280.2008.02138.x,PS,0.0
Row.122,control_10.1111/j.1467-9280.2008.02139.x,PS,7.366361120666765e-17
Row.122,control_10.1111/j.1467-9280.2008.02140.x,PS,1.680858420584492e-16
Row.122,control_10.1111/j.1467-9280.2008.02141.x,PS,0.0
Row.122,control_10.1111/j.1467-9280.2008.02142.x,PS,0.0
Row.122,control_10.1111/j.1467-9280.2008.02143.x,PS,0.0
Row.122,control_10.1111/j.1467-9280.2008.02144.x,PS,2.931381725446406e-17
Row.122,control_10.1111/j.1467-9280.2008.02145.x,PS,1.0208319803947141e-16
Row.122,control_10.1111/j.1467-9280.2008.02146.x,PS,0.0
Row.122,control_10.1111/j.1467-9280.2008.02147.x,PS,0.0
Row.122,control_10.1111/j.1467-9280.2008.02148.x,PS,3.335223474757156e-16
Row.122,control_10.1111/j.1467-9280.2008.02149.x,PS,2.463766622672763e-16
Row.122,control_10.1111/j.1467-9280.2008.02150.x,PS,0.0
Row.122,control_10.1111/j.1467-9280.2008.02151.x,PS,0.0
Row.122,control_10.1111/j.1467-9280.2008.02152.x,PS,0.0
Row.122,control_10.1111/j.1467-9280.2008.02153.x,PS,0.0
Row.122,control_10.1111/j.1467-9280.2008.02154.x,PS,0.0
Row.122,control_10.1111/j.1467-9280.2008.02155.x,PS,8.242866427224269e-18
Row.122,control_10.1111/j.1467-9280.2008.02156.x,PS,0.0
Row.122,control_10.1111/j.1467-9280.2008.02158.x,PS,0.0
Row.122,control_10.1111/j.1467-9280.2008.02160.x,PS,5.428069259088007e-17
Row.122,control_10.1111/j.1467-9280.2008.02161.x,PS,0.0
Row.122,control_10.1111/j.1467-9280.2008.02162.x,PS,8.278639619302083e-18
Row.122,control_10.1111/j.1467-9280.2008.02163.x,PS,0.0
Row.122,control_10.1111/j.1467-9280.2008.02164.x,PS,1.3062433920393943e-16
Row.122,control_10.1111/j.1467-9280.2008.02165.x,PS,2.034455292774619e-17
Row.122,control_10.1111/j.1467-9280.2008.02166.x,PS,5.70920318191358e-17
Row.122,control_10.1111/j.1467-9280.2008.02167.x,PS,0.01874056398690654
Row.122,control_10.1111/j.1467-9280.2008.02168.x,PS,2.4964906184944562e-17
Row.122,control_10.1111/j.1467-9280.2008.02169.x,PS,9.735897493419341e-17
Row.122,control_10.1111/j.1467-9280.2008.02170.x,PS,9.464132683617423e-17
Row.122,control_10.1111/j.1467-9280.2008.02171.x,PS,1.5171274472174512e-17
Row.122,control_10.1111/j.1467-9280.2008.02173.x,PS,1.3940106004793243e-16
Row.122,control_10.1111/j.1467-9280.2008.02174.x,PS,3.7940538381278803e-17
Row.122,control_10.1111/j.1467-9280.2008.02175.x,PS,0.0
Row.122,control_10.1111/j.1467-9280.2008.02176.x,PS,0.0
Row.122,control_10.1111/j.1467-9280.2008.02177.x,PS,2.8553698276909283e-17
Row.122,control_10.1111/j.1467-9280.2008.02178.x,PS,0.0
Row.122,control_10.1111/j.1467-9280.2008.02179.x,PS,0.0
Row.122,control_10.1111/j.1467-9280.2008.02180.x,PS,8.83531724001207e-17
Row.122,control_10.1111/j.1467-9280.2008.02182.x,PS,1.0564597680091865e-16
Row.122,control_10.1111/j.1467-9280.2008.02183.x,PS,0.0
Row.122,control_10.1111/j.1467-9280.2008.02184.x,PS,2.5644294919497292e-17
Row.122,control_10.1111/j.1467-9280.2008.02185.x,PS,6.337633039924795e-17
Row.122,control_10.1111/j.1467-9280.2008.02186.x,PS,1.5857774821759843e-17
Row.122,control_10.1111/j.1467-9280.2008.02188.x,PS,0.0
Row.122,control_10.1111/j.1467-9280.2008.02189.x,PS,2.1359118646633795e-17
Row.122,control_10.1111/j.1467-9280.2008.02190.x,PS,0.0
Row.122,control_10.1111/j.1467-9280.2008.02191.x,PS,4.0268969495498934e-17
Row.122,control_10.1111/j.1467-9280.2008.02192.x,PS,6.973562401469759e-17
Row.122,control_10.1111/j.1467-9280.2008.02193.x,PS,0.0
Row.122,control_10.1111/j.1467-9280.2008.02194.x,PS,0.0
Row.122,control_10.1111/j.1467-9280.2008.02195.x,PS,1.9031183181130594e-17
Row.122,control_10.1111/j.1467-9280.2008.02196.x,PS,2.4400010529954634e-17
Row.122,control_10.1111/j.1467-9280.2008.02197.x,PS,1.681458260956452e-17
Row.122,control_10.1111/j.1467-9280.2008.02198.x,PS,0.0
Row.122,control_10.1111/j.1467-9280.2008.02200.x,PS,0.0
Row.122,control_10.1111/j.1467-9280.2008.02201.x,PS,1.3764679952331816e-16
Row.122,control_10.1111/j.1467-9280.2008.02202.x,PS,0.0
Row.122,control_10.1111/j.1467-9280.2008.02203.x,PS,9.659396963747007e-17
Row.122,control_10.1111/j.1467-9280.2008.02204.x,PS,0.0
Row.122,control_10.1111/j.1467-9280.2008.02205.x,PS,0.0
Row.122,control_10.1111/j.1467-9280.2008.02206.x,PS,0.0
Row.122,control_10.1111/j.1467-9280.2008.02207.x,PS,0.0
Row.122,control_10.1111/j.1467-9280.2008.02208.x,PS,0.0
Row.122,control_10.1111/j.1467-9280.2008.02209.x,PS,0.0
Row.122,control_10.1111/j.1467-9280.2008.02210.x,PS,0.0
Row.122,control_10.1111/j.1467-9280.2008.02211.x,PS,7.376846145284567e-17
Row.122,control_10.1111/j.1467-9280.2008.02212.x,PS,3.620680098077514e-17
Row.122,control_10.1111/j.1467-9280.2008.02213.x,PS,1.1404553778625116e-16
Row.122,control_10.1111/j.1467-9280.2008.02214.x,PS,1.3837612503434829e-16
Row.122,control_10.1111/j.1467-9280.2008.02215.x,PS,0.0
Row.122,control_10.1111/j.1467-9280.2008.02216.x,PS,0.0
Row.122,control_10.1111/j.1467-9280.2008.02217.x,PS,0.0
Row.122,control_10.1111/j.1467-9280.2008.02218.x,PS,4.480764464208122e-17
Row.122,control_10.1111/j.1467-9280.2008.02219.x,PS,6.20182896109332e-17
Row.122,control_10.1111/j.1467-9280.2008.02220.x,PS,0.0
Row.122,control_10.1111/j.1467-9280.2008.02221.x,PS,4.533618192298114e-17
Row.122,control_10.1111/j.1467-9280.2008.02222.x,PS,0.0
Row.122,control_10.1111/j.1467-9280.2008.02223.x,PS,0.0
Row.122,control_10.1111/j.1467-9280.2008.02224.x,PS,0.0
Row.122,control_10.1111/j.1467-9280.2008.02225.x,PS,0.0
Row.122,control_10.1111/j.1467-9280.2008.02226.x,PS,0.0
Row.122,control_10.1111/j.1467-9280.2008.02228.x,PS,5.564535602651577e-17
Row.122,control_10.1111/j.1467-9280.2008.02229.x,PS,0.0
Row.122,control_10.1111/j.1467-9280.2008.02230.x,PS,0.0
Row.122,control_10.1111/j.1467-9280.2008.02231.x,PS,0.0
Row.122,control_10.1111/j.1467-9280.2008.02232.x,PS,1.393443087517571e-16
Row.122,control_10.1111/j.1467-9280.2008.02233.x,PS,0.0
Row.122,control_10.1111/j.1467-9280.2008.02234.x,PS,0.0
Row.122,control_10.1111/j.1467-9280.2008.02235.x,PS,9.803513126111509e-17
Row.122,control_10.1111/j.1467-9280.2008.02236.x,PS,8.809937354133243e-17
Row.122,control_10.1111/j.1467-9280.2008.02237.x,PS,0.0
Row.122,control_10.1111/j.1467-9280.2008.02238.x,PS,1.9526007677716478e-17
Row.122,control_10.1111/j.1467-9280.2008.02239.x,PS,0.0
Row.122,control_10.1111/j.1467-9280.2008.02240.x,PS,0.14973394187706424
Row.122,control_10.1111/j.1467-9280.2008.02241.x,PS,1.807832869585772e-16
Row.124,control_10.1111/j.1467-9280.2008.02036.x,PS,0.09206121356335835
Row.124,control_10.1111/j.1467-9280.2008.02037.x,PS,1.5294837680556043e-21
Row.124,control_10.1111/j.1467-9280.2008.02038.x,PS,1.0062325580602236e-22
Row.124,control_10.1111/j.1467-9280.2008.02047.x,PS,0.0
Row.124,control_10.1111/j.1467-9280.2008.02048.x,PS,2.5718301067851875e-21
Row.124,control_10.1111/j.1467-9280.2008.02055.x,PS,0.0021372381220438317
Row.124,control_10.1111/j.1467-9280.2008.02058.x,PS,1.3706602759275793e-21
Row.124,control_10.1111/j.1467-9280.2008.02059.x,PS,1.3455580831669815e-22
Row.124,control_10.1111/j.1467-9280.2008.02063.x,PS,2.9666641559742587e-21
Row.124,control_10.1111/j.1467-9280.2008.02065.x,PS,2.5721427156090324e-21
Row.124,control_10.1111/j.1467-9280.2008.02067.x,PS,3.6367838280950996e-07
Row.124,control_10.1111/j.1467-9280.2008.02068.x,PS,0.0
Row.124,control_10.1111/j.1467-9280.2008.02071.x,PS,1.5926630457842663e-21
Row.124,control_10.1111/j.1467-9280.2008.02073.x,PS,0.0
Row.124,control_10.1111/j.1467-9280.2008.02074.x,PS,0.0
Row.124,control_10.1111/j.1467-9280.2008.02075.x,PS,0.0
Row.124,control_10.1111/j.1467-9280.2008.02079.x,PS,2.0817269583663805e-21
Row.124,control_10.1111/j.1467-9280.2008.02083.x,PS,0.0
Row.124,control_10.1111/j.1467-9280.2008.02086.x,PS,0.0
Row.124,control_10.1111/j.1467-9280.2008.02087.x,PS,0.0
Row.124,control_10.1111/j.1467-9280.2008.02094.x,PS,0.0
Row.124,control_10.1111/j.1467-9280.2008.02096.x,PS,2.4351262403681016e-21
Row.124,control_10.1111/j.1467-9280.2008.02099.x,PS,0.0
Row.124,control_10.1111/j.1467-9280.2008.02102.x,PS,5.018817026137808e-22
Row.124,control_10.1111/j.1467-9280.2008.02103.x,PS,0.018886719336076347
Row.124,control_10.1111/j.1467-9280.2008.02104.x,PS,0.0002791810923073174
Row.124,control_10.1111/j.1467-9280.2008.02105.x,PS,3.104174467838883e-06
Row.124,control_10.1111/j.1467-9280.2008.02106.x,PS,0.047773463612368054
Row.124,control_10.1111/j.1467-9280.2008.02107.x,PS,0.0
Row.124,control_10.1111/j.1467-9280.2008.02108.x,PS,9.907355349408156e-22
Row.124,control_10.1111/j.1467-9280.2008.02109.x,PS,2.390880428776769e-21
Row.124,control_10.1111/j.1467-9280.2008.02110.x,PS,4.363992559293383e-05
Row.124,control_10.1111/j.1467-9280.2008.02111.x,PS,0.0
Row.124,control_10.1111/j.1467-9280.2008.02112.x,PS,1.040476250408667e-21
Row.124,control_10.1111/j.1467-9280.2008.02113.x,PS,2.7711360207964326e-21
Row.124,control_10.1111/j.1467-9280.2008.02114.x,PS,0.010324527934002427
Row.124,control_10.1111/j.1467-9280.2008.02115.x,PS,1.2398664524620316e-22
Row.124,control_10.1111/j.1467-9280.2008.02116.x,PS,0.0
Row.124,control_10.1111/j.1467-9280.2008.02117.x,PS,6.187714188186388e-22
Row.124,control_10.1111/j.1467-9280.2008.02118.x,PS,9.991898947106819e-22
Row.124,control_10.1111/j.1467-9280.2008.02119.x,PS,0.002302663535751589
Row.124,control_10.1111/j.1467-9280.2008.02120.x,PS,0.0
Row.124,control_10.1111/j.1467-9280.2008.02121.x,PS,3.532098475733894e-22
Row.124,control_10.1111/j.1467-9280.2008.02122.x,PS,0.0
Row.124,control_10.1111/j.1467-9280.2008.02123.x,PS,2.479612530188245e-21
Row.124,control_10.1111/j.1467-9280.2008.02125.x,PS,1.8236904928925887e-21
Row.124,control_10.1111/j.1467-9280.2008.02126.x,PS,2.469633194339107e-07
Row.124,control_10.1111/j.1467-9280.2008.02127.x,PS,0.0
Row.124,control_10.1111/j.1467-9280.2008.02129.x,PS,1.462105825630964e-21
Row.124,control_10.1111/j.1467-9280.2008.02130.x,PS,1.6023173431919538e-21
Row.124,control_10.1111/j.1467-9280.2008.02131.x,PS,8.285376040156299e-06
Row.124,control_10.1111/j.1467-9280.2008.02132.x,PS,9.346600329924307e-22
Row.124,control_10.1111/j.1467-9280.2008.02133.x,PS,8.56232442567921e-22
Row.124,control_10.1111/j.1467-9280.2008.02134.x,PS,2.1173182259167595e-21
Row.124,control_10.1111/j.1467-9280.2008.02135.x,PS,1.86928143442957e-21
Row.124,control_10.1111/j.1467-9280.2008.02137.x,PS,0.0
Row.124,control_10.1111/j.1467-9280.2008.02138.x,PS,1.5542250846200847e-07
Row.124,control_10.1111/j.1467-9280.2008.02139.x,PS,0.03931353245850209
Row.124,control_10.1111/j.1467-9280.2008.02140.x,PS,3.316330920763767e-07
Row.124,control_10.1111/j.1467-9280.2008.02141.x,PS,0.00023881423934506718
Row.124,control_10.1111/j.1467-9280.2008.02142.x,PS,8.823215013399457e-22
Row.124,control_10.1111/j.1467-9280.2008.02143.x,PS,6.464474177739904e-05
Row.124,control_10.1111/j.1467-9280.2008.02144.x,PS,0.06081325723939101
Row.124,control_10.1111/j.1467-9280.2008.02145.x,PS,0.0
Row.124,control_10.1111/j.1467-9280.2008.02146.x,PS,0.0
Row.124,control_10.1111/j.1467-9280.2008.02147.x,PS,0.03677436638703036
Row.124,control_10.1111/j.1467-9280.2008.02148.x,PS,0.0
Row.124,control_10.1111/j.1467-9280.2008.02149.x,PS,1.1323362263794862e-07
Row.124,control_10.1111/j.1467-9280.2008.02150.x,PS,3.063474737826052e-08
Row.124,control_10.1111/j.1467-9280.2008.02151.x,PS,0.0
Row.124,control_10.1111/j.1467-9280.2008.02152.x,PS,1.590623721974479e-22
Row.124,control_10.1111/j.1467-9280.2008.02153.x,PS,9.953467867886101e-05
Row.124,control_10.1111/j.1467-9280.2008.02154.x,PS,0.0
Row.124,control_10.1111/j.1467-9280.2008.02155.x,PS,5.310229629821629e-22
Row.124,control_10.1111/j.1467-9280.2008.02156.x,PS,0.0
Row.124,control_10.1111/j.1467-9280.2008.02158.x,PS,3.931562049406501e-21
Row.124,control_10.1111/j.1467-9280.2008.02160.x,PS,1.9180542061894056e-07
Row.124,control_10.1111/j.1467-9280.2008.02161.x,PS,0.015214711805726207
Row.124,control_10.1111/j.1467-9280.2008.02162.x,PS,0.0
Row.124,control_10.1111/j.1467-9280.2008.02163.x,PS,0.0
Row.124,control_10.1111/j.1467-9280.2008.02164.x,PS,6.4231404446948735e-22
Row.124,control_10.1111/j.1467-9280.2008.02165.x,PS,1.8558013214591294e-21
Row.124,control_10.1111/j.1467-9280.2008.02166.x,PS,0.05302756672674966
Row.124,control_10.1111/j.1467-9280.2008.02167.x,PS,2.2494870389546435e-08
Row.124,control_10.1111/j.1467-9280.2008.02168.x,PS,4.374519053602343e-22
Row.124,control_10.1111/j.1467-9280.2008.02169.x,PS,0.022844438726358073
Row.124,control_10.1111/j.1467-9280.2008.02170.x,PS,0.0
Row.124,control_10.1111/j.1467-9280.2008.02171.x,PS,0.0
Row.124,control_10.1111/j.1467-9280.2008.02173.x,PS,4.614284728198953e-22
Row.124,control_10.1111/j.1467-9280.2008.02174.x,PS,4.465453298672509e-22
Row.124,control_10.1111/j.1467-9280.2008.02175.x,PS,8.196276955805744e-22
Row.124,control_10.1111/j.1467-9280.2008.02176.x,PS,0.0
Row.124,control_10.1111/j.1467-9280.2008.02177.x,PS,0.0
Row.124,control_10.1111/j.1467-9280.2008.02178.x,PS,1.214832016959438e-21
Row.124,control_10.1111/j.1467-9280.2008.02179.x,PS,0.0083312405783592
Row.124,control_10.1111/j.1467-9280.2008.02180.x,PS,1.4974290573322517e-21
Row.124,control_10.1111/j.1467-9280.2008.02182.x,PS,3.476466797507967e-22
Row.124,control_10.1111/j.1467-9280.2008.02183.x,PS,0.0
Row.124,control_10.1111/j.1467-9280.2008.02184.x,PS,0.025496143064056634
Row.124,control_10.1111/j.1467-9280.2008.02185.x,PS,4.870724711119902e-08
Row.124,control_10.1111/j.1467-9280.2008.02186.x,PS,0.026975134595525727
Row.124,control_10.1111/j.1467-9280.2008.02188.x,PS,4.4733848279147026e-05
Row.124,control_10.1111/j.1467-9280.2008.02189.x,PS,0.0
Row.124,control_10.1111/j.1467-9280.2008.02190.x,PS,0.0001695839423051953
Row.124,control_10.1111/j.1467-9280.2008.02191.x,PS,0.0
Row.124,control_10.1111/j.1467-9280.2008.02192.x,PS,0.0
Row.124,control_10.1111/j.1467-9280.2008.02193.x,PS,0.0
Row.124,control_10.1111/j.1467-9280.2008.02194.x,PS,0.0035055476614441923
Row.124,control_10.1111/j.1467-9280.2008.02195.x,PS,3.8218511206753033e-22
Row.124,control_10.1111/j.1467-9280.2008.02196.x,PS,3.155795361331473e-22
Row.124,control_10.1111/j.1467-9280.2008.02197.x,PS,0.0
Row.124,control_10.1111/j.1467-9280.2008.02198.x,PS,0.0
Row.124,control_10.1111/j.1467-9280.2008.02200.x,PS,0.0
Row.124,control_10.1111/j.1467-9280.2008.02201.x,PS,0.0
Row.124,control_10.1111/j.1467-9280.2008.02202.x,PS,0.0
Row.124,control_10.1111/j.1467-9280.2008.02203.x,PS,0.1624346094851463
Row.124,control_10.1111/j.1467-9280.2008.02204.x,PS,0.0
Row.124,control_10.1111/j.1467-9280.2008.02205.x,PS,6.993296238510453e-22
Row.124,control_10.1111/j.1467-9280.2008.02206.x,PS,1.1012333329424688e-21
Row.124,control_10.1111/j.1467-9280.2008.02207.x,PS,6.828593271377984e-22
Row.124,control_10.1111/j.1467-9280.2008.02208.x,PS,4.3694300583026503e-23
Row.124,control_10.1111/j.1467-9280.2008.02209.x,PS,4.424431658014397e-22
Row.124,control_10.1111/j.1467-9280.2008.02210.x,PS,0.06323013197776253
Row.124,control_10.1111/j.1467-9280.2008.02211.x,PS,0.0
Row.124,control_10.1111/j.1467-9280.2008.02212.x,PS,2.0921788227039896e-21
Row.124,control_10.1111/j.1467-9280.2008.02213.x,PS,9.377524074164923e-22
Row.124,control_10.1111/j.1467-9280.2008.02214.x,PS,2.514011979376044e-21
Row.124,control_10.1111/j.1467-9280.2008.02215.x,PS,6.50792925144717e-05
Row.124,control_10.1111/j.1467-9280.2008.02216.x,PS,0.024444859775635753
Row.124,control_10.1111/j.1467-9280.2008.02217.x,PS,0.023968089410744544
Row.124,control_10.1111/j.1467-9280.2008.02218.x,PS,1.4892819342043537e-21
Row.124,control_10.1111/j.1467-9280.2008.02219.x,PS,9.401678081180267e-08
Row.124,control_10.1111/j.1467-9280.2008.02220.x,PS,0.0
Row.124,control_10.1111/j.1467-9280.2008.02221.x,PS,0.038914958657970164
Row.124,control_10.1111/j.1467-9280.2008.02222.x,PS,9.850296330937016e-22
Row.124,control_10.1111/j.1467-9280.2008.02223.x,PS,8.241547588676484e-22
Row.124,control_10.1111/j.1467-9280.2008.02224.x,PS,0.00020816725318861036
Row.124,control_10.1111/j.1467-9280.2008.02225.x,PS,0.00012863614646982
Row.124,control_10.1111/j.1467-9280.2008.02226.x,PS,0.0
Row.124,control_10.1111/j.1467-9280.2008.02228.x,PS,0.0
Row.124,control_10.1111/j.1467-9280.2008.02229.x,PS,0.08921016658668614
Row.124,control_10.1111/j.1467-9280.2008.02230.x,PS,2.986147466682537e-07
Row.124,control_10.1111/j.1467-9280.2008.02231.x,PS,1.6111871847020701e-21
Row.124,control_10.1111/j.1467-9280.2008.02232.x,PS,0.0
Row.124,control_10.1111/j.1467-9280.2008.02233.x,PS,0.0
Row.124,control_10.1111/j.1467-9280.2008.02234.x,PS,3.1558789569179075e-21
Row.124,control_10.1111/j.1467-9280.2008.02235.x,PS,4.469365651747354e-22
Row.124,control_10.1111/j.1467-9280.2008.02236.x,PS,0.0
Row.124,control_10.1111/j.1467-9280.2008.02237.x,PS,0.006422146824896508
Row.124,control_10.1111/j.1467-9280.2008.02238.x,PS,2.207025140160359e-21
Row.124,control_10.1111/j.1467-9280.2008.02239.x,PS,1.932552651169591e-21
Row.124,control_10.1111/j.1467-9280.2008.02240.x,PS,0.1242379700187092
Row.124,control_10.1111/j.1467-9280.2008.02241.x,PS,1.1443893779381592e-21
Row.127,control_10.1111/j.1467-9280.2008.02036.x,PS,0.003903313666068528
Row.127,control_10.1111/j.1467-9280.2008.02037.x,PS,0.001403717147289693
Row.127,control_10.1111/j.1467-9280.2008.02038.x,PS,0.009122311372428738
Row.127,control_10.1111/j.1467-9280.2008.02047.x,PS,0.0001974642812672401
Row.127,control_10.1111/j.1467-9280.2008.02048.x,PS,0.0024926799377136474
Row.127,control_10.1111/j.1467-9280.2008.02055.x,PS,0.005845480902952199
Row.127,control_10.1111/j.1467-9280.2008.02058.x,PS,4.870504584867964e-05
Row.127,control_10.1111/j.1467-9280.2008.02059.x,PS,0.0022199004540548934
Row.127,control_10.1111/j.1467-9280.2008.02063.x,PS,0.003416128318670846
Row.127,control_10.1111/j.1467-9280.2008.02065.x,PS,0.00047990188896055114
Row.127,control_10.1111/j.1467-9280.2008.02067.x,PS,0.0186253723589633
Row.127,control_10.1111/j.1467-9280.2008.02068.x,PS,0.0005346779306691253
Row.127,control_10.1111/j.1467-9280.2008.02071.x,PS,0.0014846049485882657
Row.127,control_10.1111/j.1467-9280.2008.02073.x,PS,0.0022011943597110176
Row.127,control_10.1111/j.1467-9280.2008.02074.x,PS,7.886652676373407e-06
Row.127,control_10.1111/j.1467-9280.2008.02075.x,PS,0.0037557234418648285
Row.127,control_10.1111/j.1467-9280.2008.02079.x,PS,0.0006371013798377627
Row.127,control_10.1111/j.1467-9280.2008.02083.x,PS,0.00032030034344279626
Row.127,control_10.1111/j.1467-9280.2008.02086.x,PS,0.0040991066104648175
Row.127,control_10.1111/j.1467-9280.2008.02087.x,PS,0.0002297136700358418
Row.127,control_10.1111/j.1467-9280.2008.02094.x,PS,0.00231087451214439
Row.127,control_10.1111/j.1467-9280.2008.02096.x,PS,9.660603116659463e-05
Row.127,control_10.1111/j.1467-9280.2008.02099.x,PS,0.0006660411806657862
Row.127,control_10.1111/j.1467-9280.2008.02102.x,PS,0.0006292474042673515
Row.127,control_10.1111/j.1467-9280.2008.02103.x,PS,0.03867354618381505
Row.127,control_10.1111/j.1467-9280.2008.02104.x,PS,0.010871245789099246
Row.127,control_10.1111/j.1467-9280.2008.02105.x,PS,0.003325128400801725
Row.127,control_10.1111/j.1467-9280.2008.02106.x,PS,0.02466964042098948
Row.127,control_10.1111/j.1467-9280.2008.02107.x,PS,0.0003598211588432591
Row.127,control_10.1111/j.1467-9280.2008.02108.x,PS,4.371839705835786e-05
Row.127,control_10.1111/j.1467-9280.2008.02109.x,PS,0.0010333219652464227
Row.127,control_10.1111/j.1467-9280.2008.02110.x,PS,0.021719604590184485
Row.127,control_10.1111/j.1467-9280.2008.02111.x,PS,0.00972944944360211
Row.127,control_10.1111/j.1467-9280.2008.02112.x,PS,0.0028115876348065918
Row.127,control_10.1111/j.1467-9280.2008.02113.x,PS,0.0016021096141917955
Row.127,control_10.1111/j.1467-9280.2008.02114.x,PS,0.0016774658051239752
Row.127,control_10.1111/j.1467-9280.2008.02115.x,PS,0.0022331723569818576
Row.127,control_10.1111/j.1467-9280.2008.02116.x,PS,0.0010430163108466391
Row.127,control_10.1111/j.1467-9280.2008.02117.x,PS,0.0006251633626114499
Row.127,control_10.1111/j.1467-9280.2008.02118.x,PS,0.0009978087995860332
Row.127,control_10.1111/j.1467-9280.2008.02119.x,PS,0.0017356693693359574
Row.127,control_10.1111/j.1467-9280.2008.02120.x,PS,0.0008040723922061965
Row.127,control_10.1111/j.1467-9280.2008.02121.x,PS,0.03155335066625468
Row.127,control_10.1111/j.1467-9280.2008.02122.x,PS,0.0014598373762528748
Row.127,control_10.1111/j.1467-9280.2008.02123.x,PS,0.0033630401927862577
Row.127,control_10.1111/j.1467-9280.2008.02125.x,PS,0.007620457547107092
Row.127,control_10.1111/j.1467-9280.2008.02126.x,PS,0.0003839942791117676
Row.127,control_10.1111/j.1467-9280.2008.02127.x,PS,0.00030840476702021316
Row.127,control_10.1111/j.1467-9280.2008.02129.x,PS,0.00281545223080815
Row.127,control_10.1111/j.1467-9280.2008.02130.x,PS,0.00116770857454348
Row.127,control_10.1111/j.1467-9280.2008.02131.x,PS,0.003689301016010128
Row.127,control_10.1111/j.1467-9280.2008.02132.x,PS,0.0007375293675666298
Row.127,control_10.1111/j.1467-9280.2008.02133.x,PS,0.0002548313509950113
Row.127,control_10.1111/j.1467-9280.2008.02134.x,PS,0.019767735502287092
Row.127,control_10.1111/j.1467-9280.2008.02135.x,PS,0.024562702214488127
Row.127,control_10.1111/j.1467-9280.2008.02137.x,PS,0.0009661820809170945
Row.127,control_10.1111/j.1467-9280.2008.02138.x,PS,0.030186692537546456
Row.127,control_10.1111/j.1467-9280.2008.02139.x,PS,0.0008044460484755309
Row.127,control_10.1111/j.1467-9280.2008.02140.x,PS,0.03736203849669383
Row.127,control_10.1111/j.1467-9280.2008.02141.x,PS,0.004787348451753109
Row.127,control_10.1111/j.1467-9280.2008.02142.x,PS,0.002733253793821218
Row.127,control_10.1111/j.1467-9280.2008.02143.x,PS,0.0033314089310782675
Row.127,control_10.1111/j.1467-9280.2008.02144.x,PS,0.030787272689829285
Row.127,control_10.1111/j.1467-9280.2008.02145.x,PS,0.017865886305713907
Row.127,control_10.1111/j.1467-9280.2008.02146.x,PS,0.0008572692616317408
Row.127,control_10.1111/j.1467-9280.2008.02147.x,PS,0.019264790912491322
Row.127,control_10.1111/j.1467-9280.2008.02148.x,PS,0.0003745026758402339
Row.127,control_10.1111/j.1467-9280.2008.02149.x,PS,0.05650905943767786
Row.127,control_10.1111/j.1467-9280.2008.02150.x,PS,0.004976579695147527
Row.127,control_10.1111/j.1467-9280.2008.02151.x,PS,6.0915785464263925e-05
Row.127,control_10.1111/j.1467-9280.2008.02152.x,PS,0.0006995580201730163
Row.127,control_10.1111/j.1467-9280.2008.02153.x,PS,0.007080107150760481
Row.127,control_10.1111/j.1467-9280.2008.02154.x,PS,0.0005250492931213258
Row.127,control_10.1111/j.1467-9280.2008.02155.x,PS,0.00038434307214517394
Row.127,control_10.1111/j.1467-9280.2008.02156.x,PS,0.00012694122152478784
Row.127,control_10.1111/j.1467-9280.2008.02158.x,PS,7.974775853557691e-05
Row.127,control_10.1111/j.1467-9280.2008.02160.x,PS,0.0024792508700029743
Row.127,control_10.1111/j.1467-9280.2008.02161.x,PS,0.0021165189294641584
Row.127,control_10.1111/j.1467-9280.2008.02162.x,PS,0.0006218649735658494
Row.127,control_10.1111/j.1467-9280.2008.02163.x,PS,0.0009418083484737189
Row.127,control_10.1111/j.1467-9280.2008.02164.x,PS,0.0280611795857478
Row.127,control_10.1111/j.1467-9280.2008.02165.x,PS,0.0002121378854201083
Row.127,control_10.1111/j.1467-9280.2008.02166.x,PS,0.022072454794665217
Row.127,control_10.1111/j.1467-9280.2008.02167.x,PS,0.004298069672038883
Row.127,control_10.1111/j.1467-9280.2008.02168.x,PS,0.0001840134349047663
Row.127,control_10.1111/j.1467-9280.2008.02169.x,PS,0.0009108043178465085
Row.127,control_10.1111/j.1467-9280.2008.02170.x,PS,0.0032560402098495674
Row.127,control_10.1111/j.1467-9280.2008.02171.x,PS,1.7221518218624208e-05
Row.127,control_10.1111/j.1467-9280.2008.02173.x,PS,0.027123824100944535
Row.127,control_10.1111/j.1467-9280.2008.02174.x,PS,3.9652668897479004e-05
Row.127,control_10.1111/j.1467-9280.2008.02175.x,PS,0.0008599848127799081
Row.127,control_10.1111/j.1467-9280.2008.02176.x,PS,0.0013940085328105313
Row.127,control_10.1111/j.1467-9280.2008.02177.x,PS,0.0001391137610571859
Row.127,control_10.1111/j.1467-9280.2008.02178.x,PS,0.0005242326493858164
Row.127,control_10.1111/j.1467-9280.2008.02179.x,PS,0.005669331432696133
Row.127,control_10.1111/j.1467-9280.2008.02180.x,PS,0.0025270025177625503
Row.127,control_10.1111/j.1467-9280.2008.02182.x,PS,0.00033986410786712875
Row.127,control_10.1111/j.1467-9280.2008.02183.x,PS,0.0004741942450854723
Row.127,control_10.1111/j.1467-9280.2008.02184.x,PS,0.012613482225431646
Row.127,control_10.1111/j.1467-9280.2008.02185.x,PS,0.006849510798555004
Row.127,control_10.1111/j.1467-9280.2008.02186.x,PS,0.008168455666295024
Row.127,control_10.1111/j.1467-9280.2008.02188.x,PS,0.0023188206617573686
Row.127,control_10.1111/j.1467-9280.2008.02189.x,PS,0.0007204958605334394
Row.127,control_10.1111/j.1467-9280.2008.02190.x,PS,0.010375962570811435
Row.127,control_10.1111/j.1467-9280.2008.02191.x,PS,0.002005734790617323
Row.127,control_10.1111/j.1467-9280.2008.02192.x,PS,0.0012349342797458964
Row.127,control_10.1111/j.1467-9280.2008.02193.x,PS,0.01742559698758292
Row.127,control_10.1111/j.1467-9280.2008.02194.x,PS,0.001099129709607642
Row.127,control_10.1111/j.1467-9280.2008.02195.x,PS,0.0015288149104455057
Row.127,control_10.1111/j.1467-9280.2008.02196.x,PS,6.443062447272504e-05
Row.127,control_10.1111/j.1467-9280.2008.02197.x,PS,0.0015374388297219788
Row.127,control_10.1111/j.1467-9280.2008.02198.x,PS,0.0017665713736599341
Row.127,control_10.1111/j.1467-9280.2008.02200.x,PS,0.003781615714584768
Row.127,control_10.1111/j.1467-9280.2008.02201.x,PS,0.0027309554418001062
Row.127,control_10.1111/j.1467-9280.2008.02202.x,PS,0.0014457680756906862
Row.127,control_10.1111/j.1467-9280.2008.02203.x,PS,0.02199078007676591
Row.127,control_10.1111/j.1467-9280.2008.02204.x,PS,1.997576652571122e-05
Row.127,control_10.1111/j.1467-9280.2008.02205.x,PS,0.0009799078764643064
Row.127,control_10.1111/j.1467-9280.2008.02206.x,PS,0.00866370338463042
Row.127,control_10.1111/j.1467-9280.2008.02207.x,PS,0.0016462773967203153
Row.127,control_10.1111/j.1467-9280.2008.02208.x,PS,6.080178654979015e-06
Row.127,control_10.1111/j.1467-9280.2008.02209.x,PS,0.0001761219288110625
Row.127,control_10.1111/j.1467-9280.2008.02210.x,PS,0.006887565730620022
Row.127,control_10.1111/j.1467-9280.2008.02211.x,PS,0.0001757901270247238
Row.127,control_10.1111/j.1467-9280.2008.02212.x,PS,0.00041810554086064034
Row.127,control_10.1111/j.1467-9280.2008.02213.x,PS,9.461692430458378e-05
Row.127,control_10.1111/j.1467-9280.2008.02214.x,PS,0.0002575592372347183
Row.127,control_10.1111/j.1467-9280.2008.02215.x,PS,6.02879670766884e-06
Row.127,control_10.1111/j.1467-9280.2008.02216.x,PS,0.0013807320899563054
Row.127,control_10.1111/j.1467-9280.2008.02217.x,PS,0.039129329883788894
Row.127,control_10.1111/j.1467-9280.2008.02218.x,PS,0.0001854775625342683
Row.127,control_10.1111/j.1467-9280.2008.02219.x,PS,0.0202288259556451
Row.127,control_10.1111/j.1467-9280.2008.02220.x,PS,5.2014315666888096e-05
Row.127,control_10.1111/j.1467-9280.2008.02221.x,PS,0.002745437459791105
Row.127,control_10.1111/j.1467-9280.2008.02222.x,PS,9.874013312843308e-05
Row.127,control_10.1111/j.1467-9280.2008.02223.x,PS,0.0007985499273979373
Row.127,control_10.1111/j.1467-9280.2008.02224.x,PS,0.004690067097961725
Row.127,control_10.1111/j.1467-9280.2008.02225.x,PS,0.009324454470640153
Row.127,control_10.1111/j.1467-9280.2008.02226.x,PS,9.097365807049004e-05
Row.127,control_10.1111/j.1467-9280.2008.02228.x,PS,7.124841063399173e-05
Row.127,control_10.1111/j.1467-9280.2008.02229.x,PS,0.04808452072916511
Row.127,control_10.1111/j.1467-9280.2008.02230.x,PS,0.0056694281934127145
Row.127,control_10.1111/j.1467-9280.2008.02231.x,PS,0.0003633899052170244
Row.127,control_10.1111/j.1467-9280.2008.02232.x,PS,0.024008011980892186
Row.127,control_10.1111/j.1467-9280.2008.02233.x,PS,1.3624738253723951e-05
Row.127,control_10.1111/j.1467-9280.2008.02234.x,PS,0.03711328467570275
Row.127,control_10.1111/j.1467-9280.2008.02235.x,PS,0.0005038991776316687
Row.127,control_10.1111/j.1467-9280.2008.02236.x,PS,0.0014621097283872302
Row.127,control_10.1111/j.1467-9280.2008.02237.x,PS,0.0042551111210430296
Row.127,control_10.1111/j.1467-9280.2008.02238.x,PS,0.0029537924055409374
Row.127,control_10.1111/j.1467-9280.2008.02239.x,PS,4.844848222247546e-05
Row.127,control_10.1111/j.1467-9280.2008.02240.x,PS,0.06915766351946617
Row.127,control_10.1111/j.1467-9280.2008.02241.x,PS,0.00018672498106883745
Row.129,control_10.1111/j.1467-9280.2008.02036.x,PS,0.030229989833661937
Row.129,control_10.1111/j.1467-9280.2008.02037.x,PS,1.8391132846425094e-05
Row.129,control_10.1111/j.1467-9280.2008.02038.x,PS,0.015682424276297763
Row.129,control_10.1111/j.1467-9280.2008.02047.x,PS,0.0
Row.129,control_10.1111/j.1467-9280.2008.02048.x,PS,0.011288394697910462
Row.129,control_10.1111/j.1467-9280.2008.02055.x,PS,4.664539531989871e-06
Row.129,control_10.1111/j.1467-9280.2008.02058.x,PS,8.315701289946382e-05
Row.129,control_10.1111/j.1467-9280.2008.02059.x,PS,0.02794208776817255
Row.129,control_10.1111/j.1467-9280.2008.02063.x,PS,0.00011524913224030509
Row.129,control_10.1111/j.1467-9280.2008.02065.x,PS,0.00018702638084479084
Row.129,control_10.1111/j.1467-9280.2008.02067.x,PS,0.0009066341257910488
Row.129,control_10.1111/j.1467-9280.2008.02068.x,PS,0.002957654061126158
Row.129,control_10.1111/j.1467-9280.2008.02071.x,PS,1.7374635410815252e-05
Row.129,control_10.1111/j.1467-9280.2008.02073.x,PS,0.007626724484347378
Row.129,control_10.1111/j.1467-9280.2008.02074.x,PS,0.0007568235307915696
Row.129,control_10.1111/j.1467-9280.2008.02075.x,PS,1.7973344769587705e-05
Row.129,control_10.1111/j.1467-9280.2008.02079.x,PS,1.316631949665899e-05
Row.129,control_10.1111/j.1467-9280.2008.02083.x,PS,0.0008454280525696439
Row.129,control_10.1111/j.1467-9280.2008.02086.x,PS,0.07140002972795995
Row.129,control_10.1111/j.1467-9280.2008.02087.x,PS,0.0001185249922529391
Row.129,control_10.1111/j.1467-9280.2008.02094.x,PS,2.3833535898548346e-05
Row.129,control_10.1111/j.1467-9280.2008.02096.x,PS,0.0005949709635784195
Row.129,control_10.1111/j.1467-9280.2008.02099.x,PS,2.222642602935466e-05
Row.129,control_10.1111/j.1467-9280.2008.02102.x,PS,0.00011380512931963467
Row.129,control_10.1111/j.1467-9280.2008.02103.x,PS,0.0012799001989928856
Row.129,control_10.1111/j.1467-9280.2008.02104.x,PS,7.835957589560787e-05
Row.129,control_10.1111/j.1467-9280.2008.02105.x,PS,2.0973719895797007e-05
Row.129,control_10.1111/j.1467-9280.2008.02106.x,PS,0.0010854716884395048
Row.129,control_10.1111/j.1467-9280.2008.02107.x,PS,2.4352168857871882e-05
Row.129,control_10.1111/j.1467-9280.2008.02108.x,PS,0.00010851802751788206
Row.129,control_10.1111/j.1467-9280.2008.02109.x,PS,0.002195810203697218
Row.129,control_10.1111/j.1467-9280.2008.02110.x,PS,0.00612076934781268
Row.129,control_10.1111/j.1467-9280.2008.02111.x,PS,0.04470284935482127
Row.129,control_10.1111/j.1467-9280.2008.02112.x,PS,0.00031558121332997483
Row.129,control_10.1111/j.1467-9280.2008.02113.x,PS,0.00362199519777634
Row.129,control_10.1111/j.1467-9280.2008.02114.x,PS,0.0003148654190608288
Row.129,control_10.1111/j.1467-9280.2008.02115.x,PS,0.029899172807607524
Row.129,control_10.1111/j.1467-9280.2008.02116.x,PS,0.016784036582819194
Row.129,control_10.1111/j.1467-9280.2008.02117.x,PS,0.0014508178581847373
Row.129,control_10.1111/j.1467-9280.2008.02118.x,PS,1.484304007722724e-07
Row.129,control_10.1111/j.1467-9280.2008.02119.x,PS,0.018877637415640077
Row.129,control_10.1111/j.1467-9280.2008.02120.x,PS,0.0019423448281283948
Row.129,control_10.1111/j.1467-9280.2008.02121.x,PS,0.002709550498970119
Row.129,control_10.1111/j.1467-9280.2008.02122.x,PS,0.0002872608977871905
Row.129,control_10.1111/j.1467-9280.2008.02123.x,PS,0.00026418662325661734
Row.129,control_10.1111/j.1467-9280.2008.02125.x,PS,0.07247856250388256
Row.129,control_10.1111/j.1467-9280.2008.02126.x,PS,0.0009703807658664636
Row.129,control_10.1111/j.1467-9280.2008.02127.x,PS,5.138097238419736e-07
Row.129,control_10.1111/j.1467-9280.2008.02129.x,PS,0.028783287146817004
Row.129,control_10.1111/j.1467-9280.2008.02130.x,PS,0.045531496542799706
Row.129,control_10.1111/j.1467-9280.2008.02131.x,PS,7.2567357601598246e-06
Row.129,control_10.1111/j.1467-9280.2008.02132.x,PS,0.0038732643163717747
Row.129,control_10.1111/j.1467-9280.2008.02133.x,PS,0.0035040215400935866
Row.129,control_10.1111/j.1467-9280.2008.02134.x,PS,2.5135238417967246e-05
Row.129,control_10.1111/j.1467-9280.2008.02135.x,PS,0.0004327204424616423
Row.129,control_10.1111/j.1467-9280.2008.02137.x,PS,0.020420512340570216
Row.129,control_10.1111/j.1467-9280.2008.02138.x,PS,0.00026800359568076746
Row.129,control_10.1111/j.1467-9280.2008.02139.x,PS,0.03941026621753588
Row.129,control_10.1111/j.1467-9280.2008.02140.x,PS,0.0005646414181948925
Row.129,control_10.1111/j.1467-9280.2008.02141.x,PS,1.3721714705706892e-05
Row.129,control_10.1111/j.1467-9280.2008.02142.x,PS,0.03893627886210107
Row.129,control_10.1111/j.1467-9280.2008.02143.x,PS,0.00015931187806381023
Row.129,control_10.1111/j.1467-9280.2008.02144.x,PS,0.0025736233159263117
Row.129,control_10.1111/j.1467-9280.2008.02145.x,PS,0.0005044941675162286
Row.129,control_10.1111/j.1467-9280.2008.02146.x,PS,1.0501627844391353e-05
Row.129,control_10.1111/j.1467-9280.2008.02147.x,PS,0.0010617588357347224
Row.129,control_10.1111/j.1467-9280.2008.02148.x,PS,0.0003281436484644898
Row.129,control_10.1111/j.1467-9280.2008.02149.x,PS,0.0008326022364259758
Row.129,control_10.1111/j.1467-9280.2008.02150.x,PS,0.00094611294944512
Row.129,control_10.1111/j.1467-9280.2008.02151.x,PS,7.33273334732672e-05
Row.129,control_10.1111/j.1467-9280.2008.02152.x,PS,0.0017439540720970614
Row.129,control_10.1111/j.1467-9280.2008.02153.x,PS,0.0004566372487859846
Row.129,control_10.1111/j.1467-9280.2008.02154.x,PS,0.00039665306312132047
Row.129,control_10.1111/j.1467-9280.2008.02155.x,PS,1.8975626655061918e-05
Row.129,control_10.1111/j.1467-9280.2008.02156.x,PS,0.00011883581064817104
Row.129,control_10.1111/j.1467-9280.2008.02158.x,PS,0.006399775725869737
Row.129,control_10.1111/j.1467-9280.2008.02160.x,PS,4.403957135787781e-06
Row.129,control_10.1111/j.1467-9280.2008.02161.x,PS,6.788242775554436e-05
Row.129,control_10.1111/j.1467-9280.2008.02162.x,PS,0.0007208055314127355
Row.129,control_10.1111/j.1467-9280.2008.02163.x,PS,0.005182823630097784
Row.129,control_10.1111/j.1467-9280.2008.02164.x,PS,4.765689887917443e-05
Row.129,control_10.1111/j.1467-9280.2008.02165.x,PS,4.424044331409984e-07
Row.129,control_10.1111/j.1467-9280.2008.02166.x,PS,0.0015115724464318664
Row.129,control_10.1111/j.1467-9280.2008.02167.x,PS,0.0012530947017840171
Row.129,control_10.1111/j.1467-9280.2008.02168.x,PS,3.3519588925537688e-06
Row.129,control_10.1111/j.1467-9280.2008.02169.x,PS,0.03387329548117307
Row.129,control_10.1111/j.1467-9280.2008.02170.x,PS,0.002343965110372277
Row.129,control_10.1111/j.1467-9280.2008.02171.x,PS,0.0013007373404405427
Row.129,control_10.1111/j.1467-9280.2008.02173.x,PS,0.0006642655248166603
Row.129,control_10.1111/j.1467-9280.2008.02174.x,PS,9.352969138339976e-07
Row.129,control_10.1111/j.1467-9280.2008.02175.x,PS,0.0003814512032845882
Row.129,control_10.1111/j.1467-9280.2008.02176.x,PS,0.006818824525065429
Row.129,control_10.1111/j.1467-9280.2008.02177.x,PS,1.8701916240651695e-05
Row.129,control_10.1111/j.1467-9280.2008.02178.x,PS,1.1105861474514465e-05
Row.129,control_10.1111/j.1467-9280.2008.02179.x,PS,0.012937597433186324
Row.129,control_10.1111/j.1467-9280.2008.02180.x,PS,0.03614360080166829
Row.129,control_10.1111/j.1467-9280.2008.02182.x,PS,5.2803308710900805e-05
Row.129,control_10.1111/j.1467-9280.2008.02183.x,PS,0.0165006998118664
Row.129,control_10.1111/j.1467-9280.2008.02184.x,PS,0.00033267854932352833
Row.129,control_10.1111/j.1467-9280.2008.02185.x,PS,0.00043215571338471267
Row.129,control_10.1111/j.1467-9280.2008.02186.x,PS,0.0002404407243694256
Row.129,control_10.1111/j.1467-9280.2008.02188.x,PS,0.0003886783247341387
Row.129,control_10.1111/j.1467-9280.2008.02189.x,PS,0.0002572837228573871
Row.129,control_10.1111/j.1467-9280.2008.02190.x,PS,0.010696681171088629
Row.129,control_10.1111/j.1467-9280.2008.02191.x,PS,4.3113722900450444e-05
Row.129,control_10.1111/j.1467-9280.2008.02192.x,PS,1.6221043857266373e-05
Row.129,control_10.1111/j.1467-9280.2008.02193.x,PS,0.03570658643554552
Row.129,control_10.1111/j.1467-9280.2008.02194.x,PS,0.0008732150112124889
Row.129,control_10.1111/j.1467-9280.2008.02195.x,PS,0.0006923988907391504
Row.129,control_10.1111/j.1467-9280.2008.02196.x,PS,2.5244988881866215e-05
Row.129,control_10.1111/j.1467-9280.2008.02197.x,PS,0.0001849825357635496
Row.129,control_10.1111/j.1467-9280.2008.02198.x,PS,4.5789381995172406e-07
Row.129,control_10.1111/j.1467-9280.2008.02200.x,PS,6.670421259336997e-05
Row.129,control_10.1111/j.1467-9280.2008.02201.x,PS,5.740419447386152e-05
Row.129,control_10.1111/j.1467-9280.2008.02202.x,PS,0.018395462562194296
Row.129,control_10.1111/j.1467-9280.2008.02203.x,PS,0.013040226025135573
Row.129,control_10.1111/j.1467-9280.2008.02204.x,PS,1.0294993481035822e-06
Row.129,control_10.1111/j.1467-9280.2008.02205.x,PS,0.0020269585564031078
Row.129,control_10.1111/j.1467-9280.2008.02206.x,PS,0.0037835987412961087
Row.129,control_10.1111/j.1467-9280.2008.02207.x,PS,0.015668736760248568
Row.129,control_10.1111/j.1467-9280.2008.02208.x,PS,0.003843454702239828
Row.129,control_10.1111/j.1467-9280.2008.02209.x,PS,0.004262979959518556
Row.129,control_10.1111/j.1467-9280.2008.02210.x,PS,0.0004984341718566953
Row.129,control_10.1111/j.1467-9280.2008.02211.x,PS,0.00037099145256282347
Row.129,control_10.1111/j.1467-9280.2008.02212.x,PS,0.0011584319015636444
Row.129,control_10.1111/j.1467-9280.2008.02213.x,PS,0.00012668125927461934
Row.129,control_10.1111/j.1467-9280.2008.02214.x,PS,0.002163024898716037
Row.129,control_10.1111/j.1467-9280.2008.02215.x,PS,0.0009193897786621236
Row.129,control_10.1111/j.1467-9280.2008.02216.x,PS,0.032831601331951475
Row.129,control_10.1111/j.1467-9280.2008.02217.x,PS,0.0012507922783302717
Row.129,control_10.1111/j.1467-9280.2008.02218.x,PS,1.2172224334758095e-06
Row.129,control_10.1111/j.1467-9280.2008.02219.x,PS,0.0018105488342358414
Row.129,control_10.1111/j.1467-9280.2008.02220.x,PS,0.0019855434488871056
Row.129,control_10.1111/j.1467-9280.2008.02221.x,PS,0.012652736539332207
Row.129,control_10.1111/j.1467-9280.2008.02222.x,PS,1.3094654939471261e-05
Row.129,control_10.1111/j.1467-9280.2008.02223.x,PS,0.02268416848389539
Row.129,control_10.1111/j.1467-9280.2008.02224.x,PS,0.0012376587671743986
Row.129,control_10.1111/j.1467-9280.2008.02225.x,PS,0.00265357622713974
Row.129,control_10.1111/j.1467-9280.2008.02226.x,PS,1.658952738147376e-05
Row.129,control_10.1111/j.1467-9280.2008.02228.x,PS,0.0003617070688820427
Row.129,control_10.1111/j.1467-9280.2008.02229.x,PS,0.0024403987646816664
Row.129,control_10.1111/j.1467-9280.2008.02230.x,PS,0.02616604473735031
Row.129,control_10.1111/j.1467-9280.2008.02231.x,PS,3.92165749446253e-06
Row.129,control_10.1111/j.1467-9280.2008.02232.x,PS,3.646745491757835e-05
Row.129,control_10.1111/j.1467-9280.2008.02233.x,PS,1.3709798888530497e-05
Row.129,control_10.1111/j.1467-9280.2008.02234.x,PS,0.000458961429038498
Row.129,control_10.1111/j.1467-9280.2008.02235.x,PS,0.000854115244648838
Row.129,control_10.1111/j.1467-9280.2008.02236.x,PS,1.9753513819275178e-05
Row.129,control_10.1111/j.1467-9280.2008.02237.x,PS,0.08061192414873757
Row.129,control_10.1111/j.1467-9280.2008.02238.x,PS,3.330613695709752e-05
Row.129,control_10.1111/j.1467-9280.2008.02239.x,PS,0.00016894236046511085
Row.129,control_10.1111/j.1467-9280.2008.02240.x,PS,0.0016349581633361841
Row.129,control_10.1111/j.1467-9280.2008.02241.x,PS,4.867033478582567e-05
Row.132,control_10.1111/j.1467-9280.2008.02036.x,PS,0.0
Row.132,control_10.1111/j.1467-9280.2008.02037.x,PS,4.724364093557423e-05
Row.132,control_10.1111/j.1467-9280.2008.02038.x,PS,0.0
Row.132,control_10.1111/j.1467-9280.2008.02047.x,PS,2.5336401749313364e-21
Row.132,control_10.1111/j.1467-9280.2008.02048.x,PS,0.0
Row.132,control_10.1111/j.1467-9280.2008.02055.x,PS,0.00024438811188284143
Row.132,control_10.1111/j.1467-9280.2008.02058.x,PS,2.5424745280674903e-22
Row.132,control_10.1111/j.1467-9280.2008.02059.x,PS,0.0
Row.132,control_10.1111/j.1467-9280.2008.02063.x,PS,0.0
Row.132,control_10.1111/j.1467-9280.2008.02065.x,PS,1.954024902524011e-21
Row.132,control_10.1111/j.1467-9280.2008.02067.x,PS,2.0021022738700505e-21
Row.132,control_10.1111/j.1467-9280.2008.02068.x,PS,2.0407463771929452e-21
Row.132,control_10.1111/j.1467-9280.2008.02071.x,PS,1.1921679690509708e-21
Row.132,control_10.1111/j.1467-9280.2008.02073.x,PS,3.409320736330319e-21
Row.132,control_10.1111/j.1467-9280.2008.02074.x,PS,7.100848578957306e-21
Row.132,control_10.1111/j.1467-9280.2008.02075.x,PS,0.0
Row.132,control_10.1111/j.1467-9280.2008.02079.x,PS,0.0
Row.132,control_10.1111/j.1467-9280.2008.02083.x,PS,4.940543482973125e-22
Row.132,control_10.1111/j.1467-9280.2008.02086.x,PS,1.4184717880329488e-21
Row.132,control_10.1111/j.1467-9280.2008.02087.x,PS,0.0
Row.132,control_10.1111/j.1467-9280.2008.02094.x,PS,2.743824748647769e-06
Row.132,control_10.1111/j.1467-9280.2008.02096.x,PS,1.4784999546133257e-22
Row.132,control_10.1111/j.1467-9280.2008.02099.x,PS,1.2680409494508187e-21
Row.132,control_10.1111/j.1467-9280.2008.02102.x,PS,7.558135728056419e-22
Row.132,control_10.1111/j.1467-9280.2008.02103.x,PS,2.91302520458269e-21
Row.132,control_10.1111/j.1467-9280.2008.02104.x,PS,0.05460801517590785
Row.132,control_10.1111/j.1467-9280.2008.02105.x,PS,0.012601395474963433
Row.132,control_10.1111/j.1467-9280.2008.02106.x,PS,9.514363526978489e-22
Row.132,control_10.1111/j.1467-9280.2008.02107.x,PS,0.0
Row.132,control_10.1111/j.1467-9280.2008.02108.x,PS,2.687198403911745e-21
Row.132,control_10.1111/j.1467-9280.2008.02109.x,PS,5.449293343941769e-23
Row.132,control_10.1111/j.1467-9280.2008.02110.x,PS,0.038057545545812775
Row.132,control_10.1111/j.1467-9280.2008.02111.x,PS,2.2432513741739715e-21
Row.132,control_10.1111/j.1467-9280.2008.02112.x,PS,2.186481182920932e-21
Row.132,control_10.1111/j.1467-9280.2008.02113.x,PS,0.0
Row.132,control_10.1111/j.1467-9280.2008.02114.x,PS,0.0
Row.132,control_10.1111/j.1467-9280.2008.02115.x,PS,0.0
Row.132,control_10.1111/j.1467-9280.2008.02116.x,PS,4.576237016722107e-21
Row.132,control_10.1111/j.1467-9280.2008.02117.x,PS,2.9587698364997004e-22
Row.132,control_10.1111/j.1467-9280.2008.02118.x,PS,0.0
Row.132,control_10.1111/j.1467-9280.2008.02119.x,PS,0.03189747839070187
Row.132,control_10.1111/j.1467-9280.2008.02120.x,PS,2.872245328075481e-22
Row.132,control_10.1111/j.1467-9280.2008.02121.x,PS,0.0
Row.132,control_10.1111/j.1467-9280.2008.02122.x,PS,0.0
Row.132,control_10.1111/j.1467-9280.2008.02123.x,PS,0.0
Row.132,control_10.1111/j.1467-9280.2008.02125.x,PS,0.0
Row.132,control_10.1111/j.1467-9280.2008.02126.x,PS,0.0
Row.132,control_10.1111/j.1467-9280.2008.02127.x,PS,0.0
Row.132,control_10.1111/j.1467-9280.2008.02129.x,PS,1.6786562926665346e-22
Row.132,control_10.1111/j.1467-9280.2008.02130.x,PS,2.2284308883057964e-21
Row.132,control_10.1111/j.1467-9280.2008.02131.x,PS,2.47436066106775e-07
Row.132,control_10.1111/j.1467-9280.2008.02132.x,PS,7.29524583875231e-22
Row.132,control_10.1111/j.1467-9280.2008.02133.x,PS,0.0
Row.132,control_10.1111/j.1467-9280.2008.02134.x,PS,2.4946743851213337e-05
Row.132,control_10.1111/j.1467-9280.2008.02135.x,PS,6.808890257449001e-23
Row.132,control_10.1111/j.1467-9280.2008.02137.x,PS,2.195164081643219e-21
Row.132,control_10.1111/j.1467-9280.2008.02138.x,PS,2.1806471437394243e-08
Row.132,control_10.1111/j.1467-9280.2008.02139.x,PS,0.0
Row.132,control_10.1111/j.1467-9280.2008.02140.x,PS,0.005059061223189398
Row.132,control_10.1111/j.1467-9280.2008.02141.x,PS,0.006182026520462606
Row.132,control_10.1111/j.1467-9280.2008.02142.x,PS,0.0
Row.132,control_10.1111/j.1467-9280.2008.02143.x,PS,0.06807137846583629
Row.132,control_10.1111/j.1467-9280.2008.02144.x,PS,0.07313068193836539
Row.132,control_10.1111/j.1467-9280.2008.02145.x,PS,4.583158970913869e-22
Row.132,control_10.1111/j.1467-9280.2008.02146.x,PS,0.023973720355454167
Row.132,control_10.1111/j.1467-9280.2008.02147.x,PS,0.0
Row.132,control_10.1111/j.1467-9280.2008.02148.x,PS,2.224573071015597e-21
Row.132,control_10.1111/j.1467-9280.2008.02149.x,PS,0.00012940613444851196
Row.132,control_10.1111/j.1467-9280.2008.02150.x,PS,0.0
Row.132,control_10.1111/j.1467-9280.2008.02151.x,PS,5.953518901554455e-06
Row.132,control_10.1111/j.1467-9280.2008.02152.x,PS,1.6907406283537361e-21
Row.132,control_10.1111/j.1467-9280.2008.02153.x,PS,0.007936533415763917
Row.132,control_10.1111/j.1467-9280.2008.02154.x,PS,0.0
Row.132,control_10.1111/j.1467-9280.2008.02155.x,PS,0.0
Row.132,control_10.1111/j.1467-9280.2008.02156.x,PS,0.028377953674385222
Row.132,control_10.1111/j.1467-9280.2008.02158.x,PS,0.0
Row.132,control_10.1111/j.1467-9280.2008.02160.x,PS,3.5812113568065013e-07
Row.132,control_10.1111/j.1467-9280.2008.02161.x,PS,0.0
Row.132,control_10.1111/j.1467-9280.2008.02162.x,PS,0.0
Row.132,control_10.1111/j.1467-9280.2008.02163.x,PS,4.0114688332088095e-23
Row.132,control_10.1111/j.1467-9280.2008.02164.x,PS,0.12147820201605546
Row.132,control_10.1111/j.1467-9280.2008.02165.x,PS,0.0
Row.132,control_10.1111/j.1467-9280.2008.02166.x,PS,1.8283805394598264e-07
Row.132,control_10.1111/j.1467-9280.2008.02167.x,PS,3.9864845053933054e-22
Row.132,control_10.1111/j.1467-9280.2008.02168.x,PS,0.0
Row.132,control_10.1111/j.1467-9280.2008.02169.x,PS,0.0
Row.132,control_10.1111/j.1467-9280.2008.02170.x,PS,1.8719524507081664e-22
Row.132,control_10.1111/j.1467-9280.2008.02171.x,PS,0.0
Row.132,control_10.1111/j.1467-9280.2008.02173.x,PS,2.727556486629269e-22
Row.132,control_10.1111/j.1467-9280.2008.02174.x,PS,0.0
Row.132,control_10.1111/j.1467-9280.2008.02175.x,PS,8.078711033588155e-22
Row.132,control_10.1111/j.1467-9280.2008.02176.x,PS,0.0
Row.132,control_10.1111/j.1467-9280.2008.02177.x,PS,0.0
Row.132,control_10.1111/j.1467-9280.2008.02178.x,PS,0.0
Row.132,control_10.1111/j.1467-9280.2008.02179.x,PS,0.0
Row.132,control_10.1111/j.1467-9280.2008.02180.x,PS,1.7793252523838816e-21
Row.132,control_10.1111/j.1467-9280.2008.02182.x,PS,1.9308368456965507e-22
Row.132,control_10.1111/j.1467-9280.2008.02183.x,PS,0.0
Row.132,control_10.1111/j.1467-9280.2008.02184.x,PS,6.216504572976111e-23
Row.132,control_10.1111/j.1467-9280.2008.02185.x,PS,0.0665927050144662
Row.132,control_10.1111/j.1467-9280.2008.02186.x,PS,0.0
Row.132,control_10.1111/j.1467-9280.2008.02188.x,PS,0.0022386852937809755
Row.132,control_10.1111/j.1467-9280.2008.02189.x,PS,0.0
Row.132,control_10.1111/j.1467-9280.2008.02190.x,PS,0.03934304005673691
Row.132,control_10.1111/j.1467-9280.2008.02191.x,PS,0.0
Row.132,control_10.1111/j.1467-9280.2008.02192.x,PS,0.0034982598329313303
Row.132,control_10.1111/j.1467-9280.2008.02193.x,PS,2.0416737517253384e-21
Row.132,control_10.1111/j.1467-9280.2008.02194.x,PS,0.0
Row.132,control_10.1111/j.1467-9280.2008.02195.x,PS,5.39569784465902e-22
Row.132,control_10.1111/j.1467-9280.2008.02196.x,PS,2.7450459324593163e-21
Row.132,control_10.1111/j.1467-9280.2008.02197.x,PS,0.0
Row.132,control_10.1111/j.1467-9280.2008.02198.x,PS,2.3187802892040297e-22
Row.132,control_10.1111/j.1467-9280.2008.02200.x,PS,0.01964219626480072
Row.132,control_10.1111/j.1467-9280.2008.02201.x,PS,6.80434716371672e-06
Row.132,control_10.1111/j.1467-9280.2008.02202.x,PS,2.8224917245355978e-21
Row.132,control_10.1111/j.1467-9280.2008.02203.x,PS,9.27714125200521e-06
Row.132,control_10.1111/j.1467-9280.2008.02204.x,PS,0.0
Row.132,control_10.1111/j.1467-9280.2008.02205.x,PS,5.825868459827408e-22
Row.132,control_10.1111/j.1467-9280.2008.02206.x,PS,2.3433078110684962e-21
Row.132,control_10.1111/j.1467-9280.2008.02207.x,PS,6.500170889498936e-23
Row.132,control_10.1111/j.1467-9280.2008.02208.x,PS,0.0
Row.132,control_10.1111/j.1467-9280.2008.02209.x,PS,5.705179886980874e-22
Row.132,control_10.1111/j.1467-9280.2008.02210.x,PS,0.0
Row.132,control_10.1111/j.1467-9280.2008.02211.x,PS,0.0
Row.132,control_10.1111/j.1467-9280.2008.02212.x,PS,0.0
Row.132,control_10.1111/j.1467-9280.2008.02213.x,PS,3.4648541414690457e-22
Row.132,control_10.1111/j.1467-9280.2008.02214.x,PS,6.824527484107567e-23
Row.132,control_10.1111/j.1467-9280.2008.02215.x,PS,0.025904268986703005
Row.132,control_10.1111/j.1467-9280.2008.02216.x,PS,0.0
Row.132,control_10.1111/j.1467-9280.2008.02217.x,PS,0.08458425952707342
Row.132,control_10.1111/j.1467-9280.2008.02218.x,PS,0.0
Row.132,control_10.1111/j.1467-9280.2008.02219.x,PS,0.0348187770284373
Row.132,control_10.1111/j.1467-9280.2008.02220.x,PS,1.1242605706116354e-21
Row.132,control_10.1111/j.1467-9280.2008.02221.x,PS,0.0
Row.132,control_10.1111/j.1467-9280.2008.02222.x,PS,1.0011840986189786e-22
Row.132,control_10.1111/j.1467-9280.2008.02223.x,PS,0.0
Row.132,control_10.1111/j.1467-9280.2008.02224.x,PS,0.0
Row.132,control_10.1111/j.1467-9280.2008.02225.x,PS,2.288623089082793e-21
Row.132,control_10.1111/j.1467-9280.2008.02226.x,PS,0.0
Row.132,control_10.1111/j.1467-9280.2008.02228.x,PS,0.0
Row.132,control_10.1111/j.1467-9280.2008.02229.x,PS,0.11609031578365701
Row.132,control_10.1111/j.1467-9280.2008.02230.x,PS,0.05750555077670927
Row.132,control_10.1111/j.1467-9280.2008.02231.x,PS,7.35675168442835e-24
Row.132,control_10.1111/j.1467-9280.2008.02232.x,PS,5.401851109796004e-08
Row.132,control_10.1111/j.1467-9280.2008.02233.x,PS,0.0
Row.132,control_10.1111/j.1467-9280.2008.02234.x,PS,5.856145677499969e-22
Row.132,control_10.1111/j.1467-9280.2008.02235.x,PS,0.018904528053864215
Row.132,control_10.1111/j.1467-9280.2008.02236.x,PS,0.058964473869731596
Row.132,control_10.1111/j.1467-9280.2008.02237.x,PS,0.0
Row.132,control_10.1111/j.1467-9280.2008.02238.x,PS,0.0
Row.132,control_10.1111/j.1467-9280.2008.02239.x,PS,2.6501314884817708e-22
Row.132,control_10.1111/j.1467-9280.2008.02240.x,PS,6.731963078735174e-05
Row.132,control_10.1111/j.1467-9280.2008.02241.x,PS,0.0
Row.133,control_10.1111/j.1467-9280.2008.02036.x,PS,1.298878706538925e-17
Row.133,control_10.1111/j.1467-9280.2008.02037.x,PS,3.042543553395053e-17
Row.133,control_10.1111/j.1467-9280.2008.02038.x,PS,6.401130372914901e-18
Row.133,control_10.1111/j.1467-9280.2008.02047.x,PS,9.785286107732699e-18
Row.133,control_10.1111/j.1467-9280.2008.02048.x,PS,1.8133600291472907e-17
Row.133,control_10.1111/j.1467-9280.2008.02055.x,PS,1.1847073996574308e-17
Row.133,control_10.1111/j.1467-9280.2008.02058.x,PS,0.0
Row.133,control_10.1111/j.1467-9280.2008.02059.x,PS,0.0
Row.133,control_10.1111/j.1467-9280.2008.02063.x,PS,0.0
Row.133,control_10.1111/j.1467-9280.2008.02065.x,PS,0.0
Row.133,control_10.1111/j.1467-9280.2008.02067.x,PS,0.0
Row.133,control_10.1111/j.1467-9280.2008.02068.x,PS,0.0
Row.133,control_10.1111/j.1467-9280.2008.02071.x,PS,7.095301956331327e-17
Row.133,control_10.1111/j.1467-9280.2008.02073.x,PS,1.1022289050331718e-17
Row.133,control_10.1111/j.1467-9280.2008.02074.x,PS,0.0
Row.133,control_10.1111/j.1467-9280.2008.02075.x,PS,0.0
Row.133,control_10.1111/j.1467-9280.2008.02079.x,PS,9.046882714450604e-18
Row.133,control_10.1111/j.1467-9280.2008.02083.x,PS,2.6751034614653973e-17
Row.133,control_10.1111/j.1467-9280.2008.02086.x,PS,7.72760172997205e-18
Row.133,control_10.1111/j.1467-9280.2008.02087.x,PS,0.0
Row.133,control_10.1111/j.1467-9280.2008.02094.x,PS,0.3087160985674742
Row.133,control_10.1111/j.1467-9280.2008.02096.x,PS,5.2977683225975704e-17
Row.133,control_10.1111/j.1467-9280.2008.02099.x,PS,2.665455197214013e-18
Row.133,control_10.1111/j.1467-9280.2008.02102.x,PS,2.920846051831936e-18
Row.133,control_10.1111/j.1467-9280.2008.02103.x,PS,0.0
Row.133,control_10.1111/j.1467-9280.2008.02104.x,PS,0.0
Row.133,control_10.1111/j.1467-9280.2008.02105.x,PS,0.0
Row.133,control_10.1111/j.1467-9280.2008.02106.x,PS,1.0492556824874196e-17
Row.133,control_10.1111/j.1467-9280.2008.02107.x,PS,2.301840536073932e-17
Row.133,control_10.1111/j.1467-9280.2008.02108.x,PS,0.0
Row.133,control_10.1111/j.1467-9280.2008.02109.x,PS,2.0383204931232404e-17
Row.133,control_10.1111/j.1467-9280.2008.02110.x,PS,0.0
Row.133,control_10.1111/j.1467-9280.2008.02111.x,PS,0.0
Row.133,control_10.1111/j.1467-9280.2008.02112.x,PS,0.0
Row.133,control_10.1111/j.1467-9280.2008.02113.x,PS,1.0102074049275309e-17
Row.133,control_10.1111/j.1467-9280.2008.02114.x,PS,6.107347609382173e-17
Row.133,control_10.1111/j.1467-9280.2008.02115.x,PS,0.0
Row.133,control_10.1111/j.1467-9280.2008.02116.x,PS,3.773304724742387e-17
Row.133,control_10.1111/j.1467-9280.2008.02117.x,PS,3.357383858081205e-19
Row.133,control_10.1111/j.1467-9280.2008.02118.x,PS,0.0
Row.133,control_10.1111/j.1467-9280.2008.02119.x,PS,0.0
Row.133,control_10.1111/j.1467-9280.2008.02120.x,PS,5.50783357741484e-17
Row.133,control_10.1111/j.1467-9280.2008.02121.x,PS,1.5501863409828777e-17
Row.133,control_10.1111/j.1467-9280.2008.02122.x,PS,2.788108679048754e-17
Row.133,control_10.1111/j.1467-9280.2008.02123.x,PS,0.636000272970975
Row.133,control_10.1111/j.1467-9280.2008.02125.x,PS,0.0
Row.133,control_10.1111/j.1467-9280.2008.02126.x,PS,3.194226724089394e-17
Row.133,control_10.1111/j.1467-9280.2008.02127.x,PS,0.0
Row.133,control_10.1111/j.1467-9280.2008.02129.x,PS,5.540621246211533e-19
Row.133,control_10.1111/j.1467-9280.2008.02130.x,PS,3.9341988506181054e-17
Row.133,control_10.1111/j.1467-9280.2008.02131.x,PS,0.0
Row.133,control_10.1111/j.1467-9280.2008.02132.x,PS,3.4157638762806026e-17
Row.133,control_10.1111/j.1467-9280.2008.02133.x,PS,0.0
Row.133,control_10.1111/j.1467-9280.2008.02134.x,PS,0.0
Row.133,control_10.1111/j.1467-9280.2008.02135.x,PS,0.0
Row.133,control_10.1111/j.1467-9280.2008.02137.x,PS,1.5516400652656134e-17
Row.133,control_10.1111/j.1467-9280.2008.02138.x,PS,0.0
Row.133,control_10.1111/j.1467-9280.2008.02139.x,PS,0.0
Row.133,control_10.1111/j.1467-9280.2008.02140.x,PS,0.0
Row.133,control_10.1111/j.1467-9280.2008.02141.x,PS,0.0
Row.133,control_10.1111/j.1467-9280.2008.02142.x,PS,4.3296727453671715e-17
Row.133,control_10.1111/j.1467-9280.2008.02143.x,PS,4.491208679340977e-18
Row.133,control_10.1111/j.1467-9280.2008.02144.x,PS,3.456388977119376e-17
Row.133,control_10.1111/j.1467-9280.2008.02145.x,PS,1.410001096151243e-17
Row.133,control_10.1111/j.1467-9280.2008.02146.x,PS,0.0
Row.133,control_10.1111/j.1467-9280.2008.02147.x,PS,3.1381448328871976e-17
Row.133,control_10.1111/j.1467-9280.2008.02148.x,PS,2.2251704418067853e-18
Row.133,control_10.1111/j.1467-9280.2008.02149.x,PS,0.0
Row.133,control_10.1111/j.1467-9280.2008.02150.x,PS,3.1246781319903127e-18
Row.133,control_10.1111/j.1467-9280.2008.02151.x,PS,1.3068165943770216e-17
Row.133,control_10.1111/j.1467-9280.2008.02152.x,PS,4.0608253877704176e-17
Row.133,control_10.1111/j.1467-9280.2008.02153.x,PS,2.6693500689397283e-17
Row.133,control_10.1111/j.1467-9280.2008.02154.x,PS,0.0
Row.133,control_10.1111/j.1467-9280.2008.02155.x,PS,1.2179902609775942e-18
Row.133,control_10.1111/j.1467-9280.2008.02156.x,PS,5.402267407428405e-17
Row.133,control_10.1111/j.1467-9280.2008.02158.x,PS,7.516136885117954e-17
Row.133,control_10.1111/j.1467-9280.2008.02160.x,PS,0.0
Row.133,control_10.1111/j.1467-9280.2008.02161.x,PS,0.0
Row.133,control_10.1111/j.1467-9280.2008.02162.x,PS,0.0
Row.133,control_10.1111/j.1467-9280.2008.02163.x,PS,0.0
Row.133,control_10.1111/j.1467-9280.2008.02164.x,PS,4.2567963810766995e-19
Row.133,control_10.1111/j.1467-9280.2008.02165.x,PS,0.0
Row.133,control_10.1111/j.1467-9280.2008.02166.x,PS,0.0
Row.133,control_10.1111/j.1467-9280.2008.02167.x,PS,1.6005177858717086e-17
Row.133,control_10.1111/j.1467-9280.2008.02168.x,PS,2.027527897173941e-18
Row.133,control_10.1111/j.1467-9280.2008.02169.x,PS,1.7540821894708364e-18
Row.133,control_10.1111/j.1467-9280.2008.02170.x,PS,0.0
Row.133,control_10.1111/j.1467-9280.2008.02171.x,PS,0.0
Row.133,control_10.1111/j.1467-9280.2008.02173.x,PS,1.6468869188111086e-17
Row.133,control_10.1111/j.1467-9280.2008.02174.x,PS,1.712451504434072e-17
Row.133,control_10.1111/j.1467-9280.2008.02175.x,PS,1.5007595611311804e-17
Row.133,control_10.1111/j.1467-9280.2008.02176.x,PS,2.0760777119396848e-17
Row.133,control_10.1111/j.1467-9280.2008.02177.x,PS,3.230807516129432e-17
Row.133,control_10.1111/j.1467-9280.2008.02178.x,PS,1.4362512080442682e-18
Row.133,control_10.1111/j.1467-9280.2008.02179.x,PS,2.3291355687738423e-17
Row.133,control_10.1111/j.1467-9280.2008.02180.x,PS,8.210228897913413e-18
Row.133,control_10.1111/j.1467-9280.2008.02182.x,PS,1.761283570176318e-17
Row.133,control_10.1111/j.1467-9280.2008.02183.x,PS,0.0
Row.133,control_10.1111/j.1467-9280.2008.02184.x,PS,2.3882992292539606e-17
Row.133,control_10.1111/j.1467-9280.2008.02185.x,PS,0.0
Row.133,control_10.1111/j.1467-9280.2008.02186.x,PS,4.3355530882715947e-17
Row.133,control_10.1111/j.1467-9280.2008.02188.x,PS,3.601749873996651e-19
Row.133,control_10.1111/j.1467-9280.2008.02189.x,PS,3.3622348526556635e-17
Row.133,control_10.1111/j.1467-9280.2008.02190.x,PS,3.393744938031324e-17
Row.133,control_10.1111/j.1467-9280.2008.02191.x,PS,1.4071390693532962e-17
Row.133,control_10.1111/j.1467-9280.2008.02192.x,PS,0.0
Row.133,control_10.1111/j.1467-9280.2008.02193.x,PS,2.460487634529693e-17
Row.133,control_10.1111/j.1467-9280.2008.02194.x,PS,0.0
Row.133,control_10.1111/j.1467-9280.2008.02195.x,PS,0.0
Row.133,control_10.1111/j.1467-9280.2008.02196.x,PS,4.798231497358855e-18
Row.133,control_10.1111/j.1467-9280.2008.02197.x,PS,0.0
Row.133,control_10.1111/j.1467-9280.2008.02198.x,PS,0.0
Row.133,control_10.1111/j.1467-9280.2008.02200.x,PS,0.0
Row.133,control_10.1111/j.1467-9280.2008.02201.x,PS,0.0
Row.133,control_10.1111/j.1467-9280.2008.02202.x,PS,1.6433000016242713e-17
Row.133,control_10.1111/j.1467-9280.2008.02203.x,PS,0.0
Row.133,control_10.1111/j.1467-9280.2008.02204.x,PS,2.0412531224607854e-18
Row.133,control_10.1111/j.1467-9280.2008.02205.x,PS,0.0
Row.133,control_10.1111/j.1467-9280.2008.02206.x,PS,0.0
Row.133,control_10.1111/j.1467-9280.2008.02207.x,PS,1.4530975147598516e-18
Row.133,control_10.1111/j.1467-9280.2008.02208.x,PS,0.0
Row.133,control_10.1111/j.1467-9280.2008.02209.x,PS,3.151811984907743e-17
Row.133,control_10.1111/j.1467-9280.2008.02210.x,PS,0.0
Row.133,control_10.1111/j.1467-9280.2008.02211.x,PS,1.98916906167048e-17
Row.133,control_10.1111/j.1467-9280.2008.02212.x,PS,1.354319515931278e-17
Row.133,control_10.1111/j.1467-9280.2008.02213.x,PS,9.48472926584782e-18
Row.133,control_10.1111/j.1467-9280.2008.02214.x,PS,3.897385356484301e-18
Row.133,control_10.1111/j.1467-9280.2008.02215.x,PS,6.460506304050871e-18
Row.133,control_10.1111/j.1467-9280.2008.02216.x,PS,1.7392410749658316e-17
Row.133,control_10.1111/j.1467-9280.2008.02217.x,PS,0.0
Row.133,control_10.1111/j.1467-9280.2008.02218.x,PS,0.0
Row.133,control_10.1111/j.1467-9280.2008.02219.x,PS,0.0
Row.133,control_10.1111/j.1467-9280.2008.02220.x,PS,4.605359387817773e-17
Row.133,control_10.1111/j.1467-9280.2008.02221.x,PS,3.750652320800847e-18
Row.133,control_10.1111/j.1467-9280.2008.02222.x,PS,0.0
Row.133,control_10.1111/j.1467-9280.2008.02223.x,PS,0.0
Row.133,control_10.1111/j.1467-9280.2008.02224.x,PS,1.1204993360610174e-17
Row.133,control_10.1111/j.1467-9280.2008.02225.x,PS,0.0
Row.133,control_10.1111/j.1467-9280.2008.02226.x,PS,0.0
Row.133,control_10.1111/j.1467-9280.2008.02228.x,PS,2.274313992944573e-17
Row.133,control_10.1111/j.1467-9280.2008.02229.x,PS,0.0
Row.133,control_10.1111/j.1467-9280.2008.02230.x,PS,5.08281979437055e-18
Row.133,control_10.1111/j.1467-9280.2008.02231.x,PS,1.5129241897149417e-17
Row.133,control_10.1111/j.1467-9280.2008.02232.x,PS,0.0
Row.133,control_10.1111/j.1467-9280.2008.02233.x,PS,0.0
Row.133,control_10.1111/j.1467-9280.2008.02234.x,PS,6.757297991276156e-18
Row.133,control_10.1111/j.1467-9280.2008.02235.x,PS,5.116644346973553e-18
Row.133,control_10.1111/j.1467-9280.2008.02236.x,PS,0.0
Row.133,control_10.1111/j.1467-9280.2008.02237.x,PS,2.8825165571626213e-17
Row.133,control_10.1111/j.1467-9280.2008.02238.x,PS,5.9189305634148215e-19
Row.133,control_10.1111/j.1467-9280.2008.02239.x,PS,3.455149090704224e-17
Row.133,control_10.1111/j.1467-9280.2008.02240.x,PS,0.05528362846154939
Row.133,control_10.1111/j.1467-9280.2008.02241.x,PS,8.264852567415718e-18
Row.134,control_10.1111/j.1467-9280.2008.02036.x,PS,0.0
Row.134,control_10.1111/j.1467-9280.2008.02037.x,PS,0.0
Row.134,control_10.1111/j.1467-9280.2008.02038.x,PS,1.5980283991718128e-17
Row.134,control_10.1111/j.1467-9280.2008.02047.x,PS,0.0
Row.134,control_10.1111/j.1467-9280.2008.02048.x,PS,0.0
Row.134,control_10.1111/j.1467-9280.2008.02055.x,PS,1.0662929431652109e-18
Row.134,control_10.1111/j.1467-9280.2008.02058.x,PS,6.651649903204651e-18
Row.134,control_10.1111/j.1467-9280.2008.02059.x,PS,0.0
Row.134,control_10.1111/j.1467-9280.2008.02063.x,PS,0.0
Row.134,control_10.1111/j.1467-9280.2008.02065.x,PS,0.0
Row.134,control_10.1111/j.1467-9280.2008.02067.x,PS,0.0
Row.134,control_10.1111/j.1467-9280.2008.02068.x,PS,1.2274355046416232e-18
Row.134,control_10.1111/j.1467-9280.2008.02071.x,PS,8.682382363325871e-18
Row.134,control_10.1111/j.1467-9280.2008.02073.x,PS,1.5434037072694371e-18
Row.134,control_10.1111/j.1467-9280.2008.02074.x,PS,0.0
Row.134,control_10.1111/j.1467-9280.2008.02075.x,PS,0.0
Row.134,control_10.1111/j.1467-9280.2008.02079.x,PS,2.6831598794548323e-19
Row.134,control_10.1111/j.1467-9280.2008.02083.x,PS,1.2495868458708638e-18
Row.134,control_10.1111/j.1467-9280.2008.02086.x,PS,0.0
Row.134,control_10.1111/j.1467-9280.2008.02087.x,PS,1.0463187261754693e-18
Row.134,control_10.1111/j.1467-9280.2008.02094.x,PS,3.066398311858449e-18
Row.134,control_10.1111/j.1467-9280.2008.02096.x,PS,0.0
Row.134,control_10.1111/j.1467-9280.2008.02099.x,PS,5.420390736349878e-18
Row.134,control_10.1111/j.1467-9280.2008.02102.x,PS,0.0
Row.134,control_10.1111/j.1467-9280.2008.02103.x,PS,8.745273067907231e-18
Row.134,control_10.1111/j.1467-9280.2008.02104.x,PS,2.5285973953594354e-18
Row.134,control_10.1111/j.1467-9280.2008.02105.x,PS,0.0
Row.134,control_10.1111/j.1467-9280.2008.02106.x,PS,6.990634801774507e-19
Row.134,control_10.1111/j.1467-9280.2008.02107.x,PS,0.0
Row.134,control_10.1111/j.1467-9280.2008.02108.x,PS,0.0
Row.134,control_10.1111/j.1467-9280.2008.02109.x,PS,2.0303528198136678e-18
Row.134,control_10.1111/j.1467-9280.2008.02110.x,PS,0.0
Row.134,control_10.1111/j.1467-9280.2008.02111.x,PS,1.1556199309417855e-17
Row.134,control_10.1111/j.1467-9280.2008.02112.x,PS,0.0
Row.134,control_10.1111/j.1467-9280.2008.02113.x,PS,0.0
Row.134,control_10.1111/j.1467-9280.2008.02114.x,PS,0.0
Row.134,control_10.1111/j.1467-9280.2008.02115.x,PS,1.913941755526424e-17
Row.134,control_10.1111/j.1467-9280.2008.02116.x,PS,1.7664312949888983e-17
Row.134,control_10.1111/j.1467-9280.2008.02117.x,PS,1.489900270624511e-17
Row.134,control_10.1111/j.1467-9280.2008.02118.x,PS,2.5335215353582745e-18
Row.134,control_10.1111/j.1467-9280.2008.02119.x,PS,0.02580784755092987
Row.134,control_10.1111/j.1467-9280.2008.02120.x,PS,0.0
Row.134,control_10.1111/j.1467-9280.2008.02121.x,PS,2.966680534771242e-18
Row.134,control_10.1111/j.1467-9280.2008.02122.x,PS,8.511163850555314e-18
Row.134,control_10.1111/j.1467-9280.2008.02123.x,PS,8.767737502344405e-18
Row.134,control_10.1111/j.1467-9280.2008.02125.x,PS,6.302164862304165e-17
Row.134,control_10.1111/j.1467-9280.2008.02126.x,PS,0.0
Row.134,control_10.1111/j.1467-9280.2008.02127.x,PS,0.0
Row.134,control_10.1111/j.1467-9280.2008.02129.x,PS,1.2650097129075904e-17
Row.134,control_10.1111/j.1467-9280.2008.02130.x,PS,0.0
Row.134,control_10.1111/j.1467-9280.2008.02131.x,PS,2.3097755871506236e-18
Row.134,control_10.1111/j.1467-9280.2008.02132.x,PS,6.131529306717717e-18
Row.134,control_10.1111/j.1467-9280.2008.02133.x,PS,4.531733271706439e-18
Row.134,control_10.1111/j.1467-9280.2008.02134.x,PS,3.1885396224961995e-18
Row.134,control_10.1111/j.1467-9280.2008.02135.x,PS,0.0
Row.134,control_10.1111/j.1467-9280.2008.02137.x,PS,1.505176259456167e-19
Row.134,control_10.1111/j.1467-9280.2008.02138.x,PS,7.706023355231695e-18
Row.134,control_10.1111/j.1467-9280.2008.02139.x,PS,3.461922359058938e-17
Row.134,control_10.1111/j.1467-9280.2008.02140.x,PS,1.4677920329814083e-17
Row.134,control_10.1111/j.1467-9280.2008.02141.x,PS,0.0
Row.134,control_10.1111/j.1467-9280.2008.02142.x,PS,4.975592251650547e-20
Row.134,control_10.1111/j.1467-9280.2008.02143.x,PS,3.950558433645976e-18
Row.134,control_10.1111/j.1467-9280.2008.02144.x,PS,0.0
Row.134,control_10.1111/j.1467-9280.2008.02145.x,PS,3.32806550344139e-18
Row.134,control_10.1111/j.1467-9280.2008.02146.x,PS,0.0
Row.134,control_10.1111/j.1467-9280.2008.02147.x,PS,0.0
Row.134,control_10.1111/j.1467-9280.2008.02148.x,PS,1.6563237949906856e-17
Row.134,control_10.1111/j.1467-9280.2008.02149.x,PS,0.0
Row.134,control_10.1111/j.1467-9280.2008.02150.x,PS,3.253877478151619e-19
Row.134,control_10.1111/j.1467-9280.2008.02151.x,PS,0.0
Row.134,control_10.1111/j.1467-9280.2008.02152.x,PS,4.55625730125324e-19
Row.134,control_10.1111/j.1467-9280.2008.02153.x,PS,4.615381343117146e-18
Row.134,control_10.1111/j.1467-9280.2008.02154.x,PS,0.0
Row.134,control_10.1111/j.1467-9280.2008.02155.x,PS,5.8587264150093976e-18
Row.134,control_10.1111/j.1467-9280.2008.02156.x,PS,4.553256435973615e-18
Row.134,control_10.1111/j.1467-9280.2008.02158.x,PS,1.5648491836140243e-18
Row.134,control_10.1111/j.1467-9280.2008.02160.x,PS,2.5538199181011404e-18
Row.134,control_10.1111/j.1467-9280.2008.02161.x,PS,0.0
Row.134,control_10.1111/j.1467-9280.2008.02162.x,PS,0.0
Row.134,control_10.1111/j.1467-9280.2008.02163.x,PS,1.816602171654221e-18
Row.134,control_10.1111/j.1467-9280.2008.02164.x,PS,2.1385416066086603e-18
Row.134,control_10.1111/j.1467-9280.2008.02165.x,PS,1.577080220180633e-17
Row.134,control_10.1111/j.1467-9280.2008.02166.x,PS,4.186166138577394e-18
Row.134,control_10.1111/j.1467-9280.2008.02167.x,PS,0.0
Row.134,control_10.1111/j.1467-9280.2008.02168.x,PS,1.6178579885723916e-18
Row.134,control_10.1111/j.1467-9280.2008.02169.x,PS,5.5047600952212864e-18
Row.134,control_10.1111/j.1467-9280.2008.02170.x,PS,6.293937223846065e-18
Row.134,control_10.1111/j.1467-9280.2008.02171.x,PS,0.0
Row.134,control_10.1111/j.1467-9280.2008.02173.x,PS,1.1191270515494765e-18
Row.134,control_10.1111/j.1467-9280.2008.02174.x,PS,4.2838635269345664e-18
Row.134,control_10.1111/j.1467-9280.2008.02175.x,PS,0.0
Row.134,control_10.1111/j.1467-9280.2008.02176.x,PS,0.0
Row.134,control_10.1111/j.1467-9280.2008.02177.x,PS,8.671276177532723e-18
Row.134,control_10.1111/j.1467-9280.2008.02178.x,PS,1.1517847582389505e-17
Row.134,control_10.1111/j.1467-9280.2008.02179.x,PS,2.8483623064456186e-17
Row.134,control_10.1111/j.1467-9280.2008.02180.x,PS,0.0
Row.134,control_10.1111/j.1467-9280.2008.02182.x,PS,0.0
Row.134,control_10.1111/j.1467-9280.2008.02183.x,PS,0.0
Row.134,control_10.1111/j.1467-9280.2008.02184.x,PS,4.6377853184314895e-18
Row.134,control_10.1111/j.1467-9280.2008.02185.x,PS,0.0
Row.134,control_10.1111/j.1467-9280.2008.02186.x,PS,7.731449159834892e-18
Row.134,control_10.1111/j.1467-9280.2008.02188.x,PS,5.156745978150533e-18
Row.134,control_10.1111/j.1467-9280.2008.02189.x,PS,7.71942229206485e-18
Row.134,control_10.1111/j.1467-9280.2008.02190.x,PS,0.0413101881423399
Row.134,control_10.1111/j.1467-9280.2008.02191.x,PS,0.0
Row.134,control_10.1111/j.1467-9280.2008.02192.x,PS,3.5796175836715116e-19
Row.134,control_10.1111/j.1467-9280.2008.02193.x,PS,4.65865069236361e-18
Row.134,control_10.1111/j.1467-9280.2008.02194.x,PS,0.0
Row.134,control_10.1111/j.1467-9280.2008.02195.x,PS,6.942641530718547e-18
Row.134,control_10.1111/j.1467-9280.2008.02196.x,PS,9.432998336444366e-18
Row.134,control_10.1111/j.1467-9280.2008.02197.x,PS,1.149891926078222e-18
Row.134,control_10.1111/j.1467-9280.2008.02198.x,PS,4.1227757195066934e-18
Row.134,control_10.1111/j.1467-9280.2008.02200.x,PS,0.0
Row.134,control_10.1111/j.1467-9280.2008.02201.x,PS,0.0
Row.134,control_10.1111/j.1467-9280.2008.02202.x,PS,3.689602551675121e-19
Row.134,control_10.1111/j.1467-9280.2008.02203.x,PS,8.31936221651498e-16
Row.134,control_10.1111/j.1467-9280.2008.02204.x,PS,0.0
Row.134,control_10.1111/j.1467-9280.2008.02205.x,PS,0.0
Row.134,control_10.1111/j.1467-9280.2008.02206.x,PS,0.0
Row.134,control_10.1111/j.1467-9280.2008.02207.x,PS,1.2880117148078286e-18
Row.134,control_10.1111/j.1467-9280.2008.02208.x,PS,1.0426321231781528e-17
Row.134,control_10.1111/j.1467-9280.2008.02209.x,PS,2.8567112408660924e-17
Row.134,control_10.1111/j.1467-9280.2008.02210.x,PS,0.0
Row.134,control_10.1111/j.1467-9280.2008.02211.x,PS,6.061130541272774e-18
Row.134,control_10.1111/j.1467-9280.2008.02212.x,PS,0.0
Row.134,control_10.1111/j.1467-9280.2008.02213.x,PS,0.0
Row.134,control_10.1111/j.1467-9280.2008.02214.x,PS,0.0
Row.134,control_10.1111/j.1467-9280.2008.02215.x,PS,5.903078272547148e-18
Row.134,control_10.1111/j.1467-9280.2008.02216.x,PS,1.627121144410641e-17
Row.134,control_10.1111/j.1467-9280.2008.02217.x,PS,0.0
Row.134,control_10.1111/j.1467-9280.2008.02218.x,PS,0.0
Row.134,control_10.1111/j.1467-9280.2008.02219.x,PS,0.0
Row.134,control_10.1111/j.1467-9280.2008.02220.x,PS,0.0
Row.134,control_10.1111/j.1467-9280.2008.02221.x,PS,0.3874010550425307
Row.134,control_10.1111/j.1467-9280.2008.02222.x,PS,2.222801911775663e-18
Row.134,control_10.1111/j.1467-9280.2008.02223.x,PS,0.0
Row.134,control_10.1111/j.1467-9280.2008.02224.x,PS,0.0
Row.134,control_10.1111/j.1467-9280.2008.02225.x,PS,0.0
Row.134,control_10.1111/j.1467-9280.2008.02226.x,PS,2.2339617257861633e-17
Row.134,control_10.1111/j.1467-9280.2008.02228.x,PS,1.5355974098031217e-18
Row.134,control_10.1111/j.1467-9280.2008.02229.x,PS,0.0
Row.134,control_10.1111/j.1467-9280.2008.02230.x,PS,0.4804195136052045
Row.134,control_10.1111/j.1467-9280.2008.02231.x,PS,0.0
Row.134,control_10.1111/j.1467-9280.2008.02232.x,PS,0.0
Row.134,control_10.1111/j.1467-9280.2008.02233.x,PS,0.0
Row.134,control_10.1111/j.1467-9280.2008.02234.x,PS,1.0761986540436113e-19
Row.134,control_10.1111/j.1467-9280.2008.02235.x,PS,3.633654380217269e-18
Row.134,control_10.1111/j.1467-9280.2008.02236.x,PS,0.0
Row.134,control_10.1111/j.1467-9280.2008.02237.x,PS,0.06506139565899352
Row.134,control_10.1111/j.1467-9280.2008.02238.x,PS,4.348725103251296e-19
Row.134,control_10.1111/j.1467-9280.2008.02239.x,PS,0.0
Row.134,control_10.1111/j.1467-9280.2008.02240.x,PS,3.9136648156651594e-19
Row.134,control_10.1111/j.1467-9280.2008.02241.x,PS,5.1913877590711025e-18
Row.135,control_10.1111/j.1467-9280.2008.02036.x,PS,0.0
Row.135,control_10.1111/j.1467-9280.2008.02037.x,PS,0.0
Row.135,control_10.1111/j.1467-9280.2008.02038.x,PS,4.719371736265178e-17
Row.135,control_10.1111/j.1467-9280.2008.02047.x,PS,4.3460397954296254e-17
Row.135,control_10.1111/j.1467-9280.2008.02048.x,PS,0.0
Row.135,control_10.1111/j.1467-9280.2008.02055.x,PS,2.086950502177636e-16
Row.135,control_10.1111/j.1467-9280.2008.02058.x,PS,5.113694600808014e-17
Row.135,control_10.1111/j.1467-9280.2008.02059.x,PS,2.508878719519481e-16
Row.135,control_10.1111/j.1467-9280.2008.02063.x,PS,0.0
Row.135,control_10.1111/j.1467-9280.2008.02065.x,PS,0.0
Row.135,control_10.1111/j.1467-9280.2008.02067.x,PS,6.685642128604595e-17
Row.135,control_10.1111/j.1467-9280.2008.02068.x,PS,0.0
Row.135,control_10.1111/j.1467-9280.2008.02071.x,PS,0.0
Row.135,control_10.1111/j.1467-9280.2008.02073.x,PS,0.21972947459351988
Row.135,control_10.1111/j.1467-9280.2008.02074.x,PS,0.0
Row.135,control_10.1111/j.1467-9280.2008.02075.x,PS,0.0
Row.135,control_10.1111/j.1467-9280.2008.02079.x,PS,0.0
Row.135,control_10.1111/j.1467-9280.2008.02083.x,PS,3.288254978624936e-17
Row.135,control_10.1111/j.1467-9280.2008.02086.x,PS,1.0362755122639487e-16
Row.135,control_10.1111/j.1467-9280.2008.02087.x,PS,9.333966253697338e-17
Row.135,control_10.1111/j.1467-9280.2008.02094.x,PS,0.0
Row.135,control_10.1111/j.1467-9280.2008.02096.x,PS,0.0
Row.135,control_10.1111/j.1467-9280.2008.02099.x,PS,5.178867454507421e-17
Row.135,control_10.1111/j.1467-9280.2008.02102.x,PS,0.0
Row.135,control_10.1111/j.1467-9280.2008.02103.x,PS,0.0
Row.135,control_10.1111/j.1467-9280.2008.02104.x,PS,0.0
Row.135,control_10.1111/j.1467-9280.2008.02105.x,PS,1.0059050881487529e-16
Row.135,control_10.1111/j.1467-9280.2008.02106.x,PS,1.7322559947239505e-17
Row.135,control_10.1111/j.1467-9280.2008.02107.x,PS,1.1919509908326613e-17
Row.135,control_10.1111/j.1467-9280.2008.02108.x,PS,0.0
Row.135,control_10.1111/j.1467-9280.2008.02109.x,PS,7.900212400021019e-17
Row.135,control_10.1111/j.1467-9280.2008.02110.x,PS,0.0
Row.135,control_10.1111/j.1467-9280.2008.02111.x,PS,8.517341230403544e-17
Row.135,control_10.1111/j.1467-9280.2008.02112.x,PS,4.0733980360998265e-17
Row.135,control_10.1111/j.1467-9280.2008.02113.x,PS,0.0
Row.135,control_10.1111/j.1467-9280.2008.02114.x,PS,0.0
Row.135,control_10.1111/j.1467-9280.2008.02115.x,PS,1.288479744186252e-16
Row.135,control_10.1111/j.1467-9280.2008.02116.x,PS,0.0
Row.135,control_10.1111/j.1467-9280.2008.02117.x,PS,7.234559338046304e-18
Row.135,control_10.1111/j.1467-9280.2008.02118.x,PS,1.829064638857975e-17
Row.135,control_10.1111/j.1467-9280.2008.02119.x,PS,8.1122455554603e-17
Row.135,control_10.1111/j.1467-9280.2008.02120.x,PS,9.493166585752816e-17
Row.135,control_10.1111/j.1467-9280.2008.02121.x,PS,4.6989653077720874e-17
Row.135,control_10.1111/j.1467-9280.2008.02122.x,PS,7.552330510521895e-18
Row.135,control_10.1111/j.1467-9280.2008.02123.x,PS,0.0
Row.135,control_10.1111/j.1467-9280.2008.02125.x,PS,2.621248818922598e-17
Row.135,control_10.1111/j.1467-9280.2008.02126.x,PS,3.2879326151642205e-17
Row.135,control_10.1111/j.1467-9280.2008.02127.x,PS,0.0
Row.135,control_10.1111/j.1467-9280.2008.02129.x,PS,5.27413109773871e-17
Row.135,control_10.1111/j.1467-9280.2008.02130.x,PS,0.0
Row.135,control_10.1111/j.1467-9280.2008.02131.x,PS,0.0
Row.135,control_10.1111/j.1467-9280.2008.02132.x,PS,2.0083734676590506e-15
Row.135,control_10.1111/j.1467-9280.2008.02133.x,PS,0.0
Row.135,control_10.1111/j.1467-9280.2008.02134.x,PS,6.760305817077233e-18
Row.135,control_10.1111/j.1467-9280.2008.02135.x,PS,1.3291668026623405e-16
Row.135,control_10.1111/j.1467-9280.2008.02137.x,PS,0.6285638114653322
Row.135,control_10.1111/j.1467-9280.2008.02138.x,PS,0.0
Row.135,control_10.1111/j.1467-9280.2008.02139.x,PS,8.975068793709766e-17
Row.135,control_10.1111/j.1467-9280.2008.02140.x,PS,7.06216767426008e-17
Row.135,control_10.1111/j.1467-9280.2008.02141.x,PS,0.0
Row.135,control_10.1111/j.1467-9280.2008.02142.x,PS,0.0
Row.135,control_10.1111/j.1467-9280.2008.02143.x,PS,1.069849067115833e-17
Row.135,control_10.1111/j.1467-9280.2008.02144.x,PS,8.668057330612978e-17
Row.135,control_10.1111/j.1467-9280.2008.02145.x,PS,0.0
Row.135,control_10.1111/j.1467-9280.2008.02146.x,PS,0.0
Row.135,control_10.1111/j.1467-9280.2008.02147.x,PS,6.565031230925895e-17
Row.135,control_10.1111/j.1467-9280.2008.02148.x,PS,0.0
Row.135,control_10.1111/j.1467-9280.2008.02149.x,PS,2.659111658038739e-16
Row.135,control_10.1111/j.1467-9280.2008.02150.x,PS,5.808460827496817e-17
Row.135,control_10.1111/j.1467-9280.2008.02151.x,PS,0.0
Row.135,control_10.1111/j.1467-9280.2008.02152.x,PS,0.0
Row.135,control_10.1111/j.1467-9280.2008.02153.x,PS,0.0
Row.135,control_10.1111/j.1467-9280.2008.02154.x,PS,3.659020521201211e-17
Row.135,control_10.1111/j.1467-9280.2008.02155.x,PS,4.9519241678038253e-17
Row.135,control_10.1111/j.1467-9280.2008.02156.x,PS,0.0
Row.135,control_10.1111/j.1467-9280.2008.02158.x,PS,0.03806649947463854
Row.135,control_10.1111/j.1467-9280.2008.02160.x,PS,0.0
Row.135,control_10.1111/j.1467-9280.2008.02161.x,PS,0.0
Row.135,control_10.1111/j.1467-9280.2008.02162.x,PS,9.134910168589601e-17
Row.135,control_10.1111/j.1467-9280.2008.02163.x,PS,2.2493915865321e-18
Row.135,control_10.1111/j.1467-9280.2008.02164.x,PS,0.0
Row.135,control_10.1111/j.1467-9280.2008.02165.x,PS,0.0
Row.135,control_10.1111/j.1467-9280.2008.02166.x,PS,0.0
Row.135,control_10.1111/j.1467-9280.2008.02167.x,PS,1.745126324830001e-17
Row.135,control_10.1111/j.1467-9280.2008.02168.x,PS,5.423435067913866e-17
Row.135,control_10.1111/j.1467-9280.2008.02169.x,PS,1.6887714780704374e-16
Row.135,control_10.1111/j.1467-9280.2008.02170.x,PS,5.959338312738879e-17
Row.135,control_10.1111/j.1467-9280.2008.02171.x,PS,0.0
Row.135,control_10.1111/j.1467-9280.2008.02173.x,PS,1.6144164825983818e-17
Row.135,control_10.1111/j.1467-9280.2008.02174.x,PS,8.96183415897598e-17
Row.135,control_10.1111/j.1467-9280.2008.02175.x,PS,9.214076110646783e-17
Row.135,control_10.1111/j.1467-9280.2008.02176.x,PS,8.479139411424751e-18
Row.135,control_10.1111/j.1467-9280.2008.02177.x,PS,0.0
Row.135,control_10.1111/j.1467-9280.2008.02178.x,PS,0.0
Row.135,control_10.1111/j.1467-9280.2008.02179.x,PS,0.0
Row.135,control_10.1111/j.1467-9280.2008.02180.x,PS,0.11364021446650069
Row.135,control_10.1111/j.1467-9280.2008.02182.x,PS,0.0
Row.135,control_10.1111/j.1467-9280.2008.02183.x,PS,1.3253978653359244e-15
Row.135,control_10.1111/j.1467-9280.2008.02184.x,PS,5.558218103774452e-18
Row.135,control_10.1111/j.1467-9280.2008.02185.x,PS,1.0341549813765009e-17
Row.135,control_10.1111/j.1467-9280.2008.02186.x,PS,4.308997757332731e-17
Row.135,control_10.1111/j.1467-9280.2008.02188.x,PS,0.0
Row.135,control_10.1111/j.1467-9280.2008.02189.x,PS,9.638848290759621e-17
Row.135,control_10.1111/j.1467-9280.2008.02190.x,PS,2.158965546054229e-16
Row.135,control_10.1111/j.1467-9280.2008.02191.x,PS,1.764878779624842e-16
Row.135,control_10.1111/j.1467-9280.2008.02192.x,PS,9.763374863869854e-18
Row.135,control_10.1111/j.1467-9280.2008.02193.x,PS,0.0
Row.135,control_10.1111/j.1467-9280.2008.02194.x,PS,0.0
Row.135,control_10.1111/j.1467-9280.2008.02195.x,PS,2.4950108549612027e-17
Row.135,control_10.1111/j.1467-9280.2008.02196.x,PS,0.0
Row.135,control_10.1111/j.1467-9280.2008.02197.x,PS,0.0
Row.135,control_10.1111/j.1467-9280.2008.02198.x,PS,8.21083738943306e-17
Row.135,control_10.1111/j.1467-9280.2008.02200.x,PS,4.067667883925532e-17
Row.135,control_10.1111/j.1467-9280.2008.02201.x,PS,1.3147643670134487e-17
Row.135,control_10.1111/j.1467-9280.2008.02202.x,PS,0.0
Row.135,control_10.1111/j.1467-9280.2008.02203.x,PS,0.0
Row.135,control_10.1111/j.1467-9280.2008.02204.x,PS,0.0
Row.135,control_10.1111/j.1467-9280.2008.02205.x,PS,1.0716776601765894e-16
Row.135,control_10.1111/j.1467-9280.2008.02206.x,PS,0.0
Row.135,control_10.1111/j.1467-9280.2008.02207.x,PS,2.7526070888444673e-16
Row.135,control_10.1111/j.1467-9280.2008.02208.x,PS,0.0
Row.135,control_10.1111/j.1467-9280.2008.02209.x,PS,4.8307358160336436e-17
Row.135,control_10.1111/j.1467-9280.2008.02210.x,PS,0.0
Row.135,control_10.1111/j.1467-9280.2008.02211.x,PS,2.1787077163376287e-17
Row.135,control_10.1111/j.1467-9280.2008.02212.x,PS,0.0
Row.135,control_10.1111/j.1467-9280.2008.02213.x,PS,7.984537680199275e-17
Row.135,control_10.1111/j.1467-9280.2008.02214.x,PS,1.4851026699593196e-16
Row.135,control_10.1111/j.1467-9280.2008.02215.x,PS,0.0
Row.135,control_10.1111/j.1467-9280.2008.02216.x,PS,2.351607606863889e-16
Row.135,control_10.1111/j.1467-9280.2008.02217.x,PS,0.0
Row.135,control_10.1111/j.1467-9280.2008.02218.x,PS,0.0
Row.135,control_10.1111/j.1467-9280.2008.02219.x,PS,4.42520625438293e-17
Row.135,control_10.1111/j.1467-9280.2008.02220.x,PS,0.0
Row.135,control_10.1111/j.1467-9280.2008.02221.x,PS,6.153136576532195e-18
Row.135,control_10.1111/j.1467-9280.2008.02222.x,PS,0.0
Row.135,control_10.1111/j.1467-9280.2008.02223.x,PS,2.5468579344355596e-16
Row.135,control_10.1111/j.1467-9280.2008.02224.x,PS,0.0
Row.135,control_10.1111/j.1467-9280.2008.02225.x,PS,0.0
Row.135,control_10.1111/j.1467-9280.2008.02226.x,PS,0.0
Row.135,control_10.1111/j.1467-9280.2008.02228.x,PS,1.2948576405708178e-17
Row.135,control_10.1111/j.1467-9280.2008.02229.x,PS,0.0
Row.135,control_10.1111/j.1467-9280.2008.02230.x,PS,0.0
Row.135,control_10.1111/j.1467-9280.2008.02231.x,PS,0.0
Row.135,control_10.1111/j.1467-9280.2008.02232.x,PS,7.403493161970557e-18
Row.135,control_10.1111/j.1467-9280.2008.02233.x,PS,0.0
Row.135,control_10.1111/j.1467-9280.2008.02234.x,PS,8.259225509062046e-17
Row.135,control_10.1111/j.1467-9280.2008.02235.x,PS,0.0
Row.135,control_10.1111/j.1467-9280.2008.02236.x,PS,0.0
Row.135,control_10.1111/j.1467-9280.2008.02237.x,PS,0.0
Row.135,control_10.1111/j.1467-9280.2008.02238.x,PS,6.424974394222134e-17
Row.135,control_10.1111/j.1467-9280.2008.02239.x,PS,0.0
Row.135,control_10.1111/j.1467-9280.2008.02240.x,PS,0.0
Row.135,control_10.1111/j.1467-9280.2008.02241.x,PS,2.9657829969106334e-17
Row.136,control_10.1111/j.1467-9280.2008.02036.x,PS,6.20346397761991e-17
Row.136,control_10.1111/j.1467-9280.2008.02037.x,PS,0.0
Row.136,control_10.1111/j.1467-9280.2008.02038.x,PS,6.320109112992245e-17
Row.136,control_10.1111/j.1467-9280.2008.02047.x,PS,6.159900154642239e-17
Row.136,control_10.1111/j.1467-9280.2008.02048.x,PS,6.564859979153237e-17
Row.136,control_10.1111/j.1467-9280.2008.02055.x,PS,0.0
Row.136,control_10.1111/j.1467-9280.2008.02058.x,PS,6.505488878002829e-17
Row.136,control_10.1111/j.1467-9280.2008.02059.x,PS,5.846712916138283e-17
Row.136,control_10.1111/j.1467-9280.2008.02063.x,PS,5.1634805744272747e-17
Row.136,control_10.1111/j.1467-9280.2008.02065.x,PS,0.0
Row.136,control_10.1111/j.1467-9280.2008.02067.x,PS,0.0
Row.136,control_10.1111/j.1467-9280.2008.02068.x,PS,0.0
Row.136,control_10.1111/j.1467-9280.2008.02071.x,PS,1.2716666224505633e-17
Row.136,control_10.1111/j.1467-9280.2008.02073.x,PS,4.729262953138522e-17
Row.136,control_10.1111/j.1467-9280.2008.02074.x,PS,0.0
Row.136,control_10.1111/j.1467-9280.2008.02075.x,PS,0.0
Row.136,control_10.1111/j.1467-9280.2008.02079.x,PS,2.293210347528435e-16
Row.136,control_10.1111/j.1467-9280.2008.02083.x,PS,0.0
Row.136,control_10.1111/j.1467-9280.2008.02086.x,PS,1.0958249869221008e-17
Row.136,control_10.1111/j.1467-9280.2008.02087.x,PS,1.1247294679863175e-16
Row.136,control_10.1111/j.1467-9280.2008.02094.x,PS,0.058134881633207576
Row.136,control_10.1111/j.1467-9280.2008.02096.x,PS,0.0
Row.136,control_10.1111/j.1467-9280.2008.02099.x,PS,0.0
Row.136,control_10.1111/j.1467-9280.2008.02102.x,PS,2.116011742635532e-17
Row.136,control_10.1111/j.1467-9280.2008.02103.x,PS,1.8278292436483664e-16
Row.136,control_10.1111/j.1467-9280.2008.02104.x,PS,0.0
Row.136,control_10.1111/j.1467-9280.2008.02105.x,PS,0.0
Row.136,control_10.1111/j.1467-9280.2008.02106.x,PS,3.331070677447684e-17
Row.136,control_10.1111/j.1467-9280.2008.02107.x,PS,0.0
Row.136,control_10.1111/j.1467-9280.2008.02108.x,PS,5.666684408327126e-17
Row.136,control_10.1111/j.1467-9280.2008.02109.x,PS,6.995527553246553e-18
Row.136,control_10.1111/j.1467-9280.2008.02110.x,PS,8.88165258638558e-17
Row.136,control_10.1111/j.1467-9280.2008.02111.x,PS,0.0
Row.136,control_10.1111/j.1467-9280.2008.02112.x,PS,1.2352726338669931e-16
Row.136,control_10.1111/j.1467-9280.2008.02113.x,PS,0.0
Row.136,control_10.1111/j.1467-9280.2008.02114.x,PS,0.0
Row.136,control_10.1111/j.1467-9280.2008.02115.x,PS,0.0
Row.136,control_10.1111/j.1467-9280.2008.02116.x,PS,0.0
Row.136,control_10.1111/j.1467-9280.2008.02117.x,PS,3.4644309227258634e-16
Row.136,control_10.1111/j.1467-9280.2008.02118.x,PS,5.017573715900375e-17
Row.136,control_10.1111/j.1467-9280.2008.02119.x,PS,7.262676660305647e-17
Row.136,control_10.1111/j.1467-9280.2008.02120.x,PS,1.2809787026102644e-17
Row.136,control_10.1111/j.1467-9280.2008.02121.x,PS,0.0
Row.136,control_10.1111/j.1467-9280.2008.02122.x,PS,0.0
Row.136,control_10.1111/j.1467-9280.2008.02123.x,PS,5.085294706732424e-17
Row.136,control_10.1111/j.1467-9280.2008.02125.x,PS,0.0
Row.136,control_10.1111/j.1467-9280.2008.02126.x,PS,0.0
Row.136,control_10.1111/j.1467-9280.2008.02127.x,PS,0.4264929919422188
Row.136,control_10.1111/j.1467-9280.2008.02129.x,PS,0.0
Row.136,control_10.1111/j.1467-9280.2008.02130.x,PS,3.0477373208975805e-17
Row.136,control_10.1111/j.1467-9280.2008.02131.x,PS,0.0
Row.136,control_10.1111/j.1467-9280.2008.02132.x,PS,0.0
Row.136,control_10.1111/j.1467-9280.2008.02133.x,PS,0.0
Row.136,control_10.1111/j.1467-9280.2008.02134.x,PS,5.266056581181166e-17
Row.136,control_10.1111/j.1467-9280.2008.02135.x,PS,0.0
Row.136,control_10.1111/j.1467-9280.2008.02137.x,PS,0.0
Row.136,control_10.1111/j.1467-9280.2008.02138.x,PS,1.0313844369082495e-16
Row.136,control_10.1111/j.1467-9280.2008.02139.x,PS,1.1481986910299453e-17
Row.136,control_10.1111/j.1467-9280.2008.02140.x,PS,1.2886610155763556e-16
Row.136,control_10.1111/j.1467-9280.2008.02141.x,PS,3.1816278405964845e-17
Row.136,control_10.1111/j.1467-9280.2008.02142.x,PS,0.0
Row.136,control_10.1111/j.1467-9280.2008.02143.x,PS,3.64109333213339e-17
Row.136,control_10.1111/j.1467-9280.2008.02144.x,PS,0.0
Row.136,control_10.1111/j.1467-9280.2008.02145.x,PS,2.2589238790673775e-17
Row.136,control_10.1111/j.1467-9280.2008.02146.x,PS,0.0
Row.136,control_10.1111/j.1467-9280.2008.02147.x,PS,2.942833675111841e-17
Row.136,control_10.1111/j.1467-9280.2008.02148.x,PS,0.1983525531780849
Row.136,control_10.1111/j.1467-9280.2008.02149.x,PS,5.548600494273396e-17
Row.136,control_10.1111/j.1467-9280.2008.02150.x,PS,1.5735262550498866e-17
Row.136,control_10.1111/j.1467-9280.2008.02151.x,PS,0.0
Row.136,control_10.1111/j.1467-9280.2008.02152.x,PS,2.4307762100069075e-18
Row.136,control_10.1111/j.1467-9280.2008.02153.x,PS,4.2103829075235423e-17
Row.136,control_10.1111/j.1467-9280.2008.02154.x,PS,0.0
Row.136,control_10.1111/j.1467-9280.2008.02155.x,PS,1.2607625549523285e-17
Row.136,control_10.1111/j.1467-9280.2008.02156.x,PS,0.0
Row.136,control_10.1111/j.1467-9280.2008.02158.x,PS,0.0
Row.136,control_10.1111/j.1467-9280.2008.02160.x,PS,0.0
Row.136,control_10.1111/j.1467-9280.2008.02161.x,PS,0.0
Row.136,control_10.1111/j.1467-9280.2008.02162.x,PS,3.7215278505611443e-17
Row.136,control_10.1111/j.1467-9280.2008.02163.x,PS,0.0
Row.136,control_10.1111/j.1467-9280.2008.02164.x,PS,8.398769265003995e-17
Row.136,control_10.1111/j.1467-9280.2008.02165.x,PS,0.05340207548253205
Row.136,control_10.1111/j.1467-9280.2008.02166.x,PS,1.535900504657073e-18
Row.136,control_10.1111/j.1467-9280.2008.02167.x,PS,0.0
Row.136,control_10.1111/j.1467-9280.2008.02168.x,PS,1.1150038964509756e-17
Row.136,control_10.1111/j.1467-9280.2008.02169.x,PS,4.2385562803633e-17
Row.136,control_10.1111/j.1467-9280.2008.02170.x,PS,0.0
Row.136,control_10.1111/j.1467-9280.2008.02171.x,PS,2.895159241705088e-17
Row.136,control_10.1111/j.1467-9280.2008.02173.x,PS,5.3474390473097013e-17
Row.136,control_10.1111/j.1467-9280.2008.02174.x,PS,0.0
Row.136,control_10.1111/j.1467-9280.2008.02175.x,PS,3.5836923827858765e-17
Row.136,control_10.1111/j.1467-9280.2008.02176.x,PS,0.0
Row.136,control_10.1111/j.1467-9280.2008.02177.x,PS,1.7994222296716746e-17
Row.136,control_10.1111/j.1467-9280.2008.02178.x,PS,5.544438761123136e-17
Row.136,control_10.1111/j.1467-9280.2008.02179.x,PS,7.78576531372148e-17
Row.136,control_10.1111/j.1467-9280.2008.02180.x,PS,1.5794613551750295e-17
Row.136,control_10.1111/j.1467-9280.2008.02182.x,PS,0.0
Row.136,control_10.1111/j.1467-9280.2008.02183.x,PS,0.0
Row.136,control_10.1111/j.1467-9280.2008.02184.x,PS,0.0
Row.136,control_10.1111/j.1467-9280.2008.02185.x,PS,3.5496036466347725e-17
Row.136,control_10.1111/j.1467-9280.2008.02186.x,PS,0.0
Row.136,control_10.1111/j.1467-9280.2008.02188.x,PS,1.3715821342364533e-16
Row.136,control_10.1111/j.1467-9280.2008.02189.x,PS,0.0
Row.136,control_10.1111/j.1467-9280.2008.02190.x,PS,0.0
Row.136,control_10.1111/j.1467-9280.2008.02191.x,PS,0.0
Row.136,control_10.1111/j.1467-9280.2008.02192.x,PS,0.0
Row.136,control_10.1111/j.1467-9280.2008.02193.x,PS,1.39868798647535e-17
Row.136,control_10.1111/j.1467-9280.2008.02194.x,PS,0.0
Row.136,control_10.1111/j.1467-9280.2008.02195.x,PS,2.9925172998945225e-18
Row.136,control_10.1111/j.1467-9280.2008.02196.x,PS,7.464434076483215e-17
Row.136,control_10.1111/j.1467-9280.2008.02197.x,PS,0.0
Row.136,control_10.1111/j.1467-9280.2008.02198.x,PS,0.0
Row.136,control_10.1111/j.1467-9280.2008.02200.x,PS,1.4276065892531216e-16
Row.136,control_10.1111/j.1467-9280.2008.02201.x,PS,2.929179294054844e-17
Row.136,control_10.1111/j.1467-9280.2008.02202.x,PS,4.829226997825254e-18
Row.136,control_10.1111/j.1467-9280.2008.02203.x,PS,0.0
Row.136,control_10.1111/j.1467-9280.2008.02204.x,PS,3.1158439327246306e-17
Row.136,control_10.1111/j.1467-9280.2008.02205.x,PS,0.0
Row.136,control_10.1111/j.1467-9280.2008.02206.x,PS,0.0
Row.136,control_10.1111/j.1467-9280.2008.02207.x,PS,0.0
Row.136,control_10.1111/j.1467-9280.2008.02208.x,PS,1.5488050104958852e-17
Row.136,control_10.1111/j.1467-9280.2008.02209.x,PS,6.727021025931365e-17
Row.136,control_10.1111/j.1467-9280.2008.02210.x,PS,3.2664268648014705e-17
Row.136,control_10.1111/j.1467-9280.2008.02211.x,PS,8.426699713660501e-17
Row.136,control_10.1111/j.1467-9280.2008.02212.x,PS,0.0
Row.136,control_10.1111/j.1467-9280.2008.02213.x,PS,0.0
Row.136,control_10.1111/j.1467-9280.2008.02214.x,PS,1.261264317208699e-16
Row.136,control_10.1111/j.1467-9280.2008.02215.x,PS,4.928177642657265e-17
Row.136,control_10.1111/j.1467-9280.2008.02216.x,PS,0.0
Row.136,control_10.1111/j.1467-9280.2008.02217.x,PS,6.6358073932409145e-18
Row.136,control_10.1111/j.1467-9280.2008.02218.x,PS,4.1953176047849953e-17
Row.136,control_10.1111/j.1467-9280.2008.02219.x,PS,6.056984585848692e-17
Row.136,control_10.1111/j.1467-9280.2008.02220.x,PS,7.141681121863727e-17
Row.136,control_10.1111/j.1467-9280.2008.02221.x,PS,2.097005994511407e-17
Row.136,control_10.1111/j.1467-9280.2008.02222.x,PS,0.0
Row.136,control_10.1111/j.1467-9280.2008.02223.x,PS,0.0
Row.136,control_10.1111/j.1467-9280.2008.02224.x,PS,3.326092031629615e-17
Row.136,control_10.1111/j.1467-9280.2008.02225.x,PS,0.2636174977639523
Row.136,control_10.1111/j.1467-9280.2008.02226.x,PS,7.000868246452972e-18
Row.136,control_10.1111/j.1467-9280.2008.02228.x,PS,7.04787525824744e-17
Row.136,control_10.1111/j.1467-9280.2008.02229.x,PS,6.031830999194042e-18
Row.136,control_10.1111/j.1467-9280.2008.02230.x,PS,2.5485284876403536e-17
Row.136,control_10.1111/j.1467-9280.2008.02231.x,PS,0.0
Row.136,control_10.1111/j.1467-9280.2008.02232.x,PS,0.0
Row.136,control_10.1111/j.1467-9280.2008.02233.x,PS,1.4812872370769482e-17
Row.136,control_10.1111/j.1467-9280.2008.02234.x,PS,8.217637688206652e-17
Row.136,control_10.1111/j.1467-9280.2008.02235.x,PS,0.0
Row.136,control_10.1111/j.1467-9280.2008.02236.x,PS,0.0
Row.136,control_10.1111/j.1467-9280.2008.02237.x,PS,6.193597591063252e-17
Row.136,control_10.1111/j.1467-9280.2008.02238.x,PS,1.4333646420428252e-17
Row.136,control_10.1111/j.1467-9280.2008.02239.x,PS,0.0
Row.136,control_10.1111/j.1467-9280.2008.02240.x,PS,7.961875027945197e-17
Row.136,control_10.1111/j.1467-9280.2008.02241.x,PS,0.0
Row.139,control_10.1111/j.1467-9280.2008.02036.x,PS,8.36931544269992e-06
Row.139,control_10.1111/j.1467-9280.2008.02037.x,PS,0.0
Row.139,control_10.1111/j.1467-9280.2008.02038.x,PS,2.4205470632677204e-21
Row.139,control_10.1111/j.1467-9280.2008.02047.x,PS,2.018883287530581e-21
Row.139,control_10.1111/j.1467-9280.2008.02048.x,PS,0.018858781658581698
Row.139,control_10.1111/j.1467-9280.2008.02055.x,PS,7.553372715598171e-21
Row.139,control_10.1111/j.1467-9280.2008.02058.x,PS,0.0
Row.139,control_10.1111/j.1467-9280.2008.02059.x,PS,7.967320985802306e-06
Row.139,control_10.1111/j.1467-9280.2008.02063.x,PS,4.770372429231374e-22
Row.139,control_10.1111/j.1467-9280.2008.02065.x,PS,0.0
Row.139,control_10.1111/j.1467-9280.2008.02067.x,PS,0.0
Row.139,control_10.1111/j.1467-9280.2008.02068.x,PS,1.1829544573326034e-21
Row.139,control_10.1111/j.1467-9280.2008.02071.x,PS,6.012273060205035e-21
Row.139,control_10.1111/j.1467-9280.2008.02073.x,PS,0.0009138925852893497
Row.139,control_10.1111/j.1467-9280.2008.02074.x,PS,5.1113823114379974e-23
Row.139,control_10.1111/j.1467-9280.2008.02075.x,PS,0.0
Row.139,control_10.1111/j.1467-9280.2008.02079.x,PS,0.0
Row.139,control_10.1111/j.1467-9280.2008.02083.x,PS,1.4654967931676765e-21
Row.139,control_10.1111/j.1467-9280.2008.02086.x,PS,0.15267310882531693
Row.139,control_10.1111/j.1467-9280.2008.02087.x,PS,0.0
Row.139,control_10.1111/j.1467-9280.2008.02094.x,PS,0.0
Row.139,control_10.1111/j.1467-9280.2008.02096.x,PS,0.0
Row.139,control_10.1111/j.1467-9280.2008.02099.x,PS,1.8972504301260176e-21
Row.139,control_10.1111/j.1467-9280.2008.02102.x,PS,9.679981679488791e-23
Row.139,control_10.1111/j.1467-9280.2008.02103.x,PS,1.904808691287351e-21
Row.139,control_10.1111/j.1467-9280.2008.02104.x,PS,0.0
Row.139,control_10.1111/j.1467-9280.2008.02105.x,PS,0.0
Row.139,control_10.1111/j.1467-9280.2008.02106.x,PS,6.769166264862676e-22
Row.139,control_10.1111/j.1467-9280.2008.02107.x,PS,1.2562147772785844e-21
Row.139,control_10.1111/j.1467-9280.2008.02108.x,PS,6.443780150566792e-22
Row.139,control_10.1111/j.1467-9280.2008.02109.x,PS,0.058245326633859056
Row.139,control_10.1111/j.1467-9280.2008.02110.x,PS,0.0
Row.139,control_10.1111/j.1467-9280.2008.02111.x,PS,1.766296532925207e-05
Row.139,control_10.1111/j.1467-9280.2008.02112.x,PS,0.0
Row.139,control_10.1111/j.1467-9280.2008.02113.x,PS,0.00020991712506655165
Row.139,control_10.1111/j.1467-9280.2008.02114.x,PS,0.0
Row.139,control_10.1111/j.1467-9280.2008.02115.x,PS,0.08407519067305405
Row.139,control_10.1111/j.1467-9280.2008.02116.x,PS,7.570929051457957e-06
Row.139,control_10.1111/j.1467-9280.2008.02117.x,PS,0.0
Row.139,control_10.1111/j.1467-9280.2008.02118.x,PS,2.8700428360631645e-21
Row.139,control_10.1111/j.1467-9280.2008.02119.x,PS,7.654528137754541e-07
Row.139,control_10.1111/j.1467-9280.2008.02120.x,PS,0.04871808978247805
Row.139,control_10.1111/j.1467-9280.2008.02121.x,PS,1.6744548465430965e-21
Row.139,control_10.1111/j.1467-9280.2008.02122.x,PS,0.0
Row.139,control_10.1111/j.1467-9280.2008.02123.x,PS,6.81607092533611e-22
Row.139,control_10.1111/j.1467-9280.2008.02125.x,PS,0.19603011822597669
Row.139,control_10.1111/j.1467-9280.2008.02126.x,PS,0.0
Row.139,control_10.1111/j.1467-9280.2008.02127.x,PS,0.0
Row.139,control_10.1111/j.1467-9280.2008.02129.x,PS,0.02955093728786024
Row.139,control_10.1111/j.1467-9280.2008.02130.x,PS,1.8994430746880064e-05
Row.139,control_10.1111/j.1467-9280.2008.02131.x,PS,0.0
Row.139,control_10.1111/j.1467-9280.2008.02132.x,PS,0.048172053497711566
Row.139,control_10.1111/j.1467-9280.2008.02133.x,PS,4.487416110878703e-22
Row.139,control_10.1111/j.1467-9280.2008.02134.x,PS,0.0
Row.139,control_10.1111/j.1467-9280.2008.02135.x,PS,6.557340712355506e-22
Row.139,control_10.1111/j.1467-9280.2008.02137.x,PS,0.033885559815321306
Row.139,control_10.1111/j.1467-9280.2008.02138.x,PS,1.8638149407029278e-21
Row.139,control_10.1111/j.1467-9280.2008.02139.x,PS,1.874579739658057e-05
Row.139,control_10.1111/j.1467-9280.2008.02140.x,PS,2.3820566484686598e-21
Row.139,control_10.1111/j.1467-9280.2008.02141.x,PS,0.0
Row.139,control_10.1111/j.1467-9280.2008.02142.x,PS,0.0
Row.139,control_10.1111/j.1467-9280.2008.02143.x,PS,1.4421612436746766e-21
Row.139,control_10.1111/j.1467-9280.2008.02144.x,PS,0.0
Row.139,control_10.1111/j.1467-9280.2008.02145.x,PS,1.196441706453326e-21
Row.139,control_10.1111/j.1467-9280.2008.02146.x,PS,1.2703954116637107e-21
Row.139,control_10.1111/j.1467-9280.2008.02147.x,PS,0.0
Row.139,control_10.1111/j.1467-9280.2008.02148.x,PS,0.0
Row.139,control_10.1111/j.1467-9280.2008.02149.x,PS,0.0
Row.139,control_10.1111/j.1467-9280.2008.02150.x,PS,8.948981684961119e-22
Row.139,control_10.1111/j.1467-9280.2008.02151.x,PS,8.457860243681023e-22
Row.139,control_10.1111/j.1467-9280.2008.02152.x,PS,1.438352030922697e-22
Row.139,control_10.1111/j.1467-9280.2008.02153.x,PS,1.457887071913114e-21
Row.139,control_10.1111/j.1467-9280.2008.02154.x,PS,3.300384567448503e-22
Row.139,control_10.1111/j.1467-9280.2008.02155.x,PS,0.0
Row.139,control_10.1111/j.1467-9280.2008.02156.x,PS,6.53215428177181e-22
Row.139,control_10.1111/j.1467-9280.2008.02158.x,PS,0.016415079673721987
Row.139,control_10.1111/j.1467-9280.2008.02160.x,PS,0.0
Row.139,control_10.1111/j.1467-9280.2008.02161.x,PS,6.461866422891391e-22
Row.139,control_10.1111/j.1467-9280.2008.02162.x,PS,0.0
Row.139,control_10.1111/j.1467-9280.2008.02163.x,PS,6.298418613749152e-22
Row.139,control_10.1111/j.1467-9280.2008.02164.x,PS,0.0
Row.139,control_10.1111/j.1467-9280.2008.02165.x,PS,0.0
Row.139,control_10.1111/j.1467-9280.2008.02166.x,PS,0.0
Row.139,control_10.1111/j.1467-9280.2008.02167.x,PS,0.0
Row.139,control_10.1111/j.1467-9280.2008.02168.x,PS,7.279401387893792e-22
Row.139,control_10.1111/j.1467-9280.2008.02169.x,PS,2.6317026627109082e-05
Row.139,control_10.1111/j.1467-9280.2008.02170.x,PS,6.724415830523927e-22
Row.139,control_10.1111/j.1467-9280.2008.02171.x,PS,4.356072565239261e-22
Row.139,control_10.1111/j.1467-9280.2008.02173.x,PS,1.6097627958463524e-21
Row.139,control_10.1111/j.1467-9280.2008.02174.x,PS,0.0
Row.139,control_10.1111/j.1467-9280.2008.02175.x,PS,0.0
Row.139,control_10.1111/j.1467-9280.2008.02176.x,PS,1.2431511486733701e-21
Row.139,control_10.1111/j.1467-9280.2008.02177.x,PS,1.1459788501527639e-21
Row.139,control_10.1111/j.1467-9280.2008.02178.x,PS,6.239294776481368e-22
Row.139,control_10.1111/j.1467-9280.2008.02179.x,PS,0.0
Row.139,control_10.1111/j.1467-9280.2008.02180.x,PS,0.0761945020138441
Row.139,control_10.1111/j.1467-9280.2008.02182.x,PS,0.0
Row.139,control_10.1111/j.1467-9280.2008.02183.x,PS,6.03925804067484e-06
Row.139,control_10.1111/j.1467-9280.2008.02184.x,PS,1.3658425181214518e-22
Row.139,control_10.1111/j.1467-9280.2008.02185.x,PS,0.0
Row.139,control_10.1111/j.1467-9280.2008.02186.x,PS,5.198637378090089e-23
Row.139,control_10.1111/j.1467-9280.2008.02188.x,PS,5.819746197093972e-22
Row.139,control_10.1111/j.1467-9280.2008.02189.x,PS,0.0
Row.139,control_10.1111/j.1467-9280.2008.02190.x,PS,0.12674147274427272
Row.139,control_10.1111/j.1467-9280.2008.02191.x,PS,0.0
Row.139,control_10.1111/j.1467-9280.2008.02192.x,PS,1.4764146472736445e-22
Row.139,control_10.1111/j.1467-9280.2008.02193.x,PS,1.5262514766490665e-05
Row.139,control_10.1111/j.1467-9280.2008.02194.x,PS,6.065796453898821e-22
Row.139,control_10.1111/j.1467-9280.2008.02195.x,PS,0.020737350153849927
Row.139,control_10.1111/j.1467-9280.2008.02196.x,PS,0.0
Row.139,control_10.1111/j.1467-9280.2008.02197.x,PS,0.0
Row.139,control_10.1111/j.1467-9280.2008.02198.x,PS,3.437812716815738e-22
Row.139,control_10.1111/j.1467-9280.2008.02200.x,PS,2.3734268056671565e-21
Row.139,control_10.1111/j.1467-9280.2008.02201.x,PS,0.0
Row.139,control_10.1111/j.1467-9280.2008.02202.x,PS,3.646668336721604e-06
Row.139,control_10.1111/j.1467-9280.2008.02203.x,PS,0.0
Row.139,control_10.1111/j.1467-9280.2008.02204.x,PS,2.0428609494252835e-22
Row.139,control_10.1111/j.1467-9280.2008.02205.x,PS,2.9256539360849978e-21
Row.139,control_10.1111/j.1467-9280.2008.02206.x,PS,1.1358312971019605e-21
Row.139,control_10.1111/j.1467-9280.2008.02207.x,PS,0.06895730836577031
Row.139,control_10.1111/j.1467-9280.2008.02208.x,PS,4.38631965008792e-22
Row.139,control_10.1111/j.1467-9280.2008.02209.x,PS,0.0
Row.139,control_10.1111/j.1467-9280.2008.02210.x,PS,0.0
Row.139,control_10.1111/j.1467-9280.2008.02211.x,PS,6.541459764421877e-22
Row.139,control_10.1111/j.1467-9280.2008.02212.x,PS,6.792837415776249e-22
Row.139,control_10.1111/j.1467-9280.2008.02213.x,PS,0.0
Row.139,control_10.1111/j.1467-9280.2008.02214.x,PS,3.063563567054409e-22
Row.139,control_10.1111/j.1467-9280.2008.02215.x,PS,1.3607728521116109e-21
Row.139,control_10.1111/j.1467-9280.2008.02216.x,PS,2.3273153145019363e-05
Row.139,control_10.1111/j.1467-9280.2008.02217.x,PS,5.098724825029081e-22
Row.139,control_10.1111/j.1467-9280.2008.02218.x,PS,4.890952979210954e-22
Row.139,control_10.1111/j.1467-9280.2008.02219.x,PS,0.0
Row.139,control_10.1111/j.1467-9280.2008.02220.x,PS,0.0
Row.139,control_10.1111/j.1467-9280.2008.02221.x,PS,1.8961821313447816e-09
Row.139,control_10.1111/j.1467-9280.2008.02222.x,PS,1.1932349390005832e-21
Row.139,control_10.1111/j.1467-9280.2008.02223.x,PS,0.019458686022458403
Row.139,control_10.1111/j.1467-9280.2008.02224.x,PS,1.6932794287733323e-22
Row.139,control_10.1111/j.1467-9280.2008.02225.x,PS,2.6273210695242986e-21
Row.139,control_10.1111/j.1467-9280.2008.02226.x,PS,1.1212756274332764e-21
Row.139,control_10.1111/j.1467-9280.2008.02228.x,PS,8.1689754957363815e-22
Row.139,control_10.1111/j.1467-9280.2008.02229.x,PS,0.0
Row.139,control_10.1111/j.1467-9280.2008.02230.x,PS,2.0980735708409307e-21
Row.139,control_10.1111/j.1467-9280.2008.02231.x,PS,2.762362344800132e-22
Row.139,control_10.1111/j.1467-9280.2008.02232.x,PS,1.474769618502603e-22
Row.139,control_10.1111/j.1467-9280.2008.02233.x,PS,1.2714206398421347e-21
Row.139,control_10.1111/j.1467-9280.2008.02234.x,PS,6.3569728426141e-22
Row.139,control_10.1111/j.1467-9280.2008.02235.x,PS,0.0
Row.139,control_10.1111/j.1467-9280.2008.02236.x,PS,1.4542961601546015e-23
Row.139,control_10.1111/j.1467-9280.2008.02237.x,PS,8.008186702608741e-06
Row.139,control_10.1111/j.1467-9280.2008.02238.x,PS,5.297131926748351e-26
Row.139,control_10.1111/j.1467-9280.2008.02239.x,PS,0.0
Row.139,control_10.1111/j.1467-9280.2008.02240.x,PS,5.970410022758448e-22
Row.139,control_10.1111/j.1467-9280.2008.02241.x,PS,6.515771459615624e-21
Row.140,control_10.1111/j.1467-9280.2008.02036.x,PS,0.00023928916049753074
Row.140,control_10.1111/j.1467-9280.2008.02037.x,PS,0.0002936370162010314
Row.140,control_10.1111/j.1467-9280.2008.02038.x,PS,0.0653243793011752
Row.140,control_10.1111/j.1467-9280.2008.02047.x,PS,0.0
Row.140,control_10.1111/j.1467-9280.2008.02048.x,PS,3.2941475426980426e-05
Row.140,control_10.1111/j.1467-9280.2008.02055.x,PS,0.0001917589875153467
Row.140,control_10.1111/j.1467-9280.2008.02058.x,PS,0.00022141633824238895
Row.140,control_10.1111/j.1467-9280.2008.02059.x,PS,0.00015076234748152563
Row.140,control_10.1111/j.1467-9280.2008.02063.x,PS,0.010021474308683487
Row.140,control_10.1111/j.1467-9280.2008.02065.x,PS,0.00023530551020809598
Row.140,control_10.1111/j.1467-9280.2008.02067.x,PS,0.0005660616525683921
Row.140,control_10.1111/j.1467-9280.2008.02068.x,PS,0.0005842888880292491
Row.140,control_10.1111/j.1467-9280.2008.02071.x,PS,0.00011695334677175106
Row.140,control_10.1111/j.1467-9280.2008.02073.x,PS,9.745866189219298e-05
Row.140,control_10.1111/j.1467-9280.2008.02074.x,PS,0.00015057768351422682
Row.140,control_10.1111/j.1467-9280.2008.02075.x,PS,0.0096721425421151
Row.140,control_10.1111/j.1467-9280.2008.02079.x,PS,0.0002587488727160787
Row.140,control_10.1111/j.1467-9280.2008.02083.x,PS,1.1636874239799645e-05
Row.140,control_10.1111/j.1467-9280.2008.02086.x,PS,0.00010337737375629311
Row.140,control_10.1111/j.1467-9280.2008.02087.x,PS,8.868923638401256e-05
Row.140,control_10.1111/j.1467-9280.2008.02094.x,PS,0.039008614965632064
Row.140,control_10.1111/j.1467-9280.2008.02096.x,PS,0.0001036826738225384
Row.140,control_10.1111/j.1467-9280.2008.02099.x,PS,0.025493535028171636
Row.140,control_10.1111/j.1467-9280.2008.02102.x,PS,1.9228934312142938e-05
Row.140,control_10.1111/j.1467-9280.2008.02103.x,PS,0.0005330436522464205
Row.140,control_10.1111/j.1467-9280.2008.02104.x,PS,0.0005079340580048035
Row.140,control_10.1111/j.1467-9280.2008.02105.x,PS,0.0005442937724893882
Row.140,control_10.1111/j.1467-9280.2008.02106.x,PS,0.00022302629158450936
Row.140,control_10.1111/j.1467-9280.2008.02107.x,PS,0.0006893455231311509
Row.140,control_10.1111/j.1467-9280.2008.02108.x,PS,6.0639927409868126e-05
Row.140,control_10.1111/j.1467-9280.2008.02109.x,PS,5.09718884281132e-06
Row.140,control_10.1111/j.1467-9280.2008.02110.x,PS,6.9122516267381355e-22
Row.140,control_10.1111/j.1467-9280.2008.02111.x,PS,0.00010071530599688807
Row.140,control_10.1111/j.1467-9280.2008.02112.x,PS,0.18519431860330332
Row.140,control_10.1111/j.1467-9280.2008.02113.x,PS,0.07948442624621205
Row.140,control_10.1111/j.1467-9280.2008.02114.x,PS,5.740440255612582e-05
Row.140,control_10.1111/j.1467-9280.2008.02115.x,PS,8.017173920102442e-05
Row.140,control_10.1111/j.1467-9280.2008.02116.x,PS,0.0001940285602039405
Row.140,control_10.1111/j.1467-9280.2008.02117.x,PS,0.0001685579084885589
Row.140,control_10.1111/j.1467-9280.2008.02118.x,PS,9.271170290175147e-05
Row.140,control_10.1111/j.1467-9280.2008.02119.x,PS,8.196848877770615e-05
Row.140,control_10.1111/j.1467-9280.2008.02120.x,PS,1.0217555814550657e-05
Row.140,control_10.1111/j.1467-9280.2008.02121.x,PS,0.0001005748576456462
Row.140,control_10.1111/j.1467-9280.2008.02122.x,PS,0.0009761774706520102
Row.140,control_10.1111/j.1467-9280.2008.02123.x,PS,0.16215749597470425
Row.140,control_10.1111/j.1467-9280.2008.02125.x,PS,0.0002037835056163077
Row.140,control_10.1111/j.1467-9280.2008.02126.x,PS,0.00046025946223003184
Row.140,control_10.1111/j.1467-9280.2008.02127.x,PS,0.02251962897798026
Row.140,control_10.1111/j.1467-9280.2008.02129.x,PS,4.287137487959954e-05
Row.140,control_10.1111/j.1467-9280.2008.02130.x,PS,0.00033844953863698354
Row.140,control_10.1111/j.1467-9280.2008.02131.x,PS,0.00026343159181426866
Row.140,control_10.1111/j.1467-9280.2008.02132.x,PS,0.00024630960585576237
Row.140,control_10.1111/j.1467-9280.2008.02133.x,PS,5.9049837657482714e-05
Row.140,control_10.1111/j.1467-9280.2008.02134.x,PS,0.0003605162666721744
Row.140,control_10.1111/j.1467-9280.2008.02135.x,PS,0.0007702972851837388
Row.140,control_10.1111/j.1467-9280.2008.02137.x,PS,0.00014079970083649265
Row.140,control_10.1111/j.1467-9280.2008.02138.x,PS,0.0007023529881177859
Row.140,control_10.1111/j.1467-9280.2008.02139.x,PS,0.00011436847225096219
Row.140,control_10.1111/j.1467-9280.2008.02140.x,PS,0.0009558444679553357
Row.140,control_10.1111/j.1467-9280.2008.02141.x,PS,0.0054540810790381904
Row.140,control_10.1111/j.1467-9280.2008.02142.x,PS,0.00015216499590997066
Row.140,control_10.1111/j.1467-9280.2008.02143.x,PS,0.00014205130967494592
Row.140,control_10.1111/j.1467-9280.2008.02144.x,PS,0.0
Row.140,control_10.1111/j.1467-9280.2008.02145.x,PS,0.0003424605615252882
Row.140,control_10.1111/j.1467-9280.2008.02146.x,PS,7.631001410451391e-05
Row.140,control_10.1111/j.1467-9280.2008.02147.x,PS,0.0013394751921746635
Row.140,control_10.1111/j.1467-9280.2008.02148.x,PS,0.11267836861354749
Row.140,control_10.1111/j.1467-9280.2008.02149.x,PS,0.0015170077284644974
Row.140,control_10.1111/j.1467-9280.2008.02150.x,PS,0.0009279348247072662
Row.140,control_10.1111/j.1467-9280.2008.02151.x,PS,0.00045850266753987733
Row.140,control_10.1111/j.1467-9280.2008.02152.x,PS,4.5879249450416326e-07
Row.140,control_10.1111/j.1467-9280.2008.02153.x,PS,0.00043430611411033357
Row.140,control_10.1111/j.1467-9280.2008.02154.x,PS,0.0
Row.140,control_10.1111/j.1467-9280.2008.02155.x,PS,0.0002604222747639707
Row.140,control_10.1111/j.1467-9280.2008.02156.x,PS,0.00014421959964154593
Row.140,control_10.1111/j.1467-9280.2008.02158.x,PS,0.0006383205115518491
Row.140,control_10.1111/j.1467-9280.2008.02160.x,PS,0.0010299524201285845
Row.140,control_10.1111/j.1467-9280.2008.02161.x,PS,0.001177415901253919
Row.140,control_10.1111/j.1467-9280.2008.02162.x,PS,0.0007105448521925432
Row.140,control_10.1111/j.1467-9280.2008.02163.x,PS,2.570312532438637e-05
Row.140,control_10.1111/j.1467-9280.2008.02164.x,PS,0.0009837156093557616
Row.140,control_10.1111/j.1467-9280.2008.02165.x,PS,0.018213867774402308
Row.140,control_10.1111/j.1467-9280.2008.02166.x,PS,3.630733615699945e-22
Row.140,control_10.1111/j.1467-9280.2008.02167.x,PS,0.000752437040677413
Row.140,control_10.1111/j.1467-9280.2008.02168.x,PS,0.0
Row.140,control_10.1111/j.1467-9280.2008.02169.x,PS,0.00014212226958282517
Row.140,control_10.1111/j.1467-9280.2008.02170.x,PS,1.826292257302261e-05
Row.140,control_10.1111/j.1467-9280.2008.02171.x,PS,1.9176854771608387e-05
Row.140,control_10.1111/j.1467-9280.2008.02173.x,PS,0.0006966281707954236
Row.140,control_10.1111/j.1467-9280.2008.02174.x,PS,0.00024621056839288
Row.140,control_10.1111/j.1467-9280.2008.02175.x,PS,0.0020499946025719063
Row.140,control_10.1111/j.1467-9280.2008.02176.x,PS,0.006750631344185618
Row.140,control_10.1111/j.1467-9280.2008.02177.x,PS,0.0011545528025502668
Row.140,control_10.1111/j.1467-9280.2008.02178.x,PS,0.00010732999502800507
Row.140,control_10.1111/j.1467-9280.2008.02179.x,PS,0.0002678320854551893
Row.140,control_10.1111/j.1467-9280.2008.02180.x,PS,0.00016094058186515191
Row.140,control_10.1111/j.1467-9280.2008.02182.x,PS,5.4784119028337875e-05
Row.140,control_10.1111/j.1467-9280.2008.02183.x,PS,0.00033824861235524017
Row.140,control_10.1111/j.1467-9280.2008.02184.x,PS,1.9795249783211492e-05
Row.140,control_10.1111/j.1467-9280.2008.02185.x,PS,0.0010357941314764903
Row.140,control_10.1111/j.1467-9280.2008.02186.x,PS,0.01262903567382041
Row.140,control_10.1111/j.1467-9280.2008.02188.x,PS,0.0
Row.140,control_10.1111/j.1467-9280.2008.02189.x,PS,4.697356473061078e-05
Row.140,control_10.1111/j.1467-9280.2008.02190.x,PS,3.2846358548914426e-05
Row.140,control_10.1111/j.1467-9280.2008.02191.x,PS,0.00041044444242339603
Row.140,control_10.1111/j.1467-9280.2008.02192.x,PS,0.00023456251239086206
Row.140,control_10.1111/j.1467-9280.2008.02193.x,PS,0.0004417047307065749
Row.140,control_10.1111/j.1467-9280.2008.02194.x,PS,0.00014581850806495974
Row.140,control_10.1111/j.1467-9280.2008.02195.x,PS,9.302948950954105e-05
Row.140,control_10.1111/j.1467-9280.2008.02196.x,PS,5.996299301456519e-07
Row.140,control_10.1111/j.1467-9280.2008.02197.x,PS,1.0869253557220178e-07
Row.140,control_10.1111/j.1467-9280.2008.02198.x,PS,0.0020601815729492092
Row.140,control_10.1111/j.1467-9280.2008.02200.x,PS,0.00879484863696669
Row.140,control_10.1111/j.1467-9280.2008.02201.x,PS,0.0010274534941305477
Row.140,control_10.1111/j.1467-9280.2008.02202.x,PS,0.0001409601822251673
Row.140,control_10.1111/j.1467-9280.2008.02203.x,PS,0.00013830906571309334
Row.140,control_10.1111/j.1467-9280.2008.02204.x,PS,8.558086918537236e-05
Row.140,control_10.1111/j.1467-9280.2008.02205.x,PS,5.852092681587057e-06
Row.140,control_10.1111/j.1467-9280.2008.02206.x,PS,0.11875112712969654
Row.140,control_10.1111/j.1467-9280.2008.02207.x,PS,5.219509079477247e-05
Row.140,control_10.1111/j.1467-9280.2008.02208.x,PS,8.655103154750894e-05
Row.140,control_10.1111/j.1467-9280.2008.02209.x,PS,0.00020047608201191464
Row.140,control_10.1111/j.1467-9280.2008.02210.x,PS,0.023110553905348934
Row.140,control_10.1111/j.1467-9280.2008.02211.x,PS,0.0
Row.140,control_10.1111/j.1467-9280.2008.02212.x,PS,0.0008397166391789934
Row.140,control_10.1111/j.1467-9280.2008.02213.x,PS,7.59312336517371e-05
Row.140,control_10.1111/j.1467-9280.2008.02214.x,PS,0.0007780101392922281
Row.140,control_10.1111/j.1467-9280.2008.02215.x,PS,2.301398887984053e-05
Row.140,control_10.1111/j.1467-9280.2008.02216.x,PS,0.00026773440835342415
Row.140,control_10.1111/j.1467-9280.2008.02217.x,PS,0.00019236113198091236
Row.140,control_10.1111/j.1467-9280.2008.02218.x,PS,2.022251654406588e-23
Row.140,control_10.1111/j.1467-9280.2008.02219.x,PS,0.00010963577697778912
Row.140,control_10.1111/j.1467-9280.2008.02220.x,PS,0.00010564552755068378
Row.140,control_10.1111/j.1467-9280.2008.02221.x,PS,6.793199006057199e-05
Row.140,control_10.1111/j.1467-9280.2008.02222.x,PS,0.00046691239994298535
Row.140,control_10.1111/j.1467-9280.2008.02223.x,PS,0.00010694152119310678
Row.140,control_10.1111/j.1467-9280.2008.02224.x,PS,0.00044047376308418355
Row.140,control_10.1111/j.1467-9280.2008.02225.x,PS,0.013028159120434948
Row.140,control_10.1111/j.1467-9280.2008.02226.x,PS,0.0009009782495478545
Row.140,control_10.1111/j.1467-9280.2008.02228.x,PS,7.81443336606478e-05
Row.140,control_10.1111/j.1467-9280.2008.02229.x,PS,4.6568662466764366e-05
Row.140,control_10.1111/j.1467-9280.2008.02230.x,PS,0.0002994144568108945
Row.140,control_10.1111/j.1467-9280.2008.02231.x,PS,0.00012516682841121684
Row.140,control_10.1111/j.1467-9280.2008.02232.x,PS,0.0005310229779333292
Row.140,control_10.1111/j.1467-9280.2008.02233.x,PS,6.954807624972151e-06
Row.140,control_10.1111/j.1467-9280.2008.02234.x,PS,0.00031104131479201626
Row.140,control_10.1111/j.1467-9280.2008.02235.x,PS,0.0
Row.140,control_10.1111/j.1467-9280.2008.02236.x,PS,0.00019475162862524694
Row.140,control_10.1111/j.1467-9280.2008.02237.x,PS,0.00037894615766128053
Row.140,control_10.1111/j.1467-9280.2008.02238.x,PS,0.022056370280584787
Row.140,control_10.1111/j.1467-9280.2008.02239.x,PS,0.0004601369835157403
Row.140,control_10.1111/j.1467-9280.2008.02240.x,PS,0.017576045984452147
Row.140,control_10.1111/j.1467-9280.2008.02241.x,PS,9.467813920924479e-05
Row.142,control_10.1111/j.1467-9280.2008.02036.x,PS,4.3215917468251243e-17
Row.142,control_10.1111/j.1467-9280.2008.02037.x,PS,0.0
Row.142,control_10.1111/j.1467-9280.2008.02038.x,PS,0.0
Row.142,control_10.1111/j.1467-9280.2008.02047.x,PS,3.758182795686534e-18
Row.142,control_10.1111/j.1467-9280.2008.02048.x,PS,0.0
Row.142,control_10.1111/j.1467-9280.2008.02055.x,PS,1.2917313531651408e-17
Row.142,control_10.1111/j.1467-9280.2008.02058.x,PS,4.229591742974149e-18
Row.142,control_10.1111/j.1467-9280.2008.02059.x,PS,3.2481939517719564e-17
Row.142,control_10.1111/j.1467-9280.2008.02063.x,PS,0.0
Row.142,control_10.1111/j.1467-9280.2008.02065.x,PS,4.4343449671929153e-17
Row.142,control_10.1111/j.1467-9280.2008.02067.x,PS,0.0
Row.142,control_10.1111/j.1467-9280.2008.02068.x,PS,0.0052181311380032
Row.142,control_10.1111/j.1467-9280.2008.02071.x,PS,0.0
Row.142,control_10.1111/j.1467-9280.2008.02073.x,PS,0.0
Row.142,control_10.1111/j.1467-9280.2008.02074.x,PS,0.0
Row.142,control_10.1111/j.1467-9280.2008.02075.x,PS,0.0
Row.142,control_10.1111/j.1467-9280.2008.02079.x,PS,1.3126881493439031e-17
Row.142,control_10.1111/j.1467-9280.2008.02083.x,PS,0.0
Row.142,control_10.1111/j.1467-9280.2008.02086.x,PS,8.142805815768197e-18
Row.142,control_10.1111/j.1467-9280.2008.02087.x,PS,0.0
Row.142,control_10.1111/j.1467-9280.2008.02094.x,PS,0.0
Row.142,control_10.1111/j.1467-9280.2008.02096.x,PS,0.0
Row.142,control_10.1111/j.1467-9280.2008.02099.x,PS,7.375070287897945e-18
Row.142,control_10.1111/j.1467-9280.2008.02102.x,PS,3.5854693195148765e-17
Row.142,control_10.1111/j.1467-9280.2008.02103.x,PS,2.2575501534601935e-17
Row.142,control_10.1111/j.1467-9280.2008.02104.x,PS,0.0
Row.142,control_10.1111/j.1467-9280.2008.02105.x,PS,1.6677842750698742e-17
Row.142,control_10.1111/j.1467-9280.2008.02106.x,PS,5.478149851455899e-18
Row.142,control_10.1111/j.1467-9280.2008.02107.x,PS,1.1092130172678962e-17
Row.142,control_10.1111/j.1467-9280.2008.02108.x,PS,2.120355095555391e-18
Row.142,control_10.1111/j.1467-9280.2008.02109.x,PS,1.53232147477656e-17
Row.142,control_10.1111/j.1467-9280.2008.02110.x,PS,0.0
Row.142,control_10.1111/j.1467-9280.2008.02111.x,PS,0.0
Row.142,control_10.1111/j.1467-9280.2008.02112.x,PS,0.11196085413907057
Row.142,control_10.1111/j.1467-9280.2008.02113.x,PS,0.0
Row.142,control_10.1111/j.1467-9280.2008.02114.x,PS,2.1895497541047575e-17
Row.142,control_10.1111/j.1467-9280.2008.02115.x,PS,4.277296970311147e-18
Row.142,control_10.1111/j.1467-9280.2008.02116.x,PS,0.0
Row.142,control_10.1111/j.1467-9280.2008.02117.x,PS,4.5471781727757043e-17
Row.142,control_10.1111/j.1467-9280.2008.02118.x,PS,0.0
Row.142,control_10.1111/j.1467-9280.2008.02119.x,PS,0.0
Row.142,control_10.1111/j.1467-9280.2008.02120.x,PS,3.0520194861225938e-19
Row.142,control_10.1111/j.1467-9280.2008.02121.x,PS,0.0
Row.142,control_10.1111/j.1467-9280.2008.02122.x,PS,9.346278331842057e-18
Row.142,control_10.1111/j.1467-9280.2008.02123.x,PS,0.18831568636437096
Row.142,control_10.1111/j.1467-9280.2008.02125.x,PS,1.625239853268666e-17
Row.142,control_10.1111/j.1467-9280.2008.02126.x,PS,1.138362209299136e-17
Row.142,control_10.1111/j.1467-9280.2008.02127.x,PS,1.1623974689806531e-18
Row.142,control_10.1111/j.1467-9280.2008.02129.x,PS,0.0
Row.142,control_10.1111/j.1467-9280.2008.02130.x,PS,5.5153519035299375e-18
Row.142,control_10.1111/j.1467-9280.2008.02131.x,PS,0.0
Row.142,control_10.1111/j.1467-9280.2008.02132.x,PS,0.0
Row.142,control_10.1111/j.1467-9280.2008.02133.x,PS,9.872058887527492e-18
Row.142,control_10.1111/j.1467-9280.2008.02134.x,PS,0.0
Row.142,control_10.1111/j.1467-9280.2008.02135.x,PS,0.0
Row.142,control_10.1111/j.1467-9280.2008.02137.x,PS,1.138309623507479e-17
Row.142,control_10.1111/j.1467-9280.2008.02138.x,PS,0.0
Row.142,control_10.1111/j.1467-9280.2008.02139.x,PS,0.0
Row.142,control_10.1111/j.1467-9280.2008.02140.x,PS,2.7556438956786144e-17
Row.142,control_10.1111/j.1467-9280.2008.02141.x,PS,2.5082455421044383e-17
Row.142,control_10.1111/j.1467-9280.2008.02142.x,PS,1.713195578721964e-17
Row.142,control_10.1111/j.1467-9280.2008.02143.x,PS,0.0
Row.142,control_10.1111/j.1467-9280.2008.02144.x,PS,3.3814594628106543e-18
Row.142,control_10.1111/j.1467-9280.2008.02145.x,PS,0.0
Row.142,control_10.1111/j.1467-9280.2008.02146.x,PS,4.0841571277054874e-17
Row.142,control_10.1111/j.1467-9280.2008.02147.x,PS,6.336633503389918e-18
Row.142,control_10.1111/j.1467-9280.2008.02148.x,PS,0.0
Row.142,control_10.1111/j.1467-9280.2008.02149.x,PS,3.3244344283684937e-17
Row.142,control_10.1111/j.1467-9280.2008.02150.x,PS,1.9051076788160013e-17
Row.142,control_10.1111/j.1467-9280.2008.02151.x,PS,0.0
Row.142,control_10.1111/j.1467-9280.2008.02152.x,PS,1.478734570264934e-17
Row.142,control_10.1111/j.1467-9280.2008.02153.x,PS,1.2392947419666931e-17
Row.142,control_10.1111/j.1467-9280.2008.02154.x,PS,1.6230692079403807e-17
Row.142,control_10.1111/j.1467-9280.2008.02155.x,PS,2.5086289254700537e-18
Row.142,control_10.1111/j.1467-9280.2008.02156.x,PS,1.1460902424881618e-17
Row.142,control_10.1111/j.1467-9280.2008.02158.x,PS,0.0
Row.142,control_10.1111/j.1467-9280.2008.02160.x,PS,0.0
Row.142,control_10.1111/j.1467-9280.2008.02161.x,PS,8.018382533039891e-18
Row.142,control_10.1111/j.1467-9280.2008.02162.x,PS,1.8849100510523457e-17
Row.142,control_10.1111/j.1467-9280.2008.02163.x,PS,0.0
Row.142,control_10.1111/j.1467-9280.2008.02164.x,PS,0.0
Row.142,control_10.1111/j.1467-9280.2008.02165.x,PS,1.547133528409583e-17
Row.142,control_10.1111/j.1467-9280.2008.02166.x,PS,2.6134417276091744e-17
Row.142,control_10.1111/j.1467-9280.2008.02167.x,PS,3.77283908680078e-17
Row.142,control_10.1111/j.1467-9280.2008.02168.x,PS,0.0
Row.142,control_10.1111/j.1467-9280.2008.02169.x,PS,4.257498590025411e-18
Row.142,control_10.1111/j.1467-9280.2008.02170.x,PS,3.6820790077264007e-17
Row.142,control_10.1111/j.1467-9280.2008.02171.x,PS,2.2920743948863234e-17
Row.142,control_10.1111/j.1467-9280.2008.02173.x,PS,1.4755161681111373e-17
Row.142,control_10.1111/j.1467-9280.2008.02174.x,PS,0.0
Row.142,control_10.1111/j.1467-9280.2008.02175.x,PS,2.1890413459081342e-17
Row.142,control_10.1111/j.1467-9280.2008.02176.x,PS,1.1988533638387047e-16
Row.142,control_10.1111/j.1467-9280.2008.02177.x,PS,0.0
Row.142,control_10.1111/j.1467-9280.2008.02178.x,PS,0.0
Row.142,control_10.1111/j.1467-9280.2008.02179.x,PS,0.0
Row.142,control_10.1111/j.1467-9280.2008.02180.x,PS,1.865968162747015e-17
Row.142,control_10.1111/j.1467-9280.2008.02182.x,PS,0.0
Row.142,control_10.1111/j.1467-9280.2008.02183.x,PS,0.0
Row.142,control_10.1111/j.1467-9280.2008.02184.x,PS,8.853103236376802e-18
Row.142,control_10.1111/j.1467-9280.2008.02185.x,PS,0.0
Row.142,control_10.1111/j.1467-9280.2008.02186.x,PS,5.602794233081634e-18
Row.142,control_10.1111/j.1467-9280.2008.02188.x,PS,0.0
Row.142,control_10.1111/j.1467-9280.2008.02189.x,PS,1.2412717692101012e-17
Row.142,control_10.1111/j.1467-9280.2008.02190.x,PS,9.411489500668138e-18
Row.142,control_10.1111/j.1467-9280.2008.02191.x,PS,0.0
Row.142,control_10.1111/j.1467-9280.2008.02192.x,PS,0.0
Row.142,control_10.1111/j.1467-9280.2008.02193.x,PS,7.416574537844112e-18
Row.142,control_10.1111/j.1467-9280.2008.02194.x,PS,0.0
Row.142,control_10.1111/j.1467-9280.2008.02195.x,PS,2.4441416572894595e-18
Row.142,control_10.1111/j.1467-9280.2008.02196.x,PS,1.8924328806853213e-17
Row.142,control_10.1111/j.1467-9280.2008.02197.x,PS,0.0
Row.142,control_10.1111/j.1467-9280.2008.02198.x,PS,0.0
Row.142,control_10.1111/j.1467-9280.2008.02200.x,PS,0.0
Row.142,control_10.1111/j.1467-9280.2008.02201.x,PS,0.0
Row.142,control_10.1111/j.1467-9280.2008.02202.x,PS,7.978003352881697e-19
Row.142,control_10.1111/j.1467-9280.2008.02203.x,PS,0.0
Row.142,control_10.1111/j.1467-9280.2008.02204.x,PS,0.0
Row.142,control_10.1111/j.1467-9280.2008.02205.x,PS,0.0
Row.142,control_10.1111/j.1467-9280.2008.02206.x,PS,2.326165856136105e-17
Row.142,control_10.1111/j.1467-9280.2008.02207.x,PS,0.0
Row.142,control_10.1111/j.1467-9280.2008.02208.x,PS,6.145453716072952e-18
Row.142,control_10.1111/j.1467-9280.2008.02209.x,PS,0.0
Row.142,control_10.1111/j.1467-9280.2008.02210.x,PS,2.3971304540903433e-17
Row.142,control_10.1111/j.1467-9280.2008.02211.x,PS,3.3321211326447833e-19
Row.142,control_10.1111/j.1467-9280.2008.02212.x,PS,1.2297579583438653e-17
Row.142,control_10.1111/j.1467-9280.2008.02213.x,PS,7.311365757314348e-18
Row.142,control_10.1111/j.1467-9280.2008.02214.x,PS,1.234645940752593e-17
Row.142,control_10.1111/j.1467-9280.2008.02215.x,PS,1.985314117565813e-17
Row.142,control_10.1111/j.1467-9280.2008.02216.x,PS,0.5887611126783062
Row.142,control_10.1111/j.1467-9280.2008.02217.x,PS,1.1414051469256392e-17
Row.142,control_10.1111/j.1467-9280.2008.02218.x,PS,0.0
Row.142,control_10.1111/j.1467-9280.2008.02219.x,PS,6.646748282335048e-18
Row.142,control_10.1111/j.1467-9280.2008.02220.x,PS,1.8066481978536005e-17
Row.142,control_10.1111/j.1467-9280.2008.02221.x,PS,4.230865076608826e-18
Row.142,control_10.1111/j.1467-9280.2008.02222.x,PS,0.0
Row.142,control_10.1111/j.1467-9280.2008.02223.x,PS,0.0
Row.142,control_10.1111/j.1467-9280.2008.02224.x,PS,0.0
Row.142,control_10.1111/j.1467-9280.2008.02225.x,PS,0.10574421568024783
Row.142,control_10.1111/j.1467-9280.2008.02226.x,PS,0.0
Row.142,control_10.1111/j.1467-9280.2008.02228.x,PS,0.0
Row.142,control_10.1111/j.1467-9280.2008.02229.x,PS,0.0
Row.142,control_10.1111/j.1467-9280.2008.02230.x,PS,0.0
Row.142,control_10.1111/j.1467-9280.2008.02231.x,PS,3.620666273203202e-18
Row.142,control_10.1111/j.1467-9280.2008.02232.x,PS,1.5363052409711964e-17
Row.142,control_10.1111/j.1467-9280.2008.02233.x,PS,1.8128796227149756e-17
Row.142,control_10.1111/j.1467-9280.2008.02234.x,PS,9.2459038565301e-18
Row.142,control_10.1111/j.1467-9280.2008.02235.x,PS,0.0
Row.142,control_10.1111/j.1467-9280.2008.02236.x,PS,0.0
Row.142,control_10.1111/j.1467-9280.2008.02237.x,PS,1.0875689129381768e-18
Row.142,control_10.1111/j.1467-9280.2008.02238.x,PS,9.493365486577074e-18
Row.142,control_10.1111/j.1467-9280.2008.02239.x,PS,9.610013789195353e-18
Row.142,control_10.1111/j.1467-9280.2008.02240.x,PS,0.0
Row.142,control_10.1111/j.1467-9280.2008.02241.x,PS,1.670316421928804e-19
Row.143,control_10.1111/j.1467-9280.2008.02036.x,PS,0.05686539697380442
Row.143,control_10.1111/j.1467-9280.2008.02037.x,PS,0.0
Row.143,control_10.1111/j.1467-9280.2008.02038.x,PS,0.0
Row.143,control_10.1111/j.1467-9280.2008.02047.x,PS,0.0
Row.143,control_10.1111/j.1467-9280.2008.02048.x,PS,0.0
Row.143,control_10.1111/j.1467-9280.2008.02055.x,PS,8.950955396441496e-17
Row.143,control_10.1111/j.1467-9280.2008.02058.x,PS,0.0
Row.143,control_10.1111/j.1467-9280.2008.02059.x,PS,3.6328629294784793e-17
Row.143,control_10.1111/j.1467-9280.2008.02063.x,PS,2.6566782030722275e-16
Row.143,control_10.1111/j.1467-9280.2008.02065.x,PS,0.0
Row.143,control_10.1111/j.1467-9280.2008.02067.x,PS,2.6460559361337466e-17
Row.143,control_10.1111/j.1467-9280.2008.02068.x,PS,0.0
Row.143,control_10.1111/j.1467-9280.2008.02071.x,PS,0.0
Row.143,control_10.1111/j.1467-9280.2008.02073.x,PS,0.0
Row.143,control_10.1111/j.1467-9280.2008.02074.x,PS,5.3071679656543476e-17
Row.143,control_10.1111/j.1467-9280.2008.02075.x,PS,2.024091254785548e-16
Row.143,control_10.1111/j.1467-9280.2008.02079.x,PS,1.4753091443741604e-16
Row.143,control_10.1111/j.1467-9280.2008.02083.x,PS,0.0
Row.143,control_10.1111/j.1467-9280.2008.02086.x,PS,0.0
Row.143,control_10.1111/j.1467-9280.2008.02087.x,PS,0.0
Row.143,control_10.1111/j.1467-9280.2008.02094.x,PS,0.0
Row.143,control_10.1111/j.1467-9280.2008.02096.x,PS,1.7693043684175145e-16
Row.143,control_10.1111/j.1467-9280.2008.02099.x,PS,1.5913080416885187e-16
Row.143,control_10.1111/j.1467-9280.2008.02102.x,PS,0.0
Row.143,control_10.1111/j.1467-9280.2008.02103.x,PS,2.797058901525933e-16
Row.143,control_10.1111/j.1467-9280.2008.02104.x,PS,1.4663142810442943e-16
Row.143,control_10.1111/j.1467-9280.2008.02105.x,PS,0.0
Row.143,control_10.1111/j.1467-9280.2008.02106.x,PS,5.628607462389462e-17
Row.143,control_10.1111/j.1467-9280.2008.02107.x,PS,1.6455526686832414e-16
Row.143,control_10.1111/j.1467-9280.2008.02108.x,PS,0.0
Row.143,control_10.1111/j.1467-9280.2008.02109.x,PS,0.0
Row.143,control_10.1111/j.1467-9280.2008.02110.x,PS,0.0
Row.143,control_10.1111/j.1467-9280.2008.02111.x,PS,0.0
Row.143,control_10.1111/j.1467-9280.2008.02112.x,PS,0.0
Row.143,control_10.1111/j.1467-9280.2008.02113.x,PS,5.904775070450715e-17
Row.143,control_10.1111/j.1467-9280.2008.02114.x,PS,0.0
Row.143,control_10.1111/j.1467-9280.2008.02115.x,PS,0.0
Row.143,control_10.1111/j.1467-9280.2008.02116.x,PS,0.0
Row.143,control_10.1111/j.1467-9280.2008.02117.x,PS,1.7585493464038041e-16
Row.143,control_10.1111/j.1467-9280.2008.02118.x,PS,0.0
Row.143,control_10.1111/j.1467-9280.2008.02119.x,PS,4.5800112809097407e-17
Row.143,control_10.1111/j.1467-9280.2008.02120.x,PS,1.2425579831233537e-16
Row.143,control_10.1111/j.1467-9280.2008.02121.x,PS,0.0
Row.143,control_10.1111/j.1467-9280.2008.02122.x,PS,0.0
Row.143,control_10.1111/j.1467-9280.2008.02123.x,PS,5.3518875877431845e-17
Row.143,control_10.1111/j.1467-9280.2008.02125.x,PS,4.81259556276567e-19
Row.143,control_10.1111/j.1467-9280.2008.02126.x,PS,0.0
Row.143,control_10.1111/j.1467-9280.2008.02127.x,PS,0.0
Row.143,control_10.1111/j.1467-9280.2008.02129.x,PS,0.0
Row.143,control_10.1111/j.1467-9280.2008.02130.x,PS,0.13780779519613628
Row.143,control_10.1111/j.1467-9280.2008.02131.x,PS,2.6846654018394154e-16
Row.143,control_10.1111/j.1467-9280.2008.02132.x,PS,1.4630701723624929e-16
Row.143,control_10.1111/j.1467-9280.2008.02133.x,PS,0.0
Row.143,control_10.1111/j.1467-9280.2008.02134.x,PS,0.0
Row.143,control_10.1111/j.1467-9280.2008.02135.x,PS,0.0
Row.143,control_10.1111/j.1467-9280.2008.02137.x,PS,0.0
Row.143,control_10.1111/j.1467-9280.2008.02138.x,PS,2.319875987059349e-16
Row.143,control_10.1111/j.1467-9280.2008.02139.x,PS,6.6476414682741e-17
Row.143,control_10.1111/j.1467-9280.2008.02140.x,PS,1.5111784111928345e-16
Row.143,control_10.1111/j.1467-9280.2008.02141.x,PS,3.8501269408202714e-16
Row.143,control_10.1111/j.1467-9280.2008.02142.x,PS,0.0
Row.143,control_10.1111/j.1467-9280.2008.02143.x,PS,0.0
Row.143,control_10.1111/j.1467-9280.2008.02144.x,PS,0.0
Row.143,control_10.1111/j.1467-9280.2008.02145.x,PS,0.0
Row.143,control_10.1111/j.1467-9280.2008.02146.x,PS,2.1365890739799492e-16
Row.143,control_10.1111/j.1467-9280.2008.02147.x,PS,6.452983863871299e-17
Row.143,control_10.1111/j.1467-9280.2008.02148.x,PS,1.239963857478519e-16
Row.143,control_10.1111/j.1467-9280.2008.02149.x,PS,2.7268367103469324e-16
Row.143,control_10.1111/j.1467-9280.2008.02150.x,PS,0.0
Row.143,control_10.1111/j.1467-9280.2008.02151.x,PS,0.0
Row.143,control_10.1111/j.1467-9280.2008.02152.x,PS,0.0
Row.143,control_10.1111/j.1467-9280.2008.02153.x,PS,0.0
Row.143,control_10.1111/j.1467-9280.2008.02154.x,PS,6.380768516263369e-17
Row.143,control_10.1111/j.1467-9280.2008.02155.x,PS,0.0
Row.143,control_10.1111/j.1467-9280.2008.02156.x,PS,0.0
Row.143,control_10.1111/j.1467-9280.2008.02158.x,PS,3.947120363955982e-17
Row.143,control_10.1111/j.1467-9280.2008.02160.x,PS,1.6638983163754514e-16
Row.143,control_10.1111/j.1467-9280.2008.02161.x,PS,8.233128399180914e-17
Row.143,control_10.1111/j.1467-9280.2008.02162.x,PS,6.097366276744035e-16
Row.143,control_10.1111/j.1467-9280.2008.02163.x,PS,0.0
Row.143,control_10.1111/j.1467-9280.2008.02164.x,PS,8.45065459069639e-17
Row.143,control_10.1111/j.1467-9280.2008.02165.x,PS,0.0
Row.143,control_10.1111/j.1467-9280.2008.02166.x,PS,2.0058874226991824e-16
Row.143,control_10.1111/j.1467-9280.2008.02167.x,PS,1.0626057725111506e-16
Row.143,control_10.1111/j.1467-9280.2008.02168.x,PS,5.66714636407114e-17
Row.143,control_10.1111/j.1467-9280.2008.02169.x,PS,0.0
Row.143,control_10.1111/j.1467-9280.2008.02170.x,PS,0.0
Row.143,control_10.1111/j.1467-9280.2008.02171.x,PS,9.15803736264897e-17
Row.143,control_10.1111/j.1467-9280.2008.02173.x,PS,0.0
Row.143,control_10.1111/j.1467-9280.2008.02174.x,PS,0.0
Row.143,control_10.1111/j.1467-9280.2008.02175.x,PS,1.261471950283682e-17
Row.143,control_10.1111/j.1467-9280.2008.02176.x,PS,2.646303128526272e-17
Row.143,control_10.1111/j.1467-9280.2008.02177.x,PS,1.0856070187701759e-16
Row.143,control_10.1111/j.1467-9280.2008.02178.x,PS,0.0
Row.143,control_10.1111/j.1467-9280.2008.02179.x,PS,0.0
Row.143,control_10.1111/j.1467-9280.2008.02180.x,PS,6.951965312105325e-17
Row.143,control_10.1111/j.1467-9280.2008.02182.x,PS,0.0
Row.143,control_10.1111/j.1467-9280.2008.02183.x,PS,1.2657491651590288e-16
Row.143,control_10.1111/j.1467-9280.2008.02184.x,PS,7.058564177910323e-17
Row.143,control_10.1111/j.1467-9280.2008.02185.x,PS,0.0
Row.143,control_10.1111/j.1467-9280.2008.02186.x,PS,0.0
Row.143,control_10.1111/j.1467-9280.2008.02188.x,PS,9.096632027325317e-17
Row.143,control_10.1111/j.1467-9280.2008.02189.x,PS,9.511537062963057e-18
Row.143,control_10.1111/j.1467-9280.2008.02190.x,PS,0.0
Row.143,control_10.1111/j.1467-9280.2008.02191.x,PS,0.0
Row.143,control_10.1111/j.1467-9280.2008.02192.x,PS,2.1137659873200405e-16
Row.143,control_10.1111/j.1467-9280.2008.02193.x,PS,0.0
Row.143,control_10.1111/j.1467-9280.2008.02194.x,PS,1.18280938287753e-15
Row.143,control_10.1111/j.1467-9280.2008.02195.x,PS,2.915795263492304e-17
Row.143,control_10.1111/j.1467-9280.2008.02196.x,PS,0.0
Row.143,control_10.1111/j.1467-9280.2008.02197.x,PS,1.20879086146944e-16
Row.143,control_10.1111/j.1467-9280.2008.02198.x,PS,0.0
Row.143,control_10.1111/j.1467-9280.2008.02200.x,PS,0.0
Row.143,control_10.1111/j.1467-9280.2008.02201.x,PS,1.5837490518691928e-17
Row.143,control_10.1111/j.1467-9280.2008.02202.x,PS,0.0
Row.143,control_10.1111/j.1467-9280.2008.02203.x,PS,0.0
Row.143,control_10.1111/j.1467-9280.2008.02204.x,PS,5.791048287001409e-17
Row.143,control_10.1111/j.1467-9280.2008.02205.x,PS,0.0
Row.143,control_10.1111/j.1467-9280.2008.02206.x,PS,1.25079830372794e-16
Row.143,control_10.1111/j.1467-9280.2008.02207.x,PS,4.992376482598454e-18
Row.143,control_10.1111/j.1467-9280.2008.02208.x,PS,2.4927652327013866e-17
Row.143,control_10.1111/j.1467-9280.2008.02209.x,PS,0.2690141642872393
Row.143,control_10.1111/j.1467-9280.2008.02210.x,PS,0.0
Row.143,control_10.1111/j.1467-9280.2008.02211.x,PS,9.885009707739722e-17
Row.143,control_10.1111/j.1467-9280.2008.02212.x,PS,1.9209528169735088e-17
Row.143,control_10.1111/j.1467-9280.2008.02213.x,PS,0.0
Row.143,control_10.1111/j.1467-9280.2008.02214.x,PS,0.0
Row.143,control_10.1111/j.1467-9280.2008.02215.x,PS,8.818991043421275e-17
Row.143,control_10.1111/j.1467-9280.2008.02216.x,PS,3.095258086196189e-16
Row.143,control_10.1111/j.1467-9280.2008.02217.x,PS,0.0
Row.143,control_10.1111/j.1467-9280.2008.02218.x,PS,9.30514223520425e-17
Row.143,control_10.1111/j.1467-9280.2008.02219.x,PS,0.0
Row.143,control_10.1111/j.1467-9280.2008.02220.x,PS,0.0
Row.143,control_10.1111/j.1467-9280.2008.02221.x,PS,0.0
Row.143,control_10.1111/j.1467-9280.2008.02222.x,PS,0.0
Row.143,control_10.1111/j.1467-9280.2008.02223.x,PS,2.6517398367564234e-17
Row.143,control_10.1111/j.1467-9280.2008.02224.x,PS,0.0
Row.143,control_10.1111/j.1467-9280.2008.02225.x,PS,0.19470867901975916
Row.143,control_10.1111/j.1467-9280.2008.02226.x,PS,0.0
Row.143,control_10.1111/j.1467-9280.2008.02228.x,PS,0.0
Row.143,control_10.1111/j.1467-9280.2008.02229.x,PS,5.201614378173612e-17
Row.143,control_10.1111/j.1467-9280.2008.02230.x,PS,4.524298650831736e-17
Row.143,control_10.1111/j.1467-9280.2008.02231.x,PS,0.0
Row.143,control_10.1111/j.1467-9280.2008.02232.x,PS,0.0
Row.143,control_10.1111/j.1467-9280.2008.02233.x,PS,0.0
Row.143,control_10.1111/j.1467-9280.2008.02234.x,PS,1.3647762978030306e-16
Row.143,control_10.1111/j.1467-9280.2008.02235.x,PS,0.0
Row.143,control_10.1111/j.1467-9280.2008.02236.x,PS,0.0
Row.143,control_10.1111/j.1467-9280.2008.02237.x,PS,0.3416039645230518
Row.143,control_10.1111/j.1467-9280.2008.02238.x,PS,1.067713883304811e-16
Row.143,control_10.1111/j.1467-9280.2008.02239.x,PS,0.0
Row.143,control_10.1111/j.1467-9280.2008.02240.x,PS,8.338828924862948e-17
Row.143,control_10.1111/j.1467-9280.2008.02241.x,PS,1.1746423411529604e-16
Row.145,control_10.1111/j.1467-9280.2008.02036.x,PS,0.0
Row.145,control_10.1111/j.1467-9280.2008.02037.x,PS,7.917349429496295e-18
Row.145,control_10.1111/j.1467-9280.2008.02038.x,PS,0.0
Row.145,control_10.1111/j.1467-9280.2008.02047.x,PS,2.8674702610868653e-17
Row.145,control_10.1111/j.1467-9280.2008.02048.x,PS,2.3581495523304585e-18
Row.145,control_10.1111/j.1467-9280.2008.02055.x,PS,0.0
Row.145,control_10.1111/j.1467-9280.2008.02058.x,PS,1.043201809608918e-17
Row.145,control_10.1111/j.1467-9280.2008.02059.x,PS,4.652168448645527e-17
Row.145,control_10.1111/j.1467-9280.2008.02063.x,PS,3.543067709333472e-17
Row.145,control_10.1111/j.1467-9280.2008.02065.x,PS,1.520906732936129e-17
Row.145,control_10.1111/j.1467-9280.2008.02067.x,PS,0.0
Row.145,control_10.1111/j.1467-9280.2008.02068.x,PS,1.0430403545272074e-17
Row.145,control_10.1111/j.1467-9280.2008.02071.x,PS,1.1538058618896988e-16
Row.145,control_10.1111/j.1467-9280.2008.02073.x,PS,3.653015060592692e-17
Row.145,control_10.1111/j.1467-9280.2008.02074.x,PS,0.0
Row.145,control_10.1111/j.1467-9280.2008.02075.x,PS,0.0
Row.145,control_10.1111/j.1467-9280.2008.02079.x,PS,1.067950809062119e-17
Row.145,control_10.1111/j.1467-9280.2008.02083.x,PS,1.782500346163924e-17
Row.145,control_10.1111/j.1467-9280.2008.02086.x,PS,0.0
Row.145,control_10.1111/j.1467-9280.2008.02087.x,PS,0.0
Row.145,control_10.1111/j.1467-9280.2008.02094.x,PS,0.037247095120966606
Row.145,control_10.1111/j.1467-9280.2008.02096.x,PS,0.0
Row.145,control_10.1111/j.1467-9280.2008.02099.x,PS,0.0
Row.145,control_10.1111/j.1467-9280.2008.02102.x,PS,4.807454540682485e-17
Row.145,control_10.1111/j.1467-9280.2008.02103.x,PS,5.7850014168015e-18
Row.145,control_10.1111/j.1467-9280.2008.02104.x,PS,0.38350053802756257
Row.145,control_10.1111/j.1467-9280.2008.02105.x,PS,0.0
Row.145,control_10.1111/j.1467-9280.2008.02106.x,PS,1.4359375411552166e-18
Row.145,control_10.1111/j.1467-9280.2008.02107.x,PS,6.802838560711912e-18
Row.145,control_10.1111/j.1467-9280.2008.02108.x,PS,4.760224887176483e-17
Row.145,control_10.1111/j.1467-9280.2008.02109.x,PS,2.3194039681824294e-17
Row.145,control_10.1111/j.1467-9280.2008.02110.x,PS,0.0
Row.145,control_10.1111/j.1467-9280.2008.02111.x,PS,0.0
Row.145,control_10.1111/j.1467-9280.2008.02112.x,PS,2.78664258686682e-17
Row.145,control_10.1111/j.1467-9280.2008.02113.x,PS,0.0
Row.145,control_10.1111/j.1467-9280.2008.02114.x,PS,0.0
Row.145,control_10.1111/j.1467-9280.2008.02115.x,PS,0.0
Row.145,control_10.1111/j.1467-9280.2008.02116.x,PS,0.0
Row.145,control_10.1111/j.1467-9280.2008.02117.x,PS,0.0
Row.145,control_10.1111/j.1467-9280.2008.02118.x,PS,0.0
Row.145,control_10.1111/j.1467-9280.2008.02119.x,PS,0.0
Row.145,control_10.1111/j.1467-9280.2008.02120.x,PS,7.027756736506253e-17
Row.145,control_10.1111/j.1467-9280.2008.02121.x,PS,5.708174436551169e-18
Row.145,control_10.1111/j.1467-9280.2008.02122.x,PS,0.0
Row.145,control_10.1111/j.1467-9280.2008.02123.x,PS,5.55341648093022e-17
Row.145,control_10.1111/j.1467-9280.2008.02125.x,PS,0.0
Row.145,control_10.1111/j.1467-9280.2008.02126.x,PS,0.0
Row.145,control_10.1111/j.1467-9280.2008.02127.x,PS,0.0
Row.145,control_10.1111/j.1467-9280.2008.02129.x,PS,0.0
Row.145,control_10.1111/j.1467-9280.2008.02130.x,PS,4.3240635635407637e-17
Row.145,control_10.1111/j.1467-9280.2008.02131.x,PS,3.3994515018083064e-17
Row.145,control_10.1111/j.1467-9280.2008.02132.x,PS,0.0
Row.145,control_10.1111/j.1467-9280.2008.02133.x,PS,0.0
Row.145,control_10.1111/j.1467-9280.2008.02134.x,PS,2.2969238064119914e-17
Row.145,control_10.1111/j.1467-9280.2008.02135.x,PS,4.047504816138424e-17
Row.145,control_10.1111/j.1467-9280.2008.02137.x,PS,0.0
Row.145,control_10.1111/j.1467-9280.2008.02138.x,PS,5.9084775802034605e-18
Row.145,control_10.1111/j.1467-9280.2008.02139.x,PS,0.0
Row.145,control_10.1111/j.1467-9280.2008.02140.x,PS,1.2758818454423714e-16
Row.145,control_10.1111/j.1467-9280.2008.02141.x,PS,0.0
Row.145,control_10.1111/j.1467-9280.2008.02142.x,PS,5.788910166798168e-18
Row.145,control_10.1111/j.1467-9280.2008.02143.x,PS,0.0
Row.145,control_10.1111/j.1467-9280.2008.02144.x,PS,7.110506938330354e-17
Row.145,control_10.1111/j.1467-9280.2008.02145.x,PS,3.829793874208256e-17
Row.145,control_10.1111/j.1467-9280.2008.02146.x,PS,5.21009162780588e-17
Row.145,control_10.1111/j.1467-9280.2008.02147.x,PS,3.3803440266878065e-17
Row.145,control_10.1111/j.1467-9280.2008.02148.x,PS,1.1457135958115392e-17
Row.145,control_10.1111/j.1467-9280.2008.02149.x,PS,0.0
Row.145,control_10.1111/j.1467-9280.2008.02150.x,PS,0.0
Row.145,control_10.1111/j.1467-9280.2008.02151.x,PS,4.7557822255101824e-17
Row.145,control_10.1111/j.1467-9280.2008.02152.x,PS,1.5586384188558055e-17
Row.145,control_10.1111/j.1467-9280.2008.02153.x,PS,6.691207279333417e-18
Row.145,control_10.1111/j.1467-9280.2008.02154.x,PS,0.0
Row.145,control_10.1111/j.1467-9280.2008.02155.x,PS,0.0
Row.145,control_10.1111/j.1467-9280.2008.02156.x,PS,4.604079495693749e-18
Row.145,control_10.1111/j.1467-9280.2008.02158.x,PS,2.6573932892325276e-17
Row.145,control_10.1111/j.1467-9280.2008.02160.x,PS,0.0
Row.145,control_10.1111/j.1467-9280.2008.02161.x,PS,2.6019169834598604e-17
Row.145,control_10.1111/j.1467-9280.2008.02162.x,PS,0.0
Row.145,control_10.1111/j.1467-9280.2008.02163.x,PS,2.5581511848658468e-17
Row.145,control_10.1111/j.1467-9280.2008.02164.x,PS,0.22642835606199796
Row.145,control_10.1111/j.1467-9280.2008.02165.x,PS,5.726518510516064e-17
Row.145,control_10.1111/j.1467-9280.2008.02166.x,PS,4.3430926032508223e-17
Row.145,control_10.1111/j.1467-9280.2008.02167.x,PS,1.761149360806983e-17
Row.145,control_10.1111/j.1467-9280.2008.02168.x,PS,2.281804120328635e-17
Row.145,control_10.1111/j.1467-9280.2008.02169.x,PS,1.510347089407988e-17
Row.145,control_10.1111/j.1467-9280.2008.02170.x,PS,0.0
Row.145,control_10.1111/j.1467-9280.2008.02171.x,PS,0.0
Row.145,control_10.1111/j.1467-9280.2008.02173.x,PS,1.8166720268282235e-17
Row.145,control_10.1111/j.1467-9280.2008.02174.x,PS,1.952877893304697e-17
Row.145,control_10.1111/j.1467-9280.2008.02175.x,PS,0.0
Row.145,control_10.1111/j.1467-9280.2008.02176.x,PS,0.0
Row.145,control_10.1111/j.1467-9280.2008.02177.x,PS,0.0
Row.145,control_10.1111/j.1467-9280.2008.02178.x,PS,0.0
Row.145,control_10.1111/j.1467-9280.2008.02179.x,PS,1.4186436763936683e-17
Row.145,control_10.1111/j.1467-9280.2008.02180.x,PS,0.0
Row.145,control_10.1111/j.1467-9280.2008.02182.x,PS,0.0
Row.145,control_10.1111/j.1467-9280.2008.02183.x,PS,0.0
Row.145,control_10.1111/j.1467-9280.2008.02184.x,PS,0.0
Row.145,control_10.1111/j.1467-9280.2008.02185.x,PS,0.0
Row.145,control_10.1111/j.1467-9280.2008.02186.x,PS,2.140690748685514e-18
Row.145,control_10.1111/j.1467-9280.2008.02188.x,PS,0.0
Row.145,control_10.1111/j.1467-9280.2008.02189.x,PS,0.0
Row.145,control_10.1111/j.1467-9280.2008.02190.x,PS,5.9596577699956304e-18
Row.145,control_10.1111/j.1467-9280.2008.02191.x,PS,0.0
Row.145,control_10.1111/j.1467-9280.2008.02192.x,PS,3.608338022957398e-18
Row.145,control_10.1111/j.1467-9280.2008.02193.x,PS,0.0
Row.145,control_10.1111/j.1467-9280.2008.02194.x,PS,0.0
Row.145,control_10.1111/j.1467-9280.2008.02195.x,PS,1.1345221371478237e-17
Row.145,control_10.1111/j.1467-9280.2008.02196.x,PS,0.0
Row.145,control_10.1111/j.1467-9280.2008.02197.x,PS,0.0
Row.145,control_10.1111/j.1467-9280.2008.02198.x,PS,0.0
Row.145,control_10.1111/j.1467-9280.2008.02200.x,PS,0.0
Row.145,control_10.1111/j.1467-9280.2008.02201.x,PS,0.0
Row.145,control_10.1111/j.1467-9280.2008.02202.x,PS,1.9366644744994578e-17
Row.145,control_10.1111/j.1467-9280.2008.02203.x,PS,0.0
Row.145,control_10.1111/j.1467-9280.2008.02204.x,PS,0.0
Row.145,control_10.1111/j.1467-9280.2008.02205.x,PS,1.6048412507142247e-17
Row.145,control_10.1111/j.1467-9280.2008.02206.x,PS,0.0
Row.145,control_10.1111/j.1467-9280.2008.02207.x,PS,0.0
Row.145,control_10.1111/j.1467-9280.2008.02208.x,PS,1.1932440771877106e-17
Row.145,control_10.1111/j.1467-9280.2008.02209.x,PS,0.0
Row.145,control_10.1111/j.1467-9280.2008.02210.x,PS,2.1925277894767323e-17
Row.145,control_10.1111/j.1467-9280.2008.02211.x,PS,0.0
Row.145,control_10.1111/j.1467-9280.2008.02212.x,PS,0.0
Row.145,control_10.1111/j.1467-9280.2008.02213.x,PS,7.75195163062993e-18
Row.145,control_10.1111/j.1467-9280.2008.02214.x,PS,0.0
Row.145,control_10.1111/j.1467-9280.2008.02215.x,PS,1.9030234991687664e-17
Row.145,control_10.1111/j.1467-9280.2008.02216.x,PS,0.0
Row.145,control_10.1111/j.1467-9280.2008.02217.x,PS,1.112766297260751e-17
Row.145,control_10.1111/j.1467-9280.2008.02218.x,PS,0.0
Row.145,control_10.1111/j.1467-9280.2008.02219.x,PS,1.1390302341786103e-17
Row.145,control_10.1111/j.1467-9280.2008.02220.x,PS,2.842291068742909e-17
Row.145,control_10.1111/j.1467-9280.2008.02221.x,PS,6.264791497746319e-19
Row.145,control_10.1111/j.1467-9280.2008.02222.x,PS,1.8223820554791114e-17
Row.145,control_10.1111/j.1467-9280.2008.02223.x,PS,2.9235034200708815e-17
Row.145,control_10.1111/j.1467-9280.2008.02224.x,PS,6.373910445634683e-18
Row.145,control_10.1111/j.1467-9280.2008.02225.x,PS,0.09415622625371868
Row.145,control_10.1111/j.1467-9280.2008.02226.x,PS,0.0
Row.145,control_10.1111/j.1467-9280.2008.02228.x,PS,2.3023776408639793e-17
Row.145,control_10.1111/j.1467-9280.2008.02229.x,PS,0.0
Row.145,control_10.1111/j.1467-9280.2008.02230.x,PS,8.170601761270251e-18
Row.145,control_10.1111/j.1467-9280.2008.02231.x,PS,0.0
Row.145,control_10.1111/j.1467-9280.2008.02232.x,PS,8.176747775238098e-18
Row.145,control_10.1111/j.1467-9280.2008.02233.x,PS,0.0
Row.145,control_10.1111/j.1467-9280.2008.02234.x,PS,0.0
Row.145,control_10.1111/j.1467-9280.2008.02235.x,PS,3.238622976556234e-17
Row.145,control_10.1111/j.1467-9280.2008.02236.x,PS,0.0
Row.145,control_10.1111/j.1467-9280.2008.02237.x,PS,1.2493358999270445e-17
Row.145,control_10.1111/j.1467-9280.2008.02238.x,PS,0.0
Row.145,control_10.1111/j.1467-9280.2008.02239.x,PS,0.0
Row.145,control_10.1111/j.1467-9280.2008.02240.x,PS,0.2586677845357523
Row.145,control_10.1111/j.1467-9280.2008.02241.x,PS,0.0
Row.146,control_10.1111/j.1467-9280.2008.02036.x,PS,5.279380847833725e-05
Row.146,control_10.1111/j.1467-9280.2008.02037.x,PS,1.0481696698861945e-20
Row.146,control_10.1111/j.1467-9280.2008.02038.x,PS,9.08666463440722e-22
Row.146,control_10.1111/j.1467-9280.2008.02047.x,PS,2.9944417757250494e-21
Row.146,control_10.1111/j.1467-9280.2008.02048.x,PS,0.10125966218125879
Row.146,control_10.1111/j.1467-9280.2008.02055.x,PS,1.564571010174642e-21
Row.146,control_10.1111/j.1467-9280.2008.02058.x,PS,0.0
Row.146,control_10.1111/j.1467-9280.2008.02059.x,PS,0.0
Row.146,control_10.1111/j.1467-9280.2008.02063.x,PS,3.07857003374097e-21
Row.146,control_10.1111/j.1467-9280.2008.02065.x,PS,0.0
Row.146,control_10.1111/j.1467-9280.2008.02067.x,PS,5.56808499349955e-21
Row.146,control_10.1111/j.1467-9280.2008.02068.x,PS,0.0
Row.146,control_10.1111/j.1467-9280.2008.02071.x,PS,0.0
Row.146,control_10.1111/j.1467-9280.2008.02073.x,PS,0.0
Row.146,control_10.1111/j.1467-9280.2008.02074.x,PS,0.0
Row.146,control_10.1111/j.1467-9280.2008.02075.x,PS,5.147962752762163e-21
Row.146,control_10.1111/j.1467-9280.2008.02079.x,PS,3.9226604087027595e-21
Row.146,control_10.1111/j.1467-9280.2008.02083.x,PS,0.027839460208590724
Row.146,control_10.1111/j.1467-9280.2008.02086.x,PS,0.004154450230744845
Row.146,control_10.1111/j.1467-9280.2008.02087.x,PS,4.135417093993081e-21
Row.146,control_10.1111/j.1467-9280.2008.02094.x,PS,8.650429114477539e-21
Row.146,control_10.1111/j.1467-9280.2008.02096.x,PS,0.0
Row.146,control_10.1111/j.1467-9280.2008.02099.x,PS,9.803813374315665e-22
Row.146,control_10.1111/j.1467-9280.2008.02102.x,PS,3.7804848431982896e-20
Row.146,control_10.1111/j.1467-9280.2008.02103.x,PS,0.0
Row.146,control_10.1111/j.1467-9280.2008.02104.x,PS,3.955191894158597e-21
Row.146,control_10.1111/j.1467-9280.2008.02105.x,PS,0.0
Row.146,control_10.1111/j.1467-9280.2008.02106.x,PS,0.0
Row.146,control_10.1111/j.1467-9280.2008.02107.x,PS,0.0
Row.146,control_10.1111/j.1467-9280.2008.02108.x,PS,5.447183883777107e-21
Row.146,control_10.1111/j.1467-9280.2008.02109.x,PS,0.0
Row.146,control_10.1111/j.1467-9280.2008.02110.x,PS,0.008569315126918095
Row.146,control_10.1111/j.1467-9280.2008.02111.x,PS,0.00014924174469614835
Row.146,control_10.1111/j.1467-9280.2008.02112.x,PS,4.944824650995221e-21
Row.146,control_10.1111/j.1467-9280.2008.02113.x,PS,9.903874042792474e-21
Row.146,control_10.1111/j.1467-9280.2008.02114.x,PS,0.0
Row.146,control_10.1111/j.1467-9280.2008.02115.x,PS,0.00016440512857222056
Row.146,control_10.1111/j.1467-9280.2008.02116.x,PS,0.0
Row.146,control_10.1111/j.1467-9280.2008.02117.x,PS,0.0
Row.146,control_10.1111/j.1467-9280.2008.02118.x,PS,0.0
Row.146,control_10.1111/j.1467-9280.2008.02119.x,PS,4.876831047974897e-21
Row.146,control_10.1111/j.1467-9280.2008.02120.x,PS,2.863587503909011e-06
Row.146,control_10.1111/j.1467-9280.2008.02121.x,PS,0.01959346427505981
Row.146,control_10.1111/j.1467-9280.2008.02122.x,PS,0.0
Row.146,control_10.1111/j.1467-9280.2008.02123.x,PS,0.0
Row.146,control_10.1111/j.1467-9280.2008.02125.x,PS,0.016686031686439607
Row.146,control_10.1111/j.1467-9280.2008.02126.x,PS,4.758067645720565e-22
Row.146,control_10.1111/j.1467-9280.2008.02127.x,PS,0.0
Row.146,control_10.1111/j.1467-9280.2008.02129.x,PS,0.0
Row.146,control_10.1111/j.1467-9280.2008.02130.x,PS,2.9114967782755384e-21
Row.146,control_10.1111/j.1467-9280.2008.02131.x,PS,0.0
Row.146,control_10.1111/j.1467-9280.2008.02132.x,PS,0.09480723873330173
Row.146,control_10.1111/j.1467-9280.2008.02133.x,PS,0.0
Row.146,control_10.1111/j.1467-9280.2008.02134.x,PS,0.0
Row.146,control_10.1111/j.1467-9280.2008.02135.x,PS,0.0
Row.146,control_10.1111/j.1467-9280.2008.02137.x,PS,0.00039126483350946105
Row.146,control_10.1111/j.1467-9280.2008.02138.x,PS,0.0
Row.146,control_10.1111/j.1467-9280.2008.02139.x,PS,0.0004189995356854926
Row.146,control_10.1111/j.1467-9280.2008.02140.x,PS,0.0
Row.146,control_10.1111/j.1467-9280.2008.02141.x,PS,0.0
Row.146,control_10.1111/j.1467-9280.2008.02142.x,PS,0.0
Row.146,control_10.1111/j.1467-9280.2008.02143.x,PS,0.0
Row.146,control_10.1111/j.1467-9280.2008.02144.x,PS,0.1213849703100929
Row.146,control_10.1111/j.1467-9280.2008.02145.x,PS,1.223485789814027e-21
Row.146,control_10.1111/j.1467-9280.2008.02146.x,PS,0.0
Row.146,control_10.1111/j.1467-9280.2008.02147.x,PS,1.415390677998986e-22
Row.146,control_10.1111/j.1467-9280.2008.02148.x,PS,2.895955703305106e-21
Row.146,control_10.1111/j.1467-9280.2008.02149.x,PS,0.0
Row.146,control_10.1111/j.1467-9280.2008.02150.x,PS,9.493044078639014e-22
Row.146,control_10.1111/j.1467-9280.2008.02151.x,PS,0.0
Row.146,control_10.1111/j.1467-9280.2008.02152.x,PS,0.010769919969548257
Row.146,control_10.1111/j.1467-9280.2008.02153.x,PS,4.762982370373656e-21
Row.146,control_10.1111/j.1467-9280.2008.02154.x,PS,0.0
Row.146,control_10.1111/j.1467-9280.2008.02155.x,PS,0.0
Row.146,control_10.1111/j.1467-9280.2008.02156.x,PS,1.8375473193272735e-21
Row.146,control_10.1111/j.1467-9280.2008.02158.x,PS,4.3242804844622834e-21
Row.146,control_10.1111/j.1467-9280.2008.02160.x,PS,1.453739322863906e-21
Row.146,control_10.1111/j.1467-9280.2008.02161.x,PS,0.0
Row.146,control_10.1111/j.1467-9280.2008.02162.x,PS,4.4996978056412954e-21
Row.146,control_10.1111/j.1467-9280.2008.02163.x,PS,0.014923152507619409
Row.146,control_10.1111/j.1467-9280.2008.02164.x,PS,0.0
Row.146,control_10.1111/j.1467-9280.2008.02165.x,PS,0.0
Row.146,control_10.1111/j.1467-9280.2008.02166.x,PS,0.00044116179852288093
Row.146,control_10.1111/j.1467-9280.2008.02167.x,PS,1.2617410450243172e-21
Row.146,control_10.1111/j.1467-9280.2008.02168.x,PS,2.1227883677521897e-21
Row.146,control_10.1111/j.1467-9280.2008.02169.x,PS,0.0002865660158032921
Row.146,control_10.1111/j.1467-9280.2008.02170.x,PS,0.0
Row.146,control_10.1111/j.1467-9280.2008.02171.x,PS,4.595889717104038e-21
Row.146,control_10.1111/j.1467-9280.2008.02173.x,PS,0.0
Row.146,control_10.1111/j.1467-9280.2008.02174.x,PS,2.3173157329614327e-21
Row.146,control_10.1111/j.1467-9280.2008.02175.x,PS,3.874692706148234e-21
Row.146,control_10.1111/j.1467-9280.2008.02176.x,PS,1.6339601367347437e-21
Row.146,control_10.1111/j.1467-9280.2008.02177.x,PS,1.5408923098086519e-21
Row.146,control_10.1111/j.1467-9280.2008.02178.x,PS,0.0
Row.146,control_10.1111/j.1467-9280.2008.02179.x,PS,3.090969038535311e-22
Row.146,control_10.1111/j.1467-9280.2008.02180.x,PS,1.6863805311986911e-21
Row.146,control_10.1111/j.1467-9280.2008.02182.x,PS,1.4700448202807969e-21
Row.146,control_10.1111/j.1467-9280.2008.02183.x,PS,0.0
Row.146,control_10.1111/j.1467-9280.2008.02184.x,PS,0.08552455231119084
Row.146,control_10.1111/j.1467-9280.2008.02185.x,PS,2.0916321834915395e-21
Row.146,control_10.1111/j.1467-9280.2008.02186.x,PS,0.0
Row.146,control_10.1111/j.1467-9280.2008.02188.x,PS,0.0
Row.146,control_10.1111/j.1467-9280.2008.02189.x,PS,3.775976817343507e-22
Row.146,control_10.1111/j.1467-9280.2008.02190.x,PS,0.20098983465831266
Row.146,control_10.1111/j.1467-9280.2008.02191.x,PS,0.0
Row.146,control_10.1111/j.1467-9280.2008.02192.x,PS,0.0
Row.146,control_10.1111/j.1467-9280.2008.02193.x,PS,0.00014056642137225651
Row.146,control_10.1111/j.1467-9280.2008.02194.x,PS,0.0
Row.146,control_10.1111/j.1467-9280.2008.02195.x,PS,0.0
Row.146,control_10.1111/j.1467-9280.2008.02196.x,PS,0.0
Row.146,control_10.1111/j.1467-9280.2008.02197.x,PS,0.0
Row.146,control_10.1111/j.1467-9280.2008.02198.x,PS,0.0
Row.146,control_10.1111/j.1467-9280.2008.02200.x,PS,6.3299391657408745e-21
Row.146,control_10.1111/j.1467-9280.2008.02201.x,PS,0.0
Row.146,control_10.1111/j.1467-9280.2008.02202.x,PS,7.051498557247692e-21
Row.146,control_10.1111/j.1467-9280.2008.02203.x,PS,0.00023021482340975142
Row.146,control_10.1111/j.1467-9280.2008.02204.x,PS,0.0
Row.146,control_10.1111/j.1467-9280.2008.02205.x,PS,0.026272727671963186
Row.146,control_10.1111/j.1467-9280.2008.02206.x,PS,3.4845592806541895e-06
Row.146,control_10.1111/j.1467-9280.2008.02207.x,PS,0.03401443791162175
Row.146,control_10.1111/j.1467-9280.2008.02208.x,PS,1.2811992522173812e-21
Row.146,control_10.1111/j.1467-9280.2008.02209.x,PS,9.082868633346915e-21
Row.146,control_10.1111/j.1467-9280.2008.02210.x,PS,2.4345883054577804e-21
Row.146,control_10.1111/j.1467-9280.2008.02211.x,PS,5.711983890770806e-21
Row.146,control_10.1111/j.1467-9280.2008.02212.x,PS,0.0
Row.146,control_10.1111/j.1467-9280.2008.02213.x,PS,2.314798581065625e-21
Row.146,control_10.1111/j.1467-9280.2008.02214.x,PS,4.605987801771791e-21
Row.146,control_10.1111/j.1467-9280.2008.02215.x,PS,3.860829552872077e-21
Row.146,control_10.1111/j.1467-9280.2008.02216.x,PS,6.626309576674013e-05
Row.146,control_10.1111/j.1467-9280.2008.02217.x,PS,0.0
Row.146,control_10.1111/j.1467-9280.2008.02218.x,PS,0.0
Row.146,control_10.1111/j.1467-9280.2008.02219.x,PS,0.0
Row.146,control_10.1111/j.1467-9280.2008.02220.x,PS,6.81844057531591e-21
Row.146,control_10.1111/j.1467-9280.2008.02221.x,PS,0.04156820883821623
Row.146,control_10.1111/j.1467-9280.2008.02222.x,PS,0.0
Row.146,control_10.1111/j.1467-9280.2008.02223.x,PS,0.0008588423934904473
Row.146,control_10.1111/j.1467-9280.2008.02224.x,PS,8.68946681737408e-21
Row.146,control_10.1111/j.1467-9280.2008.02225.x,PS,4.811994888493554e-21
Row.146,control_10.1111/j.1467-9280.2008.02226.x,PS,2.017203712683518e-21
Row.146,control_10.1111/j.1467-9280.2008.02228.x,PS,0.0
Row.146,control_10.1111/j.1467-9280.2008.02229.x,PS,0.18653272196052872
Row.146,control_10.1111/j.1467-9280.2008.02230.x,PS,0.0
Row.146,control_10.1111/j.1467-9280.2008.02231.x,PS,0.0
Row.146,control_10.1111/j.1467-9280.2008.02232.x,PS,1.2539116792920325e-21
Row.146,control_10.1111/j.1467-9280.2008.02233.x,PS,0.0
Row.146,control_10.1111/j.1467-9280.2008.02234.x,PS,0.0019027265960527636
Row.146,control_10.1111/j.1467-9280.2008.02235.x,PS,0.0
Row.146,control_10.1111/j.1467-9280.2008.02236.x,PS,0.0
Row.146,control_10.1111/j.1467-9280.2008.02237.x,PS,4.5707644815858807e-07
Row.146,control_10.1111/j.1467-9280.2008.02238.x,PS,0.0
Row.146,control_10.1111/j.1467-9280.2008.02239.x,PS,0.0
Row.146,control_10.1111/j.1467-9280.2008.02240.x,PS,0.0
Row.146,control_10.1111/j.1467-9280.2008.02241.x,PS,0.0
Row.148,control_10.1111/j.1467-9280.2008.02036.x,PS,1.831550518945097e-16
Row.148,control_10.1111/j.1467-9280.2008.02037.x,PS,1.3672295846791728e-16
Row.148,control_10.1111/j.1467-9280.2008.02038.x,PS,6.219792854179426e-17
Row.148,control_10.1111/j.1467-9280.2008.02047.x,PS,6.184651176428831e-17
Row.148,control_10.1111/j.1467-9280.2008.02048.x,PS,2.832288778186523e-17
Row.148,control_10.1111/j.1467-9280.2008.02055.x,PS,4.306008641225416e-17
Row.148,control_10.1111/j.1467-9280.2008.02058.x,PS,0.0
Row.148,control_10.1111/j.1467-9280.2008.02059.x,PS,0.0
Row.148,control_10.1111/j.1467-9280.2008.02063.x,PS,6.715253287798904e-17
Row.148,control_10.1111/j.1467-9280.2008.02065.x,PS,0.0
Row.148,control_10.1111/j.1467-9280.2008.02067.x,PS,0.0
Row.148,control_10.1111/j.1467-9280.2008.02068.x,PS,0.0
Row.148,control_10.1111/j.1467-9280.2008.02071.x,PS,6.381568625093361e-17
Row.148,control_10.1111/j.1467-9280.2008.02073.x,PS,5.794955184094259e-17
Row.148,control_10.1111/j.1467-9280.2008.02074.x,PS,2.827558688423455e-17
Row.148,control_10.1111/j.1467-9280.2008.02075.x,PS,7.484529021002282e-17
Row.148,control_10.1111/j.1467-9280.2008.02079.x,PS,0.0
Row.148,control_10.1111/j.1467-9280.2008.02083.x,PS,3.557466905921144e-17
Row.148,control_10.1111/j.1467-9280.2008.02086.x,PS,1.98100962980002e-18
Row.148,control_10.1111/j.1467-9280.2008.02087.x,PS,3.541920715645345e-18
Row.148,control_10.1111/j.1467-9280.2008.02094.x,PS,0.0
Row.148,control_10.1111/j.1467-9280.2008.02096.x,PS,0.0
Row.148,control_10.1111/j.1467-9280.2008.02099.x,PS,9.385972777602486e-17
Row.148,control_10.1111/j.1467-9280.2008.02102.x,PS,0.0
Row.148,control_10.1111/j.1467-9280.2008.02103.x,PS,4.8023652490210474e-17
Row.148,control_10.1111/j.1467-9280.2008.02104.x,PS,2.2380063292149738e-17
Row.148,control_10.1111/j.1467-9280.2008.02105.x,PS,1.1053647450502369e-16
Row.148,control_10.1111/j.1467-9280.2008.02106.x,PS,3.133346494499388e-17
Row.148,control_10.1111/j.1467-9280.2008.02107.x,PS,1.2803760584376858e-16
Row.148,control_10.1111/j.1467-9280.2008.02108.x,PS,0.0
Row.148,control_10.1111/j.1467-9280.2008.02109.x,PS,1.6842563517107152e-16
Row.148,control_10.1111/j.1467-9280.2008.02110.x,PS,4.887107826684826e-18
Row.148,control_10.1111/j.1467-9280.2008.02111.x,PS,0.0
Row.148,control_10.1111/j.1467-9280.2008.02112.x,PS,0.0
Row.148,control_10.1111/j.1467-9280.2008.02113.x,PS,3.236536375974953e-17
Row.148,control_10.1111/j.1467-9280.2008.02114.x,PS,0.0
Row.148,control_10.1111/j.1467-9280.2008.02115.x,PS,1.4144066916957035e-16
Row.148,control_10.1111/j.1467-9280.2008.02116.x,PS,0.0
Row.148,control_10.1111/j.1467-9280.2008.02117.x,PS,0.0
Row.148,control_10.1111/j.1467-9280.2008.02118.x,PS,1.142267385295971e-18
Row.148,control_10.1111/j.1467-9280.2008.02119.x,PS,0.4239562982099008
Row.148,control_10.1111/j.1467-9280.2008.02120.x,PS,3.982376211893371e-17
Row.148,control_10.1111/j.1467-9280.2008.02121.x,PS,0.0
Row.148,control_10.1111/j.1467-9280.2008.02122.x,PS,8.261508634361636e-17
Row.148,control_10.1111/j.1467-9280.2008.02123.x,PS,0.0
Row.148,control_10.1111/j.1467-9280.2008.02125.x,PS,0.0
Row.148,control_10.1111/j.1467-9280.2008.02126.x,PS,1.0689063540044361e-16
Row.148,control_10.1111/j.1467-9280.2008.02127.x,PS,0.0
Row.148,control_10.1111/j.1467-9280.2008.02129.x,PS,0.0
Row.148,control_10.1111/j.1467-9280.2008.02130.x,PS,0.0
Row.148,control_10.1111/j.1467-9280.2008.02131.x,PS,0.0
Row.148,control_10.1111/j.1467-9280.2008.02132.x,PS,1.9727119500222825e-17
Row.148,control_10.1111/j.1467-9280.2008.02133.x,PS,0.0
Row.148,control_10.1111/j.1467-9280.2008.02134.x,PS,0.0
Row.148,control_10.1111/j.1467-9280.2008.02135.x,PS,0.0
Row.148,control_10.1111/j.1467-9280.2008.02137.x,PS,7.79411206262966e-17
Row.148,control_10.1111/j.1467-9280.2008.02138.x,PS,2.1382911125090577e-18
Row.148,control_10.1111/j.1467-9280.2008.02139.x,PS,0.0
Row.148,control_10.1111/j.1467-9280.2008.02140.x,PS,1.587160430094605e-19
Row.148,control_10.1111/j.1467-9280.2008.02141.x,PS,1.0468216145208833e-16
Row.148,control_10.1111/j.1467-9280.2008.02142.x,PS,4.800026475737073e-17
Row.148,control_10.1111/j.1467-9280.2008.02143.x,PS,0.0
Row.148,control_10.1111/j.1467-9280.2008.02144.x,PS,0.030324187011500175
Row.148,control_10.1111/j.1467-9280.2008.02145.x,PS,4.1467107561902916e-17
Row.148,control_10.1111/j.1467-9280.2008.02146.x,PS,0.0
Row.148,control_10.1111/j.1467-9280.2008.02147.x,PS,5.191474939713666e-17
Row.148,control_10.1111/j.1467-9280.2008.02148.x,PS,4.70882479747044e-18
Row.148,control_10.1111/j.1467-9280.2008.02149.x,PS,0.0
Row.148,control_10.1111/j.1467-9280.2008.02150.x,PS,0.0
Row.148,control_10.1111/j.1467-9280.2008.02151.x,PS,0.0
Row.148,control_10.1111/j.1467-9280.2008.02152.x,PS,5.3032540792047844e-18
Row.148,control_10.1111/j.1467-9280.2008.02153.x,PS,0.0
Row.148,control_10.1111/j.1467-9280.2008.02154.x,PS,2.6366600296949665e-18
Row.148,control_10.1111/j.1467-9280.2008.02155.x,PS,1.1197282887861047e-16
Row.148,control_10.1111/j.1467-9280.2008.02156.x,PS,4.387661161765523e-17
Row.148,control_10.1111/j.1467-9280.2008.02158.x,PS,0.0
Row.148,control_10.1111/j.1467-9280.2008.02160.x,PS,0.0
Row.148,control_10.1111/j.1467-9280.2008.02161.x,PS,0.0
Row.148,control_10.1111/j.1467-9280.2008.02162.x,PS,3.877195267781008e-18
Row.148,control_10.1111/j.1467-9280.2008.02163.x,PS,8.935961189069084e-19
Row.148,control_10.1111/j.1467-9280.2008.02164.x,PS,0.0
Row.148,control_10.1111/j.1467-9280.2008.02165.x,PS,7.627216875628376e-18
Row.148,control_10.1111/j.1467-9280.2008.02166.x,PS,0.0
Row.148,control_10.1111/j.1467-9280.2008.02167.x,PS,9.44741483172791e-17
Row.148,control_10.1111/j.1467-9280.2008.02168.x,PS,7.339205940844389e-18
Row.148,control_10.1111/j.1467-9280.2008.02169.x,PS,1.9974430610142123e-17
Row.148,control_10.1111/j.1467-9280.2008.02170.x,PS,1.169602868026718e-16
Row.148,control_10.1111/j.1467-9280.2008.02171.x,PS,1.7932228636616337e-17
Row.148,control_10.1111/j.1467-9280.2008.02173.x,PS,1.4445635733826717e-17
Row.148,control_10.1111/j.1467-9280.2008.02174.x,PS,0.0
Row.148,control_10.1111/j.1467-9280.2008.02175.x,PS,4.47058691647581e-17
Row.148,control_10.1111/j.1467-9280.2008.02176.x,PS,6.902333685789854e-17
Row.148,control_10.1111/j.1467-9280.2008.02177.x,PS,5.721820606116849e-17
Row.148,control_10.1111/j.1467-9280.2008.02178.x,PS,7.097584038966672e-18
Row.148,control_10.1111/j.1467-9280.2008.02179.x,PS,0.0
Row.148,control_10.1111/j.1467-9280.2008.02180.x,PS,0.0
Row.148,control_10.1111/j.1467-9280.2008.02182.x,PS,5.97221774797633e-17
Row.148,control_10.1111/j.1467-9280.2008.02183.x,PS,9.524196533137309e-17
Row.148,control_10.1111/j.1467-9280.2008.02184.x,PS,5.3046529667250664e-17
Row.148,control_10.1111/j.1467-9280.2008.02185.x,PS,0.0
Row.148,control_10.1111/j.1467-9280.2008.02186.x,PS,0.0
Row.148,control_10.1111/j.1467-9280.2008.02188.x,PS,0.0
Row.148,control_10.1111/j.1467-9280.2008.02189.x,PS,0.0
Row.148,control_10.1111/j.1467-9280.2008.02190.x,PS,0.1284796436660944
Row.148,control_10.1111/j.1467-9280.2008.02191.x,PS,0.0
Row.148,control_10.1111/j.1467-9280.2008.02192.x,PS,0.0
Row.148,control_10.1111/j.1467-9280.2008.02193.x,PS,0.0
Row.148,control_10.1111/j.1467-9280.2008.02194.x,PS,0.0
Row.148,control_10.1111/j.1467-9280.2008.02195.x,PS,0.0
Row.148,control_10.1111/j.1467-9280.2008.02196.x,PS,1.8389578361339742e-17
Row.148,control_10.1111/j.1467-9280.2008.02197.x,PS,0.0
Row.148,control_10.1111/j.1467-9280.2008.02198.x,PS,3.2252086053447017e-17
Row.148,control_10.1111/j.1467-9280.2008.02200.x,PS,0.0
Row.148,control_10.1111/j.1467-9280.2008.02201.x,PS,0.0
Row.148,control_10.1111/j.1467-9280.2008.02202.x,PS,1.904436170663886e-17
Row.148,control_10.1111/j.1467-9280.2008.02203.x,PS,1.145239812723305e-17
Row.148,control_10.1111/j.1467-9280.2008.02204.x,PS,2.5334608728839317e-17
Row.148,control_10.1111/j.1467-9280.2008.02205.x,PS,0.0
Row.148,control_10.1111/j.1467-9280.2008.02206.x,PS,1.5458800631310752e-16
Row.148,control_10.1111/j.1467-9280.2008.02207.x,PS,0.0
Row.148,control_10.1111/j.1467-9280.2008.02208.x,PS,0.0
Row.148,control_10.1111/j.1467-9280.2008.02209.x,PS,4.217514776697767e-18
Row.148,control_10.1111/j.1467-9280.2008.02210.x,PS,0.0
Row.148,control_10.1111/j.1467-9280.2008.02211.x,PS,0.0
Row.148,control_10.1111/j.1467-9280.2008.02212.x,PS,1.5623867440109022e-17
Row.148,control_10.1111/j.1467-9280.2008.02213.x,PS,0.0
Row.148,control_10.1111/j.1467-9280.2008.02214.x,PS,9.557903948153445e-17
Row.148,control_10.1111/j.1467-9280.2008.02215.x,PS,0.17813804612538378
Row.148,control_10.1111/j.1467-9280.2008.02216.x,PS,6.036899634967216e-17
Row.148,control_10.1111/j.1467-9280.2008.02217.x,PS,0.0
Row.148,control_10.1111/j.1467-9280.2008.02218.x,PS,0.0
Row.148,control_10.1111/j.1467-9280.2008.02219.x,PS,2.8082743265451265e-17
Row.148,control_10.1111/j.1467-9280.2008.02220.x,PS,0.0
Row.148,control_10.1111/j.1467-9280.2008.02221.x,PS,0.0
Row.148,control_10.1111/j.1467-9280.2008.02222.x,PS,7.325706924013036e-18
Row.148,control_10.1111/j.1467-9280.2008.02223.x,PS,0.0
Row.148,control_10.1111/j.1467-9280.2008.02224.x,PS,0.0
Row.148,control_10.1111/j.1467-9280.2008.02225.x,PS,0.0
Row.148,control_10.1111/j.1467-9280.2008.02226.x,PS,4.186913271291745e-17
Row.148,control_10.1111/j.1467-9280.2008.02228.x,PS,1.3558726342724423e-17
Row.148,control_10.1111/j.1467-9280.2008.02229.x,PS,0.23910182498711724
Row.148,control_10.1111/j.1467-9280.2008.02230.x,PS,0.0
Row.148,control_10.1111/j.1467-9280.2008.02231.x,PS,0.0
Row.148,control_10.1111/j.1467-9280.2008.02232.x,PS,3.056088602806175e-17
Row.148,control_10.1111/j.1467-9280.2008.02233.x,PS,3.2483026327505255e-17
Row.148,control_10.1111/j.1467-9280.2008.02234.x,PS,5.7746052701019225e-18
Row.148,control_10.1111/j.1467-9280.2008.02235.x,PS,0.0
Row.148,control_10.1111/j.1467-9280.2008.02236.x,PS,9.905221269897019e-18
Row.148,control_10.1111/j.1467-9280.2008.02237.x,PS,0.0
Row.148,control_10.1111/j.1467-9280.2008.02238.x,PS,0.0
Row.148,control_10.1111/j.1467-9280.2008.02239.x,PS,0.0
Row.148,control_10.1111/j.1467-9280.2008.02240.x,PS,0.0
Row.148,control_10.1111/j.1467-9280.2008.02241.x,PS,0.0
Row.150,control_10.1111/j.1467-9280.2008.02036.x,PS,4.3742903674185695e-17
Row.150,control_10.1111/j.1467-9280.2008.02037.x,PS,0.0
Row.150,control_10.1111/j.1467-9280.2008.02038.x,PS,1.4343884887213959e-16
Row.150,control_10.1111/j.1467-9280.2008.02047.x,PS,0.0
Row.150,control_10.1111/j.1467-9280.2008.02048.x,PS,0.0
Row.150,control_10.1111/j.1467-9280.2008.02055.x,PS,0.0
Row.150,control_10.1111/j.1467-9280.2008.02058.x,PS,8.156922279237822e-17
Row.150,control_10.1111/j.1467-9280.2008.02059.x,PS,1.1606545049191121e-16
Row.150,control_10.1111/j.1467-9280.2008.02063.x,PS,4.3610319421917274e-17
Row.150,control_10.1111/j.1467-9280.2008.02065.x,PS,3.509875149602914e-17
Row.150,control_10.1111/j.1467-9280.2008.02067.x,PS,7.543509583471923e-17
Row.150,control_10.1111/j.1467-9280.2008.02068.x,PS,1.425411405876817e-16
Row.150,control_10.1111/j.1467-9280.2008.02071.x,PS,0.0
Row.150,control_10.1111/j.1467-9280.2008.02073.x,PS,0.0
Row.150,control_10.1111/j.1467-9280.2008.02074.x,PS,0.0
Row.150,control_10.1111/j.1467-9280.2008.02075.x,PS,0.0
Row.150,control_10.1111/j.1467-9280.2008.02079.x,PS,0.0
Row.150,control_10.1111/j.1467-9280.2008.02083.x,PS,7.397598344552569e-17
Row.150,control_10.1111/j.1467-9280.2008.02086.x,PS,0.0
Row.150,control_10.1111/j.1467-9280.2008.02087.x,PS,0.0
Row.150,control_10.1111/j.1467-9280.2008.02094.x,PS,2.5994548893775067e-18
Row.150,control_10.1111/j.1467-9280.2008.02096.x,PS,0.0
Row.150,control_10.1111/j.1467-9280.2008.02099.x,PS,0.0
Row.150,control_10.1111/j.1467-9280.2008.02102.x,PS,0.0
Row.150,control_10.1111/j.1467-9280.2008.02103.x,PS,0.0
Row.150,control_10.1111/j.1467-9280.2008.02104.x,PS,5.1095115174746094e-17
Row.150,control_10.1111/j.1467-9280.2008.02105.x,PS,0.0
Row.150,control_10.1111/j.1467-9280.2008.02106.x,PS,2.5360342482635487e-17
Row.150,control_10.1111/j.1467-9280.2008.02107.x,PS,0.0
Row.150,control_10.1111/j.1467-9280.2008.02108.x,PS,1.2223107365537574e-16
Row.150,control_10.1111/j.1467-9280.2008.02109.x,PS,2.0873602300922204e-17
Row.150,control_10.1111/j.1467-9280.2008.02110.x,PS,0.0
Row.150,control_10.1111/j.1467-9280.2008.02111.x,PS,8.470095979805407e-17
Row.150,control_10.1111/j.1467-9280.2008.02112.x,PS,2.221506548715913e-16
Row.150,control_10.1111/j.1467-9280.2008.02113.x,PS,4.1804057093664015e-17
Row.150,control_10.1111/j.1467-9280.2008.02114.x,PS,0.0
Row.150,control_10.1111/j.1467-9280.2008.02115.x,PS,0.0
Row.150,control_10.1111/j.1467-9280.2008.02116.x,PS,0.0
Row.150,control_10.1111/j.1467-9280.2008.02117.x,PS,5.190488181040904e-18
Row.150,control_10.1111/j.1467-9280.2008.02118.x,PS,1.199564031774512e-17
Row.150,control_10.1111/j.1467-9280.2008.02119.x,PS,4.192077363484527e-17
Row.150,control_10.1111/j.1467-9280.2008.02120.x,PS,0.0
Row.150,control_10.1111/j.1467-9280.2008.02121.x,PS,0.0
Row.150,control_10.1111/j.1467-9280.2008.02122.x,PS,4.2789503457144354e-17
Row.150,control_10.1111/j.1467-9280.2008.02123.x,PS,0.0
Row.150,control_10.1111/j.1467-9280.2008.02125.x,PS,0.01915690823752147
Row.150,control_10.1111/j.1467-9280.2008.02126.x,PS,1.1905173964184898e-17
Row.150,control_10.1111/j.1467-9280.2008.02127.x,PS,0.0
Row.150,control_10.1111/j.1467-9280.2008.02129.x,PS,1.1129839652396973e-17
Row.150,control_10.1111/j.1467-9280.2008.02130.x,PS,1.0592661701356129e-16
Row.150,control_10.1111/j.1467-9280.2008.02131.x,PS,0.0
Row.150,control_10.1111/j.1467-9280.2008.02132.x,PS,6.429477383158932e-17
Row.150,control_10.1111/j.1467-9280.2008.02133.x,PS,1.1353074340609932e-17
Row.150,control_10.1111/j.1467-9280.2008.02134.x,PS,0.0
Row.150,control_10.1111/j.1467-9280.2008.02135.x,PS,1.6975261523033394e-17
Row.150,control_10.1111/j.1467-9280.2008.02137.x,PS,1.8463110877581912e-17
Row.150,control_10.1111/j.1467-9280.2008.02138.x,PS,1.0017015039945957e-16
Row.150,control_10.1111/j.1467-9280.2008.02139.x,PS,0.0
Row.150,control_10.1111/j.1467-9280.2008.02140.x,PS,0.0
Row.150,control_10.1111/j.1467-9280.2008.02141.x,PS,0.0
Row.150,control_10.1111/j.1467-9280.2008.02142.x,PS,8.271692716758836e-17
Row.150,control_10.1111/j.1467-9280.2008.02143.x,PS,1.932278203863922e-17
Row.150,control_10.1111/j.1467-9280.2008.02144.x,PS,3.1165096139116313e-16
Row.150,control_10.1111/j.1467-9280.2008.02145.x,PS,3.592540445909082e-17
Row.150,control_10.1111/j.1467-9280.2008.02146.x,PS,0.0
Row.150,control_10.1111/j.1467-9280.2008.02147.x,PS,0.0
Row.150,control_10.1111/j.1467-9280.2008.02148.x,PS,0.0
Row.150,control_10.1111/j.1467-9280.2008.02149.x,PS,0.0
Row.150,control_10.1111/j.1467-9280.2008.02150.x,PS,0.0
Row.150,control_10.1111/j.1467-9280.2008.02151.x,PS,0.0
Row.150,control_10.1111/j.1467-9280.2008.02152.x,PS,0.0
Row.150,control_10.1111/j.1467-9280.2008.02153.x,PS,0.0
Row.150,control_10.1111/j.1467-9280.2008.02154.x,PS,0.0
Row.150,control_10.1111/j.1467-9280.2008.02155.x,PS,0.0
Row.150,control_10.1111/j.1467-9280.2008.02156.x,PS,0.0
Row.150,control_10.1111/j.1467-9280.2008.02158.x,PS,6.1480095718226715e-18
Row.150,control_10.1111/j.1467-9280.2008.02160.x,PS,0.0
Row.150,control_10.1111/j.1467-9280.2008.02161.x,PS,2.813484848849854e-17
Row.150,control_10.1111/j.1467-9280.2008.02162.x,PS,1.0784739391652295e-18
Row.150,control_10.1111/j.1467-9280.2008.02163.x,PS,0.0
Row.150,control_10.1111/j.1467-9280.2008.02164.x,PS,0.1126492287580414
Row.150,control_10.1111/j.1467-9280.2008.02165.x,PS,1.0217828899755112e-16
Row.150,control_10.1111/j.1467-9280.2008.02166.x,PS,0.0
Row.150,control_10.1111/j.1467-9280.2008.02167.x,PS,0.0
Row.150,control_10.1111/j.1467-9280.2008.02168.x,PS,0.0
Row.150,control_10.1111/j.1467-9280.2008.02169.x,PS,4.568063571515562e-17
Row.150,control_10.1111/j.1467-9280.2008.02170.x,PS,1.9225949326792626e-17
Row.150,control_10.1111/j.1467-9280.2008.02171.x,PS,5.646270790985635e-17
Row.150,control_10.1111/j.1467-9280.2008.02173.x,PS,0.0
Row.150,control_10.1111/j.1467-9280.2008.02174.x,PS,0.0
Row.150,control_10.1111/j.1467-9280.2008.02175.x,PS,0.0
Row.150,control_10.1111/j.1467-9280.2008.02176.x,PS,6.708797521157323e-17
Row.150,control_10.1111/j.1467-9280.2008.02177.x,PS,6.853393997917168e-17
Row.150,control_10.1111/j.1467-9280.2008.02178.x,PS,5.15007280943894e-18
Row.150,control_10.1111/j.1467-9280.2008.02179.x,PS,0.0
Row.150,control_10.1111/j.1467-9280.2008.02180.x,PS,0.0
Row.150,control_10.1111/j.1467-9280.2008.02182.x,PS,1.3397111439488804e-18
Row.150,control_10.1111/j.1467-9280.2008.02183.x,PS,0.0
Row.150,control_10.1111/j.1467-9280.2008.02184.x,PS,2.356287202036049e-17
Row.150,control_10.1111/j.1467-9280.2008.02185.x,PS,0.0
Row.150,control_10.1111/j.1467-9280.2008.02186.x,PS,0.0
Row.150,control_10.1111/j.1467-9280.2008.02188.x,PS,4.2760312022476144e-17
Row.150,control_10.1111/j.1467-9280.2008.02189.x,PS,6.373621592772866e-17
Row.150,control_10.1111/j.1467-9280.2008.02190.x,PS,0.29571740672669616
Row.150,control_10.1111/j.1467-9280.2008.02191.x,PS,2.7978271303095556e-17
Row.150,control_10.1111/j.1467-9280.2008.02192.x,PS,0.0
Row.150,control_10.1111/j.1467-9280.2008.02193.x,PS,4.849466557470157e-17
Row.150,control_10.1111/j.1467-9280.2008.02194.x,PS,0.0
Row.150,control_10.1111/j.1467-9280.2008.02195.x,PS,0.0
Row.150,control_10.1111/j.1467-9280.2008.02196.x,PS,5.207579081579403e-18
Row.150,control_10.1111/j.1467-9280.2008.02197.x,PS,4.252130631214412e-17
Row.150,control_10.1111/j.1467-9280.2008.02198.x,PS,0.0
Row.150,control_10.1111/j.1467-9280.2008.02200.x,PS,4.4003479486322945e-18
Row.150,control_10.1111/j.1467-9280.2008.02201.x,PS,0.0
Row.150,control_10.1111/j.1467-9280.2008.02202.x,PS,1.2841019634935923e-17
Row.150,control_10.1111/j.1467-9280.2008.02203.x,PS,4.780374696345136e-17
Row.150,control_10.1111/j.1467-9280.2008.02204.x,PS,0.0
Row.150,control_10.1111/j.1467-9280.2008.02205.x,PS,2.9598431163462484e-17
Row.150,control_10.1111/j.1467-9280.2008.02206.x,PS,0.0
Row.150,control_10.1111/j.1467-9280.2008.02207.x,PS,0.0
Row.150,control_10.1111/j.1467-9280.2008.02208.x,PS,5.916956089478311e-18
Row.150,control_10.1111/j.1467-9280.2008.02209.x,PS,8.44142236977435e-17
Row.150,control_10.1111/j.1467-9280.2008.02210.x,PS,0.0
Row.150,control_10.1111/j.1467-9280.2008.02211.x,PS,0.0
Row.150,control_10.1111/j.1467-9280.2008.02212.x,PS,1.4149292835154982e-17
Row.150,control_10.1111/j.1467-9280.2008.02213.x,PS,8.92925645121583e-18
Row.150,control_10.1111/j.1467-9280.2008.02214.x,PS,0.0
Row.150,control_10.1111/j.1467-9280.2008.02215.x,PS,9.700266942883375e-18
Row.150,control_10.1111/j.1467-9280.2008.02216.x,PS,6.759051151045525e-17
Row.150,control_10.1111/j.1467-9280.2008.02217.x,PS,1.7349493299686538e-16
Row.150,control_10.1111/j.1467-9280.2008.02218.x,PS,2.9314865717812217e-17
Row.150,control_10.1111/j.1467-9280.2008.02219.x,PS,0.0
Row.150,control_10.1111/j.1467-9280.2008.02220.x,PS,0.0
Row.150,control_10.1111/j.1467-9280.2008.02221.x,PS,1.8865029574912604e-17
Row.150,control_10.1111/j.1467-9280.2008.02222.x,PS,1.642759594395409e-17
Row.150,control_10.1111/j.1467-9280.2008.02223.x,PS,2.0946918599693094e-17
Row.150,control_10.1111/j.1467-9280.2008.02224.x,PS,0.0
Row.150,control_10.1111/j.1467-9280.2008.02225.x,PS,0.0
Row.150,control_10.1111/j.1467-9280.2008.02226.x,PS,0.0
Row.150,control_10.1111/j.1467-9280.2008.02228.x,PS,7.106255384130502e-18
Row.150,control_10.1111/j.1467-9280.2008.02229.x,PS,0.5724764562777371
Row.150,control_10.1111/j.1467-9280.2008.02230.x,PS,0.0
Row.150,control_10.1111/j.1467-9280.2008.02231.x,PS,1.896803686210189e-18
Row.150,control_10.1111/j.1467-9280.2008.02232.x,PS,0.0
Row.150,control_10.1111/j.1467-9280.2008.02233.x,PS,1.4701101434576826e-17
Row.150,control_10.1111/j.1467-9280.2008.02234.x,PS,3.856485784301645e-17
Row.150,control_10.1111/j.1467-9280.2008.02235.x,PS,0.0
Row.150,control_10.1111/j.1467-9280.2008.02236.x,PS,1.2135555846858328e-17
Row.150,control_10.1111/j.1467-9280.2008.02237.x,PS,6.789107126462189e-17
Row.150,control_10.1111/j.1467-9280.2008.02238.x,PS,1.5567950769360614e-17
Row.150,control_10.1111/j.1467-9280.2008.02239.x,PS,5.495461140816758e-17
Row.150,control_10.1111/j.1467-9280.2008.02240.x,PS,5.1599282030161276e-17
Row.150,control_10.1111/j.1467-9280.2008.02241.x,PS,0.0
Row.151,control_10.1111/j.1467-9280.2008.02036.x,PS,0.0
Row.151,control_10.1111/j.1467-9280.2008.02037.x,PS,2.0140797826597943e-17
Row.151,control_10.1111/j.1467-9280.2008.02038.x,PS,5.793277942373796e-17
Row.151,control_10.1111/j.1467-9280.2008.02047.x,PS,2.7461263071866875e-17
Row.151,control_10.1111/j.1467-9280.2008.02048.x,PS,4.0859380653502944e-17
Row.151,control_10.1111/j.1467-9280.2008.02055.x,PS,4.820239144577747e-17
Row.151,control_10.1111/j.1467-9280.2008.02058.x,PS,0.0
Row.151,control_10.1111/j.1467-9280.2008.02059.x,PS,0.0
Row.151,control_10.1111/j.1467-9280.2008.02063.x,PS,5.119557965145811e-18
Row.151,control_10.1111/j.1467-9280.2008.02065.x,PS,0.0
Row.151,control_10.1111/j.1467-9280.2008.02067.x,PS,2.502172059866885e-18
Row.151,control_10.1111/j.1467-9280.2008.02068.x,PS,1.3480839451083163e-16
Row.151,control_10.1111/j.1467-9280.2008.02071.x,PS,0.0
Row.151,control_10.1111/j.1467-9280.2008.02073.x,PS,1.7762536176653864e-17
Row.151,control_10.1111/j.1467-9280.2008.02074.x,PS,1.5740115392806202e-17
Row.151,control_10.1111/j.1467-9280.2008.02075.x,PS,0.0
Row.151,control_10.1111/j.1467-9280.2008.02079.x,PS,3.181829436536665e-17
Row.151,control_10.1111/j.1467-9280.2008.02083.x,PS,0.0
Row.151,control_10.1111/j.1467-9280.2008.02086.x,PS,3.53260965519537e-17
Row.151,control_10.1111/j.1467-9280.2008.02087.x,PS,1.488951825360619e-17
Row.151,control_10.1111/j.1467-9280.2008.02094.x,PS,0.48539325886938217
Row.151,control_10.1111/j.1467-9280.2008.02096.x,PS,2.7020671948267523e-17
Row.151,control_10.1111/j.1467-9280.2008.02099.x,PS,8.757111841760257e-17
Row.151,control_10.1111/j.1467-9280.2008.02102.x,PS,8.671618529093723e-17
Row.151,control_10.1111/j.1467-9280.2008.02103.x,PS,5.680789781434316e-17
Row.151,control_10.1111/j.1467-9280.2008.02104.x,PS,0.0
Row.151,control_10.1111/j.1467-9280.2008.02105.x,PS,0.0
Row.151,control_10.1111/j.1467-9280.2008.02106.x,PS,0.0
Row.151,control_10.1111/j.1467-9280.2008.02107.x,PS,0.0
Row.151,control_10.1111/j.1467-9280.2008.02108.x,PS,1.2382900340834727e-16
Row.151,control_10.1111/j.1467-9280.2008.02109.x,PS,5.850071722092078e-17
Row.151,control_10.1111/j.1467-9280.2008.02110.x,PS,0.0
Row.151,control_10.1111/j.1467-9280.2008.02111.x,PS,5.4321208796600015e-17
Row.151,control_10.1111/j.1467-9280.2008.02112.x,PS,0.0
Row.151,control_10.1111/j.1467-9280.2008.02113.x,PS,1.1973706896289154e-19
Row.151,control_10.1111/j.1467-9280.2008.02114.x,PS,1.8850352111122624e-16
Row.151,control_10.1111/j.1467-9280.2008.02115.x,PS,0.0
Row.151,control_10.1111/j.1467-9280.2008.02116.x,PS,0.0
Row.151,control_10.1111/j.1467-9280.2008.02117.x,PS,0.0
Row.151,control_10.1111/j.1467-9280.2008.02118.x,PS,0.0
Row.151,control_10.1111/j.1467-9280.2008.02119.x,PS,0.0
Row.151,control_10.1111/j.1467-9280.2008.02120.x,PS,0.0
Row.151,control_10.1111/j.1467-9280.2008.02121.x,PS,2.4556256979494005e-17
Row.151,control_10.1111/j.1467-9280.2008.02122.x,PS,9.451431400054597e-19
Row.151,control_10.1111/j.1467-9280.2008.02123.x,PS,3.177976970964806e-17
Row.151,control_10.1111/j.1467-9280.2008.02125.x,PS,0.0
Row.151,control_10.1111/j.1467-9280.2008.02126.x,PS,0.0
Row.151,control_10.1111/j.1467-9280.2008.02127.x,PS,0.031196777913016636
Row.151,control_10.1111/j.1467-9280.2008.02129.x,PS,7.120813480919945e-17
Row.151,control_10.1111/j.1467-9280.2008.02130.x,PS,0.0
Row.151,control_10.1111/j.1467-9280.2008.02131.x,PS,0.0
Row.151,control_10.1111/j.1467-9280.2008.02132.x,PS,0.0
Row.151,control_10.1111/j.1467-9280.2008.02133.x,PS,8.62687529384249e-17
Row.151,control_10.1111/j.1467-9280.2008.02134.x,PS,0.0
Row.151,control_10.1111/j.1467-9280.2008.02135.x,PS,3.144400408001975e-17
Row.151,control_10.1111/j.1467-9280.2008.02137.x,PS,0.0
Row.151,control_10.1111/j.1467-9280.2008.02138.x,PS,0.0
Row.151,control_10.1111/j.1467-9280.2008.02139.x,PS,1.6206564783832728e-17
Row.151,control_10.1111/j.1467-9280.2008.02140.x,PS,6.334548910985451e-17
Row.151,control_10.1111/j.1467-9280.2008.02141.x,PS,0.0
Row.151,control_10.1111/j.1467-9280.2008.02142.x,PS,5.354010895508991e-18
Row.151,control_10.1111/j.1467-9280.2008.02143.x,PS,1.2809958289438445e-16
Row.151,control_10.1111/j.1467-9280.2008.02144.x,PS,4.7050293929877196e-17
Row.151,control_10.1111/j.1467-9280.2008.02145.x,PS,3.4987190084781196e-17
Row.151,control_10.1111/j.1467-9280.2008.02146.x,PS,0.0
Row.151,control_10.1111/j.1467-9280.2008.02147.x,PS,0.0
Row.151,control_10.1111/j.1467-9280.2008.02148.x,PS,0.0590248210026776
Row.151,control_10.1111/j.1467-9280.2008.02149.x,PS,2.896308264228739e-17
Row.151,control_10.1111/j.1467-9280.2008.02150.x,PS,0.0
Row.151,control_10.1111/j.1467-9280.2008.02151.x,PS,7.103242526490859e-17
Row.151,control_10.1111/j.1467-9280.2008.02152.x,PS,0.0
Row.151,control_10.1111/j.1467-9280.2008.02153.x,PS,0.0
Row.151,control_10.1111/j.1467-9280.2008.02154.x,PS,0.0
Row.151,control_10.1111/j.1467-9280.2008.02155.x,PS,0.0
Row.151,control_10.1111/j.1467-9280.2008.02156.x,PS,0.0
Row.151,control_10.1111/j.1467-9280.2008.02158.x,PS,5.171106538492114e-17
Row.151,control_10.1111/j.1467-9280.2008.02160.x,PS,0.0
Row.151,control_10.1111/j.1467-9280.2008.02161.x,PS,7.286275072929425e-17
Row.151,control_10.1111/j.1467-9280.2008.02162.x,PS,9.388777423288201e-17
Row.151,control_10.1111/j.1467-9280.2008.02163.x,PS,2.252574376190221e-18
Row.151,control_10.1111/j.1467-9280.2008.02164.x,PS,0.0
Row.151,control_10.1111/j.1467-9280.2008.02165.x,PS,0.23136609524513804
Row.151,control_10.1111/j.1467-9280.2008.02166.x,PS,0.0
Row.151,control_10.1111/j.1467-9280.2008.02167.x,PS,0.0
Row.151,control_10.1111/j.1467-9280.2008.02168.x,PS,1.4608627252224027e-17
Row.151,control_10.1111/j.1467-9280.2008.02169.x,PS,0.0
Row.151,control_10.1111/j.1467-9280.2008.02170.x,PS,0.0
Row.151,control_10.1111/j.1467-9280.2008.02171.x,PS,0.0
Row.151,control_10.1111/j.1467-9280.2008.02173.x,PS,0.0
Row.151,control_10.1111/j.1467-9280.2008.02174.x,PS,0.0
Row.151,control_10.1111/j.1467-9280.2008.02175.x,PS,0.0
Row.151,control_10.1111/j.1467-9280.2008.02176.x,PS,0.0
Row.151,control_10.1111/j.1467-9280.2008.02177.x,PS,2.392998147738766e-17
Row.151,control_10.1111/j.1467-9280.2008.02178.x,PS,0.0
Row.151,control_10.1111/j.1467-9280.2008.02179.x,PS,7.4657829613725e-17
Row.151,control_10.1111/j.1467-9280.2008.02180.x,PS,0.0
Row.151,control_10.1111/j.1467-9280.2008.02182.x,PS,2.8391100077959636e-18
Row.151,control_10.1111/j.1467-9280.2008.02183.x,PS,0.0
Row.151,control_10.1111/j.1467-9280.2008.02184.x,PS,0.0
Row.151,control_10.1111/j.1467-9280.2008.02185.x,PS,0.0
Row.151,control_10.1111/j.1467-9280.2008.02186.x,PS,8.453214978901534e-17
Row.151,control_10.1111/j.1467-9280.2008.02188.x,PS,3.464271601842864e-17
Row.151,control_10.1111/j.1467-9280.2008.02189.x,PS,0.0
Row.151,control_10.1111/j.1467-9280.2008.02190.x,PS,1.497326003134836e-17
Row.151,control_10.1111/j.1467-9280.2008.02191.x,PS,3.390807105435517e-17
Row.151,control_10.1111/j.1467-9280.2008.02192.x,PS,0.0
Row.151,control_10.1111/j.1467-9280.2008.02193.x,PS,0.0
Row.151,control_10.1111/j.1467-9280.2008.02194.x,PS,6.0905776032705314e-18
Row.151,control_10.1111/j.1467-9280.2008.02195.x,PS,0.0
Row.151,control_10.1111/j.1467-9280.2008.02196.x,PS,3.2732081788321053e-17
Row.151,control_10.1111/j.1467-9280.2008.02197.x,PS,0.0
Row.151,control_10.1111/j.1467-9280.2008.02198.x,PS,9.724429385191253e-17
Row.151,control_10.1111/j.1467-9280.2008.02200.x,PS,0.0
Row.151,control_10.1111/j.1467-9280.2008.02201.x,PS,2.0503953039984966e-17
Row.151,control_10.1111/j.1467-9280.2008.02202.x,PS,0.0
Row.151,control_10.1111/j.1467-9280.2008.02203.x,PS,1.8147956069620708e-18
Row.151,control_10.1111/j.1467-9280.2008.02204.x,PS,0.0
Row.151,control_10.1111/j.1467-9280.2008.02205.x,PS,6.113167554531181e-19
Row.151,control_10.1111/j.1467-9280.2008.02206.x,PS,3.2756044734866967e-17
Row.151,control_10.1111/j.1467-9280.2008.02207.x,PS,0.0
Row.151,control_10.1111/j.1467-9280.2008.02208.x,PS,5.1743884957335334e-17
Row.151,control_10.1111/j.1467-9280.2008.02209.x,PS,0.0
Row.151,control_10.1111/j.1467-9280.2008.02210.x,PS,0.0
Row.151,control_10.1111/j.1467-9280.2008.02211.x,PS,0.0
Row.151,control_10.1111/j.1467-9280.2008.02212.x,PS,6.413193187682522e-18
Row.151,control_10.1111/j.1467-9280.2008.02213.x,PS,0.0
Row.151,control_10.1111/j.1467-9280.2008.02214.x,PS,7.547095904440047e-17
Row.151,control_10.1111/j.1467-9280.2008.02215.x,PS,1.8519739319285082e-17
Row.151,control_10.1111/j.1467-9280.2008.02216.x,PS,1.450419901839932e-17
Row.151,control_10.1111/j.1467-9280.2008.02217.x,PS,0.0
Row.151,control_10.1111/j.1467-9280.2008.02218.x,PS,0.0
Row.151,control_10.1111/j.1467-9280.2008.02219.x,PS,0.0
Row.151,control_10.1111/j.1467-9280.2008.02220.x,PS,0.0
Row.151,control_10.1111/j.1467-9280.2008.02221.x,PS,0.0
Row.151,control_10.1111/j.1467-9280.2008.02222.x,PS,1.8079730051323717e-17
Row.151,control_10.1111/j.1467-9280.2008.02223.x,PS,2.5707281899024326e-17
Row.151,control_10.1111/j.1467-9280.2008.02224.x,PS,0.0
Row.151,control_10.1111/j.1467-9280.2008.02225.x,PS,0.1930190469697826
Row.151,control_10.1111/j.1467-9280.2008.02226.x,PS,9.968830100080852e-18
Row.151,control_10.1111/j.1467-9280.2008.02228.x,PS,0.0
Row.151,control_10.1111/j.1467-9280.2008.02229.x,PS,5.737566825337739e-18
Row.151,control_10.1111/j.1467-9280.2008.02230.x,PS,7.757494797863804e-17
Row.151,control_10.1111/j.1467-9280.2008.02231.x,PS,3.5942157128546296e-17
Row.151,control_10.1111/j.1467-9280.2008.02232.x,PS,0.0
Row.151,control_10.1111/j.1467-9280.2008.02233.x,PS,3.1681546601898557e-18
Row.151,control_10.1111/j.1467-9280.2008.02234.x,PS,0.0
Row.151,control_10.1111/j.1467-9280.2008.02235.x,PS,0.0
Row.151,control_10.1111/j.1467-9280.2008.02236.x,PS,4.090872791624697e-18
Row.151,control_10.1111/j.1467-9280.2008.02237.x,PS,1.44593703942116e-17
Row.151,control_10.1111/j.1467-9280.2008.02238.x,PS,7.22964443047949e-17
Row.151,control_10.1111/j.1467-9280.2008.02239.x,PS,9.684954688130601e-18
Row.151,control_10.1111/j.1467-9280.2008.02240.x,PS,0.0
Row.151,control_10.1111/j.1467-9280.2008.02241.x,PS,0.0
Row.153,control_10.1111/j.1467-9280.2008.02036.x,PS,0.0
Row.153,control_10.1111/j.1467-9280.2008.02037.x,PS,1.2028946716116733e-20
Row.153,control_10.1111/j.1467-9280.2008.02038.x,PS,2.0423891294718255e-20
Row.153,control_10.1111/j.1467-9280.2008.02047.x,PS,1.0405078268619563e-20
Row.153,control_10.1111/j.1467-9280.2008.02048.x,PS,2.7153849540291423e-20
Row.153,control_10.1111/j.1467-9280.2008.02055.x,PS,1.4640332337111972e-20
Row.153,control_10.1111/j.1467-9280.2008.02058.x,PS,0.0
Row.153,control_10.1111/j.1467-9280.2008.02059.x,PS,1.0566401342680425e-20
Row.153,control_10.1111/j.1467-9280.2008.02063.x,PS,8.395315668052454e-21
Row.153,control_10.1111/j.1467-9280.2008.02065.x,PS,0.0
Row.153,control_10.1111/j.1467-9280.2008.02067.x,PS,0.0
Row.153,control_10.1111/j.1467-9280.2008.02068.x,PS,0.0
Row.153,control_10.1111/j.1467-9280.2008.02071.x,PS,3.3095522459260656e-20
Row.153,control_10.1111/j.1467-9280.2008.02073.x,PS,5.980101587963016e-21
Row.153,control_10.1111/j.1467-9280.2008.02074.x,PS,0.0
Row.153,control_10.1111/j.1467-9280.2008.02075.x,PS,0.0
Row.153,control_10.1111/j.1467-9280.2008.02079.x,PS,1.2749693175990343e-20
Row.153,control_10.1111/j.1467-9280.2008.02083.x,PS,0.0
Row.153,control_10.1111/j.1467-9280.2008.02086.x,PS,9.35593750601797e-06
Row.153,control_10.1111/j.1467-9280.2008.02087.x,PS,0.0
Row.153,control_10.1111/j.1467-9280.2008.02094.x,PS,1.0751471872607118e-20
Row.153,control_10.1111/j.1467-9280.2008.02096.x,PS,0.0
Row.153,control_10.1111/j.1467-9280.2008.02099.x,PS,2.2725384318917516e-21
Row.153,control_10.1111/j.1467-9280.2008.02102.x,PS,0.0
Row.153,control_10.1111/j.1467-9280.2008.02103.x,PS,0.0
Row.153,control_10.1111/j.1467-9280.2008.02104.x,PS,0.0
Row.153,control_10.1111/j.1467-9280.2008.02105.x,PS,5.665086058401641e-21
Row.153,control_10.1111/j.1467-9280.2008.02106.x,PS,1.1016804548236044e-20
Row.153,control_10.1111/j.1467-9280.2008.02107.x,PS,0.0
Row.153,control_10.1111/j.1467-9280.2008.02108.x,PS,0.0
Row.153,control_10.1111/j.1467-9280.2008.02109.x,PS,0.29763479746646604
Row.153,control_10.1111/j.1467-9280.2008.02110.x,PS,3.2978604251483086e-20
Row.153,control_10.1111/j.1467-9280.2008.02111.x,PS,0.0
Row.153,control_10.1111/j.1467-9280.2008.02112.x,PS,6.755146007211476e-21
Row.153,control_10.1111/j.1467-9280.2008.02113.x,PS,1.920584890475309e-20
Row.153,control_10.1111/j.1467-9280.2008.02114.x,PS,0.0
Row.153,control_10.1111/j.1467-9280.2008.02115.x,PS,0.009945935498936643
Row.153,control_10.1111/j.1467-9280.2008.02116.x,PS,9.357385380888975e-21
Row.153,control_10.1111/j.1467-9280.2008.02117.x,PS,3.065004499936544e-21
Row.153,control_10.1111/j.1467-9280.2008.02118.x,PS,0.0
Row.153,control_10.1111/j.1467-9280.2008.02119.x,PS,0.1785583195000791
Row.153,control_10.1111/j.1467-9280.2008.02120.x,PS,0.004084111463666593
Row.153,control_10.1111/j.1467-9280.2008.02121.x,PS,2.953743405665094e-21
Row.153,control_10.1111/j.1467-9280.2008.02122.x,PS,5.269871368454009e-21
Row.153,control_10.1111/j.1467-9280.2008.02123.x,PS,4.4068542749610605e-21
Row.153,control_10.1111/j.1467-9280.2008.02125.x,PS,0.2111871269278078
Row.153,control_10.1111/j.1467-9280.2008.02126.x,PS,0.0
Row.153,control_10.1111/j.1467-9280.2008.02127.x,PS,0.0
Row.153,control_10.1111/j.1467-9280.2008.02129.x,PS,9.650948145841423e-22
Row.153,control_10.1111/j.1467-9280.2008.02130.x,PS,3.05618992789319e-21
Row.153,control_10.1111/j.1467-9280.2008.02131.x,PS,0.0
Row.153,control_10.1111/j.1467-9280.2008.02132.x,PS,5.597363953627309e-22
Row.153,control_10.1111/j.1467-9280.2008.02133.x,PS,0.0
Row.153,control_10.1111/j.1467-9280.2008.02134.x,PS,7.836533062854852e-22
Row.153,control_10.1111/j.1467-9280.2008.02135.x,PS,7.941307156755509e-21
Row.153,control_10.1111/j.1467-9280.2008.02137.x,PS,3.2572243799362775e-21
Row.153,control_10.1111/j.1467-9280.2008.02138.x,PS,3.3628646600456234e-21
Row.153,control_10.1111/j.1467-9280.2008.02139.x,PS,0.0
Row.153,control_10.1111/j.1467-9280.2008.02140.x,PS,0.0
Row.153,control_10.1111/j.1467-9280.2008.02141.x,PS,0.0
Row.153,control_10.1111/j.1467-9280.2008.02142.x,PS,2.3235696461498983e-21
Row.153,control_10.1111/j.1467-9280.2008.02143.x,PS,0.0
Row.153,control_10.1111/j.1467-9280.2008.02144.x,PS,6.474955528355753e-20
Row.153,control_10.1111/j.1467-9280.2008.02145.x,PS,0.0
Row.153,control_10.1111/j.1467-9280.2008.02146.x,PS,5.412873510971734e-21
Row.153,control_10.1111/j.1467-9280.2008.02147.x,PS,8.343167423446107e-21
Row.153,control_10.1111/j.1467-9280.2008.02148.x,PS,1.0701174620302632e-20
Row.153,control_10.1111/j.1467-9280.2008.02149.x,PS,9.824232565248703e-21
Row.153,control_10.1111/j.1467-9280.2008.02150.x,PS,0.0
Row.153,control_10.1111/j.1467-9280.2008.02151.x,PS,1.0090889209048853e-21
Row.153,control_10.1111/j.1467-9280.2008.02152.x,PS,0.0
Row.153,control_10.1111/j.1467-9280.2008.02153.x,PS,2.2196471625748273e-21
Row.153,control_10.1111/j.1467-9280.2008.02154.x,PS,4.186299118995921e-21
Row.153,control_10.1111/j.1467-9280.2008.02155.x,PS,0.0
Row.153,control_10.1111/j.1467-9280.2008.02156.x,PS,9.171598727833185e-21
Row.153,control_10.1111/j.1467-9280.2008.02158.x,PS,0.0825171749475655
Row.153,control_10.1111/j.1467-9280.2008.02160.x,PS,1.776678740212992e-21
Row.153,control_10.1111/j.1467-9280.2008.02161.x,PS,2.5592939628427274e-21
Row.153,control_10.1111/j.1467-9280.2008.02162.x,PS,7.421312971455642e-21
Row.153,control_10.1111/j.1467-9280.2008.02163.x,PS,0.0
Row.153,control_10.1111/j.1467-9280.2008.02164.x,PS,0.0
Row.153,control_10.1111/j.1467-9280.2008.02165.x,PS,0.0
Row.153,control_10.1111/j.1467-9280.2008.02166.x,PS,9.10508668266281e-21
Row.153,control_10.1111/j.1467-9280.2008.02167.x,PS,0.0
Row.153,control_10.1111/j.1467-9280.2008.02168.x,PS,0.0
Row.153,control_10.1111/j.1467-9280.2008.02169.x,PS,1.71259154657071e-21
Row.153,control_10.1111/j.1467-9280.2008.02170.x,PS,2.6737438918759534e-20
Row.153,control_10.1111/j.1467-9280.2008.02171.x,PS,0.0
Row.153,control_10.1111/j.1467-9280.2008.02173.x,PS,2.639523093683688e-21
Row.153,control_10.1111/j.1467-9280.2008.02174.x,PS,0.0
Row.153,control_10.1111/j.1467-9280.2008.02175.x,PS,2.1690830740944175e-20
Row.153,control_10.1111/j.1467-9280.2008.02176.x,PS,0.0
Row.153,control_10.1111/j.1467-9280.2008.02177.x,PS,1.0602026201867672e-20
Row.153,control_10.1111/j.1467-9280.2008.02178.x,PS,4.502540087025541e-23
Row.153,control_10.1111/j.1467-9280.2008.02179.x,PS,0.0
Row.153,control_10.1111/j.1467-9280.2008.02180.x,PS,0.03462928612972254
Row.153,control_10.1111/j.1467-9280.2008.02182.x,PS,0.0
Row.153,control_10.1111/j.1467-9280.2008.02183.x,PS,1.8784833331822003e-21
Row.153,control_10.1111/j.1467-9280.2008.02184.x,PS,0.0
Row.153,control_10.1111/j.1467-9280.2008.02185.x,PS,3.336127667735756e-21
Row.153,control_10.1111/j.1467-9280.2008.02186.x,PS,2.483962631791929e-21
Row.153,control_10.1111/j.1467-9280.2008.02188.x,PS,6.9063445652424045e-22
Row.153,control_10.1111/j.1467-9280.2008.02189.x,PS,0.0
Row.153,control_10.1111/j.1467-9280.2008.02190.x,PS,0.17837541837113743
Row.153,control_10.1111/j.1467-9280.2008.02191.x,PS,3.4140718459466074e-21
Row.153,control_10.1111/j.1467-9280.2008.02192.x,PS,0.0
Row.153,control_10.1111/j.1467-9280.2008.02193.x,PS,5.751818666138863e-21
Row.153,control_10.1111/j.1467-9280.2008.02194.x,PS,0.0
Row.153,control_10.1111/j.1467-9280.2008.02195.x,PS,0.0
Row.153,control_10.1111/j.1467-9280.2008.02196.x,PS,3.707084675649768e-21
Row.153,control_10.1111/j.1467-9280.2008.02197.x,PS,2.3032379996970433e-21
Row.153,control_10.1111/j.1467-9280.2008.02198.x,PS,3.3136317226487383e-22
Row.153,control_10.1111/j.1467-9280.2008.02200.x,PS,0.0
Row.153,control_10.1111/j.1467-9280.2008.02201.x,PS,0.0
Row.153,control_10.1111/j.1467-9280.2008.02202.x,PS,0.0
Row.153,control_10.1111/j.1467-9280.2008.02203.x,PS,0.0
Row.153,control_10.1111/j.1467-9280.2008.02204.x,PS,1.4002822801641856e-21
Row.153,control_10.1111/j.1467-9280.2008.02205.x,PS,0.0
Row.153,control_10.1111/j.1467-9280.2008.02206.x,PS,0.0
Row.153,control_10.1111/j.1467-9280.2008.02207.x,PS,0.00305847375711246
Row.153,control_10.1111/j.1467-9280.2008.02208.x,PS,1.0803428914430585e-20
Row.153,control_10.1111/j.1467-9280.2008.02209.x,PS,7.846123002651902e-21
Row.153,control_10.1111/j.1467-9280.2008.02210.x,PS,0.0
Row.153,control_10.1111/j.1467-9280.2008.02211.x,PS,0.0
Row.153,control_10.1111/j.1467-9280.2008.02212.x,PS,0.0
Row.153,control_10.1111/j.1467-9280.2008.02213.x,PS,0.0
Row.153,control_10.1111/j.1467-9280.2008.02214.x,PS,0.0
Row.153,control_10.1111/j.1467-9280.2008.02215.x,PS,1.663580506264694e-20
Row.153,control_10.1111/j.1467-9280.2008.02216.x,PS,0.0
Row.153,control_10.1111/j.1467-9280.2008.02217.x,PS,1.1166613616476928e-20
Row.153,control_10.1111/j.1467-9280.2008.02218.x,PS,0.0
Row.153,control_10.1111/j.1467-9280.2008.02219.x,PS,1.4750270749718116e-20
Row.153,control_10.1111/j.1467-9280.2008.02220.x,PS,0.0
Row.153,control_10.1111/j.1467-9280.2008.02221.x,PS,1.7245086759765605e-20
Row.153,control_10.1111/j.1467-9280.2008.02222.x,PS,0.0
Row.153,control_10.1111/j.1467-9280.2008.02223.x,PS,1.832272645101273e-20
Row.153,control_10.1111/j.1467-9280.2008.02224.x,PS,4.780215285366106e-21
Row.153,control_10.1111/j.1467-9280.2008.02225.x,PS,9.482140762555182e-21
Row.153,control_10.1111/j.1467-9280.2008.02226.x,PS,0.0
Row.153,control_10.1111/j.1467-9280.2008.02228.x,PS,0.0
Row.153,control_10.1111/j.1467-9280.2008.02229.x,PS,6.905915118857742e-20
Row.153,control_10.1111/j.1467-9280.2008.02230.x,PS,0.0
Row.153,control_10.1111/j.1467-9280.2008.02231.x,PS,0.0
Row.153,control_10.1111/j.1467-9280.2008.02232.x,PS,0.0
Row.153,control_10.1111/j.1467-9280.2008.02233.x,PS,0.0
Row.153,control_10.1111/j.1467-9280.2008.02234.x,PS,0.0
Row.153,control_10.1111/j.1467-9280.2008.02235.x,PS,0.0
Row.153,control_10.1111/j.1467-9280.2008.02236.x,PS,0.0
Row.153,control_10.1111/j.1467-9280.2008.02237.x,PS,2.2652046094622123e-21
Row.153,control_10.1111/j.1467-9280.2008.02238.x,PS,3.40818957116353e-21
Row.153,control_10.1111/j.1467-9280.2008.02239.x,PS,0.0
Row.153,control_10.1111/j.1467-9280.2008.02240.x,PS,0.0
Row.153,control_10.1111/j.1467-9280.2008.02241.x,PS,0.0
Row.154,control_10.1111/j.1467-9280.2008.02036.x,PS,0.0
Row.154,control_10.1111/j.1467-9280.2008.02037.x,PS,3.015072039076142e-17
Row.154,control_10.1111/j.1467-9280.2008.02038.x,PS,0.12046306711019095
Row.154,control_10.1111/j.1467-9280.2008.02047.x,PS,1.4640626622606448e-16
Row.154,control_10.1111/j.1467-9280.2008.02048.x,PS,4.1881659847578027e-17
Row.154,control_10.1111/j.1467-9280.2008.02055.x,PS,1.1642122989437244e-16
Row.154,control_10.1111/j.1467-9280.2008.02058.x,PS,0.0
Row.154,control_10.1111/j.1467-9280.2008.02059.x,PS,0.0
Row.154,control_10.1111/j.1467-9280.2008.02063.x,PS,1.6276730525324984e-17
Row.154,control_10.1111/j.1467-9280.2008.02065.x,PS,0.0
Row.154,control_10.1111/j.1467-9280.2008.02067.x,PS,0.0
Row.154,control_10.1111/j.1467-9280.2008.02068.x,PS,3.316469560474993e-18
Row.154,control_10.1111/j.1467-9280.2008.02071.x,PS,8.543088046375411e-17
Row.154,control_10.1111/j.1467-9280.2008.02073.x,PS,0.0
Row.154,control_10.1111/j.1467-9280.2008.02074.x,PS,0.0
Row.154,control_10.1111/j.1467-9280.2008.02075.x,PS,7.6872493006879e-17
Row.154,control_10.1111/j.1467-9280.2008.02079.x,PS,1.722182409063042e-16
Row.154,control_10.1111/j.1467-9280.2008.02083.x,PS,0.0
Row.154,control_10.1111/j.1467-9280.2008.02086.x,PS,0.44750692355077737
Row.154,control_10.1111/j.1467-9280.2008.02087.x,PS,1.1744531062410752e-16
Row.154,control_10.1111/j.1467-9280.2008.02094.x,PS,0.0
Row.154,control_10.1111/j.1467-9280.2008.02096.x,PS,1.5513550635037614e-17
Row.154,control_10.1111/j.1467-9280.2008.02099.x,PS,0.0
Row.154,control_10.1111/j.1467-9280.2008.02102.x,PS,0.0
Row.154,control_10.1111/j.1467-9280.2008.02103.x,PS,0.0
Row.154,control_10.1111/j.1467-9280.2008.02104.x,PS,1.1427690363431157e-16
Row.154,control_10.1111/j.1467-9280.2008.02105.x,PS,0.0
Row.154,control_10.1111/j.1467-9280.2008.02106.x,PS,1.5111779172294283e-16
Row.154,control_10.1111/j.1467-9280.2008.02107.x,PS,5.007703894203256e-17
Row.154,control_10.1111/j.1467-9280.2008.02108.x,PS,7.881820600568839e-17
Row.154,control_10.1111/j.1467-9280.2008.02109.x,PS,0.0
Row.154,control_10.1111/j.1467-9280.2008.02110.x,PS,1.3872751979613758e-16
Row.154,control_10.1111/j.1467-9280.2008.02111.x,PS,1.0693005881451327e-17
Row.154,control_10.1111/j.1467-9280.2008.02112.x,PS,8.922925911796747e-17
Row.154,control_10.1111/j.1467-9280.2008.02113.x,PS,0.279281949903104
Row.154,control_10.1111/j.1467-9280.2008.02114.x,PS,1.5716056638449306e-16
Row.154,control_10.1111/j.1467-9280.2008.02115.x,PS,0.0
Row.154,control_10.1111/j.1467-9280.2008.02116.x,PS,0.0
Row.154,control_10.1111/j.1467-9280.2008.02117.x,PS,0.0
Row.154,control_10.1111/j.1467-9280.2008.02118.x,PS,1.2201952130139176e-17
Row.154,control_10.1111/j.1467-9280.2008.02119.x,PS,0.0
Row.154,control_10.1111/j.1467-9280.2008.02120.x,PS,0.0
Row.154,control_10.1111/j.1467-9280.2008.02121.x,PS,0.0
Row.154,control_10.1111/j.1467-9280.2008.02122.x,PS,0.0
Row.154,control_10.1111/j.1467-9280.2008.02123.x,PS,1.5722064820032543e-17
Row.154,control_10.1111/j.1467-9280.2008.02125.x,PS,0.0
Row.154,control_10.1111/j.1467-9280.2008.02126.x,PS,0.0
Row.154,control_10.1111/j.1467-9280.2008.02127.x,PS,2.6687675482102107e-16
Row.154,control_10.1111/j.1467-9280.2008.02129.x,PS,0.0
Row.154,control_10.1111/j.1467-9280.2008.02130.x,PS,0.0
Row.154,control_10.1111/j.1467-9280.2008.02131.x,PS,8.260332830131138e-17
Row.154,control_10.1111/j.1467-9280.2008.02132.x,PS,0.0
Row.154,control_10.1111/j.1467-9280.2008.02133.x,PS,4.937708551532167e-17
Row.154,control_10.1111/j.1467-9280.2008.02134.x,PS,0.0
Row.154,control_10.1111/j.1467-9280.2008.02135.x,PS,3.468226117209864e-17
Row.154,control_10.1111/j.1467-9280.2008.02137.x,PS,3.8586073003985643e-17
Row.154,control_10.1111/j.1467-9280.2008.02138.x,PS,0.0
Row.154,control_10.1111/j.1467-9280.2008.02139.x,PS,7.39275816869068e-17
Row.154,control_10.1111/j.1467-9280.2008.02140.x,PS,0.0
Row.154,control_10.1111/j.1467-9280.2008.02141.x,PS,0.0
Row.154,control_10.1111/j.1467-9280.2008.02142.x,PS,0.0
Row.154,control_10.1111/j.1467-9280.2008.02143.x,PS,7.594383790162909e-17
Row.154,control_10.1111/j.1467-9280.2008.02144.x,PS,2.2050243524835655e-16
Row.154,control_10.1111/j.1467-9280.2008.02145.x,PS,1.744515635868853e-17
Row.154,control_10.1111/j.1467-9280.2008.02146.x,PS,7.357845310265267e-17
Row.154,control_10.1111/j.1467-9280.2008.02147.x,PS,0.0
Row.154,control_10.1111/j.1467-9280.2008.02148.x,PS,4.804119071115063e-18
Row.154,control_10.1111/j.1467-9280.2008.02149.x,PS,0.0
Row.154,control_10.1111/j.1467-9280.2008.02150.x,PS,0.0
Row.154,control_10.1111/j.1467-9280.2008.02151.x,PS,3.1587737068557266e-17
Row.154,control_10.1111/j.1467-9280.2008.02152.x,PS,4.6347195471476855e-17
Row.154,control_10.1111/j.1467-9280.2008.02153.x,PS,0.0
Row.154,control_10.1111/j.1467-9280.2008.02154.x,PS,0.0
Row.154,control_10.1111/j.1467-9280.2008.02155.x,PS,1.103883062225051e-16
Row.154,control_10.1111/j.1467-9280.2008.02156.x,PS,1.685985628326555e-17
Row.154,control_10.1111/j.1467-9280.2008.02158.x,PS,0.0
Row.154,control_10.1111/j.1467-9280.2008.02160.x,PS,4.737504280971286e-17
Row.154,control_10.1111/j.1467-9280.2008.02161.x,PS,0.0
Row.154,control_10.1111/j.1467-9280.2008.02162.x,PS,1.3095568894372084e-16
Row.154,control_10.1111/j.1467-9280.2008.02163.x,PS,1.124517267618752e-17
Row.154,control_10.1111/j.1467-9280.2008.02164.x,PS,3.336731269851998e-17
Row.154,control_10.1111/j.1467-9280.2008.02165.x,PS,0.0
Row.154,control_10.1111/j.1467-9280.2008.02166.x,PS,0.0
Row.154,control_10.1111/j.1467-9280.2008.02167.x,PS,3.846646228489579e-17
Row.154,control_10.1111/j.1467-9280.2008.02168.x,PS,1.0348610413272888e-16
Row.154,control_10.1111/j.1467-9280.2008.02169.x,PS,0.0
Row.154,control_10.1111/j.1467-9280.2008.02170.x,PS,1.1284619846176533e-16
Row.154,control_10.1111/j.1467-9280.2008.02171.x,PS,0.0
Row.154,control_10.1111/j.1467-9280.2008.02173.x,PS,3.997841463066425e-17
Row.154,control_10.1111/j.1467-9280.2008.02174.x,PS,0.0
Row.154,control_10.1111/j.1467-9280.2008.02175.x,PS,0.0
Row.154,control_10.1111/j.1467-9280.2008.02176.x,PS,5.350317235264958e-17
Row.154,control_10.1111/j.1467-9280.2008.02177.x,PS,0.0
Row.154,control_10.1111/j.1467-9280.2008.02178.x,PS,7.560296755137281e-17
Row.154,control_10.1111/j.1467-9280.2008.02179.x,PS,8.074726710347322e-17
Row.154,control_10.1111/j.1467-9280.2008.02180.x,PS,0.0
Row.154,control_10.1111/j.1467-9280.2008.02182.x,PS,0.0
Row.154,control_10.1111/j.1467-9280.2008.02183.x,PS,0.0
Row.154,control_10.1111/j.1467-9280.2008.02184.x,PS,1.0402085252252809e-16
Row.154,control_10.1111/j.1467-9280.2008.02185.x,PS,0.0
Row.154,control_10.1111/j.1467-9280.2008.02186.x,PS,4.389734451128269e-17
Row.154,control_10.1111/j.1467-9280.2008.02188.x,PS,0.0
Row.154,control_10.1111/j.1467-9280.2008.02189.x,PS,2.0463551236109888e-16
Row.154,control_10.1111/j.1467-9280.2008.02190.x,PS,0.0
Row.154,control_10.1111/j.1467-9280.2008.02191.x,PS,1.6067517508528534e-16
Row.154,control_10.1111/j.1467-9280.2008.02192.x,PS,4.3650383419551957e-17
Row.154,control_10.1111/j.1467-9280.2008.02193.x,PS,0.0
Row.154,control_10.1111/j.1467-9280.2008.02194.x,PS,4.008264606468289e-17
Row.154,control_10.1111/j.1467-9280.2008.02195.x,PS,0.0
Row.154,control_10.1111/j.1467-9280.2008.02196.x,PS,0.0
Row.154,control_10.1111/j.1467-9280.2008.02197.x,PS,1.2978894320501602e-17
Row.154,control_10.1111/j.1467-9280.2008.02198.x,PS,0.0
Row.154,control_10.1111/j.1467-9280.2008.02200.x,PS,4.4695232630538465e-17
Row.154,control_10.1111/j.1467-9280.2008.02201.x,PS,1.959472509451867e-16
Row.154,control_10.1111/j.1467-9280.2008.02202.x,PS,0.0
Row.154,control_10.1111/j.1467-9280.2008.02203.x,PS,0.0
Row.154,control_10.1111/j.1467-9280.2008.02204.x,PS,8.808810338373445e-18
Row.154,control_10.1111/j.1467-9280.2008.02205.x,PS,6.491337139684502e-17
Row.154,control_10.1111/j.1467-9280.2008.02206.x,PS,0.15274805943592212
Row.154,control_10.1111/j.1467-9280.2008.02207.x,PS,1.4820527999914412e-16
Row.154,control_10.1111/j.1467-9280.2008.02208.x,PS,1.0156145432621026e-16
Row.154,control_10.1111/j.1467-9280.2008.02209.x,PS,1.0726865958025483e-16
Row.154,control_10.1111/j.1467-9280.2008.02210.x,PS,0.0
Row.154,control_10.1111/j.1467-9280.2008.02211.x,PS,0.0
Row.154,control_10.1111/j.1467-9280.2008.02212.x,PS,0.0
Row.154,control_10.1111/j.1467-9280.2008.02213.x,PS,4.876049483209197e-17
Row.154,control_10.1111/j.1467-9280.2008.02214.x,PS,0.0
Row.154,control_10.1111/j.1467-9280.2008.02215.x,PS,1.5580663944045524e-16
Row.154,control_10.1111/j.1467-9280.2008.02216.x,PS,0.0
Row.154,control_10.1111/j.1467-9280.2008.02217.x,PS,6.148539228517159e-18
Row.154,control_10.1111/j.1467-9280.2008.02218.x,PS,1.7873368989760127e-17
Row.154,control_10.1111/j.1467-9280.2008.02219.x,PS,0.0
Row.154,control_10.1111/j.1467-9280.2008.02220.x,PS,0.0
Row.154,control_10.1111/j.1467-9280.2008.02221.x,PS,0.0
Row.154,control_10.1111/j.1467-9280.2008.02222.x,PS,0.0
Row.154,control_10.1111/j.1467-9280.2008.02223.x,PS,0.0
Row.154,control_10.1111/j.1467-9280.2008.02224.x,PS,2.1440993309338144e-17
Row.154,control_10.1111/j.1467-9280.2008.02225.x,PS,3.015803046377581e-16
Row.154,control_10.1111/j.1467-9280.2008.02226.x,PS,0.0
Row.154,control_10.1111/j.1467-9280.2008.02228.x,PS,4.253209086610269e-17
Row.154,control_10.1111/j.1467-9280.2008.02229.x,PS,7.659585386306537e-17
Row.154,control_10.1111/j.1467-9280.2008.02230.x,PS,0.0
Row.154,control_10.1111/j.1467-9280.2008.02231.x,PS,0.0
Row.154,control_10.1111/j.1467-9280.2008.02232.x,PS,0.0
Row.154,control_10.1111/j.1467-9280.2008.02233.x,PS,2.149634189456792e-17
Row.154,control_10.1111/j.1467-9280.2008.02234.x,PS,3.758069356031959e-17
Row.154,control_10.1111/j.1467-9280.2008.02235.x,PS,0.0
Row.154,control_10.1111/j.1467-9280.2008.02236.x,PS,0.0
Row.154,control_10.1111/j.1467-9280.2008.02237.x,PS,3.846160545009968e-17
Row.154,control_10.1111/j.1467-9280.2008.02238.x,PS,0.0
Row.154,control_10.1111/j.1467-9280.2008.02239.x,PS,1.826710879395078e-17
Row.154,control_10.1111/j.1467-9280.2008.02240.x,PS,0.0
Row.154,control_10.1111/j.1467-9280.2008.02241.x,PS,0.0
Row.155,control_10.1111/j.1467-9280.2008.02036.x,PS,0.0
Row.155,control_10.1111/j.1467-9280.2008.02037.x,PS,4.637085421924513e-17
Row.155,control_10.1111/j.1467-9280.2008.02038.x,PS,0.0
Row.155,control_10.1111/j.1467-9280.2008.02047.x,PS,3.487031748017922e-18
Row.155,control_10.1111/j.1467-9280.2008.02048.x,PS,0.0
Row.155,control_10.1111/j.1467-9280.2008.02055.x,PS,1.7769404188568006e-17
Row.155,control_10.1111/j.1467-9280.2008.02058.x,PS,0.0
Row.155,control_10.1111/j.1467-9280.2008.02059.x,PS,9.830263156409495e-18
Row.155,control_10.1111/j.1467-9280.2008.02063.x,PS,1.0609228834416294e-17
Row.155,control_10.1111/j.1467-9280.2008.02065.x,PS,5.276874896085756e-17
Row.155,control_10.1111/j.1467-9280.2008.02067.x,PS,3.257564640771225e-17
Row.155,control_10.1111/j.1467-9280.2008.02068.x,PS,0.0
Row.155,control_10.1111/j.1467-9280.2008.02071.x,PS,0.0
Row.155,control_10.1111/j.1467-9280.2008.02073.x,PS,0.0
Row.155,control_10.1111/j.1467-9280.2008.02074.x,PS,0.0
Row.155,control_10.1111/j.1467-9280.2008.02075.x,PS,0.0
Row.155,control_10.1111/j.1467-9280.2008.02079.x,PS,2.1566185809822882e-17
Row.155,control_10.1111/j.1467-9280.2008.02083.x,PS,0.0
Row.155,control_10.1111/j.1467-9280.2008.02086.x,PS,0.0
Row.155,control_10.1111/j.1467-9280.2008.02087.x,PS,3.734773870726287e-17
Row.155,control_10.1111/j.1467-9280.2008.02094.x,PS,5.921488928123545e-17
Row.155,control_10.1111/j.1467-9280.2008.02096.x,PS,4.859952708195095e-17
Row.155,control_10.1111/j.1467-9280.2008.02099.x,PS,0.0
Row.155,control_10.1111/j.1467-9280.2008.02102.x,PS,1.654264884808558e-17
Row.155,control_10.1111/j.1467-9280.2008.02103.x,PS,0.0
Row.155,control_10.1111/j.1467-9280.2008.02104.x,PS,0.0
Row.155,control_10.1111/j.1467-9280.2008.02105.x,PS,0.0
Row.155,control_10.1111/j.1467-9280.2008.02106.x,PS,1.4025591075037984e-17
Row.155,control_10.1111/j.1467-9280.2008.02107.x,PS,0.0
Row.155,control_10.1111/j.1467-9280.2008.02108.x,PS,0.0
Row.155,control_10.1111/j.1467-9280.2008.02109.x,PS,0.0
Row.155,control_10.1111/j.1467-9280.2008.02110.x,PS,7.528905260418861e-16
Row.155,control_10.1111/j.1467-9280.2008.02111.x,PS,4.428178165092001e-17
Row.155,control_10.1111/j.1467-9280.2008.02112.x,PS,0.0
Row.155,control_10.1111/j.1467-9280.2008.02113.x,PS,4.790515543657875e-19
Row.155,control_10.1111/j.1467-9280.2008.02114.x,PS,4.2334927268612197e-17
Row.155,control_10.1111/j.1467-9280.2008.02115.x,PS,0.0
Row.155,control_10.1111/j.1467-9280.2008.02116.x,PS,6.022612025598335e-17
Row.155,control_10.1111/j.1467-9280.2008.02117.x,PS,0.0
Row.155,control_10.1111/j.1467-9280.2008.02118.x,PS,0.0
Row.155,control_10.1111/j.1467-9280.2008.02119.x,PS,1.502414944080418e-15
Row.155,control_10.1111/j.1467-9280.2008.02120.x,PS,0.0
Row.155,control_10.1111/j.1467-9280.2008.02121.x,PS,1.3838407480985605e-17
Row.155,control_10.1111/j.1467-9280.2008.02122.x,PS,0.0
Row.155,control_10.1111/j.1467-9280.2008.02123.x,PS,5.2542553493655435e-17
Row.155,control_10.1111/j.1467-9280.2008.02125.x,PS,1.173564670232449e-16
Row.155,control_10.1111/j.1467-9280.2008.02126.x,PS,3.189617706333732e-17
Row.155,control_10.1111/j.1467-9280.2008.02127.x,PS,5.157150340446722e-17
Row.155,control_10.1111/j.1467-9280.2008.02129.x,PS,0.0
Row.155,control_10.1111/j.1467-9280.2008.02130.x,PS,0.0
Row.155,control_10.1111/j.1467-9280.2008.02131.x,PS,0.0
Row.155,control_10.1111/j.1467-9280.2008.02132.x,PS,0.0
Row.155,control_10.1111/j.1467-9280.2008.02133.x,PS,0.0
Row.155,control_10.1111/j.1467-9280.2008.02134.x,PS,0.0
Row.155,control_10.1111/j.1467-9280.2008.02135.x,PS,2.3010888071586207e-18
Row.155,control_10.1111/j.1467-9280.2008.02137.x,PS,2.412393930208563e-17
Row.155,control_10.1111/j.1467-9280.2008.02138.x,PS,4.976862782450481e-17
Row.155,control_10.1111/j.1467-9280.2008.02139.x,PS,4.999179914407746e-18
Row.155,control_10.1111/j.1467-9280.2008.02140.x,PS,1.2265205670970643e-16
Row.155,control_10.1111/j.1467-9280.2008.02141.x,PS,5.363700913942343e-18
Row.155,control_10.1111/j.1467-9280.2008.02142.x,PS,1.8321233239075935e-18
Row.155,control_10.1111/j.1467-9280.2008.02143.x,PS,0.4487492234030056
Row.155,control_10.1111/j.1467-9280.2008.02144.x,PS,2.3888957772893767e-15
Row.155,control_10.1111/j.1467-9280.2008.02145.x,PS,3.2770292458790273e-17
Row.155,control_10.1111/j.1467-9280.2008.02146.x,PS,9.252583401593822e-17
Row.155,control_10.1111/j.1467-9280.2008.02147.x,PS,3.5579995110636963e-17
Row.155,control_10.1111/j.1467-9280.2008.02148.x,PS,0.0
Row.155,control_10.1111/j.1467-9280.2008.02149.x,PS,8.506523599814934e-17
Row.155,control_10.1111/j.1467-9280.2008.02150.x,PS,1.3628275933474632e-17
Row.155,control_10.1111/j.1467-9280.2008.02151.x,PS,0.0
Row.155,control_10.1111/j.1467-9280.2008.02152.x,PS,1.316654538073416e-17
Row.155,control_10.1111/j.1467-9280.2008.02153.x,PS,2.2145024503772e-16
Row.155,control_10.1111/j.1467-9280.2008.02154.x,PS,0.0
Row.155,control_10.1111/j.1467-9280.2008.02155.x,PS,0.0
Row.155,control_10.1111/j.1467-9280.2008.02156.x,PS,0.0
Row.155,control_10.1111/j.1467-9280.2008.02158.x,PS,0.0
Row.155,control_10.1111/j.1467-9280.2008.02160.x,PS,3.2118470669063776e-17
Row.155,control_10.1111/j.1467-9280.2008.02161.x,PS,1.4242925855029173e-17
Row.155,control_10.1111/j.1467-9280.2008.02162.x,PS,2.096809006495256e-17
Row.155,control_10.1111/j.1467-9280.2008.02163.x,PS,0.0
Row.155,control_10.1111/j.1467-9280.2008.02164.x,PS,0.03603893315306863
Row.155,control_10.1111/j.1467-9280.2008.02165.x,PS,7.05830924970156e-17
Row.155,control_10.1111/j.1467-9280.2008.02166.x,PS,1.209844869534756e-16
Row.155,control_10.1111/j.1467-9280.2008.02167.x,PS,3.971415836347497e-17
Row.155,control_10.1111/j.1467-9280.2008.02168.x,PS,8.349226901800364e-18
Row.155,control_10.1111/j.1467-9280.2008.02169.x,PS,3.519784876280815e-17
Row.155,control_10.1111/j.1467-9280.2008.02170.x,PS,0.0
Row.155,control_10.1111/j.1467-9280.2008.02171.x,PS,0.0
Row.155,control_10.1111/j.1467-9280.2008.02173.x,PS,0.0
Row.155,control_10.1111/j.1467-9280.2008.02174.x,PS,5.389773574861997e-19
Row.155,control_10.1111/j.1467-9280.2008.02175.x,PS,0.0
Row.155,control_10.1111/j.1467-9280.2008.02176.x,PS,7.029439977838337e-17
Row.155,control_10.1111/j.1467-9280.2008.02177.x,PS,0.0
Row.155,control_10.1111/j.1467-9280.2008.02178.x,PS,7.372138135736302e-18
Row.155,control_10.1111/j.1467-9280.2008.02179.x,PS,1.9382746870719627e-17
Row.155,control_10.1111/j.1467-9280.2008.02180.x,PS,0.0
Row.155,control_10.1111/j.1467-9280.2008.02182.x,PS,1.3598309429941368e-17
Row.155,control_10.1111/j.1467-9280.2008.02183.x,PS,5.1646052557202567e-17
Row.155,control_10.1111/j.1467-9280.2008.02184.x,PS,0.0
Row.155,control_10.1111/j.1467-9280.2008.02185.x,PS,6.320592938874975e-16
Row.155,control_10.1111/j.1467-9280.2008.02186.x,PS,3.507065635833023e-17
Row.155,control_10.1111/j.1467-9280.2008.02188.x,PS,1.0650151638281009e-18
Row.155,control_10.1111/j.1467-9280.2008.02189.x,PS,1.4756499576240355e-17
Row.155,control_10.1111/j.1467-9280.2008.02190.x,PS,4.034570669200927e-16
Row.155,control_10.1111/j.1467-9280.2008.02191.x,PS,0.0
Row.155,control_10.1111/j.1467-9280.2008.02192.x,PS,0.0
Row.155,control_10.1111/j.1467-9280.2008.02193.x,PS,0.0
Row.155,control_10.1111/j.1467-9280.2008.02194.x,PS,5.0721882987491216e-17
Row.155,control_10.1111/j.1467-9280.2008.02195.x,PS,0.0
Row.155,control_10.1111/j.1467-9280.2008.02196.x,PS,0.0
Row.155,control_10.1111/j.1467-9280.2008.02197.x,PS,0.0
Row.155,control_10.1111/j.1467-9280.2008.02198.x,PS,1.833034462204307e-17
Row.155,control_10.1111/j.1467-9280.2008.02200.x,PS,0.0
Row.155,control_10.1111/j.1467-9280.2008.02201.x,PS,0.0
Row.155,control_10.1111/j.1467-9280.2008.02202.x,PS,0.0
Row.155,control_10.1111/j.1467-9280.2008.02203.x,PS,3.57989050431341e-17
Row.155,control_10.1111/j.1467-9280.2008.02204.x,PS,8.752261222426346e-18
Row.155,control_10.1111/j.1467-9280.2008.02205.x,PS,0.0
Row.155,control_10.1111/j.1467-9280.2008.02206.x,PS,0.0
Row.155,control_10.1111/j.1467-9280.2008.02207.x,PS,0.0
Row.155,control_10.1111/j.1467-9280.2008.02208.x,PS,0.0
Row.155,control_10.1111/j.1467-9280.2008.02209.x,PS,0.0
Row.155,control_10.1111/j.1467-9280.2008.02210.x,PS,0.0
Row.155,control_10.1111/j.1467-9280.2008.02211.x,PS,0.0
Row.155,control_10.1111/j.1467-9280.2008.02212.x,PS,0.0
Row.155,control_10.1111/j.1467-9280.2008.02213.x,PS,0.0
Row.155,control_10.1111/j.1467-9280.2008.02214.x,PS,1.9294599639698723e-17
Row.155,control_10.1111/j.1467-9280.2008.02215.x,PS,0.0
Row.155,control_10.1111/j.1467-9280.2008.02216.x,PS,1.084599067369676e-17
Row.155,control_10.1111/j.1467-9280.2008.02217.x,PS,0.5152118434439172
Row.155,control_10.1111/j.1467-9280.2008.02218.x,PS,0.0
Row.155,control_10.1111/j.1467-9280.2008.02219.x,PS,3.5387044522271223e-16
Row.155,control_10.1111/j.1467-9280.2008.02220.x,PS,0.0
Row.155,control_10.1111/j.1467-9280.2008.02221.x,PS,6.768519601613909e-18
Row.155,control_10.1111/j.1467-9280.2008.02222.x,PS,0.0
Row.155,control_10.1111/j.1467-9280.2008.02223.x,PS,2.1351628196849594e-17
Row.155,control_10.1111/j.1467-9280.2008.02224.x,PS,8.710030890210623e-17
Row.155,control_10.1111/j.1467-9280.2008.02225.x,PS,8.001614438401395e-17
Row.155,control_10.1111/j.1467-9280.2008.02226.x,PS,0.0
Row.155,control_10.1111/j.1467-9280.2008.02228.x,PS,0.0
Row.155,control_10.1111/j.1467-9280.2008.02229.x,PS,0.0
Row.155,control_10.1111/j.1467-9280.2008.02230.x,PS,0.0
Row.155,control_10.1111/j.1467-9280.2008.02231.x,PS,0.0
Row.155,control_10.1111/j.1467-9280.2008.02232.x,PS,0.0
Row.155,control_10.1111/j.1467-9280.2008.02233.x,PS,0.0
Row.155,control_10.1111/j.1467-9280.2008.02234.x,PS,2.611613292552448e-18
Row.155,control_10.1111/j.1467-9280.2008.02235.x,PS,0.0
Row.155,control_10.1111/j.1467-9280.2008.02236.x,PS,1.648860667413559e-16
Row.155,control_10.1111/j.1467-9280.2008.02237.x,PS,1.8038843416660712e-17
Row.155,control_10.1111/j.1467-9280.2008.02238.x,PS,0.0
Row.155,control_10.1111/j.1467-9280.2008.02239.x,PS,0.0
Row.155,control_10.1111/j.1467-9280.2008.02240.x,PS,1.3772150709586726e-17
Row.155,control_10.1111/j.1467-9280.2008.02241.x,PS,5.698104225040773e-17
Row.158,control_10.1111/j.1467-9280.2008.02036.x,PS,0.0022817999991711596
Row.158,control_10.1111/j.1467-9280.2008.02037.x,PS,0.007730191006215402
Row.158,control_10.1111/j.1467-9280.2008.02038.x,PS,0.0514387261590695
Row.158,control_10.1111/j.1467-9280.2008.02047.x,PS,0.0023565754057537414
Row.158,control_10.1111/j.1467-9280.2008.02048.x,PS,0.013075850158960442
Row.158,control_10.1111/j.1467-9280.2008.02055.x,PS,0.0030767489174813463
Row.158,control_10.1111/j.1467-9280.2008.02058.x,PS,0.0021606242460087805
Row.158,control_10.1111/j.1467-9280.2008.02059.x,PS,0.0026467098971870618
Row.158,control_10.1111/j.1467-9280.2008.02063.x,PS,0.0022408893624161204
Row.158,control_10.1111/j.1467-9280.2008.02065.x,PS,0.0026152964467142884
Row.158,control_10.1111/j.1467-9280.2008.02067.x,PS,0.0023299084314378224
Row.158,control_10.1111/j.1467-9280.2008.02068.x,PS,0.002116572215799111
Row.158,control_10.1111/j.1467-9280.2008.02071.x,PS,0.0036532931953273695
Row.158,control_10.1111/j.1467-9280.2008.02073.x,PS,0.0025928530655682297
Row.158,control_10.1111/j.1467-9280.2008.02074.x,PS,0.0018406235794196104
Row.158,control_10.1111/j.1467-9280.2008.02075.x,PS,0.002625725675196603
Row.158,control_10.1111/j.1467-9280.2008.02079.x,PS,0.003487408180140959
Row.158,control_10.1111/j.1467-9280.2008.02083.x,PS,0.002082609083360122
Row.158,control_10.1111/j.1467-9280.2008.02086.x,PS,0.011223626528557943
Row.158,control_10.1111/j.1467-9280.2008.02087.x,PS,0.0025516984189273484
Row.158,control_10.1111/j.1467-9280.2008.02094.x,PS,0.0039082363539375215
Row.158,control_10.1111/j.1467-9280.2008.02096.x,PS,0.0025125821717160296
Row.158,control_10.1111/j.1467-9280.2008.02099.x,PS,0.0033658151295158983
Row.158,control_10.1111/j.1467-9280.2008.02102.x,PS,0.0026399361556047937
Row.158,control_10.1111/j.1467-9280.2008.02103.x,PS,0.0025722161256728463
Row.158,control_10.1111/j.1467-9280.2008.02104.x,PS,0.004818054225192085
Row.158,control_10.1111/j.1467-9280.2008.02105.x,PS,0.004656215838006786
Row.158,control_10.1111/j.1467-9280.2008.02106.x,PS,0.002420485351845448
Row.158,control_10.1111/j.1467-9280.2008.02107.x,PS,0.003070530474545953
Row.158,control_10.1111/j.1467-9280.2008.02108.x,PS,0.0022272078039749085
Row.158,control_10.1111/j.1467-9280.2008.02109.x,PS,0.0035434759112582996
Row.158,control_10.1111/j.1467-9280.2008.02110.x,PS,0.04311724623902634
Row.158,control_10.1111/j.1467-9280.2008.02111.x,PS,0.00280879416087439
Row.158,control_10.1111/j.1467-9280.2008.02112.x,PS,0.003758805993315643
Row.158,control_10.1111/j.1467-9280.2008.02113.x,PS,0.003221595969248618
Row.158,control_10.1111/j.1467-9280.2008.02114.x,PS,0.001962988991632566
Row.158,control_10.1111/j.1467-9280.2008.02115.x,PS,0.002262754709074587
Row.158,control_10.1111/j.1467-9280.2008.02116.x,PS,0.002139786014601634
Row.158,control_10.1111/j.1467-9280.2008.02117.x,PS,0.005691469173433656
Row.158,control_10.1111/j.1467-9280.2008.02118.x,PS,0.002115616699365317
Row.158,control_10.1111/j.1467-9280.2008.02119.x,PS,0.003176388472124839
Row.158,control_10.1111/j.1467-9280.2008.02120.x,PS,0.002779488430830223
Row.158,control_10.1111/j.1467-9280.2008.02121.x,PS,0.02460214341221584
Row.158,control_10.1111/j.1467-9280.2008.02122.x,PS,0.0026639421692509816
Row.158,control_10.1111/j.1467-9280.2008.02123.x,PS,0.0029555504127867054
Row.158,control_10.1111/j.1467-9280.2008.02125.x,PS,0.07538314938186973
Row.158,control_10.1111/j.1467-9280.2008.02126.x,PS,0.0025041598967144507
Row.158,control_10.1111/j.1467-9280.2008.02127.x,PS,0.002620937419881427
Row.158,control_10.1111/j.1467-9280.2008.02129.x,PS,0.009588659775506346
Row.158,control_10.1111/j.1467-9280.2008.02130.x,PS,0.002919019867006657
Row.158,control_10.1111/j.1467-9280.2008.02131.x,PS,0.002623685598005324
Row.158,control_10.1111/j.1467-9280.2008.02132.x,PS,0.001985960843087091
Row.158,control_10.1111/j.1467-9280.2008.02133.x,PS,0.0018015830467609734
Row.158,control_10.1111/j.1467-9280.2008.02134.x,PS,0.006277396922638011
Row.158,control_10.1111/j.1467-9280.2008.02135.x,PS,0.002923126965567638
Row.158,control_10.1111/j.1467-9280.2008.02137.x,PS,0.001992644160058718
Row.158,control_10.1111/j.1467-9280.2008.02138.x,PS,0.0023620367893059067
Row.158,control_10.1111/j.1467-9280.2008.02139.x,PS,0.002292134769199524
Row.158,control_10.1111/j.1467-9280.2008.02140.x,PS,0.011237470797449455
Row.158,control_10.1111/j.1467-9280.2008.02141.x,PS,0.004045883608302282
Row.158,control_10.1111/j.1467-9280.2008.02142.x,PS,0.004789562348194842
Row.158,control_10.1111/j.1467-9280.2008.02143.x,PS,0.004452642841071133
Row.158,control_10.1111/j.1467-9280.2008.02144.x,PS,0.03686254916128652
Row.158,control_10.1111/j.1467-9280.2008.02145.x,PS,0.002761348028078093
Row.158,control_10.1111/j.1467-9280.2008.02146.x,PS,0.003883166976474457
Row.158,control_10.1111/j.1467-9280.2008.02147.x,PS,0.00237003387862635
Row.158,control_10.1111/j.1467-9280.2008.02148.x,PS,0.002353920073413382
Row.158,control_10.1111/j.1467-9280.2008.02149.x,PS,0.01390899546451498
Row.158,control_10.1111/j.1467-9280.2008.02150.x,PS,0.0020630919646333367
Row.158,control_10.1111/j.1467-9280.2008.02151.x,PS,0.0036397177006287605
Row.158,control_10.1111/j.1467-9280.2008.02152.x,PS,0.002218758536976518
Row.158,control_10.1111/j.1467-9280.2008.02153.x,PS,0.003781577856228432
Row.158,control_10.1111/j.1467-9280.2008.02154.x,PS,0.0034723297502888377
Row.158,control_10.1111/j.1467-9280.2008.02155.x,PS,0.003709163808632577
Row.158,control_10.1111/j.1467-9280.2008.02156.x,PS,0.0047293564176629655
Row.158,control_10.1111/j.1467-9280.2008.02158.x,PS,0.002273341276162456
Row.158,control_10.1111/j.1467-9280.2008.02160.x,PS,0.0025079804306565702
Row.158,control_10.1111/j.1467-9280.2008.02161.x,PS,0.0017472250270422394
Row.158,control_10.1111/j.1467-9280.2008.02162.x,PS,0.002827197650922541
Row.158,control_10.1111/j.1467-9280.2008.02163.x,PS,0.00233446375315602
Row.158,control_10.1111/j.1467-9280.2008.02164.x,PS,0.026938590496939467
Row.158,control_10.1111/j.1467-9280.2008.02165.x,PS,0.00157156893604701
Row.158,control_10.1111/j.1467-9280.2008.02166.x,PS,0.018761590644319794
Row.158,control_10.1111/j.1467-9280.2008.02167.x,PS,0.0023219168784965826
Row.158,control_10.1111/j.1467-9280.2008.02168.x,PS,0.00314019713103065
Row.158,control_10.1111/j.1467-9280.2008.02169.x,PS,0.0021299391629345916
Row.158,control_10.1111/j.1467-9280.2008.02170.x,PS,0.016221140653393185
Row.158,control_10.1111/j.1467-9280.2008.02171.x,PS,0.002014291642832817
Row.158,control_10.1111/j.1467-9280.2008.02173.x,PS,0.002631062329256298
Row.158,control_10.1111/j.1467-9280.2008.02174.x,PS,0.0028111929822357273
Row.158,control_10.1111/j.1467-9280.2008.02175.x,PS,0.0028285502191180583
Row.158,control_10.1111/j.1467-9280.2008.02176.x,PS,0.001663676707845667
Row.158,control_10.1111/j.1467-9280.2008.02177.x,PS,0.003046657312398893
Row.158,control_10.1111/j.1467-9280.2008.02178.x,PS,0.0039459391776602935
Row.158,control_10.1111/j.1467-9280.2008.02179.x,PS,0.0022392825956613635
Row.158,control_10.1111/j.1467-9280.2008.02180.x,PS,0.002411362052131486
Row.158,control_10.1111/j.1467-9280.2008.02182.x,PS,0.0022067673870480903
Row.158,control_10.1111/j.1467-9280.2008.02183.x,PS,0.0018431867280664818
Row.158,control_10.1111/j.1467-9280.2008.02184.x,PS,0.0022783450276274253
Row.158,control_10.1111/j.1467-9280.2008.02185.x,PS,0.020433411196762778
Row.158,control_10.1111/j.1467-9280.2008.02186.x,PS,0.0020274180935438584
Row.158,control_10.1111/j.1467-9280.2008.02188.x,PS,0.0035757033116123145
Row.158,control_10.1111/j.1467-9280.2008.02189.x,PS,0.0017048645091907767
Row.158,control_10.1111/j.1467-9280.2008.02190.x,PS,0.03423404741995685
Row.158,control_10.1111/j.1467-9280.2008.02191.x,PS,0.005137766256665979
Row.158,control_10.1111/j.1467-9280.2008.02192.x,PS,0.005154267560685215
Row.158,control_10.1111/j.1467-9280.2008.02193.x,PS,0.003002796222580557
Row.158,control_10.1111/j.1467-9280.2008.02194.x,PS,0.0024589330893292753
Row.158,control_10.1111/j.1467-9280.2008.02195.x,PS,0.0038692153998875823
Row.158,control_10.1111/j.1467-9280.2008.02196.x,PS,0.002324263291734686
Row.158,control_10.1111/j.1467-9280.2008.02197.x,PS,0.005399371148526114
Row.158,control_10.1111/j.1467-9280.2008.02198.x,PS,0.0020696937246161853
Row.158,control_10.1111/j.1467-9280.2008.02200.x,PS,0.008823389863808753
Row.158,control_10.1111/j.1467-9280.2008.02201.x,PS,0.007319083863208988
Row.158,control_10.1111/j.1467-9280.2008.02202.x,PS,0.002196445431081096
Row.158,control_10.1111/j.1467-9280.2008.02203.x,PS,0.002118946319146588
Row.158,control_10.1111/j.1467-9280.2008.02204.x,PS,0.002432233427321821
Row.158,control_10.1111/j.1467-9280.2008.02205.x,PS,0.008681774861049993
Row.158,control_10.1111/j.1467-9280.2008.02206.x,PS,0.0037977573322446464
Row.158,control_10.1111/j.1467-9280.2008.02207.x,PS,0.002136967103078838
Row.158,control_10.1111/j.1467-9280.2008.02208.x,PS,0.0023109000510531377
Row.158,control_10.1111/j.1467-9280.2008.02209.x,PS,0.0035632016029009984
Row.158,control_10.1111/j.1467-9280.2008.02210.x,PS,0.0020061303901681114
Row.158,control_10.1111/j.1467-9280.2008.02211.x,PS,0.0037846236394235002
Row.158,control_10.1111/j.1467-9280.2008.02212.x,PS,0.0030151409734954717
Row.158,control_10.1111/j.1467-9280.2008.02213.x,PS,0.0019388532116780463
Row.158,control_10.1111/j.1467-9280.2008.02214.x,PS,0.002294799268569044
Row.158,control_10.1111/j.1467-9280.2008.02215.x,PS,0.003250458618282852
Row.158,control_10.1111/j.1467-9280.2008.02216.x,PS,0.0022872964581142773
Row.158,control_10.1111/j.1467-9280.2008.02217.x,PS,0.0412602216053623
Row.158,control_10.1111/j.1467-9280.2008.02218.x,PS,0.002565342570149971
Row.158,control_10.1111/j.1467-9280.2008.02219.x,PS,0.04093354848236868
Row.158,control_10.1111/j.1467-9280.2008.02220.x,PS,0.0025838741286318173
Row.158,control_10.1111/j.1467-9280.2008.02221.x,PS,0.004425098795182285
Row.158,control_10.1111/j.1467-9280.2008.02222.x,PS,0.0031903706843770785
Row.158,control_10.1111/j.1467-9280.2008.02223.x,PS,0.001854849176261922
Row.158,control_10.1111/j.1467-9280.2008.02224.x,PS,0.003533757922094168
Row.158,control_10.1111/j.1467-9280.2008.02225.x,PS,0.005056008845655511
Row.158,control_10.1111/j.1467-9280.2008.02226.x,PS,0.0028947157765924214
Row.158,control_10.1111/j.1467-9280.2008.02228.x,PS,0.0019932411275873094
Row.158,control_10.1111/j.1467-9280.2008.02229.x,PS,0.05612021135111
Row.158,control_10.1111/j.1467-9280.2008.02230.x,PS,0.03825492058299832
Row.158,control_10.1111/j.1467-9280.2008.02231.x,PS,0.0029142168144768803
Row.158,control_10.1111/j.1467-9280.2008.02232.x,PS,0.0028598122785761563
Row.158,control_10.1111/j.1467-9280.2008.02233.x,PS,0.002085140058929801
Row.158,control_10.1111/j.1467-9280.2008.02234.x,PS,0.0025292092613733268
Row.158,control_10.1111/j.1467-9280.2008.02235.x,PS,0.0038058834195893705
Row.158,control_10.1111/j.1467-9280.2008.02236.x,PS,0.005065396163466936
Row.158,control_10.1111/j.1467-9280.2008.02237.x,PS,0.003910656113864918
Row.158,control_10.1111/j.1467-9280.2008.02238.x,PS,0.01108993419686164
Row.158,control_10.1111/j.1467-9280.2008.02239.x,PS,0.002122156145603813
Row.158,control_10.1111/j.1467-9280.2008.02240.x,PS,0.002337922737568513
Row.158,control_10.1111/j.1467-9280.2008.02241.x,PS,0.0018951709087853548
Row.161,control_10.1111/j.1467-9280.2008.02036.x,PS,0.0003490852797531329
Row.161,control_10.1111/j.1467-9280.2008.02037.x,PS,0.0016726030666110803
Row.161,control_10.1111/j.1467-9280.2008.02038.x,PS,0.044814305612730504
Row.161,control_10.1111/j.1467-9280.2008.02047.x,PS,2.7182071539568647e-05
Row.161,control_10.1111/j.1467-9280.2008.02048.x,PS,0.00022071080276173392
Row.161,control_10.1111/j.1467-9280.2008.02055.x,PS,0.00022971281338531085
Row.161,control_10.1111/j.1467-9280.2008.02058.x,PS,7.514502778504035e-05
Row.161,control_10.1111/j.1467-9280.2008.02059.x,PS,0.00010909591636087055
Row.161,control_10.1111/j.1467-9280.2008.02063.x,PS,0.0004109779119232971
Row.161,control_10.1111/j.1467-9280.2008.02065.x,PS,6.026322396080844e-07
Row.161,control_10.1111/j.1467-9280.2008.02067.x,PS,0.0012511191248322862
Row.161,control_10.1111/j.1467-9280.2008.02068.x,PS,3.81482627067974e-07
Row.161,control_10.1111/j.1467-9280.2008.02071.x,PS,0.00030945070949691604
Row.161,control_10.1111/j.1467-9280.2008.02073.x,PS,2.411993746537528e-06
Row.161,control_10.1111/j.1467-9280.2008.02074.x,PS,0.0001383526330721577
Row.161,control_10.1111/j.1467-9280.2008.02075.x,PS,0.0010188703547200134
Row.161,control_10.1111/j.1467-9280.2008.02079.x,PS,0.00038799634213758605
Row.161,control_10.1111/j.1467-9280.2008.02083.x,PS,2.8552689110511633e-06
Row.161,control_10.1111/j.1467-9280.2008.02086.x,PS,0.0006618185237177863
Row.161,control_10.1111/j.1467-9280.2008.02087.x,PS,5.8354441422130725e-05
Row.161,control_10.1111/j.1467-9280.2008.02094.x,PS,0.0017739319821394601
Row.161,control_10.1111/j.1467-9280.2008.02096.x,PS,1.5749917838200627e-06
Row.161,control_10.1111/j.1467-9280.2008.02099.x,PS,0.00022184390780201726
Row.161,control_10.1111/j.1467-9280.2008.02102.x,PS,2.6145103883843227e-06
Row.161,control_10.1111/j.1467-9280.2008.02103.x,PS,0.0011623827438749642
Row.161,control_10.1111/j.1467-9280.2008.02104.x,PS,0.05188648851526218
Row.161,control_10.1111/j.1467-9280.2008.02105.x,PS,0.029105747779960535
Row.161,control_10.1111/j.1467-9280.2008.02106.x,PS,0.0009299568103225136
Row.161,control_10.1111/j.1467-9280.2008.02107.x,PS,6.74376732633281e-06
Row.161,control_10.1111/j.1467-9280.2008.02108.x,PS,2.2315139290041184e-06
Row.161,control_10.1111/j.1467-9280.2008.02109.x,PS,0.0010143363827882106
Row.161,control_10.1111/j.1467-9280.2008.02110.x,PS,0.0005804062419561355
Row.161,control_10.1111/j.1467-9280.2008.02111.x,PS,1.7758929562216956e-05
Row.161,control_10.1111/j.1467-9280.2008.02112.x,PS,0.0005060387698039656
Row.161,control_10.1111/j.1467-9280.2008.02113.x,PS,3.636210818029614e-06
Row.161,control_10.1111/j.1467-9280.2008.02114.x,PS,0.00034945410227329906
Row.161,control_10.1111/j.1467-9280.2008.02115.x,PS,0.0007959226996584386
Row.161,control_10.1111/j.1467-9280.2008.02116.x,PS,4.071154510222649e-06
Row.161,control_10.1111/j.1467-9280.2008.02117.x,PS,0.014813706482524057
Row.161,control_10.1111/j.1467-9280.2008.02118.x,PS,4.8700743909610546e-05
Row.161,control_10.1111/j.1467-9280.2008.02119.x,PS,0.001423904067255914
Row.161,control_10.1111/j.1467-9280.2008.02120.x,PS,0.0006447665779394448
Row.161,control_10.1111/j.1467-9280.2008.02121.x,PS,0.0007207039819269612
Row.161,control_10.1111/j.1467-9280.2008.02122.x,PS,1.1127243734237807e-05
Row.161,control_10.1111/j.1467-9280.2008.02123.x,PS,0.001076049040573799
Row.161,control_10.1111/j.1467-9280.2008.02125.x,PS,0.0010790523533374123
Row.161,control_10.1111/j.1467-9280.2008.02126.x,PS,0.0008589576812361038
Row.161,control_10.1111/j.1467-9280.2008.02127.x,PS,0.00047970935047149675
Row.161,control_10.1111/j.1467-9280.2008.02129.x,PS,0.0006644652227905538
Row.161,control_10.1111/j.1467-9280.2008.02130.x,PS,8.38433886757769e-06
Row.161,control_10.1111/j.1467-9280.2008.02131.x,PS,0.00017305624000462814
Row.161,control_10.1111/j.1467-9280.2008.02132.x,PS,1.7131725784073042e-07
Row.161,control_10.1111/j.1467-9280.2008.02133.x,PS,0.00027299929528081586
Row.161,control_10.1111/j.1467-9280.2008.02134.x,PS,0.0010877108018242246
Row.161,control_10.1111/j.1467-9280.2008.02135.x,PS,0.0003900966225309324
Row.161,control_10.1111/j.1467-9280.2008.02137.x,PS,0.0004966110475088705
Row.161,control_10.1111/j.1467-9280.2008.02138.x,PS,0.00053337975184143
Row.161,control_10.1111/j.1467-9280.2008.02139.x,PS,0.0002978258503549393
Row.161,control_10.1111/j.1467-9280.2008.02140.x,PS,0.015433102842331665
Row.161,control_10.1111/j.1467-9280.2008.02141.x,PS,0.017215089407668815
Row.161,control_10.1111/j.1467-9280.2008.02142.x,PS,0.00028496701651124334
Row.161,control_10.1111/j.1467-9280.2008.02143.x,PS,0.03713073709308064
Row.161,control_10.1111/j.1467-9280.2008.02144.x,PS,0.0005388011129128026
Row.161,control_10.1111/j.1467-9280.2008.02145.x,PS,7.71714743672726e-05
Row.161,control_10.1111/j.1467-9280.2008.02146.x,PS,0.008675373759578876
Row.161,control_10.1111/j.1467-9280.2008.02147.x,PS,0.00045497732337150266
Row.161,control_10.1111/j.1467-9280.2008.02148.x,PS,0.0006668461697680224
Row.161,control_10.1111/j.1467-9280.2008.02149.x,PS,0.013251666451023042
Row.161,control_10.1111/j.1467-9280.2008.02150.x,PS,0.0002615273367178297
Row.161,control_10.1111/j.1467-9280.2008.02151.x,PS,2.8584752051593946e-05
Row.161,control_10.1111/j.1467-9280.2008.02152.x,PS,0.0
Row.161,control_10.1111/j.1467-9280.2008.02153.x,PS,0.016830207207068505
Row.161,control_10.1111/j.1467-9280.2008.02154.x,PS,0.0006354746326859346
Row.161,control_10.1111/j.1467-9280.2008.02155.x,PS,1.539295524009191e-05
Row.161,control_10.1111/j.1467-9280.2008.02156.x,PS,0.014424140175628711
Row.161,control_10.1111/j.1467-9280.2008.02158.x,PS,0.0013563515884463416
Row.161,control_10.1111/j.1467-9280.2008.02160.x,PS,0.00027218996416424475
Row.161,control_10.1111/j.1467-9280.2008.02161.x,PS,7.136395814450935e-06
Row.161,control_10.1111/j.1467-9280.2008.02162.x,PS,0.00037329848997703295
Row.161,control_10.1111/j.1467-9280.2008.02163.x,PS,2.133568930649577e-22
Row.161,control_10.1111/j.1467-9280.2008.02164.x,PS,0.09459106800551433
Row.161,control_10.1111/j.1467-9280.2008.02165.x,PS,0.0006011696424560692
Row.161,control_10.1111/j.1467-9280.2008.02166.x,PS,0.0006943563409010699
Row.161,control_10.1111/j.1467-9280.2008.02167.x,PS,0.00022724028770528177
Row.161,control_10.1111/j.1467-9280.2008.02168.x,PS,0.0004079186632640541
Row.161,control_10.1111/j.1467-9280.2008.02169.x,PS,6.806077853603303e-05
Row.161,control_10.1111/j.1467-9280.2008.02170.x,PS,0.0011445088896484788
Row.161,control_10.1111/j.1467-9280.2008.02171.x,PS,4.712922218441353e-08
Row.161,control_10.1111/j.1467-9280.2008.02173.x,PS,0.0008795443946945777
Row.161,control_10.1111/j.1467-9280.2008.02174.x,PS,4.561773260056093e-05
Row.161,control_10.1111/j.1467-9280.2008.02175.x,PS,8.7632292507256e-06
Row.161,control_10.1111/j.1467-9280.2008.02176.x,PS,3.2731115307314154e-07
Row.161,control_10.1111/j.1467-9280.2008.02177.x,PS,0.0006206748527872574
Row.161,control_10.1111/j.1467-9280.2008.02178.x,PS,0.0004857582814818318
Row.161,control_10.1111/j.1467-9280.2008.02179.x,PS,0.0011676916584283333
Row.161,control_10.1111/j.1467-9280.2008.02180.x,PS,0.0011147203803227338
Row.161,control_10.1111/j.1467-9280.2008.02182.x,PS,9.292791075935122e-07
Row.161,control_10.1111/j.1467-9280.2008.02183.x,PS,5.312287200900135e-05
Row.161,control_10.1111/j.1467-9280.2008.02184.x,PS,1.945082004541736e-06
Row.161,control_10.1111/j.1467-9280.2008.02185.x,PS,0.06854298355967797
Row.161,control_10.1111/j.1467-9280.2008.02186.x,PS,0.0003181057861365168
Row.161,control_10.1111/j.1467-9280.2008.02188.x,PS,0.004443185684857646
Row.161,control_10.1111/j.1467-9280.2008.02189.x,PS,5.088664455425805e-08
Row.161,control_10.1111/j.1467-9280.2008.02190.x,PS,0.0006558281716908945
Row.161,control_10.1111/j.1467-9280.2008.02191.x,PS,0.022141814990864622
Row.161,control_10.1111/j.1467-9280.2008.02192.x,PS,0.00760537367604391
Row.161,control_10.1111/j.1467-9280.2008.02193.x,PS,4.46296689903078e-06
Row.161,control_10.1111/j.1467-9280.2008.02194.x,PS,0.0009655050997221238
Row.161,control_10.1111/j.1467-9280.2008.02195.x,PS,0.0003908099753300519
Row.161,control_10.1111/j.1467-9280.2008.02196.x,PS,2.1291067400736207e-06
Row.161,control_10.1111/j.1467-9280.2008.02197.x,PS,0.0006173235098662843
Row.161,control_10.1111/j.1467-9280.2008.02198.x,PS,8.295128777313358e-05
Row.161,control_10.1111/j.1467-9280.2008.02200.x,PS,0.13308660026882274
Row.161,control_10.1111/j.1467-9280.2008.02201.x,PS,0.1000576847706191
Row.161,control_10.1111/j.1467-9280.2008.02202.x,PS,0.0004551185315152746
Row.161,control_10.1111/j.1467-9280.2008.02203.x,PS,0.001017991664183628
Row.161,control_10.1111/j.1467-9280.2008.02204.x,PS,1.0809787132903583e-06
Row.161,control_10.1111/j.1467-9280.2008.02205.x,PS,0.00022201369371282537
Row.161,control_10.1111/j.1467-9280.2008.02206.x,PS,0.00011771372927871206
Row.161,control_10.1111/j.1467-9280.2008.02207.x,PS,0.0004671913282779039
Row.161,control_10.1111/j.1467-9280.2008.02208.x,PS,0.000928832279818576
Row.161,control_10.1111/j.1467-9280.2008.02209.x,PS,0.002309139863911928
Row.161,control_10.1111/j.1467-9280.2008.02210.x,PS,0.00038271338746219603
Row.161,control_10.1111/j.1467-9280.2008.02211.x,PS,0.0008487935729627657
Row.161,control_10.1111/j.1467-9280.2008.02212.x,PS,0.00021493695053501294
Row.161,control_10.1111/j.1467-9280.2008.02213.x,PS,0.00023069832491164318
Row.161,control_10.1111/j.1467-9280.2008.02214.x,PS,0.0009102927209892449
Row.161,control_10.1111/j.1467-9280.2008.02215.x,PS,0.0008642090371771005
Row.161,control_10.1111/j.1467-9280.2008.02216.x,PS,0.0005124592444828451
Row.161,control_10.1111/j.1467-9280.2008.02217.x,PS,0.011799594812679537
Row.161,control_10.1111/j.1467-9280.2008.02218.x,PS,0.00019335423131826106
Row.161,control_10.1111/j.1467-9280.2008.02219.x,PS,0.001977620424737314
Row.161,control_10.1111/j.1467-9280.2008.02220.x,PS,0.001131714440287073
Row.161,control_10.1111/j.1467-9280.2008.02221.x,PS,0.000397605494969672
Row.161,control_10.1111/j.1467-9280.2008.02222.x,PS,0.0003160594035794651
Row.161,control_10.1111/j.1467-9280.2008.02223.x,PS,0.0007614008241862444
Row.161,control_10.1111/j.1467-9280.2008.02224.x,PS,0.0084365333541491
Row.161,control_10.1111/j.1467-9280.2008.02225.x,PS,0.16506323927405486
Row.161,control_10.1111/j.1467-9280.2008.02226.x,PS,0.00042873909171886886
Row.161,control_10.1111/j.1467-9280.2008.02228.x,PS,0.0004771244669724659
Row.161,control_10.1111/j.1467-9280.2008.02229.x,PS,0.00044984628085694637
Row.161,control_10.1111/j.1467-9280.2008.02230.x,PS,0.013146209793022907
Row.161,control_10.1111/j.1467-9280.2008.02231.x,PS,2.0793521994787993e-05
Row.161,control_10.1111/j.1467-9280.2008.02232.x,PS,0.0004411096514446177
Row.161,control_10.1111/j.1467-9280.2008.02233.x,PS,1.0044174857282631e-07
Row.161,control_10.1111/j.1467-9280.2008.02234.x,PS,0.0006199006381638506
Row.161,control_10.1111/j.1467-9280.2008.02235.x,PS,0.005598368807209698
Row.161,control_10.1111/j.1467-9280.2008.02236.x,PS,0.039813537777725276
Row.161,control_10.1111/j.1467-9280.2008.02237.x,PS,0.0020423778216166906
Row.161,control_10.1111/j.1467-9280.2008.02238.x,PS,0.0007182127701727784
Row.161,control_10.1111/j.1467-9280.2008.02239.x,PS,4.7419924101020357e-05
Row.161,control_10.1111/j.1467-9280.2008.02240.x,PS,0.002484545985689199
Row.161,control_10.1111/j.1467-9280.2008.02241.x,PS,2.543723378556951e-06
Row.165,control_10.1111/j.1467-9280.2008.02036.x,PS,4.6996066627747845e-07
Row.165,control_10.1111/j.1467-9280.2008.02037.x,PS,2.7093636550723674e-06
Row.165,control_10.1111/j.1467-9280.2008.02038.x,PS,1.1293543094276252e-05
Row.165,control_10.1111/j.1467-9280.2008.02047.x,PS,1.1635838429011475e-07
Row.165,control_10.1111/j.1467-9280.2008.02048.x,PS,0.001916836919063183
Row.165,control_10.1111/j.1467-9280.2008.02055.x,PS,3.1375746945859016e-05
Row.165,control_10.1111/j.1467-9280.2008.02058.x,PS,0.01777230497885197
Row.165,control_10.1111/j.1467-9280.2008.02059.x,PS,2.3399962536422263e-07
Row.165,control_10.1111/j.1467-9280.2008.02063.x,PS,1.0429723793043156e-07
Row.165,control_10.1111/j.1467-9280.2008.02065.x,PS,1.8897146034589896e-06
Row.165,control_10.1111/j.1467-9280.2008.02067.x,PS,1.1226629866432404e-07
Row.165,control_10.1111/j.1467-9280.2008.02068.x,PS,7.588032076344441e-08
Row.165,control_10.1111/j.1467-9280.2008.02071.x,PS,8.892286142438324e-07
Row.165,control_10.1111/j.1467-9280.2008.02073.x,PS,1.2035121129803196e-06
Row.165,control_10.1111/j.1467-9280.2008.02074.x,PS,6.494258957207748e-08
Row.165,control_10.1111/j.1467-9280.2008.02075.x,PS,1.8552055660813958e-21
Row.165,control_10.1111/j.1467-9280.2008.02079.x,PS,0.0
Row.165,control_10.1111/j.1467-9280.2008.02083.x,PS,0.0005048319039459172
Row.165,control_10.1111/j.1467-9280.2008.02086.x,PS,1.3369666410792021e-06
Row.165,control_10.1111/j.1467-9280.2008.02087.x,PS,8.797043983291208e-08
Row.165,control_10.1111/j.1467-9280.2008.02094.x,PS,5.727746941360221e-05
Row.165,control_10.1111/j.1467-9280.2008.02096.x,PS,0.0
Row.165,control_10.1111/j.1467-9280.2008.02099.x,PS,1.129797140834364e-22
Row.165,control_10.1111/j.1467-9280.2008.02102.x,PS,3.934421836514121e-08
Row.165,control_10.1111/j.1467-9280.2008.02103.x,PS,4.8466962715963616e-21
Row.165,control_10.1111/j.1467-9280.2008.02104.x,PS,6.281680729386892e-05
Row.165,control_10.1111/j.1467-9280.2008.02105.x,PS,7.024815981646979e-05
Row.165,control_10.1111/j.1467-9280.2008.02106.x,PS,6.560508543385995e-07
Row.165,control_10.1111/j.1467-9280.2008.02107.x,PS,1.0794191705282093e-08
Row.165,control_10.1111/j.1467-9280.2008.02108.x,PS,1.4829298797202775e-06
Row.165,control_10.1111/j.1467-9280.2008.02109.x,PS,1.8935387453526764e-06
Row.165,control_10.1111/j.1467-9280.2008.02110.x,PS,0.03654467485707225
Row.165,control_10.1111/j.1467-9280.2008.02111.x,PS,7.113259485830558e-07
Row.165,control_10.1111/j.1467-9280.2008.02112.x,PS,1.503323009568318e-07
Row.165,control_10.1111/j.1467-9280.2008.02113.x,PS,2.4259519546809918e-06
Row.165,control_10.1111/j.1467-9280.2008.02114.x,PS,2.141740103695291e-07
Row.165,control_10.1111/j.1467-9280.2008.02115.x,PS,6.063788855685668e-07
Row.165,control_10.1111/j.1467-9280.2008.02116.x,PS,3.0963692315175667e-07
Row.165,control_10.1111/j.1467-9280.2008.02117.x,PS,1.1549437063342702e-06
Row.165,control_10.1111/j.1467-9280.2008.02118.x,PS,6.720298653525259e-08
Row.165,control_10.1111/j.1467-9280.2008.02119.x,PS,1.9725315399768098e-07
Row.165,control_10.1111/j.1467-9280.2008.02120.x,PS,3.884392531799018e-06
Row.165,control_10.1111/j.1467-9280.2008.02121.x,PS,0.06970985378338622
Row.165,control_10.1111/j.1467-9280.2008.02122.x,PS,0.0
Row.165,control_10.1111/j.1467-9280.2008.02123.x,PS,3.551679232664998e-07
Row.165,control_10.1111/j.1467-9280.2008.02125.x,PS,0.02003149602268756
Row.165,control_10.1111/j.1467-9280.2008.02126.x,PS,2.2335486621187578e-07
Row.165,control_10.1111/j.1467-9280.2008.02127.x,PS,1.9695261336138065e-07
Row.165,control_10.1111/j.1467-9280.2008.02129.x,PS,3.681082882703997e-07
Row.165,control_10.1111/j.1467-9280.2008.02130.x,PS,2.9933724152675447e-07
Row.165,control_10.1111/j.1467-9280.2008.02131.x,PS,0.00917501103165936
Row.165,control_10.1111/j.1467-9280.2008.02132.x,PS,0.005437046319188955
Row.165,control_10.1111/j.1467-9280.2008.02133.x,PS,2.2215672472062834e-07
Row.165,control_10.1111/j.1467-9280.2008.02134.x,PS,0.067893504227535
Row.165,control_10.1111/j.1467-9280.2008.02135.x,PS,1.9447912931853283e-06
Row.165,control_10.1111/j.1467-9280.2008.02137.x,PS,9.583958096703882e-07
Row.165,control_10.1111/j.1467-9280.2008.02138.x,PS,0.06801834009935001
Row.165,control_10.1111/j.1467-9280.2008.02139.x,PS,4.1066219317162043e-07
Row.165,control_10.1111/j.1467-9280.2008.02140.x,PS,1.19173179319347e-21
Row.165,control_10.1111/j.1467-9280.2008.02141.x,PS,0.022742323869792167
Row.165,control_10.1111/j.1467-9280.2008.02142.x,PS,2.346728288875344e-07
Row.165,control_10.1111/j.1467-9280.2008.02143.x,PS,1.9945873346894394e-06
Row.165,control_10.1111/j.1467-9280.2008.02144.x,PS,0.06358398101126188
Row.165,control_10.1111/j.1467-9280.2008.02145.x,PS,1.6156189249723317e-05
Row.165,control_10.1111/j.1467-9280.2008.02146.x,PS,2.0022164058278422e-05
Row.165,control_10.1111/j.1467-9280.2008.02147.x,PS,2.3086463072567698e-07
Row.165,control_10.1111/j.1467-9280.2008.02148.x,PS,0.0
Row.165,control_10.1111/j.1467-9280.2008.02149.x,PS,2.825635756892396e-05
Row.165,control_10.1111/j.1467-9280.2008.02150.x,PS,9.790498328768953e-08
Row.165,control_10.1111/j.1467-9280.2008.02151.x,PS,0.018918494838206696
Row.165,control_10.1111/j.1467-9280.2008.02152.x,PS,0.0004359408774221271
Row.165,control_10.1111/j.1467-9280.2008.02153.x,PS,1.422360881191819e-06
Row.165,control_10.1111/j.1467-9280.2008.02154.x,PS,0.0
Row.165,control_10.1111/j.1467-9280.2008.02155.x,PS,2.2271972101716128e-07
Row.165,control_10.1111/j.1467-9280.2008.02156.x,PS,2.12358056800838e-06
Row.165,control_10.1111/j.1467-9280.2008.02158.x,PS,1.8390539550777422e-22
Row.165,control_10.1111/j.1467-9280.2008.02160.x,PS,0.01523059103995786
Row.165,control_10.1111/j.1467-9280.2008.02161.x,PS,2.2243991535959315e-07
Row.165,control_10.1111/j.1467-9280.2008.02162.x,PS,0.0
Row.165,control_10.1111/j.1467-9280.2008.02163.x,PS,8.077751431210044e-07
Row.165,control_10.1111/j.1467-9280.2008.02164.x,PS,0.09092243834477727
Row.165,control_10.1111/j.1467-9280.2008.02165.x,PS,4.957524864402658e-22
Row.165,control_10.1111/j.1467-9280.2008.02166.x,PS,0.003974900076068689
Row.165,control_10.1111/j.1467-9280.2008.02167.x,PS,1.5932959731922936e-07
Row.165,control_10.1111/j.1467-9280.2008.02168.x,PS,3.299940744845106e-08
Row.165,control_10.1111/j.1467-9280.2008.02169.x,PS,3.7170463825013954e-07
Row.165,control_10.1111/j.1467-9280.2008.02170.x,PS,1.2402925795679429e-24
Row.165,control_10.1111/j.1467-9280.2008.02171.x,PS,7.033692613775333e-07
Row.165,control_10.1111/j.1467-9280.2008.02173.x,PS,7.216986782299764e-08
Row.165,control_10.1111/j.1467-9280.2008.02174.x,PS,6.51274244733706e-07
Row.165,control_10.1111/j.1467-9280.2008.02175.x,PS,2.132962024279518e-08
Row.165,control_10.1111/j.1467-9280.2008.02176.x,PS,2.6397272593994737e-07
Row.165,control_10.1111/j.1467-9280.2008.02177.x,PS,1.1918026900504467e-06
Row.165,control_10.1111/j.1467-9280.2008.02178.x,PS,1.0965929012288346e-06
Row.165,control_10.1111/j.1467-9280.2008.02179.x,PS,2.6256839675467756e-07
Row.165,control_10.1111/j.1467-9280.2008.02180.x,PS,3.722319125299681e-07
Row.165,control_10.1111/j.1467-9280.2008.02182.x,PS,2.005500812973596e-07
Row.165,control_10.1111/j.1467-9280.2008.02183.x,PS,2.049509385433331e-07
Row.165,control_10.1111/j.1467-9280.2008.02184.x,PS,0.07089031730687904
Row.165,control_10.1111/j.1467-9280.2008.02185.x,PS,2.2906599211655866e-06
Row.165,control_10.1111/j.1467-9280.2008.02186.x,PS,2.621987115249468e-07
Row.165,control_10.1111/j.1467-9280.2008.02188.x,PS,2.452800207863677e-07
Row.165,control_10.1111/j.1467-9280.2008.02189.x,PS,1.3426721622090446e-07
Row.165,control_10.1111/j.1467-9280.2008.02190.x,PS,0.0015195697324118748
Row.165,control_10.1111/j.1467-9280.2008.02191.x,PS,3.043589442907131e-06
Row.165,control_10.1111/j.1467-9280.2008.02192.x,PS,3.0080413178367412e-05
Row.165,control_10.1111/j.1467-9280.2008.02193.x,PS,1.0158387088995927e-06
Row.165,control_10.1111/j.1467-9280.2008.02194.x,PS,1.4591869566315488e-07
Row.165,control_10.1111/j.1467-9280.2008.02195.x,PS,0.004294136563309254
Row.165,control_10.1111/j.1467-9280.2008.02196.x,PS,7.598388824789914e-24
Row.165,control_10.1111/j.1467-9280.2008.02197.x,PS,0.0
Row.165,control_10.1111/j.1467-9280.2008.02198.x,PS,0.022923553798665484
Row.165,control_10.1111/j.1467-9280.2008.02200.x,PS,0.0001094459338107344
Row.165,control_10.1111/j.1467-9280.2008.02201.x,PS,6.570287289468008e-05
Row.165,control_10.1111/j.1467-9280.2008.02202.x,PS,3.404074219880763e-07
Row.165,control_10.1111/j.1467-9280.2008.02203.x,PS,4.092305088689193e-07
Row.165,control_10.1111/j.1467-9280.2008.02204.x,PS,0.0
Row.165,control_10.1111/j.1467-9280.2008.02205.x,PS,0.0011703621339018094
Row.165,control_10.1111/j.1467-9280.2008.02206.x,PS,0.007791854101640867
Row.165,control_10.1111/j.1467-9280.2008.02207.x,PS,2.3742647805799156e-06
Row.165,control_10.1111/j.1467-9280.2008.02208.x,PS,1.105273568764254e-07
Row.165,control_10.1111/j.1467-9280.2008.02209.x,PS,0.0
Row.165,control_10.1111/j.1467-9280.2008.02210.x,PS,1.8908946317205727e-07
Row.165,control_10.1111/j.1467-9280.2008.02211.x,PS,1.0426774533076874e-22
Row.165,control_10.1111/j.1467-9280.2008.02212.x,PS,1.0276006640567622e-06
Row.165,control_10.1111/j.1467-9280.2008.02213.x,PS,1.7079508633819075e-07
Row.165,control_10.1111/j.1467-9280.2008.02214.x,PS,0.0
Row.165,control_10.1111/j.1467-9280.2008.02215.x,PS,2.3168351163538514e-07
Row.165,control_10.1111/j.1467-9280.2008.02216.x,PS,3.8162915676279506e-07
Row.165,control_10.1111/j.1467-9280.2008.02217.x,PS,0.020148883917447936
Row.165,control_10.1111/j.1467-9280.2008.02218.x,PS,9.201959577798436e-08
Row.165,control_10.1111/j.1467-9280.2008.02219.x,PS,0.020943288483386356
Row.165,control_10.1111/j.1467-9280.2008.02220.x,PS,3.859645027025869e-08
Row.165,control_10.1111/j.1467-9280.2008.02221.x,PS,4.2431470767031206e-07
Row.165,control_10.1111/j.1467-9280.2008.02222.x,PS,0.0012950431858966284
Row.165,control_10.1111/j.1467-9280.2008.02223.x,PS,3.7839967864053674e-07
Row.165,control_10.1111/j.1467-9280.2008.02224.x,PS,2.4317008732030733e-08
Row.165,control_10.1111/j.1467-9280.2008.02225.x,PS,0.0
Row.165,control_10.1111/j.1467-9280.2008.02226.x,PS,0.0022252860443400277
Row.165,control_10.1111/j.1467-9280.2008.02228.x,PS,1.5022581811468692e-07
Row.165,control_10.1111/j.1467-9280.2008.02229.x,PS,0.14184571518129838
Row.165,control_10.1111/j.1467-9280.2008.02230.x,PS,1.6037393942795916e-07
Row.165,control_10.1111/j.1467-9280.2008.02231.x,PS,1.287747853932173e-06
Row.165,control_10.1111/j.1467-9280.2008.02232.x,PS,0.07255258883972572
Row.165,control_10.1111/j.1467-9280.2008.02233.x,PS,9.914675432945802e-08
Row.165,control_10.1111/j.1467-9280.2008.02234.x,PS,0.11896095601283815
Row.165,control_10.1111/j.1467-9280.2008.02235.x,PS,8.056882038684748e-07
Row.165,control_10.1111/j.1467-9280.2008.02236.x,PS,3.556209564585824e-05
Row.165,control_10.1111/j.1467-9280.2008.02237.x,PS,3.459189477207348e-07
Row.165,control_10.1111/j.1467-9280.2008.02238.x,PS,4.576623321141935e-23
Row.165,control_10.1111/j.1467-9280.2008.02239.x,PS,3.188094331168758e-22
Row.165,control_10.1111/j.1467-9280.2008.02240.x,PS,3.0380382973165347e-05
Row.165,control_10.1111/j.1467-9280.2008.02241.x,PS,3.7241737474190725e-08
Row.167,control_10.1111/j.1467-9280.2008.02036.x,PS,0.11715030782580352
Row.167,control_10.1111/j.1467-9280.2008.02037.x,PS,0.0003401490542367649
Row.167,control_10.1111/j.1467-9280.2008.02038.x,PS,0.009553004358960615
Row.167,control_10.1111/j.1467-9280.2008.02047.x,PS,8.883400876825558e-05
Row.167,control_10.1111/j.1467-9280.2008.02048.x,PS,0.0002609117929002637
Row.167,control_10.1111/j.1467-9280.2008.02055.x,PS,0.0016485036674390636
Row.167,control_10.1111/j.1467-9280.2008.02058.x,PS,0.00025602356183871945
Row.167,control_10.1111/j.1467-9280.2008.02059.x,PS,0.003105224858372934
Row.167,control_10.1111/j.1467-9280.2008.02063.x,PS,0.0012101148088614734
Row.167,control_10.1111/j.1467-9280.2008.02065.x,PS,0.0008641167737806593
Row.167,control_10.1111/j.1467-9280.2008.02067.x,PS,0.0006501520382525278
Row.167,control_10.1111/j.1467-9280.2008.02068.x,PS,0.002517590978804696
Row.167,control_10.1111/j.1467-9280.2008.02071.x,PS,0.0007313378903636414
Row.167,control_10.1111/j.1467-9280.2008.02073.x,PS,0.0022430735048610062
Row.167,control_10.1111/j.1467-9280.2008.02074.x,PS,0.0006880728390508224
Row.167,control_10.1111/j.1467-9280.2008.02075.x,PS,0.0006386929869056936
Row.167,control_10.1111/j.1467-9280.2008.02079.x,PS,0.0010718963950197558
Row.167,control_10.1111/j.1467-9280.2008.02083.x,PS,1.3638632338479686e-06
Row.167,control_10.1111/j.1467-9280.2008.02086.x,PS,0.00366941199652085
Row.167,control_10.1111/j.1467-9280.2008.02087.x,PS,0.0003443367851189553
Row.167,control_10.1111/j.1467-9280.2008.02094.x,PS,0.001255663663270451
Row.167,control_10.1111/j.1467-9280.2008.02096.x,PS,1.2310246182703953e-19
Row.167,control_10.1111/j.1467-9280.2008.02099.x,PS,0.0015234251580005164
Row.167,control_10.1111/j.1467-9280.2008.02102.x,PS,0.0005717067291352381
Row.167,control_10.1111/j.1467-9280.2008.02103.x,PS,0.01217507581824173
Row.167,control_10.1111/j.1467-9280.2008.02104.x,PS,0.0013180050866146015
Row.167,control_10.1111/j.1467-9280.2008.02105.x,PS,0.0007057800280766052
Row.167,control_10.1111/j.1467-9280.2008.02106.x,PS,0.015113703634185295
Row.167,control_10.1111/j.1467-9280.2008.02107.x,PS,0.0018440761025369362
Row.167,control_10.1111/j.1467-9280.2008.02108.x,PS,4.177525358209089e-05
Row.167,control_10.1111/j.1467-9280.2008.02109.x,PS,5.179812432914899e-05
Row.167,control_10.1111/j.1467-9280.2008.02110.x,PS,0.0003360976726940879
Row.167,control_10.1111/j.1467-9280.2008.02111.x,PS,0.040649214524929436
Row.167,control_10.1111/j.1467-9280.2008.02112.x,PS,0.03752581147153136
Row.167,control_10.1111/j.1467-9280.2008.02113.x,PS,0.0031612754565234933
Row.167,control_10.1111/j.1467-9280.2008.02114.x,PS,0.0029790942024076833
Row.167,control_10.1111/j.1467-9280.2008.02115.x,PS,0.0007059647445366325
Row.167,control_10.1111/j.1467-9280.2008.02116.x,PS,0.009660609861802987
Row.167,control_10.1111/j.1467-9280.2008.02117.x,PS,0.0005065789233684998
Row.167,control_10.1111/j.1467-9280.2008.02118.x,PS,0.00032388920318569483
Row.167,control_10.1111/j.1467-9280.2008.02119.x,PS,0.016094474707558058
Row.167,control_10.1111/j.1467-9280.2008.02120.x,PS,0.00020730407322407026
Row.167,control_10.1111/j.1467-9280.2008.02121.x,PS,0.00020139662832254718
Row.167,control_10.1111/j.1467-9280.2008.02122.x,PS,0.0008465280702284068
Row.167,control_10.1111/j.1467-9280.2008.02123.x,PS,0.003509072099934466
Row.167,control_10.1111/j.1467-9280.2008.02125.x,PS,0.0030898355801561037
Row.167,control_10.1111/j.1467-9280.2008.02126.x,PS,0.05412842111444109
Row.167,control_10.1111/j.1467-9280.2008.02127.x,PS,0.00067611838982817
Row.167,control_10.1111/j.1467-9280.2008.02129.x,PS,0.0010091907203334657
Row.167,control_10.1111/j.1467-9280.2008.02130.x,PS,0.042553087390131715
Row.167,control_10.1111/j.1467-9280.2008.02131.x,PS,0.001277741540201865
Row.167,control_10.1111/j.1467-9280.2008.02132.x,PS,0.0015663120253922582
Row.167,control_10.1111/j.1467-9280.2008.02133.x,PS,0.0011063118984042245
Row.167,control_10.1111/j.1467-9280.2008.02134.x,PS,0.000320790282641307
Row.167,control_10.1111/j.1467-9280.2008.02135.x,PS,0.0006092005556148846
Row.167,control_10.1111/j.1467-9280.2008.02137.x,PS,0.001330121105646897
Row.167,control_10.1111/j.1467-9280.2008.02138.x,PS,0.0010216673664235926
Row.167,control_10.1111/j.1467-9280.2008.02139.x,PS,0.034028624388984706
Row.167,control_10.1111/j.1467-9280.2008.02140.x,PS,0.0005526668306609355
Row.167,control_10.1111/j.1467-9280.2008.02141.x,PS,0.0015655144704504124
Row.167,control_10.1111/j.1467-9280.2008.02142.x,PS,0.003439464445012776
Row.167,control_10.1111/j.1467-9280.2008.02143.x,PS,0.00035201386086091254
Row.167,control_10.1111/j.1467-9280.2008.02144.x,PS,0.0012423498642447556
Row.167,control_10.1111/j.1467-9280.2008.02145.x,PS,0.00016848881135483995
Row.167,control_10.1111/j.1467-9280.2008.02146.x,PS,0.00016010578589607103
Row.167,control_10.1111/j.1467-9280.2008.02147.x,PS,0.016082514135795065
Row.167,control_10.1111/j.1467-9280.2008.02148.x,PS,0.003604099425054688
Row.167,control_10.1111/j.1467-9280.2008.02149.x,PS,0.0007478947938087982
Row.167,control_10.1111/j.1467-9280.2008.02150.x,PS,0.0023536638194145225
Row.167,control_10.1111/j.1467-9280.2008.02151.x,PS,6.739248852715953e-05
Row.167,control_10.1111/j.1467-9280.2008.02152.x,PS,0.0013501012352239551
Row.167,control_10.1111/j.1467-9280.2008.02153.x,PS,0.0009105099192188602
Row.167,control_10.1111/j.1467-9280.2008.02154.x,PS,1.6477494552069702e-06
Row.167,control_10.1111/j.1467-9280.2008.02155.x,PS,0.000470409186299675
Row.167,control_10.1111/j.1467-9280.2008.02156.x,PS,2.831771298571326e-06
Row.167,control_10.1111/j.1467-9280.2008.02158.x,PS,0.002663492344168466
Row.167,control_10.1111/j.1467-9280.2008.02160.x,PS,0.0011719540993979224
Row.167,control_10.1111/j.1467-9280.2008.02161.x,PS,0.00203173014017059
Row.167,control_10.1111/j.1467-9280.2008.02162.x,PS,0.005932464019185062
Row.167,control_10.1111/j.1467-9280.2008.02163.x,PS,4.0239843812346363e-05
Row.167,control_10.1111/j.1467-9280.2008.02164.x,PS,0.0007311778244258258
Row.167,control_10.1111/j.1467-9280.2008.02165.x,PS,4.673299964883454e-05
Row.167,control_10.1111/j.1467-9280.2008.02166.x,PS,0.0012517443501942097
Row.167,control_10.1111/j.1467-9280.2008.02167.x,PS,0.02190508119285282
Row.167,control_10.1111/j.1467-9280.2008.02168.x,PS,7.587852313862999e-06
Row.167,control_10.1111/j.1467-9280.2008.02169.x,PS,0.025347007732769454
Row.167,control_10.1111/j.1467-9280.2008.02170.x,PS,0.0024941545787168836
Row.167,control_10.1111/j.1467-9280.2008.02171.x,PS,0.0004792262677871711
Row.167,control_10.1111/j.1467-9280.2008.02173.x,PS,0.00035601950626271427
Row.167,control_10.1111/j.1467-9280.2008.02174.x,PS,9.174426276122383e-05
Row.167,control_10.1111/j.1467-9280.2008.02175.x,PS,0.004387885682322431
Row.167,control_10.1111/j.1467-9280.2008.02176.x,PS,0.003118157712076631
Row.167,control_10.1111/j.1467-9280.2008.02177.x,PS,0.0006059484222058196
Row.167,control_10.1111/j.1467-9280.2008.02178.x,PS,9.122494904642785e-05
Row.167,control_10.1111/j.1467-9280.2008.02179.x,PS,0.03720122955599781
Row.167,control_10.1111/j.1467-9280.2008.02180.x,PS,0.0036019870514721036
Row.167,control_10.1111/j.1467-9280.2008.02182.x,PS,7.469739427380121e-07
Row.167,control_10.1111/j.1467-9280.2008.02183.x,PS,0.0023930574948002495
Row.167,control_10.1111/j.1467-9280.2008.02184.x,PS,0.0009749392425836526
Row.167,control_10.1111/j.1467-9280.2008.02185.x,PS,0.002409060585426995
Row.167,control_10.1111/j.1467-9280.2008.02186.x,PS,0.0024556036806590966
Row.167,control_10.1111/j.1467-9280.2008.02188.x,PS,0.000633237833739664
Row.167,control_10.1111/j.1467-9280.2008.02189.x,PS,0.0008362117567503956
Row.167,control_10.1111/j.1467-9280.2008.02190.x,PS,0.0003377350699914239
Row.167,control_10.1111/j.1467-9280.2008.02191.x,PS,0.00010204534130638307
Row.167,control_10.1111/j.1467-9280.2008.02192.x,PS,0.0002899461073063006
Row.167,control_10.1111/j.1467-9280.2008.02193.x,PS,0.04978028914810903
Row.167,control_10.1111/j.1467-9280.2008.02194.x,PS,0.022659061948019206
Row.167,control_10.1111/j.1467-9280.2008.02195.x,PS,0.0005300734359932225
Row.167,control_10.1111/j.1467-9280.2008.02196.x,PS,0.00024300204724651744
Row.167,control_10.1111/j.1467-9280.2008.02197.x,PS,0.0006172081422594708
Row.167,control_10.1111/j.1467-9280.2008.02198.x,PS,0.001266405092318925
Row.167,control_10.1111/j.1467-9280.2008.02200.x,PS,0.001433247128915675
Row.167,control_10.1111/j.1467-9280.2008.02201.x,PS,0.001140448348107104
Row.167,control_10.1111/j.1467-9280.2008.02202.x,PS,0.0015251006811438483
Row.167,control_10.1111/j.1467-9280.2008.02203.x,PS,0.07136326872346149
Row.167,control_10.1111/j.1467-9280.2008.02204.x,PS,0.00011944611643449836
Row.167,control_10.1111/j.1467-9280.2008.02205.x,PS,1.4608481913654503e-05
Row.167,control_10.1111/j.1467-9280.2008.02206.x,PS,0.0012160740850977467
Row.167,control_10.1111/j.1467-9280.2008.02207.x,PS,5.145960653895508e-06
Row.167,control_10.1111/j.1467-9280.2008.02208.x,PS,0.0018760353851110473
Row.167,control_10.1111/j.1467-9280.2008.02209.x,PS,0.013531984458802463
Row.167,control_10.1111/j.1467-9280.2008.02210.x,PS,0.002640395268793178
Row.167,control_10.1111/j.1467-9280.2008.02211.x,PS,1.6416842400647462e-06
Row.167,control_10.1111/j.1467-9280.2008.02212.x,PS,0.0010113075657994558
Row.167,control_10.1111/j.1467-9280.2008.02213.x,PS,4.638229662781164e-06
Row.167,control_10.1111/j.1467-9280.2008.02214.x,PS,0.003960458084829954
Row.167,control_10.1111/j.1467-9280.2008.02215.x,PS,0.0017417765167264852
Row.167,control_10.1111/j.1467-9280.2008.02216.x,PS,0.03665479640525101
Row.167,control_10.1111/j.1467-9280.2008.02217.x,PS,0.001457025325544921
Row.167,control_10.1111/j.1467-9280.2008.02218.x,PS,5.337562424022102e-07
Row.167,control_10.1111/j.1467-9280.2008.02219.x,PS,0.00025957671769182266
Row.167,control_10.1111/j.1467-9280.2008.02220.x,PS,0.0009267474480357866
Row.167,control_10.1111/j.1467-9280.2008.02221.x,PS,0.0020389286780863173
Row.167,control_10.1111/j.1467-9280.2008.02222.x,PS,0.00025040726758990636
Row.167,control_10.1111/j.1467-9280.2008.02223.x,PS,0.0022318270320068638
Row.167,control_10.1111/j.1467-9280.2008.02224.x,PS,0.022587385332736507
Row.167,control_10.1111/j.1467-9280.2008.02225.x,PS,0.031010046084294644
Row.167,control_10.1111/j.1467-9280.2008.02226.x,PS,0.0007772145954534282
Row.167,control_10.1111/j.1467-9280.2008.02228.x,PS,2.8494702248157196e-05
Row.167,control_10.1111/j.1467-9280.2008.02229.x,PS,0.0013490611910288227
Row.167,control_10.1111/j.1467-9280.2008.02230.x,PS,0.014121728478514924
Row.167,control_10.1111/j.1467-9280.2008.02231.x,PS,0.00012084721374952697
Row.167,control_10.1111/j.1467-9280.2008.02232.x,PS,0.0002441096663990695
Row.167,control_10.1111/j.1467-9280.2008.02233.x,PS,1.1347137062611818e-05
Row.167,control_10.1111/j.1467-9280.2008.02234.x,PS,0.0006793629951403827
Row.167,control_10.1111/j.1467-9280.2008.02235.x,PS,4.0237345856739625e-05
Row.167,control_10.1111/j.1467-9280.2008.02236.x,PS,5.24802282465115e-05
Row.167,control_10.1111/j.1467-9280.2008.02237.x,PS,0.09237822122454963
Row.167,control_10.1111/j.1467-9280.2008.02238.x,PS,0.0018163561059633955
Row.167,control_10.1111/j.1467-9280.2008.02239.x,PS,0.0003526691198408054
Row.167,control_10.1111/j.1467-9280.2008.02240.x,PS,0.015135445430915167
Row.167,control_10.1111/j.1467-9280.2008.02241.x,PS,0.0006736273317238331
