"article_id","flag","journal","cohort","stratum","before","after","change","weight","computation_weight","outcome_weight","leverage","variance_share","source","design"
1,1,"Nature Neuroscience",2010,"Nature Neuroscience / 2010",1,35,34,1,2.4,0.0131578947368421,0.0888157894736838,0.0075849697746998,"wos","journal_year"
2,1,"Nature Neuroscience",2010,"Nature Neuroscience / 2010",1,20.75,19.75,1,2.4,0.0131578947368421,0.0888157894736839,2.94730943777386e-05,"wos","journal_year"
3,1,"Nature Neuroscience",2010,"Nature Neuroscience / 2010",2,41.25,39.25,1,2.4,0.0131578947368421,0.0888157894736844,0.0146841768259255,"wos","journal_year"
4,0,"Nature Neuroscience",2010,"Nature Neuroscience / 2010",0,13.5,13.5,1.4,2.4,-0.0184210526315789,0.0940789473684218,0.0035091488232084,"wos","journal_year"
5,0,"Nature Neuroscience",2010,"Nature Neuroscience / 2010",0,10.75,10.75,1.4,2.4,-0.0184210526315789,0.0940789473684207,0.0071200011987134,"wos","journal_year"
6,1,"Nature Neuroscience",2010,"Nature Neuroscience / 2010",2,22.25,20.25,1,2.4,0.0131578947368421,0.088815789473685,4.76363103018759e-06,"wos","journal_year"
7,1,"Nature Neuroscience",2010,"Nature Neuroscience / 2010",5,14.75,9.75,1,2.4,0.0131578947368421,0.0888157894736844,0.00494992185990041,"wos","journal_year"
8,0,"Nature Neuroscience",2010,"Nature Neuroscience / 2010",0,18.75,18.75,1.4,2.4,-0.0184210526315789,0.0940789473684212,0.000126329668354853,"wos","journal_year"
9,0,"Nature Neuroscience",2010,"Nature Neuroscience / 2010",18,80.5,62.5,1.4,2.4,-0.0184210526315789,0.0940789473684211,0.151124386893927,"wos","journal_year"
10,0,"Nature Neuroscience",2010,"Nature Neuroscience / 2010",0,6.25,6.25,1.4,2.4,-0.0184210526315789,0.0940789473684212,0.015755673071987,"wos","journal_year"
11,1,"Nature Neuroscience",2010,"Nature Neuroscience / 2010",12,20.25,8.25,1,2.4,0.0131578947368421,0.0888157894736844,0.00641516037806564,"wos","journal_year"
12,1,"Nature Neuroscience",2010,"Nature Neuroscience / 2010",3,4,1,1,2.4,0.0131578947368421,0.0888157894736844,0.0161713449962509,"wos","journal_year"
13,1,"Nature Neuroscience",2009,"Nature Neuroscience / 2009",42,83.75,41.75,1,1.58333333333333,0.0131578947368421,0.0609418282548477,0.0339835145723053,"wos","journal_year"
14,0,"Nature Neuroscience",2009,"Nature Neuroscience / 2009",14,50.75,36.75,0.583333333333333,1.58333333333333,-0.00767543859649123,0.0554593721144968,0.00825551237992133,"wos","journal_year"
15,1,"Nature Neuroscience",2009,"Nature Neuroscience / 2009",6,30.25,24.25,1,1.58333333333333,0.0131578947368421,0.0609418282548477,0.00549035973106762,"wos","journal_year"
16,0,"Nature Neuroscience",2009,"Nature Neuroscience / 2009",5,4,-1,0.583333333333333,1.58333333333333,-0.00767543859649123,0.0554593721144968,0.00221513089466429,"wos","journal_year"
17,0,"Nature Neuroscience",2009,"Nature Neuroscience / 2009",32,74.5,42.5,0.583333333333333,1.58333333333333,-0.00767543859649123,0.0554593721144968,0.012514516114302,"wos","journal_year"
18,1,"Nature Neuroscience",2009,"Nature Neuroscience / 2009",2,3.75,1.75,1,1.58333333333333,0.0131578947368421,0.0609418282548477,0.00457679784022356,"wos","journal_year"
19,0,"Nature Neuroscience",2009,"Nature Neuroscience / 2009",5,13,8,0.583333333333333,1.58333333333333,-0.00767543859649123,0.0554593721144968,0.000201140161321419,"wos","journal_year"
20,0,"Nature Neuroscience",2009,"Nature Neuroscience / 2009",10,22.25,12.25,0.583333333333333,1.58333333333333,-0.00767543859649123,0.0554593721144968,1.81062342806061e-06,"wos","journal_year"
21,0,"Nature Neuroscience",2009,"Nature Neuroscience / 2009",3,13.25,10.25,0.583333333333333,1.58333333333333,-0.00767543859649123,0.0554593721144968,3.55417731078034e-05,"wos","journal_year"
22,1,"Nature Neuroscience",2009,"Nature Neuroscience / 2009",10,14.75,4.75,1,1.58333333333333,0.0131578947368421,0.0609418282548477,0.00237677396065182,"wos","journal_year"
24,1,"Nature Neuroscience",2009,"Nature Neuroscience / 2009",12,10,-2,1,1.58333333333333,0.0131578947368421,0.0609418282548477,0.00833146659282086,"wos","journal_year"
26,0,"Nature Neuroscience",2009,"Nature Neuroscience / 2009",13,25.5,12.5,0.583333333333333,1.58333333333333,-0.00767543859649123,0.0554593721144968,5.10310294302838e-06,"wos","journal_year"
27,0,"Nature Neuroscience",2009,"Nature Neuroscience / 2009",5,12.25,7.25,0.583333333333333,1.58333333333333,-0.00767543859649123,0.0554593721144968,0.000286375116959034,"wos","journal_year"
28,1,"Nature Neuroscience",2009,"Nature Neuroscience / 2009",20,37.5,17.5,1,1.58333333333333,0.0131578947368421,0.0609418282548477,0.000996807770657392,"wos","journal_year"
29,0,"Nature Neuroscience",2009,"Nature Neuroscience / 2009",33,45,12,0.583333333333333,1.58333333333333,-0.00767543859649123,0.0554593721144968,1.86782407522993e-07,"wos","journal_year"
30,0,"Nature Neuroscience",2009,"Nature Neuroscience / 2009",6,8,2,0.583333333333333,1.58333333333333,-0.00767543859649123,0.0554593721144968,0.00130351670701873,"wos","journal_year"
31,1,"Nature Neuroscience",2009,"Nature Neuroscience / 2009",8,9.5,1.5,1,1.58333333333333,0.0131578947368421,0.0609418282548477,0.00479238083201682,"wos","journal_year"
32,0,"Nature Neuroscience",2009,"Nature Neuroscience / 2009",5,6,1,0.583333333333333,1.58333333333333,-0.00767543859649123,0.0554593721144968,0.0015806898869897,"wos","journal_year"
33,0,"Nature Neuroscience",2009,"Nature Neuroscience / 2009",20,17,-3,0.583333333333333,1.58333333333333,-0.00767543859649123,0.0554593721144968,0.00295636476598241,"wos","journal_year"
34,0,"Nature",2010,"Nature / 2010",18,57.5,39.5,3,4,-0.0394736842105263,0.279605263157894,0.192960453876767,"wos","journal_year"
35,1,"Nature",2010,"Nature / 2010",5,19.5,14.5,1,4,0.0131578947368421,0.25328947368421,0.00379616954968977,"wos","journal_year"
36,1,"Nature",2010,"Nature / 2010",6,14.5,8.5,1,4,0.0131578947368421,0.25328947368421,0.0119136688559739,"wos","journal_year"
37,1,"Nature",2010,"Nature / 2010",2,28,26,1,4,0.0131578947368421,0.25328947368421,0.000870186763596531,"wos","journal_year"
38,0,"Science",2010,"Science / 2010",0,9.75,9.75,0.666666666666667,1.66666666666667,-0.0087719298245614,0.203508771929825,0.00589640191478536,"wos","journal_year"
39,0,"Science",2010,"Science / 2010",6,64.75,58.75,0.666666666666667,1.66666666666667,-0.0087719298245614,0.203508771929825,0.0275052811121476,"wos","journal_year"
40,1,"Science",2010,"Science / 2010",0,18,18,1,1.66666666666667,0.0131578947368421,0.207894736842105,0.00344975964078032,"wos","journal_year"
41,0,"Science",2010,"Science / 2010",1,13,12,0.666666666666667,1.66666666666667,-0.0087719298245614,0.203508771929825,0.00430947876797644,"wos","journal_year"
42,1,"Science",2010,"Science / 2010",17,46,29,1,1.66666666666667,0.0131578947368421,0.207894736842105,0.000548563604652031,"wos","journal_year"
43,1,"Neuron",2010,"Neuron / 2010",6,14.75,8.75,1,2.66666666666667,0.0131578947368421,0.0674342105263157,0.000923378787396822,"wos","journal_year"
44,1,"Neuron",2010,"Neuron / 2010",12,19,7,1,2.66666666666667,0.0131578947368421,0.0674342105263157,0.00172132253345468,"wos","journal_year"
45,0,"Neuron",2010,"Neuron / 2010",5,6,1,1.66666666666667,2.66666666666667,-0.0219298245614035,0.0762061403508771,0.0162227909215551,"wos","journal_year"
46,0,"Neuron",2010,"Neuron / 2010",1,14.75,13.75,1.66666666666667,2.66666666666667,-0.0219298245614035,0.0762061403508771,7.59930733894245e-05,"wos","journal_year"
47,0,"Neuron",2010,"Neuron / 2010",8,22,14,1.66666666666667,2.66666666666667,-0.0219298245614035,0.0762061403508771,0.000129635437925483,"wos","journal_year"
48,1,"Neuron",2010,"Neuron / 2010",3,34.5,31.5,1,2.66666666666667,0.0131578947368421,0.0674342105263157,0.0129811015323102,"wos","journal_year"
49,1,"Neuron",2010,"Neuron / 2010",0,4,4,1,2.66666666666667,0.0131578947368421,0.0674342105263157,0.00366270289215486,"wos","journal_year"
50,0,"Neuron",2010,"Neuron / 2010",4,42,38,1.66666666666667,2.66666666666667,-0.0219298245614035,0.0762061403508771,0.0715818605739102,"wos","journal_year"
51,1,"Neuron",2010,"Neuron / 2010",3,16.5,13.5,1,2.66666666666667,0.0131578947368421,0.0674342105263157,6.45303991037137e-08,"wos","journal_year"
52,1,"Neuron",2010,"Neuron / 2010",5,12.5,7.5,1,2.66666666666667,0.0131578947368421,0.0674342105263157,0.00146818611504337,"wos","journal_year"
53,1,"Neuron",2010,"Neuron / 2010",1,10.75,9.75,1,2.66666666666667,0.0131578947368421,0.0674342105263157,0.000578081892757941,"wos","journal_year"
54,0,"Neuron",2010,"Neuron / 2010",0,7.25,7.25,1.66666666666667,2.66666666666667,-0.0219298245614035,0.0762061403508771,0.00367961588826196,"wos","journal_year"
55,1,"Neuron",2010,"Neuron / 2010",2,18,16,1,2.66666666666667,0.0131578947368421,0.0674342105263157,0.000243531896315112,"wos","journal_year"
56,1,"Neuron",2010,"Neuron / 2010",2,21,19,1,2.66666666666667,0.0131578947368421,0.0674342105263157,0.00119971849692225,"wos","journal_year"
57,1,"Neuron",2010,"Neuron / 2010",2,18.75,16.75,1,2.66666666666667,0.0131578947368421,0.0674342105263157,0.000414666820858131,"wos","journal_year"
58,0,"Neuron",2010,"Neuron / 2010",0,5.25,5.25,1.66666666666667,2.66666666666667,-0.0219298245614035,0.0762061403508771,0.00672509556868475,"wos","journal_year"
59,1,"Journal of Neuroscience",2010,"Journal of Neuroscience / 2010",1,6.25,5.25,1,1.66666666666667,0.0131578947368421,0.0478947368421052,0.000374409299666124,"wos","journal_year"
60,0,"Journal of Neuroscience",2010,"Journal of Neuroscience / 2010",11,11.75,0.75,0.666666666666667,1.66666666666667,-0.0087719298245614,0.0435087719298245,0.000834863067571119,"wos","journal_year"
61,0,"Journal of Neuroscience",2010,"Journal of Neuroscience / 2010",3,16,13,0.666666666666667,1.66666666666667,-0.0087719298245614,0.0435087719298245,0.0004673342553687,"wos","journal_year"
62,0,"Journal of Neuroscience",2010,"Journal of Neuroscience / 2010",0,12.5,12.5,0.666666666666667,1.66666666666667,-0.0087719298245614,0.0435087719298245,0.000382445132298419,"wos","journal_year"
63,0,"Journal of Neuroscience",2010,"Journal of Neuroscience / 2010",3,11.25,8.25,0.666666666666667,1.66666666666667,-0.0087719298245614,0.0435087719298245,4.12765643900099e-06,"wos","journal_year"
64,1,"Journal of Neuroscience",2010,"Journal of Neuroscience / 2010",3,22.25,19.25,1,1.66666666666667,0.0131578947368421,0.0478947368421052,0.0045753162940035,"wos","journal_year"
65,0,"Journal of Neuroscience",2010,"Journal of Neuroscience / 2010",0,6.25,6.25,0.666666666666667,1.66666666666667,-0.0087719298245614,0.0435087719298245,3.86284543243356e-05,"wos","journal_year"
66,0,"Journal of Neuroscience",2010,"Journal of Neuroscience / 2010",1,8,7,0.666666666666667,1.66666666666667,-0.0087719298245614,0.0435087719298245,9.75071377501438e-06,"wos","journal_year"
67,1,"Journal of Neuroscience",2010,"Journal of Neuroscience / 2010",1,3.5,2.5,1,1.66666666666667,0.0131578947368421,0.0478947368421052,0.00132766417523615,"wos","journal_year"
68,0,"Journal of Neuroscience",2010,"Journal of Neuroscience / 2010",0,3,3,0.666666666666667,1.66666666666667,-0.0087719298245614,0.0435087719298245,0.000384799183318242,"wos","journal_year"
69,1,"Journal of Neuroscience",2010,"Journal of Neuroscience / 2010",3,6.5,3.5,1,1.66666666666667,0.0131578947368421,0.0478947368421052,0.000913460061752322,"wos","journal_year"
70,0,"Journal of Neuroscience",2010,"Journal of Neuroscience / 2010",0,5,5,0.666666666666667,1.66666666666667,-0.0087719298245614,0.0435087719298245,0.000129264532152726,"wos","journal_year"
71,0,"Journal of Neuroscience",2010,"Journal of Neuroscience / 2010",2,12.25,10.25,0.666666666666667,1.66666666666667,-0.0087719298245614,0.0435087719298245,0.00010564769134147,"wos","journal_year"
72,1,"Journal of Neuroscience",2010,"Journal of Neuroscience / 2010",1,3.75,2.75,1,1.66666666666667,0.0131578947368421,0.0478947368421052,0.0012168739350531,"wos","journal_year"
73,1,"Journal of Neuroscience",2010,"Journal of Neuroscience / 2010",0,4,4,1,1.66666666666667,0.0131578947368421,0.0478947368421052,0.000735314852258796,"wos","journal_year"
74,1,"Journal of Neuroscience",2010,"Journal of Neuroscience / 2010",0,8.25,8.25,1,1.66666666666667,0.0131578947368421,0.0478947368421052,5.0237666635877e-07,"wos","journal_year"
75,0,"Journal of Neuroscience",2010,"Journal of Neuroscience / 2010",0,3,3,0.666666666666667,1.66666666666667,-0.0087719298245614,0.0435087719298245,0.000384799183318242,"wos","journal_year"
76,1,"Journal of Neuroscience",2010,"Journal of Neuroscience / 2010",1,12.75,11.75,1,1.66666666666667,0.0131578947368421,0.0478947368421052,0.000442635333034493,"wos","journal_year"
77,1,"Journal of Neuroscience",2010,"Journal of Neuroscience / 2010",0,18,18,1,1.66666666666667,0.0131578947368421,0.0478947368421052,0.00358490230833793,"wos","journal_year"
78,0,"Journal of Neuroscience",2010,"Journal of Neuroscience / 2010",0,8.5,8.5,0.666666666666667,1.66666666666667,-0.0087719298245614,0.0435087719298245,9.37902150872658e-06,"wos","journal_year"
79,0,"Journal of Neuroscience",2010,"Journal of Neuroscience / 2010",1,4.75,3.75,0.666666666666667,1.66666666666667,-0.0087719298245614,0.0435087719298245,0.000273033747788853,"wos","journal_year"
80,0,"Journal of Neuroscience",2010,"Journal of Neuroscience / 2010",0,4.5,4.5,0.666666666666667,1.66666666666667,-0.0087719298245614,0.0435087719298245,0.000180396241870249,"wos","journal_year"
81,0,"Journal of Neuroscience",2010,"Journal of Neuroscience / 2010",0,2.5,2.5,0.666666666666667,1.66666666666667,-0.0087719298245614,0.0435087719298245,0.000469936101232715,"wos","journal_year"
82,1,"Journal of Neuroscience",2010,"Journal of Neuroscience / 2010",0,18,18,1,1.66666666666667,0.0131578947368421,0.0478947368421052,0.00358490230833793,"wos","journal_year"
83,0,"Journal of Neuroscience",2010,"Journal of Neuroscience / 2010",0,18.5,18.5,0.666666666666667,1.66666666666667,-0.0087719298245614,0.0435087719298245,0.00196220054439148,"wos","journal_year"
84,1,"Nature",2009,"Nature / 2009",21,62.25,41.25,1,3,0.0131578947368421,0.171052631578948,0.0226534690103811,"wos","journal_year"
85,1,"Nature",2009,"Nature / 2009",23,58.75,35.75,1,3,0.0131578947368421,0.171052631578948,0.0123784182771488,"wos","journal_year"
86,1,"Nature",2009,"Nature / 2009",11,17.25,6.25,1,3,0.0131578947368421,0.171052631578948,0.00985592504446368,"wos","journal_year"
87,0,"Nature",2009,"Nature / 2009",4,10,6,2,3,-0.0263157894736842,0.18421052631579,0.0386444054899393,"wos","journal_year"
88,0,"Nature",2009,"Nature / 2009",9,20.25,11.25,2,3,-0.0263157894736842,0.18421052631579,0.0145050328310425,"wos","journal_year"
89,1,"Nature",2009,"Nature / 2009",18,37.25,19.25,1,3,0.0131578947368421,0.171052631578948,4.22333744385315e-05,"wos","journal_year"
90,0,"Science",2009,"Science / 2009",5,23.75,18.75,1.33333333333333,2.33333333333333,-0.0175438596491228,0.0814536340852131,0.0014746432280477,"wos","journal_year"
91,1,"Science",2009,"Science / 2009",19,27.25,8.25,1,2.33333333333333,0.0131578947368421,0.0770676691729324,0.00180887510455111,"wos","journal_year"
92,0,"Science",2009,"Science / 2009",3,10.75,7.75,1.33333333333333,2.33333333333333,-0.0175438596491228,0.0814536340852131,0.00314290373971953,"wos","journal_year"
93,1,"Science",2009,"Science / 2009",26,42.25,16.25,1,2.33333333333333,0.0131578947368421,0.0770676691729324,7.65515369707684e-05,"wos","journal_year"
94,0,"Science",2009,"Science / 2009",13,18,5,1.33333333333333,2.33333333333333,-0.0175438596491228,0.0814536340852131,0.00634846882520626,"wos","journal_year"
96,1,"Science",2009,"Science / 2009",8,23.75,15.75,1,2.33333333333333,0.0131578947368421,0.0770676691729324,3.07399073033832e-05,"wos","journal_year"
97,1,"Science",2009,"Science / 2009",50,71.25,21.25,1,2.33333333333333,0.0131578947368421,0.0770676691729324,0.00166460141967977,"wos","journal_year"
98,0,"Science",2009,"Science / 2009",24,58,34,1.33333333333333,2.33333333333333,-0.0175438596491228,0.0814536340852131,0.0286830543422018,"wos","journal_year"
99,1,"Science",2009,"Science / 2009",9,14.25,5.25,1,2.33333333333333,0.0131578947368421,0.0770676691729324,0.00381441674563592,"wos","journal_year"
100,1,"Science",2009,"Science / 2009",44,94.25,50.25,1,2.33333333333333,0.0131578947368421,0.0770676691729324,0.0513885458605067,"wos","journal_year"
101,1,"Science",2009,"Science / 2009",75,86.25,11.25,1,2.33333333333333,0.0131578947368421,0.0770676691729324,0.000542926356143857,"wos","journal_year"
102,1,"Science",2009,"Science / 2009",12,11.5,-0.5,1,2.33333333333333,0.0131578947368421,0.0770676691729324,0.00972563641398399,"wos","journal_year"
103,0,"Science",2009,"Science / 2009",14,23.75,9.75,1.33333333333333,2.33333333333333,-0.0175438596491228,0.0814536340852131,0.00151216548506878,"wos","journal_year"
104,0,"Science",2009,"Science / 2009",7,8.75,1.75,1.33333333333333,2.33333333333333,-0.0175438596491228,0.0814536340852131,0.0115749002679905,"wos","journal_year"
105,1,"Neuron",2009,"Neuron / 2009",3,11.5,8.5,1,1.71428571428571,0.0131578947368421,0.0910087719298245,0.000218388965205874,"wos","journal_year"
106,0,"Neuron",2009,"Neuron / 2009",2,10.75,8.75,0.714285714285714,1.71428571428571,-0.0093984962406015,0.0872493734335839,4.28450333037638e-05,"wos","journal_year"
107,0,"Neuron",2009,"Neuron / 2009",2,4.75,2.75,0.714285714285714,1.71428571428571,-0.0093984962406015,0.0872493734335839,0.00117811064550573,"wos","journal_year"
108,1,"Neuron",2009,"Neuron / 2009",12,25.25,13.25,1,1.71428571428571,0.0131578947368421,0.0910087719298245,0.000260390799464508,"wos","journal_year"
109,1,"Neuron",2009,"Neuron / 2009",12,21.75,9.75,1,1.71428571428571,0.0131578947368421,0.0910087719298245,4.41236476683859e-05,"wos","journal_year"
110,1,"Neuron",2009,"Neuron / 2009",2,14.25,12.25,1,1.71428571428571,0.0131578947368421,0.0910087719298245,9.27039379135724e-05,"wos","journal_year"
111,0,"Neuron",2009,"Neuron / 2009",3,11.5,8.5,0.714285714285714,1.71428571428571,-0.0093984962406015,0.0872493734335839,5.93366499360581e-05,"wos","journal_year"
112,0,"Neuron",2009,"Neuron / 2009",17,39,22,0.714285714285714,1.71428571428571,-0.0093984962406015,0.0872493734335839,0.00300276402368166,"wos","journal_year"
113,0,"Neuron",2009,"Neuron / 2009",15,16.25,1.25,0.714285714285714,1.71428571428571,-0.0093984962406015,0.0872493734335839,0.001703057531065,"wos","journal_year"
114,0,"Neuron",2009,"Neuron / 2009",1,3,2,0.714285714285714,1.71428571428571,-0.0093984962406015,0.0872493734335839,0.00142852756415992,"wos","journal_year"
115,1,"Neuron",2009,"Neuron / 2009",22,35.5,13.5,1,1.71428571428571,0.0131578947368421,0.0910087719298245,0.000315549545696247,"wos","journal_year"
116,0,"Neuron",2009,"Neuron / 2009",6,28.5,22.5,0.714285714285714,1.71428571428571,-0.0093984962406015,0.0872493734335839,0.00326181659701103,"wos","journal_year"
117,0,"Journal of Neuroscience",2009,"Journal of Neuroscience / 2009",4,8.75,4.75,1,2,-0.0131578947368421,0.0315789473684211,0.000102792152862311,"wos","journal_year"
118,0,"Journal of Neuroscience",2009,"Journal of Neuroscience / 2009",0,4,4,1,2,-0.0131578947368421,0.0315789473684211,3.08796117279333e-05,"wos","journal_year"
119,0,"Journal of Neuroscience",2009,"Journal of Neuroscience / 2009",15,24.5,9.5,1,2,-0.0131578947368421,0.0315789473684211,0.00153320049269708,"wos","journal_year"
120,0,"Journal of Neuroscience",2009,"Journal of Neuroscience / 2009",4,4,0,1,2,-0.0131578947368421,0.0315789473684211,0.000356409510635763,"wos","journal_year"
121,0,"Journal of Neuroscience",2009,"Journal of Neuroscience / 2009",4,13.5,9.5,1,2,-0.0131578947368421,0.0315789473684211,0.00153320049269708,"wos","journal_year"
122,1,"Journal of Neuroscience",2009,"Journal of Neuroscience / 2009",0,2.5,2.5,1,2,0.0131578947368421,0.0315789473684211,5.34838078908561e-05,"wos","journal_year"
123,1,"Journal of Neuroscience",2009,"Journal of Neuroscience / 2009",3,5.5,2.5,1,2,0.0131578947368421,0.0315789473684211,5.34838078908561e-05,"wos","journal_year"
125,1,"Journal of Neuroscience",2009,"Journal of Neuroscience / 2009",17,19,2,1,2,0.0131578947368421,0.0315789473684211,0.000107489860448283,"wos","journal_year"
126,1,"Journal of Neuroscience",2009,"Journal of Neuroscience / 2009",9,28.25,19.25,1,2,0.0131578947368421,0.0315789473684211,0.0090271768921518,"wos","journal_year"
127,1,"Journal of Neuroscience",2009,"Journal of Neuroscience / 2009",0,2,2,1,2,0.0131578947368421,0.0315789473684211,0.000107489860448283,"wos","journal_year"
128,1,"Journal of Neuroscience",2009,"Journal of Neuroscience / 2009",1,2.75,1.75,1,2,0.0131578947368421,0.0315789473684211,0.00014149022342066,"wos","journal_year"
129,0,"Journal of Neuroscience",2009,"Journal of Neuroscience / 2009",1,3.25,2.25,1,2,-0.0131578947368421,0.0315789473684211,2.63548719331864e-05,"wos","journal_year"
130,0,"Journal of Neuroscience",2009,"Journal of Neuroscience / 2009",7,2.25,-4.75,1,2,-0.0131578947368421,0.0315789473684211,0.00229405256601743,"wos","journal_year"
131,0,"Journal of Neuroscience",2009,"Journal of Neuroscience / 2009",11,13,2,1,2,-0.0131578947368421,0.0315789473684211,4.43680450503713e-05,"wos","journal_year"
132,0,"Journal of Neuroscience",2009,"Journal of Neuroscience / 2009",4,4.75,0.75,1,2,-0.0131578947368421,0.0315789473684211,0.000204407277572926,"wos","journal_year"
133,1,"Journal of Neuroscience",2009,"Journal of Neuroscience / 2009",5,7.25,2.25,1,2,0.0131578947368421,0.0315789473684211,7.81543886050154e-05,"wos","journal_year"
134,1,"Journal of Neuroscience",2009,"Journal of Neuroscience / 2009",2,2.5,0.5,1,2,0.0131578947368421,0.0315789473684211,0.000381465405219174,"wos","journal_year"
135,0,"Journal of Neuroscience",2009,"Journal of Neuroscience / 2009",4,10.5,6.5,1,2,-0.0131578947368421,0.0315789473684211,0.000433859271694663,"wos","journal_year"
136,0,"Journal of Neuroscience",2009,"Journal of Neuroscience / 2009",1,8.25,7.25,1,2,-0.0131578947368421,0.0315789473684211,0.000645718546702301,"wos","journal_year"
137,0,"Journal of Neuroscience",2009,"Journal of Neuroscience / 2009",14,17.25,3.25,1,2,-0.0131578947368421,0.0315789473684211,9.51090755532786e-07,"wos","journal_year"
138,0,"Journal of Neuroscience",2009,"Journal of Neuroscience / 2009",6,4.75,-1.25,1,2,-0.0131578947368421,0.0315789473684211,0.000703044388322663,"wos","journal_year"
139,1,"Journal of Neuroscience",2009,"Journal of Neuroscience / 2009",3,12.5,9.5,1,2,0.0131578947368421,0.0315789473684211,0.00125665334631253,"wos","journal_year"
140,0,"Journal of Neuroscience",2009,"Journal of Neuroscience / 2009",6,19,13,1,2,-0.0131578947368421,0.0315789473684211,0.00366477543603101,"wos","journal_year"
141,0,"Journal of Neuroscience",2009,"Journal of Neuroscience / 2009",4,4.25,0.25,1,2,-0.0131578947368421,0.0315789473684211,0.000301077208485709,"wos","journal_year"
142,0,"Journal of Neuroscience",2009,"Journal of Neuroscience / 2009",15,11.75,-3.25,1,2,-0.0131578947368421,0.0315789473684211,0.00150023453133535,"wos","journal_year"
143,1,"Journal of Neuroscience",2009,"Journal of Neuroscience / 2009",6,5,-1,1,2,0.0131578947368421,0.0315789473684211,0.000823377030637979,"wos","journal_year"
144,1,"Journal of Neuroscience",2009,"Journal of Neuroscience / 2009",3,6.25,3.25,1,2,0.0131578947368421,0.0315789473684211,7.46141252303028e-06,"wos","journal_year"
145,1,"Journal of Neuroscience",2009,"Journal of Neuroscience / 2009",4,6,2,1,2,0.0131578947368421,0.0315789473684211,0.000107489860448283,"wos","journal_year"
146,1,"Journal of Neuroscience",2009,"Journal of Neuroscience / 2009",8,8.5,0.5,1,2,0.0131578947368421,0.0315789473684211,0.000381465405219174,"wos","journal_year"
147,1,"Journal of Neuroscience",2009,"Journal of Neuroscience / 2009",11,8,-3,1,2,0.0131578947368421,0.0315789473684211,0.00167382643442647,"wos","journal_year"
148,0,"Journal of Neuroscience",2009,"Journal of Neuroscience / 2009",12,7.25,-4.75,1,2,-0.0131578947368421,0.0315789473684211,0.00229405256601743,"wos","journal_year"
149,0,"Journal of Neuroscience",2009,"Journal of Neuroscience / 2009",11,7.5,-3.5,1,2,-0.0131578947368421,0.0315789473684211,0.00162087530929293,"wos","journal_year"
150,1,"Journal of Neuroscience",2009,"Journal of Neuroscience / 2009",11,10.25,-0.75,1,2,0.0131578947368421,0.0315789473684211,0.000738062865245406,"wos","journal_year"
151,1,"Journal of Neuroscience",2009,"Journal of Neuroscience / 2009",9,6,-3,1,2,0.0131578947368421,0.0315789473684211,0.00167382643442647,"wos","journal_year"
152,1,"Journal of Neuroscience",2009,"Journal of Neuroscience / 2009",21,43.5,22.5,1,2,0.0131578947368421,0.0315789473684211,0.0131940846090703,"wos","journal_year"
153,0,"Journal of Neuroscience",2009,"Journal of Neuroscience / 2009",1,6,5,1,2,-0.0131578947368421,0.0315789473684211,0.000136092782165322,"wos","journal_year"
154,0,"Journal of Neuroscience",2009,"Journal of Neuroscience / 2009",19,29.75,10.75,1,2,-0.0131578947368421,0.0315789473684211,0.00218951720776854,"wos","journal_year"
155,1,"Journal of Neuroscience",2009,"Journal of Neuroscience / 2009",21,35.5,14.5,1,2,0.0131578947368421,0.0315789473684211,0.00435520790144304,"wos","journal_year"
156,1,"Journal of Neuroscience",2009,"Journal of Neuroscience / 2009",10,7,-3,1,2,0.0131578947368421,0.0315789473684211,0.00167382643442647,"wos","journal_year"
157,1,"Journal of Neuroscience",2009,"Journal of Neuroscience / 2009",4,4.25,0.25,1,2,0.0131578947368421,0.0315789473684211,0.000443455114966203,"wos","journal_year"
1,1,"Nature Neuroscience",2010,"Nature Neuroscience / 2010",1,35,34,1,3.33333333333333,0.0147058823529412,0.104411764705882,0.00472797386803549,"wos","same_sample_journal_year"
2,1,"Nature Neuroscience",2010,"Nature Neuroscience / 2010",1,20.75,19.75,1,3.33333333333333,0.0147058823529412,0.104411764705882,0.000151705265880345,"wos","same_sample_journal_year"
3,1,"Nature Neuroscience",2010,"Nature Neuroscience / 2010",2,41.25,39.25,1,3.33333333333333,0.0147058823529412,0.104411764705883,0.00972803202025915,"wos","same_sample_journal_year"
4,0,"Nature Neuroscience",2010,"Nature Neuroscience / 2010",0,13.5,13.5,2.33333333333333,3.33333333333333,-0.0343137254901961,0.124019607843137,0.00868340682674068,"wos","same_sample_journal_year"
6,1,"Nature Neuroscience",2010,"Nature Neuroscience / 2010",2,22.25,20.25,1,3.33333333333333,0.0147058823529412,0.104411764705882,8.97198728807065e-05,"wos","same_sample_journal_year"
7,1,"Nature Neuroscience",2010,"Nature Neuroscience / 2010",5,14.75,9.75,1,3.33333333333333,0.0147058823529412,0.104411764705882,0.00479045359427647,"wos","same_sample_journal_year"
9,0,"Nature Neuroscience",2010,"Nature Neuroscience / 2010",18,80.5,62.5,2.33333333333333,3.33333333333333,-0.0343137254901961,0.124019607843137,0.327057972725644,"wos","same_sample_journal_year"
10,0,"Nature Neuroscience",2010,"Nature Neuroscience / 2010",0,6.25,6.25,2.33333333333333,3.33333333333333,-0.0343137254901961,0.124019607843137,0.0367062291757107,"wos","same_sample_journal_year"
11,1,"Nature Neuroscience",2010,"Nature Neuroscience / 2010",12,20.25,8.25,1,3.33333333333333,0.0147058823529412,0.104411764705882,0.0060446796347735,"wos","same_sample_journal_year"
12,1,"Nature Neuroscience",2010,"Nature Neuroscience / 2010",3,4,1,1,3.33333333333333,0.0147058823529412,0.104411764705882,0.0141603591135028,"wos","same_sample_journal_year"
13,1,"Nature Neuroscience",2009,"Nature Neuroscience / 2009",42,83.75,41.75,1,2.4,0.0147058823529412,0.0894607843137256,0.0261119334063329,"wos","same_sample_journal_year"
14,0,"Nature Neuroscience",2009,"Nature Neuroscience / 2009",14,50.75,36.75,1.4,2.4,-0.0205882352941176,0.0953431372549021,0.0401957762223146,"wos","same_sample_journal_year"
15,1,"Nature Neuroscience",2009,"Nature Neuroscience / 2009",6,30.25,24.25,1,2.4,0.0147058823529412,0.0894607843137256,0.00405238799231154,"wos","same_sample_journal_year"
16,0,"Nature Neuroscience",2009,"Nature Neuroscience / 2009",5,4,-1,1.4,2.4,-0.0205882352941176,0.0953431372549021,0.00944656739264635,"wos","same_sample_journal_year"
18,1,"Nature Neuroscience",2009,"Nature Neuroscience / 2009",2,3.75,1.75,1,2.4,0.0147058823529412,0.0894607843137256,0.00387582637226755,"wos","same_sample_journal_year"
20,0,"Nature Neuroscience",2009,"Nature Neuroscience / 2009",10,22.25,12.25,1.4,2.4,-0.0205882352941176,0.0953431372549021,5.31595741364982e-05,"wos","same_sample_journal_year"
22,1,"Nature Neuroscience",2009,"Nature Neuroscience / 2009",10,14.75,4.75,1,2.4,0.0147058823529412,0.0894607843137256,0.00206729670302354,"wos","same_sample_journal_year"
24,1,"Nature Neuroscience",2009,"Nature Neuroscience / 2009",12,10,-2,1,2.4,0.0147058823529412,0.0894607843137256,0.006929211582248,"wos","same_sample_journal_year"
27,0,"Nature Neuroscience",2009,"Nature Neuroscience / 2009",5,12.25,7.25,1.4,2.4,-0.0205882352941176,0.0953431372549021,0.00103279046499081,"wos","same_sample_journal_year"
28,1,"Nature Neuroscience",2009,"Nature Neuroscience / 2009",20,37.5,17.5,1,2.4,0.0147058823529412,0.0894607843137256,0.000669982387911541,"wos","same_sample_journal_year"
30,0,"Nature Neuroscience",2009,"Nature Neuroscience / 2009",6,8,2,1.4,2.4,-0.0205882352941176,0.0953431372549021,0.00540762892075332,"wos","same_sample_journal_year"
31,1,"Nature Neuroscience",2009,"Nature Neuroscience / 2009",8,9.5,1.5,1,2.4,0.0147058823529412,0.0894607843137256,0.00405198261162932,"wos","same_sample_journal_year"
43,1,"Neuron",2010,"Neuron / 2010",6,14.75,8.75,1,3.5,0.0147058823529412,0.0756302521008403,0.00088837575750669,"wos","same_sample_journal_year"
44,1,"Neuron",2010,"Neuron / 2010",12,19,7,1,3.5,0.0147058823529412,0.0756302521008403,0.00155649613020652,"wos","same_sample_journal_year"
45,0,"Neuron",2010,"Neuron / 2010",5,6,1,2.5,3.5,-0.0367647058823529,0.0976890756302521,0.0268558273535434,"wos","same_sample_journal_year"
47,0,"Neuron",2010,"Neuron / 2010",8,22,14,2.5,3.5,-0.0367647058823529,0.0976890756302521,0.000386420673229209,"wos","same_sample_journal_year"
48,1,"Neuron",2010,"Neuron / 2010",3,34.5,31.5,1,3.5,0.0147058823529412,0.0756302521008403,0.00913994141614164,"wos","same_sample_journal_year"
49,1,"Neuron",2010,"Neuron / 2010",0,4,4,1,3.5,0.0147058823529412,0.0756302521008403,0.00313486459989547,"wos","same_sample_journal_year"
50,0,"Neuron",2010,"Neuron / 2010",4,42,38,2.5,3.5,-0.0367647058823529,0.0976890756302521,0.128516189123772,"wos","same_sample_journal_year"
51,1,"Neuron",2010,"Neuron / 2010",3,16.5,13.5,1,3.5,0.0147058823529412,0.0756302521008403,1.31145697147955e-05,"wos","same_sample_journal_year"
52,1,"Neuron",2010,"Neuron / 2010",5,12.5,7.5,1,3.5,0.0147058823529412,0.0756302521008403,0.00134661252237107,"wos","same_sample_journal_year"
53,1,"Neuron",2010,"Neuron / 2010",1,10.75,9.75,1,3.5,0.0147058823529412,0.0756302521008403,0.000590157807617243,"wos","same_sample_journal_year"
55,1,"Neuron",2010,"Neuron / 2010",2,18,16,1,3.5,0.0147058823529412,0.0756302521008403,0.000103220897238587,"wos","same_sample_journal_year"
56,1,"Neuron",2010,"Neuron / 2010",2,21,19,1,3.5,0.0147058823529412,0.0756302521008403,0.000712739211615582,"wos","same_sample_journal_year"
57,1,"Neuron",2010,"Neuron / 2010",2,18.75,16.75,1,3.5,0.0147058823529412,0.0756302521008403,0.00020432187933129,"wos","same_sample_journal_year"
58,0,"Neuron",2010,"Neuron / 2010",0,5.25,5.25,2.5,3.5,-0.0367647058823529,0.0976890756302521,0.0107901463756332,"wos","same_sample_journal_year"
60,0,"Journal of Neuroscience",2010,"Journal of Neuroscience / 2010",11,11.75,0.75,0.6,1.6,-0.00882352941176471,0.0449754901960784,0.000471602788322052,"wos","same_sample_journal_year"
61,0,"Journal of Neuroscience",2010,"Journal of Neuroscience / 2010",3,16,13,0.6,1.6,-0.00882352941176471,0.0449754901960784,0.000306239894023657,"wos","same_sample_journal_year"
62,0,"Journal of Neuroscience",2010,"Journal of Neuroscience / 2010",0,12.5,12.5,0.6,1.6,-0.00882352941176471,0.0449754901960784,0.000252779884374855,"wos","same_sample_journal_year"
63,0,"Journal of Neuroscience",2010,"Journal of Neuroscience / 2010",3,11.25,8.25,0.6,1.6,-0.00882352941176471,0.0449754901960784,5.25994617861006e-06,"wos","same_sample_journal_year"
64,1,"Journal of Neuroscience",2010,"Journal of Neuroscience / 2010",3,22.25,19.25,1,1.6,0.0147058823529412,0.0508578431372549,0.00297930452198379,"wos","same_sample_journal_year"
65,0,"Journal of Neuroscience",2010,"Journal of Neuroscience / 2010",0,6.25,6.25,0.6,1.6,-0.00882352941176471,0.0449754901960784,1.68853274723744e-05,"wos","same_sample_journal_year"
66,0,"Journal of Neuroscience",2010,"Journal of Neuroscience / 2010",1,8,7,0.6,1.6,-0.00882352941176471,0.0449754901960784,2.91790807148943e-06,"wos","same_sample_journal_year"
67,1,"Journal of Neuroscience",2010,"Journal of Neuroscience / 2010",1,3.5,2.5,1,1.6,0.0147058823529412,0.0508578431372549,0.0012489833700525,"wos","same_sample_journal_year"
68,0,"Journal of Neuroscience",2010,"Journal of Neuroscience / 2010",0,3,3,0.6,1.6,-0.00882352941176471,0.0449754901960784,0.000210640377840906,"wos","same_sample_journal_year"
69,1,"Journal of Neuroscience",2010,"Journal of Neuroscience / 2010",3,6.5,3.5,1,1.6,0.0147058823529412,0.0508578431372549,0.000898342598586862,"wos","same_sample_journal_year"
70,0,"Journal of Neuroscience",2010,"Journal of Neuroscience / 2010",0,5,5,0.6,1.6,-0.00882352941176471,0.0449754901960784,6.57854302491114e-05,"wos","same_sample_journal_year"
71,0,"Journal of Neuroscience",2010,"Journal of Neuroscience / 2010",2,12.25,10.25,0.6,1.6,-0.00882352941176471,0.0449754901960784,7.56219902990181e-05,"wos","same_sample_journal_year"
72,1,"Journal of Neuroscience",2010,"Journal of Neuroscience / 2010",1,3.75,2.75,1,1.6,0.0147058823529412,0.0508578431372549,0.00115591908758127,"wos","same_sample_journal_year"
73,1,"Journal of Neuroscience",2010,"Journal of Neuroscience / 2010",0,4,4,1,1.6,0.0147058823529412,0.0508578431372549,0.000744638571273322,"wos","same_sample_journal_year"
74,1,"Journal of Neuroscience",2010,"Journal of Neuroscience / 2010",0,8.25,8.25,1,1.6,0.0147058823529412,0.0508578431372549,1.9994653227102e-05,"wos","same_sample_journal_year"
75,0,"Journal of Neuroscience",2010,"Journal of Neuroscience / 2010",0,3,3,0.6,1.6,-0.00882352941176471,0.0449754901960784,0.000210640377840906,"wos","same_sample_journal_year"
76,1,"Journal of Neuroscience",2010,"Journal of Neuroscience / 2010",1,12.75,11.75,1,1.6,0.0147058823529412,0.0508578431372549,0.00020502070315681,"wos","same_sample_journal_year"
77,1,"Journal of Neuroscience",2010,"Journal of Neuroscience / 2010",0,18,18,1,1.6,0.0147058823529412,0.0508578431372549,0.00229175348531183,"wos","same_sample_journal_year"
78,0,"Journal of Neuroscience",2010,"Journal of Neuroscience / 2010",0,8.5,8.5,0.6,1.6,-0.00882352941176471,0.0449754901960784,9.57151436632352e-06,"wos","same_sample_journal_year"
79,0,"Journal of Neuroscience",2010,"Journal of Neuroscience / 2010",1,4.75,3.75,0.6,1.6,-0.00882352941176471,0.0449754901960784,0.00014671187107826,"wos","same_sample_journal_year"
80,0,"Journal of Neuroscience",2010,"Journal of Neuroscience / 2010",0,4.5,4.5,0.6,1.6,-0.00882352941176471,0.0449754901960784,9.43128460144814e-05,"wos","same_sample_journal_year"
81,0,"Journal of Neuroscience",2010,"Journal of Neuroscience / 2010",0,2.5,2.5,0.6,1.6,-0.00882352941176471,0.0449754901960784,0.000259664649959818,"wos","same_sample_journal_year"
82,1,"Journal of Neuroscience",2010,"Journal of Neuroscience / 2010",0,18,18,1,1.6,0.0147058823529412,0.0508578431372549,0.00229175348531183,"wos","same_sample_journal_year"
83,0,"Journal of Neuroscience",2010,"Journal of Neuroscience / 2010",0,18.5,18.5,0.6,1.6,-0.00882352941176471,0.0449754901960784,0.00123249812999394,"wos","same_sample_journal_year"
84,1,"Nature",2009,"Nature / 2009",21,62.25,41.25,1,4,0.0147058823529412,0.253676470588236,0.0160407750589888,"wos","same_sample_journal_year"
85,1,"Nature",2009,"Nature / 2009",23,58.75,35.75,1,4,0.0147058823529412,0.253676470588236,0.00793892890307491,"wos","same_sample_journal_year"
86,1,"Nature",2009,"Nature / 2009",11,17.25,6.25,1,4,0.0147058823529412,0.253676470588236,0.0126139852812155,"wos","same_sample_journal_year"
87,0,"Nature",2009,"Nature / 2009",4,10,6,3,4,-0.0441176470588235,0.283088235294118,0.104363711330583,"wos","same_sample_journal_year"
90,0,"Science",2009,"Science / 2009",5,23.75,18.75,1.16666666666667,2.16666666666667,-0.017156862745098,0.0861613876319759,0.000760115370246303,"wos","same_sample_journal_year"
91,1,"Science",2009,"Science / 2009",19,27.25,8.25,1,2.16666666666667,0.0147058823529412,0.083710407239819,0.00188693264737406,"wos","same_sample_journal_year"
92,0,"Science",2009,"Science / 2009",3,10.75,7.75,1.16666666666667,2.16666666666667,-0.017156862745098,0.0861613876319759,0.00193498070587234,"wos","same_sample_journal_year"
93,1,"Science",2009,"Science / 2009",26,42.25,16.25,1,2.16666666666667,0.0147058823529412,0.083710407239819,1.10208452658214e-06,"wos","same_sample_journal_year"
94,0,"Science",2009,"Science / 2009",13,18,5,1.16666666666667,2.16666666666667,-0.017156862745098,0.0861613876319759,0.00382889517009131,"wos","same_sample_journal_year"
96,1,"Science",2009,"Science / 2009",8,23.75,15.75,1,2.16666666666667,0.0147058823529412,0.083710407239819,2.99545358192817e-06,"wos","same_sample_journal_year"
97,1,"Science",2009,"Science / 2009",50,71.25,21.25,1,2.16666666666667,0.0147058823529412,0.083710407239819,0.000832622695539012,"wos","same_sample_journal_year"
98,0,"Science",2009,"Science / 2009",24,58,34,1.16666666666667,2.16666666666667,-0.017156862745098,0.0861613876319759,0.016072265327924,"wos","same_sample_journal_year"
100,1,"Science",2009,"Science / 2009",44,94.25,50.25,1,2.16666666666667,0.0147058823529412,0.083710407239819,0.036148094651919,"wos","same_sample_journal_year"
101,1,"Science",2009,"Science / 2009",75,86.25,11.25,1,2.16666666666667,0.0147058823529412,0.083710407239819,0.000715862021815772,"wos","same_sample_journal_year"
102,1,"Science",2009,"Science / 2009",12,11.5,-0.5,1,2.16666666666667,0.0147058823529412,0.083710407239819,0.00848209468269762,"wos","same_sample_journal_year"
103,0,"Science",2009,"Science / 2009",14,23.75,9.75,1.16666666666667,2.16666666666667,-0.017156862745098,0.0861613876319759,0.000959621617527126,"wos","same_sample_journal_year"
104,0,"Science",2009,"Science / 2009",7,8.75,1.75,1.16666666666667,2.16666666666667,-0.017156862745098,0.0861613876319759,0.00689238386194925,"wos","same_sample_journal_year"
105,1,"Neuron",2009,"Neuron / 2009",3,11.5,8.5,1,2.25,0.0147058823529412,0.117647058823529,9.19894023453901e-05,"wos","same_sample_journal_year"
107,0,"Neuron",2009,"Neuron / 2009",2,4.75,2.75,1.25,2.25,-0.0183823529411765,0.121323529411765,0.00180535223791905,"wos","same_sample_journal_year"
108,1,"Neuron",2009,"Neuron / 2009",12,25.25,13.25,1,2.25,0.0147058823529412,0.117647058823529,0.00031826510180816,"wos","same_sample_journal_year"
109,1,"Neuron",2009,"Neuron / 2009",12,21.75,9.75,1,2.25,0.0147058823529412,0.117647058823529,5.62828627276174e-06,"wos","same_sample_journal_year"
110,1,"Neuron",2009,"Neuron / 2009",2,14.25,12.25,1,2.25,0.0147058823529412,0.117647058823529,0.000145564667213271,"wos","same_sample_journal_year"
112,0,"Neuron",2009,"Neuron / 2009",17,39,22,1.25,2.25,-0.0183823529411765,0.121323529411765,0.00941911924315244,"wos","same_sample_journal_year"
113,0,"Neuron",2009,"Neuron / 2009",15,16.25,1.25,1.25,2.25,-0.0183823529411765,0.121323529411765,0.0028475891653157,"wos","same_sample_journal_year"
114,0,"Neuron",2009,"Neuron / 2009",1,3,2,1.25,2.25,-0.0183823529411765,0.121323529411765,0.00229691315691992,"wos","same_sample_journal_year"
115,1,"Neuron",2009,"Neuron / 2009",22,35.5,13.5,1,2.25,0.0147058823529412,0.117647058823529,0.000371862164226408,"wos","same_sample_journal_year"
118,0,"Journal of Neuroscience",2009,"Journal of Neuroscience / 2009",0,4,4,1.42857142857143,2.42857142857143,-0.0210084033613445,0.041769649036085,0.000160698839039967,"wos","same_sample_journal_year"
120,0,"Journal of Neuroscience",2009,"Journal of Neuroscience / 2009",4,4,0,1.42857142857143,2.42857142857143,-0.0210084033613445,0.041769649036085,0.000313644900690423,"wos","same_sample_journal_year"
121,0,"Journal of Neuroscience",2009,"Journal of Neuroscience / 2009",4,13.5,9.5,1.42857142857143,2.42857142857143,-0.0210084033613445,0.041769649036085,0.00296572326251192,"wos","same_sample_journal_year"
122,1,"Journal of Neuroscience",2009,"Journal of Neuroscience / 2009",0,2.5,2.5,1,2.42857142857143,0.0147058823529412,0.0354671280276817,5.31968883079756e-05,"wos","same_sample_journal_year"
123,1,"Journal of Neuroscience",2009,"Journal of Neuroscience / 2009",3,5.5,2.5,1,2.42857142857143,0.0147058823529412,0.0354671280276817,5.31968883079756e-05,"wos","same_sample_journal_year"
125,1,"Journal of Neuroscience",2009,"Journal of Neuroscience / 2009",17,19,2,1,2.42857142857143,0.0147058823529412,0.0354671280276817,9.87059089947614e-05,"wos","same_sample_journal_year"
126,1,"Journal of Neuroscience",2009,"Journal of Neuroscience / 2009",9,28.25,19.25,1,2.42857142857143,0.0147058823529412,0.0354671280276817,0.00659270264852522,"wos","same_sample_journal_year"
127,1,"Journal of Neuroscience",2009,"Journal of Neuroscience / 2009",0,2,2,1,2.42857142857143,0.0147058823529412,0.0354671280276817,9.87059089947614e-05,"wos","same_sample_journal_year"
128,1,"Journal of Neuroscience",2009,"Journal of Neuroscience / 2009",1,2.75,1.75,1,2.42857142857143,0.0147058823529412,0.0354671280276817,0.000126693422552447,"wos","same_sample_journal_year"
129,0,"Journal of Neuroscience",2009,"Journal of Neuroscience / 2009",1,3.25,2.25,1.42857142857143,2.42857142857143,-0.0210084033613445,0.041769649036085,3.81292125433952e-07,"wos","same_sample_journal_year"
130,0,"Journal of Neuroscience",2009,"Journal of Neuroscience / 2009",7,2.25,-4.75,1.42857142857143,2.42857142857143,-0.0210084033613445,0.041769649036085,0.00289382253159231,"wos","same_sample_journal_year"
131,0,"Journal of Neuroscience",2009,"Journal of Neuroscience / 2009",11,13,2,1.42857142857143,2.42857142857143,-0.0210084033613445,0.041769649036085,6.33357258356194e-06,"wos","same_sample_journal_year"
132,0,"Journal of Neuroscience",2009,"Journal of Neuroscience / 2009",4,4.75,0.75,1.42857142857143,2.42857142857143,-0.0210084033613445,0.041769649036085,0.000144300426724967,"wos","same_sample_journal_year"
133,1,"Journal of Neuroscience",2009,"Journal of Neuroscience / 2009",5,7.25,2.25,1,2.42857142857143,0.0147058823529412,0.0354671280276817,7.42070642466045e-05,"wos","same_sample_journal_year"
134,1,"Journal of Neuroscience",2009,"Journal of Neuroscience / 2009",2,2.5,0.5,1,2.42857142857143,0.0147058823529412,0.0354671280276817,0.000318961022483798,"wos","same_sample_journal_year"
135,0,"Journal of Neuroscience",2009,"Journal of Neuroscience / 2009",4,10.5,6.5,1.42857142857143,2.42857142857143,-0.0210084033613445,0.041769649036085,0.00100288813321507,"wos","same_sample_journal_year"
136,0,"Journal of Neuroscience",2009,"Journal of Neuroscience / 2009",1,8.25,7.25,1.42857142857143,2.42857142857143,-0.0210084033613445,0.041769649036085,0.00139621200887359,"wos","same_sample_journal_year"
137,0,"Journal of Neuroscience",2009,"Journal of Neuroscience / 2009",14,17.25,3.25,1.42857142857143,2.42857142857143,-0.0210084033613445,0.041769649036085,4.87091381934325e-05,"wos","same_sample_journal_year"
139,1,"Journal of Neuroscience",2009,"Journal of Neuroscience / 2009",3,12.5,9.5,1,2.42857142857143,0.0147058823529412,0.0354671280276817,0.000881311498694844,"wos","same_sample_journal_year"
140,0,"Journal of Neuroscience",2009,"Journal of Neuroscience / 2009",6,19,13,1.42857142857143,2.42857142857143,-0.0210084033613445,0.041769649036085,0.00656859039581421,"wos","same_sample_journal_year"
141,0,"Journal of Neuroscience",2009,"Journal of Neuroscience / 2009",4,4.25,0.25,1.42857142857143,2.42857142857143,-0.0210084033613445,0.041769649036085,0.000249983045911887,"wos","same_sample_journal_year"
143,1,"Journal of Neuroscience",2009,"Journal of Neuroscience / 2009",6,5,-1,1,2.42857142857143,0.0147058823529412,0.0354671280276817,0.000664808213115851,"wos","same_sample_journal_year"
144,1,"Journal of Neuroscience",2009,"Journal of Neuroscience / 2009",3,6.25,3.25,1,2.42857142857143,0.0147058823529412,0.0354671280276817,1.10983733492587e-05,"wos","same_sample_journal_year"
145,1,"Journal of Neuroscience",2009,"Journal of Neuroscience / 2009",4,6,2,1,2.42857142857143,0.0147058823529412,0.0354671280276817,9.87059089947614e-05,"wos","same_sample_journal_year"
146,1,"Journal of Neuroscience",2009,"Journal of Neuroscience / 2009",8,8.5,0.5,1,2.42857142857143,0.0147058823529412,0.0354671280276817,0.000318961022483798,"wos","same_sample_journal_year"
147,1,"Journal of Neuroscience",2009,"Journal of Neuroscience / 2009",11,8,-3,1,2.42857142857143,0.0147058823529412,0.0354671280276817,0.00132130325395884,"wos","same_sample_journal_year"
148,0,"Journal of Neuroscience",2009,"Journal of Neuroscience / 2009",12,7.25,-4.75,1.42857142857143,2.42857142857143,-0.0210084033613445,0.041769649036085,0.00289382253159231,"wos","same_sample_journal_year"
149,0,"Journal of Neuroscience",2009,"Journal of Neuroscience / 2009",11,7.5,-3.5,1.42857142857143,2.42857142857143,-0.0210084033613445,0.041769649036085,0.00196234903054529,"wos","same_sample_journal_year"
150,1,"Journal of Neuroscience",2009,"Journal of Neuroscience / 2009",11,10.25,-0.75,1,2.42857142857143,0.0147058823529412,0.0354671280276817,0.000598445342653355,"wos","same_sample_journal_year"
151,1,"Journal of Neuroscience",2009,"Journal of Neuroscience / 2009",9,6,-3,1,2.42857142857143,0.0147058823529412,0.0354671280276817,0.00132130325395884,"wos","same_sample_journal_year"
152,1,"Journal of Neuroscience",2009,"Journal of Neuroscience / 2009",21,43.5,22.5,1,2.42857142857143,0.0147058823529412,0.0354671280276817,0.00967566975608924,"wos","same_sample_journal_year"
155,1,"Journal of Neuroscience",2009,"Journal of Neuroscience / 2009",21,35.5,14.5,1,2.42857142857143,0.0147058823529412,0.0354671280276817,0.00314738296325903,"wos","same_sample_journal_year"
156,1,"Journal of Neuroscience",2009,"Journal of Neuroscience / 2009",10,7,-3,1,2.42857142857143,0.0147058823529412,0.0354671280276817,0.00132130325395884,"wos","same_sample_journal_year"
157,1,"Journal of Neuroscience",2009,"Journal of Neuroscience / 2009",4,4.25,0.25,1,2.42857142857143,0.0147058823529412,0.0354671280276817,0.000367880548898653,"wos","same_sample_journal_year"
1,1,"Nature Neuroscience",2010,"Nature Neuroscience / 2010 / nonhuman / between",1,35,34,1,4,0.0147058823529412,0.128676470588235,0.00241715710082458,"wos","study_type"
2,1,"Nature Neuroscience",2010,"Nature Neuroscience / 2010 / nonhuman / between",1,20.75,19.75,1,4,0.0147058823529412,0.128676470588235,0.000490465249108868,"wos","study_type"
3,1,"Nature Neuroscience",2010,"Nature Neuroscience / 2010 / nonhuman / between",2,41.25,39.25,1,4,0.0147058823529412,0.128676470588236,0.00569075320354116,"wos","study_type"
4,0,"Nature Neuroscience",2010,"Nature Neuroscience / 2010 / nonhuman / within",0,13.5,13.5,1,2,-0.0147058823529412,0.50735294117647,0.00060913187561901,"wos","study_type"
6,1,"Nature Neuroscience",2010,"Nature Neuroscience / 2010 / nonhuman / between",2,22.25,20.25,1,4,0.0147058823529412,0.128676470588235,0.000385898845060834,"wos","study_type"
7,1,"Nature Neuroscience",2010,"Nature Neuroscience / 2010 / nonhuman / between",5,14.75,9.75,1,4,0.0147058823529412,0.128676470588235,0.00521129308659337,"wos","study_type"
9,0,"Nature Neuroscience",2010,"Nature Neuroscience / 2010 / nonhuman / between",18,80.5,62.5,3,4,-0.0441176470588235,0.158088235294118,0.360648957089306,"wos","study_type"
10,0,"Nature Neuroscience",2010,"Nature Neuroscience / 2010 / nonhuman / between",0,6.25,6.25,3,4,-0.0441176470588235,0.158088235294117,0.0747659045737055,"wos","study_type"
11,1,"Nature Neuroscience",2010,"Nature Neuroscience / 2010 / nonhuman / within",12,20.25,8.25,1,2,0.0147058823529412,0.50735294117647,0.000609131875619013,"wos","study_type"
12,1,"Nature Neuroscience",2010,"Nature Neuroscience / 2010 / nonhuman / between",3,4,1,1,4,0.0147058823529412,0.128676470588235,0.0134506108139608,"wos","study_type"
13,1,"Nature Neuroscience",2009,"Nature Neuroscience / 2009 / nonhuman / between",42,83.75,41.75,1,1.66666666666667,0.0147058823529412,0.208823529411765,0.0200673847770442,"wos","study_type"
14,0,"Nature Neuroscience",2009,"Nature Neuroscience / 2009 / nonhuman / within",14,50.75,36.75,2,3,-0.0294117647058824,0.352941176470588,0.0694332944875631,"wos","study_type"
15,1,"Nature Neuroscience",2009,"Nature Neuroscience / 2009 / nonhuman / between",6,30.25,24.25,1,1.66666666666667,0.0147058823529412,0.208823529411765,0.00204421462138918,"wos","study_type"
16,0,"Nature Neuroscience",2009,"Nature Neuroscience / 2009 / nonhuman / between",5,4,-1,0.666666666666667,1.66666666666667,-0.00980392156862745,0.203921568627451,0.00372717335775408,"wos","study_type"
18,1,"Nature Neuroscience",2009,"Nature Neuroscience / 2009 / human / within",2,3.75,1.75,1,4,0.0147058823529412,0.253676470588235,0.000156941826582985,"wos","study_type"
20,0,"Nature Neuroscience",2009,"Nature Neuroscience / 2009 / nonhuman / between",10,22.25,12.25,0.666666666666667,1.66666666666667,-0.00980392156862745,0.203921568627451,0.000160475132288135,"wos","study_type"
22,1,"Nature Neuroscience",2009,"Nature Neuroscience / 2009 / human / within",10,14.75,4.75,1,4,0.0147058823529412,0.253676470588235,2.49967609931465e-05,"wos","study_type"
24,1,"Nature Neuroscience",2009,"Nature Neuroscience / 2009 / nonhuman / within",12,10,-2,1,3,0.0147058823529412,0.338235294117647,0.0165518740786274,"wos","study_type"
27,0,"Nature Neuroscience",2009,"Nature Neuroscience / 2009 / human / within",5,12.25,7.25,3,4,-0.0441176470588235,0.283088235294117,0.00451541078762488,"wos","study_type"
28,1,"Nature Neuroscience",2009,"Nature Neuroscience / 2009 / nonhuman / within",20,37.5,17.5,1,3,0.0147058823529412,0.338235294117647,2.8596251393668e-08,"wos","study_type"
30,0,"Nature Neuroscience",2009,"Nature Neuroscience / 2009 / nonhuman / between",6,8,2,0.666666666666667,1.66666666666667,-0.00980392156862745,0.203921568627451,0.00250960983773476,"wos","study_type"
31,1,"Nature Neuroscience",2009,"Nature Neuroscience / 2009 / human / within",8,9.5,1.5,1,4,0.0147058823529412,0.253676470588235,0.000195671204683748,"wos","study_type"
43,1,"Neuron",2010,"Neuron / 2010 / nonhuman / between",6,14.75,8.75,1,7,0.0147058823529412,0.144957983193277,0.000625378980609117,"wos","study_type"
44,1,"Neuron",2010,"Neuron / 2010 / nonhuman / within",12,19,7,1,2.33333333333333,0.0147058823529412,0.149159663865546,0.00127280196208595,"wos","study_type"
45,0,"Neuron",2010,"Neuron / 2010 / nonhuman / within",5,6,1,1.33333333333333,2.33333333333333,-0.0196078431372549,0.15406162464986,0.00753987241260684,"wos","study_type"
47,0,"Neuron",2010,"Neuron / 2010 / nonhuman / between",8,22,14,6,7,-0.0882352941176471,0.218487394957983,0.000507786700914494,"wos","study_type"
48,1,"Neuron",2010,"Neuron / 2010 / nonhuman / between",3,34.5,31.5,1,7,0.0147058823529412,0.144957983193277,0.00828240717846377,"wos","study_type"
49,1,"Neuron",2010,"Neuron / 2010 / nonhuman / between",0,4,4,1,7,0.0147058823529412,0.144957983193277,0.00242364757048644,"wos","study_type"
50,0,"Neuron",2010,"Neuron / 2010 / nonhuman / within",4,42,38,1.33333333333333,2.33333333333333,-0.0196078431372549,0.15406162464986,0.028040821369225,"wos","study_type"
51,1,"Neuron",2010,"Neuron / 2010 / nonhuman / between",3,16.5,13.5,1,7,0.0147058823529412,0.144957983193277,6.15599787420738e-07,"wos","study_type"
52,1,"Neuron",2010,"Neuron / 2010 / nonhuman / between",5,12.5,7.5,1,7,0.0147058823529412,0.144957983193277,0.000984832813632384,"wos","study_type"
53,1,"Neuron",2010,"Neuron / 2010 / nonhuman / within",1,10.75,9.75,1,2.33333333333333,0.0147058823529412,0.149159663865546,0.000465837459138578,"wos","study_type"
55,1,"Neuron",2010,"Neuron / 2010 / nonhuman / between",2,18,16,1,7,0.0147058823529412,0.144957983193277,0.000143145275568429,"wos","study_type"
56,1,"Neuron",2010,"Neuron / 2010 / nonhuman / within",2,21,19,1,2.33333333333333,0.0147058823529412,0.149159663865546,0.000666710383464976,"wos","study_type"
57,1,"Neuron",2010,"Neuron / 2010 / nonhuman / within",2,18.75,16.75,1,2.33333333333333,0.0147058823529412,0.149159663865546,0.000204205013475565,"wos","study_type"
58,0,"Neuron",2010,"Neuron / 2010 / nonhuman / within",0,5.25,5.25,1.33333333333333,2.33333333333333,-0.0196078431372549,0.15406162464986,0.00332051021026258,"wos","study_type"
60,0,"Journal of Neuroscience",2010,"Journal of Neuroscience / 2010 / nonhuman / between",11,11.75,0.75,2,3,-0.0294117647058824,0.130718954248366,0.00727866758274214,"wos","study_type"
61,0,"Journal of Neuroscience",2010,"Journal of Neuroscience / 2010 / nonhuman / between",3,16,13,2,3,-0.0294117647058824,0.130718954248366,0.00141209986960193,"wos","study_type"
62,0,"Journal of Neuroscience",2010,"Journal of Neuroscience / 2010 / nonhuman / between",0,12.5,12.5,2,3,-0.0294117647058824,0.130718954248366,0.00106027573481113,"wos","study_type"
63,0,"Journal of Neuroscience",2010,"Journal of Neuroscience / 2010 / human / within",3,11.25,8.25,0.181818181818182,1.18181818181818,-0.00267379679144385,0.0773344302756067,5.68140228397107e-07,"wos","study_type"
64,1,"Journal of Neuroscience",2010,"Journal of Neuroscience / 2010 / nonhuman / between",3,22.25,19.25,1,3,0.0147058823529412,0.116013071895425,0.00227454411727032,"wos","study_type"
65,0,"Journal of Neuroscience",2010,"Journal of Neuroscience / 2010 / human / within",0,6.25,6.25,0.181818181818182,1.18181818181818,-0.00267379679144385,0.0773344302756067,9.30701482333103e-07,"wos","study_type"
66,0,"Journal of Neuroscience",2010,"Journal of Neuroscience / 2010 / human / within",1,8,7,0.181818181818182,1.18181818181818,-0.00267379679144385,0.0773344302756067,1.02591387403293e-07,"wos","study_type"
67,1,"Journal of Neuroscience",2010,"Journal of Neuroscience / 2010 / nonhuman / between",1,3.5,2.5,1,3,0.0147058823529412,0.116013071895425,0.00122002082592083,"wos","study_type"
68,0,"Journal of Neuroscience",2010,"Journal of Neuroscience / 2010 / human / within",0,3,3,0.181818181818182,1.18181818181818,-0.00267379679144385,0.0773344302756067,1.41169866895885e-05,"wos","study_type"
69,1,"Journal of Neuroscience",2010,"Journal of Neuroscience / 2010 / nonhuman / between",3,6.5,3.5,1,3,0.0147058823529412,0.116013071895425,0.000899772065351557,"wos","study_type"
70,0,"Journal of Neuroscience",2010,"Journal of Neuroscience / 2010 / human / within",0,5,5,0.181818181818182,1.18181818181818,-0.00267379679144385,0.0773344302756067,4.15661730642629e-06,"wos","study_type"
71,0,"Journal of Neuroscience",2010,"Journal of Neuroscience / 2010 / nonhuman / within",2,12.25,10.25,1,2,-0.0147058823529412,0.507352941176471,0.00119977819459346,"wos","study_type"
72,1,"Journal of Neuroscience",2010,"Journal of Neuroscience / 2010 / nonhuman / within",1,3.75,2.75,1,2,0.0147058823529412,0.507352941176471,0.0011997781945935,"wos","study_type"
73,1,"Journal of Neuroscience",2010,"Journal of Neuroscience / 2010 / nonhuman / between",0,4,4,1,3,0.0147058823529412,0.116013071895425,0.000757895560065884,"wos","study_type"
74,1,"Journal of Neuroscience",2010,"Journal of Neuroscience / 2010 / human / within",0,8.25,8.25,1,1.18181818181818,0.0147058823529412,0.089366515837104,6.94149432176843e-06,"wos","study_type"
75,0,"Journal of Neuroscience",2010,"Journal of Neuroscience / 2010 / human / within",0,3,3,0.181818181818182,1.18181818181818,-0.00267379679144385,0.0773344302756067,1.41169866895885e-05,"wos","study_type"
76,1,"Journal of Neuroscience",2010,"Journal of Neuroscience / 2010 / nonhuman / between",1,12.75,11.75,1,3,0.0147058823529412,0.116013071895425,0.000114441071799432,"wos","study_type"
77,1,"Journal of Neuroscience",2010,"Journal of Neuroscience / 2010 / human / within",0,18,18,1,1.18181818181818,0.0147058823529412,0.089366515837104,0.00243248299123653,"wos","study_type"
78,0,"Journal of Neuroscience",2010,"Journal of Neuroscience / 2010 / human / within",0,8.5,8.5,0.181818181818182,1.18181818181818,-0.00267379679144385,0.0773344302756067,9.38109846477392e-07,"wos","study_type"
79,0,"Journal of Neuroscience",2010,"Journal of Neuroscience / 2010 / human / within",1,4.75,3.75,0.181818181818182,1.18181818181818,-0.00267379679144385,0.0773344302756067,9.68969854619883e-06,"wos","study_type"
80,0,"Journal of Neuroscience",2010,"Journal of Neuroscience / 2010 / human / within",0,4.5,4.5,0.181818181818182,1.18181818181818,-0.00267379679144385,0.0773344302756067,6.09298995245378e-06,"wos","study_type"
81,0,"Journal of Neuroscience",2010,"Journal of Neuroscience / 2010 / human / within",0,2.5,2.5,0.181818181818182,1.18181818181818,-0.00267379679144385,0.0773344302756067,1.75299452016508e-05,"wos","study_type"
82,1,"Journal of Neuroscience",2010,"Journal of Neuroscience / 2010 / nonhuman / between",0,18,18,1,3,0.0147058823529412,0.116013071895425,0.00172444491178599,"wos","study_type"
83,0,"Journal of Neuroscience",2010,"Journal of Neuroscience / 2010 / human / within",0,18.5,18.5,0.181818181818182,1.18181818181818,-0.00267379679144385,0.0773344302756067,9.14119202039724e-05,"wos","study_type"
84,1,"Nature",2009,"Nature / 2009 / nonhuman / between",21,62.25,41.25,1,4,0.0147058823529412,0.253676470588235,0.0121360160363876,"wos","study_type"
85,1,"Nature",2009,"Nature / 2009 / nonhuman / between",23,58.75,35.75,1,4,0.0147058823529412,0.253676470588235,0.00608870746218855,"wos","study_type"
86,1,"Nature",2009,"Nature / 2009 / nonhuman / between",11,17.25,6.25,1,4,0.0147058823529412,0.253676470588235,0.00889660118347884,"wos","study_type"
87,0,"Nature",2009,"Nature / 2009 / nonhuman / between",4,10,6,3,4,-0.0441176470588235,0.283088235294118,0.085948272452793,"wos","study_type"
90,0,"Science",2009,"Science / 2009 / human / within",5,23.75,18.75,0.333333333333333,1.33333333333333,-0.00490196078431373,0.251225490196078,0.00020254113135065,"wos","study_type"
91,1,"Science",2009,"Science / 2009 / nonhuman / between",19,27.25,8.25,1,3.5,0.0147058823529412,0.147058823529412,0.000786613033581915,"wos","study_type"
92,0,"Science",2009,"Science / 2009 / human / between",3,10.75,7.75,1,2,-0.0147058823529412,0.50735294117647,0.0348321314731806,"wos","study_type"
93,1,"Science",2009,"Science / 2009 / nonhuman / between",26,42.25,16.25,1,3.5,0.0147058823529412,0.147058823529412,0.00016513417330794,"wos","study_type"
94,0,"Science",2009,"Science / 2009 / nonhuman / between",13,18,5,2.5,3.5,-0.0367647058823529,0.169117647058824,0.0121720102955571,"wos","study_type"
96,1,"Science",2009,"Science / 2009 / human / within",8,23.75,15.75,1,1.33333333333333,0.0147058823529412,0.261029411764706,0.000558393270238725,"wos","study_type"
97,1,"Science",2009,"Science / 2009 / nonhuman / between",50,71.25,21.25,1,3.5,0.0147058823529412,0.147058823529412,0.00147541468869363,"wos","study_type"
98,0,"Science",2009,"Science / 2009 / nonhuman / between",24,58,34,2.5,3.5,-0.0367647058823529,0.169117647058824,0.0729770522889407,"wos","study_type"
100,1,"Science",2009,"Science / 2009 / human / between",44,94.25,50.25,1,2,0.0147058823529412,0.507352941176471,0.0348321314731806,"wos","study_type"
101,1,"Science",2009,"Science / 2009 / nonhuman / between",75,86.25,11.25,1,3.5,0.0147058823529412,0.147058823529412,0.000161549660273731,"wos","study_type"
102,1,"Science",2009,"Science / 2009 / nonhuman / between",12,11.5,-0.5,1,3.5,0.0147058823529412,0.147058823529412,0.00529660819389934,"wos","study_type"
103,0,"Science",2009,"Science / 2009 / human / within",14,23.75,9.75,0.333333333333333,1.33333333333333,-0.00490196078431373,0.251225490196078,1.04862722408074e-05,"wos","study_type"
104,0,"Science",2009,"Science / 2009 / human / within",7,8.75,1.75,0.333333333333333,1.33333333333333,-0.00490196078431373,0.251225490196078,0.000352203754388072,"wos","study_type"
105,1,"Neuron",2009,"Neuron / 2009 / human / within",3,11.5,8.5,1,2.5,0.0147058823529412,0.205882352941177,0.000216671158003935,"wos","study_type"
107,0,"Neuron",2009,"Neuron / 2009 / human / within",2,4.75,2.75,1.5,2.5,-0.0220588235294118,0.213235294117647,0.0045385100371274,"wos","study_type"
108,1,"Neuron",2009,"Neuron / 2009 / nonhuman / within",12,25.25,13.25,1,2,0.0147058823529412,0.507352941176471,0.00233665862066656,"wos","study_type"
109,1,"Neuron",2009,"Neuron / 2009 / human / within",12,21.75,9.75,1,2.5,0.0147058823529412,0.205882352941177,6.17205065587265e-05,"wos","study_type"
110,1,"Neuron",2009,"Neuron / 2009 / human / within",2,14.25,12.25,1,2.5,0.0147058823529412,0.205882352941177,3.44661527366223e-05,"wos","study_type"
112,0,"Neuron",2009,"Neuron / 2009 / human / within",17,39,22,1.5,2.5,-0.0220588235294118,0.213235294117647,0.00858596060343387,"wos","study_type"
113,0,"Neuron",2009,"Neuron / 2009 / nonhuman / between",15,16.25,1.25,1,2,-0.0147058823529412,0.50735294117647,0.00278408473927029,"wos","study_type"
114,0,"Neuron",2009,"Neuron / 2009 / nonhuman / within",1,3,2,1,2,-0.0147058823529412,0.507352941176471,0.00233665862066655,"wos","study_type"
115,1,"Neuron",2009,"Neuron / 2009 / nonhuman / between",22,35.5,13.5,1,2,0.0147058823529412,0.507352941176471,0.00278408473927029,"wos","study_type"
118,0,"Journal of Neuroscience",2009,"Journal of Neuroscience / 2009 / nonhuman / between",0,4,4,1.1,2.1,-0.0161764705882353,0.0560924369747899,0.000108748522248668,"wos","study_type"
120,0,"Journal of Neuroscience",2009,"Journal of Neuroscience / 2009 / nonhuman / within",4,4,0,3,4,-0.0441176470588235,0.283088235294118,0.000473251111027462,"wos","study_type"
121,0,"Journal of Neuroscience",2009,"Journal of Neuroscience / 2009 / nonhuman / between",4,13.5,9.5,1.1,2.1,-0.0161764705882353,0.0560924369747899,0.00147271990235414,"wos","study_type"
122,1,"Journal of Neuroscience",2009,"Journal of Neuroscience / 2009 / human / within",0,2.5,2.5,1,3,0.0147058823529412,0.116013071895425,0.000444793386924765,"wos","study_type"
123,1,"Journal of Neuroscience",2009,"Journal of Neuroscience / 2009 / nonhuman / between",3,5.5,2.5,1,2.1,0.0147058823529412,0.0546218487394958,1.07925961887942e-06,"wos","study_type"
125,1,"Journal of Neuroscience",2009,"Journal of Neuroscience / 2009 / nonhuman / between",17,19,2,1,2.1,0.0147058823529412,0.0546218487394958,1.60596439914955e-06,"wos","study_type"
126,1,"Journal of Neuroscience",2009,"Journal of Neuroscience / 2009 / human / within",9,28.25,19.25,1,3,0.0147058823529412,0.116013071895425,0.00378604575453331,"wos","study_type"
127,1,"Journal of Neuroscience",2009,"Journal of Neuroscience / 2009 / nonhuman / within",0,2,2,1,4,0.0147058823529412,0.253676470588235,7.8891398456958e-06,"wos","study_type"
128,1,"Journal of Neuroscience",2009,"Journal of Neuroscience / 2009 / nonhuman / between",1,2.75,1.75,1,2.1,0.0147058823529412,0.0546218487394958,5.85803053453661e-06,"wos","study_type"
129,0,"Journal of Neuroscience",2009,"Journal of Neuroscience / 2009 / nonhuman / between",1,3.25,2.25,1.1,2.1,-0.0161764705882353,0.0560924369747899,2.35862471305723e-06,"wos","study_type"
130,0,"Journal of Neuroscience",2009,"Journal of Neuroscience / 2009 / nonhuman / between",7,2.25,-4.75,1.1,2.1,-0.0161764705882353,0.0560924369747899,0.00115832108487419,"wos","study_type"
131,0,"Journal of Neuroscience",2009,"Journal of Neuroscience / 2009 / nonhuman / between",11,13,2,1.1,2.1,-0.0161764705882353,0.0560924369747899,7.04520063664673e-08,"wos","study_type"
132,0,"Journal of Neuroscience",2009,"Journal of Neuroscience / 2009 / human / within",4,4.75,0.75,2,3,-0.0294117647058824,0.130718954248366,0.00326835624969133,"wos","study_type"
133,1,"Journal of Neuroscience",2009,"Journal of Neuroscience / 2009 / nonhuman / between",5,7.25,2.25,1,2.1,0.0147058823529412,0.0546218487394958,1.30407605971475e-08,"wos","study_type"
134,1,"Journal of Neuroscience",2009,"Journal of Neuroscience / 2009 / nonhuman / within",2,2.5,0.5,1,4,0.0147058823529412,0.253676470588235,3.54608105306939e-05,"wos","study_type"
135,0,"Journal of Neuroscience",2009,"Journal of Neuroscience / 2009 / human / within",4,10.5,6.5,2,3,-0.0294117647058824,0.130718954248366,2.65164799301224e-07,"wos","study_type"
136,0,"Journal of Neuroscience",2009,"Journal of Neuroscience / 2009 / nonhuman / between",1,8.25,7.25,1.1,2.1,-0.0161764705882353,0.0560924369747899,0.000725917243262692,"wos","study_type"
137,0,"Journal of Neuroscience",2009,"Journal of Neuroscience / 2009 / nonhuman / between",14,17.25,3.25,1.1,2.1,-0.0161764705882353,0.0560924369747899,4.37872757500973e-05,"wos","study_type"
139,1,"Journal of Neuroscience",2009,"Journal of Neuroscience / 2009 / nonhuman / between",3,12.5,9.5,1,2.1,0.0147058823529412,0.0546218487394958,0.00111054524136566,"wos","study_type"
140,0,"Journal of Neuroscience",2009,"Journal of Neuroscience / 2009 / nonhuman / between",6,19,13,1.1,2.1,-0.0161764705882353,0.0560924369747899,0.00315405588699298,"wos","study_type"
141,0,"Journal of Neuroscience",2009,"Journal of Neuroscience / 2009 / nonhuman / between",4,4.25,0.25,1.1,2.1,-0.0161764705882353,0.0560924369747899,7.44259316483072e-05,"wos","study_type"
143,1,"Journal of Neuroscience",2009,"Journal of Neuroscience / 2009 / nonhuman / between",6,5,-1,1,2.1,0.0147058823529412,0.0546218487394958,0.000228134162814883,"wos","study_type"
144,1,"Journal of Neuroscience",2009,"Journal of Neuroscience / 2009 / nonhuman / within",3,6.25,3.25,1,4,0.0147058823529412,0.253676470588235,0.000102248715166289,"wos","study_type"
145,1,"Journal of Neuroscience",2009,"Journal of Neuroscience / 2009 / nonhuman / between",4,6,2,1,2.1,0.0147058823529412,0.0546218487394958,1.60596439914955e-06,"wos","study_type"
146,1,"Journal of Neuroscience",2009,"Journal of Neuroscience / 2009 / human / within",8,8.5,0.5,1,3,0.0147058823529412,0.116013071895425,0.000958231630292803,"wos","study_type"
147,1,"Journal of Neuroscience",2009,"Journal of Neuroscience / 2009 / nonhuman / between",11,8,-3,1,2.1,0.0147058823529412,0.0546218487394958,0.000591884361505478,"wos","study_type"
148,0,"Journal of Neuroscience",2009,"Journal of Neuroscience / 2009 / nonhuman / between",12,7.25,-4.75,1.1,2.1,-0.0161764705882353,0.0560924369747899,0.00115832108487419,"wos","study_type"
149,0,"Journal of Neuroscience",2009,"Journal of Neuroscience / 2009 / human / within",11,7.5,-3.5,2,3,-0.0294117647058824,0.130718954248366,0.00996121669763732,"wos","study_type"
150,1,"Journal of Neuroscience",2009,"Journal of Neuroscience / 2009 / nonhuman / between",11,10.25,-0.75,1,2.1,0.0147058823529412,0.0546218487394958,0.000194631529214314,"wos","study_type"
151,1,"Journal of Neuroscience",2009,"Journal of Neuroscience / 2009 / human / within",9,6,-3,1,3,0.0147058823529412,0.116013071895425,0.00232511068116027,"wos","study_type"
152,1,"Journal of Neuroscience",2009,"Journal of Neuroscience / 2009 / human / within",21,43.5,22.5,1,3,0.0147058823529412,0.116013071895425,0.00601583095263617,"wos","study_type"
155,1,"Journal of Neuroscience",2009,"Journal of Neuroscience / 2009 / human / within",21,35.5,14.5,1,3,0.0147058823529412,0.116013071895425,0.00145168792648431,"wos","study_type"
156,1,"Journal of Neuroscience",2009,"Journal of Neuroscience / 2009 / nonhuman / between",10,7,-3,1,2.1,0.0147058823529412,0.0546218487394958,0.000591884361505478,"wos","study_type"
157,1,"Journal of Neuroscience",2009,"Journal of Neuroscience / 2009 / nonhuman / between",4,4.25,0.25,1,2.1,0.0147058823529412,0.0546218487394958,8.72124197803872e-05,"wos","study_type"
6,1,"Nature Neuroscience",2010,"Nature Neuroscience / 2010",2,22.25,20.25,1,2,0.0204081632653061,0.260204081632653,0.00128766348429217,"wos","species_sample_journal_year"
9,0,"Nature Neuroscience",2010,"Nature Neuroscience / 2010",18,80.5,62.5,1,2,-0.0204081632653061,0.260204081632653,0.173256036052238,"wos","species_sample_journal_year"
10,0,"Nature Neuroscience",2010,"Nature Neuroscience / 2010",0,6.25,6.25,1,2,-0.0204081632653061,0.260204081632652,0.0226549948273696,"wos","species_sample_journal_year"
12,1,"Nature Neuroscience",2010,"Nature Neuroscience / 2010",3,4,1,1,2,0.0204081632653061,0.260204081632653,0.0528266864812473,"wos","species_sample_journal_year"
13,1,"Nature Neuroscience",2009,"Nature Neuroscience / 2009",42,83.75,41.75,1,2.33333333333333,0.0204081632653061,0.151603498542274,0.0715602365435434,"wos","species_sample_journal_year"
18,1,"Nature Neuroscience",2009,"Nature Neuroscience / 2009",2,3.75,1.75,1,2.33333333333333,0.0204081632653061,0.151603498542274,0.00704406901119205,"wos","species_sample_journal_year"
20,0,"Nature Neuroscience",2009,"Nature Neuroscience / 2009",10,22.25,12.25,1.33333333333333,2.33333333333333,-0.0272108843537415,0.158406219630709,0.00177761293055165,"wos","species_sample_journal_year"
22,1,"Nature Neuroscience",2009,"Nature Neuroscience / 2009",10,14.75,4.75,1,2.33333333333333,0.0204081632653061,0.151603498542274,0.00331444559075805,"wos","species_sample_journal_year"
27,0,"Nature Neuroscience",2009,"Nature Neuroscience / 2009",5,12.25,7.25,1.33333333333333,2.33333333333333,-0.0272108843537415,0.158406219630709,0.000285084258091698,"wos","species_sample_journal_year"
30,0,"Nature Neuroscience",2009,"Nature Neuroscience / 2009",6,8,2,1.33333333333333,2.33333333333333,-0.0272108843537415,0.158406219630709,0.00622251715084343,"wos","species_sample_journal_year"
31,1,"Nature Neuroscience",2009,"Nature Neuroscience / 2009",8,9.5,1.5,1,2.33333333333333,0.0204081632653061,0.151603498542274,0.0074175896384635,"wos","species_sample_journal_year"
45,0,"Neuron",2010,"Neuron / 2010",5,6,1,0.666666666666667,1.66666666666667,-0.0136054421768707,0.205442176870748,0.00572754415529699,"wos","species_sample_journal_year"
50,0,"Neuron",2010,"Neuron / 2010",4,42,38,0.666666666666667,1.66666666666667,-0.0136054421768707,0.205442176870748,0.0242497492681496,"wos","species_sample_journal_year"
53,1,"Neuron",2010,"Neuron / 2010",1,10.75,9.75,1,1.66666666666667,0.0204081632653061,0.212244897959183,0.00319508454789138,"wos","species_sample_journal_year"
57,1,"Neuron",2010,"Neuron / 2010",2,18.75,16.75,1,1.66666666666667,0.0204081632653061,0.212244897959183,9.42970751827037e-05,"wos","species_sample_journal_year"
58,0,"Neuron",2010,"Neuron / 2010",0,5.25,5.25,0.666666666666667,1.66666666666667,-0.0136054421768707,0.205442176870748,0.00241084615388286,"wos","species_sample_journal_year"
60,0,"Journal of Neuroscience",2010,"Journal of Neuroscience / 2010",11,11.75,0.75,0.571428571428571,1.57142857142857,-0.0116618075801749,0.0496952027564272,0.000863885594345789,"wos","species_sample_journal_year"
61,0,"Journal of Neuroscience",2010,"Journal of Neuroscience / 2010",3,16,13,0.571428571428571,1.57142857142857,-0.0116618075801749,0.0496952027564272,0.000650973768054282,"wos","species_sample_journal_year"
62,0,"Journal of Neuroscience",2010,"Journal of Neuroscience / 2010",0,12.5,12.5,0.571428571428571,1.57142857142857,-0.0116618075801749,0.0496952027564272,0.000541638185677534,"wos","species_sample_journal_year"
63,0,"Journal of Neuroscience",2010,"Journal of Neuroscience / 2010",3,11.25,8.25,0.571428571428571,1.57142857142857,-0.0116618075801749,0.0496952027564272,1.78426833824959e-05,"wos","species_sample_journal_year"
64,1,"Journal of Neuroscience",2010,"Journal of Neuroscience / 2010",3,22.25,19.25,1,1.57142857142857,0.0204081632653061,0.0584415584415584,0.00544330884041259,"wos","species_sample_journal_year"
65,0,"Journal of Neuroscience",2010,"Journal of Neuroscience / 2010",0,6.25,6.25,0.571428571428571,1.57142857142857,-0.0116618075801749,0.0496952027564272,2.24695354958625e-05,"wos","species_sample_journal_year"
66,0,"Journal of Neuroscience",2010,"Journal of Neuroscience / 2010",1,8,7,0.571428571428571,1.57142857142857,-0.0116618075801749,0.0496952027564272,1.90055196384621e-06,"wos","species_sample_journal_year"
67,1,"Journal of Neuroscience",2010,"Journal of Neuroscience / 2010",1,3.5,2.5,1,1.57142857142857,0.0204081632653061,0.0584415584415584,0.00346028144420089,"wos","species_sample_journal_year"
68,0,"Journal of Neuroscience",2010,"Journal of Neuroscience / 2010",0,3,3,0.571428571428571,1.57142857142857,-0.0116618075801749,0.0496952027564272,0.000372765404789053,"wos","species_sample_journal_year"
69,1,"Journal of Neuroscience",2010,"Journal of Neuroscience / 2010",3,6.5,3.5,1,1.57142857142857,0.0204081632653061,0.0584415584415584,0.00259158002546056,"wos","species_sample_journal_year"
70,0,"Journal of Neuroscience",2010,"Journal of Neuroscience / 2010",0,5,5,0.571428571428571,1.57142857142857,-0.0116618075801749,0.0496952027564272,0.000106974945354567,"wos","species_sample_journal_year"
73,1,"Journal of Neuroscience",2010,"Journal of Neuroscience / 2010",0,4,4,1,1.57142857142857,0.0204081632653061,0.0584415584415584,0.00220423365485404,"wos","species_sample_journal_year"
74,1,"Journal of Neuroscience",2010,"Journal of Neuroscience / 2010",0,8.25,8.25,1,1.57142857142857,0.0204081632653061,0.0584415584415584,0.000176989623086752,"wos","species_sample_journal_year"
75,0,"Journal of Neuroscience",2010,"Journal of Neuroscience / 2010",0,3,3,0.571428571428571,1.57142857142857,-0.0116618075801749,0.0496952027564272,0.000372765404789053,"wos","species_sample_journal_year"
76,1,"Journal of Neuroscience",2010,"Journal of Neuroscience / 2010",1,12.75,11.75,1,1.57142857142857,0.0204081632653061,0.0584415584415584,0.000207484790053755,"wos","species_sample_journal_year"
77,1,"Journal of Neuroscience",2010,"Journal of Neuroscience / 2010",0,18,18,1,1.57142857142857,0.0204081632653061,0.0584415584415584,0.00408104296989815,"wos","species_sample_journal_year"
78,0,"Journal of Neuroscience",2010,"Journal of Neuroscience / 2010",0,8.5,8.5,0.571428571428571,1.57142857142857,-0.0116618075801749,0.0496952027564272,2.85646752620274e-05,"wos","species_sample_journal_year"
79,0,"Journal of Neuroscience",2010,"Journal of Neuroscience / 2010",1,4.75,3.75,0.571428571428571,1.57142857142857,-0.0116618075801749,0.0496952027564272,0.000254260068511617,"wos","species_sample_journal_year"
80,0,"Journal of Neuroscience",2010,"Journal of Neuroscience / 2010",0,4.5,4.5,0.571428571428571,1.57142857142857,-0.0116618075801749,0.0496952027564272,0.000158355429021585,"wos","species_sample_journal_year"
81,0,"Journal of Neuroscience",2010,"Journal of Neuroscience / 2010",0,2.5,2.5,0.571428571428571,1.57142857142857,-0.0116618075801749,0.0496952027564272,0.000464324904967014,"wos","species_sample_journal_year"
82,1,"Journal of Neuroscience",2010,"Journal of Neuroscience / 2010",0,18,18,1,1.57142857142857,0.0204081632653061,0.0584415584415584,0.00408104296989815,"wos","species_sample_journal_year"
83,0,"Journal of Neuroscience",2010,"Journal of Neuroscience / 2010",0,18.5,18.5,0.571428571428571,1.57142857142857,-0.0116618075801749,0.0496952027564272,0.00251661894662904,"wos","species_sample_journal_year"
84,1,"Nature",2009,"Nature / 2009",21,62.25,41.25,1,4,0.0204081632653061,0.255102040816326,0.0334668064149001,"wos","species_sample_journal_year"
85,1,"Nature",2009,"Nature / 2009",23,58.75,35.75,1,4,0.0204081632653061,0.255102040816326,0.0163591161084463,"wos","species_sample_journal_year"
86,1,"Nature",2009,"Nature / 2009",11,17.25,6.25,1,4,0.0204081632653061,0.255102040816326,0.0279871159706099,"wos","species_sample_journal_year"
87,0,"Nature",2009,"Nature / 2009",4,10,6,3,4,-0.0612244897959184,0.295918367346939,0.207581205147405,"wos","species_sample_journal_year"
90,0,"Science",2009,"Science / 2009",5,23.75,18.75,1.2,2.2,-0.0244897959183673,0.104267161410019,0.00195756965038591,"wos","species_sample_journal_year"
91,1,"Science",2009,"Science / 2009",19,27.25,8.25,1,2.2,0.0204081632653061,0.100185528756957,0.00518475128139278,"wos","species_sample_journal_year"
92,0,"Science",2009,"Science / 2009",3,10.75,7.75,1.2,2.2,-0.0244897959183673,0.104267161410019,0.00430346008417837,"wos","species_sample_journal_year"
93,1,"Science",2009,"Science / 2009",26,42.25,16.25,1,2.2,0.0204081632653061,0.100185528756957,3.28827971590498e-05,"wos","species_sample_journal_year"
96,1,"Science",2009,"Science / 2009",8,23.75,15.75,1,2.2,0.0204081632653061,0.100185528756957,9.75409346200849e-05,"wos","species_sample_journal_year"
98,0,"Science",2009,"Science / 2009",24,58,34,1.2,2.2,-0.0244897959183673,0.104267161410019,0.0386239672829328,"wos","species_sample_journal_year"
100,1,"Science",2009,"Science / 2009",44,94.25,50.25,1,2.2,0.0204081632653061,0.100185528756957,0.0761300929187663,"wos","species_sample_journal_year"
101,1,"Science",2009,"Science / 2009",75,86.25,11.25,1,2.2,0.0204081632653061,0.100185528756957,0.00222346602859084,"wos","species_sample_journal_year"
102,1,"Science",2009,"Science / 2009",12,11.5,-0.5,1,2.2,0.0204081632653061,0.100185528756957,0.0208770639755964,"wos","species_sample_journal_year"
103,0,"Science",2009,"Science / 2009",14,23.75,9.75,1.2,2.2,-0.0244897959183673,0.104267161410019,0.00208199737830929,"wos","species_sample_journal_year"
104,0,"Science",2009,"Science / 2009",7,8.75,1.75,1.2,2.2,-0.0244897959183673,0.104267161410019,0.015754347328325,"wos","species_sample_journal_year"
105,1,"Neuron",2009,"Neuron / 2009",3,11.5,8.5,1,2.25,0.0204081632653061,0.120181405895691,0.000328083381792379,"wos","species_sample_journal_year"
107,0,"Neuron",2009,"Neuron / 2009",2,4.75,2.75,1.25,2.25,-0.0255102040816327,0.125283446712018,0.00314529603789589,"wos","species_sample_journal_year"
108,1,"Neuron",2009,"Neuron / 2009",12,25.25,13.25,1,2.25,0.0204081632653061,0.120181405895691,0.000489716270897471,"wos","species_sample_journal_year"
109,1,"Neuron",2009,"Neuron / 2009",12,21.75,9.75,1,2.25,0.0204081632653061,0.120181405895691,5.65942146325246e-05,"wos","species_sample_journal_year"
110,1,"Neuron",2009,"Neuron / 2009",2,14.25,12.25,1,2.25,0.0204081632653061,0.120181405895691,0.000186524747406353,"wos","species_sample_journal_year"
112,0,"Neuron",2009,"Neuron / 2009",17,39,22,1.25,2.25,-0.0255102040816327,0.125283446712018,0.0221910799918272,"wos","species_sample_journal_year"
113,0,"Neuron",2009,"Neuron / 2009",15,16.25,1.25,1.25,2.25,-0.0255102040816327,0.125283446712018,0.00519276371877975,"wos","species_sample_journal_year"
114,0,"Neuron",2009,"Neuron / 2009",1,3,2,1.25,2.25,-0.0255102040816327,0.125283446712018,0.0041052065998638,"wos","species_sample_journal_year"
115,1,"Neuron",2009,"Neuron / 2009",22,35.5,13.5,1,2.25,0.0204081632653061,0.120181405895691,0.000587944447340035,"wos","species_sample_journal_year"
118,0,"Journal of Neuroscience",2009,"Journal of Neuroscience / 2009",0,4,4,1.35714285714286,2.35714285714286,-0.0276967930029155,0.0462496686986483,0.000536807444205738,"wos","species_sample_journal_year"
120,0,"Journal of Neuroscience",2009,"Journal of Neuroscience / 2009",4,4,0,1.35714285714286,2.35714285714286,-0.0276967930029155,0.0462496686986483,0.000370844509954977,"wos","species_sample_journal_year"
121,0,"Journal of Neuroscience",2009,"Journal of Neuroscience / 2009",4,13.5,9.5,1.35714285714286,2.35714285714286,-0.0276967930029155,0.0462496686986483,0.00664313758926717,"wos","species_sample_journal_year"
122,1,"Journal of Neuroscience",2009,"Journal of Neuroscience / 2009",0,2.5,2.5,1,2.35714285714286,0.0204081632653061,0.0389610389610389,0.000226060268954181,"wos","species_sample_journal_year"
123,1,"Journal of Neuroscience",2009,"Journal of Neuroscience / 2009",3,5.5,2.5,1,2.35714285714286,0.0204081632653061,0.0389610389610389,0.000226060268954181,"wos","species_sample_journal_year"
125,1,"Journal of Neuroscience",2009,"Journal of Neuroscience / 2009",17,19,2,1,2.35714285714286,0.0204081632653061,0.0389610389610389,0.000357715252146769,"wos","species_sample_journal_year"
126,1,"Journal of Neuroscience",2009,"Journal of Neuroscience / 2009",9,28.25,19.25,1,2.35714285714286,0.0204081632653061,0.0389610389610389,0.0131973551024689,"wos","species_sample_journal_year"
127,1,"Journal of Neuroscience",2009,"Journal of Neuroscience / 2009",0,2,2,1,2.35714285714286,0.0204081632653061,0.0389610389610389,0.000357715252146769,"wos","species_sample_journal_year"
128,1,"Journal of Neuroscience",2009,"Journal of Neuroscience / 2009",1,2.75,1.75,1,2.35714285714286,0.0204081632653061,0.0389610389610389,0.000434822261439667,"wos","species_sample_journal_year"
129,0,"Journal of Neuroscience",2009,"Journal of Neuroscience / 2009",1,3.25,2.25,1.35714285714286,2.35714285714286,-0.0276967930029155,0.0462496686986483,2.1229449993281e-05,"wos","species_sample_journal_year"
130,0,"Journal of Neuroscience",2009,"Journal of Neuroscience / 2009",7,2.25,-4.75,1.35714285714286,2.35714285714286,-0.0276967930029155,0.0462496686986483,0.00484954963613066,"wos","species_sample_journal_year"
131,0,"Journal of Neuroscience",2009,"Journal of Neuroscience / 2009",11,13,2,1.35714285714286,2.35714285714286,-0.0276967930029155,0.0462496686986483,3.82550929343768e-06,"wos","species_sample_journal_year"
132,0,"Journal of Neuroscience",2009,"Journal of Neuroscience / 2009",4,4.75,0.75,1.35714285714286,2.35714285714286,-0.0276967930029155,0.0462496686986483,0.00012774352506934,"wos","species_sample_journal_year"
133,1,"Journal of Neuroscience",2009,"Journal of Neuroscience / 2009",5,7.25,2.25,1,2.35714285714286,0.0204081632653061,0.0389610389610389,0.000288127921318274,"wos","species_sample_journal_year"
135,0,"Journal of Neuroscience",2009,"Journal of Neuroscience / 2009",4,10.5,6.5,1.35714285714286,2.35714285714286,-0.0276967930029155,0.0462496686986483,0.00246866117849682,"wos","species_sample_journal_year"
136,0,"Journal of Neuroscience",2009,"Journal of Neuroscience / 2009",1,8.25,7.25,1.35714285714286,2.35714285714286,-0.0276967930029155,0.0462496686986483,0.00332243633384181,"wos","species_sample_journal_year"
137,0,"Journal of Neuroscience",2009,"Journal of Neuroscience / 2009",14,17.25,3.25,1.35714285714286,2.35714285714286,-0.0276967930029155,0.0462496686986483,0.000231470358976066,"wos","species_sample_journal_year"
139,1,"Journal of Neuroscience",2009,"Journal of Neuroscience / 2009",3,12.5,9.5,1,2.35714285714286,0.0204081632653061,0.0389610389610389,0.00154115545930701,"wos","species_sample_journal_year"
140,0,"Journal of Neuroscience",2009,"Journal of Neuroscience / 2009",6,19,13,1.35714285714286,2.35714285714286,-0.0276967930029155,0.0462496686986483,0.0140727377290374,"wos","species_sample_journal_year"
141,0,"Journal of Neuroscience",2009,"Journal of Neuroscience / 2009",4,4.25,0.25,1.35714285714286,2.35714285714286,-0.0276967930029155,0.0462496686986483,0.00027574833370809,"wos","species_sample_journal_year"
143,1,"Journal of Neuroscience",2009,"Journal of Neuroscience / 2009",6,5,-1,1,2.35714285714286,0.0204081632653061,0.0389610389610389,0.00177929814231211,"wos","species_sample_journal_year"
144,1,"Journal of Neuroscience",2009,"Journal of Neuroscience / 2009",3,6.25,3.25,1,2.35714285714286,0.0204081632653061,0.0389610389610389,8.49753826483173e-05,"wos","species_sample_journal_year"
145,1,"Journal of Neuroscience",2009,"Journal of Neuroscience / 2009",4,6,2,1,2.35714285714286,0.0204081632653061,0.0389610389610389,0.000357715252146769,"wos","species_sample_journal_year"
146,1,"Journal of Neuroscience",2009,"Journal of Neuroscience / 2009",8,8.5,0.5,1,2.35714285714286,0.0204081632653061,0.0389610389610389,0.000933152484870194,"wos","species_sample_journal_year"
147,1,"Journal of Neuroscience",2009,"Journal of Neuroscience / 2009",11,8,-3,1,2.35714285714286,0.0204081632653061,0.0389610389610389,0.00332859434624121,"wos","species_sample_journal_year"
148,0,"Journal of Neuroscience",2009,"Journal of Neuroscience / 2009",12,7.25,-4.75,1.35714285714286,2.35714285714286,-0.0276967930029155,0.0462496686986483,0.00484954963613066,"wos","species_sample_journal_year"
149,0,"Journal of Neuroscience",2009,"Journal of Neuroscience / 2009",11,7.5,-3.5,1.35714285714286,2.35714285714286,-0.0276967930029155,0.0462496686986483,0.00317875501233722,"wos","species_sample_journal_year"
150,1,"Journal of Neuroscience",2009,"Journal of Neuroscience / 2009",11,10.25,-0.75,1,2.35714285714286,0.0204081632653061,0.0389610389610389,0.00161947466991078,"wos","species_sample_journal_year"
151,1,"Journal of Neuroscience",2009,"Journal of Neuroscience / 2009",9,6,-3,1,2.35714285714286,0.0204081632653061,0.0389610389610389,0.00332859434624121,"wos","species_sample_journal_year"
152,1,"Journal of Neuroscience",2009,"Journal of Neuroscience / 2009",21,43.5,22.5,1,2.35714285714286,0.0204081632653061,0.0389610389610389,0.0196244063044909,"wos","species_sample_journal_year"
155,1,"Journal of Neuroscience",2009,"Journal of Neuroscience / 2009",21,35.5,14.5,1,2.35714285714286,0.0204081632653061,0.0389610389610389,0.00608995482961509,"wos","species_sample_journal_year"
156,1,"Journal of Neuroscience",2009,"Journal of Neuroscience / 2009",10,7,-3,1,2.35714285714286,0.0204081632653061,0.0389610389610389,0.00332859434624121,"wos","species_sample_journal_year"
157,1,"Journal of Neuroscience",2009,"Journal of Neuroscience / 2009",4,4.25,0.25,1,2.35714285714286,0.0204081632653061,0.0389610389610389,0.00105537756494951,"wos","species_sample_journal_year"
6,1,"Nature Neuroscience",2010,"Nature Neuroscience / 2010 / rat / between",2,22.25,20.25,1,2,0.0204081632653061,0.260204081632653,0.00036629250774863,"wos","species"
9,0,"Nature Neuroscience",2010,"Nature Neuroscience / 2010 / rat / between",18,80.5,62.5,1,2,-0.0204081632653061,0.260204081632653,0.0886197235908175,"wos","species"
10,0,"Nature Neuroscience",2010,"Nature Neuroscience / 2010 / rat / between",0,6.25,6.25,1,2,-0.0204081632653061,0.260204081632653,0.0137757401662702,"wos","species"
12,1,"Nature Neuroscience",2010,"Nature Neuroscience / 2010 / rat / between",3,4,1,1,2,0.0204081632653061,0.260204081632653,0.0259795668352605,"wos","species"
13,1,"Nature Neuroscience",2009,"Nature Neuroscience / 2009 / mouse / between",42,83.75,41.75,1,1.5,0.0204081632653061,0.346938775510205,0.0357661760130525,"wos","species"
18,1,"Nature Neuroscience",2009,"Nature Neuroscience / 2009 / human / within",2,3.75,1.75,1,4,0.0204081632653061,0.255102040816327,0.000268112426262883,"wos","species"
20,0,"Nature Neuroscience",2009,"Nature Neuroscience / 2009 / mouse / between",10,22.25,12.25,0.5,1.5,-0.0102040816326531,0.336734693877551,0.000648335526905555,"wos","species"
22,1,"Nature Neuroscience",2009,"Nature Neuroscience / 2009 / human / within",10,14.75,4.75,1,4,0.0204081632653061,0.255102040816327,3.14812339427385e-05,"wos","species"
27,0,"Nature Neuroscience",2009,"Nature Neuroscience / 2009 / human / within",5,12.25,7.25,3,4,-0.0612244897959184,0.295918367346939,0.0084542161106069,"wos","species"
30,0,"Nature Neuroscience",2009,"Nature Neuroscience / 2009 / mouse / between",6,8,2,0.5,1.5,-0.0102040816326531,0.336734693877552,0.00457551307056014,"wos","species"
31,1,"Nature Neuroscience",2009,"Nature Neuroscience / 2009 / human / within",8,9.5,1.5,1,4,0.0204081632653061,0.255102040816327,0.000331466387007508,"wos","species"
45,0,"Neuron",2010,"Neuron / 2010 / rat / within",5,6,1,0.666666666666667,1.66666666666667,-0.0136054421768707,0.205442176870748,0.00347747587172538,"wos","species"
50,0,"Neuron",2010,"Neuron / 2010 / rat / within",4,42,38,0.666666666666667,1.66666666666667,-0.0136054421768707,0.205442176870749,0.0122096353689143,"wos","species"
53,1,"Neuron",2010,"Neuron / 2010 / rat / within",1,10.75,9.75,1,1.66666666666667,0.0204081632653061,0.212244897959184,0.00111213367474321,"wos","species"
57,1,"Neuron",2010,"Neuron / 2010 / rat / within",2,18.75,16.75,1,1.66666666666667,0.0204081632653061,0.212244897959184,0.000229786771621444,"wos","species"
58,0,"Neuron",2010,"Neuron / 2010 / rat / within",0,5.25,5.25,0.666666666666667,1.66666666666667,-0.0136054421768707,0.205442176870748,0.00156058838895699,"wos","species"
60,0,"Journal of Neuroscience",2010,"Journal of Neuroscience / 2010 / rat / between",11,11.75,0.75,0.5,1.5,-0.0102040816326531,0.336734693877551,0.000412842188491552,"wos","species"
61,0,"Journal of Neuroscience",2010,"Journal of Neuroscience / 2010 / rat / between",3,16,13,0.5,1.5,-0.0102040816326531,0.336734693877551,0.000905519517778685,"wos","species"
62,0,"Journal of Neuroscience",2010,"Journal of Neuroscience / 2010 / mouse / between",0,12.5,12.5,5,6,-0.102040816326531,0.251700680272109,0.00442089024058494,"wos","species"
63,0,"Journal of Neuroscience",2010,"Journal of Neuroscience / 2010 / human / within",3,11.25,8.25,0.181818181818182,1.18181818181818,-0.00371057513914657,0.0774939346367917,1.00695381978819e-06,"wos","species"
64,1,"Journal of Neuroscience",2010,"Journal of Neuroscience / 2010 / mouse / between",3,22.25,19.25,1,6,0.0204081632653061,0.170068027210884,0.00269009211628941,"wos","species"
65,0,"Journal of Neuroscience",2010,"Journal of Neuroscience / 2010 / human / within",0,6.25,6.25,0.181818181818182,1.18181818181818,-0.00371057513914657,0.0774939346367917,1.31862838370248e-06,"wos","species"
66,0,"Journal of Neuroscience",2010,"Journal of Neuroscience / 2010 / human / within",1,8,7,0.181818181818182,1.18181818181818,-0.00371057513914657,0.0774939346367917,1.16550939895356e-07,"wos","species"
67,1,"Journal of Neuroscience",2010,"Journal of Neuroscience / 2010 / mouse / between",1,3.5,2.5,1,6,0.0204081632653061,0.170068027210884,0.00339964189121182,"wos","species"
68,0,"Journal of Neuroscience",2010,"Journal of Neuroscience / 2010 / human / within",0,3,3,0.181818181818182,1.18181818181818,-0.00371057513914657,0.0774939346367917,2.15757301286376e-05,"wos","species"
69,1,"Journal of Neuroscience",2010,"Journal of Neuroscience / 2010 / mouse / between",3,6.5,3.5,1,6,0.0204081632653061,0.170068027210884,0.00267588764846623,"wos","species"
70,0,"Journal of Neuroscience",2010,"Journal of Neuroscience / 2010 / human / within",0,5,5,0.181818181818182,1.18181818181818,-0.00371057513914657,0.0774939346367917,6.21595607628568e-06,"wos","species"
73,1,"Journal of Neuroscience",2010,"Journal of Neuroscience / 2010 / rat / between",0,4,4,1,1.5,0.0204081632653061,0.346938775510204,0.000394105184839528,"wos","species"
74,1,"Journal of Neuroscience",2010,"Journal of Neuroscience / 2010 / human / within",0,8.25,8.25,1,1.18181818181818,0.0204081632653061,0.0941915227629513,2.18403157199263e-06,"wos","species"
75,0,"Journal of Neuroscience",2010,"Journal of Neuroscience / 2010 / human / within",0,3,3,0.181818181818182,1.18181818181818,-0.00371057513914657,0.0774939346367917,2.15757301286376e-05,"wos","species"
76,1,"Journal of Neuroscience",2010,"Journal of Neuroscience / 2010 / mouse / between",1,12.75,11.75,1,6,0.0204081632653061,0.170068027210884,6.42676839076936e-06,"wos","species"
77,1,"Journal of Neuroscience",2010,"Journal of Neuroscience / 2010 / human / within",0,18,18,1,1.18181818181818,0.0204081632653061,0.0941915227629513,0.00362839475324034,"wos","species"
78,0,"Journal of Neuroscience",2010,"Journal of Neuroscience / 2010 / human / within",0,8.5,8.5,0.181818181818182,1.18181818181818,-0.00371057513914657,0.0774939346367917,1.61911418870242e-06,"wos","species"
79,0,"Journal of Neuroscience",2010,"Journal of Neuroscience / 2010 / human / within",1,4.75,3.75,0.181818181818182,1.18181818181818,-0.00371057513914657,0.0774939346367917,1.47306153766664e-05,"wos","species"
80,0,"Journal of Neuroscience",2010,"Journal of Neuroscience / 2010 / human / within",0,4.5,4.5,0.181818181818182,1.18181818181818,-0.00371057513914657,0.0774939346367917,9.18774000350226e-06,"wos","species"
81,0,"Journal of Neuroscience",2010,"Journal of Neuroscience / 2010 / human / within",0,2.5,2.5,0.181818181818182,1.18181818181818,-0.00371057513914657,0.0774939346367917,2.68626062848446e-05,"wos","species"
82,1,"Journal of Neuroscience",2010,"Journal of Neuroscience / 2010 / mouse / between",0,18,18,1,6,0.0204081632653061,0.170068027210884,0.00190482196795253,"wos","species"
83,0,"Journal of Neuroscience",2010,"Journal of Neuroscience / 2010 / human / within",0,18.5,18.5,0.181818181818182,1.18181818181818,-0.00371057513914657,0.0774939346367917,0.000144754005681031,"wos","species"
84,1,"Nature",2009,"Nature / 2009 / mouse / between",21,62.25,41.25,1,4,0.0204081632653061,0.255102040816327,0.018911896668802,"wos","species"
85,1,"Nature",2009,"Nature / 2009 / mouse / between",23,58.75,35.75,1,4,0.0204081632653061,0.255102040816327,0.00945071436534993,"wos","species"
86,1,"Nature",2009,"Nature / 2009 / mouse / between",11,17.25,6.25,1,4,0.0204081632653061,0.255102040816327,0.014154000361137,"wos","species"
87,0,"Nature",2009,"Nature / 2009 / mouse / between",4,10,6,3,4,-0.0612244897959184,0.295918367346939,0.135002738319497,"wos","species"
90,0,"Science",2009,"Science / 2009 / human / within",5,23.75,18.75,0.333333333333333,1.33333333333333,-0.00680272108843537,0.251700680272109,0.000325712983914443,"wos","species"
91,1,"Science",2009,"Science / 2009 / rat / between",19,27.25,8.25,1,5,0.0204081632653061,0.204081632653061,0.0015484932403456,"wos","species"
92,0,"Science",2009,"Science / 2009 / human / between",3,10.75,7.75,1,2,-0.0204081632653061,0.510204081632653,0.0542906322735845,"wos","species"
93,1,"Science",2009,"Science / 2009 / rat / between",26,42.25,16.25,1,5,0.0204081632653061,0.204081632653061,0.000240793761249056,"wos","species"
96,1,"Science",2009,"Science / 2009 / human / within",8,23.75,15.75,1,1.33333333333333,0.0204081632653061,0.265306122448979,0.000769895703651586,"wos","species"
98,0,"Science",2009,"Science / 2009 / rat / between",24,58,34,4,5,-0.0816326530612245,0.26530612244898,0.378485002881082,"wos","species"
100,1,"Science",2009,"Science / 2009 / human / between",44,94.25,50.25,1,2,0.0204081632653061,0.510204081632653,0.0542906322735845,"wos","species"
101,1,"Science",2009,"Science / 2009 / rat / between",75,86.25,11.25,1,5,0.0204081632653061,0.204081632653061,0.000352509552276909,"wos","species"
102,1,"Science",2009,"Science / 2009 / rat / between",12,11.5,-0.5,1,5,0.0204081632653061,0.204081632653061,0.00987305420848477,"wos","species"
103,0,"Science",2009,"Science / 2009 / human / within",14,23.75,9.75,0.333333333333333,1.33333333333333,-0.00680272108843537,0.251700680272109,1.47264154675115e-05,"wos","species"
104,0,"Science",2009,"Science / 2009 / human / within",7,8.75,1.75,0.333333333333333,1.33333333333333,-0.00680272108843537,0.251700680272109,0.000542463857763388,"wos","species"
105,1,"Neuron",2009,"Neuron / 2009 / human / within",3,11.5,8.5,1,2.5,0.0204081632653061,0.208163265306123,0.000379282670878459,"wos","species"
107,0,"Neuron",2009,"Neuron / 2009 / human / within",2,4.75,2.75,1.5,2.5,-0.0306122448979592,0.218367346938776,0.00682748209128118,"wos","species"
108,1,"Neuron",2009,"Neuron / 2009 / primate / within",12,25.25,13.25,1,2,0.0204081632653061,0.510204081632653,0.00346456288623068,"wos","species"
109,1,"Neuron",2009,"Neuron / 2009 / human / within",12,21.75,9.75,1,2.5,0.0204081632653061,0.208163265306123,0.000117891756869275,"wos","species"
110,1,"Neuron",2009,"Neuron / 2009 / human / within",2,14.25,12.25,1,2.5,0.0204081632653061,0.208163265306123,4.0665754374837e-05,"wos","species"
112,0,"Neuron",2009,"Neuron / 2009 / human / within",17,39,22,1.5,2.5,-0.0306122448979592,0.218367346938776,0.0141685462099216,"wos","species"
113,0,"Neuron",2009,"Neuron / 2009 / rat / between",15,16.25,1.25,1,2,-0.0204081632653061,0.510204081632653,0.00415162598395023,"wos","species"
114,0,"Neuron",2009,"Neuron / 2009 / primate / within",1,3,2,1,2,-0.0204081632653061,0.510204081632653,0.00346456288623067,"wos","species"
115,1,"Neuron",2009,"Neuron / 2009 / rat / between",22,35.5,13.5,1,2,0.0204081632653061,0.510204081632654,0.00415162598395025,"wos","species"
118,0,"Journal of Neuroscience",2009,"Journal of Neuroscience / 2009 / rat / between",0,4,4,1,2,-0.0204081632653061,0.0935374149659864,0.000221029276227693,"wos","species"
120,0,"Journal of Neuroscience",2009,"Journal of Neuroscience / 2009 / primate / within",4,4,0,2,3,-0.0408163265306122,0.360544217687075,0.00048636165377369,"wos","species"
121,0,"Journal of Neuroscience",2009,"Journal of Neuroscience / 2009 / rat / between",4,13.5,9.5,1,2,-0.0204081632653061,0.0935374149659864,0.0023029296582201,"wos","species"
122,1,"Journal of Neuroscience",2009,"Journal of Neuroscience / 2009 / human / within",0,2.5,2.5,1,3,0.0204081632653061,0.117913832199547,0.000740048201290178,"wos","species"
123,1,"Journal of Neuroscience",2009,"Journal of Neuroscience / 2009 / mouse / between",3,5.5,2.5,1,2.33333333333333,0.0204081632653061,0.151603498542274,7.32706559037289e-05,"wos","species"
125,1,"Journal of Neuroscience",2009,"Journal of Neuroscience / 2009 / mouse / between",17,19,2,1,2.33333333333333,0.0204081632653061,0.151603498542274,0.000138697367771564,"wos","species"
126,1,"Journal of Neuroscience",2009,"Journal of Neuroscience / 2009 / human / within",9,28.25,19.25,1,3,0.0204081632653061,0.117913832199547,0.00584531520452376,"wos","species"
127,1,"Journal of Neuroscience",2009,"Journal of Neuroscience / 2009 / primate / within",0,2,2,1,3,0.0204081632653061,0.340136054421769,2.97404723589911e-08,"wos","species"
128,1,"Journal of Neuroscience",2009,"Journal of Neuroscience / 2009 / rat / between",1,2.75,1.75,1,2,0.0204081632653061,0.0935374149659864,7.9679963261319e-06,"wos","species"
129,0,"Journal of Neuroscience",2009,"Journal of Neuroscience / 2009 / rat / between",1,3.25,2.25,1,2,-0.0204081632653061,0.0935374149659864,1.8734182017097e-05,"wos","species"
130,0,"Journal of Neuroscience",2009,"Journal of Neuroscience / 2009 / primate / between",7,2.25,-4.75,1,2,-0.0204081632653061,0.510204081632653,0.00114135531959102,"wos","species"
131,0,"Journal of Neuroscience",2009,"Journal of Neuroscience / 2009 / rat / between",11,13,2,1,2,-0.0204081632653061,0.0935374149659864,7.96799632613192e-06,"wos","species"
132,0,"Journal of Neuroscience",2009,"Journal of Neuroscience / 2009 / human / within",4,4.75,0.75,2,3,-0.0408163265306122,0.138321995464853,0.00478295534756754,"wos","species"
133,1,"Journal of Neuroscience",2009,"Journal of Neuroscience / 2009 / rat / between",5,7.25,2.25,1,2,0.0204081632653061,0.0935374149659864,3.54600556844341e-08,"wos","species"
135,0,"Journal of Neuroscience",2009,"Journal of Neuroscience / 2009 / human / within",4,10.5,6.5,2,3,-0.0408163265306122,0.138321995464853,1.36542853332207e-05,"wos","species"
136,0,"Journal of Neuroscience",2009,"Journal of Neuroscience / 2009 / rat / between",1,8.25,7.25,1,2,-0.0204081632653061,0.0935374149659864,0.0011860463536402,"wos","species"
137,0,"Journal of Neuroscience",2009,"Journal of Neuroscience / 2009 / mouse / between",14,17.25,3.25,1.33333333333333,2.33333333333333,-0.0272108843537415,0.15840621963071,8.58266091058349e-07,"wos","species"
139,1,"Journal of Neuroscience",2009,"Journal of Neuroscience / 2009 / mouse / between",3,12.5,9.5,1,2.33333333333333,0.0204081632653061,0.151603498542274,0.00133081701906544,"wos","species"
140,0,"Journal of Neuroscience",2009,"Journal of Neuroscience / 2009 / mouse / between",6,19,13,1.33333333333333,2.33333333333333,-0.0272108843537415,0.15840621963071,0.0072673275499447,"wos","species"
141,0,"Journal of Neuroscience",2009,"Journal of Neuroscience / 2009 / rat / between",4,4.25,0.25,1,2,-0.0204081632653061,0.0935374149659864,5.95364908632158e-05,"wos","species"
143,1,"Journal of Neuroscience",2009,"Journal of Neuroscience / 2009 / rat / between",6,5,-1,1,2,0.0204081632653061,0.0935374149659864,0.000375726349303934,"wos","species"
144,1,"Journal of Neuroscience",2009,"Journal of Neuroscience / 2009 / primate / within",3,6.25,3.25,1,3,0.0204081632653061,0.340136054421769,0.000110529789560118,"wos","species"
145,1,"Journal of Neuroscience",2009,"Journal of Neuroscience / 2009 / primate / between",4,6,2,1,2,0.0204081632653061,0.510204081632653,0.00114135531959103,"wos","species"
146,1,"Journal of Neuroscience",2009,"Journal of Neuroscience / 2009 / human / within",8,8.5,0.5,1,3,0.0204081632653061,0.117913832199547,0.00156665238372266,"wos","species"
147,1,"Journal of Neuroscience",2009,"Journal of Neuroscience / 2009 / rat / between",11,8,-3,1,2,0.0204081632653061,0.0935374149659864,0.000987716125808993,"wos","species"
148,0,"Journal of Neuroscience",2009,"Journal of Neuroscience / 2009 / mouse / between",12,7.25,-4.75,1.33333333333333,2.33333333333333,-0.0272108843537415,0.15840621963071,0.00465956629398126,"wos","species"
149,0,"Journal of Neuroscience",2009,"Journal of Neuroscience / 2009 / human / within",11,7.5,-3.5,2,3,-0.0408163265306122,0.138321995464853,0.015130865894748,"wos","species"
150,1,"Journal of Neuroscience",2009,"Journal of Neuroscience / 2009 / mouse / between",11,10.25,-0.75,1,2.33333333333333,0.0204081632653061,0.151603498542274,0.000868560243867906,"wos","species"
151,1,"Journal of Neuroscience",2009,"Journal of Neuroscience / 2009 / human / within",9,6,-3,1,3,0.0204081632653061,0.117913832199547,0.00375045303145325,"wos","species"
152,1,"Journal of Neuroscience",2009,"Journal of Neuroscience / 2009 / human / within",21,43.5,22.5,1,3,0.0204081632653061,0.117913832199547,0.00932528245636507,"wos","species"
155,1,"Journal of Neuroscience",2009,"Journal of Neuroscience / 2009 / human / within",21,35.5,14.5,1,3,0.0204081632653061,0.117913832199547,0.0022145467006479,"wos","species"
156,1,"Journal of Neuroscience",2009,"Journal of Neuroscience / 2009 / rat / between",10,7,-3,1,2,0.0204081632653061,0.0935374149659864,0.000987716125808993,"wos","species"
157,1,"Journal of Neuroscience",2009,"Journal of Neuroscience / 2009 / rat / between",4,4.25,0.25,1,2,0.0204081632653061,0.0935374149659864,0.000140564286029337,"wos","species"
1,1,"Nature Neuroscience",2010,"Nature Neuroscience / 2010",1,40.5,39.5,1,2.4,0.0131578947368421,0.0888157894736838,0.0155355423912141,"openalex","journal_year"
2,1,"Nature Neuroscience",2010,"Nature Neuroscience / 2010",1,21.75,20.75,1,2.4,0.0131578947368421,0.0888157894736839,7.51412516764265e-06,"openalex","journal_year"
3,1,"Nature Neuroscience",2010,"Nature Neuroscience / 2010",3,43,40,1,2.4,0.0131578947368421,0.0888157894736844,0.0163564493522159,"openalex","journal_year"
4,0,"Nature Neuroscience",2010,"Nature Neuroscience / 2010",2,13.25,11.25,1.4,2.4,-0.0184210526315789,0.0940789473684218,0.00754839479002895,"openalex","journal_year"
5,0,"Nature Neuroscience",2010,"Nature Neuroscience / 2010",2,10.5,8.5,1.4,2.4,-0.0184210526315789,0.0940789473684207,0.0125568040503648,"openalex","journal_year"
6,1,"Nature Neuroscience",2010,"Nature Neuroscience / 2010",2,25.25,23.25,1,2.4,0.0131578947368421,0.088815789473685,0.00036079429198324,"openalex","journal_year"
7,1,"Nature Neuroscience",2010,"Nature Neuroscience / 2010",8,13.75,5.75,1,2.4,0.0131578947368421,0.0888157894736844,0.0089830933217514,"openalex","journal_year"
8,0,"Nature Neuroscience",2010,"Nature Neuroscience / 2010",4,20.5,16.5,1.4,2.4,-0.0184210526315789,0.0940789473684212,0.00150690685597595,"openalex","journal_year"
9,0,"Nature Neuroscience",2010,"Nature Neuroscience / 2010",22,91.5,69.5,1.4,2.4,-0.0184210526315789,0.0940789473684211,0.199259118274976,"openalex","journal_year"
10,0,"Nature Neuroscience",2010,"Nature Neuroscience / 2010",0,6.25,6.25,1.4,2.4,-0.0184210526315789,0.0940789473684212,0.0175974561203275,"openalex","journal_year"
11,1,"Nature Neuroscience",2010,"Nature Neuroscience / 2010",17,21.5,4.5,1,2.4,0.0131578947368421,0.0888157894736844,0.0105896200557954,"openalex","journal_year"
12,1,"Nature Neuroscience",2010,"Nature Neuroscience / 2010",4,4.25,0.25,1,2.4,0.0131578947368421,0.0888157894736844,0.017039817454844,"openalex","journal_year"
13,1,"Nature Neuroscience",2009,"Nature Neuroscience / 2009",65,89.5,24.5,1,1.58333333333333,0.0131578947368421,0.0609418282548477,0.0098680501502462,"openalex","journal_year"
14,0,"Nature Neuroscience",2009,"Nature Neuroscience / 2009",20,52.5,32.5,0.583333333333333,1.58333333333333,-0.00767543859649123,0.0554593721144968,0.0072883885474387,"openalex","journal_year"
15,1,"Nature Neuroscience",2009,"Nature Neuroscience / 2009",8,33.5,25.5,1,1.58333333333333,0.0131578947368421,0.0609418282548477,0.0111611700693795,"openalex","journal_year"
16,0,"Nature Neuroscience",2009,"Nature Neuroscience / 2009",11,7.25,-3.75,0.583333333333333,1.58333333333333,-0.00767543859649123,0.0554593721144968,0.00223252415199472,"openalex","journal_year"
17,0,"Nature Neuroscience",2009,"Nature Neuroscience / 2009",43,83.25,40.25,0.583333333333333,1.58333333333333,-0.00767543859649123,0.0554593721144968,0.0129335244819984,"openalex","journal_year"
18,1,"Nature Neuroscience",2009,"Nature Neuroscience / 2009",6,3.75,-2.25,1,1.58333333333333,0.0131578947368421,0.0609418282548477,0.00481789799111878,"openalex","journal_year"
19,0,"Nature Neuroscience",2009,"Nature Neuroscience / 2009",12,17,5,0.583333333333333,1.58333333333333,-0.00767543859649123,0.0554593721144968,0.000232180519021531,"openalex","journal_year"
20,0,"Nature Neuroscience",2009,"Nature Neuroscience / 2009",15,23,8,0.583333333333333,1.58333333333333,-0.00767543859649123,0.0554593721144968,1.81636701537174e-05,"openalex","journal_year"
21,0,"Nature Neuroscience",2009,"Nature Neuroscience / 2009",6,19.75,13.75,0.583333333333333,1.58333333333333,-0.00767543859649123,0.0554593721144968,0.000281388964011703,"openalex","journal_year"
22,1,"Nature Neuroscience",2009,"Nature Neuroscience / 2009",14,15,1,1,1.58333333333333,0.0131578947368421,0.0609418282548477,0.00239207539513379,"openalex","journal_year"
24,1,"Nature Neuroscience",2009,"Nature Neuroscience / 2009",20,11.25,-8.75,1,1.58333333333333,0.0131578947368421,0.0609418282548477,0.0121915922659527,"openalex","journal_year"
26,0,"Nature Neuroscience",2009,"Nature Neuroscience / 2009",20,30.25,10.25,0.583333333333333,1.58333333333333,-0.00767543859649123,0.0554593721144968,1.57593366600308e-05,"openalex","journal_year"
27,0,"Nature Neuroscience",2009,"Nature Neuroscience / 2009",13,15,2,0.583333333333333,1.58333333333333,-0.00767543859649123,0.0554593721144968,0.00068712430603361,"openalex","journal_year"
28,1,"Nature Neuroscience",2009,"Nature Neuroscience / 2009",27,38.75,11.75,1,1.58333333333333,0.0131578947368421,0.0609418282548477,0.000357445419396914,"openalex","journal_year"
29,0,"Nature Neuroscience",2009,"Nature Neuroscience / 2009",34,46,12,0.583333333333333,1.58333333333333,-0.00767543859649123,0.0554593721144968,0.0001075831087766,"openalex","journal_year"
30,0,"Nature Neuroscience",2009,"Nature Neuroscience / 2009",8,7.25,-0.75,0.583333333333333,1.58333333333333,-0.00767543859649123,0.0554593721144968,0.00131580373353947,"openalex","journal_year"
31,1,"Nature Neuroscience",2009,"Nature Neuroscience / 2009",9,11,2,1,1.58333333333333,0.0131578947368421,0.0609418282548477,0.00181479993920423,"openalex","journal_year"
32,0,"Nature Neuroscience",2009,"Nature Neuroscience / 2009",7,5.75,-1.25,0.583333333333333,1.58333333333333,-0.00767543859649123,0.0554593721144968,0.00145185943257755,"openalex","journal_year"
33,0,"Nature Neuroscience",2009,"Nature Neuroscience / 2009",20,19.5,-0.5,0.583333333333333,1.58333333333333,-0.00767543859649123,0.0554593721144968,0.0012502855396261,"openalex","journal_year"
34,0,"Nature",2010,"Nature / 2010",37,73.25,36.25,3,4,-0.0394736842105263,0.279605263157894,0.16450595101467,"openalex","journal_year"
35,1,"Nature",2010,"Nature / 2010",8,20,12,1,4,0.0131578947368421,0.25328947368421,0.00344373386038955,"openalex","journal_year"
36,1,"Nature",2010,"Nature / 2010",10,15,5,1,4,0.0131578947368421,0.25328947368421,0.0130455146526896,"openalex","journal_year"
37,1,"Nature",2010,"Nature / 2010",5,29.75,24.75,1,4,0.0131578947368421,0.25328947368421,0.00180346312252902,"openalex","journal_year"
38,0,"Science",2010,"Science / 2010",4,11.5,7.5,0.666666666666667,1.66666666666667,-0.0087719298245614,0.203508771929825,0.00737071135883736,"openalex","journal_year"
39,0,"Science",2010,"Science / 2010",12,66.5,54.5,0.666666666666667,1.66666666666667,-0.0087719298245614,0.203508771929825,0.0216649121329268,"openalex","journal_year"
40,1,"Science",2010,"Science / 2010",0,16.25,16.25,1,1.66666666666667,0.0131578947368421,0.207894736842105,0.00371769211578476,"openalex","journal_year"
41,0,"Science",2010,"Science / 2010",0,13.5,13.5,0.666666666666667,1.66666666666667,-0.0087719298245614,0.203508771929825,0.00314751176601579,"openalex","journal_year"
42,1,"Science",2010,"Science / 2010",21,52.5,31.5,1,1.66666666666667,0.0131578947368421,0.207894736842105,0.00281723451975688,"openalex","journal_year"
43,1,"Neuron",2010,"Neuron / 2010",5,14.25,9.25,1,2.66666666666667,0.0131578947368421,0.0674342105263157,0.000512631375751989,"openalex","journal_year"
44,1,"Neuron",2010,"Neuron / 2010",18,18.75,0.75,1,2.66666666666667,0.0131578947368421,0.0674342105263157,0.00587305949354527,"openalex","journal_year"
45,0,"Neuron",2010,"Neuron / 2010",7,7,0,1.66666666666667,2.66666666666667,-0.0219298245614035,0.0762061403508771,0.0199819606822215,"openalex","journal_year"
46,0,"Neuron",2010,"Neuron / 2010",4,19.75,15.75,1.66666666666667,2.66666666666667,-0.0219298245614035,0.0762061403508771,0.000727574872355829,"openalex","journal_year"
47,0,"Neuron",2010,"Neuron / 2010",7,23,16,1.66666666666667,2.66666666666667,-0.0219298245614035,0.0762061403508771,0.000878856796564357,"openalex","journal_year"
48,1,"Neuron",2010,"Neuron / 2010",4,37.5,33.5,1,2.66666666666667,0.0131578947368421,0.0674342105263157,0.0172664432551298,"openalex","journal_year"
49,1,"Neuron",2010,"Neuron / 2010",1,4,3,1,2.66666666666667,0.0131578947368421,0.0674342105263157,0.00388667717212153,"openalex","journal_year"
50,0,"Neuron",2010,"Neuron / 2010",6,45,39,1.66666666666667,2.66666666666667,-0.0219298245614035,0.0762061403508771,0.075879561192669,"openalex","journal_year"
51,1,"Neuron",2010,"Neuron / 2010",2,14.75,12.75,1,2.66666666666667,0.0131578947368421,0.0674342105263157,1.66729010435848e-07,"openalex","journal_year"
52,1,"Neuron",2010,"Neuron / 2010",5,11.75,6.75,1,2.66666666666667,0.0131578947368421,0.0674342105263157,0.00148395271649063,"openalex","journal_year"
53,1,"Neuron",2010,"Neuron / 2010",2,11.5,9.5,1,2.66666666666667,0.0131578947368421,0.0674342105263157,0.000443241020050798,"openalex","journal_year"
54,0,"Neuron",2010,"Neuron / 2010",0,7.5,7.5,1.66666666666667,2.66666666666667,-0.0219298245614035,0.0762061403508771,0.00374542389660768,"openalex","journal_year"
55,1,"Neuron",2010,"Neuron / 2010",5,18.5,13.5,1,2.66666666666667,0.0131578947368421,0.0674342105263157,1.89738485923645e-05,"openalex","journal_year"
56,1,"Neuron",2010,"Neuron / 2010",4,21,17,1,2.66666666666667,0.0131578947368421,0.0674342105263157,0.00070697161143192,"openalex","journal_year"
57,1,"Neuron",2010,"Neuron / 2010",1,19.25,18.25,1,2.66666666666667,0.0131578947368421,0.0674342105263157,0.00119227318410614,"openalex","journal_year"
58,0,"Neuron",2010,"Neuron / 2010",0,5,5,1.66666666666667,2.66666666666667,-0.0219298245614035,0.0762061403508771,0.00772976815079032,"openalex","journal_year"
59,1,"Journal of Neuroscience",2010,"Journal of Neuroscience / 2010",2,7,5,1,1.66666666666667,0.0131578947368421,0.0478947368421052,0.000317283235524821,"openalex","journal_year"
60,0,"Journal of Neuroscience",2010,"Journal of Neuroscience / 2010",14,12.5,-1.5,0.666666666666667,1.66666666666667,-0.0087719298245614,0.0435087719298245,0.00162887960443025,"openalex","journal_year"
61,0,"Journal of Neuroscience",2010,"Journal of Neuroscience / 2010",3,17.5,14.5,0.666666666666667,1.66666666666667,-0.0087719298245614,0.0435087719298245,0.000660673841999167,"openalex","journal_year"
62,0,"Journal of Neuroscience",2010,"Journal of Neuroscience / 2010",2,11.75,9.75,0.666666666666667,1.66666666666667,-0.0087719298245614,0.0435087719298245,3.71019385497957e-05,"openalex","journal_year"
63,0,"Journal of Neuroscience",2010,"Journal of Neuroscience / 2010",3,12,9,0.666666666666667,1.66666666666667,-0.0087719298245614,0.0435087719298245,8.96664067801481e-06,"openalex","journal_year"
64,1,"Journal of Neuroscience",2010,"Journal of Neuroscience / 2010",4,23.25,19.25,1,1.66666666666667,0.0131578947368421,0.0478947368421052,0.00501973600876644,"openalex","journal_year"
65,0,"Journal of Neuroscience",2010,"Journal of Neuroscience / 2010",0,6.5,6.5,0.666666666666667,1.66666666666667,-0.0087719298245614,0.0435087719298245,5.36981490495555e-05,"openalex","journal_year"
66,0,"Journal of Neuroscience",2010,"Journal of Neuroscience / 2010",4,7.75,3.75,0.666666666666667,1.66666666666667,-0.0087719298245614,0.0435087719298245,0.00034903479129746,"openalex","journal_year"
67,1,"Journal of Neuroscience",2010,"Journal of Neuroscience / 2010",0,3.5,3.5,1,1.66666666666667,0.0131578947368421,0.0478947368421052,0.000736869765022341,"openalex","journal_year"
68,0,"Journal of Neuroscience",2010,"Journal of Neuroscience / 2010",0,3.5,3.5,0.666666666666667,1.66666666666667,-0.0087719298245614,0.0435087719298245,0.000388669653997358,"openalex","journal_year"
69,1,"Journal of Neuroscience",2010,"Journal of Neuroscience / 2010",4,6.75,2.75,1,1.66666666666667,0.0131578947368421,0.0478947368421052,0.00101199028393252,"openalex","journal_year"
70,0,"Journal of Neuroscience",2010,"Journal of Neuroscience / 2010",1,5.75,4.75,0.666666666666667,1.66666666666667,-0.0087719298245614,0.0435087719298245,0.00021180546889953,"openalex","journal_year"
71,0,"Journal of Neuroscience",2010,"Journal of Neuroscience / 2010",3,13.75,10.75,0.666666666666667,1.66666666666667,-0.0087719298245614,0.0435087719298245,0.000104449848807832,"openalex","journal_year"
72,1,"Journal of Neuroscience",2010,"Journal of Neuroscience / 2010",2,5.5,3.5,1,1.66666666666667,0.0131578947368421,0.0478947368421052,0.000736869765022341,"openalex","journal_year"
73,1,"Journal of Neuroscience",2010,"Journal of Neuroscience / 2010",0,3.25,3.25,1,1.66666666666667,0.0131578947368421,0.0478947368421052,0.000823737548795258,"openalex","journal_year"
74,1,"Journal of Neuroscience",2010,"Journal of Neuroscience / 2010",0,9.75,9.75,1,1.66666666666667,0.0131578947368421,0.0478947368421052,0.00013786832643718,"openalex","journal_year"
75,0,"Journal of Neuroscience",2010,"Journal of Neuroscience / 2010",0,4.5,4.5,0.666666666666667,1.66666666666667,-0.0087719298245614,0.0435087719298245,0.000242916280238763,"openalex","journal_year"
76,1,"Journal of Neuroscience",2010,"Journal of Neuroscience / 2010",2,11.75,9.75,1,1.66666666666667,0.0131578947368421,0.0478947368421052,0.00013786832643718,"openalex","journal_year"
77,1,"Journal of Neuroscience",2010,"Journal of Neuroscience / 2010",0,18.5,18.5,1,1.66666666666667,0.0131578947368421,0.0478947368421052,0.00438027496941682,"openalex","journal_year"
78,0,"Journal of Neuroscience",2010,"Journal of Neuroscience / 2010",0,10.75,10.75,0.666666666666667,1.66666666666667,-0.0087719298245614,0.0435087719298245,0.000104449848807832,"openalex","journal_year"
79,0,"Journal of Neuroscience",2010,"Journal of Neuroscience / 2010",1,4.5,3.5,0.666666666666667,1.66666666666667,-0.0087719298245614,0.0435087719298245,0.000388669653997358,"openalex","journal_year"
80,0,"Journal of Neuroscience",2010,"Journal of Neuroscience / 2010",0,5,5,0.666666666666667,1.66666666666667,-0.0087719298245614,0.0435087719298245,0.000182825670400463,"openalex","journal_year"
81,0,"Journal of Neuroscience",2010,"Journal of Neuroscience / 2010",0,3.25,3.25,0.666666666666667,1.66666666666667,-0.0087719298245614,0.0435087719298245,0.000430435529537423,"openalex","journal_year"
82,1,"Journal of Neuroscience",2010,"Journal of Neuroscience / 2010",0,21.25,21.25,1,1.66666666666667,0.0131578947368421,0.0478947368421052,0.00693788390503968,"openalex","journal_year"
83,0,"Journal of Neuroscience",2010,"Journal of Neuroscience / 2010",0,18.25,18.25,0.666666666666667,1.66666666666667,-0.0087719298245614,0.0435087719298245,0.00169637572422792,"openalex","journal_year"
84,1,"Nature",2009,"Nature / 2009",31,62.25,31.25,1,3,0.0131578947368421,0.171052631578948,0.0171882784642816,"openalex","journal_year"
85,1,"Nature",2009,"Nature / 2009",37,58.25,21.25,1,3,0.0131578947368421,0.171052631578948,0.00355701706611144,"openalex","journal_year"
86,1,"Nature",2009,"Nature / 2009",18,16.5,-1.5,1,3,0.0131578947368421,0.171052631578948,0.0105963078091822,"openalex","journal_year"
87,0,"Nature",2009,"Nature / 2009",19,21.5,2.5,2,3,-0.0263157894736842,0.18421052631579,0.0246763099639344,"openalex","journal_year"
88,0,"Nature",2009,"Nature / 2009",16,20.75,4.75,2,3,-0.0263157894736842,0.18421052631579,0.0154777886422977,"openalex","journal_year"
89,1,"Nature",2009,"Nature / 2009",26,46,20,1,3,0.0131578947368421,0.171052631578948,0.00257128256014977,"openalex","journal_year"
90,0,"Science",2009,"Science / 2009",5,26.25,21.25,1.33333333333333,2.33333333333333,-0.0175438596491228,0.0814536340852131,0.00627355505631607,"openalex","journal_year"
91,1,"Science",2009,"Science / 2009",20,28.25,8.25,1,2.33333333333333,0.0131578947368421,0.0770676691729324,0.00046984188230953,"openalex","journal_year"
92,0,"Science",2009,"Science / 2009",4,14.25,10.25,1.33333333333333,2.33333333333333,-0.0175438596491228,0.0814536340852131,0.000236643437479073,"openalex","journal_year"
93,1,"Science",2009,"Science / 2009",35,44.75,9.75,1,2.33333333333333,0.0131578947368421,0.0770676691729324,0.000145152714301067,"openalex","journal_year"
94,0,"Science",2009,"Science / 2009",14,18.25,4.25,1.33333333333333,2.33333333333333,-0.0175438596491228,0.0814536340852131,0.00448594761971222,"openalex","journal_year"
96,1,"Science",2009,"Science / 2009",20,29,9,1,2.33333333333333,0.0131578947368421,0.0770676691729324,0.000284323172423415,"openalex","journal_year"
97,1,"Science",2009,"Science / 2009",55,73.5,18.5,1,2.33333333333333,0.0131578947368421,0.0770676691729324,0.0019461181943076,"openalex","journal_year"
98,0,"Science",2009,"Science / 2009",24,59.5,35.5,1.33333333333333,2.33333333333333,-0.0175438596491228,0.0814536340852131,0.0406996414920235,"openalex","journal_year"
99,1,"Science",2009,"Science / 2009",10,16.25,6.25,1,2.33333333333333,0.0131578947368421,0.0770676691729324,0.00119114989507314,"openalex","journal_year"
100,1,"Science",2009,"Science / 2009",68,101.5,33.5,1,2.33333333333333,0.0131578947368421,0.0770676691729324,0.0197104339804642,"openalex","journal_year"
101,1,"Science",2009,"Science / 2009",92,89.25,-2.75,1,2.33333333333333,0.0131578947368421,0.0770676691729324,0.00851568210772095,"openalex","journal_year"
102,1,"Science",2009,"Science / 2009",13,13.75,0.75,1,2.33333333333333,0.0131578947368421,0.0770676691729324,0.00487418282817789,"openalex","journal_year"
103,0,"Science",2009,"Science / 2009",18,25.25,7.25,1.33333333333333,2.33333333333333,-0.0175438596491228,0.0814536340852131,0.00169581037578078,"openalex","journal_year"
104,0,"Science",2009,"Science / 2009",7,10.5,3.5,1.33333333333333,2.33333333333333,-0.0175438596491228,0.0814536340852131,0.00539144604094973,"openalex","journal_year"
105,1,"Neuron",2009,"Neuron / 2009",5,11,6,1,1.71428571428571,0.0131578947368421,0.0910087719298245,0.000212893649715535,"openalex","journal_year"
106,0,"Neuron",2009,"Neuron / 2009",4,11.75,7.75,0.714285714285714,1.71428571428571,-0.0093984962406015,0.0872493734335839,1.74388214029652e-05,"openalex","journal_year"
107,0,"Neuron",2009,"Neuron / 2009",4,4.25,0.25,0.714285714285714,1.71428571428571,-0.0093984962406015,0.0872493734335839,0.00151670637797551,"openalex","journal_year"
108,1,"Neuron",2009,"Neuron / 2009",19,26.5,7.5,1,1.71428571428571,0.0131578947368421,0.0910087719298245,2.31872209525457e-05,"openalex","journal_year"
109,1,"Neuron",2009,"Neuron / 2009",11,23.25,12.25,1,1.71428571428571,0.0131578947368421,0.0910087719298245,0.00068333321912909,"openalex","journal_year"
110,1,"Neuron",2009,"Neuron / 2009",11,16.5,5.5,1,1.71428571428571,0.0131578947368421,0.0910087719298245,0.000318600975151934,"openalex","journal_year"
111,0,"Neuron",2009,"Neuron / 2009",10,12,2,0.714285714285714,1.71428571428571,-0.0093984962406015,0.0872493734335839,0.000950622311513528,"openalex","journal_year"
112,0,"Neuron",2009,"Neuron / 2009",23,43,20,0.714285714285714,1.71428571428571,-0.0093984962406015,0.0872493734335839,0.00276815681394604,"openalex","journal_year"
113,0,"Neuron",2009,"Neuron / 2009",18,17.75,-0.25,0.714285714285714,1.71428571428571,-0.0093984962406015,0.0872493734335839,0.00170262225695665,"openalex","journal_year"
114,0,"Neuron",2009,"Neuron / 2009",2,2.5,0.5,0.714285714285714,1.71428571428571,-0.0093984962406015,0.0872493734335839,0.0014277780341979,"openalex","journal_year"
115,1,"Neuron",2009,"Neuron / 2009",22,37.25,15.25,1,1.71428571428571,0.0131578947368421,0.0910087719298245,0.00208773802725002,"openalex","journal_year"
116,0,"Neuron",2009,"Neuron / 2009",7,32,25,0.714285714285714,1.71428571428571,-0.0093984962406015,0.0872493734335839,0.00574451287967636,"openalex","journal_year"
117,0,"Journal of Neuroscience",2009,"Journal of Neuroscience / 2009",7,9.25,2.25,1,2,-0.0131578947368421,0.0315789473684211,3.3612065038949e-06,"openalex","journal_year"
118,0,"Journal of Neuroscience",2009,"Journal of Neuroscience / 2009",2,4.25,2.25,1,2,-0.0131578947368421,0.0315789473684211,3.3612065038949e-06,"openalex","journal_year"
119,0,"Journal of Neuroscience",2009,"Journal of Neuroscience / 2009",21,26.25,5.25,1,2,-0.0131578947368421,0.0315789473684211,0.000272843026421274,"openalex","journal_year"
120,0,"Journal of Neuroscience",2009,"Journal of Neuroscience / 2009",5,3.75,-1.25,1,2,-0.0131578947368421,0.0315789473684211,0.000540247869424934,"openalex","journal_year"
121,0,"Journal of Neuroscience",2009,"Journal of Neuroscience / 2009",3,12.75,9.75,1,2,-0.0131578947368421,0.0315789473684211,0.00193995681268556,"openalex","journal_year"
122,1,"Journal of Neuroscience",2009,"Journal of Neuroscience / 2009",0,2.75,2.75,1,2,0.0131578947368421,0.0315789473684211,1.402468937626e-05,"openalex","journal_year"
123,1,"Journal of Neuroscience",2009,"Journal of Neuroscience / 2009",2,5.75,3.75,1,2,0.0131578947368421,0.0315789473684211,9.7260264538482e-05,"openalex","journal_year"
125,1,"Journal of Neuroscience",2009,"Journal of Neuroscience / 2009",17,17.25,0.25,1,2,0.0131578947368421,0.0315789473684211,0.000133351951275061,"openalex","journal_year"
126,1,"Journal of Neuroscience",2009,"Journal of Neuroscience / 2009",15,30.5,15.5,1,2,0.0131578947368421,0.0315789473684211,0.00668111135077346,"openalex","journal_year"
127,1,"Journal of Neuroscience",2009,"Journal of Neuroscience / 2009",2,2.5,0.5,1,2,0.0131578947368421,0.0315789473684211,0.000100371040812044,"openalex","journal_year"
128,1,"Journal of Neuroscience",2009,"Journal of Neuroscience / 2009",2,2.75,0.75,1,2,0.0131578947368421,0.0315789473684211,7.2067504631946e-05,"openalex","journal_year"
129,0,"Journal of Neuroscience",2009,"Journal of Neuroscience / 2009",1,2.75,1.75,1,2,-0.0131578947368421,0.0315789473684211,2.39308098118687e-05,"openalex","journal_year"
130,0,"Journal of Neuroscience",2009,"Journal of Neuroscience / 2009",7,3.25,-3.75,1,2,-0.0131578947368421,0.0315789473684211,0.00148502325689028,"openalex","journal_year"
131,0,"Journal of Neuroscience",2009,"Journal of Neuroscience / 2009",11,14.75,3.75,1,2,-0.0131578947368421,0.0315789473684211,5.39093793700368e-05,"openalex","journal_year"
132,0,"Journal of Neuroscience",2009,"Journal of Neuroscience / 2009",5,5.25,0.25,1,2,-0.0131578947368421,0.0315789473684211,0.000197896602525854,"openalex","journal_year"
133,1,"Journal of Neuroscience",2009,"Journal of Neuroscience / 2009",7,7.25,0.25,1,2,0.0131578947368421,0.0315789473684211,0.000133351951275061,"openalex","journal_year"
134,1,"Journal of Neuroscience",2009,"Journal of Neuroscience / 2009",3,3,0,1,2,0.0131578947368421,0.0315789473684211,0.000171010236020998,"openalex","journal_year"
135,0,"Journal of Neuroscience",2009,"Journal of Neuroscience / 2009",9,9.75,0.75,1,2,-0.0131578947368421,0.0315789473684211,0.000121198507822848,"openalex","journal_year"
136,0,"Journal of Neuroscience",2009,"Journal of Neuroscience / 2009",3,7.25,4.25,1,2,-0.0131578947368421,0.0315789473684211,0.000108177764588772,"openalex","journal_year"
137,0,"Journal of Neuroscience",2009,"Journal of Neuroscience / 2009",18,18.25,0.25,1,2,-0.0131578947368421,0.0315789473684211,0.000197896602525854,"openalex","journal_year"
138,0,"Journal of Neuroscience",2009,"Journal of Neuroscience / 2009",9,5,-4,1,2,-0.0131578947368421,0.0315789473684211,0.00160522635419287,"openalex","journal_year"
139,1,"Journal of Neuroscience",2009,"Journal of Neuroscience / 2009",2,6.25,4.25,1,2,0.0131578947368421,0.0315789473684211,0.000166942297817109,"openalex","journal_year"
140,0,"Journal of Neuroscience",2009,"Journal of Neuroscience / 2009",7,16.75,9.75,1,2,-0.0131578947368421,0.0315789473684211,0.00193995681268556,"openalex","journal_year"
141,0,"Journal of Neuroscience",2009,"Journal of Neuroscience / 2009",5,4.75,-0.25,1,2,-0.0131578947368421,0.0315789473684211,0.000293304194360537,"openalex","journal_year"
142,0,"Journal of Neuroscience",2009,"Journal of Neuroscience / 2009",20,11.5,-8.5,1,2,-0.0131578947368421,0.0315789473684211,0.00456871310801871,"openalex","journal_year"
143,1,"Journal of Neuroscience",2009,"Journal of Neuroscience / 2009",6,5.5,-0.5,1,2,0.0131578947368421,0.0315789473684211,0.000260358928361629,"openalex","journal_year"
144,1,"Journal of Neuroscience",2009,"Journal of Neuroscience / 2009",3,5.75,2.75,1,2,0.0131578947368421,0.0315789473684211,1.402468937626e-05,"openalex","journal_year"
145,1,"Journal of Neuroscience",2009,"Journal of Neuroscience / 2009",3,6.75,3.75,1,2,0.0131578947368421,0.0315789473684211,9.7260264538482e-05,"openalex","journal_year"
146,1,"Journal of Neuroscience",2009,"Journal of Neuroscience / 2009",8,9,1,1,2,0.0131578947368421,0.0315789473684211,4.84413427347674e-05,"openalex","journal_year"
147,1,"Journal of Neuroscience",2009,"Journal of Neuroscience / 2009",12,11.25,-0.75,1,2,0.0131578947368421,0.0315789473684211,0.000312049335956324,"openalex","journal_year"
148,0,"Journal of Neuroscience",2009,"Journal of Neuroscience / 2009",11,8,-3,1,2,-0.0131578947368421,0.0315789473684211,0.00115247821068002,"openalex","journal_year"
149,0,"Journal of Neuroscience",2009,"Journal of Neuroscience / 2009",9,8,-1,1,2,-0.0131578947368421,0.0315789473684211,0.000471495889234456,"openalex","journal_year"
150,1,"Journal of Neuroscience",2009,"Journal of Neuroscience / 2009",10,10,0,1,2,0.0131578947368421,0.0315789473684211,0.000171010236020998,"openalex","journal_year"
151,1,"Journal of Neuroscience",2009,"Journal of Neuroscience / 2009",7,6.25,-0.75,1,2,0.0131578947368421,0.0315789473684211,0.000312049335956324,"openalex","journal_year"
152,1,"Journal of Neuroscience",2009,"Journal of Neuroscience / 2009",27,47.25,20.25,1,2,0.0131578947368421,0.0315789473684211,0.0122753818482589,"openalex","journal_year"
153,0,"Journal of Neuroscience",2009,"Journal of Neuroscience / 2009",4,6.5,2.5,1,2,-0.0131578947368421,0.0315789473684211,9.2466274286942e-08,"openalex","journal_year"
154,0,"Journal of Neuroscience",2009,"Journal of Neuroscience / 2009",18,30.25,12.25,1,2,-0.0131578947368421,0.0315789473684211,0.00352096353799664,"openalex","journal_year"
155,1,"Journal of Neuroscience",2009,"Journal of Neuroscience / 2009",22,34.25,12.25,1,2,0.0131578947368421,0.0315789473684211,0.00382634644018328,"openalex","journal_year"
156,1,"Journal of Neuroscience",2009,"Journal of Neuroscience / 2009",17,10.5,-6.5,1,2,0.0131578947368421,0.0315789473684211,0.00279188401272005,"openalex","journal_year"
157,1,"Journal of Neuroscience",2009,"Journal of Neuroscience / 2009",4,5,1,1,2,0.0131578947368421,0.0315789473684211,4.84413427347674e-05,"openalex","journal_year"
1,1,"Nature Neuroscience",2010,"Nature Neuroscience / 2010",1,40.5,39.5,1,3.33333333333333,0.0147058823529412,0.104411764705882,0.00937160533149329,"openalex","same_sample_journal_year"
2,1,"Nature Neuroscience",2010,"Nature Neuroscience / 2010",1,21.75,20.75,1,3.33333333333333,0.0147058823529412,0.104411764705882,5.89024225203192e-05,"openalex","same_sample_journal_year"
3,1,"Nature Neuroscience",2010,"Nature Neuroscience / 2010",3,43,40,1,3.33333333333333,0.0147058823529412,0.104411764705883,0.00991881237151639,"openalex","same_sample_journal_year"
4,0,"Nature Neuroscience",2010,"Nature Neuroscience / 2010",2,13.25,11.25,2.33333333333333,3.33333333333333,-0.0343137254901961,0.124019607843137,0.0205592168585188,"openalex","same_sample_journal_year"
6,1,"Nature Neuroscience",2010,"Nature Neuroscience / 2010",2,25.25,23.25,1,3.33333333333333,0.0147058823529412,0.104411764705882,3.91390511219901e-05,"openalex","same_sample_journal_year"
7,1,"Nature Neuroscience",2010,"Nature Neuroscience / 2010",8,13.75,5.75,1,3.33333333333333,0.0147058823529412,0.104411764705882,0.0083284361722916,"openalex","same_sample_journal_year"
9,0,"Nature Neuroscience",2010,"Nature Neuroscience / 2010",22,91.5,69.5,2.33333333333333,3.33333333333333,-0.0343137254901961,0.124019607843137,0.39809217729447,"openalex","same_sample_journal_year"
10,0,"Nature Neuroscience",2010,"Nature Neuroscience / 2010",0,6.25,6.25,2.33333333333333,3.33333333333333,-0.0343137254901961,0.124019607843137,0.0440374327712817,"openalex","same_sample_journal_year"
11,1,"Nature Neuroscience",2010,"Nature Neuroscience / 2010",17,21.5,4.5,1,3.33333333333333,0.0147058823529412,0.104411764705882,0.00964829253106983,"openalex","same_sample_journal_year"
12,1,"Nature Neuroscience",2010,"Nature Neuroscience / 2010",4,4.25,0.25,1,3.33333333333333,0.0147058823529412,0.104411764705882,0.0148616271549628,"openalex","same_sample_journal_year"
13,1,"Nature Neuroscience",2009,"Nature Neuroscience / 2009",65,89.5,24.5,1,2.4,0.0147058823529412,0.0894607843137256,0.00849487936427945,"openalex","same_sample_journal_year"
14,0,"Nature Neuroscience",2009,"Nature Neuroscience / 2009",20,52.5,32.5,1.4,2.4,-0.0205882352941176,0.0953431372549021,0.037002869844066,"openalex","same_sample_journal_year"
15,1,"Nature Neuroscience",2009,"Nature Neuroscience / 2009",8,33.5,25.5,1,2.4,0.0147058823529412,0.0894607843137256,0.0095352367867305,"openalex","same_sample_journal_year"
16,0,"Nature Neuroscience",2009,"Nature Neuroscience / 2009",11,7.25,-3.75,1.4,2.4,-0.0205882352941176,0.0953431372549021,0.00767399683338032,"openalex","same_sample_journal_year"
18,1,"Nature Neuroscience",2009,"Nature Neuroscience / 2009",6,3.75,-2.25,1,2.4,0.0147058823529412,0.0894607843137256,0.00296431549426,"openalex","same_sample_journal_year"
20,0,"Nature Neuroscience",2009,"Nature Neuroscience / 2009",15,23,8,1.4,2.4,-0.0205882352941176,0.0953431372549021,9.89205045816553e-06,"openalex","same_sample_journal_year"
22,1,"Nature Neuroscience",2009,"Nature Neuroscience / 2009",14,15,1,1,2.4,0.0147058823529412,0.0894607843137256,0.00134195539573434,"openalex","same_sample_journal_year"
24,1,"Nature Neuroscience",2009,"Nature Neuroscience / 2009",20,11.25,-8.75,1,2.4,0.0147058823529412,0.0894607843137256,0.00811281468778128,"openalex","same_sample_journal_year"
27,0,"Nature Neuroscience",2009,"Nature Neuroscience / 2009",13,15,2,1.4,2.4,-0.0205882352941176,0.0953431372549021,0.00186567695912819,"openalex","same_sample_journal_year"
28,1,"Nature Neuroscience",2009,"Nature Neuroscience / 2009",27,38.75,11.75,1,2.4,0.0147058823529412,0.0894607843137256,0.000496693120630404,"openalex","same_sample_journal_year"
30,0,"Nature Neuroscience",2009,"Nature Neuroscience / 2009",8,7.25,-0.75,1.4,2.4,-0.0205882352941176,0.0953431372549021,0.00415148634167567,"openalex","same_sample_journal_year"
31,1,"Nature Neuroscience",2009,"Nature Neuroscience / 2009",9,11,2,1,2.4,0.0147058823529412,0.0894607843137256,0.000970437270507471,"openalex","same_sample_journal_year"
43,1,"Neuron",2010,"Neuron / 2010",5,14.25,9.25,1,3.5,0.0147058823529412,0.0756302521008403,0.000451721954284301,"openalex","same_sample_journal_year"
44,1,"Neuron",2010,"Neuron / 2010",18,18.75,0.75,1,3.5,0.0147058823529412,0.0756302521008403,0.0045083270552156,"openalex","same_sample_journal_year"
45,0,"Neuron",2010,"Neuron / 2010",7,7,0,2.5,3.5,-0.0367647058823529,0.0976890756302521,0.0327885794135338,"openalex","same_sample_journal_year"
47,0,"Neuron",2010,"Neuron / 2010",7,23,16,2.5,3.5,-0.0367647058823529,0.0976890756302521,0.00161264469333395,"openalex","same_sample_journal_year"
48,1,"Neuron",2010,"Neuron / 2010",4,37.5,33.5,1,3.5,0.0147058823529412,0.0756302521008403,0.0120272121661262,"openalex","same_sample_journal_year"
49,1,"Neuron",2010,"Neuron / 2010",1,4,3,1,3.5,0.0147058823529412,0.0756302521008403,0.00302463016835328,"openalex","same_sample_journal_year"
50,0,"Neuron",2010,"Neuron / 2010",6,45,39,2.5,3.5,-0.0367647058823529,0.0976890756302521,0.128293990141297,"openalex","same_sample_journal_year"
51,1,"Neuron",2010,"Neuron / 2010",2,14.75,12.75,1,3.5,0.0147058823529412,0.0756302521008403,5.55891541687491e-06,"openalex","same_sample_journal_year"
52,1,"Neuron",2010,"Neuron / 2010",5,11.75,6.75,1,3.5,0.0147058823529412,0.0756302521008403,0.00120762547040332,"openalex","same_sample_journal_year"
53,1,"Neuron",2010,"Neuron / 2010",2,11.5,9.5,1,3.5,0.0147058823529412,0.0756302521008403,0.000396170652436361,"openalex","same_sample_journal_year"
55,1,"Neuron",2010,"Neuron / 2010",5,18.5,13.5,1,3.5,0.0147058823529412,0.0756302521008403,2.86087157819787e-06,"openalex","same_sample_journal_year"
56,1,"Neuron",2010,"Neuron / 2010",4,21,17,1,3.5,0.0147058823529412,0.0756302521008403,0.000423842167951305,"openalex","same_sample_journal_year"
57,1,"Neuron",2010,"Neuron / 2010",1,19.25,18.25,1,3.5,0.0147058823529412,0.0756302521008403,0.000747257151630463,"openalex","same_sample_journal_year"
58,0,"Neuron",2010,"Neuron / 2010",0,5,5,2.5,3.5,-0.0367647058823529,0.0976890756302521,0.012530691409398,"openalex","same_sample_journal_year"
60,0,"Journal of Neuroscience",2010,"Journal of Neuroscience / 2010",14,12.5,-1.5,0.6,1.6,-0.00882352941176471,0.0449754901960784,0.000925980783536415,"openalex","same_sample_journal_year"
61,0,"Journal of Neuroscience",2010,"Journal of Neuroscience / 2010",3,17.5,14.5,0.6,1.6,-0.00882352941176471,0.0449754901960784,0.000389490371948718,"openalex","same_sample_journal_year"
62,0,"Journal of Neuroscience",2010,"Journal of Neuroscience / 2010",2,11.75,9.75,0.6,1.6,-0.00882352941176471,0.0449754901960784,2.34512067364995e-05,"openalex","same_sample_journal_year"
63,0,"Journal of Neuroscience",2010,"Journal of Neuroscience / 2010",3,12,9,0.6,1.6,-0.00882352941176471,0.0449754901960784,6.2057758621175e-06,"openalex","same_sample_journal_year"
64,1,"Journal of Neuroscience",2010,"Journal of Neuroscience / 2010",4,23.25,19.25,1,1.6,0.0147058823529412,0.0508578431372549,0.00331698318260491,"openalex","same_sample_journal_year"
65,0,"Journal of Neuroscience",2010,"Journal of Neuroscience / 2010",0,6.5,6.5,0.6,1.6,-0.00882352941176471,0.0449754901960784,2.8592665111021e-05,"openalex","same_sample_journal_year"
66,0,"Journal of Neuroscience",2010,"Journal of Neuroscience / 2010",4,7.75,3.75,0.6,1.6,-0.00882352941176471,0.0449754901960784,0.000195144037052282,"openalex","same_sample_journal_year"
67,1,"Journal of Neuroscience",2010,"Journal of Neuroscience / 2010",0,3.5,3.5,1,1.6,0.0147058823529412,0.0508578431372549,0.000636023073869598,"openalex","same_sample_journal_year"
68,0,"Journal of Neuroscience",2010,"Journal of Neuroscience / 2010",0,3.5,3.5,0.6,1.6,-0.00882352941176471,0.0449754901960784,0.000217657839372525,"openalex","same_sample_journal_year"
69,1,"Journal of Neuroscience",2010,"Journal of Neuroscience / 2010",4,6.75,2.75,1,1.6,0.0147058823529412,0.0508578431372549,0.000850478374829233,"openalex","same_sample_journal_year"
70,0,"Journal of Neuroscience",2010,"Journal of Neuroscience / 2010",1,5.75,4.75,0.6,1.6,-0.00882352941176471,0.0449754901960784,0.000117376775283646,"openalex","same_sample_journal_year"
71,0,"Journal of Neuroscience",2010,"Journal of Neuroscience / 2010",3,13.75,10.75,0.6,1.6,-0.00882352941176471,0.0449754901960784,6.36482410862776e-05,"openalex","same_sample_journal_year"
72,1,"Journal of Neuroscience",2010,"Journal of Neuroscience / 2010",2,5.5,3.5,1,1.6,0.0147058823529412,0.0508578431372549,0.000636023073869598,"openalex","same_sample_journal_year"
73,1,"Journal of Neuroscience",2010,"Journal of Neuroscience / 2010",0,3.25,3.25,1,1.6,0.0147058823529412,0.0508578431372549,0.000704052415926422,"openalex","same_sample_journal_year"
74,1,"Journal of Neuroscience",2010,"Journal of Neuroscience / 2010",0,9.75,9.75,1,1.6,0.0147058823529412,0.0508578431372549,5.84109579412651e-05,"openalex","same_sample_journal_year"
75,0,"Journal of Neuroscience",2010,"Journal of Neuroscience / 2010",0,4.5,4.5,0.6,1.6,-0.00882352941176471,0.0449754901960784,0.000134975398598955,"openalex","same_sample_journal_year"
76,1,"Journal of Neuroscience",2010,"Journal of Neuroscience / 2010",2,11.75,9.75,1,1.6,0.0147058823529412,0.0508578431372549,5.84109579412651e-05,"openalex","same_sample_journal_year"
77,1,"Journal of Neuroscience",2010,"Journal of Neuroscience / 2010",0,18.5,18.5,1,1.6,0.0147058823529412,0.0508578431372549,0.00287830017184749,"openalex","same_sample_journal_year"
78,0,"Journal of Neuroscience",2010,"Journal of Neuroscience / 2010",0,10.75,10.75,0.6,1.6,-0.00882352941176471,0.0449754901960784,6.36482410862776e-05,"openalex","same_sample_journal_year"
79,0,"Journal of Neuroscience",2010,"Journal of Neuroscience / 2010",1,4.5,3.5,0.6,1.6,-0.00882352941176471,0.0449754901960784,0.000217657839372525,"openalex","same_sample_journal_year"
80,0,"Journal of Neuroscience",2010,"Journal of Neuroscience / 2010",0,5,5,0.6,1.6,-0.00882352941176471,0.0449754901960784,0.00010100694671957,"openalex","same_sample_journal_year"
81,0,"Journal of Neuroscience",2010,"Journal of Neuroscience / 2010",0,3.25,3.25,0.6,1.6,-0.00882352941176471,0.0449754901960784,0.000241400436444002,"openalex","same_sample_journal_year"
82,1,"Journal of Neuroscience",2010,"Journal of Neuroscience / 2010",0,21.25,21.25,1,1.6,0.0147058823529412,0.0508578431372549,0.00463885790819905,"openalex","same_sample_journal_year"
83,0,"Journal of Neuroscience",2010,"Journal of Neuroscience / 2010",0,18.25,18.25,0.6,1.6,-0.00882352941176471,0.0449754901960784,0.000991811321838692,"openalex","same_sample_journal_year"
84,1,"Nature",2009,"Nature / 2009",31,62.25,31.25,1,4,0.0147058823529412,0.253676470588236,0.014250421724267,"openalex","same_sample_journal_year"
85,1,"Nature",2009,"Nature / 2009",37,58.25,21.25,1,4,0.0147058823529412,0.253676470588236,0.00275695884343807,"openalex","same_sample_journal_year"
86,1,"Nature",2009,"Nature / 2009",18,16.5,-1.5,1,4,0.0147058823529412,0.253676470588236,0.00992390802214176,"openalex","same_sample_journal_year"
87,0,"Nature",2009,"Nature / 2009",19,21.5,2.5,3,4,-0.0441176470588235,0.283088235294118,0.0509328694390961,"openalex","same_sample_journal_year"
90,0,"Science",2009,"Science / 2009",5,26.25,21.25,1.16666666666667,2.16666666666667,-0.017156862745098,0.0861613876319759,0.00333806459015694,"openalex","same_sample_journal_year"
91,1,"Science",2009,"Science / 2009",20,28.25,8.25,1,2.16666666666667,0.0147058823529412,0.083710407239819,0.000480041733411999,"openalex","same_sample_journal_year"
92,0,"Science",2009,"Science / 2009",4,14.25,10.25,1.16666666666667,2.16666666666667,-0.017156862745098,0.0861613876319759,0.0001514833244712,"openalex","same_sample_journal_year"
93,1,"Science",2009,"Science / 2009",35,44.75,9.75,1,2.16666666666667,0.0147058823529412,0.083710407239819,0.000188791680593309,"openalex","same_sample_journal_year"
94,0,"Science",2009,"Science / 2009",14,18.25,4.25,1.16666666666667,2.16666666666667,-0.017156862745098,0.0861613876319759,0.00255382732588141,"openalex","same_sample_journal_year"
96,1,"Science",2009,"Science / 2009",20,29,9,1,2.16666666666667,0.0147058823529412,0.083710407239819,0.000317730682082319,"openalex","same_sample_journal_year"
97,1,"Science",2009,"Science / 2009",55,73.5,18.5,1,2.16666666666667,0.0147058823529412,0.083710407239819,0.00115032701255991,"openalex","same_sample_journal_year"
98,0,"Science",2009,"Science / 2009",24,59.5,35.5,1.16666666666667,2.16666666666667,-0.017156862745098,0.0861613876319759,0.0220719807316124,"openalex","same_sample_journal_year"
100,1,"Science",2009,"Science / 2009",68,101.5,33.5,1,2.16666666666667,0.0147058823529412,0.083710407239819,0.01336648907881,"openalex","same_sample_journal_year"
101,1,"Science",2009,"Science / 2009",92,89.25,-2.75,1,2.16666666666667,0.0147058823529412,0.083710407239819,0.0066946815457198,"openalex","same_sample_journal_year"
102,1,"Science",2009,"Science / 2009",13,13.75,0.75,1,2.16666666666667,0.0147058823529412,0.083710407239819,0.00393861498794563,"openalex","same_sample_journal_year"
103,0,"Science",2009,"Science / 2009",18,25.25,7.25,1.16666666666667,2.16666666666667,-0.017156862745098,0.0861613876319759,0.000987318921890528,"openalex","same_sample_journal_year"
104,0,"Science",2009,"Science / 2009",7,10.5,3.5,1.16666666666667,2.16666666666667,-0.017156862745098,0.0861613876319759,0.00305962205290593,"openalex","same_sample_journal_year"
105,1,"Neuron",2009,"Neuron / 2009",5,11,6,1,2.25,0.0147058823529412,0.117647058823529,7.05334165714136e-05,"openalex","same_sample_journal_year"
107,0,"Neuron",2009,"Neuron / 2009",4,4.25,0.25,1.25,2.25,-0.0183823529411765,0.121323529411765,0.00257234000173321,"openalex","same_sample_journal_year"
108,1,"Neuron",2009,"Neuron / 2009",19,26.5,7.5,1,2.25,0.0147058823529412,0.117647058823529,7.31164944159528e-09,"openalex","same_sample_journal_year"
109,1,"Neuron",2009,"Neuron / 2009",11,23.25,12.25,1,2.25,0.0147058823529412,0.117647058823529,0.000726371108799713,"openalex","same_sample_journal_year"
110,1,"Neuron",2009,"Neuron / 2009",11,16.5,5.5,1,2.25,0.0147058823529412,0.117647058823529,0.000126031893798985,"openalex","same_sample_journal_year"
112,0,"Neuron",2009,"Neuron / 2009",23,43,20,1.25,2.25,-0.0183823529411765,0.121323529411765,0.00800976078478987,"openalex","same_sample_journal_year"
113,0,"Neuron",2009,"Neuron / 2009",18,17.75,-0.25,1.25,2.25,-0.0183823529411765,0.121323529411765,0.00294501593398905,"openalex","same_sample_journal_year"
114,0,"Neuron",2009,"Neuron / 2009",2,2.5,0.5,1.25,2.25,-0.0183823529411765,0.121323529411765,0.00239545263106105,"openalex","same_sample_journal_year"
115,1,"Neuron",2009,"Neuron / 2009",22,37.25,15.25,1,2.25,0.0147058823529412,0.117647058823529,0.00192888947360617,"openalex","same_sample_journal_year"
118,0,"Journal of Neuroscience",2009,"Journal of Neuroscience / 2009",2,4.25,2.25,1.42857142857143,2.42857142857143,-0.0210084033613445,0.041769649036085,1.54506957173983e-06,"openalex","same_sample_journal_year"
120,0,"Journal of Neuroscience",2009,"Journal of Neuroscience / 2009",5,3.75,-1.25,1.42857142857143,2.42857142857143,-0.0210084033613445,0.041769649036085,0.000744385561757407,"openalex","same_sample_journal_year"
121,0,"Journal of Neuroscience",2009,"Journal of Neuroscience / 2009",3,12.75,9.75,1.42857142857143,2.42857142857143,-0.0210084033613445,0.041769649036085,0.00297656399220257,"openalex","same_sample_journal_year"
122,1,"Journal of Neuroscience",2009,"Journal of Neuroscience / 2009",0,2.75,2.75,1,2.42857142857143,0.0147058823529412,0.0354671280276817,1.56713058925501e-06,"openalex","same_sample_journal_year"
123,1,"Journal of Neuroscience",2009,"Journal of Neuroscience / 2009",2,5.75,3.75,1,2.42857142857143,0.0147058823529412,0.0354671280276817,4.12922447809578e-05,"openalex","same_sample_journal_year"
125,1,"Journal of Neuroscience",2009,"Journal of Neuroscience / 2009",17,17.25,0.25,1,2.42857142857143,0.0147058823529412,0.0354671280276817,0.000136499089267714,"openalex","same_sample_journal_year"
126,1,"Journal of Neuroscience",2009,"Journal of Neuroscience / 2009",15,30.5,15.5,1,2.42857142857143,0.0147058823529412,0.0354671280276817,0.00451866699186235,"openalex","same_sample_journal_year"
127,1,"Journal of Neuroscience",2009,"Journal of Neuroscience / 2009",2,2.5,0.5,1,2.42857142857143,0.0147058823529412,0.0354671280276817,0.000107947302704015,"openalex","same_sample_journal_year"
128,1,"Journal of Neuroscience",2009,"Journal of Neuroscience / 2009",2,2.75,0.75,1,2.42857142857143,0.0147058823529412,0.0354671280276817,8.27418696282831e-05,"openalex","same_sample_journal_year"
129,0,"Journal of Neuroscience",2009,"Journal of Neuroscience / 2009",1,2.75,1.75,1.42857142857143,2.42857142857143,-0.0210084033613445,0.041769649036085,2.46320493873524e-05,"openalex","same_sample_journal_year"
130,0,"Journal of Neuroscience",2009,"Journal of Neuroscience / 2009",7,3.25,-3.75,1.42857142857143,2.42857142857143,-0.0210084033613445,0.041769649036085,0.00210531681828485,"openalex","same_sample_journal_year"
131,0,"Journal of Neuroscience",2009,"Journal of Neuroscience / 2009",11,14.75,3.75,1.42857142857143,2.42857142857143,-0.0210084033613445,0.041769649036085,9.83503111181533e-05,"openalex","same_sample_journal_year"
132,0,"Journal of Neuroscience",2009,"Journal of Neuroscience / 2009",5,5.25,0.25,1.42857142857143,2.42857142857143,-0.0210084033613445,0.041769649036085,0.000259959169827441,"openalex","same_sample_journal_year"
133,1,"Journal of Neuroscience",2009,"Journal of Neuroscience / 2009",7,7.25,0.25,1,2.42857142857143,0.0147058823529412,0.0354671280276817,0.000136499089267714,"openalex","same_sample_journal_year"
134,1,"Journal of Neuroscience",2009,"Journal of Neuroscience / 2009",3,3,0,1,2.42857142857143,0.0147058823529412,0.0354671280276817,0.00016839722931938,"openalex","same_sample_journal_year"
135,0,"Journal of Neuroscience",2009,"Journal of Neuroscience / 2009",9,9.75,0.75,1.42857142857143,2.42857142857143,-0.0210084033613445,0.041769649036085,0.000153839099515203,"openalex","same_sample_journal_year"
136,0,"Journal of Neuroscience",2009,"Journal of Neuroscience / 2009",3,7.25,4.25,1.42857142857143,2.42857142857143,-0.0210084033613445,0.041769649036085,0.000185974118631375,"openalex","same_sample_journal_year"
137,0,"Journal of Neuroscience",2009,"Journal of Neuroscience / 2009",18,18.25,0.25,1.42857142857143,2.42857142857143,-0.0210084033613445,0.041769649036085,0.000259959169827441,"openalex","same_sample_journal_year"
139,1,"Journal of Neuroscience",2009,"Journal of Neuroscience / 2009",2,6.25,4.25,1,2.42857142857143,0.0147058823529412,0.0354671280276817,8.12329228046134e-05,"openalex","same_sample_journal_year"
140,0,"Journal of Neuroscience",2009,"Journal of Neuroscience / 2009",7,16.75,9.75,1.42857142857143,2.42857142857143,-0.0210084033613445,0.041769649036085,0.00297656399220257,"openalex","same_sample_journal_year"
141,0,"Journal of Neuroscience",2009,"Journal of Neuroscience / 2009",5,4.75,-0.25,1.42857142857143,2.42857142857143,-0.0210084033613445,0.041769649036085,0.000393756936971888,"openalex","same_sample_journal_year"
143,1,"Journal of Neuroscience",2009,"Journal of Neuroscience / 2009",6,5.5,-0.5,1,2.42857142857143,0.0147058823529412,0.0354671280276817,0.000242232569886615,"openalex","same_sample_journal_year"
144,1,"Journal of Neuroscience",2009,"Journal of Neuroscience / 2009",3,5.75,2.75,1,2.42857142857143,0.0147058823529412,0.0354671280276817,1.56713058925501e-06,"openalex","same_sample_journal_year"
145,1,"Journal of Neuroscience",2009,"Journal of Neuroscience / 2009",3,6.75,3.75,1,2.42857142857143,0.0147058823529412,0.0354671280276817,4.12922447809578e-05,"openalex","same_sample_journal_year"
146,1,"Journal of Neuroscience",2009,"Journal of Neuroscience / 2009",8,9,1,1,2.42857142857143,0.0147058823529412,0.0354671280276817,6.08827900405189e-05,"openalex","same_sample_journal_year"
147,1,"Journal of Neuroscience",2009,"Journal of Neuroscience / 2009",12,11.25,-0.75,1,2.42857142857143,0.0147058823529412,0.0354671280276817,0.000284169770402184,"openalex","same_sample_journal_year"
148,0,"Journal of Neuroscience",2009,"Journal of Neuroscience / 2009",11,8,-3,1.42857142857143,2.42857142857143,-0.0210084033613445,0.041769649036085,0.00162438348714207,"openalex","same_sample_journal_year"
149,0,"Journal of Neuroscience",2009,"Journal of Neuroscience / 2009",9,8,-1,1.42857142857143,2.42857142857143,-0.0210084033613445,0.041769649036085,0.000646349269248949,"openalex","same_sample_journal_year"
150,1,"Journal of Neuroscience",2009,"Journal of Neuroscience / 2009",10,10,0,1,2.42857142857143,0.0147058823529412,0.0354671280276817,0.00016839722931938,"openalex","same_sample_journal_year"
151,1,"Journal of Neuroscience",2009,"Journal of Neuroscience / 2009",7,6.25,-0.75,1,2.42857142857143,0.0147058823529412,0.0354671280276817,0.000284169770402184,"openalex","same_sample_journal_year"
152,1,"Journal of Neuroscience",2009,"Journal of Neuroscience / 2009",27,47.25,20.25,1,2.42857142857143,0.0147058823529412,0.0354671280276817,0.00842683318614866,"openalex","same_sample_journal_year"
155,1,"Journal of Neuroscience",2009,"Journal of Neuroscience / 2009",22,34.25,12.25,1,2.42857142857143,0.0147058823529412,0.0354671280276817,0.00254070006863735,"openalex","same_sample_journal_year"
156,1,"Journal of Neuroscience",2009,"Journal of Neuroscience / 2009",17,10.5,-6.5,1,2.42857142857143,0.0147058823529412,0.0354671280276817,0.00217231894493925,"openalex","same_sample_journal_year"
157,1,"Journal of Neuroscience",2009,"Journal of Neuroscience / 2009",4,5,1,1,2.42857142857143,0.0147058823529412,0.0354671280276817,6.08827900405189e-05,"openalex","same_sample_journal_year"
1,1,"Nature Neuroscience",2010,"Nature Neuroscience / 2010 / nonhuman / between",1,40.5,39.5,1,4,0.0147058823529412,0.128676470588235,0.00474614139007449,"openalex","study_type"
2,1,"Nature Neuroscience",2010,"Nature Neuroscience / 2010 / nonhuman / between",1,21.75,20.75,1,4,0.0147058823529412,0.128676470588235,0.00050577312085057,"openalex","study_type"
3,1,"Nature Neuroscience",2010,"Nature Neuroscience / 2010 / nonhuman / between",3,43,40,1,4,0.0147058823529412,0.128676470588236,0.00508783888624495,"openalex","study_type"
4,0,"Nature Neuroscience",2010,"Nature Neuroscience / 2010 / nonhuman / within",2,13.25,11.25,1,2,-0.0147058823529412,0.50735294117647,0.000578959459288352,"openalex","study_type"
6,1,"Nature Neuroscience",2010,"Nature Neuroscience / 2010 / nonhuman / between",2,25.25,23.25,1,4,0.0147058823529412,0.128676470588235,0.000106196752564064,"openalex","study_type"
7,1,"Nature Neuroscience",2010,"Nature Neuroscience / 2010 / nonhuman / between",8,13.75,5.75,1,4,0.0147058823529412,0.128676470588235,0.00913834975759847,"openalex","study_type"
9,0,"Nature Neuroscience",2010,"Nature Neuroscience / 2010 / nonhuman / between",22,91.5,69.5,3,4,-0.0441176470588235,0.158088235294118,0.42274758653579,"openalex","study_type"
10,0,"Nature Neuroscience",2010,"Nature Neuroscience / 2010 / nonhuman / between",0,6.25,6.25,3,4,-0.0441176470588235,0.158088235294117,0.094186767334285,"openalex","study_type"
11,1,"Nature Neuroscience",2010,"Nature Neuroscience / 2010 / nonhuman / within",17,21.5,4.5,1,2,0.0147058823529412,0.50735294117647,0.000578959459288351,"openalex","study_type"
12,1,"Nature Neuroscience",2010,"Nature Neuroscience / 2010 / nonhuman / between",4,4.25,0.25,1,4,0.0147058823529412,0.128676470588235,0.014981759677349,"openalex","study_type"
13,1,"Nature Neuroscience",2009,"Nature Neuroscience / 2009 / nonhuman / between",65,89.5,24.5,1,1.66666666666667,0.0147058823529412,0.208823529411765,0.00605734599091698,"openalex","study_type"
14,0,"Nature Neuroscience",2009,"Nature Neuroscience / 2009 / nonhuman / within",20,52.5,32.5,2,3,-0.0294117647058824,0.352941176470588,0.0681479105382773,"openalex","study_type"
15,1,"Nature Neuroscience",2009,"Nature Neuroscience / 2009 / nonhuman / between",8,33.5,25.5,1,1.66666666666667,0.0147058823529412,0.208823529411765,0.00692163284582017,"openalex","study_type"
16,0,"Nature Neuroscience",2009,"Nature Neuroscience / 2009 / nonhuman / between",11,7.25,-3.75,0.666666666666667,1.66666666666667,-0.00980392156862745,0.203921568627451,0.00281407595672794,"openalex","study_type"
18,1,"Nature Neuroscience",2009,"Nature Neuroscience / 2009 / human / within",6,3.75,-2.25,1,4,0.0147058823529412,0.253676470588235,0.000226621968240644,"openalex","study_type"
20,0,"Nature Neuroscience",2009,"Nature Neuroscience / 2009 / nonhuman / between",15,23,8,0.666666666666667,1.66666666666667,-0.00980392156862745,0.203921568627451,0.000126835901094333,"openalex","study_type"
22,1,"Nature Neuroscience",2009,"Nature Neuroscience / 2009 / human / within",14,15,1,1,4,0.0147058823529412,0.253676470588235,1.18228372908175e-05,"openalex","study_type"
24,1,"Nature Neuroscience",2009,"Nature Neuroscience / 2009 / nonhuman / within",20,11.25,-8.75,1,3,0.0147058823529412,0.338235294117647,0.0167928107539156,"openalex","study_type"
27,0,"Nature Neuroscience",2009,"Nature Neuroscience / 2009 / human / within",13,15,2,3,4,-0.0441176470588235,0.283088235294117,6.03339097329496e-05,"openalex","study_type"
28,1,"Nature Neuroscience",2009,"Nature Neuroscience / 2009 / nonhuman / within",27,38.75,11.75,1,3,0.0147058823529412,0.338235294117647,3.84896058245311e-06,"openalex","study_type"
30,0,"Nature Neuroscience",2009,"Nature Neuroscience / 2009 / nonhuman / between",8,7.25,-0.75,0.666666666666667,1.66666666666667,-0.00980392156862745,0.203921568627451,0.00179599407194149,"openalex","study_type"
31,1,"Nature Neuroscience",2009,"Nature Neuroscience / 2009 / human / within",9,11,2,1,4,0.0147058823529412,0.253676470588235,8.33277906689797e-05,"openalex","study_type"
43,1,"Neuron",2010,"Neuron / 2010 / nonhuman / between",5,14.25,9.25,1,7,0.0147058823529412,0.144957983193277,0.000418482422898928,"openalex","study_type"
44,1,"Neuron",2010,"Neuron / 2010 / nonhuman / within",18,18.75,0.75,1,2.33333333333333,0.0147058823529412,0.149159663865546,0.00331474578304778,"openalex","study_type"
45,0,"Neuron",2010,"Neuron / 2010 / nonhuman / within",7,7,0,1.33333333333333,2.33333333333333,-0.0196078431372549,0.15406162464986,0.00810759295026549,"openalex","study_type"
47,0,"Neuron",2010,"Neuron / 2010 / nonhuman / between",7,23,16,6,7,-0.0882352941176471,0.218487394957983,0.00227766678969842,"openalex","study_type"
48,1,"Neuron",2010,"Neuron / 2010 / nonhuman / between",4,37.5,33.5,1,7,0.0147058823529412,0.144957983193277,0.00999611492282731,"openalex","study_type"
49,1,"Neuron",2010,"Neuron / 2010 / nonhuman / between",1,4,3,1,7,0.0147058823529412,0.144957983193277,0.00265198364692531,"openalex","study_type"
50,0,"Neuron",2010,"Neuron / 2010 / nonhuman / within",6,45,39,1.33333333333333,2.33333333333333,-0.0196078431372549,0.15406162464986,0.0292391667929705,"openalex","study_type"
51,1,"Neuron",2010,"Neuron / 2010 / nonhuman / between",2,14.75,12.75,1,7,0.0147058823529412,0.144957983193277,9.4502331376047e-06,"openalex","study_type"
52,1,"Neuron",2010,"Neuron / 2010 / nonhuman / between",5,11.75,6.75,1,7,0.0147058823529412,0.144957983193277,0.00108063882028601,"openalex","study_type"
53,1,"Neuron",2010,"Neuron / 2010 / nonhuman / within",2,11.5,9.5,1,2.33333333333333,0.0147058823529412,0.149159663865546,0.000193277505184205,"openalex","study_type"
55,1,"Neuron",2010,"Neuron / 2010 / nonhuman / between",5,18.5,13.5,1,7,0.0147058823529412,0.144957983193277,4.23469544731389e-07,"openalex","study_type"
56,1,"Neuron",2010,"Neuron / 2010 / nonhuman / within",4,21,17,1,2.33333333333333,0.0147058823529412,0.149159663865546,0.000553670375538181,"openalex","study_type"
57,1,"Neuron",2010,"Neuron / 2010 / nonhuman / within",1,19.25,18.25,1,2.33333333333333,0.0147058823529412,0.149159663865546,0.000886191748285116,"openalex","study_type"
58,0,"Neuron",2010,"Neuron / 2010 / nonhuman / within",0,5,5,1.33333333333333,2.33333333333333,-0.0196078431372549,0.15406162464986,0.00320083417165989,"openalex","study_type"
60,0,"Journal of Neuroscience",2010,"Journal of Neuroscience / 2010 / nonhuman / between",14,12.5,-1.5,2,3,-0.0294117647058824,0.130718954248366,0.0125034475830863,"openalex","study_type"
61,0,"Journal of Neuroscience",2010,"Journal of Neuroscience / 2010 / nonhuman / between",3,17.5,14.5,2,3,-0.0294117647058824,0.130718954248366,0.00198075147717275,"openalex","study_type"
62,0,"Journal of Neuroscience",2010,"Journal of Neuroscience / 2010 / nonhuman / between",2,11.75,9.75,2,3,-0.0294117647058824,0.130718954248366,3.6221203852908e-06,"openalex","study_type"
63,0,"Journal of Neuroscience",2010,"Journal of Neuroscience / 2010 / human / within",3,12,9,0.181818181818182,1.18181818181818,-0.00267379679144385,0.0773344302756067,7.73806215489909e-07,"openalex","study_type"
64,1,"Journal of Neuroscience",2010,"Journal of Neuroscience / 2010 / nonhuman / between",4,23.25,19.25,1,3,0.0147058823529412,0.116013071895425,0.00253089875642918,"openalex","study_type"
65,0,"Journal of Neuroscience",2010,"Journal of Neuroscience / 2010 / human / within",0,6.5,6.5,0.181818181818182,1.18181818181818,-0.00267379679144385,0.0773344302756067,1.46986095308104e-06,"openalex","study_type"
66,0,"Journal of Neuroscience",2010,"Journal of Neuroscience / 2010 / human / within",4,7.75,3.75,0.181818181818182,1.18181818181818,-0.00267379679144385,0.0773344302756067,1.23455471456983e-05,"openalex","study_type"
67,1,"Journal of Neuroscience",2010,"Journal of Neuroscience / 2010 / nonhuman / between",0,3.5,3.5,1,3,0.0147058823529412,0.116013071895425,0.000642770700548329,"openalex","study_type"
68,0,"Journal of Neuroscience",2010,"Journal of Neuroscience / 2010 / human / within",0,3.5,3.5,0.181818181818182,1.18181818181818,-0.00267379679144385,0.0773344302756067,1.38594420453527e-05,"openalex","study_type"
69,1,"Journal of Neuroscience",2010,"Journal of Neuroscience / 2010 / nonhuman / between",4,6.75,2.75,1,3,0.0147058823529412,0.116013071895425,0.000838439850818212,"openalex","study_type"
70,0,"Journal of Neuroscience",2010,"Journal of Neuroscience / 2010 / human / within",1,5.75,4.75,0.181818181818182,1.18181818181818,-0.00267379679144385,0.0773344302756067,7.16529447186573e-06,"openalex","study_type"
71,0,"Journal of Neuroscience",2010,"Journal of Neuroscience / 2010 / nonhuman / within",3,13.75,10.75,1,2,-0.0147058823529412,0.507352941176471,0.000687307312693775,"openalex","study_type"
72,1,"Journal of Neuroscience",2010,"Journal of Neuroscience / 2010 / nonhuman / within",2,5.5,3.5,1,2,0.0147058823529412,0.507352941176471,0.000687307312693803,"openalex","study_type"
73,1,"Journal of Neuroscience",2010,"Journal of Neuroscience / 2010 / nonhuman / between",0,3.25,3.25,1,3,0.0147058823529412,0.116013071895425,0.000705109104071889,"openalex","study_type"
74,1,"Journal of Neuroscience",2010,"Journal of Neuroscience / 2010 / human / within",0,9.75,9.75,1,1.18181818181818,0.0147058823529412,0.089366515837104,0.000191614995228115,"openalex","study_type"
75,0,"Journal of Neuroscience",2010,"Journal of Neuroscience / 2010 / human / within",0,4.5,4.5,0.181818181818182,1.18181818181818,-0.00267379679144385,0.0773344302756067,8.32905860160613e-06,"openalex","study_type"
76,1,"Journal of Neuroscience",2010,"Journal of Neuroscience / 2010 / nonhuman / between",2,11.75,9.75,1,3,0.0147058823529412,0.116013071895425,2.18207465397733e-05,"openalex","study_type"
77,1,"Journal of Neuroscience",2010,"Journal of Neuroscience / 2010 / human / within",0,18.5,18.5,1,1.18181818181818,0.0147058823529412,0.089366515837104,0.00298622879903231,"openalex","study_type"
78,0,"Journal of Neuroscience",2010,"Journal of Neuroscience / 2010 / human / within",0,10.75,10.75,0.181818181818182,1.18181818181818,-0.00267379679144385,0.0773344302756067,5.49476310164702e-06,"openalex","study_type"
79,0,"Journal of Neuroscience",2010,"Journal of Neuroscience / 2010 / human / within",1,4.5,3.5,0.181818181818182,1.18181818181818,-0.00267379679144385,0.0773344302756067,1.38594420453527e-05,"openalex","study_type"
80,0,"Journal of Neuroscience",2010,"Journal of Neuroscience / 2010 / human / within",0,5,5,0.181818181818182,1.18181818181818,-0.00267379679144385,0.0773344302756067,6.08906303460382e-06,"openalex","study_type"
81,0,"Journal of Neuroscience",2010,"Journal of Neuroscience / 2010 / human / within",0,3.25,3.25,0.181818181818182,1.18181818181818,-0.00267379679144385,0.0773344302756067,1.54608696374856e-05,"openalex","study_type"
82,1,"Journal of Neuroscience",2010,"Journal of Neuroscience / 2010 / nonhuman / between",0,21.25,21.25,1,3,0.0147058823529412,0.116013071895425,0.00358990067409744,"openalex","study_type"
83,0,"Journal of Neuroscience",2010,"Journal of Neuroscience / 2010 / human / within",0,18.25,18.25,0.181818181818182,1.18181818181818,-0.00267379679144385,0.0773344302756067,7.43080797964607e-05,"openalex","study_type"
84,1,"Nature",2009,"Nature / 2009 / nonhuman / between",31,62.25,31.25,1,4,0.0147058823529412,0.253676470588235,0.0106850551744392,"openalex","study_type"
85,1,"Nature",2009,"Nature / 2009 / nonhuman / between",37,58.25,21.25,1,4,0.0147058823529412,0.253676470588235,0.00215935276466044,"openalex","study_type"
86,1,"Nature",2009,"Nature / 2009 / nonhuman / between",18,16.5,-1.5,1,4,0.0147058823529412,0.253676470588235,0.00688534686395827,"openalex","study_type"
87,0,"Nature",2009,"Nature / 2009 / nonhuman / between",19,21.5,2.5,3,4,-0.0441176470588235,0.283088235294118,0.0436003665875957,"openalex","study_type"
90,0,"Science",2009,"Science / 2009 / human / within",5,26.25,21.25,0.333333333333333,1.33333333333333,-0.00490196078431373,0.251225490196078,0.000409791376982752,"openalex","study_type"
91,1,"Science",2009,"Science / 2009 / nonhuman / between",20,28.25,8.25,1,3.5,0.0147058823529412,0.147058823529412,0.00010151055005049,"openalex","study_type"
92,0,"Science",2009,"Science / 2009 / human / between",4,14.25,10.25,1,2,-0.0147058823529412,0.50735294117647,0.0110747486490961,"openalex","study_type"
93,1,"Science",2009,"Science / 2009 / nonhuman / between",35,44.75,9.75,1,3.5,0.0147058823529412,0.147058823529412,6.79727418782918e-06,"openalex","study_type"
94,0,"Science",2009,"Science / 2009 / nonhuman / between",14,18.25,4.25,2.5,3.5,-0.0367647058823529,0.169117647058824,0.00844181272976663,"openalex","study_type"
96,1,"Science",2009,"Science / 2009 / human / within",20,29,9,1,1.33333333333333,0.0147058823529412,0.261029411764706,4.63417485480234e-06,"openalex","study_type"
97,1,"Science",2009,"Science / 2009 / nonhuman / between",55,73.5,18.5,1,3.5,0.0147058823529412,0.147058823529412,0.00167744944484542,"openalex","study_type"
98,0,"Science",2009,"Science / 2009 / nonhuman / between",24,59.5,35.5,2.5,3.5,-0.0367647058823529,0.169117647058824,0.0945008646811142,"openalex","study_type"
100,1,"Science",2009,"Science / 2009 / human / between",68,101.5,33.5,1,2,0.0147058823529412,0.507352941176471,0.011074748649096,"openalex","study_type"
101,1,"Science",2009,"Science / 2009 / nonhuman / between",92,89.25,-2.75,1,3.5,0.0147058823529412,0.147058823529412,0.00420438245853754,"openalex","study_type"
102,1,"Science",2009,"Science / 2009 / nonhuman / between",13,13.75,0.75,1,3.5,0.0147058823529412,0.147058823529412,0.00224824625497004,"openalex","study_type"
103,0,"Science",2009,"Science / 2009 / human / within",18,25.25,7.25,0.333333333333333,1.33333333333333,-0.00490196078431373,0.251225490196078,3.87253999184723e-05,"openalex","study_type"
104,0,"Science",2009,"Science / 2009 / human / within",7,10.5,3.5,0.333333333333333,1.33333333333333,-0.00490196078431373,0.251225490196078,0.000177213475577813,"openalex","study_type"
105,1,"Neuron",2009,"Neuron / 2009 / human / within",5,11,6,1,2.5,0.0147058823529412,0.205882352941177,0.000155661133449151,"openalex","study_type"
107,0,"Neuron",2009,"Neuron / 2009 / human / within",4,4.25,0.25,1.5,2.5,-0.0220588235294118,0.213235294117647,0.00560893010967717,"openalex","study_type"
108,1,"Neuron",2009,"Neuron / 2009 / nonhuman / within",19,26.5,7.5,1,2,0.0147058823529412,0.507352941176471,0.00123904720208757,"openalex","study_type"
109,1,"Neuron",2009,"Neuron / 2009 / human / within",11,23.25,12.25,1,2.5,0.0147058823529412,0.205882352941177,0.000438716794370781,"openalex","study_type"
110,1,"Neuron",2009,"Neuron / 2009 / human / within",11,16.5,5.5,1,2.5,0.0147058823529412,0.205882352941177,0.000229528025077125,"openalex","study_type"
112,0,"Neuron",2009,"Neuron / 2009 / human / within",23,43,20,1.5,2.5,-0.0220588235294118,0.213235294117647,0.00722636129357105,"openalex","study_type"
113,0,"Neuron",2009,"Neuron / 2009 / nonhuman / between",18,17.75,-0.25,1,2,-0.0147058823529412,0.50735294117647,0.00516020898084002,"openalex","study_type"
114,0,"Neuron",2009,"Neuron / 2009 / nonhuman / within",2,2.5,0.5,1,2,-0.0147058823529412,0.507352941176471,0.00123904720208756,"openalex","study_type"
115,1,"Neuron",2009,"Neuron / 2009 / nonhuman / between",22,37.25,15.25,1,2,0.0147058823529412,0.507352941176471,0.00516020898084001,"openalex","study_type"
118,0,"Journal of Neuroscience",2009,"Journal of Neuroscience / 2009 / nonhuman / between",2,4.25,2.25,1.1,2.1,-0.0161764705882353,0.0560924369747899,6.46103143004299e-07,"openalex","study_type"
120,0,"Journal of Neuroscience",2009,"Journal of Neuroscience / 2009 / nonhuman / within",5,3.75,-1.25,3,4,-0.0441176470588235,0.283088235294118,0.00217657646526995,"openalex","study_type"
121,0,"Journal of Neuroscience",2009,"Journal of Neuroscience / 2009 / nonhuman / between",3,12.75,9.75,1.1,2.1,-0.0161764705882353,0.0560924369747899,0.00143791461160579,"openalex","study_type"
122,1,"Journal of Neuroscience",2009,"Journal of Neuroscience / 2009 / human / within",0,2.75,2.75,1,3,0.0147058823529412,0.116013071895425,0.000147434935171676,"openalex","study_type"
123,1,"Journal of Neuroscience",2009,"Journal of Neuroscience / 2009 / nonhuman / between",2,5.75,3.75,1,2.1,0.0147058823529412,0.0546218487394958,0.000161553987309715,"openalex","study_type"
125,1,"Journal of Neuroscience",2009,"Journal of Neuroscience / 2009 / nonhuman / between",17,17.25,0.25,1,2.1,0.0147058823529412,0.0546218487394958,9.06802036712935e-06,"openalex","study_type"
126,1,"Journal of Neuroscience",2009,"Journal of Neuroscience / 2009 / human / within",15,30.5,15.5,1,3,0.0147058823529412,0.116013071895425,0.00241150442626966,"openalex","study_type"
127,1,"Journal of Neuroscience",2009,"Journal of Neuroscience / 2009 / nonhuman / within",2,2.5,0.5,1,4,0.0147058823529412,0.253676470588235,2.75666099193792e-06,"openalex","study_type"
128,1,"Journal of Neuroscience",2009,"Journal of Neuroscience / 2009 / nonhuman / between",2,2.75,0.75,1,2.1,0.0147058823529412,0.0546218487394958,5.85772294621238e-07,"openalex","study_type"
129,0,"Journal of Neuroscience",2009,"Journal of Neuroscience / 2009 / nonhuman / between",1,2.75,1.75,1.1,2.1,-0.0161764705882353,0.0560924369747899,2.79089499210304e-06,"openalex","study_type"
130,0,"Journal of Neuroscience",2009,"Journal of Neuroscience / 2009 / nonhuman / between",7,3.25,-3.75,1.1,2.1,-0.0161764705882353,0.0560924369747899,0.000834575817741785,"openalex","study_type"
131,0,"Journal of Neuroscience",2009,"Journal of Neuroscience / 2009 / nonhuman / between",11,14.75,3.75,1.1,2.1,-0.0161764705882353,0.0560924369747899,6.76837469056714e-05,"openalex","study_type"
132,0,"Journal of Neuroscience",2009,"Journal of Neuroscience / 2009 / human / within",5,5.25,0.25,2,3,-0.0294117647058824,0.130718954248366,0.00366325815585121,"openalex","study_type"
133,1,"Journal of Neuroscience",2009,"Journal of Neuroscience / 2009 / nonhuman / between",7,7.25,0.25,1,2.1,0.0147058823529412,0.0546218487394958,9.06802036712935e-06,"openalex","study_type"
134,1,"Journal of Neuroscience",2009,"Journal of Neuroscience / 2009 / nonhuman / within",3,3,0,1,4,0.0147058823529412,0.253676470588235,1.40343272046098e-06,"openalex","study_type"
135,0,"Journal of Neuroscience",2009,"Journal of Neuroscience / 2009 / human / within",9,9.75,0.75,2,3,-0.0294117647058824,0.130718954248366,0.00309577806566515,"openalex","study_type"
136,0,"Journal of Neuroscience",2009,"Journal of Neuroscience / 2009 / nonhuman / between",3,7.25,4.25,1.1,2.1,-0.0161764705882353,0.0560924369747899,0.000114520301263215,"openalex","study_type"
137,0,"Journal of Neuroscience",2009,"Journal of Neuroscience / 2009 / nonhuman / between",18,18.25,0.25,1.1,2.1,-0.0161764705882353,0.0560924369747899,8.26972898493626e-05,"openalex","study_type"
139,1,"Journal of Neuroscience",2009,"Journal of Neuroscience / 2009 / nonhuman / between",2,6.25,4.25,1,2.1,0.0147058823529412,0.0546218487394958,0.000223692307053921,"openalex","study_type"
140,0,"Journal of Neuroscience",2009,"Journal of Neuroscience / 2009 / nonhuman / between",7,16.75,9.75,1.1,2.1,-0.0161764705882353,0.0560924369747899,0.00143791461160579,"openalex","study_type"
141,0,"Journal of Neuroscience",2009,"Journal of Neuroscience / 2009 / nonhuman / between",5,4.75,-0.25,1.1,2.1,-0.0161764705882353,0.0560924369747899,0.000133823427905104,"openalex","study_type"
143,1,"Journal of Neuroscience",2009,"Journal of Neuroscience / 2009 / nonhuman / between",6,5.5,-0.5,1,2.1,0.0147058823529412,0.0546218487394958,4.07076159982256e-05,"openalex","study_type"
144,1,"Journal of Neuroscience",2009,"Journal of Neuroscience / 2009 / nonhuman / within",3,5.75,2.75,1,4,0.0147058823529412,0.253676470588235,0.000209171223116101,"openalex","study_type"
145,1,"Journal of Neuroscience",2009,"Journal of Neuroscience / 2009 / nonhuman / between",3,6.75,3.75,1,2.1,0.0147058823529412,0.0546218487394958,0.000161553987309715,"openalex","study_type"
146,1,"Journal of Neuroscience",2009,"Journal of Neuroscience / 2009 / human / within",8,9,1,1,3,0.0147058823529412,0.116013071895425,0.000422263552118146,"openalex","study_type"
147,1,"Journal of Neuroscience",2009,"Journal of Neuroscience / 2009 / nonhuman / between",12,11.25,-0.75,1,2.1,0.0147058823529412,0.0546218487394958,5.629847414788e-05,"openalex","study_type"
148,0,"Journal of Neuroscience",2009,"Journal of Neuroscience / 2009 / nonhuman / between",11,8,-3,1.1,2.1,-0.0161764705882353,0.0560924369747899,0.000633902578072611,"openalex","study_type"
149,0,"Journal of Neuroscience",2009,"Journal of Neuroscience / 2009 / human / within",9,8,-1,2,3,-0.0294117647058824,0.130718954248366,0.00529077348858309,"openalex","study_type"
150,1,"Journal of Neuroscience",2009,"Journal of Neuroscience / 2009 / nonhuman / between",10,10,0,1,2.1,0.0147058823529412,0.0546218487394958,1.70923891078502e-05,"openalex","study_type"
151,1,"Journal of Neuroscience",2009,"Journal of Neuroscience / 2009 / human / within",7,6.25,-0.75,1,3,0.0147058823529412,0.116013071895425,0.000838439850818293,"openalex","study_type"
152,1,"Journal of Neuroscience",2009,"Journal of Neuroscience / 2009 / human / within",27,47.25,20.25,1,3,0.0147058823529412,0.116013071895425,0.00517327126215931,"openalex","study_type"
155,1,"Journal of Neuroscience",2009,"Journal of Neuroscience / 2009 / human / within",22,34.25,12.25,1,3,0.0147058823529412,0.116013071895425,0.00112188097173564,"openalex","study_type"
156,1,"Journal of Neuroscience",2009,"Journal of Neuroscience / 2009 / nonhuman / between",17,10.5,-6.5,1,2.1,0.0147058823529412,0.0546218487394958,0.00111100523721183,"openalex","study_type"
157,1,"Journal of Neuroscience",2009,"Journal of Neuroscience / 2009 / nonhuman / between",4,5,1,1,2.1,0.0147058823529412,0.0546218487394958,1.27892962834021e-07,"openalex","study_type"
6,1,"Nature Neuroscience",2010,"Nature Neuroscience / 2010",2,25.25,23.25,1,2,0.0204081632653061,0.260204081632653,0.000532390539461375,"openalex","species_sample_journal_year"
9,0,"Nature Neuroscience",2010,"Nature Neuroscience / 2010",22,91.5,69.5,1,2,-0.0204081632653061,0.260204081632653,0.251513779897656,"openalex","species_sample_journal_year"
10,0,"Nature Neuroscience",2010,"Nature Neuroscience / 2010",0,6.25,6.25,1,2,-0.0204081632653061,0.260204081632652,0.0400790121690651,"openalex","species_sample_journal_year"
12,1,"Nature Neuroscience",2010,"Nature Neuroscience / 2010",4,4.25,0.25,1,2,0.0204081632653061,0.260204081632653,0.0774177606225855,"openalex","species_sample_journal_year"
13,1,"Nature Neuroscience",2009,"Nature Neuroscience / 2009",65,89.5,24.5,1,2.33333333333333,0.0204081632653061,0.151603498542274,0.0342420714871204,"openalex","species_sample_journal_year"
18,1,"Nature Neuroscience",2009,"Nature Neuroscience / 2009",6,3.75,-2.25,1,2.33333333333333,0.0204081632653061,0.151603498542274,0.00543691262747123,"openalex","species_sample_journal_year"
20,0,"Nature Neuroscience",2009,"Nature Neuroscience / 2009",15,23,8,1.33333333333333,2.33333333333333,-0.0272108843537415,0.158406219630709,0.00226814734028076,"openalex","species_sample_journal_year"
22,1,"Nature Neuroscience",2009,"Nature Neuroscience / 2009",14,15,1,1,2.33333333333333,0.0204081632653061,0.151603498542274,0.00178883938876433,"openalex","species_sample_journal_year"
27,0,"Nature Neuroscience",2009,"Nature Neuroscience / 2009",13,15,2,1.33333333333333,2.33333333333333,-0.0272108843537415,0.158406219630709,0.000923741740483681,"openalex","species_sample_journal_year"
30,0,"Nature Neuroscience",2009,"Nature Neuroscience / 2009",8,7.25,-0.75,1.33333333333333,2.33333333333333,-0.0272108843537415,0.158406219630709,0.00437601529561488,"openalex","species_sample_journal_year"
31,1,"Nature Neuroscience",2009,"Nature Neuroscience / 2009",9,11,2,1,2.33333333333333,0.0204081632653061,0.151603498542274,0.00106410331015181,"openalex","species_sample_journal_year"
45,0,"Neuron",2010,"Neuron / 2010",7,7,0,0.666666666666667,1.66666666666667,-0.0136054421768707,0.205442176870748,0.00921022432942673,"openalex","species_sample_journal_year"
50,0,"Neuron",2010,"Neuron / 2010",6,45,39,0.666666666666667,1.66666666666667,-0.0136054421768707,0.205442176870748,0.0297905217127601,"openalex","species_sample_journal_year"
53,1,"Neuron",2010,"Neuron / 2010",2,11.5,9.5,1,1.66666666666667,0.0204081632653061,0.212244897959183,0.00324883050280088,"openalex","species_sample_journal_year"
57,1,"Neuron",2010,"Neuron / 2010",1,19.25,18.25,1,1.66666666666667,0.0204081632653061,0.212244897959183,0.0011673071600397,"openalex","species_sample_journal_year"
58,0,"Neuron",2010,"Neuron / 2010",0,5,5,0.666666666666667,1.66666666666667,-0.0136054421768707,0.205442176870748,0.00378692076128589,"openalex","species_sample_journal_year"
60,0,"Journal of Neuroscience",2010,"Journal of Neuroscience / 2010",14,12.5,-1.5,0.571428571428571,1.57142857142857,-0.0116618075801749,0.0496952027564272,0.0021818689326437,"openalex","species_sample_journal_year"
61,0,"Journal of Neuroscience",2010,"Journal of Neuroscience / 2010",3,17.5,14.5,0.571428571428571,1.57142857142857,-0.0116618075801749,0.0496952027564272,0.00104026933699714,"openalex","species_sample_journal_year"
62,0,"Journal of Neuroscience",2010,"Journal of Neuroscience / 2010",2,11.75,9.75,0.571428571428571,1.57142857142857,-0.0116618075801749,0.0496952027564272,7.76312923704747e-05,"openalex","species_sample_journal_year"
63,0,"Journal of Neuroscience",2010,"Journal of Neuroscience / 2010",3,12,9,0.571428571428571,1.57142857142857,-0.0116618075801749,0.0496952027564272,2.61063707306611e-05,"openalex","species_sample_journal_year"
64,1,"Journal of Neuroscience",2010,"Journal of Neuroscience / 2010",4,23.25,19.25,1,1.57142857142857,0.0204081632653061,0.0584415584415584,0.00798420261537264,"openalex","species_sample_journal_year"
65,0,"Journal of Neuroscience",2010,"Journal of Neuroscience / 2010",0,6.5,6.5,0.571428571428571,1.57142857142857,-0.0116618075801749,0.0496952027564272,5.22531877160211e-05,"openalex","species_sample_journal_year"
66,0,"Journal of Neuroscience",2010,"Journal of Neuroscience / 2010",4,7.75,3.75,0.571428571428571,1.57142857142857,-0.0116618075801749,0.0496952027564272,0.000432661643217413,"openalex","species_sample_journal_year"
67,1,"Journal of Neuroscience",2010,"Journal of Neuroscience / 2010",0,3.5,3.5,1,1.57142857142857,0.0204081632653061,0.0584415584415584,0.00229790917031886,"openalex","species_sample_journal_year"
68,0,"Journal of Neuroscience",2010,"Journal of Neuroscience / 2010",0,3.5,3.5,0.571428571428571,1.57142857142857,-0.0116618075801749,0.0496952027564272,0.000485511604461306,"openalex","species_sample_journal_year"
69,1,"Journal of Neuroscience",2010,"Journal of Neuroscience / 2010",4,6.75,2.75,1,1.57142857142857,0.0204081632653061,0.0584415584415584,0.00296743549056698,"openalex","species_sample_journal_year"
70,0,"Journal of Neuroscience",2010,"Journal of Neuroscience / 2010",1,5.75,4.75,0.571428571428571,1.57142857142857,-0.0116618075801749,0.0496952027564272,0.000251707422208726,"openalex","species_sample_journal_year"
73,1,"Journal of Neuroscience",2010,"Journal of Neuroscience / 2010",0,3.25,3.25,1,1.57142857142857,0.0204081632653061,0.0584415584415584,0.00251158660839567,"openalex","species_sample_journal_year"
74,1,"Journal of Neuroscience",2010,"Journal of Neuroscience / 2010",0,9.75,9.75,1,1.57142857142857,0.0204081632653061,0.0584415584415584,4.28238703158865e-05,"openalex","species_sample_journal_year"
75,0,"Journal of Neuroscience",2010,"Journal of Neuroscience / 2010",0,4.5,4.5,0.571428571428571,1.57142857142857,-0.0116618075801749,0.0496952027564272,0.000292379133865865,"openalex","species_sample_journal_year"
76,1,"Journal of Neuroscience",2010,"Journal of Neuroscience / 2010",2,11.75,9.75,1,1.57142857142857,0.0204081632653061,0.0584415584415584,4.28238703158865e-05,"openalex","species_sample_journal_year"
77,1,"Journal of Neuroscience",2010,"Journal of Neuroscience / 2010",0,18.5,18.5,1,1.57142857142857,0.0204081632653061,0.0584415584415584,0.00685860655650582,"openalex","species_sample_journal_year"
78,0,"Journal of Neuroscience",2010,"Journal of Neuroscience / 2010",0,10.75,10.75,0.571428571428571,1.57142857142857,-0.0116618075801749,0.0496952027564272,0.000188955061443862,"openalex","species_sample_journal_year"
79,0,"Journal of Neuroscience",2010,"Journal of Neuroscience / 2010",1,4.5,3.5,0.571428571428571,1.57142857142857,-0.0116618075801749,0.0496952027564272,0.000485511604461306,"openalex","species_sample_journal_year"
80,0,"Journal of Neuroscience",2010,"Journal of Neuroscience / 2010",0,5,5,0.571428571428571,1.57142857142857,-0.0116618075801749,0.0496952027564272,0.000214080272948274,"openalex","species_sample_journal_year"
81,0,"Journal of Neuroscience",2010,"Journal of Neuroscience / 2010",0,3.25,3.25,0.571428571428571,1.57142857142857,-0.0116618075801749,0.0496952027564272,0.000541406128101887,"openalex","species_sample_journal_year"
82,1,"Journal of Neuroscience",2010,"Journal of Neuroscience / 2010",0,21.25,21.25,1,1.57142857142857,0.0204081632653061,0.0584415584415584,0.0114037041939437,"openalex","species_sample_journal_year"
83,0,"Journal of Neuroscience",2010,"Journal of Neuroscience / 2010",0,18.25,18.25,0.571428571428571,1.57142857142857,-0.0116618075801749,0.0496952027564272,0.00257661015180529,"openalex","species_sample_journal_year"
84,1,"Nature",2009,"Nature / 2009",31,62.25,31.25,1,4,0.0204081632653061,0.255102040816326,0.0376751889060516,"openalex","species_sample_journal_year"
85,1,"Nature",2009,"Nature / 2009",37,58.25,21.25,1,4,0.0204081632653061,0.255102040816326,0.00704235334007262,"openalex","species_sample_journal_year"
86,1,"Nature",2009,"Nature / 2009",18,16.5,-1.5,1,4,0.0204081632653061,0.255102040816326,0.0278041878031581,"openalex","species_sample_journal_year"
87,0,"Nature",2009,"Nature / 2009",19,21.5,2.5,3,4,-0.0612244897959184,0.295918367346939,0.124731490250991,"openalex","species_sample_journal_year"
90,0,"Science",2009,"Science / 2009",5,26.25,21.25,1.2,2.2,-0.0244897959183673,0.104267161410019,0.0107462444882257,"openalex","species_sample_journal_year"
91,1,"Science",2009,"Science / 2009",20,28.25,8.25,1,2.2,0.0204081632653061,0.100185528756957,0.00176553510573563,"openalex","species_sample_journal_year"
92,0,"Science",2009,"Science / 2009",4,14.25,10.25,1.2,2.2,-0.0244897959183673,0.104267161410019,0.00029878294227023,"openalex","species_sample_journal_year"
93,1,"Science",2009,"Science / 2009",35,44.75,9.75,1,2.2,0.0204081632653061,0.100185528756957,0.000802949431968249,"openalex","species_sample_journal_year"
96,1,"Science",2009,"Science / 2009",20,29,9,1,2.2,0.0204081632653061,0.100185528756957,0.00123744361222066,"openalex","species_sample_journal_year"
98,0,"Science",2009,"Science / 2009",24,59.5,35.5,1.2,2.2,-0.0244897959183673,0.104267161410019,0.0677813871782498,"openalex","species_sample_journal_year"
100,1,"Science",2009,"Science / 2009",68,101.5,33.5,1,2.2,0.0204081632653061,0.100185528756957,0.0354545774170017,"openalex","species_sample_journal_year"
101,1,"Science",2009,"Science / 2009",92,89.25,-2.75,1,2.2,0.0204081632653061,0.100185528756957,0.0202641683343432,"openalex","species_sample_journal_year"
102,1,"Science",2009,"Science / 2009",13,13.75,0.75,1,2.2,0.0204081632653061,0.100185528756957,0.0121943022703264,"openalex","species_sample_journal_year"
103,0,"Science",2009,"Science / 2009",18,25.25,7.25,1.2,2.2,-0.0244897959183673,0.104267161410019,0.00252722854431029,"openalex","species_sample_journal_year"
104,0,"Science",2009,"Science / 2009",7,10.5,3.5,1.2,2.2,-0.0244897959183673,0.104267161410019,0.00837303864959636,"openalex","species_sample_journal_year"
105,1,"Neuron",2009,"Neuron / 2009",5,11,6,1,2.25,0.0204081632653061,0.120181405895691,0.000315558926590478,"openalex","species_sample_journal_year"
107,0,"Neuron",2009,"Neuron / 2009",4,4.25,0.25,1.25,2.25,-0.0255102040816327,0.125283446712018,0.00602804375933399,"openalex","species_sample_journal_year"
108,1,"Neuron",2009,"Neuron / 2009",19,26.5,7.5,1,2.25,0.0204081632653061,0.120181405895691,1.42213244936862e-05,"openalex","species_sample_journal_year"
109,1,"Neuron",2009,"Neuron / 2009",11,23.25,12.25,1,2.25,0.0204081632653061,0.120181405895691,0.00164345997887397,"openalex","species_sample_journal_year"
110,1,"Neuron",2009,"Neuron / 2009",11,16.5,5.5,1,2.25,0.0204081632653061,0.120181405895691,0.000503027089344823,"openalex","species_sample_journal_year"
112,0,"Neuron",2009,"Neuron / 2009",23,43,20,1.25,2.25,-0.0255102040816327,0.125283446712018,0.0237166110265737,"openalex","species_sample_journal_year"
113,0,"Neuron",2009,"Neuron / 2009",18,17.75,-0.25,1.25,2.25,-0.0255102040816327,0.125283446712018,0.00697305892054051,"openalex","species_sample_journal_year"
114,0,"Neuron",2009,"Neuron / 2009",2,2.5,0.5,1.25,2.25,-0.0255102040816327,0.125283446712018,0.00558132927115216,"openalex","species_sample_journal_year"
115,1,"Neuron",2009,"Neuron / 2009",22,37.25,15.25,1,2.25,0.0204081632653061,0.120181405895691,0.0046957211810078,"openalex","species_sample_journal_year"
118,0,"Journal of Neuroscience",2009,"Journal of Neuroscience / 2009",2,4.25,2.25,1.35714285714286,2.35714285714286,-0.0276967930029155,0.0462496686986483,1.22926091661189e-05,"openalex","species_sample_journal_year"
120,0,"Journal of Neuroscience",2009,"Journal of Neuroscience / 2009",5,3.75,-1.25,1.35714285714286,2.35714285714286,-0.0276967930029155,0.0462496686986483,0.00139650319840402,"openalex","species_sample_journal_year"
121,0,"Journal of Neuroscience",2009,"Journal of Neuroscience / 2009",3,12.75,9.75,1.35714285714286,2.35714285714286,-0.0276967930029155,0.0462496686986483,0.0082987167246906,"openalex","species_sample_journal_year"
122,1,"Journal of Neuroscience",2009,"Journal of Neuroscience / 2009",0,2.75,2.75,1,2.35714285714286,0.0204081632653061,0.0389610389610389,4.00605402066277e-06,"openalex","species_sample_journal_year"
123,1,"Journal of Neuroscience",2009,"Journal of Neuroscience / 2009",2,5.75,3.75,1,2.35714285714286,0.0204081632653061,0.0389610389610389,4.27542658862612e-05,"openalex","species_sample_journal_year"
125,1,"Journal of Neuroscience",2009,"Journal of Neuroscience / 2009",17,17.25,0.25,1,2.35714285714286,0.0204081632653061,0.0389610389610389,0.000545315055592149,"openalex","species_sample_journal_year"
126,1,"Journal of Neuroscience",2009,"Journal of Neuroscience / 2009",15,30.5,15.5,1,2.35714285714286,0.0204081632653061,0.0389610389610389,0.0114245910151032,"openalex","species_sample_journal_year"
127,1,"Journal of Neuroscience",2009,"Journal of Neuroscience / 2009",2,2.5,0.5,1,2.35714285714286,0.0204081632653061,0.0389610389610389,0.000450158328427005,"openalex","species_sample_journal_year"
128,1,"Journal of Neuroscience",2009,"Journal of Neuroscience / 2009",2,2.75,0.75,1,2.35714285714286,0.0204081632653061,0.0389610389610389,0.000364118451708083,"openalex","species_sample_journal_year"
129,0,"Journal of Neuroscience",2009,"Journal of Neuroscience / 2009",1,2.75,1.75,1.35714285714286,2.35714285714286,-0.0276967930029155,0.0462496686986483,5.4444397137679e-06,"openalex","species_sample_journal_year"
130,0,"Journal of Neuroscience",2009,"Journal of Neuroscience / 2009",7,3.25,-3.75,1.35714285714286,2.35714285714286,-0.0276967930029155,0.0462496686986483,0.00443115044129447,"openalex","species_sample_journal_year"
131,0,"Journal of Neuroscience",2009,"Journal of Neuroscience / 2009",11,14.75,3.75,1.35714285714286,2.35714285714286,-0.0276967930029155,0.0462496686986483,0.000442022196210133,"openalex","species_sample_journal_year"
132,0,"Journal of Neuroscience",2009,"Journal of Neuroscience / 2009",5,5.25,0.25,1.35714285714286,2.35714285714286,-0.0276967930029155,0.0462496686986483,0.000394085010043675,"openalex","species_sample_journal_year"
133,1,"Journal of Neuroscience",2009,"Journal of Neuroscience / 2009",7,7.25,0.25,1,2.35714285714286,0.0204081632653061,0.0389610389610389,0.000545315055592149,"openalex","species_sample_journal_year"
135,0,"Journal of Neuroscience",2009,"Journal of Neuroscience / 2009",9,9.75,0.75,1.35714285714286,2.35714285714286,-0.0276967930029155,0.0462496686986483,0.000196340640152547,"openalex","species_sample_journal_year"
136,0,"Journal of Neuroscience",2009,"Journal of Neuroscience / 2009",3,7.25,4.25,1.35714285714286,2.35714285714286,-0.0276967930029155,0.0462496686986483,0.000721660418120459,"openalex","species_sample_journal_year"
137,0,"Journal of Neuroscience",2009,"Journal of Neuroscience / 2009",18,18.25,0.25,1.35714285714286,2.35714285714286,-0.0276967930029155,0.0462496686986483,0.000394085010043675,"openalex","species_sample_journal_year"
139,1,"Journal of Neuroscience",2009,"Journal of Neuroscience / 2009",2,6.25,4.25,1,2.35714285714286,0.0204081632653061,0.0389610389610389,0.000116829474496388,"openalex","species_sample_journal_year"
140,0,"Journal of Neuroscience",2009,"Journal of Neuroscience / 2009",7,16.75,9.75,1.35714285714286,2.35714285714286,-0.0276967930029155,0.0462496686986483,0.0082987167246906,"openalex","species_sample_journal_year"
141,0,"Journal of Neuroscience",2009,"Journal of Neuroscience / 2009",5,4.75,-0.25,1.35714285714286,2.35714285714286,-0.0276967930029155,0.0462496686986483,0.000660026893049298,"openalex","species_sample_journal_year"
143,1,"Journal of Neuroscience",2009,"Journal of Neuroscience / 2009",6,5.5,-0.5,1,2.35714285714286,0.0204081632653061,0.0389610389610389,0.000885486339764908,"openalex","species_sample_journal_year"
144,1,"Journal of Neuroscience",2009,"Journal of Neuroscience / 2009",3,5.75,2.75,1,2.35714285714286,0.0204081632653061,0.0389610389610389,4.00605402066277e-06,"openalex","species_sample_journal_year"
145,1,"Journal of Neuroscience",2009,"Journal of Neuroscience / 2009",3,6.75,3.75,1,2.35714285714286,0.0204081632653061,0.0389610389610389,4.27542658862612e-05,"openalex","species_sample_journal_year"
146,1,"Journal of Neuroscience",2009,"Journal of Neuroscience / 2009",8,9,1,1,2.35714285714286,0.0204081632653061,0.0389610389610389,0.000287195425435381,"openalex","species_sample_journal_year"
147,1,"Journal of Neuroscience",2009,"Journal of Neuroscience / 2009",12,11.25,-0.75,1,2.35714285714286,0.0204081632653061,0.0389610389610389,0.00101711046871494,"openalex","species_sample_journal_year"
148,0,"Journal of Neuroscience",2009,"Journal of Neuroscience / 2009",11,8,-3,1.35714285714286,2.35714285714286,-0.0276967930029155,0.0462496686986483,0.00334173779650179,"openalex","species_sample_journal_year"
149,0,"Journal of Neuroscience",2009,"Journal of Neuroscience / 2009",9,8,-1,1.35714285714286,2.35714285714286,-0.0276967930029155,0.0462496686986483,0.00118681005464741,"openalex","species_sample_journal_year"
150,1,"Journal of Neuroscience",2009,"Journal of Neuroscience / 2009",10,10,0,1,2.35714285714286,0.0204081632653061,0.0389610389610389,0.000649588633203515,"openalex","species_sample_journal_year"
151,1,"Journal of Neuroscience",2009,"Journal of Neuroscience / 2009",7,6.25,-0.75,1,2.35714285714286,0.0204081632653061,0.0389610389610389,0.00101711046871494,"openalex","species_sample_journal_year"
152,1,"Journal of Neuroscience",2009,"Journal of Neuroscience / 2009",27,47.25,20.25,1,2.35714285714286,0.0204081632653061,0.0389610389610389,0.0217420242924396,"openalex","species_sample_journal_year"
155,1,"Journal of Neuroscience",2009,"Journal of Neuroscience / 2009",22,34.25,12.25,1,2.35714285714286,0.0204081632653061,0.0389610389610389,0.00626159945500274,"openalex","species_sample_journal_year"
156,1,"Journal of Neuroscience",2009,"Journal of Neuroscience / 2009",17,10.5,-6.5,1,2.35714285714286,0.0204081632653061,0.0389610389610389,0.00656071615772265,"openalex","species_sample_journal_year"
157,1,"Journal of Neuroscience",2009,"Journal of Neuroscience / 2009",4,5,1,1,2.35714285714286,0.0204081632653061,0.0389610389610389,0.000287195425435381,"openalex","species_sample_journal_year"
6,1,"Nature Neuroscience",2010,"Nature Neuroscience / 2010 / rat / between",2,25.25,23.25,1,2,0.0204081632653061,0.260204081632653,8.83014615452612e-05,"openalex","species"
9,0,"Nature Neuroscience",2010,"Nature Neuroscience / 2010 / rat / between",22,91.5,69.5,1,2,-0.0204081632653061,0.260204081632653,0.106477244828785,"openalex","species"
10,0,"Nature Neuroscience",2010,"Nature Neuroscience / 2010 / rat / between",0,6.25,6.25,1,2,-0.0204081632653061,0.260204081632653,0.0191809221943171,"openalex","species"
12,1,"Nature Neuroscience",2010,"Nature Neuroscience / 2010 / rat / between",4,4.25,0.25,1,2,0.0204081632653061,0.260204081632653,0.0318324187831699,"openalex","species"
13,1,"Nature Neuroscience",2009,"Nature Neuroscience / 2009 / mouse / between",65,89.5,24.5,1,1.5,0.0204081632653061,0.346938775510205,0.0141613637922939,"openalex","species"
18,1,"Nature Neuroscience",2009,"Nature Neuroscience / 2009 / human / within",6,3.75,-2.25,1,4,0.0204081632653061,0.255102040816327,0.000416295127255603,"openalex","species"
20,0,"Nature Neuroscience",2009,"Nature Neuroscience / 2009 / mouse / between",15,23,8,0.5,1.5,-0.0102040816326531,0.336734693877551,0.000129109192547178,"openalex","species"
22,1,"Nature Neuroscience",2009,"Nature Neuroscience / 2009 / human / within",14,15,1,1,4,0.0204081632653061,0.255102040816327,1.09978443728377e-05,"openalex","species"
27,0,"Nature Neuroscience",2009,"Nature Neuroscience / 2009 / human / within",13,15,2,3,4,-0.0612244897959184,0.295918367346939,0.00042200415908891,"openalex","species"
30,0,"Nature Neuroscience",2009,"Nature Neuroscience / 2009 / mouse / between",8,7.25,-0.75,0.5,1.5,-0.0102040816326531,0.336734693877552,0.00222998767202906,"openalex","species"
31,1,"Nature Neuroscience",2009,"Nature Neuroscience / 2009 / human / within",9,11,2,1,4,0.0204081632653061,0.255102040816327,0.000112670620409911,"openalex","species"
45,0,"Neuron",2010,"Neuron / 2010 / rat / within",7,7,0,0.666666666666667,1.66666666666667,-0.0136054421768707,0.205442176870748,0.00442126222063626,"openalex","species"
50,0,"Neuron",2010,"Neuron / 2010 / rat / within",6,45,39,0.666666666666667,1.66666666666667,-0.0136054421768707,0.205442176870749,0.0124109656038599,"openalex","species"
53,1,"Neuron",2010,"Neuron / 2010 / rat / within",2,11.5,9.5,1,1.66666666666667,0.0204081632653061,0.212244897959184,0.000968520898991729,"openalex","species"
57,1,"Neuron",2010,"Neuron / 2010 / rat / within",1,19.25,18.25,1,1.66666666666667,0.0204081632653061,0.212244897959184,0.000856448918356118,"openalex","species"
58,0,"Neuron",2010,"Neuron / 2010 / rat / within",0,5,5,0.666666666666667,1.66666666666667,-0.0136054421768707,0.205442176870748,0.00190840141238001,"openalex","species"
60,0,"Journal of Neuroscience",2010,"Journal of Neuroscience / 2010 / rat / between",14,12.5,-1.5,0.5,1.5,-0.0102040816326531,0.336734693877551,0.000848086309332175,"openalex","species"
61,0,"Journal of Neuroscience",2010,"Journal of Neuroscience / 2010 / rat / between",3,17.5,14.5,0.5,1.5,-0.0102040816326531,0.336734693877551,0.00132866623650129,"openalex","species"
62,0,"Journal of Neuroscience",2010,"Journal of Neuroscience / 2010 / mouse / between",2,11.75,9.75,5,6,-0.102040816326531,0.251700680272109,0.00410905206588452,"openalex","species"
63,0,"Journal of Neuroscience",2010,"Journal of Neuroscience / 2010 / human / within",3,12,9,0.181818181818182,1.18181818181818,-0.00371057513914657,0.0774939346367917,1.50111465206372e-06,"openalex","species"
64,1,"Journal of Neuroscience",2010,"Journal of Neuroscience / 2010 / mouse / between",4,23.25,19.25,1,6,0.0204081632653061,0.170068027210884,0.00295814501672603,"openalex","species"
65,0,"Journal of Neuroscience",2010,"Journal of Neuroscience / 2010 / human / within",0,6.5,6.5,0.181818181818182,1.18181818181818,-0.00371057513914657,0.0774939346367917,2.11275246519668e-06,"openalex","species"
66,0,"Journal of Neuroscience",2010,"Journal of Neuroscience / 2010 / human / within",4,7.75,3.75,0.181818181818182,1.18181818181818,-0.00371057513914657,0.0774939346367917,1.93611879838505e-05,"openalex","species"
67,1,"Journal of Neuroscience",2010,"Journal of Neuroscience / 2010 / mouse / between",0,3.5,3.5,1,6,0.0204081632653061,0.170068027210884,0.00237973277628733,"openalex","species"
68,0,"Journal of Neuroscience",2010,"Journal of Neuroscience / 2010 / human / within",0,3.5,3.5,0.181818181818182,1.18181818181818,-0.00371057513914657,0.0774939346367917,2.1790299468622e-05,"openalex","species"
69,1,"Journal of Neuroscience",2010,"Journal of Neuroscience / 2010 / mouse / between",4,6.75,2.75,1,6,0.0204081632653061,0.170068027210884,0.00288319873096316,"openalex","species"
70,0,"Journal of Neuroscience",2010,"Journal of Neuroscience / 2010 / human / within",1,5.75,4.75,0.181818181818182,1.18181818181818,-0.00371057513914657,0.0774939346367917,1.10798618650421e-05,"openalex","species"
73,1,"Journal of Neuroscience",2010,"Journal of Neuroscience / 2010 / rat / between",0,3.25,3.25,1,1.5,0.0204081632653061,0.346938775510204,0.000221620846867908,"openalex","species"
74,1,"Journal of Neuroscience",2010,"Journal of Neuroscience / 2010 / human / within",0,9.75,9.75,1,1.18181818181818,0.0204081632653061,0.0941915227629513,0.000218171396103605,"openalex","species"
75,0,"Journal of Neuroscience",2010,"Journal of Neuroscience / 2010 / human / within",0,4.5,4.5,0.181818181818182,1.18181818181818,-0.00371057513914657,0.0774939346367917,1.29349254217026e-05,"openalex","species"
76,1,"Journal of Neuroscience",2010,"Journal of Neuroscience / 2010 / mouse / between",2,11.75,9.75,1,6,0.0204081632653061,0.170068027210884,6.14890948357285e-05,"openalex","species"
77,1,"Journal of Neuroscience",2010,"Journal of Neuroscience / 2010 / human / within",0,18.5,18.5,1,1.18181818181818,0.0204081632653061,0.0941915227629513,0.00452750676829392,"openalex","species"
78,0,"Journal of Neuroscience",2010,"Journal of Neuroscience / 2010 / human / within",0,10.75,10.75,0.181818181818182,1.18181818181818,-0.00371057513914657,0.0774939346367917,9.61193111352302e-06,"openalex","species"
79,0,"Journal of Neuroscience",2010,"Journal of Neuroscience / 2010 / human / within",1,4.5,3.5,0.181818181818182,1.18181818181818,-0.00371057513914657,0.0774939346367917,2.1790299468622e-05,"openalex","species"
80,0,"Journal of Neuroscience",2010,"Journal of Neuroscience / 2010 / human / within",0,5,5,0.181818181818182,1.18181818181818,-0.00371057513914657,0.0774939346367917,9.36831029040947e-06,"openalex","species"
81,0,"Journal of Neuroscience",2010,"Journal of Neuroscience / 2010 / human / within",0,3.25,3.25,0.181818181818182,1.18181818181818,-0.00371057513914657,0.0774939346367917,2.43629229354213e-05,"openalex","species"
82,1,"Journal of Neuroscience",2010,"Journal of Neuroscience / 2010 / mouse / between",0,21.25,21.25,1,6,0.0204081632653061,0.170068027210884,0.00455489386783092,"openalex","species"
83,0,"Journal of Neuroscience",2010,"Journal of Neuroscience / 2010 / human / within",0,18.25,18.25,0.181818181818182,1.18181818181818,-0.00371057513914657,0.0774939346367917,0.000124021723116619,"openalex","species"
84,1,"Nature",2009,"Nature / 2009 / mouse / between",31,62.25,31.25,1,4,0.0204081632653061,0.255102040816327,0.0172905224072253,"openalex","species"
85,1,"Nature",2009,"Nature / 2009 / mouse / between",37,58.25,21.25,1,4,0.0204081632653061,0.255102040816327,0.00342342140109622,"openalex","species"
86,1,"Nature",2009,"Nature / 2009 / mouse / between",18,16.5,-1.5,1,4,0.0204081632653061,0.255102040816327,0.0115621136232109,"openalex","species"
87,0,"Nature",2009,"Nature / 2009 / mouse / between",19,21.5,2.5,3,4,-0.0612244897959184,0.295918367346939,0.0685246852752581,"openalex","species"
90,0,"Science",2009,"Science / 2009 / human / within",5,26.25,21.25,0.333333333333333,1.33333333333333,-0.00680272108843537,0.251700680272109,0.000691444274880226,"openalex","species"
91,1,"Science",2009,"Science / 2009 / rat / between",20,28.25,8.25,1,5,0.0204081632653061,0.204081632653061,0.000174958179546986,"openalex","species"
92,0,"Science",2009,"Science / 2009 / human / between",4,14.25,10.25,1,2,-0.0204081632653061,0.510204081632653,0.0174721493677897,"openalex","species"
93,1,"Science",2009,"Science / 2009 / rat / between",35,44.75,9.75,1,5,0.0204081632653061,0.204081632653061,8.88890374181683e-06,"openalex","species"
96,1,"Science",2009,"Science / 2009 / human / within",20,29,9,1,1.33333333333333,0.0204081632653061,0.265306122448979,3.72073449198299e-05,"openalex","species"
98,0,"Science",2009,"Science / 2009 / rat / between",24,59.5,35.5,4,5,-0.0816326530612245,0.26530612244898,0.53648473278955,"openalex","species"
100,1,"Science",2009,"Science / 2009 / human / between",68,101.5,33.5,1,2,0.0204081632653061,0.510204081632653,0.0174721493677897,"openalex","species"
101,1,"Science",2009,"Science / 2009 / rat / between",92,89.25,-2.75,1,5,0.0204081632653061,0.204081632653061,0.00780796161259868,"openalex","species"
102,1,"Science",2009,"Science / 2009 / rat / between",13,13.75,0.75,1,5,0.0204081632653061,0.204081632653061,0.0041545659418996,"openalex","species"
103,0,"Science",2009,"Science / 2009 / human / within",18,25.25,7.25,0.333333333333333,1.33333333333333,-0.00680272108843537,0.251700680272109,5.78936544919234e-05,"openalex","species"
104,0,"Science",2009,"Science / 2009 / human / within",7,10.5,3.5,0.333333333333333,1.33333333333333,-0.00680272108843537,0.251700680272109,0.000278564365485561,"openalex","species"
105,1,"Neuron",2009,"Neuron / 2009 / human / within",5,11,6,1,2.5,0.0204081632653061,0.208163265306123,0.000312062591505886,"openalex","species"
107,0,"Neuron",2009,"Neuron / 2009 / human / within",4,4.25,0.25,1.5,2.5,-0.0306122448979592,0.218367346938776,0.00860350088310058,"openalex","species"
108,1,"Neuron",2009,"Neuron / 2009 / primate / within",19,26.5,7.5,1,2,0.0204081632653061,0.510204081632653,0.00176385877196612,"openalex","species"
109,1,"Neuron",2009,"Neuron / 2009 / human / within",11,23.25,12.25,1,2.5,0.0204081632653061,0.208163265306123,0.000637329391483184,"openalex","species"
110,1,"Neuron",2009,"Neuron / 2009 / human / within",11,16.5,5.5,1,2.5,0.0204081632653061,0.208163265306123,0.000445131831125782,"openalex","species"
112,0,"Neuron",2009,"Neuron / 2009 / human / within",23,43,20,1.5,2.5,-0.0306122448979592,0.218367346938776,0.0128361781655895,"openalex","species"
113,0,"Neuron",2009,"Neuron / 2009 / rat / between",18,17.75,-0.25,1,2,-0.0204081632653061,0.510204081632653,0.0079515486089226,"openalex","species"
114,0,"Neuron",2009,"Neuron / 2009 / primate / within",2,2.5,0.5,1,2,-0.0204081632653061,0.510204081632653,0.00176385877196611,"openalex","species"
115,1,"Neuron",2009,"Neuron / 2009 / rat / between",22,37.25,15.25,1,2,0.0204081632653061,0.510204081632654,0.00795154860892263,"openalex","species"
118,0,"Journal of Neuroscience",2009,"Journal of Neuroscience / 2009 / rat / between",2,4.25,2.25,1,2,-0.0204081632653061,0.0935374149659864,1.53717571870027e-05,"openalex","species"
120,0,"Journal of Neuroscience",2009,"Journal of Neuroscience / 2009 / primate / within",5,3.75,-1.25,2,3,-0.0408163265306122,0.360544217687075,0.00152286819344987,"openalex","species"
121,0,"Journal of Neuroscience",2009,"Journal of Neuroscience / 2009 / rat / between",3,12.75,9.75,1,2,-0.0204081632653061,0.0935374149659864,0.00239140773621201,"openalex","species"
122,1,"Journal of Neuroscience",2009,"Journal of Neuroscience / 2009 / human / within",0,2.75,2.75,1,3,0.0204081632653061,0.117913832199547,0.00028258086806283,"openalex","species"
123,1,"Journal of Neuroscience",2009,"Journal of Neuroscience / 2009 / mouse / between",2,5.75,3.75,1,2.33333333333333,0.0204081632653061,0.151603498542274,0.000135219579686177,"openalex","species"
125,1,"Journal of Neuroscience",2009,"Journal of Neuroscience / 2009 / mouse / between",17,17.25,0.25,1,2.33333333333333,0.0204081632653061,0.151603498542274,0.000116631038318575,"openalex","species"
126,1,"Journal of Neuroscience",2009,"Journal of Neuroscience / 2009 / human / within",15,30.5,15.5,1,3,0.0204081632653061,0.117913832199547,0.00381569740167044,"openalex","species"
127,1,"Journal of Neuroscience",2009,"Journal of Neuroscience / 2009 / primate / within",2,2.5,0.5,1,3,0.0204081632653061,0.340136054421769,3.44281377538161e-08,"openalex","species"
128,1,"Journal of Neuroscience",2009,"Journal of Neuroscience / 2009 / rat / between",2,2.75,0.75,1,2,0.0204081632653061,0.0935374149659864,2.79430114748842e-06,"openalex","species"
129,0,"Journal of Neuroscience",2009,"Journal of Neuroscience / 2009 / rat / between",1,2.75,1.75,1,2,-0.0204081632653061,0.0935374149659864,8.49950042501879e-07,"openalex","species"
130,0,"Journal of Neuroscience",2009,"Journal of Neuroscience / 2009 / primate / between",7,3.25,-3.75,1,2,-0.0204081632653061,0.510204081632653,0.00200464025537235,"openalex","species"
131,0,"Journal of Neuroscience",2009,"Journal of Neuroscience / 2009 / rat / between",11,14.75,3.75,1,2,-0.0204081632653061,0.0935374149659864,0.00016684762221338,"openalex","species"
132,0,"Journal of Neuroscience",2009,"Journal of Neuroscience / 2009 / human / within",5,5.25,0.25,2,3,-0.0408163265306122,0.138321995464853,0.00534718463996334,"openalex","species"
133,1,"Journal of Neuroscience",2009,"Journal of Neuroscience / 2009 / rat / between",7,7.25,0.25,1,2,0.0204081632653061,0.0935374149659864,2.18123767750258e-05,"openalex","species"
135,0,"Journal of Neuroscience",2009,"Journal of Neuroscience / 2009 / human / within",9,9.75,0.75,2,3,-0.0408163265306122,0.138321995464853,0.00446427384591662,"openalex","species"
136,0,"Journal of Neuroscience",2009,"Journal of Neuroscience / 2009 / rat / between",3,7.25,4.25,1,2,-0.0204081632653061,0.0935374149659864,0.000253309725086464,"openalex","species"
137,0,"Journal of Neuroscience",2009,"Journal of Neuroscience / 2009 / mouse / between",18,18.25,0.25,1.33333333333333,2.33333333333333,-0.0272108843537415,0.15840621963071,0.000376526632118728,"openalex","species"
139,1,"Journal of Neuroscience",2009,"Journal of Neuroscience / 2009 / mouse / between",2,6.25,4.25,1,2.33333333333333,0.0204081632653061,0.151603498542274,0.00021999987081827,"openalex","species"
140,0,"Journal of Neuroscience",2009,"Journal of Neuroscience / 2009 / mouse / between",7,16.75,9.75,1.33333333333333,2.33333333333333,-0.0272108843537415,0.15840621963071,0.00389622232929929,"openalex","species"
141,0,"Journal of Neuroscience",2009,"Journal of Neuroscience / 2009 / rat / between",5,4.75,-0.25,1,2,-0.0204081632653061,0.0935374149659864,0.000122613460785956,"openalex","species"
143,1,"Journal of Neuroscience",2009,"Journal of Neuroscience / 2009 / rat / between",6,5.5,-0.5,1,2,0.0204081632653061,0.0935374149659864,8.4061503839105e-05,"openalex","species"
144,1,"Journal of Neuroscience",2009,"Journal of Neuroscience / 2009 / primate / within",3,5.75,2.75,1,3,0.0204081632653061,0.340136054421769,0.000350549256103808,"openalex","species"
145,1,"Journal of Neuroscience",2009,"Journal of Neuroscience / 2009 / primate / between",3,6.75,3.75,1,2,0.0204081632653061,0.510204081632653,0.00200464025537236,"openalex","species"
146,1,"Journal of Neuroscience",2009,"Journal of Neuroscience / 2009 / human / within",8,9,1,1,3,0.0204081632653061,0.117913832199547,0.000761530067699838,"openalex","species"
147,1,"Journal of Neuroscience",2009,"Journal of Neuroscience / 2009 / rat / between",12,11.25,-0.75,1,2,0.0204081632653061,0.0935374149659864,0.000113803749826537,"openalex","species"
148,0,"Journal of Neuroscience",2009,"Journal of Neuroscience / 2009 / mouse / between",11,8,-3,1.33333333333333,2.33333333333333,-0.0272108843537415,0.15840621963071,0.00224644930277933,"openalex","species"
149,0,"Journal of Neuroscience",2009,"Journal of Neuroscience / 2009 / human / within",9,8,-1,2,3,-0.0408163265306122,0.138321995464853,0.00790276688077555,"openalex","species"
150,1,"Journal of Neuroscience",2009,"Journal of Neuroscience / 2009 / mouse / between",10,10,0,1,2.33333333333333,0.0204081632653061,0.151603498542274,0.000153799278436763,"openalex","species"
151,1,"Journal of Neuroscience",2009,"Journal of Neuroscience / 2009 / human / within",7,6.25,-0.75,1,3,0.0204081632653061,0.117913832199547,0.001473141589458,"openalex","species"
152,1,"Journal of Neuroscience",2009,"Journal of Neuroscience / 2009 / human / within",27,47.25,20.25,1,3,0.0204081632653061,0.117913832199547,0.00828951658835615,"openalex","species"
155,1,"Journal of Neuroscience",2009,"Journal of Neuroscience / 2009 / human / within",22,34.25,12.25,1,3,0.0204081632653061,0.117913832199547,0.00174229103765756,"openalex","species"
156,1,"Journal of Neuroscience",2009,"Journal of Neuroscience / 2009 / rat / between",17,10.5,-6.5,1,2,0.0204081632653061,0.0935374149659864,0.00203884550885555,"openalex","species"
157,1,"Journal of Neuroscience",2009,"Journal of Neuroscience / 2009 / rat / between",4,5,1,1,2,0.0204081632653061,0.0935374149659864,2.96660582744251e-08,"openalex","species"
