"paper_id","assessment_id","assessment_type","source_outcome","source_file","p_value","cohort"
"Row.1","Row.1","replication_judgment","no","rpp.csv","0.434030725","rpp"
"Row.2","Row.2","replication_judgment","no","rpp.csv","0.269558068","rpp"
"Row.3","Row.3","replication_judgment","no","rpp.csv","0.228988827","rpp"
"Row.4","Row.4","replication_judgment","no","rpp.csv","0.920419089","rpp"
"Row.5","Row.5","replication_judgment","no","rpp.csv","0.355722382","rpp"
"Row.6","Row.6","replication_judgment","yes","rpp.csv","0.02258934","rpp"
"Row.7","Row.7","replication_judgment","no","rpp.csv","0.313795083","rpp"
"Row.8","Row.8","replication_judgment","no","rpp.csv","0.539998592","rpp"
"Row.10","Row.10","replication_judgment","yes","rpp.csv","2.21e-07","rpp"
"Row.11","Row.11","replication_judgment","yes","rpp.csv","0.008168915","rpp"
"Row.12","Row.12","replication_judgment","no","rpp.csv","0.198165248","rpp"
"Row.13","Row.13","replication_judgment","yes","rpp.csv","1.58e-12","rpp"
"Row.15","Row.15","replication_judgment","yes","rpp.csv","5.05e-05","rpp"
"Row.17","Row.17","replication_judgment","yes","rpp.csv","1.37e-06","rpp"
"Row.19","Row.19","replication_judgment","no","rpp.csv","0.070889711","rpp"
"Row.20","Row.20","replication_judgment","no","rpp.csv","0.841863775","rpp"
"Row.22","Row.22","replication_judgment","no","rpp.csv","0.716617946","rpp"
"Row.24","Row.24","replication_judgment","yes","rpp.csv","0.045417099","rpp"
"Row.25","Row.25","replication_judgment","yes","rpp.csv","0.001737041","rpp"
"Row.26","Row.26","replication_judgment","yes","rpp.csv","0.165946909","rpp"
"Row.27","Row.27","replication_judgment","yes","rpp.csv","0.001007522","rpp"
"Row.28","Row.28","replication_judgment","no","rpp.csv","0.327320513","rpp"
"Row.29","Row.29","replication_judgment","yes","rpp.csv","0.002339966","rpp"
"Row.32","Row.32","replication_judgment","yes","rpp.csv","0.001950822","rpp"
"Row.33","Row.33","replication_judgment","yes","rpp.csv","0.04414462","rpp"
"Row.36","Row.36","replication_judgment","yes","rpp.csv","0.00047793","rpp"
"Row.37","Row.37","replication_judgment","yes","rpp.csv","0.142093022","rpp"
"Row.39","Row.39","replication_judgment","no","rpp.csv","0.211299547","rpp"
"Row.43","Row.43","replication_judgment","no","rpp.csv","0.146902278","rpp"
"Row.44","Row.44","replication_judgment","yes","rpp.csv","0.045320778","rpp"
"Row.46","Row.46","replication_judgment","yes","rpp.csv","0","rpp"
"Row.48","Row.48","replication_judgment","no","rpp.csv","0.468999328","rpp"
"Row.49","Row.49","replication_judgment","no","rpp.csv","0.777977082","rpp"
"Row.49","Row.50","replication_judgment","no","rpp.csv","0.079067813","rpp"
"Row.52","Row.52","replication_judgment","no","rpp.csv","0.321906461","rpp"
"Row.53","Row.53","replication_judgment","no","rpp.csv","0.513076239","rpp"
"Row.55","Row.55","replication_judgment","no","rpp.csv","0.741793627","rpp"
"Row.56","Row.56","replication_judgment","no","rpp.csv","0.796267394","rpp"
"Row.58","Row.58","replication_judgment","no","rpp.csv","0.540253118","rpp"
"Row.59","Row.59","replication_judgment","yes","rpp.csv",,"rpp"
"Row.61","Row.61","replication_judgment","no","rpp.csv","0.944257246","rpp"
"Row.63","Row.63","replication_judgment","no","rpp.csv","0.374369532","rpp"
"Row.64","Row.64","replication_judgment","no","rpp.csv","0.425841059","rpp"
"Row.65","Row.65","replication_judgment","no","rpp.csv","0.893478732","rpp"
"Row.68","Row.68","replication_judgment","No","rpp.csv","0.964369609","rpp"
"Row.69","Row.69","replication_judgment","yes","rpp.csv","1e-06","rpp"
"Row.71","Row.71","replication_judgment","no","rpp.csv","0.331896286","rpp"
"Row.72","Row.72","replication_judgment","no","rpp.csv","0.48458607","rpp"
"Row.73","Row.73","replication_judgment","yes","rpp.csv","0.028459737","rpp"
"Row.77","Row.77","replication_judgment","no","rpp.csv","0.758","rpp"
"Row.80","Row.80","replication_judgment","no","rpp.csv","0.190467907","rpp"
"Row.81","Row.81","replication_judgment","no","rpp.csv","0.233830099","rpp"
"Row.82","Row.82","replication_judgment","no","rpp.csv","0.086","rpp"
"Row.84","Row.84","replication_judgment","yes","rpp.csv","0.007708395","rpp"
"Row.86","Row.86","replication_judgment","no","rpp.csv","0.140627311","rpp"
"Row.87","Row.87","replication_judgment","no","rpp.csv","0.929110139","rpp"
"Row.89","Row.89","replication_judgment","yes","rpp.csv","0.881922196","rpp"
"Row.93","Row.93","replication_judgment","no","rpp.csv","0.2649653","rpp"
"Row.94","Row.94","replication_judgment","yes","rpp.csv","0.011765834","rpp"
"Row.97","Row.97","replication_judgment","No","rpp.csv","0.154430586","rpp"
"Row.104","Row.104","replication_judgment","no","rpp.csv","0.533880559","rpp"
"Row.106","Row.106","replication_judgment","no","rpp.csv","0.132031044","rpp"
"Row.107","Row.107","replication_judgment","no","rpp.csv","0.189435742","rpp"
"Row.110","Row.110","replication_judgment","no","rpp.csv","0.277177119","rpp"
"Row.111","Row.111","replication_judgment","yes","rpp.csv","0.013965691","rpp"
"Row.112","Row.112","replication_judgment","yes","rpp.csv","0.007800372","rpp"
"Row.113","Row.113","replication_judgment","yes","rpp.csv","4.59e-35","rpp"
"Row.114","Row.114","replication_judgment","yes","rpp.csv","5.14e-05","rpp"
"Row.115","Row.115","replication_judgment","no","rpp.csv","0.191700924","rpp"
"Row.116","Row.116","replication_judgment","yes","rpp.csv","9.5e-05","rpp"
"Row.117","Row.117","replication_judgment","yes","rpp.csv","3.35e-33","rpp"
"Row.118","Row.118","replication_judgment","no","rpp.csv","0.539024693","rpp"
"Row.120","Row.120","replication_judgment","no","rpp.csv","0.053115031","rpp"
"Row.121","Row.121","replication_judgment","yes","rpp.csv","2.82e-08","rpp"
"Row.122","Row.122","replication_judgment","yes","rpp.csv","4.9e-08","rpp"
"Row.124","Row.124","replication_judgment","no","rpp.csv","0.778156632","rpp"
"Row.127","Row.127","replication_judgment","yes","rpp.csv","0.004708112","rpp"
"Row.129","Row.129","replication_judgment","no","rpp.csv","0.887981301","rpp"
"Row.132","Row.132","replication_judgment","no","rpp.csv","0.254170145","rpp"
"Row.133","Row.133","replication_judgment","yes","rpp.csv","0.007242548","rpp"
"Row.134","Row.134","replication_judgment","yes","rpp.csv","2.41e-16","rpp"
"Row.135","Row.135","replication_judgment","no","rpp.csv","3.14e-10","rpp"
"Row.136","Row.136","replication_judgment","no","rpp.csv","0.444536036","rpp"
"Row.139","Row.139","replication_judgment","yes","rpp.csv","0.000217732","rpp"
"Row.140","Row.140","replication_judgment","no","rpp.csv","0.786998369","rpp"
"Row.142","Row.142","replication_judgment","yes","rpp.csv","3.3e-52","rpp"
"Row.143","Row.143","replication_judgment","no","rpp.csv","0.677581223","rpp"
"Row.145","Row.145","replication_judgment","yes","rpp.csv","8.85e-06","rpp"
"Row.146","Row.146","replication_judgment","no","rpp.csv","0.083950437","rpp"
"Row.148","Row.148","replication_judgment","no","rpp.csv","0.627520896","rpp"
"Row.148","Row.149","replication_judgment","no","rpp.csv","0.74612573","rpp"
"Row.150","Row.150","replication_judgment","no","rpp.csv","0.380003702","rpp"
"Row.151","Row.151","replication_judgment","no","rpp.csv","0.974823723","rpp"
"Row.153","Row.153","replication_judgment","no","rpp.csv","0.758308044","rpp"
"Row.154","Row.154","replication_judgment","yes","rpp.csv","0.690466537","rpp"
"Row.155","Row.155","replication_judgment","no","rpp.csv","0.777533992","rpp"
"Row.158","Row.158","replication_judgment","yes","rpp.csv","3.46e-05","rpp"
"Row.161","Row.161","replication_judgment","no","rpp.csv","0.237041962","rpp"
"Row.165","Row.165","replication_judgment","no","rpp.csv","0.210207014","rpp"
"Row.167","Row.167","replication_judgment","no","rpp.csv","0.241925362","rpp"
"Ej3y","65km6_0_2","replication_score_criterion","not_met","score_replication.zip","0.64","score_replication"
"y3R4","2wgk2_1_2","replication_score_criterion","not_met","score_replication.zip","0.185","score_replication"
"d24p","67z12_2_2","replication_score_criterion","met","score_replication.zip","0.001","score_replication"
"Rvb","2y582_3_2","replication_score_criterion","not_met","score_replication.zip","0.021","score_replication"
"d5v3","6m492_9_1","replication_score_criterion","not_met","score_replication.zip","0.505","score_replication"
"e3G7","6o442_10_1","replication_score_criterion","met","score_replication.zip","0.002","score_replication"
"5XEE","21z56_11_2","replication_score_criterion","not_met","score_replication.zip","0.069","score_replication"
"N8pB","2ggz2_12_1","replication_score_criterion","met","score_replication.zip","0.046","score_replication"
"bY2A","6zoo2_13_1","replication_score_criterion","not_met","score_replication.zip","0.069","score_replication"
"a8jQ","6mz92_15_1","replication_score_criterion","met","score_replication.zip","0.009961834","score_replication"
"OKRy","281g6_16_1","replication_score_criterion","met","score_replication.zip","4.334752e-07","score_replication"
"aag9","6z1o2_17_2","replication_score_criterion","not_met","score_replication.zip","0.127","score_replication"
"5Xaw","69y36_18_1","replication_score_criterion","not_met","score_replication.zip","0.065","score_replication"
"EKBZ","618k_19_1","replication_score_criterion","met","score_replication.zip","0.001","score_replication"
"1574","2w9k2_20_1","replication_score_criterion","met","score_replication.zip","0","score_replication"
"LbEB","6zzo6_21_1","replication_score_criterion","met","score_replication.zip","1.96723e-06","score_replication"
"yJwG","9ky_22_1","replication_score_criterion","met","score_replication.zip","3.3132e-05","score_replication"
"RZdL","6o946_25_1","replication_score_criterion","met","score_replication.zip","2.754e-05","score_replication"
"pw3m","2kwg2_26_1","replication_score_criterion","not_met","score_replication.zip","0.2877","score_replication"
"0wWk","28yg6_27_1","replication_score_criterion","met","score_replication.zip","5.152676e-139","score_replication"
"dxQp","2w5k2_28_1","replication_score_criterion","met","score_replication.zip","4.094467e-06","score_replication"
"vGqL","67y16_29_1","replication_score_criterion","met","score_replication.zip","0.001","score_replication"
"Y8Yx","21wg2_30_1","replication_score_criterion","not_met","score_replication.zip","6.372e-10","score_replication"
"e227","24yw6_31_1","replication_score_criterion","met","score_replication.zip","0","score_replication"
"Eb2N","23yw2_32_1","replication_score_criterion","met","score_replication.zip","0.01789506","score_replication"
"5Q82","6zy82_33_1","replication_score_criterion","not_met","score_replication.zip","0.01","score_replication"
"QllV","249w6_34_1","replication_score_criterion","not_met","score_replication.zip","0.5449741","score_replication"
"9R9X","2kkg2_35_2","replication_score_criterion","not_met","score_replication.zip","0.837","score_replication"
"VB9K","2g7z2_36_1","replication_score_criterion","not_met","score_replication.zip","0.898","score_replication"
"x0pA","8z81_37_1","replication_score_criterion","met","score_replication.zip","0","score_replication"
"NrrW","24812_38_1","replication_score_criterion","met","score_replication.zip","0","score_replication"
"zb3Y","2y182_39_1","replication_score_criterion","met","score_replication.zip","0","score_replication"
"zb3Y","2y182_39_2","replication_score_criterion","met","score_replication.zip","0","score_replication"
"zb3Y","2y182_39_3","replication_score_criterion","met","score_replication.zip","0","score_replication"
"zb3Y","2y182_39_4","replication_score_criterion","met","score_replication.zip","0","score_replication"
"zb3Y","2y182_39_5","replication_score_criterion","met","score_replication.zip","0","score_replication"
"zb3Y","2y182_39_6","replication_score_criterion","met","score_replication.zip","0","score_replication"
"zb3Y","2y182_39_7","replication_score_criterion","met","score_replication.zip","0","score_replication"
"YmQR","69412_41_1","replication_score_criterion","met","score_replication.zip","0","score_replication"
"qPxQ","69136_42_1","replication_score_criterion","not_met","score_replication.zip","0","score_replication"
"Kybl","23w8w_43_1","replication_score_criterion","not_met","score_replication.zip","0.077","score_replication"
"Br0x","658m2_44_3","replication_score_criterion","met","score_replication.zip","0.002678","score_replication"
"Br0x","658m2_44_4","replication_score_criterion","met","score_replication.zip","0.01673","score_replication"
"Br0x","658m2_44_5","replication_score_criterion","not_met","score_replication.zip","0.3142","score_replication"
"Br0x","658m2_44_6","replication_score_criterion","met","score_replication.zip","0.0249","score_replication"
"zlBL","651m6_45_1","replication_score_criterion","met","score_replication.zip","0","score_replication"
"zlBL","651m6_45_2","replication_score_criterion","met","score_replication.zip","0","score_replication"
"zlBL","651m6_45_3","replication_score_criterion","met","score_replication.zip","0.006","score_replication"
"zlBL","651m6_45_4","replication_score_criterion","met","score_replication.zip","0.026","score_replication"
"zlBL","651m6_45_5","replication_score_criterion","not_met","score_replication.zip","0.201","score_replication"
"wRvv","65wm6_46_1","replication_score_criterion","met","score_replication.zip","0","score_replication"
"wRvv","65wm6_46_2","replication_score_criterion","met","score_replication.zip","0","score_replication"
"wRvv","65wm6_46_3","replication_score_criterion","met","score_replication.zip","0","score_replication"
"wRvv","65wm6_46_4","replication_score_criterion","met","score_replication.zip","0","score_replication"
"wRvv","65wm6_46_5","replication_score_criterion","met","score_replication.zip","0.001691","score_replication"
"BKxK","4zz0_47_1","replication_score_criterion","not_met","score_replication.zip","0.20301226","score_replication"
"JWzJ","6547_48_1","replication_score_criterion","not_met","score_replication.zip","0.1062843","score_replication"
"AvOr","24716_49_2","replication_score_criterion","not_met","score_replication.zip","0.589","score_replication"
"AvOr","24716_49_3","replication_score_criterion","not_met","score_replication.zip","0.679","score_replication"
"OYX0","8zz7_51_1","replication_score_criterion","not_met","score_replication.zip","0","score_replication"
"1VeW","g941_52_2","replication_score_criterion","not_met","score_replication.zip","0.667140637383601","score_replication"
"WLkV","67516_53_1","replication_score_criterion","not_met","score_replication.zip","0.1503","score_replication"
"AqDO","2wyw2_55_4","replication_score_criterion","not_met","score_replication.zip","0.22","score_replication"
"D2LY","65o96_56_1","replication_score_criterion","not_met","score_replication.zip","0.37","score_replication"
"D2LY","65o96_56_2","replication_score_criterion","met","score_replication.zip","0.001","score_replication"
"D2LY","65o96_56_3","replication_score_criterion","met","score_replication.zip","0.002","score_replication"
"D2LY","65o96_56_5","replication_score_criterion","not_met","score_replication.zip","0.804","score_replication"
"qgWj","23wwg_57_1","replication_score_criterion","met","score_replication.zip","0","score_replication"
"qgWj","23wwg_57_2","replication_score_criterion","met","score_replication.zip","0","score_replication"
"qgWj","23wwg_57_3","replication_score_criterion","met","score_replication.zip","0","score_replication"
"qgWj","23wwg_57_4","replication_score_criterion","met","score_replication.zip","0","score_replication"
"qgWj","23wwg_57_5","replication_score_criterion","met","score_replication.zip","0","score_replication"
"AYQG","6m33m_58_2","replication_score_criterion","not_met","score_replication.zip","0.905","score_replication"
"AYQG","6m33m_58_3","replication_score_criterion","not_met","score_replication.zip","0.46","score_replication"
"AYQG","6m33m_58_4","replication_score_criterion","met","score_replication.zip","0.02","score_replication"
"JRpA","2g7ky_60_1","replication_score_criterion","met","score_replication.zip","0.013","score_replication"
"JRpA","2g7ky_60_2","replication_score_criterion","met","score_replication.zip","0.011","score_replication"
"JRpA","2g7ky_60_3","replication_score_criterion","not_met","score_replication.zip","0.247","score_replication"
"JRpA","2g7ky_60_4","replication_score_criterion","not_met","score_replication.zip","0.169","score_replication"
"EJpm","288ok_61_1","replication_score_criterion","not_met","score_replication.zip","0.959","score_replication"
"EJpm","288ok_61_2","replication_score_criterion","not_met","score_replication.zip","0.001","score_replication"
"EJpm","288ok_61_3","replication_score_criterion","not_met","score_replication.zip","0.086","score_replication"
"EJpm","288ok_61_4","replication_score_criterion","not_met","score_replication.zip","0.009","score_replication"
"EJpm","288ok_61_5","replication_score_criterion","met","score_replication.zip","0.022","score_replication"
"Vj0p","2g79y_62_1","replication_score_criterion","not_met","score_replication.zip","0.124","score_replication"
"Vj0p","2g79y_62_2","replication_score_criterion","not_met","score_replication.zip","0.299","score_replication"
"Vj0p","2g79y_62_3","replication_score_criterion","not_met","score_replication.zip","0.309","score_replication"
"Vj0p","2g79y_62_4","replication_score_criterion","met","score_replication.zip","0","score_replication"
"Vj0p","2g79y_62_5","replication_score_criterion","met","score_replication.zip","0","score_replication"
"qYr7","675m9_63_1","replication_score_criterion","met","score_replication.zip","0","score_replication"
"qYr7","675m9_63_2","replication_score_criterion","met","score_replication.zip","0","score_replication"
"qYr7","675m9_63_3","replication_score_criterion","met","score_replication.zip","0","score_replication"
"qYr7","675m9_63_4","replication_score_criterion","met","score_replication.zip","0","score_replication"
"qYr7","675m9_63_5","replication_score_criterion","met","score_replication.zip","0","score_replication"
"E5qr","65gm6_65_1","replication_score_criterion","not_met","score_replication.zip","0.9766","score_replication"
"q8xv","23g12_67_1","replication_score_criterion","not_met","score_replication.zip","0.591944033472042","score_replication"
"q8xv","23g12_67_2","replication_score_criterion","not_met","score_replication.zip","0.467592303204017","score_replication"
"q8xv","23g12_67_3","replication_score_criterion","not_met","score_replication.zip","0.199491023748645","score_replication"
"q8xv","23g12_67_4","replication_score_criterion","not_met","score_replication.zip","0.131518495892005","score_replication"
"RYKv","2k5g2_68_1","replication_score_criterion","met","score_replication.zip","7.26247045906817e-24","score_replication"
"RYKv","2k5g2_68_2","replication_score_criterion","met","score_replication.zip","0.00308888306602407","score_replication"
"RYKv","2k5g2_68_3","replication_score_criterion","met","score_replication.zip","0.000377022269494621","score_replication"
"RYKv","2k5g2_68_4","replication_score_criterion","met","score_replication.zip","5.01247435588678e-13","score_replication"
"RYKv","2k5g2_68_5","replication_score_criterion","met","score_replication.zip","0.00590001203455006","score_replication"
"OeGv","24m16_69_1","replication_score_criterion","not_met","score_replication.zip","0.561495490190812","score_replication"
"OeGv","24m16_69_2","replication_score_criterion","met","score_replication.zip","0.00038312227451563","score_replication"
"OeGv","24m16_69_3","replication_score_criterion","not_met","score_replication.zip","0.39624938160293","score_replication"
"OeGv","24m16_69_4","replication_score_criterion","not_met","score_replication.zip","0.090769037026059","score_replication"
"OYX0","658y7_71_1","replication_score_criterion","met","score_replication.zip","6.8081396545e-06","score_replication"
"OYX0","658y7_71_2","replication_score_criterion","not_met","score_replication.zip","4.242104e-10","score_replication"
"OYX0","658y7_71_3","replication_score_criterion","not_met","score_replication.zip","4.241727e-10","score_replication"
"OYX0","658y7_71_4","replication_score_criterion","not_met","score_replication.zip","4.242104e-10","score_replication"
"AOQj","21487_73_1","replication_score_criterion","not_met","score_replication.zip","0.8456167629028","score_replication"
"bLe8","329k_75_1","replication_score_criterion","not_met","score_replication.zip","0.1343","score_replication"
"5JE","z189_76_1","replication_score_criterion","met","score_replication.zip","0.022","score_replication"
"Blxd","6z3o2_77_1","replication_score_criterion","met","score_replication.zip","0","score_replication"
"Blxd","6z3o2_77_2","replication_score_criterion","met","score_replication.zip","0","score_replication"
"Blxd","6z3o2_77_3","replication_score_criterion","met","score_replication.zip","0","score_replication"
"Blxd","6z3o2_77_4","replication_score_criterion","met","score_replication.zip","0","score_replication"
"VvZX","4182_84_1","replication_score_criterion","met","score_replication.zip","0","score_replication"
"WaYe","556_86_2","replication_score_criterion","not_met","score_replication.zip","0.969","score_replication"
"pN7E","69812_88_1","replication_score_criterion","not_met","score_replication.zip","0.292115","score_replication"
"zmYY","6zz3k_89_1","replication_score_criterion","met","score_replication.zip","0.015011","score_replication"
"zmYY","6zz3k_89_2","replication_score_criterion","met","score_replication.zip","0.00072","score_replication"
"lkBL","618_90_1","replication_score_criterion","not_met","score_replication.zip","0.291","score_replication"
"J4W9","y2312_91_1","replication_score_criterion","not_met","score_replication.zip","0.042","score_replication"
"5Awm","2y2g_92_1","replication_score_criterion","met","score_replication.zip","2.2e-16","score_replication"
"0qar","20g_93_1","replication_score_criterion","not_met","score_replication.zip","0.1817","score_replication"
"aYyR","23w12_95_1","replication_score_criterion","met","score_replication.zip","0.001","score_replication"
"AvWY","8g91_99_1","replication_score_criterion","not_met","score_replication.zip","0.768","score_replication"
"7RR2","86m96_100_1","replication_score_criterion","met","score_replication.zip","0.001","score_replication"
"7RR2","86m96_100_2","replication_score_criterion","not_met","score_replication.zip","0.229","score_replication"
"7RR2","86m96_100_3","replication_score_criterion","not_met","score_replication.zip","0.141","score_replication"
"7RR2","86m96_100_4","replication_score_criterion","not_met","score_replication.zip","0.157","score_replication"
"7RR2","86m96_100_5","replication_score_criterion","met","score_replication.zip","0.001","score_replication"
"7RR2","86m96_100_6","replication_score_criterion","met","score_replication.zip","0.001","score_replication"
"7RR2","86m96_100_7","replication_score_criterion","met","score_replication.zip","0.001","score_replication"
"7RR2","86m96_100_8","replication_score_criterion","met","score_replication.zip","0.001","score_replication"
"7RR2","86m96_100_9","replication_score_criterion","met","score_replication.zip","0.001","score_replication"
"7RR2","86m96_100_10","replication_score_criterion","met","score_replication.zip","0.001","score_replication"
"7RR2","86m96_100_11","replication_score_criterion","met","score_replication.zip","0.001","score_replication"
"7RR2","86m96_100_12","replication_score_criterion","met","score_replication.zip","0.001","score_replication"
"7RR2","86m96_100_13","replication_score_criterion","met","score_replication.zip","0.001","score_replication"
"7RR2","86m96_100_14","replication_score_criterion","met","score_replication.zip","0.001","score_replication"
"7RR2","86m96_100_15","replication_score_criterion","met","score_replication.zip","0.001","score_replication"
"7RR2","86m96_100_16","replication_score_criterion","met","score_replication.zip","0.001","score_replication"
"7RR2","86m96_100_17","replication_score_criterion","not_met","score_replication.zip","0.001","score_replication"
"7RR2","86m96_100_18","replication_score_criterion","not_met","score_replication.zip","0.001","score_replication"
"mJDj","y7g1_103_1","replication_score_criterion","not_met","score_replication.zip","8.873251e-06","score_replication"
"gbAY","165m6_105_1","replication_score_criterion","not_met","score_replication.zip","0.3835407","score_replication"
"9OK1","658g7_107_1","replication_score_criterion","not_met","score_replication.zip","0.1904506","score_replication"
"9OK1","658g7_107_2","replication_score_criterion","not_met","score_replication.zip","0.1249305","score_replication"
"9OK1","658g7_107_3","replication_score_criterion","not_met","score_replication.zip","0.1329075","score_replication"
"9OK1","658g7_107_4","replication_score_criterion","not_met","score_replication.zip","0.4942668","score_replication"
"AgO1","23m12_108_2","replication_score_criterion","met","score_replication.zip","1.969e-12","score_replication"
"AgO1","23m12_108_3","replication_score_criterion","met","score_replication.zip","1.212482e-28","score_replication"
"AgO1","23m12_108_4","replication_score_criterion","met","score_replication.zip","1.544e-11","score_replication"
"AgO1","23m12_108_5","replication_score_criterion","met","score_replication.zip","1.651514e-20","score_replication"
"AgO1","23m12_108_6","replication_score_criterion","met","score_replication.zip","1.293e-05","score_replication"
"AgO1","23m12_108_7","replication_score_criterion","met","score_replication.zip","2.065688e-25","score_replication"
"AgO1","23m12_108_8","replication_score_criterion","met","score_replication.zip","2.212e-12","score_replication"
"LmBx","y2gz6_109_1","replication_score_criterion","not_met","score_replication.zip","0.9821","score_replication"
"7WjP","7976_111_1","replication_score_criterion","not_met","score_replication.zip","0.91","score_replication"
"Ovkm","zz26_112_1","replication_score_criterion","not_met","score_replication.zip",,"score_replication"
"VjjX","99m7_113_1","replication_score_criterion","met","score_replication.zip","0.0183","score_replication"
"9J1","g9mm_114_1","replication_score_criterion","not_met","score_replication.zip","0.339","score_replication"
"mBL1","8m17_115_1","replication_score_criterion","met","score_replication.zip","0.001","score_replication"
"7X54","21k52_116_1","replication_score_criterion","not_met","score_replication.zip","0.001","score_replication"
"BrGp","247z3_117_1","replication_score_criterion","met","score_replication.zip","0.03204295","score_replication"
"BrGp","247z3_117_2","replication_score_criterion","not_met","score_replication.zip","0.483959","score_replication"
"BrGp","247z3_117_3","replication_score_criterion","not_met","score_replication.zip","0.9125931","score_replication"
"BrGp","247z3_117_4","replication_score_criterion","met","score_replication.zip","0.007","score_replication"
"BrGp","247z3_117_5","replication_score_criterion","met","score_replication.zip","0","score_replication"
"BrGp","247z3_117_6","replication_score_criterion","not_met","score_replication.zip","0.1298","score_replication"
"BrGp","247z3_117_7","replication_score_criterion","not_met","score_replication.zip","0.1639","score_replication"
"BrGp","247z3_117_8","replication_score_criterion","not_met","score_replication.zip","0.991","score_replication"
"1X9W","32mk4l7","replication_score_criterion","not_met","score_replication.zip","0.009","score_replication"
"2GKO","4142MGqO","replication_score_criterion","not_met","score_replication.zip","0.006154","score_replication"
"2lb5","y496dlGR","replication_score_criterion","met","score_replication.zip","0","score_replication"
"347d","m898Em","replication_score_criterion","met","score_replication.zip","0.0007185695","score_replication"
"3aPw","05g8y3kd","replication_score_criterion","met","score_replication.zip","0","score_replication"
"4q0L","3z5zlaP","replication_score_criterion","met","score_replication.zip","0.048205","score_replication"
"521q","286ej15","replication_score_criterion","not_met","score_replication.zip","0.71145","score_replication"
"59bm","2196any","replication_score_criterion","met","score_replication.zip","2.896871e-05","score_replication"
"5KrD","935yk3mj","replication_score_criterion","not_met","score_replication.zip","0.8513","score_replication"
"7X54","93k7KEbX","replication_score_criterion","met","score_replication.zip","0","score_replication"
"88xa","1554n8d","replication_score_criterion","met","score_replication.zip","1.26e-05","score_replication"
"8R9d","9kggwjMn","replication_score_criterion","met","score_replication.zip","0","score_replication"
"8w97","gz2m5nE9","replication_score_criterion","not_met","score_replication.zip","0.194","score_replication"
"9ey","z161ZBnK","replication_score_criterion","met","score_replication.zip","1.620229e-05","score_replication"
"amYY","6mz8nMBd","replication_score_criterion","met","score_replication.zip","0.0048","score_replication"
"AqDO","79450zR7","replication_score_criterion","met","score_replication.zip","0.021","score_replication"
"Blxd","30532v1A","replication_score_criterion","met","score_replication.zip","3.64e-10","score_replication"
"DEqr","61k8RBBD","replication_score_criterion","not_met","score_replication.zip","0.208","score_replication"
"dqKX","7965zZrw","replication_score_criterion","met","score_replication.zip","0","score_replication"
"eg1q","6g677yD","replication_score_criterion","not_met","score_replication.zip","0.015174","score_replication"
"eg3p","yyy1aOGk","replication_score_criterion","not_met","score_replication.zip","0.818","score_replication"
"egX9","4z88Pn","replication_score_criterion","met","score_replication.zip","0.002095493433","score_replication"
"eOQm","yk91aOyd","replication_score_criterion","not_met","score_replication.zip","0.79","score_replication"
"exd7","318zOB2","replication_score_criterion","not_met","score_replication.zip","0.253","score_replication"
"EZ3x","8z2g7jlk","replication_score_criterion","met","score_replication.zip","0","score_replication"
"G1Lr","gz9mX9q","replication_score_criterion","met","score_replication.zip","0.002654668","score_replication"
"gbg4","8z7gNWkw","replication_score_criterion","met","score_replication.zip","0.004","score_replication"
"gbl9","39321J","replication_score_criterion","not_met","score_replication.zip","0.855024","score_replication"
"GNjz","y60y1Dy","replication_score_criterion","met","score_replication.zip","0.00306","score_replication"
"gRWz","m5k3BXQx","replication_score_criterion","not_met","score_replication.zip","0.12836","score_replication"
"GXEW","67g8mv70","replication_score_criterion","met","score_replication.zip","0.036273","score_replication"
"j2yd","5796DbOy","replication_score_criterion","not_met","score_replication.zip","0.09498","score_replication"
"jDWN","0y38ezo9","replication_score_criterion","met","score_replication.zip","0","score_replication"
"JRpA","mk6740k","replication_score_criterion","met","score_replication.zip","0.01283986","score_replication"
"K4ZD","y071RBgP","replication_score_criterion","met","score_replication.zip","0.0012","score_replication"
"Kj9d","16yz6vjr","replication_score_criterion","not_met","score_replication.zip","0.35","score_replication"
"lJ0w","931gkMP","replication_score_criterion","met","score_replication.zip","7e-06","score_replication"
"mrZ","579y101","replication_score_criterion","not_met","score_replication.zip","0.848","score_replication"
"mxyQ","g77mPqwM","replication_score_criterion","not_met","score_replication.zip","0.511","score_replication"
"Nj8V","746aOEZ","replication_score_criterion","not_met","score_replication.zip","0.795","score_replication"
"OeGv","y050njv","replication_score_criterion","not_met","score_replication.zip","0.4273182116","score_replication"
"Ow0","46z8Qym","replication_score_criterion","met","score_replication.zip","0","score_replication"
"P1rY","99kg5nvd","replication_score_criterion","met","score_replication.zip","1.405048e-06","score_replication"
"Pb9K","7g95krbw","replication_score_criterion","not_met","score_replication.zip","0.784186","score_replication"
"PNPz","5zg9KbRN","replication_score_criterion","met","score_replication.zip","0","score_replication"
"Q1dl","40z05nzd","replication_score_criterion","met","score_replication.zip","2.672772e-21","score_replication"
"q8xv","mkk94lRl","replication_score_criterion","met","score_replication.zip","6.56e-09","score_replication"
"qgWj","2ygZBoK","replication_score_criterion","not_met","score_replication.zip","0.2397657","score_replication"
"qXX2","gz51nlQQ","replication_score_criterion","not_met","score_replication.zip","0.046","score_replication"
"QYNq","kk473wb","replication_score_criterion","met","score_replication.zip","0.005","score_replication"
"qYr7","5z36mdNa","replication_score_criterion","not_met","score_replication.zip","0","score_replication"
"R8RN","1yz2A7ym","replication_score_criterion","not_met","score_replication.zip","0.238964","score_replication"
"R9dv","42m84Jnk","replication_score_criterion","met","score_replication.zip","3.45e-17","score_replication"
"RJb","6m4kqw9M","replication_score_criterion","met","score_replication.zip","0.045775","score_replication"
"rpq","308JDzM","replication_score_criterion","met","score_replication.zip","0.008","score_replication"
"RYKv","mkz7RB4e","replication_score_criterion","met","score_replication.zip","0","score_replication"
"VGAe","4z32n1J","replication_score_criterion","not_met","score_replication.zip","0.112","score_replication"
"Vj0p","yzm6EAZ8","replication_score_criterion","not_met","score_replication.zip","0.74299","score_replication"
"VOwm","ykk0jMP5","replication_score_criterion","not_met","score_replication.zip","0.47398","score_replication"
"Vpgm","m7m3oJ4","replication_score_criterion","met","score_replication.zip","1.33e-11","score_replication"
"w5dv","6576dJq","replication_score_criterion","not_met","score_replication.zip","0.098","score_replication"
"WLpV","1964oNB","replication_score_criterion","met","score_replication.zip","0.0174","score_replication"
"Wre","4130nkwO","replication_score_criterion","not_met","score_replication.zip","0.385","score_replication"
"wRvv","1634j0BG","replication_score_criterion","met","score_replication.zip","0","score_replication"
"x3KP","k5zZBoK","replication_score_criterion","met","score_replication.zip","0","score_replication"
"xvrb","z591MDAk","replication_score_criterion","met","score_replication.zip","0.002","score_replication"
"xYbO","yk16kP8","replication_score_criterion","not_met","score_replication.zip","0.2968704","score_replication"
"yAPR","1762XBdw","replication_score_criterion","not_met","score_replication.zip","0.1324","score_replication"
"yDyG","z106Mvz","replication_score_criterion","met","score_replication.zip","0","score_replication"
"YpZZ","4930gbQ","replication_score_criterion","met","score_replication.zip","0.0002301223","score_replication"
"YWep","75g6q27y","replication_score_criterion","not_met","score_replication.zip","0.0059447848","score_replication"
"yypJ","6g38nk8J","replication_score_criterion","not_met","score_replication.zip","0.002","score_replication"
"z4dO","yzz0myQ","replication_score_criterion","met","score_replication.zip","2.168154e-08","score_replication"
"zb3Y","41k25n52","replication_score_criterion","met","score_replication.zip","0","score_replication"
"zK2","m5g9D0e","replication_score_criterion","met","score_replication.zip","1.0255e-06","score_replication"
"zmYY","g5mZB9K","replication_score_criterion","not_met","score_replication.zip","0.89762977","score_replication"
"zN22","m63wjEn","replication_score_criterion","not_met","score_replication.zip","0.2637217","score_replication"
"zNEm","1y02Bn1d","replication_score_criterion","not_met","score_replication.zip","0.3315","score_replication"
"zqwm","z4z9q28M","replication_score_criterion","met","score_replication.zip","0","score_replication"
"5Kgq","k6y7zmzw","replication_score_criterion","not_met","score_replication.zip","0.739","score_replication"
"BlRQ","546mv5a","replication_score_criterion","met","score_replication.zip","0","score_replication"
"kXp8","kzyznl3q","replication_score_criterion","met","score_replication.zip","0.018","score_replication"
"PlDa","786j0Mb","replication_score_criterion","met","score_replication.zip","0.0163","score_replication"
"RrOb","19gzmdQn","replication_score_criterion","not_met","score_replication.zip","0.0254","score_replication"
"yQeR","38a58d","replication_score_criterion","met","score_replication.zip","0.0077","score_replication"
"jLr","m707Z7y","replication_score_criterion","not_met","score_replication.zip","0.2023","score_replication"
"zekm","69z12_110_1","replication_score_criterion","met","score_replication.zip","0.004678834","score_replication"
"AvOr","6917o_111_1","replication_score_criterion","met","score_replication.zip","6.589878e-08","score_replication"
"LyLd","2kk9o_112_1","replication_score_criterion","not_met","score_replication.zip","0.08900391","score_replication"
"zlm2","2wgy9_113_1","replication_score_criterion","not_met","score_replication.zip","0.6237213","score_replication"
"Br0x","65k41_114_1","replication_score_criterion","met","score_replication.zip","9.537174e-30","score_replication"
"zlBL","21zyw_115_1","replication_score_criterion","not_met","score_replication.zip","0.7659299","score_replication"
"plLK","243yy_116_1","replication_score_criterion","not_met","score_replication.zip","0.322766","score_replication"
"rjb","23my4_117_1","replication_score_criterion","met","score_replication.zip","2.996845e-06","score_replication"
"J7ek","6914o_118_1","replication_score_criterion","met","score_replication.zip","6.880851e-180","score_replication"
"EQxa","2kk4o_119_1","replication_score_criterion","not_met","score_replication.zip","7.172433e-24","score_replication"
"8wZ0","6o4o5_120_1","replication_score_criterion","not_met","score_replication.zip","0.5861152","score_replication"
"AgO1","6o4z5_121_1","replication_score_criterion","met","score_replication.zip","3.372506e-32","score_replication"
"q8xv","23g12_1_1","computational_reproduction","not","score_reproduction.zip","","score_reproduction"
"q8xv","23g12_2_1","computational_reproduction","not","score_reproduction.zip","","score_reproduction"
"q8xv","23g12_3_1","computational_reproduction","not","score_reproduction.zip","","score_reproduction"
"q8xv","23g12_4_1","computational_reproduction","approximate","score_reproduction.zip","","score_reproduction"
"q8xv","23g12_5_1","computational_reproduction","approximate","score_reproduction.zip","","score_reproduction"
"RYKv","2k5g2_6_1","computational_reproduction","not","score_reproduction.zip","","score_reproduction"
"RYKv","2k5g2_7_1","computational_reproduction","approximate","score_reproduction.zip","","score_reproduction"
"RYKv","2k5g2_8_1","computational_reproduction","precise","score_reproduction.zip","","score_reproduction"
"RYKv","2k5g2_9_1","computational_reproduction","precise","score_reproduction.zip","","score_reproduction"
"RYKv","2k5g2_10_1","computational_reproduction","precise","score_reproduction.zip","","score_reproduction"
"RYKv","2k5g2_11_1","computational_reproduction","precise","score_reproduction.zip","","score_reproduction"
"EAa","675g9_12_1","computational_reproduction","not","score_reproduction.zip","","score_reproduction"
"JRpA","6m516_13_1","computational_reproduction","push button","score_reproduction.zip","","score_reproduction"
"JRpA","6m516_14_1","computational_reproduction","push button","score_reproduction.zip","","score_reproduction"
"JRpA","6m516_15_1","computational_reproduction","approximate","score_reproduction.zip","","score_reproduction"
"JRpA","6m516_16_1","computational_reproduction","push button","score_reproduction.zip","","score_reproduction"
"JRpA","6m516_17_1","computational_reproduction","push button","score_reproduction.zip","","score_reproduction"
"JRpA","6m516_18_1","computational_reproduction","push button","score_reproduction.zip","","score_reproduction"
"OYX0","2y4km_19_1","computational_reproduction","approximate","score_reproduction.zip","","score_reproduction"
"OYX0","2y4km_20_1","computational_reproduction","approximate","score_reproduction.zip","","score_reproduction"
"OYX0","2y4km_21_1","computational_reproduction","approximate","score_reproduction.zip","","score_reproduction"
"OYX0","2y4km_22_1","computational_reproduction","approximate","score_reproduction.zip","","score_reproduction"
"OYX0","2y4km_23_1","computational_reproduction","approximate","score_reproduction.zip","","score_reproduction"
"OYX0","2y4km_24_1","computational_reproduction","approximate","score_reproduction.zip","","score_reproduction"
"OYX0","2y4km_25_1","computational_reproduction","approximate","score_reproduction.zip","","score_reproduction"
"OYX0","2y4km_26_1","computational_reproduction","approximate","score_reproduction.zip","","score_reproduction"
"OYX0","2y4km_27_1","computational_reproduction","approximate","score_reproduction.zip","","score_reproduction"
"DEmL","6zzzk_28_1","computational_reproduction","approximate","score_reproduction.zip","","score_reproduction"
"DEmL","6zzzk_29_1","computational_reproduction","approximate","score_reproduction.zip","","score_reproduction"
"DEmL","6zzzk_30_1","computational_reproduction","precise","score_reproduction.zip","","score_reproduction"
"DEmL","6zzzk_31_1","computational_reproduction","precise","score_reproduction.zip","","score_reproduction"
"DEmL","6zzzk_32_1","computational_reproduction","approximate","score_reproduction.zip","","score_reproduction"
"DEmL","6zzzk_33_1","computational_reproduction","precise","score_reproduction.zip","","score_reproduction"
"DEmL","6zzzk_34_1","computational_reproduction","precise","score_reproduction.zip","","score_reproduction"
"AvOr","21352_36_1","computational_reproduction","precise","score_reproduction.zip","","score_reproduction"
"AvOr","21352_37_1","computational_reproduction","precise","score_reproduction.zip","","score_reproduction"
"AvOr","21352_38_1","computational_reproduction","precise","score_reproduction.zip","","score_reproduction"
"AvOr","21352_39_1","computational_reproduction","precise","score_reproduction.zip","","score_reproduction"
"g0XQ","6owm3_41_1","computational_reproduction","approximate","score_reproduction.zip","","score_reproduction"
"8R9d","69yok_42_1","computational_reproduction","precise","score_reproduction.zip","","score_reproduction"
"8R9d","69yok_43_1","computational_reproduction","not","score_reproduction.zip","","score_reproduction"
"8R9d","69yok_44_1","computational_reproduction","precise","score_reproduction.zip","","score_reproduction"
"8R9d","69yok_45_1","computational_reproduction","precise","score_reproduction.zip","","score_reproduction"
"8R9d","69yok_46_1","computational_reproduction","precise","score_reproduction.zip","","score_reproduction"
"8R9d","69yok_47_1","computational_reproduction","approximate","score_reproduction.zip","","score_reproduction"
"8R9d","69yok_48_1","computational_reproduction","approximate","score_reproduction.zip","","score_reproduction"
"8R9d","69yok_49_1","computational_reproduction","approximate","score_reproduction.zip","","score_reproduction"
"8R9d","69yok_50_1","computational_reproduction","approximate","score_reproduction.zip","","score_reproduction"
"8R9d","69yok_51_1","computational_reproduction","not","score_reproduction.zip","","score_reproduction"
"8R9d","69yok_52_1","computational_reproduction","approximate","score_reproduction.zip","","score_reproduction"
"8R9d","69yok_53_1","computational_reproduction","not","score_reproduction.zip","","score_reproduction"
"8R9d","69yok_54_1","computational_reproduction","not","score_reproduction.zip","","score_reproduction"
"8R9d","69yok_55_1","computational_reproduction","approximate","score_reproduction.zip","","score_reproduction"
"8R9d","69yok_56_1","computational_reproduction","not","score_reproduction.zip","","score_reproduction"
"8R9d","69yok_57_1","computational_reproduction","approximate","score_reproduction.zip","","score_reproduction"
"8R9d","69yok_58_1","computational_reproduction","approximate","score_reproduction.zip","","score_reproduction"
"8R9d","69yok_59_1","computational_reproduction","approximate","score_reproduction.zip","","score_reproduction"
"8R9d","69yok_60_1","computational_reproduction","approximate","score_reproduction.zip","","score_reproduction"
"8R9d","69yok_61_1","computational_reproduction","approximate","score_reproduction.zip","","score_reproduction"
"7X54","21k52_62_1","computational_reproduction","approximate","score_reproduction.zip","","score_reproduction"
"J999","6zzgw_63_1","computational_reproduction","push button","score_reproduction.zip","","score_reproduction"
"J999","6zzgw_64_1","computational_reproduction","push button","score_reproduction.zip","","score_reproduction"
"J999","6zzgw_65_1","computational_reproduction","push button","score_reproduction.zip","","score_reproduction"
"J999","6zzgw_66_1","computational_reproduction","push button","score_reproduction.zip","","score_reproduction"
"J999","6zzgw_67_1","computational_reproduction","push button","score_reproduction.zip","","score_reproduction"
"J999","6zzgw_68_1","computational_reproduction","push button","score_reproduction.zip","","score_reproduction"
"J999","6zzgw_69_1","computational_reproduction","push button","score_reproduction.zip","","score_reproduction"
"J999","6zzgw_70_1","computational_reproduction","push button","score_reproduction.zip","","score_reproduction"
"J999","6zzgw_71_1","computational_reproduction","push button","score_reproduction.zip","","score_reproduction"
"J999","6zzgw_72_1","computational_reproduction","push button","score_reproduction.zip","","score_reproduction"
"J999","6zzgw_73_1","computational_reproduction","push button","score_reproduction.zip","","score_reproduction"
"J999","6zzgw_74_1","computational_reproduction","push button","score_reproduction.zip","","score_reproduction"
"J999","6zzgw_75_1","computational_reproduction","push button","score_reproduction.zip","","score_reproduction"
"J999","6zzgw_76_1","computational_reproduction","approximate","score_reproduction.zip","","score_reproduction"
"J999","6zzgw_77_1","computational_reproduction","push button","score_reproduction.zip","","score_reproduction"
"J999","6zzgw_78_1","computational_reproduction","push button","score_reproduction.zip","","score_reproduction"
"J999","6zzgw_79_1","computational_reproduction","push button","score_reproduction.zip","","score_reproduction"
"J999","6zzgw_80_1","computational_reproduction","push button","score_reproduction.zip","","score_reproduction"
"J999","6zzgw_81_1","computational_reproduction","push button","score_reproduction.zip","","score_reproduction"
"J999","6zzgw_82_1","computational_reproduction","push button","score_reproduction.zip","","score_reproduction"
"J999","6zzgw_83_1","computational_reproduction","push button","score_reproduction.zip","","score_reproduction"
"J999","6zzgw_84_1","computational_reproduction","push button","score_reproduction.zip","","score_reproduction"
"J999","6zzgw_85_1","computational_reproduction","approximate","score_reproduction.zip","","score_reproduction"
"J999","6zzgw_86_1","computational_reproduction","push button","score_reproduction.zip","","score_reproduction"
"J999","6zzgw_87_1","computational_reproduction","push button","score_reproduction.zip","","score_reproduction"
"J999","6zzgw_88_1","computational_reproduction","push button","score_reproduction.zip","","score_reproduction"
"J999","6zzgw_89_1","computational_reproduction","push button","score_reproduction.zip","","score_reproduction"
"J999","6zzgw_90_1","computational_reproduction","push button","score_reproduction.zip","","score_reproduction"
"J999","6zzgw_91_1","computational_reproduction","push button","score_reproduction.zip","","score_reproduction"
"J999","6zzgw_92_1","computational_reproduction","push button","score_reproduction.zip","","score_reproduction"
"J999","6zzgw_93_1","computational_reproduction","push button","score_reproduction.zip","","score_reproduction"
"J999","6zzgw_94_1","computational_reproduction","push button","score_reproduction.zip","","score_reproduction"
"9lBL","2kg19_95_1","computational_reproduction","push button","score_reproduction.zip","","score_reproduction"
"9lBL","2kg19_96_1","computational_reproduction","approximate","score_reproduction.zip","","score_reproduction"
"9lBL","2kg19_97_1","computational_reproduction","push button","score_reproduction.zip","","score_reproduction"
"9lBL","2kg19_98_1","computational_reproduction","push button","score_reproduction.zip","","score_reproduction"
"9lBL","2kg19_99_1","computational_reproduction","push button","score_reproduction.zip","","score_reproduction"
"9lBL","2kg19_100_1","computational_reproduction","push button","score_reproduction.zip","","score_reproduction"
"9lBL","2kg19_101_1","computational_reproduction","precise","score_reproduction.zip","","score_reproduction"
"9lBL","2kg19_102_1","computational_reproduction","push button","score_reproduction.zip","","score_reproduction"
"9lBL","2kg19_103_1","computational_reproduction","push button","score_reproduction.zip","","score_reproduction"
"9lBL","2kg19_104_1","computational_reproduction","push button","score_reproduction.zip","","score_reproduction"
"9lBL","2kg19_105_1","computational_reproduction","approximate","score_reproduction.zip","","score_reproduction"
"9lBL","2kg19_106_1","computational_reproduction","push button","score_reproduction.zip","","score_reproduction"
"9lBL","2kg19_107_1","computational_reproduction","push button","score_reproduction.zip","","score_reproduction"
"9lBL","2kg19_108_1","computational_reproduction","push button","score_reproduction.zip","","score_reproduction"
"9lBL","2kg19_109_1","computational_reproduction","approximate","score_reproduction.zip","","score_reproduction"
"9lBL","2kg19_110_1","computational_reproduction","approximate","score_reproduction.zip","","score_reproduction"
"9lBL","2kg19_111_1","computational_reproduction","push button","score_reproduction.zip","","score_reproduction"
"Pxp7","288kk_112_1","computational_reproduction","approximate","score_reproduction.zip","","score_reproduction"
"Pxp7","288kk_113_1","computational_reproduction","approximate","score_reproduction.zip","","score_reproduction"
"Pxp7","288kk_114_1","computational_reproduction","approximate","score_reproduction.zip","","score_reproduction"
"Pxp7","288kk_115_1","computational_reproduction","not","score_reproduction.zip","","score_reproduction"
"Pxp7","288kk_116_1","computational_reproduction","approximate","score_reproduction.zip","","score_reproduction"
"Pxp7","288kk_117_1","computational_reproduction","precise","score_reproduction.zip","","score_reproduction"
"Pxp7","288kk_118_1","computational_reproduction","precise","score_reproduction.zip","","score_reproduction"
"Pxp7","288kk_119_1","computational_reproduction","precise","score_reproduction.zip","","score_reproduction"
"0a3Z","6okm6_120_1","computational_reproduction","push button","score_reproduction.zip","","score_reproduction"
"0a3Z","6okm6_121_1","computational_reproduction","push button","score_reproduction.zip","","score_reproduction"
"0a3Z","6okm6_122_1","computational_reproduction","push button","score_reproduction.zip","","score_reproduction"
"0a3Z","6okm6_123_1","computational_reproduction","push button","score_reproduction.zip","","score_reproduction"
"LyWB","2w93z_124_1","computational_reproduction","push button","score_reproduction.zip","","score_reproduction"
"LyWB","2w93z_125_1","computational_reproduction","push button","score_reproduction.zip","","score_reproduction"
"LyWB","2w93z_126_1","computational_reproduction","push button","score_reproduction.zip","","score_reproduction"
"LyWB","2w93z_127_1","computational_reproduction","push button","score_reproduction.zip","","score_reproduction"
"LyWB","2w93z_128_1","computational_reproduction","push button","score_reproduction.zip","","score_reproduction"
"LyWB","2w93z_129_1","computational_reproduction","push button","score_reproduction.zip","","score_reproduction"
"LyWB","2w93z_130_1","computational_reproduction","push button","score_reproduction.zip","","score_reproduction"
"LyWB","2w93z_131_1","computational_reproduction","push button","score_reproduction.zip","","score_reproduction"
"LyWB","2w93z_132_1","computational_reproduction","push button","score_reproduction.zip","","score_reproduction"
"LyWB","2w93z_133_1","computational_reproduction","push button","score_reproduction.zip","","score_reproduction"
"LyWB","2w93z_134_1","computational_reproduction","push button","score_reproduction.zip","","score_reproduction"
"LyWB","2w93z_135_1","computational_reproduction","push button","score_reproduction.zip","","score_reproduction"
"LyWB","2w93z_136_1","computational_reproduction","push button","score_reproduction.zip","","score_reproduction"
"LyWB","2w93z_137_1","computational_reproduction","push button","score_reproduction.zip","","score_reproduction"
"LyWB","2w93z_138_1","computational_reproduction","push button","score_reproduction.zip","","score_reproduction"
"LyWB","2w93z_139_1","computational_reproduction","approximate","score_reproduction.zip","","score_reproduction"
"LyWB","2w93z_140_1","computational_reproduction","push button","score_reproduction.zip","","score_reproduction"
"LyWB","2w93z_141_1","computational_reproduction","push button","score_reproduction.zip","","score_reproduction"
"LyWB","2w93z_142_1","computational_reproduction","push button","score_reproduction.zip","","score_reproduction"
"LyWB","2w93z_143_1","computational_reproduction","push button","score_reproduction.zip","","score_reproduction"
"LyWB","2w93z_144_1","computational_reproduction","push button","score_reproduction.zip","","score_reproduction"
"LyWB","2w93z_145_1","computational_reproduction","push button","score_reproduction.zip","","score_reproduction"
"LyWB","2w93z_146_1","computational_reproduction","push button","score_reproduction.zip","","score_reproduction"
"LyWB","2w93z_147_1","computational_reproduction","push button","score_reproduction.zip","","score_reproduction"
"LyWB","2w93z_148_1","computational_reproduction","push button","score_reproduction.zip","","score_reproduction"
"LyWB","2w93z_149_1","computational_reproduction","push button","score_reproduction.zip","","score_reproduction"
"LyWB","2w93z_150_1","computational_reproduction","push button","score_reproduction.zip","","score_reproduction"
"LyWB","2w93z_151_1","computational_reproduction","push button","score_reproduction.zip","","score_reproduction"
"LyWB","2w93z_152_1","computational_reproduction","push button","score_reproduction.zip","","score_reproduction"
"LyWB","2w93z_153_1","computational_reproduction","push button","score_reproduction.zip","","score_reproduction"
"LyWB","2w93z_154_1","computational_reproduction","push button","score_reproduction.zip","","score_reproduction"
"LyWB","2w93z_155_1","computational_reproduction","push button","score_reproduction.zip","","score_reproduction"
"LyWB","2w93z_156_1","computational_reproduction","not","score_reproduction.zip","","score_reproduction"
"LyWB","2w93z_157_1","computational_reproduction","not","score_reproduction.zip","","score_reproduction"
"LyWB","2w93z_158_1","computational_reproduction","push button","score_reproduction.zip","","score_reproduction"
"LyWB","2w93z_159_1","computational_reproduction","approximate","score_reproduction.zip","","score_reproduction"
"LyWB","2w93z_160_1","computational_reproduction","approximate","score_reproduction.zip","","score_reproduction"
"9DZl","21474_161_1","computational_reproduction","push button","score_reproduction.zip","","score_reproduction"
"9DZl","21474_162_1","computational_reproduction","approximate","score_reproduction.zip","","score_reproduction"
"9DZl","21474_163_1","computational_reproduction","push button","score_reproduction.zip","","score_reproduction"
"9DZl","21474_164_1","computational_reproduction","push button","score_reproduction.zip","","score_reproduction"
"9DZl","21474_165_1","computational_reproduction","push button","score_reproduction.zip","","score_reproduction"
"9DZl","21474_166_1","computational_reproduction","push button","score_reproduction.zip","","score_reproduction"
"9DZl","21474_167_1","computational_reproduction","approximate","score_reproduction.zip","","score_reproduction"
"9DZl","21474_168_1","computational_reproduction","not","score_reproduction.zip","","score_reproduction"
"9DZl","21474_169_1","computational_reproduction","push button","score_reproduction.zip","","score_reproduction"
"E4Am","69y39_171_1","computational_reproduction","precise","score_reproduction.zip","","score_reproduction"
"E4Am","69y39_172_1","computational_reproduction","approximate","score_reproduction.zip","","score_reproduction"
"E4Am","69y39_173_1","computational_reproduction","precise","score_reproduction.zip","","score_reproduction"
"E4Am","69y39_174_1","computational_reproduction","approximate","score_reproduction.zip","","score_reproduction"
"E4Am","69y39_175_1","computational_reproduction","precise","score_reproduction.zip","","score_reproduction"
"rWbG","6ow93_176_1","computational_reproduction","not","score_reproduction.zip","","score_reproduction"
"9ey","69y31_177_1","computational_reproduction","approximate","score_reproduction.zip","","score_reproduction"
"G4mp","67519_179_1","computational_reproduction","approximate","score_reproduction.zip","","score_reproduction"
"YpZZ","2kgyw_181_1","computational_reproduction","not","score_reproduction.zip","","score_reproduction"
"3B4j","6zzok_182_1","computational_reproduction","approximate","score_reproduction.zip","","score_reproduction"
"OeGv","2y3w2_183_1","computational_reproduction","push button","score_reproduction.zip","","score_reproduction"
"OeGv","2y3w2_184_1","computational_reproduction","push button","score_reproduction.zip","","score_reproduction"
"OeGv","2y3w2_185_1","computational_reproduction","push button","score_reproduction.zip","","score_reproduction"
"OeGv","2y3w2_186_1","computational_reproduction","approximate","score_reproduction.zip","","score_reproduction"
"OeGv","2y3w2_187_1","computational_reproduction","push button","score_reproduction.zip","","score_reproduction"
"OeGv","2y3w2_188_1","computational_reproduction","push button","score_reproduction.zip","","score_reproduction"
"qQ9Z","28z92_195_1","computational_reproduction","approximate","score_reproduction.zip","","score_reproduction"
"5Awm","2wkk2_196_1","computational_reproduction","not","score_reproduction.zip","","score_reproduction"
"zlm2","675wo_197_1","computational_reproduction","precise","score_reproduction.zip","","score_reproduction"
"eg1q","2w9oz_218_1","computational_reproduction","approximate","score_reproduction.zip","","score_reproduction"
"eg1q","2w9oz_219_1","computational_reproduction","precise","score_reproduction.zip","","score_reproduction"
"qg47","21gg2_220_1","computational_reproduction","approximate","score_reproduction.zip","","score_reproduction"
"AqDO","65z92_221_1","computational_reproduction","not","score_reproduction.zip","","score_reproduction"
"AqDO","65z92_222_1","computational_reproduction","not","score_reproduction.zip","","score_reproduction"
"AqDO","65z92_224_1","computational_reproduction","not","score_reproduction.zip","","score_reproduction"
"AqDO","65z92_225_1","computational_reproduction","not","score_reproduction.zip","","score_reproduction"
"AqDO","65z92_226_1","computational_reproduction","not","score_reproduction.zip","","score_reproduction"
"0P4r","28884_227_1","computational_reproduction","precise","score_reproduction.zip","","score_reproduction"
"0P4r","28884_228_1","computational_reproduction","precise","score_reproduction.zip","","score_reproduction"
"0P4r","28884_229_1","computational_reproduction","precise","score_reproduction.zip","","score_reproduction"
"0P4r","28884_231_1","computational_reproduction","precise","score_reproduction.zip","","score_reproduction"
"0P4r","28884_232_1","computational_reproduction","precise","score_reproduction.zip","","score_reproduction"
"0P4r","28884_233_1","computational_reproduction","precise","score_reproduction.zip","","score_reproduction"
"0P4r","28884_234_1","computational_reproduction","precise","score_reproduction.zip","","score_reproduction"
"0P4r","28884_235_1","computational_reproduction","precise","score_reproduction.zip","","score_reproduction"
"2lb5","2g781_236_1","computational_reproduction","push button","score_reproduction.zip","","score_reproduction"
"2lb5","2g781_237_1","computational_reproduction","push button","score_reproduction.zip","","score_reproduction"
"2lb5","2g781_238_1","computational_reproduction","push button","score_reproduction.zip","","score_reproduction"
"2lb5","2g781_239_1","computational_reproduction","push button","score_reproduction.zip","","score_reproduction"
"2lb5","2g781_240_1","computational_reproduction","push button","score_reproduction.zip","","score_reproduction"
"2lb5","2g781_241_1","computational_reproduction","push button","score_reproduction.zip","","score_reproduction"
"2lb5","2g781_242_1","computational_reproduction","push button","score_reproduction.zip","","score_reproduction"
"2lb5","2g781_243_1","computational_reproduction","push button","score_reproduction.zip","","score_reproduction"
"VBx1","6m31g_244_1","computational_reproduction","push button","score_reproduction.zip","","score_reproduction"
"3WmY","675ko_245_1","computational_reproduction","push button","score_reproduction.zip","","score_reproduction"
"YabW","2y474_246_1","computational_reproduction","push button","score_reproduction.zip","","score_reproduction"
"k7wj","2kgg8_247_1","computational_reproduction","approximate","score_reproduction.zip","","score_reproduction"
"yJwG","2kgy8_248_1","computational_reproduction","precise","score_reproduction.zip","","score_reproduction"
"yJwG","2kgy8_249_1","computational_reproduction","precise","score_reproduction.zip","","score_reproduction"
"yJwG","2kgy8_250_1","computational_reproduction","precise","score_reproduction.zip","","score_reproduction"
"yJwG","2kgy8_251_1","computational_reproduction","precise","score_reproduction.zip","","score_reproduction"
"yJwG","2kgy8_252_1","computational_reproduction","precise","score_reproduction.zip","","score_reproduction"
"Q1dl","2w94o_253_1","computational_reproduction","approximate","score_reproduction.zip","","score_reproduction"
"Q1dl","2w94o_254_1","computational_reproduction","approximate","score_reproduction.zip","","score_reproduction"
"Q1dl","2w94o_255_1","computational_reproduction","approximate","score_reproduction.zip","","score_reproduction"
"Q1dl","2w94o_256_1","computational_reproduction","approximate","score_reproduction.zip","","score_reproduction"
"Q1dl","2w94o_257_1","computational_reproduction","approximate","score_reproduction.zip","","score_reproduction"
"Q1dl","2w94o_258_1","computational_reproduction","approximate","score_reproduction.zip","","score_reproduction"
"Q1dl","2w94o_259_1","computational_reproduction","approximate","score_reproduction.zip","","score_reproduction"
"PVQK","69y19_260_1","computational_reproduction","approximate","score_reproduction.zip","","score_reproduction"
"VDJV","6z582_261_1","computational_reproduction","push button","score_reproduction.zip","","score_reproduction"
"VDJV","6z582_262_1","computational_reproduction","push button","score_reproduction.zip","","score_reproduction"
"VDJV","6z582_263_1","computational_reproduction","push button","score_reproduction.zip","","score_reproduction"
"VDJV","6z582_264_1","computational_reproduction","push button","score_reproduction.zip","","score_reproduction"
"VDJV","6z582_265_1","computational_reproduction","push button","score_reproduction.zip","","score_reproduction"
"VDJV","6z582_266_1","computational_reproduction","push button","score_reproduction.zip","","score_reproduction"
"VDJV","6z582_267_1","computational_reproduction","push button","score_reproduction.zip","","score_reproduction"
"zb3Y","67539_268_1","computational_reproduction","not","score_reproduction.zip","","score_reproduction"
"zb3Y","67539_269_1","computational_reproduction","not","score_reproduction.zip","","score_reproduction"
"zb3Y","67539_270_1","computational_reproduction","not","score_reproduction.zip","","score_reproduction"
"zb3Y","67539_271_1","computational_reproduction","not","score_reproduction.zip","","score_reproduction"
"zb3Y","67539_272_1","computational_reproduction","not","score_reproduction.zip","","score_reproduction"
"zb3Y","67539_273_1","computational_reproduction","not","score_reproduction.zip","","score_reproduction"
"zb3Y","67539_274_1","computational_reproduction","not","score_reproduction.zip","","score_reproduction"
"AXBY","2w9ko_275_1","computational_reproduction","not","score_reproduction.zip","","score_reproduction"
"zmYY","2w9mo_279_1","computational_reproduction","approximate","score_reproduction.zip","","score_reproduction"
"zmYY","2w9mo_280_1","computational_reproduction","approximate","score_reproduction.zip","","score_reproduction"
"amYY","235w2_281_1","computational_reproduction","push button","score_reproduction.zip","","score_reproduction"
"amYY","235w2_282_1","computational_reproduction","push button","score_reproduction.zip","","score_reproduction"
"amYY","235w2_283_1","computational_reproduction","push button","score_reproduction.zip","","score_reproduction"
"amYY","235w2_284_1","computational_reproduction","precise","score_reproduction.zip","","score_reproduction"
"amYY","235w2_285_1","computational_reproduction","push button","score_reproduction.zip","","score_reproduction"
"amYY","235w2_286_1","computational_reproduction","push button","score_reproduction.zip","","score_reproduction"
"AQgj","6m3zm_287_1","computational_reproduction","push button","score_reproduction.zip","","score_reproduction"
"AQgj","6m3zm_288_1","computational_reproduction","push button","score_reproduction.zip","","score_reproduction"
"AQgj","6m3zm_289_1","computational_reproduction","push button","score_reproduction.zip","","score_reproduction"
"AQgj","6m3zm_290_1","computational_reproduction","precise","score_reproduction.zip","","score_reproduction"
"AQgj","6m3zm_291_1","computational_reproduction","precise","score_reproduction.zip","","score_reproduction"
"AQgj","6m3zm_292_1","computational_reproduction","precise","score_reproduction.zip","","score_reproduction"
"xYbO","67442_293_1","computational_reproduction","push button","score_reproduction.zip","","score_reproduction"
"xYbO","67442_294_1","computational_reproduction","push button","score_reproduction.zip","","score_reproduction"
"xYbO","67442_295_1","computational_reproduction","approximate","score_reproduction.zip","","score_reproduction"
"xYbO","67442_296_1","computational_reproduction","not","score_reproduction.zip","","score_reproduction"
"xYbO","67442_297_1","computational_reproduction","push button","score_reproduction.zip","","score_reproduction"
"5PyD","2k4w6_298_1","computational_reproduction","push button","score_reproduction.zip","","score_reproduction"
"5PyD","2k4w6_299_1","computational_reproduction","push button","score_reproduction.zip","","score_reproduction"
"5PyD","2k4w6_300_1","computational_reproduction","precise","score_reproduction.zip","","score_reproduction"
"yjkQ","6oww3_302_1","computational_reproduction","push button","score_reproduction.zip","","score_reproduction"
"qggQ","2g7gy_303_1","computational_reproduction","precise","score_reproduction.zip","","score_reproduction"
"Gv3O","65996_304_1","computational_reproduction","push button","score_reproduction.zip","","score_reproduction"
"Gv3O","65996_305_1","computational_reproduction","push button","score_reproduction.zip","","score_reproduction"
"Gv3O","65996_306_1","computational_reproduction","push button","score_reproduction.zip","","score_reproduction"
"Gv3O","65996_307_1","computational_reproduction","push button","score_reproduction.zip","","score_reproduction"
"Gv3O","65996_308_1","computational_reproduction","push button","score_reproduction.zip","","score_reproduction"
"q4X2","675z9_309_1","computational_reproduction","not","score_reproduction.zip","","score_reproduction"
"J0Yv","2k7w2_311_1","computational_reproduction","precise","score_reproduction.zip","","score_reproduction"
"J0Yv","2k7w2_312_1","computational_reproduction","precise","score_reproduction.zip","","score_reproduction"
"J0Yv","2k7w2_313_1","computational_reproduction","precise","score_reproduction.zip","","score_reproduction"
"J0Yv","2k7w2_314_1","computational_reproduction","precise","score_reproduction.zip","","score_reproduction"
"J0Yv","2k7w2_315_1","computational_reproduction","precise","score_reproduction.zip","","score_reproduction"
"BrGp","6zz1k_317_1","computational_reproduction","precise","score_reproduction.zip","","score_reproduction"
"BrGp","6zz1k_318_1","computational_reproduction","precise","score_reproduction.zip","","score_reproduction"
"BrGp","6zz1k_319_1","computational_reproduction","approximate","score_reproduction.zip","","score_reproduction"
"BrGp","6zz1k_320_1","computational_reproduction","approximate","score_reproduction.zip","","score_reproduction"
"BrGp","6zz1k_321_1","computational_reproduction","approximate","score_reproduction.zip","","score_reproduction"
"BrGp","6zz1k_322_1","computational_reproduction","precise","score_reproduction.zip","","score_reproduction"
"OY3B","2gwz2_323_1","computational_reproduction","approximate","score_reproduction.zip","","score_reproduction"
"OY3B","2gwz2_324_1","computational_reproduction","not","score_reproduction.zip","","score_reproduction"
"OY3B","2gwz2_325_1","computational_reproduction","not","score_reproduction.zip","","score_reproduction"
"OY3B","2gwz2_326_1","computational_reproduction","not","score_reproduction.zip","","score_reproduction"
"OY3B","2gwz2_327_1","computational_reproduction","not","score_reproduction.zip","","score_reproduction"
"a2Yx","28m96_328_1","computational_reproduction","push button","score_reproduction.zip","","score_reproduction"
"a2Yx","28m96_329_1","computational_reproduction","push button","score_reproduction.zip","","score_reproduction"
"a2Yx","28m96_330_1","computational_reproduction","push button","score_reproduction.zip","","score_reproduction"
"a2Yx","28m96_331_1","computational_reproduction","not","score_reproduction.zip","","score_reproduction"
"a2Yx","28m96_332_1","computational_reproduction","push button","score_reproduction.zip","","score_reproduction"
"a2Yx","28m96_333_1","computational_reproduction","push button","score_reproduction.zip","","score_reproduction"
"a2Yx","28m96_334_1","computational_reproduction","push button","score_reproduction.zip","","score_reproduction"
"a2Yx","28m96_335_1","computational_reproduction","push button","score_reproduction.zip","","score_reproduction"
"a2Yx","28m96_336_1","computational_reproduction","push button","score_reproduction.zip","","score_reproduction"
"a2Yx","28m96_337_1","computational_reproduction","push button","score_reproduction.zip","","score_reproduction"
"a2Yx","28m96_338_1","computational_reproduction","push button","score_reproduction.zip","","score_reproduction"
"a2Yx","28m96_339_1","computational_reproduction","push button","score_reproduction.zip","","score_reproduction"
"a2Yx","28m96_340_1","computational_reproduction","push button","score_reproduction.zip","","score_reproduction"
"a2Yx","28m96_341_1","computational_reproduction","push button","score_reproduction.zip","","score_reproduction"
"a2Yx","28m96_342_1","computational_reproduction","push button","score_reproduction.zip","","score_reproduction"
"a2Yx","28m96_343_1","computational_reproduction","push button","score_reproduction.zip","","score_reproduction"
"a2Yx","28m96_344_1","computational_reproduction","push button","score_reproduction.zip","","score_reproduction"
"a2Yx","28m96_345_1","computational_reproduction","push button","score_reproduction.zip","","score_reproduction"
"a2Yx","28m96_346_1","computational_reproduction","push button","score_reproduction.zip","","score_reproduction"
"a2Yx","28m96_347_1","computational_reproduction","push button","score_reproduction.zip","","score_reproduction"
"a2Yx","28m96_348_1","computational_reproduction","push button","score_reproduction.zip","","score_reproduction"
"a2Yx","28m96_349_1","computational_reproduction","push button","score_reproduction.zip","","score_reproduction"
"a2Yx","28m96_350_1","computational_reproduction","push button","score_reproduction.zip","","score_reproduction"
"a2Yx","28m96_351_1","computational_reproduction","push button","score_reproduction.zip","","score_reproduction"
"a2Yx","28m96_352_1","computational_reproduction","push button","score_reproduction.zip","","score_reproduction"
"a2Yx","28m96_353_1","computational_reproduction","push button","score_reproduction.zip","","score_reproduction"
"a2Yx","28m96_354_1","computational_reproduction","push button","score_reproduction.zip","","score_reproduction"
"a2Yx","28m96_355_1","computational_reproduction","push button","score_reproduction.zip","","score_reproduction"
"a2Yx","28m96_356_1","computational_reproduction","push button","score_reproduction.zip","","score_reproduction"
"a2Yx","28m96_357_1","computational_reproduction","push button","score_reproduction.zip","","score_reproduction"
"a2Yx","28m96_358_1","computational_reproduction","push button","score_reproduction.zip","","score_reproduction"
"a2Yx","28m96_359_1","computational_reproduction","push button","score_reproduction.zip","","score_reproduction"
"a2Yx","28m96_360_1","computational_reproduction","push button","score_reproduction.zip","","score_reproduction"
"a2Yx","28m96_361_1","computational_reproduction","push button","score_reproduction.zip","","score_reproduction"
"a2Yx","28m96_362_1","computational_reproduction","push button","score_reproduction.zip","","score_reproduction"
"a2Yx","28m96_363_1","computational_reproduction","push button","score_reproduction.zip","","score_reproduction"
"e5rW","67746_364_1","computational_reproduction","precise","score_reproduction.zip","","score_reproduction"
"e5rW","67746_365_1","computational_reproduction","precise","score_reproduction.zip","","score_reproduction"
"e5rW","67746_366_1","computational_reproduction","precise","score_reproduction.zip","","score_reproduction"
"L22B","2g182_367_1","computational_reproduction","push button","score_reproduction.zip","","score_reproduction"
"L22B","2g182_368_1","computational_reproduction","not","score_reproduction.zip","","score_reproduction"
"L22B","2g182_369_1","computational_reproduction","push button","score_reproduction.zip","","score_reproduction"
"L22B","2g182_370_1","computational_reproduction","push button","score_reproduction.zip","","score_reproduction"
"L22B","2g182_371_1","computational_reproduction","approximate","score_reproduction.zip","","score_reproduction"
"L22B","2g182_372_1","computational_reproduction","push button","score_reproduction.zip","","score_reproduction"
"L22B","2g182_373_1","computational_reproduction","push button","score_reproduction.zip","","score_reproduction"
"Njqj","6o5m6_374_1","computational_reproduction","not","score_reproduction.zip","","score_reproduction"
"zK2","245w6_377_1","computational_reproduction","push button","score_reproduction.zip","","score_reproduction"
"zK2","245w6_378_1","computational_reproduction","precise","score_reproduction.zip","","score_reproduction"
"zK2","245w6_379_1","computational_reproduction","precise","score_reproduction.zip","","score_reproduction"
"zK2","245w6_380_1","computational_reproduction","precise","score_reproduction.zip","","score_reproduction"
"zK2","245w6_381_1","computational_reproduction","precise","score_reproduction.zip","","score_reproduction"
"zK2","245w6_382_1","computational_reproduction","precise","score_reproduction.zip","","score_reproduction"
"zK2","245w6_383_1","computational_reproduction","not","score_reproduction.zip","","score_reproduction"
"zK2","245w6_384_1","computational_reproduction","precise","score_reproduction.zip","","score_reproduction"
"zK2","245w6_385_1","computational_reproduction","approximate","score_reproduction.zip","","score_reproduction"
"zK2","245w6_386_1","computational_reproduction","approximate","score_reproduction.zip","","score_reproduction"
"zK2","245w6_387_1","computational_reproduction","approximate","score_reproduction.zip","","score_reproduction"
"zK2","245w6_388_1","computational_reproduction","approximate","score_reproduction.zip","","score_reproduction"
"zK2","245w6_389_1","computational_reproduction","push button","score_reproduction.zip","","score_reproduction"
"EdQy","2y9w2_391_1","computational_reproduction","push button","score_reproduction.zip","","score_reproduction"
"EdQy","2y9w2_392_1","computational_reproduction","push button","score_reproduction.zip","","score_reproduction"
"EdQy","2y9w2_393_1","computational_reproduction","push button","score_reproduction.zip","","score_reproduction"
"EdQy","2y9w2_394_1","computational_reproduction","push button","score_reproduction.zip","","score_reproduction"
"EdQy","2y9w2_395_1","computational_reproduction","push button","score_reproduction.zip","","score_reproduction"
"yQeR","65396_396_1","computational_reproduction","push button","score_reproduction.zip","","score_reproduction"
"yQeR","65396_397_1","computational_reproduction","push button","score_reproduction.zip","","score_reproduction"
"yQeR","65396_398_1","computational_reproduction","push button","score_reproduction.zip","","score_reproduction"
"yQeR","65396_399_1","computational_reproduction","push button","score_reproduction.zip","","score_reproduction"
"yQeR","65396_400_1","computational_reproduction","push button","score_reproduction.zip","","score_reproduction"
"yQeR","65396_401_1","computational_reproduction","push button","score_reproduction.zip","","score_reproduction"
"JxXe","67o46_402_1","computational_reproduction","precise","score_reproduction.zip","","score_reproduction"
"JxXe","67o46_403_1","computational_reproduction","precise","score_reproduction.zip","","score_reproduction"
"JxXe","67o46_404_1","computational_reproduction","precise","score_reproduction.zip","","score_reproduction"
"JxXe","67o46_405_1","computational_reproduction","approximate","score_reproduction.zip","","score_reproduction"
"JxXe","67o46_406_1","computational_reproduction","approximate","score_reproduction.zip","","score_reproduction"
"JxXe","67o46_407_1","computational_reproduction","approximate","score_reproduction.zip","","score_reproduction"
"7WjP","2g9z2_408_1","computational_reproduction","precise","score_reproduction.zip","","score_reproduction"
"7WjP","2g9z2_409_1","computational_reproduction","precise","score_reproduction.zip","","score_reproduction"
"7WjP","2g9z2_410_1","computational_reproduction","precise","score_reproduction.zip","","score_reproduction"
"vaWE","2go82_412_1","computational_reproduction","precise","score_reproduction.zip","","score_reproduction"
"vaWE","2go82_413_1","computational_reproduction","approximate","score_reproduction.zip","","score_reproduction"
"pqzK","231w2_414_1","computational_reproduction","precise","score_reproduction.zip","","score_reproduction"
"pqzK","231w2_415_1","computational_reproduction","precise","score_reproduction.zip","","score_reproduction"
"pqzK","231w2_416_1","computational_reproduction","precise","score_reproduction.zip","","score_reproduction"
"pqzK","231w2_417_1","computational_reproduction","precise","score_reproduction.zip","","score_reproduction"
"pqzK","231w2_418_1","computational_reproduction","precise","score_reproduction.zip","","score_reproduction"
"pqzK","231w2_419_1","computational_reproduction","not","score_reproduction.zip","","score_reproduction"
"pqzK","231w2_420_1","computational_reproduction","approximate","score_reproduction.zip","","score_reproduction"
"pqzK","231w2_421_1","computational_reproduction","not","score_reproduction.zip","","score_reproduction"
"P1rY","6z8o6_422_1","computational_reproduction","push button","score_reproduction.zip","","score_reproduction"
"P1rY","6z8o6_423_1","computational_reproduction","push button","score_reproduction.zip","","score_reproduction"
"P1rY","6z8o6_424_1","computational_reproduction","push button","score_reproduction.zip","","score_reproduction"
"P1rY","6z8o6_425_1","computational_reproduction","push button","score_reproduction.zip","","score_reproduction"
"P1rY","6z8o6_426_1","computational_reproduction","approximate","score_reproduction.zip","","score_reproduction"
"P1rY","6z8o6_427_1","computational_reproduction","push button","score_reproduction.zip","","score_reproduction"
"P1rY","6z8o6_428_1","computational_reproduction","approximate","score_reproduction.zip","","score_reproduction"
"P1rY","6z8o6_429_1","computational_reproduction","push button","score_reproduction.zip","","score_reproduction"
"P1rY","6z8o6_430_1","computational_reproduction","push button","score_reproduction.zip","","score_reproduction"
"P1rY","6z8o6_431_1","computational_reproduction","push button","score_reproduction.zip","","score_reproduction"
"P1rY","6z8o6_432_1","computational_reproduction","push button","score_reproduction.zip","","score_reproduction"
"P1rY","6z8o6_433_1","computational_reproduction","push button","score_reproduction.zip","","score_reproduction"
"rjb","67116_435_1","computational_reproduction","push button","score_reproduction.zip","","score_reproduction"
"rjb","67116_436_1","computational_reproduction","approximate","score_reproduction.zip","","score_reproduction"
"rjb","67116_437_1","computational_reproduction","approximate","score_reproduction.zip","","score_reproduction"
"wRvv","65wm6_438_1","computational_reproduction","not","score_reproduction.zip","","score_reproduction"
"wRvv","65wm6_439_1","computational_reproduction","not","score_reproduction.zip","","score_reproduction"
"wRvv","65wm6_440_1","computational_reproduction","not","score_reproduction.zip","","score_reproduction"
"wRvv","65wm6_441_1","computational_reproduction","not","score_reproduction.zip","","score_reproduction"
"wRvv","65wm6_442_1","computational_reproduction","not","score_reproduction.zip","","score_reproduction"
"qgWj","215g2_444_1","computational_reproduction","not","score_reproduction.zip","","score_reproduction"
"qgWj","215g2_445_1","computational_reproduction","not","score_reproduction.zip","","score_reproduction"
"qgWj","215g2_446_1","computational_reproduction","not","score_reproduction.zip","","score_reproduction"
"qgWj","215g2_447_1","computational_reproduction","not","score_reproduction.zip","","score_reproduction"
"qgWj","215g2_448_1","computational_reproduction","not","score_reproduction.zip","","score_reproduction"
"qgWj","215g2_449_1","computational_reproduction","not","score_reproduction.zip","","score_reproduction"
"Njqj","6o5m6_459_1","computational_reproduction","not","score_reproduction.zip","","score_reproduction"
"bLe8","24733_461_1","computational_reproduction","push button","score_reproduction.zip","","score_reproduction"
"PkXJ","288y4_462_1","computational_reproduction","not","score_reproduction.zip","","score_reproduction"
"e2pq","2kgw8_463_1","computational_reproduction","approximate","score_reproduction.zip","","score_reproduction"
"jDWN","2w1k2_464_1","computational_reproduction","not","score_reproduction.zip","","score_reproduction"
"jDWN","2w1k2_465_1","computational_reproduction","not","score_reproduction.zip","","score_reproduction"
"jDWN","2w1k2_466_1","computational_reproduction","not","score_reproduction.zip","","score_reproduction"
"GQvr","6m37m_467_1","computational_reproduction","not","score_reproduction.zip","","score_reproduction"
"GQvr","6m37m_468_1","computational_reproduction","not","score_reproduction.zip","","score_reproduction"
"GQvr","6m37m_469_1","computational_reproduction","not","score_reproduction.zip","","score_reproduction"
"GQvr","6m37m_470_1","computational_reproduction","not","score_reproduction.zip","","score_reproduction"
"GQvr","6m37m_471_1","computational_reproduction","not","score_reproduction.zip","","score_reproduction"
"GQvr","6m37m_472_1","computational_reproduction","not","score_reproduction.zip","","score_reproduction"
"9OK1","6oy46_473_1","computational_reproduction","push button","score_reproduction.zip","","score_reproduction"
"9OK1","6oy46_474_1","computational_reproduction","push button","score_reproduction.zip","","score_reproduction"
"lxXV","y791_478_1","computational_reproduction","approximate","score_reproduction.zip","","score_reproduction"
"La9x","0036_480_1","computational_reproduction","push button","score_reproduction.zip","","score_reproduction"
"Vx4e","0937_482_1","computational_reproduction","push button","score_reproduction.zip","","score_reproduction"
"YpZZ","1012_483_1","computational_reproduction","approximate","score_reproduction.zip","","score_reproduction"
"8Wy0","1564_484_1","computational_reproduction","push button","score_reproduction.zip","","score_reproduction"
"2lb5","174z_485_1","computational_reproduction","push button","score_reproduction.zip","","score_reproduction"
"EKBZ","191z_486_1","computational_reproduction","push button","score_reproduction.zip","","score_reproduction"
"e5rW","1962_487_1","computational_reproduction","push button","score_reproduction.zip","","score_reproduction"
"G1Lr","2zg7_489_1","computational_reproduction","precise","score_reproduction.zip","","score_reproduction"
"G55r","302k_490_1","computational_reproduction","push button","score_reproduction.zip","","score_reproduction"
"Wre","316k_492_1","computational_reproduction","push button","score_reproduction.zip","","score_reproduction"
"P8az","32z3_494_1","computational_reproduction","push button","score_reproduction.zip","","score_reproduction"
"4XLv","3gg3_496_1","computational_reproduction","precise","score_reproduction.zip","","score_reproduction"
"gdlO","3z03_497_1","computational_reproduction","precise","score_reproduction.zip","","score_reproduction"
"EQxa","3z3k_498_1","computational_reproduction","approximate","score_reproduction.zip","","score_reproduction"
"2GKO","4142_499_1","computational_reproduction","not","score_reproduction.zip","","score_reproduction"
"GOYb","50y8_501_1","computational_reproduction","push button","score_reproduction.zip","","score_reproduction"
"V0PA","57g6_502_1","computational_reproduction","push button","score_reproduction.zip","","score_reproduction"
"mrZ","5916_503_1","computational_reproduction","push button","score_reproduction.zip","","score_reproduction"
"7d4J","5g68_504_1","computational_reproduction","push button","score_reproduction.zip","","score_reproduction"
"Rjp9","5yg9_505_1","computational_reproduction","push button","score_reproduction.zip","","score_reproduction"
"yzgG","5z18_506_1","computational_reproduction","push button","score_reproduction.zip","","score_reproduction"
"5PyD","600k_507_1","computational_reproduction","push button","score_reproduction.zip","","score_reproduction"
"88xa","6168_508_1","computational_reproduction","approximate","score_reproduction.zip","","score_reproduction"
"jaK4","6727_509_1","computational_reproduction","push button","score_reproduction.zip","","score_reproduction"
"3zRW","6797_510_1","computational_reproduction","push button","score_reproduction.zip","","score_reproduction"
"EdQy","6g28_511_1","computational_reproduction","precise","score_reproduction.zip","","score_reproduction"
"zlBL","7515_512_1","computational_reproduction","precise","score_reproduction.zip","","score_reproduction"
"Ovkm","78gg_513_1","computational_reproduction","precise","score_reproduction.zip","","score_reproduction"
"KRgk","7my5_514_1","computational_reproduction","push button","score_reproduction.zip","","score_reproduction"
"Z0ma","8m1_517_1","computational_reproduction","approximate","score_reproduction.zip","","score_reproduction"
"E4Am","93mg_519_1","computational_reproduction","precise","score_reproduction.zip","","score_reproduction"
"rym8","949y_520_1","computational_reproduction","push button","score_reproduction.zip","","score_reproduction"
"a2Yx","96ky_523_1","computational_reproduction","push button","score_reproduction.zip","","score_reproduction"
"zV1O","9yzy_525_1","computational_reproduction","push button","score_reproduction.zip","","score_reproduction"
"0PZl","g241_526_1","computational_reproduction","precise","score_reproduction.zip","","score_reproduction"
"q8xv","g4ym_530_1","computational_reproduction","push button","score_reproduction.zip","","score_reproduction"
"W0GN","g7z1_532_1","computational_reproduction","push button","score_reproduction.zip","","score_reproduction"
"YOXl","g8m_533_1","computational_reproduction","approximate","score_reproduction.zip","","score_reproduction"
"ByBk","g931_534_1","computational_reproduction","push button","score_reproduction.zip","","score_reproduction"
"D2LY","k637_536_1","computational_reproduction","not","score_reproduction.zip","","score_reproduction"
"9wya","k8z7_537_1","computational_reproduction","push button","score_reproduction.zip","","score_reproduction"
"7ybJ","k97z_538_1","computational_reproduction","push button","score_reproduction.zip","","score_reproduction"
"YeQg","m4m7_539_1","computational_reproduction","push button","score_reproduction.zip","","score_reproduction"
"9XrX","m93_540_1","computational_reproduction","not attemptable","score_reproduction.zip","","score_reproduction"
"z0v1","y410_546_1","computational_reproduction","not","score_reproduction.zip","","score_reproduction"
"yAPR","y436_547_1","computational_reproduction","push button","score_reproduction.zip","","score_reproduction"
"E0Q3","z789_549_1","computational_reproduction","push button","score_reproduction.zip","","score_reproduction"
"zlw","zg66_550_1","computational_reproduction","push button","score_reproduction.zip","","score_reproduction"
"yypJ","zmg9_551_1","computational_reproduction","push button","score_reproduction.zip","","score_reproduction"
"ky28","zz11_552_1","computational_reproduction","not","score_reproduction.zip","","score_reproduction"
"5KrD","1y52_553_1","computational_reproduction","push button","score_reproduction.zip","","score_reproduction"
"vaWE","1m02_555_1","computational_reproduction","push button","score_reproduction.zip","","score_reproduction"
"exBp","38y3_556_1","computational_reproduction","not","score_reproduction.zip","","score_reproduction"
"4q0L","3z5z_557_1","computational_reproduction","not","score_reproduction.zip","","score_reproduction"
"7X54","93k7_558_1","computational_reproduction","approximate","score_reproduction.zip","","score_reproduction"
"E5qr","95y_559_1","computational_reproduction","not","score_reproduction.zip","","score_reproduction"
"3aPw","05g8_562_1","computational_reproduction","not","score_reproduction.zip","","score_reproduction"
"kXp8","kzyz_563_1","computational_reproduction","not","score_reproduction.zip","","score_reproduction"
"Njqj","g1m_564_1","computational_reproduction","precise","score_reproduction.zip","","score_reproduction"
"RqVE","9k3g_565_1","computational_reproduction","push button","score_reproduction.zip","","score_reproduction"
"z4dO","6m17_566_1","computational_reproduction","not","score_reproduction.zip","","score_reproduction"
"qXX2","yy60_567_1","computational_reproduction","not","score_reproduction.zip","","score_reproduction"
"BebG","42k8_568_1","computational_reproduction","not","score_reproduction.zip","","score_reproduction"
"0qar","6my96_596_1","computational_reproduction","not","score_reproduction.zip","","score_reproduction"
"0qar","6my96_597_1","computational_reproduction","not","score_reproduction.zip","","score_reproduction"
"0qar","6my96_598_1","computational_reproduction","not","score_reproduction.zip","","score_reproduction"
"0qar","6my96_599_1","computational_reproduction","not","score_reproduction.zip","","score_reproduction"
"DEqr","2g486_600_1","computational_reproduction","push button","score_reproduction.zip","","score_reproduction"
"DEqr","2g486_601_1","computational_reproduction","push button","score_reproduction.zip","","score_reproduction"
"DEqr","2g486_602_1","computational_reproduction","push button","score_reproduction.zip","","score_reproduction"
"DEqr","2g486_603_1","computational_reproduction","push button","score_reproduction.zip","","score_reproduction"
"DEqr","2g486_604_1","computational_reproduction","push button","score_reproduction.zip","","score_reproduction"
"DEqr","2g486_605_1","computational_reproduction","push button","score_reproduction.zip","","score_reproduction"
"LbEB","21mg2_606_1","computational_reproduction","precise","score_reproduction.zip","","score_reproduction"
"LbEB","21mg2_607_1","computational_reproduction","precise","score_reproduction.zip","","score_reproduction"
"LbEB","21mg2_608_1","computational_reproduction","approximate","score_reproduction.zip","","score_reproduction"
"LbEB","21mg2_609_1","computational_reproduction","precise","score_reproduction.zip","","score_reproduction"
"LbEB","21mg2_610_1","computational_reproduction","precise","score_reproduction.zip","","score_reproduction"
"Nv99","6ow1o_621_1","computational_reproduction","push button","score_reproduction.zip","","score_reproduction"
"Nv99","6ow1o_622_1","computational_reproduction","push button","score_reproduction.zip","","score_reproduction"
"Nv99","6ow1o_623_1","computational_reproduction","push button","score_reproduction.zip","","score_reproduction"
"Nv99","6ow1o_624_1","computational_reproduction","push button","score_reproduction.zip","","score_reproduction"
"Nv99","6ow1o_625_1","computational_reproduction","push button","score_reproduction.zip","","score_reproduction"
"Nv99","6ow1o_626_1","computational_reproduction","push button","score_reproduction.zip","","score_reproduction"
"Nv99","6ow1o_627_1","computational_reproduction","push button","score_reproduction.zip","","score_reproduction"
"Nv99","6ow1o_628_1","computational_reproduction","approximate","score_reproduction.zip","","score_reproduction"
"Nv99","6ow1o_629_1","computational_reproduction","push button","score_reproduction.zip","","score_reproduction"
"Nv99","6ow1o_630_1","computational_reproduction","push button","score_reproduction.zip","","score_reproduction"
"Nv99","6ow1o_631_1","computational_reproduction","push button","score_reproduction.zip","","score_reproduction"
"Nv99","6ow1o_632_1","computational_reproduction","push button","score_reproduction.zip","","score_reproduction"
"Nv99","6ow1o_633_1","computational_reproduction","push button","score_reproduction.zip","","score_reproduction"
"Nv99","6ow1o_634_1","computational_reproduction","approximate","score_reproduction.zip","","score_reproduction"
"Nv99","6ow1o_635_1","computational_reproduction","push button","score_reproduction.zip","","score_reproduction"
"9OK1","247gz_655_1","computational_reproduction","not","score_reproduction.zip","","score_reproduction"
"9OK1","247gz_656_1","computational_reproduction","not","score_reproduction.zip","","score_reproduction"
"9OK1","247gz_657_1","computational_reproduction","not","score_reproduction.zip","","score_reproduction"
"9OK1","247gz_658_1","computational_reproduction","not","score_reproduction.zip","","score_reproduction"
"9OK1","247gz_659_1","computational_reproduction","not","score_reproduction.zip","","score_reproduction"
"9OK1","247gz_660_1","computational_reproduction","not","score_reproduction.zip","","score_reproduction"
"9OK1","247gz_661_1","computational_reproduction","not","score_reproduction.zip","","score_reproduction"
"9OK1","247gz_662_1","computational_reproduction","not","score_reproduction.zip","","score_reproduction"
"9OK1","247gz_663_1","computational_reproduction","not","score_reproduction.zip","","score_reproduction"
"9OK1","247gz_664_1","computational_reproduction","not","score_reproduction.zip","","score_reproduction"
"9OK1","247gz_665_1","computational_reproduction","not","score_reproduction.zip","","score_reproduction"
"9OK1","247gz_666_1","computational_reproduction","not","score_reproduction.zip","","score_reproduction"
"9OK1","247gz_667_1","computational_reproduction","not","score_reproduction.zip","","score_reproduction"
"9OK1","247gz_668_1","computational_reproduction","not","score_reproduction.zip","","score_reproduction"
"9OK1","247gz_669_1","computational_reproduction","not","score_reproduction.zip","","score_reproduction"
"9OK1","247gz_670_1","computational_reproduction","not","score_reproduction.zip","","score_reproduction"
"88xa","6zzyw_671_1","computational_reproduction","precise","score_reproduction.zip","","score_reproduction"
"88xa","6zzyw_672_1","computational_reproduction","precise","score_reproduction.zip","","score_reproduction"
"88xa","6zzyw_673_1","computational_reproduction","approximate","score_reproduction.zip","","score_reproduction"
"88xa","6zzyw_675_1","computational_reproduction","not","score_reproduction.zip","","score_reproduction"
"YRvg","3g4k_676_1","computational_reproduction","not","score_reproduction.zip","","score_reproduction"
"Ryq7","95my_677_1","computational_reproduction","approximate","score_reproduction.zip","","score_reproduction"
"Blxd","6778_679_1","computational_reproduction","approximate","score_reproduction.zip","","score_reproduction"
"l22v","68_680_1","computational_reproduction","not","score_reproduction.zip","","score_reproduction"
"Kj9d","5196_682_1","computational_reproduction","not","score_reproduction.zip","","score_reproduction"
"Peaa","m7k3_684_1","computational_reproduction","approximate","score_reproduction.zip","","score_reproduction"
"1574","2g5g_686_1","computational_reproduction","precise","score_reproduction.zip","","score_reproduction"
"AgO1","9y8y_687_1","computational_reproduction","precise","score_reproduction.zip","","score_reproduction"
"0P4r","5066_682_1","computational_reproduction","push button","score_reproduction.zip","","score_reproduction"
"WLkV","gy3z_684_1","computational_reproduction","not attemptable","score_reproduction.zip","","score_reproduction"
"QYNq","2zk7_686_1","computational_reproduction","not attemptable","score_reproduction.zip","","score_reproduction"
"GJe4","y4m6_688_1","computational_reproduction","not attemptable","score_reproduction.zip","","score_reproduction"
"R0ak","17y4_692_1","computational_reproduction","not attemptable","score_reproduction.zip","","score_reproduction"
"9wya","288zk_693_2","computational_reproduction","approximate","score_reproduction.zip","","score_reproduction"
"9wya","288zk_693_3","computational_reproduction","approximate","score_reproduction.zip","","score_reproduction"
"9wya","288zk_693_4","computational_reproduction","approximate","score_reproduction.zip","","score_reproduction"
"9wya","288zk_693_5","computational_reproduction","approximate","score_reproduction.zip","","score_reproduction"
"9ey","281k5_694_2","computational_reproduction","precise","score_reproduction.zip","","score_reproduction"
"Linkenauger_PsychologSci_2009_7WjP","303","analyst_task1_judgment","The results do not show evidence for or against the relationship/effect as described in the claim provided in your task","multi100_reanalyses.csv","0.05205","multi100"
"Steinmetz_JournPerSocPsy_2016_E4Am","434","analyst_task1_judgment","The results do not show evidence for or against the relationship/effect as described in the claim provided in your task","multi100_reanalyses.csv",".037","multi100"
"Pastötter_Cognition_2013_EQxa","388","analyst_task1_judgment","The results show evidence for the relationship/effect as described in the claim provided in your task","multi100_reanalyses.csv","0.00048","multi100"
"Hou_ChildDev_2017_YOXl","247","analyst_task1_judgment","The results show evidence for the relationship/effect as described in the claim provided in your task","multi100_reanalyses.csv","The indirect effect is based on the 95% CI = [0.005, 0.040].","multi100"
"Steinmetz_JournPerSocPsy_2016_E4Am","433","analyst_task1_judgment","The results show evidence for the relationship/effect as described in the claim provided in your task","multi100_reanalyses.csv","p = .030","multi100"
"Savani_PsychologSci_2010_88xa","420","analyst_task1_judgment","The results show evidence for the relationship/effect as described in the claim provided in your task","multi100_reanalyses.csv",".015","multi100"
"Pastötter_Cognition_2013_EQxa","390","analyst_task1_judgment","The results show evidence for the relationship/effect as described in the claim provided in your task","multi100_reanalyses.csv","<0.001","multi100"
"Linkenauger_PsychologSci_2009_7WjP","306","analyst_task1_judgment","The results show evidence for the relationship/effect as described in the claim provided in your task","multi100_reanalyses.csv",".038","multi100"
"Linkenauger_PsychologSci_2009_7WjP","304","analyst_task1_judgment","The results show evidence for the relationship/effect as described in the claim provided in your task","multi100_reanalyses.csv","0.026","multi100"
"Ku_JournEnvPsych_2014_YpZZ","274","analyst_task1_judgment","The results show evidence for the relationship/effect as described in the claim provided in your task","multi100_reanalyses.csv","0.001","multi100"
"Dumas_AcaManageJourn_2018_5KrD","182","analyst_task1_judgment","The results do not show evidence for or against the relationship/effect as described in the claim provided in your task","multi100_reanalyses.csv","0.02874","multi100"
"Pastötter_Cognition_2013_EQxa","386","analyst_task1_judgment","The results show evidence for the relationship/effect as described in the claim provided in your task","multi100_reanalyses.csv","0.0002701","multi100"
"Linkenauger_PsychologSci_2009_7WjP","307","analyst_task1_judgment","The results show evidence for the null-hypothesis","multi100_reanalyses.csv","0.107","multi100"
"Pastötter_Cognition_2013_EQxa","387","analyst_task1_judgment","The results show evidence for the relationship/effect as described in the claim provided in your task","multi100_reanalyses.csv","0.0002701","multi100"
"Steinmetz_JournPerSocPsy_2016_E4Am","435","analyst_task1_judgment","The results do not show evidence for or against the relationship/effect as described in the claim provided in your task","multi100_reanalyses.csv","0.100","multi100"
"Steinmetz_JournPerSocPsy_2016_E4Am","431","analyst_task1_judgment","The results do not show evidence for or against the relationship/effect as described in the claim provided in your task","multi100_reanalyses.csv","0.0135","multi100"
"Luttrell_JournExpSocPsych_2016_rjb","317","analyst_task1_judgment","The results do not show evidence for or against the relationship/effect as described in the claim provided in your task","multi100_reanalyses.csv","0.477","multi100"
"Angrist_AmEcoRev_2009_Gv3O","32","analyst_task1_judgment","The results show evidence for the relationship/effect as described in the claim provided in your task","multi100_reanalyses.csv","0.0425","multi100"
"Ihme_JournExpPoliSci_2018_xYbO","259","analyst_task1_judgment","The results show evidence for the null-hypothesis","multi100_reanalyses.csv","p=0.048","multi100"
"GROSSMAN_AmPoliSciRev_2014_LyWB","210","analyst_task1_judgment","The results show evidence for the relationship/effect as described in the claim provided in your task","multi100_reanalyses.csv","0.0000","multi100"
"Ku_JournEnvPsych_2014_YpZZ","275","analyst_task1_judgment","The results show evidence for the relationship/effect as described in the claim provided in your task","multi100_reanalyses.csv",".00000017223","multi100"
"Axt_JournExpSocPsych_2018_zK2","45","analyst_task1_judgment","The results show evidence for the relationship/effect as described in the claim provided in your task","multi100_reanalyses.csv","0","multi100"
"Zunick_JournExpSocPsych_2017_zlw","507","analyst_task1_judgment","The results show evidence for the relationship/effect as described in the claim provided in your task","multi100_reanalyses.csv",".00958","multi100"
"Bursztyn_AmEcoRev_2017_VB9K","121","analyst_task1_judgment","The results show evidence for the relationship/effect as described in the claim provided in your task","multi100_reanalyses.csv","0.0318","multi100"
"BATESON_AmPoliSciRev_2012_RYKv","49","analyst_task1_judgment","The results show evidence for the relationship/effect as described in the claim provided in your task","multi100_reanalyses.csv","0.000","multi100"
"Brough_JournConsRes_2016_9ey","115","analyst_task1_judgment","The results show evidence for the relationship/effect as described in the claim provided in your task","multi100_reanalyses.csv",".057","multi100"
"Nelson_JournConsRes_2009_eg1q","362","analyst_task1_judgment","The results show evidence for the relationship/effect as described in the claim provided in your task","multi100_reanalyses.csv",".016","multi100"
"Hurst_EvoHumanBehavior_2017_yypJ","258","analyst_task1_judgment","The results show evidence for the relationship/effect as described in the claim provided in your task","multi100_reanalyses.csv","1.406672e-10","multi100"
"ANN_SLOCUM_Criminology_2010_JxXe","3","analyst_task1_judgment","The results show evidence for the relationship/effect as described in the claim provided in your task","multi100_reanalyses.csv","0.00000000301","multi100"
"Cohen_AmEcoRev_2015_2lb5","166","analyst_task1_judgment","The results show evidence for the null-hypothesis","multi100_reanalyses.csv",".226","multi100"
"Petersen_Cognition_2017_yJwG","394","analyst_task1_judgment","The results show evidence for the relationship/effect as described in the claim provided in your task","multi100_reanalyses.csv","<.001","multi100"
"Nelson_JournConsRes_2009_eg1q","361","analyst_task1_judgment","The results show evidence for the relationship/effect as described in the claim provided in your task","multi100_reanalyses.csv",".019","multi100"
"Yang_JournMarketRes_2013_G1Lr","499","analyst_task1_judgment","The results show evidence for the relationship/effect as described in the claim provided in your task","multi100_reanalyses.csv","0.003","multi100"
"Steinmetz_JournPerSocPsy_2016_E4Am","432","analyst_task1_judgment","The results show evidence for the relationship/effect as described in the claim provided in your task","multi100_reanalyses.csv","0.029","multi100"
"Miller_JournConflictRes_2011_zV1O","348","analyst_task1_judgment","The results do not show evidence for or against the relationship/effect as described in the claim provided in your task","multi100_reanalyses.csv","0.00000000000000221","multi100"
"Beaman_JournLabEco_2018_7ybJ","83","analyst_task1_judgment","The results show evidence for the relationship/effect as described in the claim provided in your task","multi100_reanalyses.csv","0.002722","multi100"
"Savani_PsychologSci_2010_88xa","419","analyst_task1_judgment","The results show evidence for the relationship/effect as described in the claim provided in your task","multi100_reanalyses.csv","Task1: .0044, Task 2: .0071","multi100"
"Cleave_ExpEco_2013_Njqj","164","analyst_task1_judgment","The results show evidence for the relationship/effect as described in the claim provided in your task","multi100_reanalyses.csv","0.02","multi100"
"Benjamin_AmEcoRev_2010_WaYe","93","analyst_task1_judgment","The results show evidence for the relationship/effect as described in the claim provided in your task","multi100_reanalyses.csv","0.00154","multi100"
"Yang_JournMarketRes_2013_G1Lr","498","analyst_task1_judgment","The results show evidence for the relationship/effect as described in the claim provided in your task","multi100_reanalyses.csv","0.0034","multi100"
"Bartels_JournConsRes_2015_mrZ","77","analyst_task1_judgment","The results show evidence for the relationship/effect as described in the claim provided in your task","multi100_reanalyses.csv",".036","multi100"
"Hurst_EvoHumanBehavior_2017_yypJ","256","analyst_task1_judgment","The results show evidence for the relationship/effect as described in the claim provided in your task","multi100_reanalyses.csv","p<0.001; BF10 = 1.51e+11","multi100"
"Hertel_ClinPsychSci_2018_YabW","240","analyst_task1_judgment","The results show evidence for the null-hypothesis","multi100_reanalyses.csv","0.105","multi100"
"Yang_JournMarketRes_2013_G1Lr","496","analyst_task1_judgment","The results show evidence for the relationship/effect as described in the claim provided in your task","multi100_reanalyses.csv","0.0006385","multi100"
"Savani_PsychologSci_2010_88xa","417","analyst_task1_judgment","The results show evidence for the relationship/effect as described in the claim provided in your task","multi100_reanalyses.csv",".003","multi100"
"Einstein_AmJourPoliSci_2017_mxyQ","188","analyst_task1_judgment","The results show evidence for the relationship/effect as described in the claim provided in your task","multi100_reanalyses.csv","0.0001588","multi100"
"BATESON_AmPoliSciRev_2012_RYKv","47","analyst_task1_judgment","The results show evidence for the relationship/effect as described in the claim provided in your task","multi100_reanalyses.csv","0.000","multi100"
"PALER_AmPoliSciRev_2013_Pxp7","376","analyst_task1_judgment","The results show evidence for opposite relationship/effect as described in the claim provided in your task","multi100_reanalyses.csv","1.6","multi100"
"Rovny_WorldPolitics_2014_AQgj","411","analyst_task1_judgment","The results show evidence for the relationship/effect as described in the claim provided in your task","multi100_reanalyses.csv","p < 0.001","multi100"
"Wang_AmEcoJourn_2013_7d4J","471","analyst_task1_judgment","The results do not show evidence for or against the relationship/effect as described in the claim provided in your task","multi100_reanalyses.csv","0.181","multi100"
"Wilde_AmSocioRev_2010_4XLv","475","analyst_task1_judgment","The results show evidence for the relationship/effect as described in the claim provided in your task","multi100_reanalyses.csv","0.000","multi100"
"Barreca_JournPoliEco_2016_J999","72","analyst_task1_judgment","The results show evidence for the null-hypothesis","multi100_reanalyses.csv","2.2e-16","multi100"
"Platt_Boustan_AmEcoJourn_2012_PVQK","400","analyst_task1_judgment","The results show evidence for the relationship/effect as described in the claim provided in your task","multi100_reanalyses.csv","<0.001","multi100"
"Gartzke_JournConflictRes_2009_rym8","216","analyst_task1_judgment","The results show evidence for the relationship/effect as described in the claim provided in your task","multi100_reanalyses.csv","9.507e-15","multi100"
"Brough_JournConsRes_2016_9ey","113","analyst_task1_judgment","The results show evidence for the relationship/effect as described in the claim provided in your task","multi100_reanalyses.csv","60.15","multi100"
"Woltin_JournExpSocPsych_2011_Wre","491","analyst_task1_judgment","The results do not show evidence for or against the relationship/effect as described in the claim provided in your task","multi100_reanalyses.csv","2.774","multi100"
"Angrist_AmEcoRev_2009_Gv3O","34","analyst_task1_judgment","The results do not show evidence for or against the relationship/effect as described in the claim provided in your task","multi100_reanalyses.csv","0.0006","multi100"
"Ihme_JournExpPoliSci_2018_xYbO","263","analyst_task1_judgment","The results show evidence for the relationship/effect as described in the claim provided in your task","multi100_reanalyses.csv","0.011","multi100"
"Hertel_ClinPsychSci_2018_YabW","242","analyst_task1_judgment","The results show evidence for the relationship/effect as described in the claim provided in your task","multi100_reanalyses.csv",".017","multi100"
"Beaman_JournLabEco_2018_7ybJ","84","analyst_task1_judgment","The results show evidence for the relationship/effect as described in the claim provided in your task","multi100_reanalyses.csv",".002","multi100"
"McDevitt_JournPoliEco_2014_yQeR","331","analyst_task1_judgment","The results show evidence for the relationship/effect as described in the claim provided in your task","multi100_reanalyses.csv","0.000","multi100"
"Hertel_ClinPsychSci_2018_YabW","239","analyst_task1_judgment","The results show evidence for the relationship/effect as described in the claim provided in your task","multi100_reanalyses.csv",".003","multi100"
"Angrist_AmEcoRev_2009_Gv3O","33","analyst_task1_judgment","The results show evidence for opposite relationship/effect as described in the claim provided in your task","multi100_reanalyses.csv","p = 0.0001 p = 0.0003  p = 0.9359  p= 0.9153","multi100"
"Rovny_WorldPolitics_2014_AQgj","413","analyst_task1_judgment","The results show evidence for the relationship/effect as described in the claim provided in your task","multi100_reanalyses.csv","2.0834E-20","multi100"
"Bartels_JournConsRes_2015_mrZ","79","analyst_task1_judgment","The results show evidence for the relationship/effect as described in the claim provided in your task","multi100_reanalyses.csv",".036","multi100"
"Petersen_Cognition_2017_yJwG","393","analyst_task1_judgment","The results show evidence for the relationship/effect as described in the claim provided in your task","multi100_reanalyses.csv","0.00007","multi100"
"Bruner_ExpEco_2017_amYY","119","analyst_task1_judgment","The results show evidence for the relationship/effect as described in the claim provided in your task","multi100_reanalyses.csv","1.7779e-05","multi100"
"LINDQVIST_AmPoliSciRev_2010_OeGv","291","analyst_task1_judgment","The results show evidence for the relationship/effect as described in the claim provided in your task","multi100_reanalyses.csv","< .001","multi100"
"Christensen_EurJournPersonality_2018_8R9d","144","analyst_task1_judgment","The results show evidence for the relationship/effect as described in the claim provided in your task","multi100_reanalyses.csv",".001","multi100"
"Miller_JournConflictRes_2011_zV1O","349","analyst_task1_judgment","The results do not show evidence for or against the relationship/effect as described in the claim provided in your task","multi100_reanalyses.csv","0.260","multi100"
"Nelson_JournConsRes_2009_eg1q","359","analyst_task1_judgment","The results show evidence for the relationship/effect as described in the claim provided in your task","multi100_reanalyses.csv","0.017","multi100"
"Altmann_JournLabEco_2012_WLkV","11","analyst_task1_judgment","The results show evidence for the relationship/effect as described in the claim provided in your task","multi100_reanalyses.csv","0.0112","multi100"
"Luttrell_JournExpSocPsych_2016_rjb","321","analyst_task1_judgment","The results show evidence for the relationship/effect as described in the claim provided in your task","multi100_reanalyses.csv",".041","multi100"
"Ku_JournEnvPsych_2014_YpZZ","276","analyst_task1_judgment","The results show evidence for the relationship/effect as described in the claim provided in your task","multi100_reanalyses.csv","0.000000005646","multi100"
"Nyhan_JournExpPoliSci_2015_DEqr","365","analyst_task1_judgment","The results show evidence for the relationship/effect as described in the claim provided in your task","multi100_reanalyses.csv","0.00000217","multi100"
"Wilde_AmSocioRev_2010_4XLv","477","analyst_task1_judgment","The results show evidence for opposite relationship/effect as described in the claim provided in your task","multi100_reanalyses.csv","1.23e-85","multi100"
"Baillon_Econometrica_2018_QYNq","59","analyst_task1_judgment","The results show evidence for the relationship/effect as described in the claim provided in your task","multi100_reanalyses.csv","0.004","multi100"
"Thames_CompPolitStu_2010_l22v","447","analyst_task1_judgment","The results do not show evidence for or against the relationship/effect as described in the claim provided in your task","multi100_reanalyses.csv","0.89","multi100"
"Anderson_AmEcoJourn_2011_bLe8","24","analyst_task1_judgment","The results do not show evidence for or against the relationship/effect as described in the claim provided in your task","multi100_reanalyses.csv","0.386","multi100"
"Brough_JournConsRes_2016_9ey","111","analyst_task1_judgment","The results show evidence for the relationship/effect as described in the claim provided in your task","multi100_reanalyses.csv","<.001","multi100"
"Nyhan_JournExpPoliSci_2015_DEqr","366","analyst_task1_judgment","The results show evidence for the relationship/effect as described in the claim provided in your task","multi100_reanalyses.csv","0.0000009829258","multi100"
"Adida_CompPolitStu_2016_G0Kb","10","analyst_task1_judgment","The results show evidence for the relationship/effect as described in the claim provided in your task","multi100_reanalyses.csv",".004","multi100"
"Zunick_JournExpSocPsych_2017_zlw","508","analyst_task1_judgment","The results do not show evidence for or against the relationship/effect as described in the claim provided in your task","multi100_reanalyses.csv","0.355","multi100"
"Balcells_JournConflictRes_2014_0P4r","69","analyst_task1_judgment","The results show evidence for the relationship/effect as described in the claim provided in your task","multi100_reanalyses.csv","0.00028","multi100"
"Axt_JournExpSocPsych_2018_zK2","43","analyst_task1_judgment","The results show evidence for the relationship/effect as described in the claim provided in your task","multi100_reanalyses.csv","<.001","multi100"
"Adida_CompPolitStu_2016_G0Kb","7","analyst_task1_judgment","The results show evidence for the relationship/effect as described in the claim provided in your task","multi100_reanalyses.csv","0.0182","multi100"
"Bruner_ExpEco_2017_amYY","116","analyst_task1_judgment","The results show evidence for the relationship/effect as described in the claim provided in your task","multi100_reanalyses.csv","<.001","multi100"
"Bursztyn_JournPoliEco_2012_jaK4","126","analyst_task1_judgment","The results show evidence for the relationship/effect as described in the claim provided in your task","multi100_reanalyses.csv","0.000","multi100"
"Shahar_JournConflictRes_2018_J0Yv","421","analyst_task1_judgment","The results show evidence for the relationship/effect as described in the claim provided in your task","multi100_reanalyses.csv","< .0000001","multi100"
"Goerg_JournLabEco_2010_WLpV","224","analyst_task1_judgment","The results show evidence for the relationship/effect as described in the claim provided in your task","multi100_reanalyses.csv","0.0649","multi100"
"Sliwka_JournLabEco_2017_VDJV","428","analyst_task1_judgment","The results do not show evidence for or against the relationship/effect as described in the claim provided in your task","multi100_reanalyses.csv",".276","multi100"
"Woltin_JournExpSocPsych_2011_Wre","490","analyst_task1_judgment","The results show evidence for the relationship/effect as described in the claim provided in your task","multi100_reanalyses.csv","0.022","multi100"
"Anderson_AmEcoJourn_2011_bLe8","22","analyst_task1_judgment","The results show evidence for the relationship/effect as described in the claim provided in your task","multi100_reanalyses.csv","<0.001","multi100"
"Dahl_AmEcoRev_2012_VRKK","175","analyst_task1_judgment","The results show evidence for the relationship/effect as described in the claim provided in your task","multi100_reanalyses.csv","< 0.00000000000000022","multi100"
"ANN_SLOCUM_Criminology_2010_JxXe","4","analyst_task1_judgment","The results show evidence for the relationship/effect as described in the claim provided in your task","multi100_reanalyses.csv","0.001","multi100"
"Bartels_JournConsRes_2015_mrZ","76","analyst_task1_judgment","The results show evidence for the relationship/effect as described in the claim provided in your task","multi100_reanalyses.csv",".0306","multi100"
"Gerber_BritJournPoliSci_2018_3WmY","219","analyst_task1_judgment","The results do not show evidence for or against the relationship/effect as described in the claim provided in your task","multi100_reanalyses.csv","0.003","multi100"
"McDevitt_JournPoliEco_2014_yQeR","329","analyst_task1_judgment","The results show evidence for the relationship/effect as described in the claim provided in your task","multi100_reanalyses.csv","0.0018","multi100"
"Bursztyn_AmEcoRev_2017_VB9K","122","analyst_task1_judgment","The results do not show evidence for or against the relationship/effect as described in the claim provided in your task","multi100_reanalyses.csv","0.073","multi100"
"Luttrell_JournExpSocPsych_2016_rjb","320","analyst_task1_judgment","The results show evidence for the relationship/effect as described in the claim provided in your task","multi100_reanalyses.csv","0.003695","multi100"
"Zunick_JournExpSocPsych_2017_zlw","509","analyst_task1_judgment","The results show evidence for the null-hypothesis","multi100_reanalyses.csv","0.602","multi100"
"Hou_ChildDev_2017_YOXl","246","analyst_task1_judgment","The results show evidence for the relationship/effect as described in the claim provided in your task","multi100_reanalyses.csv","p = 0.018","multi100"
"Alves_PsychologSci_2018_AvOr","20","analyst_task1_judgment","The results show evidence for the relationship/effect as described in the claim provided in your task","multi100_reanalyses.csv","0.000871","multi100"
"Petersen_Cognition_2017_yJwG","392","analyst_task1_judgment","The results show evidence for the relationship/effect as described in the claim provided in your task","multi100_reanalyses.csv","8.60815E-05","multi100"
"Ihme_JournExpPoliSci_2018_xYbO","262","analyst_task1_judgment","The results show evidence for the relationship/effect as described in the claim provided in your task","multi100_reanalyses.csv","0.00516","multi100"
"Yang_JournMarketRes_2013_G1Lr","497","analyst_task1_judgment","The results show evidence for the relationship/effect as described in the claim provided in your task","multi100_reanalyses.csv","0.000451","multi100"
"Liu_JournMarket_2015_9DZl","311","analyst_task1_judgment","The results show evidence for the relationship/effect as described in the claim provided in your task","multi100_reanalyses.csv","0.00543","multi100"
"Yang_JournMarketRes_2013_G1Lr","500","analyst_task1_judgment","The results show evidence for the relationship/effect as described in the claim provided in your task","multi100_reanalyses.csv","0.002","multi100"
"Ihme_JournExpPoliSci_2018_xYbO","260","analyst_task1_judgment","The results do not show evidence for or against the relationship/effect as described in the claim provided in your task","multi100_reanalyses.csv",".0111","multi100"
"Fehr_AmEcoRev_2011_gdlO","196","analyst_task1_judgment","The results show evidence for the relationship/effect as described in the claim provided in your task","multi100_reanalyses.csv","< 0.001","multi100"
"Baillon_Econometrica_2018_QYNq","61","analyst_task1_judgment","The results show evidence for the relationship/effect as described in the claim provided in your task","multi100_reanalyses.csv","0.028","multi100"
"Chen_Demography_2018_yAPR","140","analyst_task1_judgment","The results do not show evidence for or against the relationship/effect as described in the claim provided in your task","multi100_reanalyses.csv","0.1637","multi100"
"Bursztyn_AmEcoRev_2017_VB9K","123","analyst_task1_judgment","The results show evidence for the relationship/effect as described in the claim provided in your task","multi100_reanalyses.csv","0.033","multi100"
"Beaman_JournLabEco_2018_7ybJ","81","analyst_task1_judgment","The results show evidence for the relationship/effect as described in the claim provided in your task","multi100_reanalyses.csv","0.001648","multi100"
"Liu_JournMarket_2015_9DZl","309","analyst_task1_judgment","The results show evidence for the relationship/effect as described in the claim provided in your task","multi100_reanalyses.csv","0.002516","multi100"
"Einstein_AmJourPoliSci_2017_mxyQ","191","analyst_task1_judgment","The results show evidence for the relationship/effect as described in the claim provided in your task","multi100_reanalyses.csv","p < .001","multi100"
"Bigoni_Econometrica_2015_VBx1","96","analyst_task1_judgment","The results do not show evidence for or against the relationship/effect as described in the claim provided in your task","multi100_reanalyses.csv","0.482","multi100"
"Li_JournExpPoliSci_2017_G4mp","297","analyst_task1_judgment","The results show evidence for the relationship/effect as described in the claim provided in your task","multi100_reanalyses.csv","< .001","multi100"
"Andreoni_JournPoliEco_2017_La9x","28","analyst_task1_judgment","The results show evidence for the relationship/effect as described in the claim provided in your task","multi100_reanalyses.csv","0.00","multi100"
"Dumas_AcaManageJourn_2018_5KrD","186","analyst_task1_judgment","The results show evidence for the null-hypothesis","multi100_reanalyses.csv","0.1296","multi100"
"Dahl_AmEcoRev_2012_VRKK","173","analyst_task1_judgment","The results show evidence for the relationship/effect as described in the claim provided in your task","multi100_reanalyses.csv","0.0001","multi100"
"Baillon_Econometrica_2018_QYNq","60","analyst_task1_judgment","The results show evidence for the relationship/effect as described in the claim provided in your task","multi100_reanalyses.csv","0.0357","multi100"
"Bigoni_Econometrica_2015_VBx1","95","analyst_task1_judgment","The results show evidence for the relationship/effect as described in the claim provided in your task","multi100_reanalyses.csv","0.005","multi100"
"Wlezien_CompPolitStu_2017_ByBk","483","analyst_task1_judgment","The results show evidence for the null-hypothesis","multi100_reanalyses.csv","0.115","multi100"
"Shahar_JournConflictRes_2018_J0Yv","423","analyst_task1_judgment","The results show evidence for the relationship/effect as described in the claim provided in your task","multi100_reanalyses.csv","< .001","multi100"
"Ku_JournEnvPsych_2014_YpZZ","273","analyst_task1_judgment","The results show evidence for the relationship/effect as described in the claim provided in your task","multi100_reanalyses.csv","<.001","multi100"
"Einstein_AmJourPoliSci_2017_mxyQ","189","analyst_task1_judgment","The results show evidence for the relationship/effect as described in the claim provided in your task","multi100_reanalyses.csv",".0003","multi100"
"Liu_JournMarket_2015_9DZl","312","analyst_task1_judgment","The results show evidence for the relationship/effect as described in the claim provided in your task","multi100_reanalyses.csv","0.004","multi100"
"Woltin_JournExpSocPsych_2011_Wre","488","analyst_task1_judgment","The results show evidence for the relationship/effect as described in the claim provided in your task","multi100_reanalyses.csv","0.022","multi100"
"Li_JournExpPoliSci_2017_G4mp","296","analyst_task1_judgment","The results show evidence for the relationship/effect as described in the claim provided in your task","multi100_reanalyses.csv","0.0000000000468","multi100"
"McDevitt_JournPoliEco_2014_yQeR","328","analyst_task1_judgment","The results show evidence for the relationship/effect as described in the claim provided in your task","multi100_reanalyses.csv",".001, .054","multi100"
"Hurst_EvoHumanBehavior_2017_yypJ","257","analyst_task1_judgment","The results show evidence for the relationship/effect as described in the claim provided in your task","multi100_reanalyses.csv","0.00000000000001383","multi100"
"Bursztyn_JournPoliEco_2012_jaK4","129","analyst_task1_judgment","The results show evidence for the relationship/effect as described in the claim provided in your task","multi100_reanalyses.csv","<0.001","multi100"
"Dumas_AcaManageJourn_2018_5KrD","184","analyst_task1_judgment","The results show evidence for the relationship/effect as described in the claim provided in your task","multi100_reanalyses.csv","0.002","multi100"
"Mironova_JournExpPoliSci_2014_59Rq","353","analyst_task1_judgment","The results show evidence for the relationship/effect as described in the claim provided in your task","multi100_reanalyses.csv","0.000412","multi100"
"Woltin_JournExpSocPsych_2011_Wre","487","analyst_task1_judgment","The results show evidence for the relationship/effect as described in the claim provided in your task","multi100_reanalyses.csv","0.022","multi100"
"McDevitt_JournPoliEco_2014_yQeR","332","analyst_task1_judgment","The results do not show evidence for or against the relationship/effect as described in the claim provided in your task","multi100_reanalyses.csv","0.785","multi100"
"Hou_ChildDev_2017_YOXl","244","analyst_task1_judgment","The results show evidence for opposite relationship/effect as described in the claim provided in your task","multi100_reanalyses.csv","0.038","multi100"
"Thames_CompPolitStu_2010_l22v","450","analyst_task1_judgment","The results do not show evidence for or against the relationship/effect as described in the claim provided in your task","multi100_reanalyses.csv","0.663","multi100"
"Bursztyn_JournPoliEco_2012_jaK4","130","analyst_task1_judgment","The results show evidence for the relationship/effect as described in the claim provided in your task","multi100_reanalyses.csv","0.0001","multi100"
"PALER_AmPoliSciRev_2013_Pxp7","374","analyst_task1_judgment","The results do not show evidence for or against the relationship/effect as described in the claim provided in your task","multi100_reanalyses.csv",".007","multi100"
"Kleven_AmEcoRev_2013_Jg9v","272","analyst_task1_judgment","The results show evidence for the relationship/effect as described in the claim provided in your task","multi100_reanalyses.csv","0.532","multi100"
"Shahar_JournConflictRes_2018_J0Yv","425","analyst_task1_judgment","The results show evidence for the relationship/effect as described in the claim provided in your task","multi100_reanalyses.csv","0.0000130710","multi100"
"Cleave_ExpEco_2013_Njqj","160","analyst_task1_judgment","The results show evidence for the relationship/effect as described in the claim provided in your task","multi100_reanalyses.csv","0.01170341","multi100"
"Behrman_JournPoliEco_2015_G55r","90","analyst_task1_judgment","The results show evidence for the relationship/effect as described in the claim provided in your task","multi100_reanalyses.csv","0.0000118","multi100"
"Fehr_AmEcoRev_2011_gdlO","193","analyst_task1_judgment","The results show evidence for the relationship/effect as described in the claim provided in your task","multi100_reanalyses.csv","p < .001","multi100"
"Liang_JournPoliEco_2018_q8xv","301","analyst_task1_judgment","The results show evidence for the relationship/effect as described in the claim provided in your task","multi100_reanalyses.csv","p < .001","multi100"
"Alves_PsychologSci_2018_AvOr","18","analyst_task1_judgment","The results show evidence for the relationship/effect as described in the claim provided in your task","multi100_reanalyses.csv","p < 0.01","multi100"
"Adida_CompPolitStu_2016_G0Kb","6","analyst_task1_judgment","The results do not show evidence for or against the relationship/effect as described in the claim provided in your task","multi100_reanalyses.csv","0.0797","multi100"
"Savani_PsychologSci_2010_88xa","418","analyst_task1_judgment","The results show evidence for the relationship/effect as described in the claim provided in your task","multi100_reanalyses.csv","0.004","multi100"
"PALER_AmPoliSciRev_2013_Pxp7","379","analyst_task1_judgment","The results show evidence for the relationship/effect as described in the claim provided in your task","multi100_reanalyses.csv","0.01393","multi100"
"PALER_AmPoliSciRev_2013_Pxp7","375","analyst_task1_judgment","The results show evidence for the relationship/effect as described in the claim provided in your task","multi100_reanalyses.csv","0.014","multi100"
"Teney_EurSocioRev_2016_qXX2","444","analyst_task1_judgment","The results show evidence for the relationship/effect as described in the claim provided in your task","multi100_reanalyses.csv","0.000","multi100"
"Petersen_Cognition_2017_yJwG","391","analyst_task1_judgment","The results show evidence for the relationship/effect as described in the claim provided in your task","multi100_reanalyses.csv","6.68 x 10^-5","multi100"
"Bruner_ExpEco_2017_amYY","118","analyst_task1_judgment","The results show evidence for the relationship/effect as described in the claim provided in your task","multi100_reanalyses.csv","0.0000336","multi100"
"Kleven_AmEcoRev_2013_Jg9v","270","analyst_task1_judgment","The results show evidence for the relationship/effect as described in the claim provided in your task","multi100_reanalyses.csv","<.001","multi100"
"Mironova_JournExpPoliSci_2014_59Rq","354","analyst_task1_judgment","The results show evidence for the relationship/effect as described in the claim provided in your task","multi100_reanalyses.csv","0.00031","multi100"
"Beaman_JournLabEco_2018_7ybJ","82","analyst_task1_judgment","The results show evidence for the null-hypothesis","multi100_reanalyses.csv","0.239","multi100"
"Kucik_BritJournPoliSci_2016_L22B","279","analyst_task1_judgment","The results do not show evidence for or against the relationship/effect as described in the claim provided in your task","multi100_reanalyses.csv",".771","multi100"
"Anderson_AmEcoJourn_2011_bLe8","21","analyst_task1_judgment","The results show evidence for the relationship/effect as described in the claim provided in your task","multi100_reanalyses.csv","p < .001","multi100"
"Brancati_JournConflictRes_2013_V0PA","109","analyst_task1_judgment","The results show evidence for the null-hypothesis","multi100_reanalyses.csv","0,064","multi100"
"Liu_JournMarket_2015_9DZl","308","analyst_task1_judgment","The results show evidence for the relationship/effect as described in the claim provided in your task","multi100_reanalyses.csv",".005","multi100"
"Gerber_BritJournPoliSci_2018_3WmY","220","analyst_task1_judgment","The results do not show evidence for or against the relationship/effect as described in the claim provided in your task","multi100_reanalyses.csv",".247","multi100"
"Benjamin_AmEcoRev_2010_WaYe","92","analyst_task1_judgment","The results show evidence for the relationship/effect as described in the claim provided in your task","multi100_reanalyses.csv","Experiment 1: 0.000872  Experiment 2: 0.0347","multi100"
"Nelson_JournConsRes_2009_eg1q","360","analyst_task1_judgment","The results do not show evidence for or against the relationship/effect as described in the claim provided in your task","multi100_reanalyses.csv","0.03","multi100"
"Altmann_JournLabEco_2012_WLkV","14","analyst_task1_judgment","The results show evidence for the relationship/effect as described in the claim provided in your task","multi100_reanalyses.csv","0.01128","multi100"
"Altmann_JournLabEco_2012_WLkV","15","analyst_task1_judgment","The results show evidence for the relationship/effect as described in the claim provided in your task","multi100_reanalyses.csv","0.011","multi100"
"GROSSMAN_AmPoliSciRev_2014_LyWB","209","analyst_task1_judgment","The results show evidence for the relationship/effect as described in the claim provided in your task","multi100_reanalyses.csv","6.35e-05","multi100"
"Liang_JournPoliEco_2018_q8xv","302","analyst_task1_judgment","The results show evidence for the relationship/effect as described in the claim provided in your task","multi100_reanalyses.csv","<.001","multi100"
"Bartels_JournConsRes_2015_mrZ","78","analyst_task1_judgment","The results show evidence for the relationship/effect as described in the claim provided in your task","multi100_reanalyses.csv","0.03057","multi100"
"Axt_JournExpSocPsych_2018_zK2","42","analyst_task1_judgment","The results show evidence for the relationship/effect as described in the claim provided in your task","multi100_reanalyses.csv","1,01075E+15","multi100"
"Grose_AmJourPoliSci_2015_E0Q3","232","analyst_task1_judgment","The results show evidence for the relationship/effect as described in the claim provided in your task","multi100_reanalyses.csv",".0771","multi100"
"Christensen_EurJournPersonality_2018_8R9d","147","analyst_task1_judgment","The results show evidence for the relationship/effect as described in the claim provided in your task","multi100_reanalyses.csv","< 0.001","multi100"
"Bruner_ExpEco_2017_amYY","120","analyst_task1_judgment","The results show evidence for the relationship/effect as described in the claim provided in your task","multi100_reanalyses.csv","3.76e-06","multi100"
"Pastötter_Cognition_2013_EQxa","389","analyst_task1_judgment","The results show evidence for the relationship/effect as described in the claim provided in your task","multi100_reanalyses.csv","0.000952","multi100"
"Hurst_EvoHumanBehavior_2017_yypJ","255","analyst_task1_judgment","The results show evidence for the relationship/effect as described in the claim provided in your task","multi100_reanalyses.csv","1.767016e-07","multi100"
"Zunick_JournExpSocPsych_2017_zlw","505","analyst_task1_judgment","The results show evidence for the relationship/effect as described in the claim provided in your task","multi100_reanalyses.csv",".009","multi100"
"Axt_JournExpSocPsych_2018_zK2","44","analyst_task1_judgment","The results show evidence for the relationship/effect as described in the claim provided in your task","multi100_reanalyses.csv","< 2e-16","multi100"
"Einstein_AmJourPoliSci_2017_mxyQ","187","analyst_task1_judgment","The results do not show evidence for or against the relationship/effect as described in the claim provided in your task","multi100_reanalyses.csv","0.0002164","multi100"
"Goerg_JournLabEco_2010_WLpV","227","analyst_task1_judgment","The results show evidence for the relationship/effect as described in the claim provided in your task","multi100_reanalyses.csv","p < .001","multi100"
"Benjamin_AmEcoRev_2010_WaYe","94","analyst_task1_judgment","The results show evidence for the relationship/effect as described in the claim provided in your task","multi100_reanalyses.csv","0.205","multi100"
"PIETRYKA_AmPoliSciRev_2017_yjkQ","384","analyst_task1_judgment","The results show evidence for the relationship/effect as described in the claim provided in your task","multi100_reanalyses.csv","p<.001","multi100"
"Lu_JournLabEco_2015_vaWE","313","analyst_task1_judgment","The results show evidence for the relationship/effect as described in the claim provided in your task","multi100_reanalyses.csv","0.0114","multi100"
"Rovny_WorldPolitics_2014_AQgj","412","analyst_task1_judgment","The results do not show evidence for or against the relationship/effect as described in the claim provided in your task","multi100_reanalyses.csv","p < .001","multi100"
"Adida_CompPolitStu_2016_G0Kb","8","analyst_task1_judgment","The results show evidence for the relationship/effect as described in the claim provided in your task","multi100_reanalyses.csv","p = 0.0327","multi100"
"PIETRYKA_AmPoliSciRev_2017_yjkQ","382","analyst_task1_judgment","The results show evidence for the relationship/effect as described in the claim provided in your task","multi100_reanalyses.csv","<0.0001","multi100"
"Petersen_Cognition_2017_yJwG","395","analyst_task1_judgment","The results show evidence for the relationship/effect as described in the claim provided in your task","multi100_reanalyses.csv","4.099e-16","multi100"
"Beaman_JournLabEco_2018_7ybJ","85","analyst_task1_judgment","The results show evidence for the relationship/effect as described in the claim provided in your task","multi100_reanalyses.csv","38.924","multi100"
"Savani_PsychologSci_2010_88xa","416","analyst_task1_judgment","The results show evidence for the relationship/effect as described in the claim provided in your task","multi100_reanalyses.csv",".003","multi100"
"Andreoni_JournPoliEco_2017_La9x","26","analyst_task1_judgment","The results show evidence for the relationship/effect as described in the claim provided in your task","multi100_reanalyses.csv","0.000","multi100"
"ANN_SLOCUM_Criminology_2010_JxXe","2","analyst_task1_judgment","The results show evidence for the relationship/effect as described in the claim provided in your task","multi100_reanalyses.csv","0.000","multi100"
"Christensen_EurJournPersonality_2018_8R9d","146","analyst_task1_judgment","The results show evidence for the relationship/effect as described in the claim provided in your task","multi100_reanalyses.csv","0.096","multi100"
"Behrman_JournPoliEco_2015_G55r","87","analyst_task1_judgment","The results show evidence for the relationship/effect as described in the claim provided in your task","multi100_reanalyses.csv","0.131","multi100"
"Brough_JournConsRes_2016_9ey","114","analyst_task1_judgment","The results show evidence for the relationship/effect as described in the claim provided in your task","multi100_reanalyses.csv","0.005","multi100"
"Bruner_ExpEco_2017_amYY","117","analyst_task1_judgment","The results show evidence for the relationship/effect as described in the claim provided in your task","multi100_reanalyses.csv","0.0000178","multi100"
"Wilde_AmSocioRev_2010_4XLv","473","analyst_task1_judgment","The results show evidence for the relationship/effect as described in the claim provided in your task","multi100_reanalyses.csv","0.0000403","multi100"
"Rovny_WorldPolitics_2014_AQgj","415","analyst_task1_judgment","The results show evidence for the relationship/effect as described in the claim provided in your task","multi100_reanalyses.csv","0.00000000000000000000000000006210930101313976357986501586339045388740487396717071533203125","multi100"
"Chen_Demography_2018_yAPR","137","analyst_task1_judgment","The results show evidence for opposite relationship/effect as described in the claim provided in your task","multi100_reanalyses.csv",".268","multi100"
"Cingranelli_BritJournPoliSci_2014_qg47","154","analyst_task1_judgment","The results show evidence for the relationship/effect as described in the claim provided in your task","multi100_reanalyses.csv","0.005","multi100"
"LINDQVIST_AmPoliSciRev_2010_OeGv","289","analyst_task1_judgment","The results show evidence for the relationship/effect as described in the claim provided in your task","multi100_reanalyses.csv",".067, .008, .000, and .000","multi100"
"PIETRYKA_AmPoliSciRev_2017_yjkQ","383","analyst_task1_judgment","The results show evidence for the relationship/effect as described in the claim provided in your task","multi100_reanalyses.csv","1.63e-05","multi100"
"Cleave_ExpEco_2013_Njqj","165","analyst_task1_judgment","The results show evidence for the relationship/effect as described in the claim provided in your task","multi100_reanalyses.csv","0.743","multi100"
"Barreca_JournPoliEco_2016_J999","74","analyst_task1_judgment","The results show evidence for the relationship/effect as described in the claim provided in your task","multi100_reanalyses.csv","P < 2e-16","multi100"
"Goerg_JournLabEco_2010_WLpV","228","analyst_task1_judgment","The results show evidence for the relationship/effect as described in the claim provided in your task","multi100_reanalyses.csv",".0805","multi100"
"Grose_AmJourPoliSci_2015_E0Q3","229","analyst_task1_judgment","The results show evidence for the relationship/effect as described in the claim provided in your task","multi100_reanalyses.csv","0.0051","multi100"
"Baillon_Econometrica_2018_QYNq","58","analyst_task1_judgment","The results show evidence for the relationship/effect as described in the claim provided in your task","multi100_reanalyses.csv","0.036","multi100"
"Axt_JournExpSocPsych_2018_zK2","46","analyst_task1_judgment","The results show evidence for the relationship/effect as described in the claim provided in your task","multi100_reanalyses.csv","p=2.2e-16","multi100"
"McDevitt_JournPoliEco_2014_yQeR","330","analyst_task1_judgment","The results show evidence for the relationship/effect as described in the claim provided in your task","multi100_reanalyses.csv","0.0001","multi100"
"Bursztyn_AmEcoRev_2017_VB9K","124","analyst_task1_judgment","The results do not show evidence for or against the relationship/effect as described in the claim provided in your task","multi100_reanalyses.csv","p = .132","multi100"
"Shahar_JournConflictRes_2018_J0Yv","422","analyst_task1_judgment","The results show evidence for the relationship/effect as described in the claim provided in your task","multi100_reanalyses.csv",".000","multi100"
"Mironova_JournExpPoliSci_2014_59Rq","357","analyst_task1_judgment","The results do not show evidence for or against the relationship/effect as described in the claim provided in your task","multi100_reanalyses.csv","< .001","multi100"
"Zunick_JournExpSocPsych_2017_zlw","506","analyst_task1_judgment","The results show evidence for the relationship/effect as described in the claim provided in your task","multi100_reanalyses.csv","0.0087","multi100"
"Brancati_JournConflictRes_2013_V0PA","110","analyst_task1_judgment","The results show evidence for the null-hypothesis","multi100_reanalyses.csv","0.1975","multi100"
"Miller_JournConflictRes_2011_zV1O","352","analyst_task1_judgment","The results show evidence for the relationship/effect as described in the claim provided in your task","multi100_reanalyses.csv","0.061","multi100"
"Linkenauger_PsychologSci_2009_7WjP","305","analyst_task1_judgment","The results show evidence for the relationship/effect as described in the claim provided in your task","multi100_reanalyses.csv","0.031","multi100"
"Gerber_BritJournPoliSci_2018_3WmY","221","analyst_task1_judgment","The results do not show evidence for or against the relationship/effect as described in the claim provided in your task","multi100_reanalyses.csv",".003","multi100"
"Nyhan_JournExpPoliSci_2015_DEqr","367","analyst_task1_judgment","The results show evidence for the relationship/effect as described in the claim provided in your task","multi100_reanalyses.csv","<.001","multi100"
"Lu_JournLabEco_2015_vaWE","315","analyst_task1_judgment","The results show evidence for the relationship/effect as described in the claim provided in your task","multi100_reanalyses.csv","1.096","multi100"
"Kleven_AmEcoRev_2013_Jg9v","269","analyst_task1_judgment","The results show evidence for the relationship/effect as described in the claim provided in your task","multi100_reanalyses.csv","0.5387","multi100"
"Adida_CompPolitStu_2016_G0Kb","9","analyst_task1_judgment","The results show evidence for the relationship/effect as described in the claim provided in your task","multi100_reanalyses.csv",".004","multi100"
"Robertson_BritJournPoliSci_2017_qggQ","410","analyst_task1_judgment","The results show evidence for the relationship/effect as described in the claim provided in your task","multi100_reanalyses.csv","0.001","multi100"
"Clark_JournPoliEco_2009_e5rW","158","analyst_task1_judgment","The results show evidence for the relationship/effect as described in the claim provided in your task","multi100_reanalyses.csv",".001","multi100"
"Cohen_AmEcoRev_2015_2lb5","170","analyst_task1_judgment","The results show evidence for the relationship/effect as described in the claim provided in your task","multi100_reanalyses.csv","3999","multi100"
"Hertel_ClinPsychSci_2018_YabW","241","analyst_task1_judgment","The results show evidence for the relationship/effect as described in the claim provided in your task","multi100_reanalyses.csv",".005","multi100"
"Anderson_AmEcoJourn_2011_bLe8","25","analyst_task1_judgment","The results show evidence for opposite relationship/effect as described in the claim provided in your task","multi100_reanalyses.csv","0.056236","multi100"
"Shahar_JournConflictRes_2018_J0Yv","424","analyst_task1_judgment","The results show evidence for the relationship/effect as described in the claim provided in your task","multi100_reanalyses.csv","2.7209E-13","multi100"
"Andreoni_JournPoliEco_2017_La9x","27","analyst_task1_judgment","The results show evidence for the relationship/effect as described in the claim provided in your task","multi100_reanalyses.csv","0.0002","multi100"
"Chen_Demography_2018_yAPR","142","analyst_task1_judgment","The results show evidence for the null-hypothesis","multi100_reanalyses.csv","0.9955185","multi100"
"PALER_AmPoliSciRev_2013_Pxp7","378","analyst_task1_judgment","The results show evidence for the relationship/effect as described in the claim provided in your task","multi100_reanalyses.csv","0.007","multi100"
"Goerg_JournLabEco_2010_WLpV","223","analyst_task1_judgment","The results show evidence for the relationship/effect as described in the claim provided in your task","multi100_reanalyses.csv","0.03","multi100"
"Behrman_JournPoliEco_2015_G55r","88","analyst_task1_judgment","The results show evidence for the relationship/effect as described in the claim provided in your task","multi100_reanalyses.csv","0.000","multi100"
"Dumas_AcaManageJourn_2018_5KrD","185","analyst_task1_judgment","The results show evidence for the relationship/effect as described in the claim provided in your task","multi100_reanalyses.csv","0.026","multi100"
"Einstein_AmJourPoliSci_2017_mxyQ","190","analyst_task1_judgment","The results do not show evidence for or against the relationship/effect as described in the claim provided in your task","multi100_reanalyses.csv","0.0003437","multi100"
"Fehr_AmEcoRev_2011_gdlO","197","analyst_task1_judgment","The results show evidence for the relationship/effect as described in the claim provided in your task","multi100_reanalyses.csv","0","multi100"
"Cleave_ExpEco_2013_Njqj","161","analyst_task1_judgment","The results show evidence for the relationship/effect as described in the claim provided in your task","multi100_reanalyses.csv","0.00911","multi100"
"Robertson_BritJournPoliSci_2017_qggQ","409","analyst_task1_judgment","The results show evidence for the relationship/effect as described in the claim provided in your task","multi100_reanalyses.csv","<.001","multi100"
"Woltin_JournExpSocPsych_2011_Wre","489","analyst_task1_judgment","The results show evidence for the relationship/effect as described in the claim provided in your task","multi100_reanalyses.csv",".0412","multi100"
"Angrist_AmEcoRev_2009_Gv3O","36","analyst_task1_judgment","The results do not show evidence for or against the relationship/effect as described in the claim provided in your task","multi100_reanalyses.csv","0.381","multi100"
"Altmann_JournLabEco_2012_WLkV","13","analyst_task1_judgment","The results show evidence for the relationship/effect as described in the claim provided in your task","multi100_reanalyses.csv","0.0021","multi100"
"PIETRYKA_AmPoliSciRev_2017_yjkQ","381","analyst_task1_judgment","The results do not show evidence for or against the relationship/effect as described in the claim provided in your task","multi100_reanalyses.csv","0.05","multi100"
"Wang_AmEcoJourn_2013_7d4J","469","analyst_task1_judgment","The results do not show evidence for or against the relationship/effect as described in the claim provided in your task","multi100_reanalyses.csv","0.046","multi100"
"Grose_AmJourPoliSci_2015_E0Q3","230","analyst_task1_judgment","The results show evidence for the relationship/effect as described in the claim provided in your task","multi100_reanalyses.csv","0.077","multi100"
"Robertson_BritJournPoliSci_2017_qggQ","406","analyst_task1_judgment","The results show evidence for the relationship/effect as described in the claim provided in your task","multi100_reanalyses.csv","< .001","multi100"
"ANN_SLOCUM_Criminology_2010_JxXe","5","analyst_task1_judgment","The results show evidence for the relationship/effect as described in the claim provided in your task","multi100_reanalyses.csv","p1 = 0.00000000772; p2 = 0.000000025","multi100"
"Bigoni_Econometrica_2015_VBx1","99","analyst_task1_judgment","The results do not show evidence for or against the relationship/effect as described in the claim provided in your task","multi100_reanalyses.csv","0.009","multi100"
"Baker_WorldPolitics_2011_9lBL","65","analyst_task1_judgment","The results do not show evidence for or against the relationship/effect as described in the claim provided in your task","multi100_reanalyses.csv","0.046","multi100"
"Anderson_AmEcoJourn_2011_bLe8","23","analyst_task1_judgment","The results show evidence for the relationship/effect as described in the claim provided in your task","multi100_reanalyses.csv","0.038","multi100"
"Miller_JournConflictRes_2011_zV1O","350","analyst_task1_judgment","The results show evidence for the relationship/effect as described in the claim provided in your task","multi100_reanalyses.csv","0.00378","multi100"
"Clark_JournPoliEco_2009_e5rW","157","analyst_task1_judgment","The results do not show evidence for or against the relationship/effect as described in the claim provided in your task","multi100_reanalyses.csv","0.002379086","multi100"
"Baccara_AmEcoJourn_2014_RqVE","52","analyst_task1_judgment","The results show evidence for the relationship/effect as described in the claim provided in your task","multi100_reanalyses.csv","0.0000","multi100"
"Clark_JournPoliEco_2009_e5rW","155","analyst_task1_judgment","The results do not show evidence for or against the relationship/effect as described in the claim provided in your task","multi100_reanalyses.csv","0.805","multi100"
"Bigoni_Econometrica_2015_VBx1","98","analyst_task1_judgment","The results show evidence for the relationship/effect as described in the claim provided in your task","multi100_reanalyses.csv","0.0019361","multi100"
"Baccara_AmEcoJourn_2014_RqVE","53","analyst_task1_judgment","The results show evidence for the relationship/effect as described in the claim provided in your task","multi100_reanalyses.csv","< .001","multi100"
"Platt_Boustan_AmEcoJourn_2012_PVQK","401","analyst_task1_judgment","The results do not show evidence for or against the relationship/effect as described in the claim provided in your task","multi100_reanalyses.csv","0.031","multi100"
"Goerg_JournLabEco_2010_WLpV","226","analyst_task1_judgment","The results show evidence for the relationship/effect as described in the claim provided in your task","multi100_reanalyses.csv","0.06936","multi100"
"Hou_ChildDev_2017_YOXl","243","analyst_task1_judgment","The results show evidence for the relationship/effect as described in the claim provided in your task","multi100_reanalyses.csv","0.032","multi100"
"Sliwka_JournLabEco_2017_VDJV","426","analyst_task1_judgment","The results show evidence for the relationship/effect as described in the claim provided in your task","multi100_reanalyses.csv","0.694, 0.384, 0.235","multi100"
"Cohen_AmEcoRev_2015_2lb5","167","analyst_task1_judgment","The results show evidence for the relationship/effect as described in the claim provided in your task","multi100_reanalyses.csv","4.976e-06","multi100"
"Barreca_JournPoliEco_2016_J999","75","analyst_task1_judgment","The results show evidence for the relationship/effect as described in the claim provided in your task","multi100_reanalyses.csv","0.00000000000000001","multi100"
"Christensen_EurJournPersonality_2018_8R9d","149","analyst_task1_judgment","The results do not show evidence for or against the relationship/effect as described in the claim provided in your task","multi100_reanalyses.csv","< .00000001","multi100"
"Wilde_AmSocioRev_2010_4XLv","476","analyst_task1_judgment","The results do not show evidence for or against the relationship/effect as described in the claim provided in your task","multi100_reanalyses.csv","<0.001","multi100"
"Liu_JournMarket_2015_9DZl","310","analyst_task1_judgment","The results show evidence for the relationship/effect as described in the claim provided in your task","multi100_reanalyses.csv",".005","multi100"
"Ihme_JournExpPoliSci_2018_xYbO","261","analyst_task1_judgment","The results show evidence for the relationship/effect as described in the claim provided in your task","multi100_reanalyses.csv","0.030","multi100"
"Fehr_AmEcoRev_2011_gdlO","192","analyst_task1_judgment","The results show evidence for the relationship/effect as described in the claim provided in your task","multi100_reanalyses.csv","0.000","multi100"
"Robertson_BritJournPoliSci_2017_qggQ","408","analyst_task1_judgment","The results show evidence for the relationship/effect as described in the claim provided in your task","multi100_reanalyses.csv","0.02","multi100"
"BATESON_AmPoliSciRev_2012_RYKv","48","analyst_task1_judgment","The results show evidence for the relationship/effect as described in the claim provided in your task","multi100_reanalyses.csv","4.154274e-17","multi100"
"Lu_JournLabEco_2015_vaWE","316","analyst_task1_judgment","The results do not show evidence for or against the relationship/effect as described in the claim provided in your task","multi100_reanalyses.csv",,"multi100"
"Wlezien_CompPolitStu_2017_ByBk","482","analyst_task1_judgment","The results show evidence for the relationship/effect as described in the claim provided in your task","multi100_reanalyses.csv","0.005822","multi100"
"Wlezien_CompPolitStu_2017_ByBk","485","analyst_task1_judgment","The results do not show evidence for or against the relationship/effect as described in the claim provided in your task","multi100_reanalyses.csv","0.0863","multi100"
"Wlezien_CompPolitStu_2017_ByBk","484","analyst_task1_judgment","The results show evidence for the relationship/effect as described in the claim provided in your task","multi100_reanalyses.csv","3.904","multi100"
"Hou_ChildDev_2017_YOXl","245","analyst_task1_judgment","The results do not show evidence for or against the relationship/effect as described in the claim provided in your task","multi100_reanalyses.csv","0.080","multi100"
"Cingranelli_BritJournPoliSci_2014_qg47","152","analyst_task1_judgment","The results show evidence for the relationship/effect as described in the claim provided in your task","multi100_reanalyses.csv","See response 6","multi100"
"Nelson_JournConsRes_2009_eg1q","358","analyst_task1_judgment","The results show evidence for the relationship/effect as described in the claim provided in your task","multi100_reanalyses.csv","0.00997","multi100"
"Bursztyn_JournPoliEco_2012_jaK4","127","analyst_task1_judgment","The results show evidence for the relationship/effect as described in the claim provided in your task","multi100_reanalyses.csv","P>|t| =  0.000","multi100"
"Liang_JournPoliEco_2018_q8xv","299","analyst_task1_judgment","The results show evidence for the null-hypothesis","multi100_reanalyses.csv","0.312","multi100"
"McLaren_WorldPolitics_2012_wRvv","342","analyst_task1_judgment","The results show evidence for the relationship/effect as described in the claim provided in your task","multi100_reanalyses.csv","<.001","multi100"
"TERTYTCHNAYA_AmPoliSciRev_2018_9wya","436","analyst_task1_judgment","The results show evidence for the null-hypothesis","multi100_reanalyses.csv","0.102","multi100"
"Wilfahrt_WorldPolitics_2018_k7wj","480","analyst_task1_judgment","The results do not show evidence for or against the relationship/effect as described in the claim provided in your task","multi100_reanalyses.csv","0.002285889","multi100"
"Jiang_AmJourPoliSci_2018_Rjp9","268","analyst_task1_judgment","The results show evidence for the relationship/effect as described in the claim provided in your task","multi100_reanalyses.csv",,"multi100"
"Sliwka_JournLabEco_2017_VDJV","430","analyst_task1_judgment","The results do not show evidence for or against the relationship/effect as described in the claim provided in your task","multi100_reanalyses.csv","0.647","multi100"
"Turcu_CompPolitStu_2015_YeQg","455","analyst_task1_judgment","The results do not show evidence for or against the relationship/effect as described in the claim provided in your task","multi100_reanalyses.csv","0.000","multi100"
"Wright_JournConflictRes_2016_W0GN","494","analyst_task1_judgment","The results show evidence for the relationship/effect as described in the claim provided in your task","multi100_reanalyses.csv","0.035","multi100"
"Huijts_EurSocioRev_2013_OY3B","252","analyst_task1_judgment","The results do not show evidence for or against the relationship/effect as described in the claim provided in your task","multi100_reanalyses.csv","0.980","multi100"
"Grose_AmJourPoliSci_2015_E0Q3","231","analyst_task1_judgment","The results show evidence for the relationship/effect as described in the claim provided in your task","multi100_reanalyses.csv","0.05737305","multi100"
"Li_JournExpPoliSci_2017_G4mp","294","analyst_task1_judgment","The results show evidence for the relationship/effect as described in the claim provided in your task","multi100_reanalyses.csv","9.623578e-188","multi100"
"Brancati_JournConflictRes_2013_V0PA","107","analyst_task1_judgment","The results do not show evidence for or against the relationship/effect as described in the claim provided in your task","multi100_reanalyses.csv","0.0276","multi100"
"TERTYTCHNAYA_AmPoliSciRev_2018_9wya","439","analyst_task1_judgment","The results show evidence for the relationship/effect as described in the claim provided in your task","multi100_reanalyses.csv","p=0.047","multi100"
"TERTYTCHNAYA_AmPoliSciRev_2018_9wya","437","analyst_task1_judgment","The results show evidence for the relationship/effect as described in the claim provided in your task","multi100_reanalyses.csv",".","multi100"
"BATESON_AmPoliSciRev_2012_RYKv","51","analyst_task1_judgment","The results do not show evidence for or against the relationship/effect as described in the claim provided in your task","multi100_reanalyses.csv","<.0001","multi100"
"Balcells_JournConflictRes_2014_0P4r","67","analyst_task1_judgment","The results show evidence for the relationship/effect as described in the claim provided in your task","multi100_reanalyses.csv","0.012","multi100"
"Caldero_n_JournConflictRes_2015_Nv99","133","analyst_task1_judgment","The results show evidence for the relationship/effect as described in the claim provided in your task","multi100_reanalyses.csv","7.58e-5 (DTO-realated violence) | 2.25e-3 (violence against the general population)","multi100"
"Balcells_JournConflictRes_2014_0P4r","68","analyst_task1_judgment","The results show evidence for the relationship/effect as described in the claim provided in your task","multi100_reanalyses.csv","0.002","multi100"
"Mironova_JournExpPoliSci_2014_59Rq","355","analyst_task1_judgment","The results do not show evidence for or against the relationship/effect as described in the claim provided in your task","multi100_reanalyses.csv",".0000416","multi100"
"Yoo_PsychologSci_2017_BebG","504","analyst_task1_judgment","The results show evidence for the relationship/effect as described in the claim provided in your task","multi100_reanalyses.csv","0.01205349","multi100"
"McKibben_AmJourPoliSci_2013_P8az","333","analyst_task1_judgment","The results show evidence for the relationship/effect as described in the claim provided in your task","multi100_reanalyses.csv","0.000000000000000222","multi100"
"Sliwka_JournLabEco_2017_VDJV","429","analyst_task1_judgment","The results show evidence for the null-hypothesis","multi100_reanalyses.csv","4.942","multi100"
"Wilfahrt_WorldPolitics_2018_k7wj","479","analyst_task1_judgment","The results do not show evidence for or against the relationship/effect as described in the claim provided in your task","multi100_reanalyses.csv","0.137","multi100"
"Hertel_ClinPsychSci_2018_YabW","238","analyst_task1_judgment","The results show evidence for the relationship/effect as described in the claim provided in your task","multi100_reanalyses.csv","0.2598","multi100"
"Kucik_BritJournPoliSci_2016_L22B","280","analyst_task1_judgment","The results show evidence for the relationship/effect as described in the claim provided in your task","multi100_reanalyses.csv","0.0210352","multi100"
"Wang_AmEcoJourn_2013_7d4J","468","analyst_task1_judgment","The results show evidence for the relationship/effect as described in the claim provided in your task","multi100_reanalyses.csv","0.102","multi100"
"Yoo_PsychologSci_2017_BebG","503","analyst_task1_judgment","The results show evidence for the relationship/effect as described in the claim provided in your task","multi100_reanalyses.csv","0.3302","multi100"
"Wilde_AmSocioRev_2010_4XLv","474","analyst_task1_judgment","The results show evidence for the null-hypothesis","multi100_reanalyses.csv","<0.001","multi100"
"Hurst_EvoHumanBehavior_2017_yypJ","254","analyst_task1_judgment","The results show evidence for the relationship/effect as described in the claim provided in your task","multi100_reanalyses.csv",".001","multi100"
"Li_JournExpPoliSci_2017_G4mp","295","analyst_task1_judgment","The results show evidence for opposite relationship/effect as described in the claim provided in your task","multi100_reanalyses.csv","1.195e-36 (<0.001)","multi100"
"Grose_AmJourPoliSci_2015_E0Q3","233","analyst_task1_judgment","The results show evidence for opposite relationship/effect as described in the claim provided in your task","multi100_reanalyses.csv","0.0771","multi100"
"Usmani_AmJournSocio_2018_GJe4","456","analyst_task1_judgment","The results show evidence for the relationship/effect as described in the claim provided in your task","multi100_reanalyses.csv","0.001","multi100"
"Fitzgerald_SocialForces_2018_4q0L","201","analyst_task1_judgment","The results show evidence for the null-hypothesis","multi100_reanalyses.csv","0.333","multi100"
"Andreoni_JournPoliEco_2017_La9x","30","analyst_task1_judgment","The results show evidence for the relationship/effect as described in the claim provided in your task","multi100_reanalyses.csv","0.000349","multi100"
"Wright_JournConflictRes_2016_W0GN","495","analyst_task1_judgment","The results do not show evidence for or against the relationship/effect as described in the claim provided in your task","multi100_reanalyses.csv","0.872","multi100"
"Turcu_CompPolitStu_2015_YeQg","451","analyst_task1_judgment","The results show evidence for the relationship/effect as described in the claim provided in your task","multi100_reanalyses.csv","0.039","multi100"
"Baillon_Econometrica_2018_QYNq","57","analyst_task1_judgment","The results show evidence for the relationship/effect as described in the claim provided in your task","multi100_reanalyses.csv","0.04275","multi100"
"Usmani_AmJournSocio_2018_GJe4","457","analyst_task1_judgment","The results show evidence for the relationship/effect as described in the claim provided in your task","multi100_reanalyses.csv","0.050","multi100"
"Sliwka_JournLabEco_2017_VDJV","427","analyst_task1_judgment","The results show evidence for the null-hypothesis","multi100_reanalyses.csv","0.274","multi100"
"Cingranelli_BritJournPoliSci_2014_qg47","150","analyst_task1_judgment","The results show evidence for the relationship/effect as described in the claim provided in your task","multi100_reanalyses.csv","0.00008775277405","multi100"
"Antràs_Econometrica_2013_a2Yx","37","analyst_task1_judgment","The results do not show evidence for or against the relationship/effect as described in the claim provided in your task","multi100_reanalyses.csv","0.9373842","multi100"
"Usmani_AmJournSocio_2018_GJe4","458","analyst_task1_judgment","The results show evidence for the relationship/effect as described in the claim provided in your task","multi100_reanalyses.csv","0.003","multi100"
"TERTYTCHNAYA_AmPoliSciRev_2018_9wya","440","analyst_task1_judgment","The results show evidence for the null-hypothesis","multi100_reanalyses.csv","0.442","multi100"
"Nyhan_JournExpPoliSci_2015_DEqr","364","analyst_task1_judgment","The results show evidence for the relationship/effect as described in the claim provided in your task","multi100_reanalyses.csv","5.123e-07","multi100"
"Platt_Boustan_AmEcoJourn_2012_PVQK","396","analyst_task1_judgment","The results do not show evidence for or against the relationship/effect as described in the claim provided in your task","multi100_reanalyses.csv","0.073","multi100"
"McKibben_AmJourPoliSci_2013_P8az","337","analyst_task1_judgment","The results show evidence for the relationship/effect as described in the claim provided in your task","multi100_reanalyses.csv","< 2.22e-16","multi100"
"Kucik_BritJournPoliSci_2016_L22B","278","analyst_task1_judgment","The results show evidence for the relationship/effect as described in the claim provided in your task","multi100_reanalyses.csv","<0.001","multi100"
"Bursztyn_JournPoliEco_2012_jaK4","128","analyst_task1_judgment","The results show evidence for the relationship/effect as described in the claim provided in your task","multi100_reanalyses.csv","0.000166","multi100"
"Altmann_JournLabEco_2012_WLkV","12","analyst_task1_judgment","The results show evidence for the relationship/effect as described in the claim provided in your task","multi100_reanalyses.csv","0.0112","multi100"
"Fitzgerald_SocialForces_2018_4q0L","200","analyst_task1_judgment","The results show evidence for the relationship/effect as described in the claim provided in your task","multi100_reanalyses.csv","0.0000","multi100"
"Caldero_n_JournConflictRes_2015_Nv99","131","analyst_task1_judgment","The results show evidence for the relationship/effect as described in the claim provided in your task","multi100_reanalyses.csv","0.053","multi100"
"GROSSMAN_AmPoliSciRev_2014_LyWB","208","analyst_task1_judgment","The results show evidence for the relationship/effect as described in the claim provided in your task","multi100_reanalyses.csv","6.35481e-05","multi100"
"Alves_PsychologSci_2018_AvOr","16","analyst_task1_judgment","The results do not show evidence for or against the relationship/effect as described in the claim provided in your task","multi100_reanalyses.csv","0.000598","multi100"
"Caldero_n_JournConflictRes_2015_Nv99","134","analyst_task1_judgment","The results show evidence for the relationship/effect as described in the claim provided in your task","multi100_reanalyses.csv","0.0328","multi100"
"Angrist_AmEcoRev_2009_Gv3O","31","analyst_task1_judgment","The results do not show evidence for or against the relationship/effect as described in the claim provided in your task","multi100_reanalyses.csv","0.0007538","multi100"
"Fitzgerald_SocialForces_2018_4q0L","199","analyst_task1_judgment","The results show evidence for the relationship/effect as described in the claim provided in your task","multi100_reanalyses.csv","0.0001883","multi100"
"Turcu_CompPolitStu_2015_YeQg","454","analyst_task1_judgment","The results show evidence for the relationship/effect as described in the claim provided in your task","multi100_reanalyses.csv","0.000","multi100"
"Wilfahrt_WorldPolitics_2018_k7wj","478","analyst_task1_judgment","The results show evidence for the relationship/effect as described in the claim provided in your task","multi100_reanalyses.csv","8.71e-10, 0.024","multi100"
"Kucik_BritJournPoliSci_2016_L22B","281","analyst_task1_judgment","The results show evidence for the relationship/effect as described in the claim provided in your task","multi100_reanalyses.csv","0.00012","multi100"
"Gerber_BritJournPoliSci_2018_3WmY","218","analyst_task1_judgment","The results show evidence for the relationship/effect as described in the claim provided in your task","multi100_reanalyses.csv","0.003","multi100"
"Gartzke_JournConflictRes_2009_rym8","214","analyst_task1_judgment","The results do not show evidence for or against the relationship/effect as described in the claim provided in your task","multi100_reanalyses.csv","0.000","multi100"
"Jiang_AmJourPoliSci_2018_Rjp9","267","analyst_task1_judgment","The results show evidence for the relationship/effect as described in the claim provided in your task","multi100_reanalyses.csv","0.456","multi100"
"Chen_Demography_2018_yAPR","139","analyst_task1_judgment","The results do not show evidence for or against the relationship/effect as described in the claim provided in your task","multi100_reanalyses.csv",".001","multi100"
"Chen_Demography_2018_yAPR","136","analyst_task1_judgment","The results show evidence for the relationship/effect as described in the claim provided in your task","multi100_reanalyses.csv","0.000004346","multi100"
"Kleven_AmEcoRev_2013_Jg9v","271","analyst_task1_judgment","The results show evidence for the null-hypothesis","multi100_reanalyses.csv","0.615","multi100"
"Menaldo_AmJourPoliSci_2016_Vx4e","345","analyst_task1_judgment","The results do not show evidence for or against the relationship/effect as described in the claim provided in your task","multi100_reanalyses.csv","0.344","multi100"
"Wright_JournConflictRes_2016_W0GN","493","analyst_task1_judgment","The results show evidence for the relationship/effect as described in the claim provided in your task","multi100_reanalyses.csv","0.00338","multi100"
"Andreoni_JournPoliEco_2017_La9x","29","analyst_task1_judgment","The results show evidence for the relationship/effect as described in the claim provided in your task","multi100_reanalyses.csv","p < 0.000","multi100"
"Hendricks_QuartJournEco_2018_wNKW","234","analyst_task1_judgment","The results show evidence for the null-hypothesis","multi100_reanalyses.csv","0.759","multi100"
"Clark_JournPoliEco_2009_e5rW","156","analyst_task1_judgment","The results show evidence for the relationship/effect as described in the claim provided in your task","multi100_reanalyses.csv",".0007","multi100"
"McLaren_WorldPolitics_2012_wRvv","340","analyst_task1_judgment","The results show evidence for the relationship/effect as described in the claim provided in your task","multi100_reanalyses.csv",".001","multi100"
"Thames_CompPolitStu_2010_l22v","449","analyst_task1_judgment","The results do not show evidence for or against the relationship/effect as described in the claim provided in your task","multi100_reanalyses.csv","0.011958","multi100"
"McKibben_AmJourPoliSci_2013_P8az","334","analyst_task1_judgment","The results show evidence for the relationship/effect as described in the claim provided in your task","multi100_reanalyses.csv","= .001","multi100"
"Waller_JournMarFam_2014_AXBY","462","analyst_task1_judgment","The results show evidence for the relationship/effect as described in the claim provided in your task","multi100_reanalyses.csv",".017","multi100"
"Luttrell_JournExpSocPsych_2016_rjb","319","analyst_task1_judgment","The results do not show evidence for or against the relationship/effect as described in the claim provided in your task","multi100_reanalyses.csv","0.059","multi100"
"Dumas_AcaManageJourn_2018_5KrD","183","analyst_task1_judgment","The results show evidence for the relationship/effect as described in the claim provided in your task","multi100_reanalyses.csv","0.019","multi100"
"Liang_JournPoliEco_2018_q8xv","300","analyst_task1_judgment","The results show evidence for the relationship/effect as described in the claim provided in your task","multi100_reanalyses.csv","5.219e-27","multi100"
"Behrman_JournPoliEco_2015_G55r","89","analyst_task1_judgment","The results show evidence for the relationship/effect as described in the claim provided in your task","multi100_reanalyses.csv","4.8 *10^-5","multi100"
"Cingranelli_BritJournPoliSci_2014_qg47","151","analyst_task1_judgment","The results show evidence for the relationship/effect as described in the claim provided in your task","multi100_reanalyses.csv","0.029","multi100"
"LINDQVIST_AmPoliSciRev_2010_OeGv","290","analyst_task1_judgment","The results show evidence for the relationship/effect as described in the claim provided in your task","multi100_reanalyses.csv","0.008","multi100"
"Miller_JournConflictRes_2011_zV1O","351","analyst_task1_judgment","The results do not show evidence for or against the relationship/effect as described in the claim provided in your task","multi100_reanalyses.csv","0.1559","multi100"
"Fuhrmann_JournConflictRes_2010_8Wy0","202","analyst_task1_judgment","The results show evidence for the relationship/effect as described in the claim provided in your task","multi100_reanalyses.csv","2.55e-07","multi100"
"Menaldo_AmJourPoliSci_2016_Vx4e","346","analyst_task1_judgment","The results show evidence for the relationship/effect as described in the claim provided in your task","multi100_reanalyses.csv","0.1813636","multi100"
"Li_JournExpPoliSci_2017_G4mp","293","analyst_task1_judgment","The results show evidence for the relationship/effect as described in the claim provided in your task","multi100_reanalyses.csv","<0.001","multi100"
"Menaldo_AmJourPoliSci_2016_Vx4e","344","analyst_task1_judgment","The results show evidence for the null-hypothesis","multi100_reanalyses.csv","0.000","multi100"
"Menaldo_AmJourPoliSci_2016_Vx4e","343","analyst_task1_judgment","The results do not show evidence for or against the relationship/effect as described in the claim provided in your task","multi100_reanalyses.csv","0.636","multi100"
"Lu_JournLabEco_2015_vaWE","314","analyst_task1_judgment","The results do not show evidence for or against the relationship/effect as described in the claim provided in your task","multi100_reanalyses.csv",".006","multi100"
"ANN_SLOCUM_Criminology_2010_JxXe","1","analyst_task1_judgment","The results show evidence for the relationship/effect as described in the claim provided in your task","multi100_reanalyses.csv","0.000000002010022","multi100"
"GROSSMAN_AmPoliSciRev_2014_LyWB","211","analyst_task1_judgment","The results show evidence for the relationship/effect as described in the claim provided in your task","multi100_reanalyses.csv","0.527","multi100"
"Fuhrmann_JournConflictRes_2010_8Wy0","203","analyst_task1_judgment","The results show evidence for the relationship/effect as described in the claim provided in your task","multi100_reanalyses.csv","0.003","multi100"
"Platt_Boustan_AmEcoJourn_2012_PVQK","399","analyst_task1_judgment","The results do not show evidence for or against the relationship/effect as described in the claim provided in your task","multi100_reanalyses.csv","0.466","multi100"
"Behrman_JournPoliEco_2015_G55r","86","analyst_task1_judgment","The results show evidence for the relationship/effect as described in the claim provided in your task","multi100_reanalyses.csv","0.0115","multi100"
"Brancati_JournConflictRes_2013_V0PA","106","analyst_task1_judgment","The results do not show evidence for or against the relationship/effect as described in the claim provided in your task","multi100_reanalyses.csv","0.755","multi100"
"Baccara_AmEcoJourn_2014_RqVE","56","analyst_task1_judgment","The results show evidence for the relationship/effect as described in the claim provided in your task","multi100_reanalyses.csv","1.090539e-21","multi100"
"Luttrell_JournExpSocPsych_2016_rjb","318","analyst_task1_judgment","The results show evidence for the relationship/effect as described in the claim provided in your task","multi100_reanalyses.csv","0.009","multi100"
"TERTYTCHNAYA_AmPoliSciRev_2018_9wya","438","analyst_task1_judgment","The results show evidence for the relationship/effect as described in the claim provided in your task","multi100_reanalyses.csv",".069","multi100"
"Turcu_CompPolitStu_2015_YeQg","453","analyst_task1_judgment","The results show evidence for the relationship/effect as described in the claim provided in your task","multi100_reanalyses.csv","0.04094","multi100"
"Desmond_Demography_2015_qQ9Z","178","analyst_task1_judgment","The results do not show evidence for or against the relationship/effect as described in the claim provided in your task","multi100_reanalyses.csv","0.524","multi100"
"Wilfahrt_WorldPolitics_2018_k7wj","481","analyst_task1_judgment","The results show evidence for the relationship/effect as described in the claim provided in your task","multi100_reanalyses.csv","1.578758e-06","multi100"
"Wlezien_CompPolitStu_2017_ByBk","486","analyst_task1_judgment","The results do not show evidence for or against the relationship/effect as described in the claim provided in your task","multi100_reanalyses.csv","0.546","multi100"
"Bursztyn_AmEcoRev_2017_VB9K","125","analyst_task1_judgment","The results show evidence for the relationship/effect as described in the claim provided in your task","multi100_reanalyses.csv","0.003","multi100"
"Ohtsubo_EvoHumanBehavior_2014_zlm2","373","analyst_task1_judgment","The results show evidence for the relationship/effect as described in the claim provided in your task","multi100_reanalyses.csv","0.000672","multi100"
"McKibben_AmJourPoliSci_2013_P8az","336","analyst_task1_judgment","The results show evidence for the relationship/effect as described in the claim provided in your task","multi100_reanalyses.csv","<.001","multi100"
"Balcells_JournConflictRes_2014_0P4r","70","analyst_task1_judgment","The results show evidence for the relationship/effect as described in the claim provided in your task","multi100_reanalyses.csv","0.000132","multi100"
"Bingham Powell_CompPolitStu_2009_0PZl","105","analyst_task1_judgment","The results show evidence for the null-hypothesis","multi100_reanalyses.csv","0.05","multi100"
"Kuo_Demography_2016_JWzJ","284","analyst_task1_judgment","The results show evidence for the relationship/effect as described in the claim provided in your task","multi100_reanalyses.csv","0.03713","multi100"
"Wang_AmEcoJourn_2013_7d4J","470","analyst_task1_judgment","The results show evidence for the relationship/effect as described in the claim provided in your task","multi100_reanalyses.csv","0.148","multi100"
"Antràs_Econometrica_2013_a2Yx","40","analyst_task1_judgment","The results show evidence for the relationship/effect as described in the claim provided in your task","multi100_reanalyses.csv","0.89","multi100"
"Menaldo_AmJourPoliSci_2016_Vx4e","347","analyst_task1_judgment","The results show evidence for the relationship/effect as described in the claim provided in your task","multi100_reanalyses.csv","0.000000000000001548","multi100"
"Ohtsubo_EvoHumanBehavior_2014_zlm2","369","analyst_task1_judgment","The results show evidence for the relationship/effect as described in the claim provided in your task","multi100_reanalyses.csv","8.586e-05","multi100"
"Cohen_AmEcoRev_2015_2lb5","169","analyst_task1_judgment","The results show evidence for the relationship/effect as described in the claim provided in your task","multi100_reanalyses.csv","3.1e-13","multi100"
"Alves_PsychologSci_2018_AvOr","17","analyst_task1_judgment","The results show evidence for the relationship/effect as described in the claim provided in your task","multi100_reanalyses.csv","0.0017","multi100"
"McKibben_AmJourPoliSci_2013_P8az","335","analyst_task1_judgment","The results show evidence for the relationship/effect as described in the claim provided in your task","multi100_reanalyses.csv","main model: p<0.01, individual main coefficients: p<0.01, p=0.01, p=0.02. Control variable coefficient: p=0.37","multi100"
"Brough_JournConsRes_2016_9ey","112","analyst_task1_judgment","The results show evidence for the relationship/effect as described in the claim provided in your task","multi100_reanalyses.csv","p = 3.327×10-10","multi100"
"GROSSMAN_AmPoliSciRev_2014_LyWB","212","analyst_task1_judgment","The results show evidence for the relationship/effect as described in the claim provided in your task","multi100_reanalyses.csv","<.001","multi100"
"Marshall_BritJournPoliSci_2015_GOYb","325","analyst_task1_judgment","The results show evidence for the relationship/effect as described in the claim provided in your task","multi100_reanalyses.csv","logfdistock p = 0.04411, logfdiflow p = 0.38739, logeaportequ p = 0.00372, logtrade p = 0.09370","multi100"
"Baccara_AmEcoJourn_2014_RqVE","55","analyst_task1_judgment","The results show evidence for the relationship/effect as described in the claim provided in your task","multi100_reanalyses.csv","< .001","multi100"
"Yoo_PsychologSci_2017_BebG","501","analyst_task1_judgment","The results show evidence for the relationship/effect as described in the claim provided in your task","multi100_reanalyses.csv","<0.001, 0.285","multi100"
"Bigoni_Econometrica_2015_VBx1","97","analyst_task1_judgment","The results show evidence for the relationship/effect as described in the claim provided in your task","multi100_reanalyses.csv","0.001","multi100"
"Bingham Powell_CompPolitStu_2009_0PZl","100","analyst_task1_judgment","The results show evidence for opposite relationship/effect as described in the claim provided in your task","multi100_reanalyses.csv","0.0000000000000001","multi100"
"Robertson_BritJournPoliSci_2017_qggQ","407","analyst_task1_judgment","The results show evidence for the relationship/effect as described in the claim provided in your task","multi100_reanalyses.csv","0.021","multi100"
"Huijts_EurSocioRev_2013_OY3B","250","analyst_task1_judgment","The results show evidence for the relationship/effect as described in the claim provided in your task","multi100_reanalyses.csv","0.115","multi100"
"Thames_CompPolitStu_2010_l22v","448","analyst_task1_judgment","The results do not show evidence for or against the relationship/effect as described in the claim provided in your task","multi100_reanalyses.csv","0.0819","multi100"
"Wright_JournConflictRes_2016_W0GN","492","analyst_task1_judgment","The results show evidence for the relationship/effect as described in the claim provided in your task","multi100_reanalyses.csv",".0004857","multi100"
"LINDQVIST_AmPoliSciRev_2010_OeGv","292","analyst_task1_judgment","The results do not show evidence for or against the relationship/effect as described in the claim provided in your task","multi100_reanalyses.csv","0.0002","multi100"
"Turcu_CompPolitStu_2015_YeQg","452","analyst_task1_judgment","The results show evidence for the relationship/effect as described in the claim provided in your task","multi100_reanalyses.csv",".033","multi100"
"Waller_JournMarFam_2014_AXBY","464","analyst_task1_judgment","The results do not show evidence for or against the relationship/effect as described in the claim provided in your task","multi100_reanalyses.csv","0.61950","multi100"
"Jiang_AmJourPoliSci_2018_Rjp9","265","analyst_task1_judgment","The results show evidence for the relationship/effect as described in the claim provided in your task","multi100_reanalyses.csv",".045","multi100"
"Kuo_Demography_2016_JWzJ","286","analyst_task1_judgment","The results show evidence for opposite relationship/effect as described in the claim provided in your task","multi100_reanalyses.csv","<.001","multi100"
"Huijts_EurSocioRev_2013_OY3B","248","analyst_task1_judgment","The results show evidence for the relationship/effect as described in the claim provided in your task","multi100_reanalyses.csv","0.00000000000000022","multi100"
"Baker_WorldPolitics_2011_9lBL","63","analyst_task1_judgment","The results show evidence for the relationship/effect as described in the claim provided in your task","multi100_reanalyses.csv","0.0000248","multi100"
"BATESON_AmPoliSciRev_2012_RYKv","50","analyst_task1_judgment","The results do not show evidence for or against the relationship/effect as described in the claim provided in your task","multi100_reanalyses.csv",".061","multi100"
"Rovny_WorldPolitics_2014_AQgj","414","analyst_task1_judgment","The results show evidence for the relationship/effect as described in the claim provided in your task","multi100_reanalyses.csv","p < .001","multi100"
"PIETRYKA_AmPoliSciRev_2017_yjkQ","380","analyst_task1_judgment","The results show evidence for the relationship/effect as described in the claim provided in your task","multi100_reanalyses.csv","1.563e-06","multi100"
"Barreca_JournPoliEco_2016_J999","71","analyst_task1_judgment","The results show evidence for the relationship/effect as described in the claim provided in your task","multi100_reanalyses.csv","< 2.2e-16","multi100"
"Desmond_Demography_2015_qQ9Z","177","analyst_task1_judgment","The results show evidence for the relationship/effect as described in the claim provided in your task","multi100_reanalyses.csv",".01321","multi100"
"Liang_JournPoliEco_2018_q8xv","298","analyst_task1_judgment","The results show evidence for the relationship/effect as described in the claim provided in your task","multi100_reanalyses.csv",".001","multi100"
"Fehr_AmEcoRev_2011_gdlO","194","analyst_task1_judgment","The results show evidence for the relationship/effect as described in the claim provided in your task","multi100_reanalyses.csv","0.000","multi100"
"Gartzke_JournConflictRes_2009_rym8","213","analyst_task1_judgment","The results show evidence for the relationship/effect as described in the claim provided in your task","multi100_reanalyses.csv","5.42e-14","multi100"
"Fitzgerald_SocialForces_2018_4q0L","198","analyst_task1_judgment","The results show evidence for the relationship/effect as described in the claim provided in your task","multi100_reanalyses.csv","2.2e-16","multi100"
"Yoo_PsychologSci_2017_BebG","502","analyst_task1_judgment","The results do not show evidence for or against the relationship/effect as described in the claim provided in your task","multi100_reanalyses.csv","0.536","multi100"
"Platt_Boustan_AmEcoJourn_2012_PVQK","397","analyst_task1_judgment","The results show evidence for the relationship/effect as described in the claim provided in your task","multi100_reanalyses.csv","0.012","multi100"
"Antràs_Econometrica_2013_a2Yx","38","analyst_task1_judgment","The results do not show evidence for or against the relationship/effect as described in the claim provided in your task","multi100_reanalyses.csv","0.052","multi100"
"Teney_EurSocioRev_2016_qXX2","442","analyst_task1_judgment","The results show evidence for the relationship/effect as described in the claim provided in your task","multi100_reanalyses.csv","0.00015","multi100"
"Thames_CompPolitStu_2010_l22v","446","analyst_task1_judgment","The results show evidence for the relationship/effect as described in the claim provided in your task","multi100_reanalyses.csv","0.338","multi100"
"Waller_JournMarFam_2014_AXBY","465","analyst_task1_judgment","The results do not show evidence for or against the relationship/effect as described in the claim provided in your task","multi100_reanalyses.csv","0.212","multi100"
"Antràs_Econometrica_2013_a2Yx","39","analyst_task1_judgment","The results show evidence for the relationship/effect as described in the claim provided in your task","multi100_reanalyses.csv","0.005","multi100"
"McLaren_WorldPolitics_2012_wRvv","341","analyst_task1_judgment","The results show evidence for the relationship/effect as described in the claim provided in your task","multi100_reanalyses.csv","0.000","multi100"
"Bartels_JournConsRes_2015_mrZ","80","analyst_task1_judgment","The results show evidence for the relationship/effect as described in the claim provided in your task","multi100_reanalyses.csv",".007024","multi100"
"Fuhrmann_JournConflictRes_2010_8Wy0","207","analyst_task1_judgment","The results show evidence for the relationship/effect as described in the claim provided in your task","multi100_reanalyses.csv","0.011","multi100"
"Kuo_Demography_2016_JWzJ","282","analyst_task1_judgment","The results show evidence for the relationship/effect as described in the claim provided in your task","multi100_reanalyses.csv","0.000000516","multi100"
"LINDQVIST_AmPoliSciRev_2010_OeGv","287","analyst_task1_judgment","The results show evidence for the relationship/effect as described in the claim provided in your task","multi100_reanalyses.csv","p<0.01","multi100"
"Fuhrmann_JournConflictRes_2010_8Wy0","204","analyst_task1_judgment","The results show evidence for the relationship/effect as described in the claim provided in your task","multi100_reanalyses.csv","8.949508e-13","multi100"
"Ohtsubo_EvoHumanBehavior_2014_zlm2","368","analyst_task1_judgment","The results show evidence for the relationship/effect as described in the claim provided in your task","multi100_reanalyses.csv","< 0.001","multi100"
"McLaren_WorldPolitics_2012_wRvv","338","analyst_task1_judgment","The results show evidence for the relationship/effect as described in the claim provided in your task","multi100_reanalyses.csv","0.001","multi100"
"Fehr_AmEcoRev_2011_gdlO","195","analyst_task1_judgment","The results show evidence for the relationship/effect as described in the claim provided in your task","multi100_reanalyses.csv","0.001","multi100"
"Caldero_n_JournConflictRes_2015_Nv99","135","analyst_task1_judgment","The results do not show evidence for or against the relationship/effect as described in the claim provided in your task","multi100_reanalyses.csv","0.398","multi100"
"Goerg_JournLabEco_2010_WLpV","225","analyst_task1_judgment","The results show evidence for the relationship/effect as described in the claim provided in your task","multi100_reanalyses.csv","0.001","multi100"
"Benjamin_AmEcoRev_2010_WaYe","91","analyst_task1_judgment","The results show evidence for the relationship/effect as described in the claim provided in your task","multi100_reanalyses.csv","29.732","multi100"
"Marshall_BritJournPoliSci_2015_GOYb","322","analyst_task1_judgment","The results show evidence for the relationship/effect as described in the claim provided in your task","multi100_reanalyses.csv","0.001","multi100"
"Marshall_BritJournPoliSci_2015_GOYb","326","analyst_task1_judgment","The results do not show evidence for or against the relationship/effect as described in the claim provided in your task","multi100_reanalyses.csv",".413","multi100"
"Bingham Powell_CompPolitStu_2009_0PZl","103","analyst_task1_judgment","The results do not show evidence for or against the relationship/effect as described in the claim provided in your task","multi100_reanalyses.csv","0.901","multi100"
"Kuo_Demography_2016_JWzJ","283","analyst_task1_judgment","The results show evidence for opposite relationship/effect as described in the claim provided in your task","multi100_reanalyses.csv","p = 1","multi100"
"Caldero_n_JournConflictRes_2015_Nv99","132","analyst_task1_judgment","The results show evidence for the relationship/effect as described in the claim provided in your task","multi100_reanalyses.csv","0.016","multi100"
"Huijts_EurSocioRev_2013_OY3B","253","analyst_task1_judgment","The results show evidence for the relationship/effect as described in the claim provided in your task","multi100_reanalyses.csv",".188","multi100"
"Barreca_JournPoliEco_2016_J999","73","analyst_task1_judgment","The results show evidence for the relationship/effect as described in the claim provided in your task","multi100_reanalyses.csv","< .001","multi100"
"Bingham Powell_CompPolitStu_2009_0PZl","101","analyst_task1_judgment","The results do not show evidence for or against the relationship/effect as described in the claim provided in your task","multi100_reanalyses.csv","0.00000000892","multi100"
"PIETRYKA_AmPoliSciRev_2017_yjkQ","385","analyst_task1_judgment","The results show evidence for the relationship/effect as described in the claim provided in your task","multi100_reanalyses.csv","0.00000885","multi100"
"LINDQVIST_AmPoliSciRev_2010_OeGv","288","analyst_task1_judgment","The results show evidence for the relationship/effect as described in the claim provided in your task","multi100_reanalyses.csv","0,001","multi100"
"Ohtsubo_EvoHumanBehavior_2014_zlm2","372","analyst_task1_judgment","The results show evidence for the relationship/effect as described in the claim provided in your task","multi100_reanalyses.csv","0.00008414","multi100"
"Huijts_EurSocioRev_2013_OY3B","249","analyst_task1_judgment","The results show evidence for the relationship/effect as described in the claim provided in your task","multi100_reanalyses.csv","0.008","multi100"
"Brancati_JournConflictRes_2013_V0PA","108","analyst_task1_judgment","The results do not show evidence for or against the relationship/effect as described in the claim provided in your task","multi100_reanalyses.csv",".","multi100"
"Clark_JournPoliEco_2009_e5rW","159","analyst_task1_judgment","The results show evidence for the relationship/effect as described in the claim provided in your task","multi100_reanalyses.csv","0.000411","multi100"
"Dahl_AmEcoRev_2012_VRKK","174","analyst_task1_judgment","The results show evidence for the relationship/effect as described in the claim provided in your task","multi100_reanalyses.csv","0.000","multi100"
"Gartzke_JournConflictRes_2009_rym8","215","analyst_task1_judgment","The results show evidence for the relationship/effect as described in the claim provided in your task","multi100_reanalyses.csv","9.592084e-10","multi100"
"Baker_WorldPolitics_2011_9lBL","64","analyst_task1_judgment","The results show evidence for the null-hypothesis","multi100_reanalyses.csv","0.413","multi100"
"Ohtsubo_EvoHumanBehavior_2014_zlm2","371","analyst_task1_judgment","The results show evidence for the relationship/effect as described in the claim provided in your task","multi100_reanalyses.csv","p<0.001","multi100"
"Angrist_AmEcoRev_2009_Gv3O","35","analyst_task1_judgment","The results show evidence for the relationship/effect as described in the claim provided in your task","multi100_reanalyses.csv",".18","multi100"
"Cingranelli_BritJournPoliSci_2014_qg47","153","analyst_task1_judgment","The results show evidence for the relationship/effect as described in the claim provided in your task","multi100_reanalyses.csv","0.4320","multi100"
"PALER_AmPoliSciRev_2013_Pxp7","377","analyst_task1_judgment","The results show evidence for the relationship/effect as described in the claim provided in your task","multi100_reanalyses.csv","0.0288","multi100"
"Desmond_Demography_2015_qQ9Z","176","analyst_task1_judgment","The results show evidence for the relationship/effect as described in the claim provided in your task","multi100_reanalyses.csv","0.0066","multi100"
"Teney_EurSocioRev_2016_qXX2","443","analyst_task1_judgment","The results show evidence for the relationship/effect as described in the claim provided in your task","multi100_reanalyses.csv",".0000000277","multi100"
"Waller_JournMarFam_2014_AXBY","466","analyst_task1_judgment","The results show evidence for the relationship/effect as described in the claim provided in your task","multi100_reanalyses.csv","0.006","multi100"
"Marshall_BritJournPoliSci_2015_GOYb","323","analyst_task1_judgment","The results do not show evidence for or against the relationship/effect as described in the claim provided in your task","multi100_reanalyses.csv",,"multi100"
"Huijts_EurSocioRev_2013_OY3B","251","analyst_task1_judgment","The results show evidence for the relationship/effect as described in the claim provided in your task","multi100_reanalyses.csv","0.004","multi100"
"Ku_JournEnvPsych_2014_YpZZ","277","analyst_task1_judgment","The results show evidence for the relationship/effect as described in the claim provided in your task","multi100_reanalyses.csv","0.00000005174","multi100"
"Dahl_AmEcoRev_2012_VRKK","171","analyst_task1_judgment","The results do not show evidence for or against the relationship/effect as described in the claim provided in your task","multi100_reanalyses.csv","999999999","multi100"
"Baccara_AmEcoJourn_2014_RqVE","54","analyst_task1_judgment","The results show evidence for the relationship/effect as described in the claim provided in your task","multi100_reanalyses.csv","N.A.","multi100"
"McLaren_WorldPolitics_2012_wRvv","339","analyst_task1_judgment","The results show evidence for the relationship/effect as described in the claim provided in your task","multi100_reanalyses.csv","0.000","multi100"
"Nyhan_JournExpPoliSci_2015_DEqr","363","analyst_task1_judgment","The results show evidence for the relationship/effect as described in the claim provided in your task","multi100_reanalyses.csv","0.000002161","multi100"
"Chen_Demography_2018_yAPR","141","analyst_task1_judgment","The results do not show evidence for or against the relationship/effect as described in the claim provided in your task","multi100_reanalyses.csv","I based my conclusion on p-value and effect size. Pvalue = 0.17","multi100"
"Mironova_JournExpPoliSci_2014_59Rq","356","analyst_task1_judgment","The results show evidence for the relationship/effect as described in the claim provided in your task","multi100_reanalyses.csv","0.0003046","multi100"
"Fuhrmann_JournConflictRes_2010_8Wy0","206","analyst_task1_judgment","The results show evidence for the relationship/effect as described in the claim provided in your task","multi100_reanalyses.csv","Model 1(<2e-16); model 2 (<2e-16); model 2 + control(1.66e-09); model 3 (2.92e-12); model 4(9.18e-14); model 4+control(2.58e-06)","multi100"
"Kuo_Demography_2016_JWzJ","285","analyst_task1_judgment","The results do not show evidence for or against the relationship/effect as described in the claim provided in your task","multi100_reanalyses.csv","0.257","multi100"
"Baker_WorldPolitics_2011_9lBL","66","analyst_task1_judgment","The results do not show evidence for or against the relationship/effect as described in the claim provided in your task","multi100_reanalyses.csv","0.719","multi100"
"Cleave_ExpEco_2013_Njqj","162","analyst_task1_judgment","The results show evidence for the null-hypothesis","multi100_reanalyses.csv","1.000","multi100"
"Bingham Powell_CompPolitStu_2009_0PZl","102","analyst_task1_judgment","The results do not show evidence for or against the relationship/effect as described in the claim provided in your task","multi100_reanalyses.csv","< .001","multi100"
"Wang_AmEcoJourn_2013_7d4J","472","analyst_task1_judgment","The results show evidence for the relationship/effect as described in the claim provided in your task","multi100_reanalyses.csv","0.042","multi100"
"Christensen_EurJournPersonality_2018_8R9d","148","analyst_task1_judgment","The results show evidence for the relationship/effect as described in the claim provided in your task","multi100_reanalyses.csv","< 2.2e-16","multi100"
"Waller_JournMarFam_2014_AXBY","463","analyst_task1_judgment","The results do not show evidence for or against the relationship/effect as described in the claim provided in your task","multi100_reanalyses.csv","0.371","multi100"
"Bingham Powell_CompPolitStu_2009_0PZl","104","analyst_task1_judgment","The results show evidence for the relationship/effect as described in the claim provided in your task","multi100_reanalyses.csv","2.2e-16","multi100"
"Usmani_AmJournSocio_2018_GJe4","461","analyst_task1_judgment","The results show evidence for the relationship/effect as described in the claim provided in your task","multi100_reanalyses.csv","0.002","multi100"
"Desmond_Demography_2015_qQ9Z","179","analyst_task1_judgment","The results do not show evidence for or against the relationship/effect as described in the claim provided in your task","multi100_reanalyses.csv","0.442","multi100"
"Desmond_Demography_2015_qQ9Z","180","analyst_task1_judgment","The results show evidence for the null-hypothesis","multi100_reanalyses.csv","0.61","multi100"
"Usmani_AmJournSocio_2018_GJe4","459","analyst_task1_judgment","The results do not show evidence for or against the relationship/effect as described in the claim provided in your task","multi100_reanalyses.csv","0.6526","multi100"
"Cleave_ExpEco_2013_Njqj","163","analyst_task1_judgment","The results show evidence for the relationship/effect as described in the claim provided in your task","multi100_reanalyses.csv","0.225","multi100"
"Usmani_AmJournSocio_2018_GJe4","460","analyst_task1_judgment","The results show evidence for the null-hypothesis","multi100_reanalyses.csv","0.676","multi100"
"Waller_JournMarFam_2014_AXBY","467","analyst_task1_judgment","The results show evidence for the relationship/effect as described in the claim provided in your task","multi100_reanalyses.csv","0.440","multi100"
"Raley_JournMarFam_2012_D2LY","405","analyst_task1_judgment","The results show evidence for the relationship/effect as described in the claim provided in your task","multi100_reanalyses.csv","0.027 & 0.026","multi100"
"Gartzke_JournConflictRes_2009_rym8","217","analyst_task1_judgment","The results show evidence for the relationship/effect as described in the claim provided in your task","multi100_reanalyses.csv","0.002","multi100"
"Gerber_BritJournPoliSci_2018_3WmY","222","analyst_task1_judgment","The results show evidence for the relationship/effect as described in the claim provided in your task","multi100_reanalyses.csv","0.044","multi100"
"Fuhrmann_JournConflictRes_2010_8Wy0","205","analyst_task1_judgment","The results show evidence for the relationship/effect as described in the claim provided in your task","multi100_reanalyses.csv","0.0001","multi100"
"Dahl_AmEcoRev_2012_VRKK","172","analyst_task1_judgment","The results show evidence for the relationship/effect as described in the claim provided in your task","multi100_reanalyses.csv","0.065","multi100"
"Jiang_AmJourPoliSci_2018_Rjp9","264","analyst_task1_judgment","The results do not show evidence for or against the relationship/effect as described in the claim provided in your task","multi100_reanalyses.csv","0.7266","multi100"
"Ohtsubo_EvoHumanBehavior_2014_zlm2","370","analyst_task1_judgment","The results show evidence for the relationship/effect as described in the claim provided in your task","multi100_reanalyses.csv","1.07e-06","multi100"
"Teney_EurSocioRev_2016_qXX2","445","analyst_task1_judgment","The results show evidence for the relationship/effect as described in the claim provided in your task","multi100_reanalyses.csv","0.000","multi100"
"Christensen_EurJournPersonality_2018_8R9d","145","analyst_task1_judgment","The results show evidence for the relationship/effect as described in the claim provided in your task","multi100_reanalyses.csv","2.2e-16","multi100"
"Raley_JournMarFam_2012_D2LY","402","analyst_task1_judgment","The results show evidence for the relationship/effect as described in the claim provided in your task","multi100_reanalyses.csv","0.000","multi100"
"Desmond_Demography_2015_qQ9Z","181","analyst_task1_judgment","The results show evidence for the null-hypothesis","multi100_reanalyses.csv","0.265","multi100"
"Raley_JournMarFam_2012_D2LY","403","analyst_task1_judgment","The results show evidence for the relationship/effect as described in the claim provided in your task","multi100_reanalyses.csv","0.001","multi100"
"Hendricks_QuartJournEco_2018_wNKW","235","analyst_task1_judgment","The results show evidence for the relationship/effect as described in the claim provided in your task","multi100_reanalyses.csv","0.00271","multi100"
"Hendricks_QuartJournEco_2018_wNKW","237","analyst_task1_judgment","The results show evidence for the relationship/effect as described in the claim provided in your task","multi100_reanalyses.csv","0.001","multi100"
"Jiang_AmJourPoliSci_2018_Rjp9","266","analyst_task1_judgment","The results show evidence for the relationship/effect as described in the claim provided in your task","multi100_reanalyses.csv","0.0098","multi100"
"Platt_Boustan_AmEcoJourn_2012_PVQK","398","analyst_task1_judgment","The results do not show evidence for or against the relationship/effect as described in the claim provided in your task","multi100_reanalyses.csv","0.034","multi100"
"Raley_JournMarFam_2012_D2LY","404","analyst_task1_judgment","The results show evidence for the relationship/effect as described in the claim provided in your task","multi100_reanalyses.csv","0.000","multi100"
"Christensen_EurJournPersonality_2018_8R9d","143","analyst_task1_judgment","The results show evidence for the relationship/effect as described in the claim provided in your task","multi100_reanalyses.csv","0.0001","multi100"
"Chen_Demography_2018_yAPR","138","analyst_task1_judgment","The results show evidence for opposite relationship/effect as described in the claim provided in your task","multi100_reanalyses.csv","0.7667","multi100"
"Baker_WorldPolitics_2011_9lBL","62","analyst_task1_judgment","The results do not show evidence for or against the relationship/effect as described in the claim provided in your task","multi100_reanalyses.csv","0.0991","multi100"
"Teney_EurSocioRev_2016_qXX2","441","analyst_task1_judgment","The results show evidence for the relationship/effect as described in the claim provided in your task","multi100_reanalyses.csv","0.228","multi100"
"Antràs_Econometrica_2013_a2Yx","41","analyst_task1_judgment","The results show evidence for the relationship/effect as described in the claim provided in your task","multi100_reanalyses.csv","0.012","multi100"
"Cohen_AmEcoRev_2015_2lb5","168","analyst_task1_judgment","The results show evidence for the relationship/effect as described in the claim provided in your task","multi100_reanalyses.csv","0.000000008235","multi100"
"Marshall_BritJournPoliSci_2015_GOYb","324","analyst_task1_judgment","The results do not show evidence for or against the relationship/effect as described in the claim provided in your task","multi100_reanalyses.csv","2,00E-16","multi100"
"Marshall_BritJournPoliSci_2015_GOYb","327","analyst_task1_judgment","The results show evidence for the relationship/effect as described in the claim provided in your task","multi100_reanalyses.csv","0.00400","multi100"
"Hendricks_QuartJournEco_2018_wNKW","236","analyst_task1_judgment","The results show evidence for the relationship/effect as described in the claim provided in your task","multi100_reanalyses.csv","0.031","multi100"
"Alves_PsychologSci_2018_AvOr","19","analyst_task1_judgment","The results show evidence for the relationship/effect as described in the claim provided in your task","multi100_reanalyses.csv","<.001","multi100"
"1","1:2:1:1","replication_observed_difference","Null-positive","cancer_effects.csv","0.7054361","cancer"
"1","1:2:2:1","replication_observed_difference","Positive","cancer_effects.csv","0.0147371","cancer"
"1","1:2:3:1","replication_observed_difference","Positive","cancer_effects.csv","0.01050397","cancer"
"1","1:2:4:1","replication_observed_difference","Positive","cancer_effects.csv","0.02309614","cancer"
"1","1:2:5:1","replication_observed_difference","Null-positive","cancer_effects.csv","0.8717794","cancer"
"1","1:3:1:1","replication_observed_difference","Positive","cancer_effects.csv","0.001698913","cancer"
"1","1:3:2:1","replication_observed_difference","Null-positive","cancer_effects.csv","0.5797451","cancer"
"1","1:3:3:1","replication_observed_difference","Positive","cancer_effects.csv","0.002616336","cancer"
"1","1:3:4:1","replication_observed_difference","Null-positive","cancer_effects.csv","0.4371327","cancer"
"1","1:3:5:1","replication_observed_difference","Positive","cancer_effects.csv","0.007506881","cancer"
"1","1:3:6:1","replication_observed_difference","Positive","cancer_effects.csv","0.03383443","cancer"
"1","1:4:1:1","replication_observed_difference","Positive","cancer_effects.csv","0.007936508","cancer"
"1","1:4:2:1","replication_observed_difference","Null-positive","cancer_effects.csv","0.0952381","cancer"
"1","1:4:3:1","replication_observed_difference","Positive","cancer_effects.csv","0.007936508","cancer"
"1","1:4:4:1","replication_observed_difference","Null-positive","cancer_effects.csv","0.2222222","cancer"
"1","1:4:5:1","replication_observed_difference","Positive","cancer_effects.csv","0.007936508","cancer"
"1","1:5:1:1","replication_observed_difference","Null-negative","cancer_effects.csv","0.6712144","cancer"
"1","1:6:1:1","replication_observed_difference","Positive","cancer_effects.csv","0.000759987","cancer"
"5","5:1:1:1","replication_observed_difference","Positive","cancer_effects.csv","0.03997007","cancer"
"5","5:1:2:1","replication_observed_difference","Positive","cancer_effects.csv","0.02797935","cancer"
"5","5:1:3:1","replication_observed_difference","Null-negative","cancer_effects.csv","0.9872779","cancer"
"6","6:1:1:1","replication_observed_difference","Positive","cancer_effects.csv","0.006135204","cancer"
"7","7:1:1:1","replication_observed_difference","Positive","cancer_effects.csv","0.009090909","cancer"
"7","7:1:2:1","replication_observed_difference","Positive","cancer_effects.csv","0.02380952","cancer"
"7","7:1:3:1","replication_observed_difference","Null-positive","cancer_effects.csv","0.1","cancer"
"8","8:1:1:1","replication_observed_difference","Positive","cancer_effects.csv",,"cancer"
"8","8:1:2:1","replication_observed_difference","Positive","cancer_effects.csv",,"cancer"
"8","8:1:3:1","replication_observed_difference","Null","cancer_effects.csv",,"cancer"
"8","8:1:4:1","replication_observed_difference","Positive","cancer_effects.csv",,"cancer"
"8","8:1:5:1","replication_observed_difference","Positive","cancer_effects.csv",,"cancer"
"8","8:2:1:1","replication_observed_difference","Null-negative","cancer_effects.csv","0.9432336","cancer"
"8","8:2:2:1","replication_observed_difference","Positive","cancer_effects.csv","0.0004538276","cancer"
"8","8:2:3:1","replication_observed_difference","Positive","cancer_effects.csv","0.02424242","cancer"
"8","8:2:4:1","replication_observed_difference","Null-positive","cancer_effects.csv","0.5046649","cancer"
"9","9:1:1:1","replication_observed_difference","Positive","cancer_effects.csv",,"cancer"
"9","9:1:1:2","replication_observed_difference","Positive","cancer_effects.csv",,"cancer"
"9","9:1:1:3","replication_observed_difference","Positive","cancer_effects.csv",,"cancer"
"9","9:1:2:1","replication_observed_difference","Positive","cancer_effects.csv",,"cancer"
"9","9:1:2:2","replication_observed_difference","Positive","cancer_effects.csv",,"cancer"
"9","9:1:2:3","replication_observed_difference","Null","cancer_effects.csv",,"cancer"
"9","9:1:3:1","replication_observed_difference","Positive","cancer_effects.csv",,"cancer"
"9","9:1:3:2","replication_observed_difference","Positive","cancer_effects.csv",,"cancer"
"9","9:1:3:3","replication_observed_difference","Positive","cancer_effects.csv",,"cancer"
"9","9:1:4:1","replication_observed_difference","Negative","cancer_effects.csv",,"cancer"
"9","9:1:4:2","replication_observed_difference","Negative","cancer_effects.csv",,"cancer"
"9","9:1:4:3","replication_observed_difference","Negative","cancer_effects.csv",,"cancer"
"9","9:1:5:1","replication_observed_difference","Null","cancer_effects.csv",,"cancer"
"9","9:1:5:2","replication_observed_difference","Positive","cancer_effects.csv",,"cancer"
"9","9:1:5:3","replication_observed_difference","Positive","cancer_effects.csv",,"cancer"
"9","9:2:1:1","replication_observed_difference","Positive","cancer_effects.csv","2.82e-10","cancer"
"9","9:2:1:2","replication_observed_difference","Positive","cancer_effects.csv","0.02815377","cancer"
"9","9:2:1:3","replication_observed_difference","Positive","cancer_effects.csv","0.005859398","cancer"
"9","9:2:2:1","replication_observed_difference","Null-positive","cancer_effects.csv","0.2228685","cancer"
"9","9:2:2:2","replication_observed_difference","Null-positive","cancer_effects.csv","0.561752","cancer"
"9","9:2:2:3","replication_observed_difference","Positive","cancer_effects.csv","0.0003697778","cancer"
"9","9:2:3:1","replication_observed_difference","Null-positive","cancer_effects.csv","0.1615367","cancer"
"9","9:2:3:2","replication_observed_difference","Positive","cancer_effects.csv","0.04086671","cancer"
"9","9:2:3:3","replication_observed_difference","Positive","cancer_effects.csv","8.26e-08","cancer"
"9","9:2:4:1","replication_observed_difference","Null-positive","cancer_effects.csv","0.5395414","cancer"
"9","9:2:4:2","replication_observed_difference","Positive","cancer_effects.csv","5.64e-09","cancer"
"9","9:2:4:3","replication_observed_difference","Positive","cancer_effects.csv","0.02352626","cancer"
"9","9:2:5:1","replication_observed_difference","Positive","cancer_effects.csv","5.71e-15","cancer"
"9","9:2:5:2","replication_observed_difference","Positive","cancer_effects.csv","4.14e-11","cancer"
"9","9:2:5:3","replication_observed_difference","Positive","cancer_effects.csv","2.67e-05","cancer"
"9","9:2:6:1","replication_observed_difference","Negative","cancer_effects.csv","1.43e-16","cancer"
"9","9:2:6:2","replication_observed_difference","Positive","cancer_effects.csv","1.96e-17","cancer"
"9","9:2:6:3","replication_observed_difference","Negative","cancer_effects.csv","6.91e-06","cancer"
"9","9:3:1:1","replication_observed_difference","Null-negative","cancer_effects.csv","0.77218","cancer"
"9","9:3:2:1","replication_observed_difference","Null-positive","cancer_effects.csv","0.06858681","cancer"
"12","12:2:1:1","replication_observed_difference","Positive","cancer_effects.csv","0.004131484","cancer"
"12","12:2:2:1","replication_observed_difference","Positive","cancer_effects.csv",,"cancer"
"12","12:3:1:1","replication_observed_difference","Negative","cancer_effects.csv","0.02545134","cancer"
"12","12:3:2:1","replication_observed_difference","Negative","cancer_effects.csv","0.03277309","cancer"
"15","15:1:1:1","replication_observed_difference","Null-negative","cancer_effects.csv","0.7365876","cancer"
"15","15:2:1:1","replication_observed_difference","Null-positive","cancer_effects.csv","0.825914","cancer"
"15","15:2:2:1","replication_observed_difference","Null-positive","cancer_effects.csv","0.2333175","cancer"
"15","15:3:1:1","replication_observed_difference","Null-positive","cancer_effects.csv","0.669649","cancer"
"16","16:1:1:1","replication_observed_difference","Positive","cancer_effects.csv","0.0005827506","cancer"
"16","16:1:2:1","replication_observed_difference","Null-positive","cancer_effects.csv","0.1282051","cancer"
"16","16:1:3:1","replication_observed_difference","Null-positive","cancer_effects.csv","0.7750359","cancer"
"16","16:1:4:1","replication_observed_difference","Positive","cancer_effects.csv","0.000576582","cancer"
"16","16:2:1:1","replication_observed_difference","Positive","cancer_effects.csv","4.14e-09","cancer"
"16","16:3:1:1","replication_observed_difference","Positive","cancer_effects.csv","0.02087446","cancer"
"16","16:3:2:1","replication_observed_difference","Positive","cancer_effects.csv","0.002723826","cancer"
"16","16:3:3:1","replication_observed_difference","Positive","cancer_effects.csv","5.2e-05","cancer"
"19","19:1:1:1","replication_observed_difference","Positive","cancer_effects.csv","2.6e-06","cancer"
"19","19:1:2:1","replication_observed_difference","Positive","cancer_effects.csv","1.5e-05","cancer"
"19","19:2:1:1","replication_observed_difference","Positive","cancer_effects.csv","0.02364086","cancer"
"19","19:2:2:1","replication_observed_difference","Null-positive","cancer_effects.csv","0.2655945","cancer"
"20","20:1:1:1","replication_observed_difference","Null-positive","cancer_effects.csv","0.9782731","cancer"
"20","20:1:2:1","replication_observed_difference","Null-positive","cancer_effects.csv","0.327788","cancer"
"20","20:1:3:1","replication_observed_difference","Null-positive","cancer_effects.csv","0.0623144","cancer"
"20","20:1:4:1","replication_observed_difference","Null-negative","cancer_effects.csv","0.2227251","cancer"
"20","20:2:1:1","replication_observed_difference","Null-positive","cancer_effects.csv","0.9432789","cancer"
"20","20:2:2:1","replication_observed_difference","Null-positive","cancer_effects.csv","0.09386169","cancer"
"20","20:2:3:1","replication_observed_difference","Negative","cancer_effects.csv","0.02466544","cancer"
"21","21:1:1:1","replication_observed_difference","Positive","cancer_effects.csv","0.02357807","cancer"
"21","21:1:2:1","replication_observed_difference","Positive","cancer_effects.csv","0.04057874","cancer"
"21","21:1:3:1","replication_observed_difference","Null-negative","cancer_effects.csv","0.4863648","cancer"
"24","24:1:1:1","replication_observed_difference","Null-negative","cancer_effects.csv","0.8655577","cancer"
"24","24:1:2:1","replication_observed_difference","Null-positive","cancer_effects.csv","0.4031949","cancer"
"24","24:1:3:1","replication_observed_difference","Null-positive","cancer_effects.csv","0.8291362","cancer"
"24","24:1:4:1","replication_observed_difference","Null-positive","cancer_effects.csv","0.6850368","cancer"
"24","24:1:5:1","replication_observed_difference","Positive","cancer_effects.csv","0.02857143","cancer"
"24","24:2:1:1","replication_observed_difference","Negative","cancer_effects.csv","0.007735024","cancer"
"24","24:2:2:1","replication_observed_difference","Negative","cancer_effects.csv","0.0106408","cancer"
"24","24:2:3:1","replication_observed_difference","Negative","cancer_effects.csv","0.0006895721","cancer"
"24","24:2:4:1","replication_observed_difference","Negative","cancer_effects.csv","0.00129412","cancer"
"24","24:2:5:1","replication_observed_difference","Negative","cancer_effects.csv","0.001362887","cancer"
"24","24:2:6:1","replication_observed_difference","Negative","cancer_effects.csv","0.0003991548","cancer"
"24","24:3:1:1","replication_observed_difference","Null-positive","cancer_effects.csv","0.143716","cancer"
"24","24:3:2:1","replication_observed_difference","Positive","cancer_effects.csv","0.005671521","cancer"
"24","24:3:3:1","replication_observed_difference","Null-positive","cancer_effects.csv","0.06300514","cancer"
"24","24:3:4:1","replication_observed_difference","Positive","cancer_effects.csv","0.0005585633","cancer"
"24","24:3:5:1","replication_observed_difference","Positive","cancer_effects.csv","0.007422007","cancer"
"24","24:3:6:1","replication_observed_difference","Null-positive","cancer_effects.csv","0.404974","cancer"
"24","24:3:7:1","replication_observed_difference","Positive","cancer_effects.csv","0.03894628","cancer"
"24","24:3:8:1","replication_observed_difference","Positive","cancer_effects.csv","0.006015906","cancer"
"24","24:4:1:1","replication_observed_difference","Positive","cancer_effects.csv","0.02190393","cancer"
"24","24:4:2:1","replication_observed_difference","Null-positive","cancer_effects.csv","0.5690665","cancer"
"24","24:4:3:1","replication_observed_difference","Positive","cancer_effects.csv","0.01557516","cancer"
"24","24:4:4:1","replication_observed_difference","Null-positive","cancer_effects.csv","0.07951859","cancer"
"24","24:4:5:1","replication_observed_difference","Positive","cancer_effects.csv","0.01399455","cancer"
"24","24:4:6:1","replication_observed_difference","Positive","cancer_effects.csv","0.002836135","cancer"
"24","24:4:7:1","replication_observed_difference","Null-positive","cancer_effects.csv","0.6034163","cancer"
"24","24:4:8:1","replication_observed_difference","Null-negative","cancer_effects.csv","0.3327408","cancer"
"24","24:4:9:1","replication_observed_difference","Positive","cancer_effects.csv","0.03318543","cancer"
"28","28:1:1:1","replication_observed_difference","Positive","cancer_effects.csv",,"cancer"
"28","28:1:2:1","replication_observed_difference","Negative","cancer_effects.csv",,"cancer"
"28","28:2:1:1","replication_observed_difference","Null-negative","cancer_effects.csv","0.7121999","cancer"
"28","28:2:2:1","replication_observed_difference","Negative","cancer_effects.csv",,"cancer"
"28","28:2:3:1","replication_observed_difference","Null-negative","cancer_effects.csv","0.6855224","cancer"
"28","28:3:1:1","replication_observed_difference","Null-positive","cancer_effects.csv","0.3808965","cancer"
"28","28:3:2:1","replication_observed_difference","Null-positive","cancer_effects.csv","0.6321716","cancer"
"28","28:3:3:1","replication_observed_difference","Null-negative","cancer_effects.csv","0.7819519","cancer"
"29","29:1:1:1","replication_observed_difference","Positive","cancer_effects.csv","3.26e-05","cancer"
"29","29:2:1:1","replication_observed_difference","Positive","cancer_effects.csv","0.003121253","cancer"
"29","29:2:2:1","replication_observed_difference","Null-negative","cancer_effects.csv","0.07185459","cancer"
"29","29:2:3:1","replication_observed_difference","Positive","cancer_effects.csv","6.66e-05","cancer"
"29","29:3:1:1","replication_observed_difference","Null-positive","cancer_effects.csv","0.535919","cancer"
"29","29:3:2:1","replication_observed_difference","Null-positive","cancer_effects.csv","0.7618264","cancer"
"37","37:1:1:1","replication_observed_difference","Null-positive","cancer_effects.csv","0.3441826","cancer"
"37","37:1:1:2","replication_observed_difference","Null-positive","cancer_effects.csv","0.2636006","cancer"
"37","37:2:1:1","replication_observed_difference","Null","cancer_effects.csv",,"cancer"
"37","37:2:2:1","replication_observed_difference","Negative","cancer_effects.csv",,"cancer"
"37","37:3:1:1","replication_observed_difference","Null","cancer_effects.csv",,"cancer"
"39","39:1:1:1","replication_observed_difference","Null-negative","cancer_effects.csv","0.103811","cancer"
"39","39:1:2:1","replication_observed_difference","Positive","cancer_effects.csv",,"cancer"
"41","41:1:1:1","replication_observed_difference","Null-positive","cancer_effects.csv","0.2192356","cancer"
"41","41:2:1:1","replication_observed_difference","Positive","cancer_effects.csv","0.0230397","cancer"
"42","42:1:1:1","replication_observed_difference","Positive","cancer_effects.csv",,"cancer"
"42","42:2:1:1","replication_observed_difference","Null-positive","cancer_effects.csv","0.6456962","cancer"
"42","42:2:2:1","replication_observed_difference","Null-positive","cancer_effects.csv","0.5567099","cancer"
"42","42:2:3:1","replication_observed_difference","Null-positive","cancer_effects.csv","0.9372294","cancer"
"42","42:2:4:1","replication_observed_difference","Null-positive","cancer_effects.csv","1","cancer"
"44","44:1:1:1","replication_observed_difference","Null-positive","cancer_effects.csv","0.8474241","cancer"
"44","44:1:2:1","replication_observed_difference","Null-negative","cancer_effects.csv","0.9437466","cancer"
"44","44:1:3:1","replication_observed_difference","Null-negative","cancer_effects.csv","0.6519858","cancer"
"44","44:1:4:1","replication_observed_difference","Null-negative","cancer_effects.csv","0.5287432","cancer"
"47","47:1:1:1","replication_observed_difference","Positive","cancer_effects.csv","6.23e-08","cancer"
"47","47:1:2:1","replication_observed_difference","Positive","cancer_effects.csv","9.71e-09","cancer"
"47","47:1:3:1","replication_observed_difference","Null-positive","cancer_effects.csv","0.9470389","cancer"
"47","47:1:4:1","replication_observed_difference","Null-positive","cancer_effects.csv","0.6763842","cancer"
"47","47:1:5:1","replication_observed_difference","Null-positive","cancer_effects.csv","0.8617649","cancer"
"47","47:1:6:1","replication_observed_difference","Null-positive","cancer_effects.csv","0.6715423","cancer"
"47","47:1:7:1","replication_observed_difference","Null-positive","cancer_effects.csv","0.8146451","cancer"
"47","47:1:8:1","replication_observed_difference","Null-positive","cancer_effects.csv","0.2034023","cancer"
"47","47:1:9:1","replication_observed_difference","Null-positive","cancer_effects.csv","0.2747297","cancer"
"47","47:1:10:1","replication_observed_difference","Null-positive","cancer_effects.csv","0.139789","cancer"
"47","47:1:11:1","replication_observed_difference","Null-positive","cancer_effects.csv","0.191312","cancer"
"47","47:1:12:1","replication_observed_difference","Null-positive","cancer_effects.csv","0.476283","cancer"
"47","47:1:13:1","replication_observed_difference","Null-positive","cancer_effects.csv","0.4598103","cancer"
"47","47:2:1:1","replication_observed_difference","Positive","cancer_effects.csv","5.49e-07","cancer"
"48","48:1:1:1","replication_observed_difference","Null-positive","cancer_effects.csv","0.3467888","cancer"
"48","48:1:1:2","replication_observed_difference","Positive","cancer_effects.csv","0.002382405","cancer"
"48","48:2:1:1","replication_observed_difference","Positive","cancer_effects.csv","1.36e-55","cancer"
"48","48:2:1:2","replication_observed_difference","Positive","cancer_effects.csv","2.83e-34","cancer"
"48","48:2:2:1","replication_observed_difference","Positive","cancer_effects.csv","3.67e-24","cancer"
"48","48:2:2:2","replication_observed_difference","Positive","cancer_effects.csv","3.77e-40","cancer"
"48","48:2:3:1","replication_observed_difference","Positive","cancer_effects.csv","1.92e-06","cancer"
"48","48:2:3:2","replication_observed_difference","Positive","cancer_effects.csv","9.91e-25","cancer"
"48","48:2:4:1","replication_observed_difference","Positive","cancer_effects.csv","7.11e-40","cancer"
"48","48:2:4:2","replication_observed_difference","Positive","cancer_effects.csv","9.29e-13","cancer"
"48","48:2:5:1","replication_observed_difference","Positive","cancer_effects.csv","2.22e-17","cancer"
"48","48:2:5:2","replication_observed_difference","Positive","cancer_effects.csv","1.03e-16","cancer"
"48","48:2:6:1","replication_observed_difference","Null-positive","cancer_effects.csv","0.4934609","cancer"
"48","48:2:6:2","replication_observed_difference","Positive","cancer_effects.csv","8.35e-06","cancer"
"50","50:1:1:1","replication_observed_difference","Positive","cancer_effects.csv","0.03207874","cancer"
"1","1","mediation_method","0","mediation.csv","","mediation"
"3","3","mediation_method","0","mediation.csv","","mediation"
"4","4","mediation_method","0","mediation.csv","","mediation"
"5","5","mediation_method","0","mediation.csv","","mediation"
"6","6","mediation_method","1","mediation.csv","","mediation"
"7","7","mediation_method","0","mediation.csv","","mediation"
"8","8","mediation_method","0","mediation.csv","","mediation"
"10","10","mediation_method","0","mediation.csv","","mediation"
"11","11","mediation_method","0","mediation.csv","","mediation"
"12","12","mediation_method","0","mediation.csv","","mediation"
"13","13","mediation_method","0","mediation.csv","","mediation"
"14","14","mediation_method","0","mediation.csv","","mediation"
"15","15","mediation_method","0","mediation.csv","","mediation"
"16","16","mediation_method","1","mediation.csv","","mediation"
"17","17","mediation_method","2","mediation.csv","","mediation"
"18","18","mediation_method","0","mediation.csv","","mediation"
"19","19","mediation_method","1","mediation.csv","","mediation"
"20","20","mediation_method","1","mediation.csv","","mediation"
"21","21","mediation_method","0","mediation.csv","","mediation"
"22","22","mediation_method","0","mediation.csv","","mediation"
"23","23","mediation_method","0","mediation.csv","","mediation"
"24","24","mediation_method","0","mediation.csv","","mediation"
"26","26","mediation_method","0","mediation.csv","","mediation"
"27","27","mediation_method","0","mediation.csv","","mediation"
"28","28","mediation_method","0","mediation.csv","","mediation"
"29","29","mediation_method","0","mediation.csv","","mediation"
"30","30","mediation_method","0","mediation.csv","","mediation"
"31","31","mediation_method","0","mediation.csv","","mediation"
"32","32","mediation_method","1","mediation.csv","","mediation"
"33","33","mediation_method","0","mediation.csv","","mediation"
"34","34","mediation_method","2","mediation.csv","","mediation"
"35","35","mediation_method","3","mediation.csv","","mediation"
"36","36","mediation_method","4","mediation.csv","","mediation"
"37","37","mediation_method","0","mediation.csv","","mediation"
"38","38","mediation_method","0","mediation.csv","","mediation"
"39","39","mediation_method","2","mediation.csv","","mediation"
"40","40","mediation_method","0","mediation.csv","","mediation"
"41","41","mediation_method","4","mediation.csv","","mediation"
"42","42","mediation_method","2","mediation.csv","","mediation"
"43","43","mediation_method","4","mediation.csv","","mediation"
"44","44","mediation_method","0","mediation.csv","","mediation"
"45","45","mediation_method","2","mediation.csv","","mediation"
"46","46","mediation_method","0","mediation.csv","","mediation"
"47","47","mediation_method","0","mediation.csv","","mediation"
"48","48","mediation_method","0","mediation.csv","","mediation"
"49","49","mediation_method","2","mediation.csv","","mediation"
"50","50","mediation_method","4","mediation.csv","","mediation"
"51","51","mediation_method","1","mediation.csv","","mediation"
"52","52","mediation_method","0","mediation.csv","","mediation"
"53","53","mediation_method","1","mediation.csv","","mediation"
"54","54","mediation_method","2","mediation.csv","","mediation"
"55","55","mediation_method","2","mediation.csv","","mediation"
"56","56","mediation_method","0","mediation.csv","","mediation"
"57","57","mediation_method","0","mediation.csv","","mediation"
"58","58","mediation_method","0","mediation.csv","","mediation"
"59","59","mediation_method","0","mediation.csv","","mediation"
"60","60","mediation_method","0","mediation.csv","","mediation"
"61","61","mediation_method","0","mediation.csv","","mediation"
"62","62","mediation_method","2","mediation.csv","","mediation"
"63","63","mediation_method","2","mediation.csv","","mediation"
"64","64","mediation_method","0","mediation.csv","","mediation"
"65","65","mediation_method","0","mediation.csv","","mediation"
"66","66","mediation_method","0","mediation.csv","","mediation"
"67","67","mediation_method","0","mediation.csv","","mediation"
"68","68","mediation_method","3","mediation.csv","","mediation"
"70","70","mediation_method","0","mediation.csv","","mediation"
"71","71","mediation_method","0","mediation.csv","","mediation"
"72","72","mediation_method","0","mediation.csv","","mediation"
"73","73","mediation_method","0","mediation.csv","","mediation"
"74","74","mediation_method","0","mediation.csv","","mediation"
"75","75","mediation_method","1","mediation.csv","","mediation"
"76","76","mediation_method","0","mediation.csv","","mediation"
"77","77","mediation_method","0","mediation.csv","","mediation"
"78","78","mediation_method","0","mediation.csv","","mediation"
"79","79","mediation_method","0","mediation.csv","","mediation"
"80","80","mediation_method","0","mediation.csv","","mediation"
"81","81","mediation_method","0","mediation.csv","","mediation"
"82","82","mediation_method","0","mediation.csv","","mediation"
"83","83","mediation_method","2","mediation.csv","","mediation"
"85","85","mediation_method","0","mediation.csv","","mediation"
"86","86","mediation_method","0","mediation.csv","","mediation"
"87","87","mediation_method","4","mediation.csv","","mediation"
"88","88","mediation_method","0","mediation.csv","","mediation"
"89","89","mediation_method","0","mediation.csv","","mediation"
"90","90","mediation_method","0","mediation.csv","","mediation"
"91","91","mediation_method","0","mediation.csv","","mediation"
"92","92","mediation_method","0","mediation.csv","","mediation"
"93","93","mediation_method","0","mediation.csv","","mediation"
"94","94","mediation_method","0","mediation.csv","","mediation"
"95","95","mediation_method","0","mediation.csv","","mediation"
"96","96","mediation_method","0","mediation.csv","","mediation"
"97","97","mediation_method","0","mediation.csv","","mediation"
"99","99","mediation_method","0","mediation.csv","","mediation"
"100","100","mediation_method","0","mediation.csv","","mediation"
"101","101","mediation_method","0","mediation.csv","","mediation"
"102","102","mediation_method","0","mediation.csv","","mediation"
"104","104","mediation_method","0","mediation.csv","","mediation"
"105","105","mediation_method","2","mediation.csv","","mediation"
"106","106","mediation_method","1","mediation.csv","","mediation"
"107","107","mediation_method","0","mediation.csv","","mediation"
"108","108","mediation_method","0","mediation.csv","","mediation"
"109","109","mediation_method","0","mediation.csv","","mediation"
"110","110","mediation_method","0","mediation.csv","","mediation"
"111","111","mediation_method","2","mediation.csv","","mediation"
"112","112","mediation_method","4","mediation.csv","","mediation"
"113","113","mediation_method","0","mediation.csv","","mediation"
"114","114","mediation_method","2","mediation.csv","","mediation"
"115","115","mediation_method","0","mediation.csv","","mediation"
"116","116","mediation_method","0","mediation.csv","","mediation"
"117","117","mediation_method","2","mediation.csv","","mediation"
"118","118","mediation_method","0","mediation.csv","","mediation"
"119","119","mediation_method","0","mediation.csv","","mediation"
"120","120","mediation_method","0","mediation.csv","","mediation"
"121","121","mediation_method","0","mediation.csv","","mediation"
"122","122","mediation_method","3","mediation.csv","","mediation"
"123","123","mediation_method","2","mediation.csv","","mediation"
"124","124","mediation_method","3","mediation.csv","","mediation"
"125","125","mediation_method","0","mediation.csv","","mediation"
"126","126","mediation_method","1","mediation.csv","","mediation"
"127","127","mediation_method","0","mediation.csv","","mediation"
"128","128","mediation_method","0","mediation.csv","","mediation"
"129","129","mediation_method","2","mediation.csv","","mediation"
"130","130","mediation_method","0","mediation.csv","","mediation"
"131","131","mediation_method","0","mediation.csv","","mediation"
"132","132","mediation_method","0","mediation.csv","","mediation"
"133","133","mediation_method","0","mediation.csv","","mediation"
"134","134","mediation_method","0","mediation.csv","","mediation"
"135","135","mediation_method","2","mediation.csv","","mediation"
"136","136","mediation_method","0","mediation.csv","","mediation"
"137","137","mediation_method","2","mediation.csv","","mediation"
"138","138","mediation_method","0","mediation.csv","","mediation"
"139","139","mediation_method","0","mediation.csv","","mediation"
"140","140","mediation_method","0","mediation.csv","","mediation"
"141","141","mediation_method","0","mediation.csv","","mediation"
"142","142","mediation_method","1","mediation.csv","","mediation"
"143","143","mediation_method","1","mediation.csv","","mediation"
"144","144","mediation_method","0","mediation.csv","","mediation"
"145","145","mediation_method","2","mediation.csv","","mediation"
"146","146","mediation_method","0","mediation.csv","","mediation"
"147","147","mediation_method","2","mediation.csv","","mediation"
"148","148","mediation_method","3","mediation.csv","","mediation"
"149","149","mediation_method","0","mediation.csv","","mediation"
"150","150","mediation_method","0","mediation.csv","","mediation"
"151","151","mediation_method","0","mediation.csv","","mediation"
"152","152","mediation_method","0","mediation.csv","","mediation"
"153","153","mediation_method","0","mediation.csv","","mediation"
"154","154","mediation_method","0","mediation.csv","","mediation"
"155","155","mediation_method","4","mediation.csv","","mediation"
"156","156","mediation_method","2","mediation.csv","","mediation"
"157","157","mediation_method","0","mediation.csv","","mediation"
"158","158","mediation_method","1","mediation.csv","","mediation"
"159","159","mediation_method","0","mediation.csv","","mediation"
"160","160","mediation_method","0","mediation.csv","","mediation"
"161","161","mediation_method","0","mediation.csv","","mediation"
"162","162","mediation_method","0","mediation.csv","","mediation"
"163","163","mediation_method","0","mediation.csv","","mediation"
"164","164","mediation_method","0","mediation.csv","","mediation"
"165","165","mediation_method","0","mediation.csv","","mediation"
"166","166","mediation_method","1","mediation.csv","","mediation"
"167","167","mediation_method","0","mediation.csv","","mediation"
"168","168","mediation_method","4","mediation.csv","","mediation"
"169","169","mediation_method","0","mediation.csv","","mediation"
"170","170","mediation_method","0","mediation.csv","","mediation"
"171","171","mediation_method","0","mediation.csv","","mediation"
"172","172","mediation_method","0","mediation.csv","","mediation"
"173","173","mediation_method","0","mediation.csv","","mediation"
"174","174","mediation_method","2","mediation.csv","","mediation"
"175","175","mediation_method","0","mediation.csv","","mediation"
"176","176","mediation_method","0","mediation.csv","","mediation"
"178","178","mediation_method","0","mediation.csv","","mediation"
"179","179","mediation_method","0","mediation.csv","","mediation"
"180","180","mediation_method","0","mediation.csv","","mediation"
"181","181","mediation_method","0","mediation.csv","","mediation"
"182","182","mediation_method","4","mediation.csv","","mediation"
"hmx_01","1:low_high_not_rejected","low_high_not_rejected","0","hmx_published.pdf:Table A1, page 27","","hmx"
"hmx_02","2:low_high_not_rejected","low_high_not_rejected","1","hmx_published.pdf:Table A1, page 27","","hmx"
"hmx_02","3:low_high_not_rejected","low_high_not_rejected","1","hmx_published.pdf:Table A1, page 27","","hmx"
"hmx_03","4:low_high_not_rejected","low_high_not_rejected","0","hmx_published.pdf:Table A1, page 27","","hmx"
"hmx_03","5:low_high_not_rejected","low_high_not_rejected","1","hmx_published.pdf:Table A1, page 27","","hmx"
"hmx_03","6:low_high_not_rejected","low_high_not_rejected","1","hmx_published.pdf:Table A1, page 27","","hmx"
"hmx_04","7:low_high_not_rejected","low_high_not_rejected","0","hmx_published.pdf:Table A1, page 27","","hmx"
"hmx_04","8:low_high_not_rejected","low_high_not_rejected","0","hmx_published.pdf:Table A1, page 27","","hmx"
"hmx_05","9:low_high_not_rejected","low_high_not_rejected","1","hmx_published.pdf:Table A1, page 27","","hmx"
"hmx_05","10:low_high_not_rejected","low_high_not_rejected","1","hmx_published.pdf:Table A1, page 27","","hmx"
"hmx_05","11:low_high_not_rejected","low_high_not_rejected","1","hmx_published.pdf:Table A1, page 27","","hmx"
"hmx_05","12:low_high_not_rejected","low_high_not_rejected","1","hmx_published.pdf:Table A1, page 27","","hmx"
"hmx_06","13:low_high_not_rejected","low_high_not_rejected","0","hmx_published.pdf:Table A1, page 27","","hmx"
"hmx_07","14:low_high_not_rejected","low_high_not_rejected","","hmx_published.pdf:Table A1, page 27","","hmx"
"hmx_08","15:low_high_not_rejected","low_high_not_rejected","1","hmx_published.pdf:Table A1, page 27","","hmx"
"hmx_08","16:low_high_not_rejected","low_high_not_rejected","0","hmx_published.pdf:Table A1, page 27","","hmx"
"hmx_08","17:low_high_not_rejected","low_high_not_rejected","0","hmx_published.pdf:Table A1, page 27","","hmx"
"hmx_08","18:low_high_not_rejected","low_high_not_rejected","","hmx_published.pdf:Table A1, page 27","","hmx"
"hmx_09","19:low_high_not_rejected","low_high_not_rejected","1","hmx_published.pdf:Table A1, page 27","","hmx"
"hmx_10","20:low_high_not_rejected","low_high_not_rejected","1","hmx_published.pdf:Table A1, page 27","","hmx"
"hmx_10","21:low_high_not_rejected","low_high_not_rejected","1","hmx_published.pdf:Table A1, page 27","","hmx"
"hmx_11","22:low_high_not_rejected","low_high_not_rejected","1","hmx_published.pdf:Table A1, page 27","","hmx"
"hmx_12","23:low_high_not_rejected","low_high_not_rejected","0","hmx_published.pdf:Table A1, page 27","","hmx"
"hmx_12","24:low_high_not_rejected","low_high_not_rejected","0","hmx_published.pdf:Table A1, page 27","","hmx"
"hmx_13","25:low_high_not_rejected","low_high_not_rejected","0","hmx_published.pdf:Table A1, page 27","","hmx"
"hmx_13","26:low_high_not_rejected","low_high_not_rejected","1","hmx_published.pdf:Table A1, page 27","","hmx"
"hmx_13","27:low_high_not_rejected","low_high_not_rejected","0","hmx_published.pdf:Table A1, page 27","","hmx"
"hmx_14","28:low_high_not_rejected","low_high_not_rejected","1","hmx_published.pdf:Table A1, page 27","","hmx"
"hmx_14","29:low_high_not_rejected","low_high_not_rejected","1","hmx_published.pdf:Table A1, page 27","","hmx"
"hmx_14","30:low_high_not_rejected","low_high_not_rejected","1","hmx_published.pdf:Table A1, page 27","","hmx"
"hmx_14","31:low_high_not_rejected","low_high_not_rejected","1","hmx_published.pdf:Table A1, page 27","","hmx"
"hmx_15","32:low_high_not_rejected","low_high_not_rejected","1","hmx_published.pdf:Table A1, page 27","","hmx"
"hmx_16","33:low_high_not_rejected","low_high_not_rejected","0","hmx_published.pdf:Table A1, page 27","","hmx"
"hmx_16","34:low_high_not_rejected","low_high_not_rejected","1","hmx_published.pdf:Table A1, page 27","","hmx"
"hmx_17","35:low_high_not_rejected","low_high_not_rejected","1","hmx_published.pdf:Table A1, page 27","","hmx"
"hmx_17","36:low_high_not_rejected","low_high_not_rejected","1","hmx_published.pdf:Table A1, page 27","","hmx"
"hmx_18","37:low_high_not_rejected","low_high_not_rejected","1","hmx_published.pdf:Table A1, page 27","","hmx"
"hmx_19","38:low_high_not_rejected","low_high_not_rejected","0","hmx_published.pdf:Table A1, page 27","","hmx"
"hmx_20","39:low_high_not_rejected","low_high_not_rejected","1","hmx_published.pdf:Table A1, page 27","","hmx"
"hmx_20","40:low_high_not_rejected","low_high_not_rejected","1","hmx_published.pdf:Table A1, page 27","","hmx"
"hmx_20","41:low_high_not_rejected","low_high_not_rejected","1","hmx_published.pdf:Table A1, page 27","","hmx"
"hmx_20","42:low_high_not_rejected","low_high_not_rejected","1","hmx_published.pdf:Table A1, page 27","","hmx"
"hmx_21","43:low_high_not_rejected","low_high_not_rejected","1","hmx_published.pdf:Table A1, page 27","","hmx"
"hmx_21","44:low_high_not_rejected","low_high_not_rejected","1","hmx_published.pdf:Table A1, page 27","","hmx"
"hmx_22","45:low_high_not_rejected","low_high_not_rejected","1","hmx_published.pdf:Table A1, page 27","","hmx"
"hmx_22","46:low_high_not_rejected","low_high_not_rejected","1","hmx_published.pdf:Table A1, page 27","","hmx"
"hmx_01","1:severe_extrapolation","severe_extrapolation","1","hmx_published.pdf:Table A1, page 27","","hmx"
"hmx_02","2:severe_extrapolation","severe_extrapolation","1","hmx_published.pdf:Table A1, page 27","","hmx"
"hmx_02","3:severe_extrapolation","severe_extrapolation","1","hmx_published.pdf:Table A1, page 27","","hmx"
"hmx_03","4:severe_extrapolation","severe_extrapolation","0","hmx_published.pdf:Table A1, page 27","","hmx"
"hmx_03","5:severe_extrapolation","severe_extrapolation","1","hmx_published.pdf:Table A1, page 27","","hmx"
"hmx_03","6:severe_extrapolation","severe_extrapolation","1","hmx_published.pdf:Table A1, page 27","","hmx"
"hmx_04","7:severe_extrapolation","severe_extrapolation","0","hmx_published.pdf:Table A1, page 27","","hmx"
"hmx_04","8:severe_extrapolation","severe_extrapolation","1","hmx_published.pdf:Table A1, page 27","","hmx"
"hmx_05","9:severe_extrapolation","severe_extrapolation","1","hmx_published.pdf:Table A1, page 27","","hmx"
"hmx_05","10:severe_extrapolation","severe_extrapolation","0","hmx_published.pdf:Table A1, page 27","","hmx"
"hmx_05","11:severe_extrapolation","severe_extrapolation","1","hmx_published.pdf:Table A1, page 27","","hmx"
"hmx_05","12:severe_extrapolation","severe_extrapolation","0","hmx_published.pdf:Table A1, page 27","","hmx"
"hmx_06","13:severe_extrapolation","severe_extrapolation","1","hmx_published.pdf:Table A1, page 27","","hmx"
"hmx_07","14:severe_extrapolation","severe_extrapolation","1","hmx_published.pdf:Table A1, page 27","","hmx"
"hmx_08","15:severe_extrapolation","severe_extrapolation","0","hmx_published.pdf:Table A1, page 27","","hmx"
"hmx_08","16:severe_extrapolation","severe_extrapolation","0","hmx_published.pdf:Table A1, page 27","","hmx"
"hmx_08","17:severe_extrapolation","severe_extrapolation","0","hmx_published.pdf:Table A1, page 27","","hmx"
"hmx_08","18:severe_extrapolation","severe_extrapolation","1","hmx_published.pdf:Table A1, page 27","","hmx"
"hmx_09","19:severe_extrapolation","severe_extrapolation","1","hmx_published.pdf:Table A1, page 27","","hmx"
"hmx_10","20:severe_extrapolation","severe_extrapolation","0","hmx_published.pdf:Table A1, page 27","","hmx"
"hmx_10","21:severe_extrapolation","severe_extrapolation","1","hmx_published.pdf:Table A1, page 27","","hmx"
"hmx_11","22:severe_extrapolation","severe_extrapolation","0","hmx_published.pdf:Table A1, page 27","","hmx"
"hmx_12","23:severe_extrapolation","severe_extrapolation","0","hmx_published.pdf:Table A1, page 27","","hmx"
"hmx_12","24:severe_extrapolation","severe_extrapolation","0","hmx_published.pdf:Table A1, page 27","","hmx"
"hmx_13","25:severe_extrapolation","severe_extrapolation","0","hmx_published.pdf:Table A1, page 27","","hmx"
"hmx_13","26:severe_extrapolation","severe_extrapolation","0","hmx_published.pdf:Table A1, page 27","","hmx"
"hmx_13","27:severe_extrapolation","severe_extrapolation","0","hmx_published.pdf:Table A1, page 27","","hmx"
"hmx_14","28:severe_extrapolation","severe_extrapolation","1","hmx_published.pdf:Table A1, page 27","","hmx"
"hmx_14","29:severe_extrapolation","severe_extrapolation","1","hmx_published.pdf:Table A1, page 27","","hmx"
"hmx_14","30:severe_extrapolation","severe_extrapolation","1","hmx_published.pdf:Table A1, page 27","","hmx"
"hmx_14","31:severe_extrapolation","severe_extrapolation","1","hmx_published.pdf:Table A1, page 27","","hmx"
"hmx_15","32:severe_extrapolation","severe_extrapolation","0","hmx_published.pdf:Table A1, page 27","","hmx"
"hmx_16","33:severe_extrapolation","severe_extrapolation","1","hmx_published.pdf:Table A1, page 27","","hmx"
"hmx_16","34:severe_extrapolation","severe_extrapolation","1","hmx_published.pdf:Table A1, page 27","","hmx"
"hmx_17","35:severe_extrapolation","severe_extrapolation","0","hmx_published.pdf:Table A1, page 27","","hmx"
"hmx_17","36:severe_extrapolation","severe_extrapolation","0","hmx_published.pdf:Table A1, page 27","","hmx"
"hmx_18","37:severe_extrapolation","severe_extrapolation","0","hmx_published.pdf:Table A1, page 27","","hmx"
"hmx_19","38:severe_extrapolation","severe_extrapolation","0","hmx_published.pdf:Table A1, page 27","","hmx"
"hmx_20","39:severe_extrapolation","severe_extrapolation","0","hmx_published.pdf:Table A1, page 27","","hmx"
"hmx_20","40:severe_extrapolation","severe_extrapolation","1","hmx_published.pdf:Table A1, page 27","","hmx"
"hmx_20","41:severe_extrapolation","severe_extrapolation","0","hmx_published.pdf:Table A1, page 27","","hmx"
"hmx_20","42:severe_extrapolation","severe_extrapolation","1","hmx_published.pdf:Table A1, page 27","","hmx"
"hmx_21","43:severe_extrapolation","severe_extrapolation","1","hmx_published.pdf:Table A1, page 27","","hmx"
"hmx_21","44:severe_extrapolation","severe_extrapolation","1","hmx_published.pdf:Table A1, page 27","","hmx"
"hmx_22","45:severe_extrapolation","severe_extrapolation","0","hmx_published.pdf:Table A1, page 27","","hmx"
"hmx_22","46:severe_extrapolation","severe_extrapolation","0","hmx_published.pdf:Table A1, page 27","","hmx"
"hmx_01","1:linearity_rejected","linearity_rejected","0","hmx_published.pdf:Table A1, page 27","","hmx"
"hmx_02","2:linearity_rejected","linearity_rejected","1","hmx_published.pdf:Table A1, page 27","","hmx"
"hmx_02","3:linearity_rejected","linearity_rejected","1","hmx_published.pdf:Table A1, page 27","","hmx"
"hmx_03","4:linearity_rejected","linearity_rejected","0","hmx_published.pdf:Table A1, page 27","","hmx"
"hmx_03","5:linearity_rejected","linearity_rejected","0","hmx_published.pdf:Table A1, page 27","","hmx"
"hmx_03","6:linearity_rejected","linearity_rejected","0","hmx_published.pdf:Table A1, page 27","","hmx"
"hmx_04","7:linearity_rejected","linearity_rejected","1","hmx_published.pdf:Table A1, page 27","","hmx"
"hmx_04","8:linearity_rejected","linearity_rejected","1","hmx_published.pdf:Table A1, page 27","","hmx"
"hmx_05","9:linearity_rejected","linearity_rejected","0","hmx_published.pdf:Table A1, page 27","","hmx"
"hmx_05","10:linearity_rejected","linearity_rejected","","hmx_published.pdf:Table A1, page 27","","hmx"
"hmx_05","11:linearity_rejected","linearity_rejected","","hmx_published.pdf:Table A1, page 27","","hmx"
"hmx_05","12:linearity_rejected","linearity_rejected","","hmx_published.pdf:Table A1, page 27","","hmx"
"hmx_06","13:linearity_rejected","linearity_rejected","1","hmx_published.pdf:Table A1, page 27","","hmx"
"hmx_07","14:linearity_rejected","linearity_rejected","","hmx_published.pdf:Table A1, page 27","","hmx"
"hmx_08","15:linearity_rejected","linearity_rejected","1","hmx_published.pdf:Table A1, page 27","","hmx"
"hmx_08","16:linearity_rejected","linearity_rejected","1","hmx_published.pdf:Table A1, page 27","","hmx"
"hmx_08","17:linearity_rejected","linearity_rejected","1","hmx_published.pdf:Table A1, page 27","","hmx"
"hmx_08","18:linearity_rejected","linearity_rejected","1","hmx_published.pdf:Table A1, page 27","","hmx"
"hmx_09","19:linearity_rejected","linearity_rejected","0","hmx_published.pdf:Table A1, page 27","","hmx"
"hmx_10","20:linearity_rejected","linearity_rejected","0","hmx_published.pdf:Table A1, page 27","","hmx"
"hmx_10","21:linearity_rejected","linearity_rejected","0","hmx_published.pdf:Table A1, page 27","","hmx"
"hmx_11","22:linearity_rejected","linearity_rejected","0","hmx_published.pdf:Table A1, page 27","","hmx"
"hmx_12","23:linearity_rejected","linearity_rejected","0","hmx_published.pdf:Table A1, page 27","","hmx"
"hmx_12","24:linearity_rejected","linearity_rejected","0","hmx_published.pdf:Table A1, page 27","","hmx"
"hmx_13","25:linearity_rejected","linearity_rejected","1","hmx_published.pdf:Table A1, page 27","","hmx"
"hmx_13","26:linearity_rejected","linearity_rejected","1","hmx_published.pdf:Table A1, page 27","","hmx"
"hmx_13","27:linearity_rejected","linearity_rejected","1","hmx_published.pdf:Table A1, page 27","","hmx"
"hmx_14","28:linearity_rejected","linearity_rejected","1","hmx_published.pdf:Table A1, page 27","","hmx"
"hmx_14","29:linearity_rejected","linearity_rejected","1","hmx_published.pdf:Table A1, page 27","","hmx"
"hmx_14","30:linearity_rejected","linearity_rejected","0","hmx_published.pdf:Table A1, page 27","","hmx"
"hmx_14","31:linearity_rejected","linearity_rejected","1","hmx_published.pdf:Table A1, page 27","","hmx"
"hmx_15","32:linearity_rejected","linearity_rejected","1","hmx_published.pdf:Table A1, page 27","","hmx"
"hmx_16","33:linearity_rejected","linearity_rejected","1","hmx_published.pdf:Table A1, page 27","","hmx"
"hmx_16","34:linearity_rejected","linearity_rejected","1","hmx_published.pdf:Table A1, page 27","","hmx"
"hmx_17","35:linearity_rejected","linearity_rejected","0","hmx_published.pdf:Table A1, page 27","","hmx"
"hmx_17","36:linearity_rejected","linearity_rejected","0","hmx_published.pdf:Table A1, page 27","","hmx"
"hmx_18","37:linearity_rejected","linearity_rejected","0","hmx_published.pdf:Table A1, page 27","","hmx"
"hmx_19","38:linearity_rejected","linearity_rejected","0","hmx_published.pdf:Table A1, page 27","","hmx"
"hmx_20","39:linearity_rejected","linearity_rejected","1","hmx_published.pdf:Table A1, page 27","","hmx"
"hmx_20","40:linearity_rejected","linearity_rejected","1","hmx_published.pdf:Table A1, page 27","","hmx"
"hmx_20","41:linearity_rejected","linearity_rejected","1","hmx_published.pdf:Table A1, page 27","","hmx"
"hmx_20","42:linearity_rejected","linearity_rejected","0","hmx_published.pdf:Table A1, page 27","","hmx"
"hmx_21","43:linearity_rejected","linearity_rejected","0","hmx_published.pdf:Table A1, page 27","","hmx"
"hmx_21","44:linearity_rejected","linearity_rejected","0","hmx_published.pdf:Table A1, page 27","","hmx"
"hmx_22","45:linearity_rejected","linearity_rejected","0","hmx_published.pdf:Table A1, page 27","","hmx"
"hmx_22","46:linearity_rejected","linearity_rejected","1","hmx_published.pdf:Table A1, page 27","","hmx"
"panel_01","panel_01:att_p_below_05","att_p_below_05","true","panel_a.pdf:Table A1","","panel"
"panel_02","panel_02:att_p_below_05","att_p_below_05","false","panel_a.pdf:Table A1","","panel"
"panel_03","panel_03:att_p_below_05","att_p_below_05","true","panel_a.pdf:Table A1","","panel"
"panel_04","panel_04:att_p_below_05","att_p_below_05","false","panel_a.pdf:Table A1","","panel"
"panel_05","panel_05:att_p_below_05","att_p_below_05","true","panel_a.pdf:Table A1","","panel"
"panel_06","panel_06:att_p_below_05","att_p_below_05","true","panel_a.pdf:Table A1","","panel"
"panel_07","panel_07:att_p_below_05","att_p_below_05","false","panel_a.pdf:Table A1","","panel"
"panel_08","panel_08:att_p_below_05","att_p_below_05","true","panel_a.pdf:Table A1","","panel"
"panel_09","panel_09:att_p_below_05","att_p_below_05","false","panel_a.pdf:Table A1","","panel"
"panel_10","panel_10:att_p_below_05","att_p_below_05","true","panel_a.pdf:Table A1","","panel"
"panel_11","panel_11:att_p_below_05","att_p_below_05","true","panel_a.pdf:Table A1","","panel"
"panel_12","panel_12:att_p_below_05","att_p_below_05","true","panel_a.pdf:Table A1","","panel"
"panel_13","panel_13:att_p_below_05","att_p_below_05","true","panel_a.pdf:Table A1","","panel"
"panel_14","panel_14:att_p_below_05","att_p_below_05","false","panel_a.pdf:Table A1","","panel"
"panel_15","panel_15:att_p_below_05","att_p_below_05","true","panel_a.pdf:Table A1","","panel"
"panel_16","panel_16:att_p_below_05","att_p_below_05","true","panel_a.pdf:Table A1","","panel"
"panel_17","panel_17:att_p_below_05","att_p_below_05","true","panel_a.pdf:Table A1","","panel"
"panel_18","panel_18:att_p_below_05","att_p_below_05","true","panel_a.pdf:Table A1","","panel"
"panel_19","panel_19:att_p_below_05","att_p_below_05","true","panel_a.pdf:Table A1","","panel"
"panel_20","panel_20:att_p_below_05","att_p_below_05","true","panel_a.pdf:Table A1","","panel"
"panel_21","panel_21:att_p_below_05","att_p_below_05","true","panel_a.pdf:Table A1","","panel"
"panel_22","panel_22:att_p_below_05","att_p_below_05","false","panel_a.pdf:Table A1","","panel"
"panel_23","panel_23:att_p_below_05","att_p_below_05","true","panel_a.pdf:Table A1","","panel"
"panel_24","panel_24:att_p_below_05","att_p_below_05","true","panel_a.pdf:Table A1","","panel"
"panel_25","panel_25:att_p_below_05","att_p_below_05","true","panel_a.pdf:Table A1","","panel"
"panel_26","panel_26:att_p_below_05","att_p_below_05","false","panel_a.pdf:Table A1","","panel"
"panel_27","panel_27:att_p_below_05","att_p_below_05","true","panel_a.pdf:Table A1","","panel"
"panel_28","panel_28:att_p_below_05","att_p_below_05","true","panel_a.pdf:Table A1","","panel"
"panel_29","panel_29:att_p_below_05","att_p_below_05","true","panel_a.pdf:Table A1","","panel"
"panel_30","panel_30:att_p_below_05","att_p_below_05","false","panel_a.pdf:Table A1","","panel"
"panel_31","panel_31:att_p_below_05","att_p_below_05","true","panel_a.pdf:Table A1","","panel"
"panel_32","panel_32:att_p_below_05","att_p_below_05","true","panel_a.pdf:Table A1","","panel"
"panel_33","panel_33:att_p_below_05","att_p_below_05","true","panel_a.pdf:Table A1","","panel"
"panel_34","panel_34:att_p_below_05","att_p_below_05","true","panel_a.pdf:Table A1","","panel"
"panel_35","panel_35:att_p_below_05","att_p_below_05","true","panel_a.pdf:Table A1","","panel"
"panel_36","panel_36:att_p_below_05","att_p_below_05","true","panel_a.pdf:Table A1","","panel"
"panel_37","panel_37:att_p_below_05","att_p_below_05","true","panel_a.pdf:Table A1","","panel"
"panel_38","panel_38:att_p_below_05","att_p_below_05","true","panel_a.pdf:Table A1","","panel"
"panel_39","panel_39:att_p_below_05","att_p_below_05","false","panel_a.pdf:Table A1","","panel"
"panel_40","panel_40:att_p_below_05","att_p_below_05","false","panel_a.pdf:Table A1","","panel"
"panel_41","panel_41:att_p_below_05","att_p_below_05","true","panel_a.pdf:Table A1","","panel"
"panel_42","panel_42:att_p_below_05","att_p_below_05","true","panel_a.pdf:Table A1","","panel"
"panel_43","panel_43:att_p_below_05","att_p_below_05","true","panel_a.pdf:Table A1","","panel"
"panel_44","panel_44:att_p_below_05","att_p_below_05","true","panel_a.pdf:Table A1","","panel"
"panel_45","panel_45:att_p_below_05","att_p_below_05","true","panel_a.pdf:Table A1","","panel"
"panel_46","panel_46:att_p_below_05","att_p_below_05","true","panel_a.pdf:Table A1","","panel"
"panel_47","panel_47:att_p_below_05","att_p_below_05","true","panel_a.pdf:Table A1","","panel"
"panel_48","panel_48:att_p_below_05","att_p_below_05","false","panel_a.pdf:Table A1","","panel"
"panel_49","panel_49:att_p_below_05","att_p_below_05","false","panel_a.pdf:Table A1","","panel"
"panel_01","panel_01:pretrend_p_above_05","pretrend_p_above_05","true","panel_a.pdf:Table A1","","panel"
"panel_02","panel_02:pretrend_p_above_05","pretrend_p_above_05","true","panel_a.pdf:Table A1","","panel"
"panel_03","panel_03:pretrend_p_above_05","pretrend_p_above_05","not_applicable","panel_a.pdf:Table A1","","panel"
"panel_04","panel_04:pretrend_p_above_05","pretrend_p_above_05","true","panel_a.pdf:Table A1","","panel"
"panel_05","panel_05:pretrend_p_above_05","pretrend_p_above_05","false","panel_a.pdf:Table A1","","panel"
"panel_06","panel_06:pretrend_p_above_05","pretrend_p_above_05","true","panel_a.pdf:Table A1","","panel"
"panel_07","panel_07:pretrend_p_above_05","pretrend_p_above_05","true","panel_a.pdf:Table A1","","panel"
"panel_08","panel_08:pretrend_p_above_05","pretrend_p_above_05","true","panel_a.pdf:Table A1","","panel"
"panel_09","panel_09:pretrend_p_above_05","pretrend_p_above_05","false","panel_a.pdf:Table A1","","panel"
"panel_10","panel_10:pretrend_p_above_05","pretrend_p_above_05","true","panel_a.pdf:Table A1","","panel"
"panel_11","panel_11:pretrend_p_above_05","pretrend_p_above_05","true","panel_a.pdf:Table A1","","panel"
"panel_12","panel_12:pretrend_p_above_05","pretrend_p_above_05","true","panel_a.pdf:Table A1","","panel"
"panel_13","panel_13:pretrend_p_above_05","pretrend_p_above_05","false","panel_a.pdf:Table A1","","panel"
"panel_14","panel_14:pretrend_p_above_05","pretrend_p_above_05","true","panel_a.pdf:Table A1","","panel"
"panel_15","panel_15:pretrend_p_above_05","pretrend_p_above_05","false","panel_a.pdf:Table A1","","panel"
"panel_16","panel_16:pretrend_p_above_05","pretrend_p_above_05","false","panel_a.pdf:Table A1","","panel"
"panel_17","panel_17:pretrend_p_above_05","pretrend_p_above_05","true","panel_a.pdf:Table A1","","panel"
"panel_18","panel_18:pretrend_p_above_05","pretrend_p_above_05","false","panel_a.pdf:Table A1","","panel"
"panel_19","panel_19:pretrend_p_above_05","pretrend_p_above_05","true","panel_a.pdf:Table A1","","panel"
"panel_20","panel_20:pretrend_p_above_05","pretrend_p_above_05","true","panel_a.pdf:Table A1","","panel"
"panel_21","panel_21:pretrend_p_above_05","pretrend_p_above_05","true","panel_a.pdf:Table A1","","panel"
"panel_22","panel_22:pretrend_p_above_05","pretrend_p_above_05","true","panel_a.pdf:Table A1","","panel"
"panel_23","panel_23:pretrend_p_above_05","pretrend_p_above_05","true","panel_a.pdf:Table A1","","panel"
"panel_24","panel_24:pretrend_p_above_05","pretrend_p_above_05","true","panel_a.pdf:Table A1","","panel"
"panel_25","panel_25:pretrend_p_above_05","pretrend_p_above_05","false","panel_a.pdf:Table A1","","panel"
"panel_26","panel_26:pretrend_p_above_05","pretrend_p_above_05","true","panel_a.pdf:Table A1","","panel"
"panel_27","panel_27:pretrend_p_above_05","pretrend_p_above_05","true","panel_a.pdf:Table A1","","panel"
"panel_28","panel_28:pretrend_p_above_05","pretrend_p_above_05","true","panel_a.pdf:Table A1","","panel"
"panel_29","panel_29:pretrend_p_above_05","pretrend_p_above_05","true","panel_a.pdf:Table A1","","panel"
"panel_30","panel_30:pretrend_p_above_05","pretrend_p_above_05","true","panel_a.pdf:Table A1","","panel"
"panel_31","panel_31:pretrend_p_above_05","pretrend_p_above_05","true","panel_a.pdf:Table A1","","panel"
"panel_32","panel_32:pretrend_p_above_05","pretrend_p_above_05","true","panel_a.pdf:Table A1","","panel"
"panel_33","panel_33:pretrend_p_above_05","pretrend_p_above_05","true","panel_a.pdf:Table A1","","panel"
"panel_34","panel_34:pretrend_p_above_05","pretrend_p_above_05","false","panel_a.pdf:Table A1","","panel"
"panel_35","panel_35:pretrend_p_above_05","pretrend_p_above_05","true","panel_a.pdf:Table A1","","panel"
"panel_36","panel_36:pretrend_p_above_05","pretrend_p_above_05","false","panel_a.pdf:Table A1","","panel"
"panel_37","panel_37:pretrend_p_above_05","pretrend_p_above_05","true","panel_a.pdf:Table A1","","panel"
"panel_38","panel_38:pretrend_p_above_05","pretrend_p_above_05","true","panel_a.pdf:Table A1","","panel"
"panel_39","panel_39:pretrend_p_above_05","pretrend_p_above_05","true","panel_a.pdf:Table A1","","panel"
"panel_40","panel_40:pretrend_p_above_05","pretrend_p_above_05","false","panel_a.pdf:Table A1","","panel"
"panel_41","panel_41:pretrend_p_above_05","pretrend_p_above_05","not_applicable","panel_a.pdf:Table A1","","panel"
"panel_42","panel_42:pretrend_p_above_05","pretrend_p_above_05","false","panel_a.pdf:Table A1","","panel"
"panel_43","panel_43:pretrend_p_above_05","pretrend_p_above_05","true","panel_a.pdf:Table A1","","panel"
"panel_44","panel_44:pretrend_p_above_05","pretrend_p_above_05","not_applicable","panel_a.pdf:Table A1","","panel"
"panel_45","panel_45:pretrend_p_above_05","pretrend_p_above_05","true","panel_a.pdf:Table A1","","panel"
"panel_46","panel_46:pretrend_p_above_05","pretrend_p_above_05","not_applicable","panel_a.pdf:Table A1","","panel"
"panel_47","panel_47:pretrend_p_above_05","pretrend_p_above_05","true","panel_a.pdf:Table A1","","panel"
"panel_48","panel_48:pretrend_p_above_05","pretrend_p_above_05","false","panel_a.pdf:Table A1","","panel"
"panel_49","panel_49:pretrend_p_above_05","pretrend_p_above_05","not_applicable","panel_a.pdf:Table A1","","panel"
"panel_01","panel_01:placebo_p_above_05","placebo_p_above_05","true","panel_a.pdf:Table A1","","panel"
"panel_02","panel_02:placebo_p_above_05","placebo_p_above_05","true","panel_a.pdf:Table A1","","panel"
"panel_03","panel_03:placebo_p_above_05","placebo_p_above_05","not_applicable","panel_a.pdf:Table A1","","panel"
"panel_04","panel_04:placebo_p_above_05","placebo_p_above_05","true","panel_a.pdf:Table A1","","panel"
"panel_05","panel_05:placebo_p_above_05","placebo_p_above_05","false","panel_a.pdf:Table A1","","panel"
"panel_06","panel_06:placebo_p_above_05","placebo_p_above_05","true","panel_a.pdf:Table A1","","panel"
"panel_07","panel_07:placebo_p_above_05","placebo_p_above_05","true","panel_a.pdf:Table A1","","panel"
"panel_08","panel_08:placebo_p_above_05","placebo_p_above_05","true","panel_a.pdf:Table A1","","panel"
"panel_09","panel_09:placebo_p_above_05","placebo_p_above_05","true","panel_a.pdf:Table A1","","panel"
"panel_10","panel_10:placebo_p_above_05","placebo_p_above_05","true","panel_a.pdf:Table A1","","panel"
"panel_11","panel_11:placebo_p_above_05","placebo_p_above_05","true","panel_a.pdf:Table A1","","panel"
"panel_12","panel_12:placebo_p_above_05","placebo_p_above_05","true","panel_a.pdf:Table A1","","panel"
"panel_13","panel_13:placebo_p_above_05","placebo_p_above_05","false","panel_a.pdf:Table A1","","panel"
"panel_14","panel_14:placebo_p_above_05","placebo_p_above_05","true","panel_a.pdf:Table A1","","panel"
"panel_15","panel_15:placebo_p_above_05","placebo_p_above_05","false","panel_a.pdf:Table A1","","panel"
"panel_16","panel_16:placebo_p_above_05","placebo_p_above_05","false","panel_a.pdf:Table A1","","panel"
"panel_17","panel_17:placebo_p_above_05","placebo_p_above_05","true","panel_a.pdf:Table A1","","panel"
"panel_18","panel_18:placebo_p_above_05","placebo_p_above_05","false","panel_a.pdf:Table A1","","panel"
"panel_19","panel_19:placebo_p_above_05","placebo_p_above_05","true","panel_a.pdf:Table A1","","panel"
"panel_20","panel_20:placebo_p_above_05","placebo_p_above_05","true","panel_a.pdf:Table A1","","panel"
"panel_21","panel_21:placebo_p_above_05","placebo_p_above_05","true","panel_a.pdf:Table A1","","panel"
"panel_22","panel_22:placebo_p_above_05","placebo_p_above_05","true","panel_a.pdf:Table A1","","panel"
"panel_23","panel_23:placebo_p_above_05","placebo_p_above_05","true","panel_a.pdf:Table A1","","panel"
"panel_24","panel_24:placebo_p_above_05","placebo_p_above_05","true","panel_a.pdf:Table A1","","panel"
"panel_25","panel_25:placebo_p_above_05","placebo_p_above_05","false","panel_a.pdf:Table A1","","panel"
"panel_26","panel_26:placebo_p_above_05","placebo_p_above_05","true","panel_a.pdf:Table A1","","panel"
"panel_27","panel_27:placebo_p_above_05","placebo_p_above_05","true","panel_a.pdf:Table A1","","panel"
"panel_28","panel_28:placebo_p_above_05","placebo_p_above_05","true","panel_a.pdf:Table A1","","panel"
"panel_29","panel_29:placebo_p_above_05","placebo_p_above_05","false","panel_a.pdf:Table A1","","panel"
"panel_30","panel_30:placebo_p_above_05","placebo_p_above_05","true","panel_a.pdf:Table A1","","panel"
"panel_31","panel_31:placebo_p_above_05","placebo_p_above_05","true","panel_a.pdf:Table A1","","panel"
"panel_32","panel_32:placebo_p_above_05","placebo_p_above_05","true","panel_a.pdf:Table A1","","panel"
"panel_33","panel_33:placebo_p_above_05","placebo_p_above_05","true","panel_a.pdf:Table A1","","panel"
"panel_34","panel_34:placebo_p_above_05","placebo_p_above_05","false","panel_a.pdf:Table A1","","panel"
"panel_35","panel_35:placebo_p_above_05","placebo_p_above_05","true","panel_a.pdf:Table A1","","panel"
"panel_36","panel_36:placebo_p_above_05","placebo_p_above_05","false","panel_a.pdf:Table A1","","panel"
"panel_37","panel_37:placebo_p_above_05","placebo_p_above_05","true","panel_a.pdf:Table A1","","panel"
"panel_38","panel_38:placebo_p_above_05","placebo_p_above_05","true","panel_a.pdf:Table A1","","panel"
"panel_39","panel_39:placebo_p_above_05","placebo_p_above_05","true","panel_a.pdf:Table A1","","panel"
"panel_40","panel_40:placebo_p_above_05","placebo_p_above_05","true","panel_a.pdf:Table A1","","panel"
"panel_41","panel_41:placebo_p_above_05","placebo_p_above_05","not_applicable","panel_a.pdf:Table A1","","panel"
"panel_42","panel_42:placebo_p_above_05","placebo_p_above_05","false","panel_a.pdf:Table A1","","panel"
"panel_43","panel_43:placebo_p_above_05","placebo_p_above_05","true","panel_a.pdf:Table A1","","panel"
"panel_44","panel_44:placebo_p_above_05","placebo_p_above_05","not_applicable","panel_a.pdf:Table A1","","panel"
"panel_45","panel_45:placebo_p_above_05","placebo_p_above_05","true","panel_a.pdf:Table A1","","panel"
"panel_46","panel_46:placebo_p_above_05","placebo_p_above_05","not_applicable","panel_a.pdf:Table A1","","panel"
"panel_47","panel_47:placebo_p_above_05","placebo_p_above_05","false","panel_a.pdf:Table A1","","panel"
"panel_48","panel_48:placebo_p_above_05","placebo_p_above_05","true","panel_a.pdf:Table A1","","panel"
"panel_49","panel_49:placebo_p_above_05","placebo_p_above_05","true","panel_a.pdf:Table A1","","panel"
"panel_01","panel_01:carryover_p_above_05","carryover_p_above_05","true","panel_a.pdf:Table A1","","panel"
"panel_02","panel_02:carryover_p_above_05","carryover_p_above_05","not_applicable","panel_a.pdf:Table A1","","panel"
"panel_03","panel_03:carryover_p_above_05","carryover_p_above_05","not_applicable","panel_a.pdf:Table A1","","panel"
"panel_04","panel_04:carryover_p_above_05","carryover_p_above_05","true","panel_a.pdf:Table A1","","panel"
"panel_05","panel_05:carryover_p_above_05","carryover_p_above_05","true","panel_a.pdf:Table A1","","panel"
"panel_06","panel_06:carryover_p_above_05","carryover_p_above_05","true","panel_a.pdf:Table A1","","panel"
"panel_07","panel_07:carryover_p_above_05","carryover_p_above_05","not_applicable","panel_a.pdf:Table A1","","panel"
"panel_08","panel_08:carryover_p_above_05","carryover_p_above_05","false","panel_a.pdf:Table A1","","panel"
"panel_09","panel_09:carryover_p_above_05","carryover_p_above_05","not_applicable","panel_a.pdf:Table A1","","panel"
"panel_10","panel_10:carryover_p_above_05","carryover_p_above_05","true","panel_a.pdf:Table A1","","panel"
"panel_11","panel_11:carryover_p_above_05","carryover_p_above_05","true","panel_a.pdf:Table A1","","panel"
"panel_12","panel_12:carryover_p_above_05","carryover_p_above_05","not_applicable","panel_a.pdf:Table A1","","panel"
"panel_13","panel_13:carryover_p_above_05","carryover_p_above_05","false","panel_a.pdf:Table A1","","panel"
"panel_14","panel_14:carryover_p_above_05","carryover_p_above_05","not_applicable","panel_a.pdf:Table A1","","panel"
"panel_15","panel_15:carryover_p_above_05","carryover_p_above_05","not_applicable","panel_a.pdf:Table A1","","panel"
"panel_16","panel_16:carryover_p_above_05","carryover_p_above_05","true","panel_a.pdf:Table A1","","panel"
"panel_17","panel_17:carryover_p_above_05","carryover_p_above_05","true","panel_a.pdf:Table A1","","panel"
"panel_18","panel_18:carryover_p_above_05","carryover_p_above_05","true","panel_a.pdf:Table A1","","panel"
"panel_19","panel_19:carryover_p_above_05","carryover_p_above_05","not_applicable","panel_a.pdf:Table A1","","panel"
"panel_20","panel_20:carryover_p_above_05","carryover_p_above_05","not_applicable","panel_a.pdf:Table A1","","panel"
"panel_21","panel_21:carryover_p_above_05","carryover_p_above_05","true","panel_a.pdf:Table A1","","panel"
"panel_22","panel_22:carryover_p_above_05","carryover_p_above_05","false","panel_a.pdf:Table A1","","panel"
"panel_23","panel_23:carryover_p_above_05","carryover_p_above_05","true","panel_a.pdf:Table A1","","panel"
"panel_24","panel_24:carryover_p_above_05","carryover_p_above_05","not_applicable","panel_a.pdf:Table A1","","panel"
"panel_25","panel_25:carryover_p_above_05","carryover_p_above_05","false","panel_a.pdf:Table A1","","panel"
"panel_26","panel_26:carryover_p_above_05","carryover_p_above_05","not_applicable","panel_a.pdf:Table A1","","panel"
"panel_27","panel_27:carryover_p_above_05","carryover_p_above_05","not_applicable","panel_a.pdf:Table A1","","panel"
"panel_28","panel_28:carryover_p_above_05","carryover_p_above_05","true","panel_a.pdf:Table A1","","panel"
"panel_29","panel_29:carryover_p_above_05","carryover_p_above_05","true","panel_a.pdf:Table A1","","panel"
"panel_30","panel_30:carryover_p_above_05","carryover_p_above_05","not_applicable","panel_a.pdf:Table A1","","panel"
"panel_31","panel_31:carryover_p_above_05","carryover_p_above_05","not_applicable","panel_a.pdf:Table A1","","panel"
"panel_32","panel_32:carryover_p_above_05","carryover_p_above_05","not_applicable","panel_a.pdf:Table A1","","panel"
"panel_33","panel_33:carryover_p_above_05","carryover_p_above_05","not_applicable","panel_a.pdf:Table A1","","panel"
"panel_34","panel_34:carryover_p_above_05","carryover_p_above_05","not_applicable","panel_a.pdf:Table A1","","panel"
"panel_35","panel_35:carryover_p_above_05","carryover_p_above_05","not_applicable","panel_a.pdf:Table A1","","panel"
"panel_36","panel_36:carryover_p_above_05","carryover_p_above_05","false","panel_a.pdf:Table A1","","panel"
"panel_37","panel_37:carryover_p_above_05","carryover_p_above_05","not_applicable","panel_a.pdf:Table A1","","panel"
"panel_38","panel_38:carryover_p_above_05","carryover_p_above_05","true","panel_a.pdf:Table A1","","panel"
"panel_39","panel_39:carryover_p_above_05","carryover_p_above_05","true","panel_a.pdf:Table A1","","panel"
"panel_40","panel_40:carryover_p_above_05","carryover_p_above_05","true","panel_a.pdf:Table A1","","panel"
"panel_41","panel_41:carryover_p_above_05","carryover_p_above_05","not_applicable","panel_a.pdf:Table A1","","panel"
"panel_42","panel_42:carryover_p_above_05","carryover_p_above_05","false","panel_a.pdf:Table A1","","panel"
"panel_43","panel_43:carryover_p_above_05","carryover_p_above_05","true","panel_a.pdf:Table A1","","panel"
"panel_44","panel_44:carryover_p_above_05","carryover_p_above_05","not_applicable","panel_a.pdf:Table A1","","panel"
"panel_45","panel_45:carryover_p_above_05","carryover_p_above_05","true","panel_a.pdf:Table A1","","panel"
"panel_46","panel_46:carryover_p_above_05","carryover_p_above_05","false","panel_a.pdf:Table A1","","panel"
"panel_47","panel_47:carryover_p_above_05","carryover_p_above_05","not_applicable","panel_a.pdf:Table A1","","panel"
"panel_48","panel_48:carryover_p_above_05","carryover_p_above_05","false","panel_a.pdf:Table A1","","panel"
"panel_49","panel_49:carryover_p_above_05","carryover_p_above_05","true","panel_a.pdf:Table A1","","panel"
"panel_01","panel_01:breakdown_m","breakdown_m","0.00","panel_a.pdf:Table A1","","panel"
"panel_02","panel_02:breakdown_m","breakdown_m","0.14","panel_a.pdf:Table A1","","panel"
"panel_03","panel_03:breakdown_m","breakdown_m","n.a.","panel_a.pdf:Table A1","","panel"
"panel_04","panel_04:breakdown_m","breakdown_m","0.00","panel_a.pdf:Table A1","","panel"
"panel_05","panel_05:breakdown_m","breakdown_m","0.00","panel_a.pdf:Table A1","","panel"
"panel_06","panel_06:breakdown_m","breakdown_m","0.12","panel_a.pdf:Table A1","","panel"
"panel_07","panel_07:breakdown_m","breakdown_m","0.00","panel_a.pdf:Table A1","","panel"
"panel_08","panel_08:breakdown_m","breakdown_m","0.00","panel_a.pdf:Table A1","","panel"
"panel_09","panel_09:breakdown_m","breakdown_m","0.00","panel_a.pdf:Table A1","","panel"
"panel_10","panel_10:breakdown_m","breakdown_m","0.30","panel_a.pdf:Table A1","","panel"
"panel_11","panel_11:breakdown_m","breakdown_m","0.00","panel_a.pdf:Table A1","","panel"
"panel_12","panel_12:breakdown_m","breakdown_m","0.00","panel_a.pdf:Table A1","","panel"
"panel_13","panel_13:breakdown_m","breakdown_m","0.40","panel_a.pdf:Table A1","","panel"
"panel_14","panel_14:breakdown_m","breakdown_m","0.00","panel_a.pdf:Table A1","","panel"
"panel_15","panel_15:breakdown_m","breakdown_m","0.030","panel_a.pdf:Table A1","","panel"
"panel_16","panel_16:breakdown_m","breakdown_m","1.75","panel_a.pdf:Table A1","","panel"
"panel_17","panel_17:breakdown_m","breakdown_m","1.00","panel_a.pdf:Table A1","","panel"
"panel_18","panel_18:breakdown_m","breakdown_m","2.75","panel_a.pdf:Table A1","","panel"
"panel_19","panel_19:breakdown_m","breakdown_m","n.a.","panel_a.pdf:Table A1","","panel"
"panel_20","panel_20:breakdown_m","breakdown_m","0.00","panel_a.pdf:Table A1","","panel"
"panel_21","panel_21:breakdown_m","breakdown_m","0.15","panel_a.pdf:Table A1","","panel"
"panel_22","panel_22:breakdown_m","breakdown_m","0.00","panel_a.pdf:Table A1","","panel"
"panel_23","panel_23:breakdown_m","breakdown_m","2.50","panel_a.pdf:Table A1","","panel"
"panel_24","panel_24:breakdown_m","breakdown_m","0.45","panel_a.pdf:Table A1","","panel"
"panel_25","panel_25:breakdown_m","breakdown_m","0.80","panel_a.pdf:Table A1","","panel"
"panel_26","panel_26:breakdown_m","breakdown_m","0.00","panel_a.pdf:Table A1","","panel"
"panel_27","panel_27:breakdown_m","breakdown_m","0.10","panel_a.pdf:Table A1","","panel"
"panel_28","panel_28:breakdown_m","breakdown_m","0.00","panel_a.pdf:Table A1","","panel"
"panel_29","panel_29:breakdown_m","breakdown_m","0.10","panel_a.pdf:Table A1","","panel"
"panel_30","panel_30:breakdown_m","breakdown_m","0.00","panel_a.pdf:Table A1","","panel"
"panel_31","panel_31:breakdown_m","breakdown_m","0.05","panel_a.pdf:Table A1","","panel"
"panel_32","panel_32:breakdown_m","breakdown_m","0.00","panel_a.pdf:Table A1","","panel"
"panel_33","panel_33:breakdown_m","breakdown_m","0.10","panel_a.pdf:Table A1","","panel"
"panel_34","panel_34:breakdown_m","breakdown_m","1.50","panel_a.pdf:Table A1","","panel"
"panel_35","panel_35:breakdown_m","breakdown_m","0.00","panel_a.pdf:Table A1","","panel"
"panel_36","panel_36:breakdown_m","breakdown_m","0.000","panel_a.pdf:Table A1","","panel"
"panel_37","panel_37:breakdown_m","breakdown_m","0.12","panel_a.pdf:Table A1","","panel"
"panel_38","panel_38:breakdown_m","breakdown_m","0.00","panel_a.pdf:Table A1","","panel"
"panel_39","panel_39:breakdown_m","breakdown_m","0.00","panel_a.pdf:Table A1","","panel"
"panel_40","panel_40:breakdown_m","breakdown_m","0.00","panel_a.pdf:Table A1","","panel"
"panel_41","panel_41:breakdown_m","breakdown_m","n.a.","panel_a.pdf:Table A1","","panel"
"panel_42","panel_42:breakdown_m","breakdown_m","0.10","panel_a.pdf:Table A1","","panel"
"panel_43","panel_43:breakdown_m","breakdown_m","n.a.","panel_a.pdf:Table A1","","panel"
"panel_44","panel_44:breakdown_m","breakdown_m","n.a.","panel_a.pdf:Table A1","","panel"
"panel_45","panel_45:breakdown_m","breakdown_m","0.80","panel_a.pdf:Table A1","","panel"
"panel_46","panel_46:breakdown_m","breakdown_m","n.a.","panel_a.pdf:Table A1","","panel"
"panel_47","panel_47:breakdown_m","breakdown_m","0.50","panel_a.pdf:Table A1","","panel"
"panel_48","panel_48:breakdown_m","breakdown_m","0.00","panel_a.pdf:Table A1","","panel"
"panel_49","panel_49:breakdown_m","breakdown_m","n.a.","panel_a.pdf:Table A1","","panel"
