article_id,year,citations,status
i4r_9008b2600de80c,2022,4,complete
i4r_9008b2600de80c,2023,5,complete
i4r_9008b2600de80c,2024,1,complete
i4r_9008b2600de80c,2025,10,complete
i4r_ece0397b04bfa9,2017,3,complete
i4r_ece0397b04bfa9,2018,4,complete
i4r_ece0397b04bfa9,2019,4,complete
i4r_ece0397b04bfa9,2020,4,complete
i4r_ece0397b04bfa9,2021,5,complete
i4r_ece0397b04bfa9,2022,5,complete
i4r_ece0397b04bfa9,2023,4,complete
i4r_ece0397b04bfa9,2024,11,complete
i4r_ece0397b04bfa9,2025,5,complete
i4r_9add9d2fff6627,2022,6,complete
i4r_9add9d2fff6627,2023,9,complete
i4r_9add9d2fff6627,2024,13,complete
i4r_9add9d2fff6627,2025,12,complete
i4r_40a2331682db05,2021,1,complete
i4r_40a2331682db05,2022,2,complete
i4r_40a2331682db05,2023,2,complete
i4r_40a2331682db05,2024,6,complete
i4r_40a2331682db05,2025,4,complete
i4r_943c99d2618261,2022,1,complete
i4r_943c99d2618261,2023,15,complete
i4r_943c99d2618261,2024,26,complete
i4r_943c99d2618261,2025,34,complete
i4r_f0ac45a4d0b553,2022,0,complete
i4r_f0ac45a4d0b553,2023,9,complete
i4r_f0ac45a4d0b553,2024,12,complete
i4r_f0ac45a4d0b553,2025,21,complete
i4r_19321c88424658,2019,8,complete
i4r_19321c88424658,2020,8,complete
i4r_19321c88424658,2021,38,complete
i4r_19321c88424658,2022,48,complete
i4r_19321c88424658,2023,80,complete
i4r_19321c88424658,2024,85,complete
i4r_19321c88424658,2025,103,complete
i4r_d25399d7025632,2024,5,complete
i4r_d25399d7025632,2025,1,complete
i4r_81ed5e78bd7922,2021,2,complete
i4r_81ed5e78bd7922,2022,8,complete
i4r_81ed5e78bd7922,2023,12,complete
i4r_81ed5e78bd7922,2024,4,complete
i4r_81ed5e78bd7922,2025,8,complete
i4r_bbc3a15a115bdf,2024,1,complete
i4r_bbc3a15a115bdf,2025,3,complete
i4r_b909931e3840c4,2019,4,complete
i4r_b909931e3840c4,2020,8,complete
i4r_b909931e3840c4,2021,17,complete
i4r_b909931e3840c4,2022,13,complete
i4r_b909931e3840c4,2023,19,complete
i4r_b909931e3840c4,2024,30,complete
i4r_b909931e3840c4,2025,21,complete
i4r_fb4ff09a1124e4,2018,0,complete
i4r_fb4ff09a1124e4,2019,1,complete
i4r_fb4ff09a1124e4,2020,1,complete
i4r_fb4ff09a1124e4,2021,3,complete
i4r_fb4ff09a1124e4,2022,3,complete
i4r_fb4ff09a1124e4,2023,1,complete
i4r_fb4ff09a1124e4,2024,1,complete
i4r_fb4ff09a1124e4,2025,4,complete
i4r_20d617740fb019,2022,1,complete
i4r_20d617740fb019,2023,1,complete
i4r_20d617740fb019,2024,4,complete
i4r_20d617740fb019,2025,10,complete
i4r_55d334eaeb4010,2021,2,complete
i4r_55d334eaeb4010,2022,16,complete
i4r_55d334eaeb4010,2023,33,complete
i4r_55d334eaeb4010,2024,38,complete
i4r_55d334eaeb4010,2025,64,complete
i4r_f45e09f5bc283f,2017,16,complete
i4r_f45e09f5bc283f,2018,17,complete
i4r_f45e09f5bc283f,2019,26,complete
i4r_f45e09f5bc283f,2020,23,complete
i4r_f45e09f5bc283f,2021,19,complete
i4r_f45e09f5bc283f,2022,15,complete
i4r_f45e09f5bc283f,2023,26,complete
i4r_f45e09f5bc283f,2024,24,complete
i4r_f45e09f5bc283f,2025,29,complete
i4r_4ce7d02a3a4801,2020,2,complete
i4r_4ce7d02a3a4801,2021,1,complete
i4r_4ce7d02a3a4801,2022,6,complete
i4r_4ce7d02a3a4801,2023,8,complete
i4r_4ce7d02a3a4801,2024,5,complete
i4r_4ce7d02a3a4801,2025,8,complete
i4r_ecb666850e02da,2025,8,complete
i4r_34409cd0399949,2023,4,complete
i4r_34409cd0399949,2024,1,complete
i4r_34409cd0399949,2025,3,complete
i4r_5dfaf41eeeee6a,2024,0,complete
i4r_5dfaf41eeeee6a,2025,2,complete
i4r_3b061a93c341ed,2022,5,complete
i4r_3b061a93c341ed,2023,7,complete
i4r_3b061a93c341ed,2024,7,complete
i4r_3b061a93c341ed,2025,14,complete
i4r_0d99e2b3dcaee6,2022,1,complete
i4r_0d99e2b3dcaee6,2023,4,complete
i4r_0d99e2b3dcaee6,2024,4,complete
i4r_0d99e2b3dcaee6,2025,5,complete
control_00259acb491fb2,2017,0,complete
control_00259acb491fb2,2018,0,complete
control_00259acb491fb2,2019,0,complete
control_00259acb491fb2,2020,0,complete
control_00259acb491fb2,2021,0,complete
control_00259acb491fb2,2022,0,complete
control_00259acb491fb2,2023,0,complete
control_00259acb491fb2,2024,0,complete
control_00259acb491fb2,2025,0,complete
control_005c4a6749de6b,2020,1,complete
control_005c4a6749de6b,2021,3,complete
control_005c4a6749de6b,2022,3,complete
control_005c4a6749de6b,2023,3,complete
control_005c4a6749de6b,2024,1,complete
control_005c4a6749de6b,2025,2,complete
control_006bbb9378ee19,2018,2,complete
control_006bbb9378ee19,2019,14,complete
control_006bbb9378ee19,2020,10,complete
control_006bbb9378ee19,2021,15,complete
control_006bbb9378ee19,2022,20,complete
control_006bbb9378ee19,2023,10,complete
control_006bbb9378ee19,2024,12,complete
control_006bbb9378ee19,2025,13,complete
control_009476583d0084,2017,2,complete
control_009476583d0084,2018,2,complete
control_009476583d0084,2019,5,complete
control_009476583d0084,2020,3,complete
control_009476583d0084,2021,3,complete
control_009476583d0084,2022,5,complete
control_009476583d0084,2023,2,complete
control_009476583d0084,2024,3,complete
control_009476583d0084,2025,4,complete
control_00a64a51d73ccc,2019,0,complete
control_00a64a51d73ccc,2020,0,complete
control_00a64a51d73ccc,2021,0,complete
control_00a64a51d73ccc,2022,0,complete
control_00a64a51d73ccc,2023,0,complete
control_00a64a51d73ccc,2024,0,complete
control_00a64a51d73ccc,2025,0,complete
control_00c0043950d889,2018,0,complete
control_00c0043950d889,2019,0,complete
control_00c0043950d889,2020,1,complete
control_00c0043950d889,2021,0,complete
control_00c0043950d889,2022,1,complete
control_00c0043950d889,2023,0,complete
control_00c0043950d889,2024,1,complete
control_00c0043950d889,2025,2,complete
control_00d3bd3e1f17e4,2021,5,complete
control_00d3bd3e1f17e4,2022,7,complete
control_00d3bd3e1f17e4,2023,4,complete
control_00d3bd3e1f17e4,2024,5,complete
control_00d3bd3e1f17e4,2025,6,complete
control_01035a6e1e6061,2022,1,complete
control_01035a6e1e6061,2023,0,complete
control_01035a6e1e6061,2024,1,complete
control_01035a6e1e6061,2025,1,complete
control_01347e7b66baad,2018,0,complete
control_01347e7b66baad,2019,0,complete
control_01347e7b66baad,2020,0,complete
control_01347e7b66baad,2021,2,complete
control_01347e7b66baad,2022,0,complete
control_01347e7b66baad,2023,0,complete
control_01347e7b66baad,2024,2,complete
control_01347e7b66baad,2025,2,complete
control_01fe71544cbf18,2017,0,complete
control_01fe71544cbf18,2018,0,complete
control_01fe71544cbf18,2019,0,complete
control_01fe71544cbf18,2020,1,complete
control_01fe71544cbf18,2021,0,complete
control_01fe71544cbf18,2022,0,complete
control_01fe71544cbf18,2023,0,complete
control_01fe71544cbf18,2024,1,complete
control_01fe71544cbf18,2025,0,complete
control_026112fcc97eef,2018,0,complete
control_026112fcc97eef,2019,0,complete
control_026112fcc97eef,2020,4,complete
control_026112fcc97eef,2021,5,complete
control_026112fcc97eef,2022,5,complete
control_026112fcc97eef,2023,2,complete
control_026112fcc97eef,2024,4,complete
control_026112fcc97eef,2025,4,complete
control_028d211a7c99e7,2017,0,complete
control_028d211a7c99e7,2018,0,complete
control_028d211a7c99e7,2019,2,complete
control_028d211a7c99e7,2020,3,complete
control_028d211a7c99e7,2021,9,complete
control_028d211a7c99e7,2022,5,complete
control_028d211a7c99e7,2023,2,complete
control_028d211a7c99e7,2024,0,complete
control_028d211a7c99e7,2025,4,complete
control_0368d048cb3743,2018,0,complete
control_0368d048cb3743,2019,1,complete
control_0368d048cb3743,2020,3,complete
control_0368d048cb3743,2021,1,complete
control_0368d048cb3743,2022,5,complete
control_0368d048cb3743,2023,1,complete
control_0368d048cb3743,2024,2,complete
control_0368d048cb3743,2025,2,complete
control_036ff77f09c171,2021,9,complete
control_036ff77f09c171,2022,9,complete
control_036ff77f09c171,2023,7,complete
control_036ff77f09c171,2024,17,complete
control_036ff77f09c171,2025,10,complete
control_03c527c6193ade,2019,1,complete
control_03c527c6193ade,2020,4,complete
control_03c527c6193ade,2021,5,complete
control_03c527c6193ade,2022,1,complete
control_03c527c6193ade,2023,5,complete
control_03c527c6193ade,2024,9,complete
control_03c527c6193ade,2025,9,complete
control_03c78549c51812,2017,2,complete
control_03c78549c51812,2018,4,complete
control_03c78549c51812,2019,4,complete
control_03c78549c51812,2020,4,complete
control_03c78549c51812,2021,5,complete
control_03c78549c51812,2022,5,complete
control_03c78549c51812,2023,6,complete
control_03c78549c51812,2024,6,complete
control_03c78549c51812,2025,3,complete
control_03d259d8d365a7,2020,6,complete
control_03d259d8d365a7,2021,14,complete
control_03d259d8d365a7,2022,27,complete
control_03d259d8d365a7,2023,44,complete
control_03d259d8d365a7,2024,47,complete
control_03d259d8d365a7,2025,38,complete
control_03fc4df8a61958,2017,0,complete
control_03fc4df8a61958,2018,1,complete
control_03fc4df8a61958,2019,1,complete
control_03fc4df8a61958,2020,1,complete
control_03fc4df8a61958,2021,1,complete
control_03fc4df8a61958,2022,3,complete
control_03fc4df8a61958,2023,2,complete
control_03fc4df8a61958,2024,4,complete
control_03fc4df8a61958,2025,2,complete
control_041d8cfa848ca3,2017,0,complete
control_041d8cfa848ca3,2018,1,complete
control_041d8cfa848ca3,2019,1,complete
control_041d8cfa848ca3,2020,3,complete
control_041d8cfa848ca3,2021,1,complete
control_041d8cfa848ca3,2022,3,complete
control_041d8cfa848ca3,2023,1,complete
control_041d8cfa848ca3,2024,2,complete
control_041d8cfa848ca3,2025,4,complete
control_0436cd1342bc42,2017,0,complete
control_0436cd1342bc42,2018,0,complete
control_0436cd1342bc42,2019,0,complete
control_0436cd1342bc42,2020,3,complete
control_0436cd1342bc42,2021,2,complete
control_0436cd1342bc42,2022,1,complete
control_0436cd1342bc42,2023,3,complete
control_0436cd1342bc42,2024,5,complete
control_0436cd1342bc42,2025,1,complete
control_046311309f78cc,2021,0,complete
control_046311309f78cc,2022,1,complete
control_046311309f78cc,2023,8,complete
control_046311309f78cc,2024,10,complete
control_046311309f78cc,2025,10,complete
control_04cdf568036066,2017,1,complete
control_04cdf568036066,2018,3,complete
control_04cdf568036066,2019,6,complete
control_04cdf568036066,2020,5,complete
control_04cdf568036066,2021,7,complete
control_04cdf568036066,2022,4,complete
control_04cdf568036066,2023,10,complete
control_04cdf568036066,2024,1,complete
control_04cdf568036066,2025,1,complete
control_0523b77c849d2f,2017,1,complete
control_0523b77c849d2f,2018,3,complete
control_0523b77c849d2f,2019,3,complete
control_0523b77c849d2f,2020,1,complete
control_0523b77c849d2f,2021,2,complete
control_0523b77c849d2f,2022,5,complete
control_0523b77c849d2f,2023,1,complete
control_0523b77c849d2f,2024,3,complete
control_0523b77c849d2f,2025,2,complete
control_05729f0f25f43f,2018,0,complete
control_05729f0f25f43f,2019,0,complete
control_05729f0f25f43f,2020,0,complete
control_05729f0f25f43f,2021,0,complete
control_05729f0f25f43f,2022,4,complete
control_05729f0f25f43f,2023,2,complete
control_05729f0f25f43f,2024,0,complete
control_05729f0f25f43f,2025,1,complete
control_057ebf0dee3047,2021,0,complete
control_057ebf0dee3047,2022,2,complete
control_057ebf0dee3047,2023,2,complete
control_057ebf0dee3047,2024,3,complete
control_057ebf0dee3047,2025,3,complete
control_0582b910900f44,2018,1,complete
control_0582b910900f44,2019,1,complete
control_0582b910900f44,2020,3,complete
control_0582b910900f44,2021,4,complete
control_0582b910900f44,2022,8,complete
control_0582b910900f44,2023,3,complete
control_0582b910900f44,2024,2,complete
control_0582b910900f44,2025,3,complete
control_063004d85656e5,2018,1,complete
control_063004d85656e5,2019,1,complete
control_063004d85656e5,2020,6,complete
control_063004d85656e5,2021,6,complete
control_063004d85656e5,2022,2,complete
control_063004d85656e5,2023,2,complete
control_063004d85656e5,2024,5,complete
control_063004d85656e5,2025,3,complete
control_0694bc2c26b688,2017,0,complete
control_0694bc2c26b688,2018,0,complete
control_0694bc2c26b688,2019,0,complete
control_0694bc2c26b688,2020,0,complete
control_0694bc2c26b688,2021,0,complete
control_0694bc2c26b688,2022,1,complete
control_0694bc2c26b688,2023,0,complete
control_0694bc2c26b688,2024,0,complete
control_0694bc2c26b688,2025,0,complete
control_06f0b711137db0,2018,4,complete
control_06f0b711137db0,2019,10,complete
control_06f0b711137db0,2020,9,complete
control_06f0b711137db0,2021,17,complete
control_06f0b711137db0,2022,22,complete
control_06f0b711137db0,2023,27,complete
control_06f0b711137db0,2024,14,complete
control_06f0b711137db0,2025,13,complete
control_070b00594c8c6b,2017,1,complete
control_070b00594c8c6b,2018,2,complete
control_070b00594c8c6b,2019,0,complete
control_070b00594c8c6b,2020,2,complete
control_070b00594c8c6b,2021,2,complete
control_070b00594c8c6b,2022,3,complete
control_070b00594c8c6b,2023,2,complete
control_070b00594c8c6b,2024,2,complete
control_070b00594c8c6b,2025,1,complete
control_07aa92147730dc,2017,2,complete
control_07aa92147730dc,2018,1,complete
control_07aa92147730dc,2019,5,complete
control_07aa92147730dc,2020,3,complete
control_07aa92147730dc,2021,1,complete
control_07aa92147730dc,2022,2,complete
control_07aa92147730dc,2023,2,complete
control_07aa92147730dc,2024,2,complete
control_07aa92147730dc,2025,2,complete
control_080cdf83f6f93c,2017,4,complete
control_080cdf83f6f93c,2018,3,complete
control_080cdf83f6f93c,2019,6,complete
control_080cdf83f6f93c,2020,5,complete
control_080cdf83f6f93c,2021,5,complete
control_080cdf83f6f93c,2022,11,complete
control_080cdf83f6f93c,2023,7,complete
control_080cdf83f6f93c,2024,8,complete
control_080cdf83f6f93c,2025,4,complete
control_082bdd4bac2644,2018,1,complete
control_082bdd4bac2644,2019,6,complete
control_082bdd4bac2644,2020,8,complete
control_082bdd4bac2644,2021,9,complete
control_082bdd4bac2644,2022,8,complete
control_082bdd4bac2644,2023,4,complete
control_082bdd4bac2644,2024,5,complete
control_082bdd4bac2644,2025,14,complete
control_084c96e5bc25da,2022,11,complete
control_084c96e5bc25da,2023,24,complete
control_084c96e5bc25da,2024,35,complete
control_084c96e5bc25da,2025,34,complete
control_08751260307f55,2022,0,complete
control_08751260307f55,2023,7,complete
control_08751260307f55,2024,10,complete
control_08751260307f55,2025,8,complete
control_093b5fbc483c22,2018,0,complete
control_093b5fbc483c22,2019,0,complete
control_093b5fbc483c22,2020,0,complete
control_093b5fbc483c22,2021,1,complete
control_093b5fbc483c22,2022,0,complete
control_093b5fbc483c22,2023,0,complete
control_093b5fbc483c22,2024,0,complete
control_093b5fbc483c22,2025,0,complete
control_09535fa602a605,2019,0,complete
control_09535fa602a605,2020,0,complete
control_09535fa602a605,2021,0,complete
control_09535fa602a605,2022,1,complete
control_09535fa602a605,2023,1,complete
control_09535fa602a605,2024,0,complete
control_09535fa602a605,2025,2,complete
control_097293b25ad151,2020,1,complete
control_097293b25ad151,2021,3,complete
control_097293b25ad151,2022,5,complete
control_097293b25ad151,2023,0,complete
control_097293b25ad151,2024,1,complete
control_097293b25ad151,2025,2,complete
control_09820167eef52d,2017,0,complete
control_09820167eef52d,2018,1,complete
control_09820167eef52d,2019,1,complete
control_09820167eef52d,2020,2,complete
control_09820167eef52d,2021,1,complete
control_09820167eef52d,2022,0,complete
control_09820167eef52d,2023,1,complete
control_09820167eef52d,2024,0,complete
control_09820167eef52d,2025,0,complete
control_09a28ea2aa806f,2017,8,complete
control_09a28ea2aa806f,2018,8,complete
control_09a28ea2aa806f,2019,10,complete
control_09a28ea2aa806f,2020,12,complete
control_09a28ea2aa806f,2021,6,complete
control_09a28ea2aa806f,2022,7,complete
control_09a28ea2aa806f,2023,5,complete
control_09a28ea2aa806f,2024,12,complete
control_09a28ea2aa806f,2025,6,complete
control_09abb91724d953,2017,2,complete
control_09abb91724d953,2018,5,complete
control_09abb91724d953,2019,8,complete
control_09abb91724d953,2020,10,complete
control_09abb91724d953,2021,7,complete
control_09abb91724d953,2022,13,complete
control_09abb91724d953,2023,18,complete
control_09abb91724d953,2024,12,complete
control_09abb91724d953,2025,15,complete
control_09ff1e92e210fe,2021,1,complete
control_09ff1e92e210fe,2022,3,complete
control_09ff1e92e210fe,2023,5,complete
control_09ff1e92e210fe,2024,2,complete
control_09ff1e92e210fe,2025,3,complete
control_0a271e7051eb29,2020,5,complete
control_0a271e7051eb29,2021,15,complete
control_0a271e7051eb29,2022,20,complete
control_0a271e7051eb29,2023,24,complete
control_0a271e7051eb29,2024,25,complete
control_0a271e7051eb29,2025,23,complete
control_0aa3abfa25f2b0,2018,2,complete
control_0aa3abfa25f2b0,2019,1,complete
control_0aa3abfa25f2b0,2020,3,complete
control_0aa3abfa25f2b0,2021,10,complete
control_0aa3abfa25f2b0,2022,15,complete
control_0aa3abfa25f2b0,2023,8,complete
control_0aa3abfa25f2b0,2024,9,complete
control_0aa3abfa25f2b0,2025,10,complete
control_0ad0c4fabd60a6,2019,3,complete
control_0ad0c4fabd60a6,2020,5,complete
control_0ad0c4fabd60a6,2021,2,complete
control_0ad0c4fabd60a6,2022,1,complete
control_0ad0c4fabd60a6,2023,2,complete
control_0ad0c4fabd60a6,2024,3,complete
control_0ad0c4fabd60a6,2025,4,complete
control_0af0a84740cc66,2022,3,complete
control_0af0a84740cc66,2023,11,complete
control_0af0a84740cc66,2024,15,complete
control_0af0a84740cc66,2025,18,complete
control_0afbd785bc8a21,2017,2,complete
control_0afbd785bc8a21,2018,2,complete
control_0afbd785bc8a21,2019,3,complete
control_0afbd785bc8a21,2020,6,complete
control_0afbd785bc8a21,2021,4,complete
control_0afbd785bc8a21,2022,1,complete
control_0afbd785bc8a21,2023,2,complete
control_0afbd785bc8a21,2024,0,complete
control_0afbd785bc8a21,2025,2,complete
control_0b0a83874bba9a,2019,0,complete
control_0b0a83874bba9a,2020,2,complete
control_0b0a83874bba9a,2021,5,complete
control_0b0a83874bba9a,2022,6,complete
control_0b0a83874bba9a,2023,6,complete
control_0b0a83874bba9a,2024,15,complete
control_0b0a83874bba9a,2025,14,complete
control_0b9196a7ffc23f,2017,0,complete
control_0b9196a7ffc23f,2018,1,complete
control_0b9196a7ffc23f,2019,0,complete
control_0b9196a7ffc23f,2020,2,complete
control_0b9196a7ffc23f,2021,1,complete
control_0b9196a7ffc23f,2022,0,complete
control_0b9196a7ffc23f,2023,0,complete
control_0b9196a7ffc23f,2024,1,complete
control_0b9196a7ffc23f,2025,0,complete
control_0bf75b011a02d5,2019,2,complete
control_0bf75b011a02d5,2020,6,complete
control_0bf75b011a02d5,2021,9,complete
control_0bf75b011a02d5,2022,14,complete
control_0bf75b011a02d5,2023,10,complete
control_0bf75b011a02d5,2024,12,complete
control_0bf75b011a02d5,2025,13,complete
control_0c77131a05ee5e,2018,9,complete
control_0c77131a05ee5e,2019,20,complete
control_0c77131a05ee5e,2020,27,complete
control_0c77131a05ee5e,2021,28,complete
control_0c77131a05ee5e,2022,46,complete
control_0c77131a05ee5e,2023,51,complete
control_0c77131a05ee5e,2024,61,complete
control_0c77131a05ee5e,2025,69,complete
control_0c99b81ca4ef46,2019,10,complete
control_0c99b81ca4ef46,2020,11,complete
control_0c99b81ca4ef46,2021,9,complete
control_0c99b81ca4ef46,2022,13,complete
control_0c99b81ca4ef46,2023,15,complete
control_0c99b81ca4ef46,2024,10,complete
control_0c99b81ca4ef46,2025,14,complete
control_0cf1cf73e7ec5d,2021,2,complete
control_0cf1cf73e7ec5d,2022,10,complete
control_0cf1cf73e7ec5d,2023,20,complete
control_0cf1cf73e7ec5d,2024,22,complete
control_0cf1cf73e7ec5d,2025,29,complete
control_0d63e7f40d8691,2021,1,complete
control_0d63e7f40d8691,2022,1,complete
control_0d63e7f40d8691,2023,2,complete
control_0d63e7f40d8691,2024,3,complete
control_0d63e7f40d8691,2025,2,complete
control_0d87981d539ab4,2021,1,complete
control_0d87981d539ab4,2022,8,complete
control_0d87981d539ab4,2023,10,complete
control_0d87981d539ab4,2024,15,complete
control_0d87981d539ab4,2025,11,complete
control_0db118efc377e8,2021,4,complete
control_0db118efc377e8,2022,4,complete
control_0db118efc377e8,2023,15,complete
control_0db118efc377e8,2024,18,complete
control_0db118efc377e8,2025,14,complete
control_0dd2c98fab61a5,2021,8,complete
control_0dd2c98fab61a5,2022,22,complete
control_0dd2c98fab61a5,2023,38,complete
control_0dd2c98fab61a5,2024,37,complete
control_0dd2c98fab61a5,2025,60,complete
control_0dff7bac63903b,2021,0,complete
control_0dff7bac63903b,2022,1,complete
control_0dff7bac63903b,2023,2,complete
control_0dff7bac63903b,2024,4,complete
control_0dff7bac63903b,2025,4,complete
control_0ecf5b030d9e6c,2021,7,complete
control_0ecf5b030d9e6c,2022,24,complete
control_0ecf5b030d9e6c,2023,37,complete
control_0ecf5b030d9e6c,2024,55,complete
control_0ecf5b030d9e6c,2025,62,complete
control_0ed256733e8a63,2020,40,complete
control_0ed256733e8a63,2021,83,complete
control_0ed256733e8a63,2022,139,complete
control_0ed256733e8a63,2023,180,complete
control_0ed256733e8a63,2024,281,complete
control_0ed256733e8a63,2025,368,complete
control_0eddc7266a9b01,2017,5,complete
control_0eddc7266a9b01,2018,4,complete
control_0eddc7266a9b01,2019,7,complete
control_0eddc7266a9b01,2020,8,complete
control_0eddc7266a9b01,2021,7,complete
control_0eddc7266a9b01,2022,8,complete
control_0eddc7266a9b01,2023,10,complete
control_0eddc7266a9b01,2024,12,complete
control_0eddc7266a9b01,2025,3,complete
control_0eea55b5691d72,2018,14,complete
control_0eea55b5691d72,2019,26,complete
control_0eea55b5691d72,2020,39,complete
control_0eea55b5691d72,2021,64,complete
control_0eea55b5691d72,2022,85,complete
control_0eea55b5691d72,2023,74,complete
control_0eea55b5691d72,2024,90,complete
control_0eea55b5691d72,2025,81,complete
control_0eee91265067b9,2018,2,complete
control_0eee91265067b9,2019,8,complete
control_0eee91265067b9,2020,3,complete
control_0eee91265067b9,2021,11,complete
control_0eee91265067b9,2022,10,complete
control_0eee91265067b9,2023,13,complete
control_0eee91265067b9,2024,16,complete
control_0eee91265067b9,2025,26,complete
control_0f5efe1427f0c7,2017,1,complete
control_0f5efe1427f0c7,2018,2,complete
control_0f5efe1427f0c7,2019,5,complete
control_0f5efe1427f0c7,2020,5,complete
control_0f5efe1427f0c7,2021,5,complete
control_0f5efe1427f0c7,2022,4,complete
control_0f5efe1427f0c7,2023,5,complete
control_0f5efe1427f0c7,2024,4,complete
control_0f5efe1427f0c7,2025,1,complete
control_0f75856414fbd7,2017,9,complete
control_0f75856414fbd7,2018,6,complete
control_0f75856414fbd7,2019,6,complete
control_0f75856414fbd7,2020,9,complete
control_0f75856414fbd7,2021,5,complete
control_0f75856414fbd7,2022,11,complete
control_0f75856414fbd7,2023,8,complete
control_0f75856414fbd7,2024,5,complete
control_0f75856414fbd7,2025,5,complete
control_0fd76ba983cbdc,2019,1,complete
control_0fd76ba983cbdc,2020,5,complete
control_0fd76ba983cbdc,2021,8,complete
control_0fd76ba983cbdc,2022,3,complete
control_0fd76ba983cbdc,2023,6,complete
control_0fd76ba983cbdc,2024,5,complete
control_0fd76ba983cbdc,2025,3,complete
control_10cdeb08ec8199,2017,0,complete
control_10cdeb08ec8199,2018,1,complete
control_10cdeb08ec8199,2019,2,complete
control_10cdeb08ec8199,2020,2,complete
control_10cdeb08ec8199,2021,1,complete
control_10cdeb08ec8199,2022,0,complete
control_10cdeb08ec8199,2023,2,complete
control_10cdeb08ec8199,2024,0,complete
control_10cdeb08ec8199,2025,1,complete
control_114db2f03d81e6,2017,1,complete
control_114db2f03d81e6,2018,3,complete
control_114db2f03d81e6,2019,2,complete
control_114db2f03d81e6,2020,2,complete
control_114db2f03d81e6,2021,0,complete
control_114db2f03d81e6,2022,1,complete
control_114db2f03d81e6,2023,0,complete
control_114db2f03d81e6,2024,0,complete
control_114db2f03d81e6,2025,0,complete
control_11540c15bdf741,2021,3,complete
control_11540c15bdf741,2022,8,complete
control_11540c15bdf741,2023,7,complete
control_11540c15bdf741,2024,10,complete
control_11540c15bdf741,2025,11,complete
control_11ada61a6e6de0,2017,4,complete
control_11ada61a6e6de0,2018,4,complete
control_11ada61a6e6de0,2019,5,complete
control_11ada61a6e6de0,2020,4,complete
control_11ada61a6e6de0,2021,4,complete
control_11ada61a6e6de0,2022,10,complete
control_11ada61a6e6de0,2023,10,complete
control_11ada61a6e6de0,2024,14,complete
control_11ada61a6e6de0,2025,8,complete
control_11cf0757c2c2ea,2018,0,complete
control_11cf0757c2c2ea,2019,0,complete
control_11cf0757c2c2ea,2020,0,complete
control_11cf0757c2c2ea,2021,0,complete
control_11cf0757c2c2ea,2022,0,complete
control_11cf0757c2c2ea,2023,0,complete
control_11cf0757c2c2ea,2024,0,complete
control_11cf0757c2c2ea,2025,0,complete
control_12649a1c209fae,2017,2,complete
control_12649a1c209fae,2018,2,complete
control_12649a1c209fae,2019,4,complete
control_12649a1c209fae,2020,5,complete
control_12649a1c209fae,2021,10,complete
control_12649a1c209fae,2022,6,complete
control_12649a1c209fae,2023,4,complete
control_12649a1c209fae,2024,3,complete
control_12649a1c209fae,2025,2,complete
control_128fb8a6143a4c,2018,2,complete
control_128fb8a6143a4c,2019,7,complete
control_128fb8a6143a4c,2020,8,complete
control_128fb8a6143a4c,2021,13,complete
control_128fb8a6143a4c,2022,9,complete
control_128fb8a6143a4c,2023,13,complete
control_128fb8a6143a4c,2024,15,complete
control_128fb8a6143a4c,2025,15,complete
control_12c81bbf1e22d5,2017,0,complete
control_12c81bbf1e22d5,2018,0,complete
control_12c81bbf1e22d5,2019,1,complete
control_12c81bbf1e22d5,2020,0,complete
control_12c81bbf1e22d5,2021,1,complete
control_12c81bbf1e22d5,2022,1,complete
control_12c81bbf1e22d5,2023,0,complete
control_12c81bbf1e22d5,2024,0,complete
control_12c81bbf1e22d5,2025,3,complete
control_13d49c760b4d67,2017,1,complete
control_13d49c760b4d67,2018,2,complete
control_13d49c760b4d67,2019,0,complete
control_13d49c760b4d67,2020,3,complete
control_13d49c760b4d67,2021,0,complete
control_13d49c760b4d67,2022,5,complete
control_13d49c760b4d67,2023,4,complete
control_13d49c760b4d67,2024,1,complete
control_13d49c760b4d67,2025,1,complete
control_13e1712908b9bf,2018,2,complete
control_13e1712908b9bf,2019,5,complete
control_13e1712908b9bf,2020,5,complete
control_13e1712908b9bf,2021,8,complete
control_13e1712908b9bf,2022,10,complete
control_13e1712908b9bf,2023,4,complete
control_13e1712908b9bf,2024,6,complete
control_13e1712908b9bf,2025,5,complete
control_13f565073713ba,2018,2,complete
control_13f565073713ba,2019,2,complete
control_13f565073713ba,2020,10,complete
control_13f565073713ba,2021,9,complete
control_13f565073713ba,2022,8,complete
control_13f565073713ba,2023,7,complete
control_13f565073713ba,2024,9,complete
control_13f565073713ba,2025,6,complete
control_13f955a006ca08,2017,0,complete
control_13f955a006ca08,2018,0,complete
control_13f955a006ca08,2019,1,complete
control_13f955a006ca08,2020,0,complete
control_13f955a006ca08,2021,0,complete
control_13f955a006ca08,2022,1,complete
control_13f955a006ca08,2023,0,complete
control_13f955a006ca08,2024,0,complete
control_13f955a006ca08,2025,0,complete
control_1431b7ebb8a315,2022,1,complete
control_1431b7ebb8a315,2023,1,complete
control_1431b7ebb8a315,2024,2,complete
control_1431b7ebb8a315,2025,4,complete
control_1496d45f1aad6b,2018,0,complete
control_1496d45f1aad6b,2019,3,complete
control_1496d45f1aad6b,2020,3,complete
control_1496d45f1aad6b,2021,1,complete
control_1496d45f1aad6b,2022,5,complete
control_1496d45f1aad6b,2023,6,complete
control_1496d45f1aad6b,2024,1,complete
control_1496d45f1aad6b,2025,4,complete
control_1506e4b9ca99e3,2020,4,complete
control_1506e4b9ca99e3,2021,27,complete
control_1506e4b9ca99e3,2022,32,complete
control_1506e4b9ca99e3,2023,30,complete
control_1506e4b9ca99e3,2024,37,complete
control_1506e4b9ca99e3,2025,70,complete
control_15209eed6713cf,2020,4,complete
control_15209eed6713cf,2021,10,complete
control_15209eed6713cf,2022,21,complete
control_15209eed6713cf,2023,20,complete
control_15209eed6713cf,2024,16,complete
control_15209eed6713cf,2025,31,complete
control_1548f1d3272306,2018,1,complete
control_1548f1d3272306,2019,0,complete
control_1548f1d3272306,2020,6,complete
control_1548f1d3272306,2021,9,complete
control_1548f1d3272306,2022,3,complete
control_1548f1d3272306,2023,2,complete
control_1548f1d3272306,2024,4,complete
control_1548f1d3272306,2025,4,complete
control_15700cebe5ceda,2021,0,complete
control_15700cebe5ceda,2022,1,complete
control_15700cebe5ceda,2023,0,complete
control_15700cebe5ceda,2024,6,complete
control_15700cebe5ceda,2025,5,complete
control_15c90711079397,2017,0,complete
control_15c90711079397,2018,0,complete
control_15c90711079397,2019,4,complete
control_15c90711079397,2020,7,complete
control_15c90711079397,2021,12,complete
control_15c90711079397,2022,11,complete
control_15c90711079397,2023,15,complete
control_15c90711079397,2024,7,complete
control_15c90711079397,2025,10,complete
control_15d40335788eff,2022,1,complete
control_15d40335788eff,2023,2,complete
control_15d40335788eff,2024,0,complete
control_15d40335788eff,2025,1,complete
control_15f47fb3eb8360,2018,1,complete
control_15f47fb3eb8360,2019,0,complete
control_15f47fb3eb8360,2020,0,complete
control_15f47fb3eb8360,2021,2,complete
control_15f47fb3eb8360,2022,1,complete
control_15f47fb3eb8360,2023,5,complete
control_15f47fb3eb8360,2024,3,complete
control_15f47fb3eb8360,2025,3,complete
control_167bb7c958bf2d,2019,0,complete
control_167bb7c958bf2d,2020,2,complete
control_167bb7c958bf2d,2021,8,complete
control_167bb7c958bf2d,2022,9,complete
control_167bb7c958bf2d,2023,6,complete
control_167bb7c958bf2d,2024,4,complete
control_167bb7c958bf2d,2025,10,complete
control_16806b04b59199,2019,2,complete
control_16806b04b59199,2020,2,complete
control_16806b04b59199,2021,2,complete
control_16806b04b59199,2022,8,complete
control_16806b04b59199,2023,10,complete
control_16806b04b59199,2024,6,complete
control_16806b04b59199,2025,5,complete
control_16c2287aa1478c,2017,1,complete
control_16c2287aa1478c,2018,1,complete
control_16c2287aa1478c,2019,1,complete
control_16c2287aa1478c,2020,1,complete
control_16c2287aa1478c,2021,1,complete
control_16c2287aa1478c,2022,1,complete
control_16c2287aa1478c,2023,1,complete
control_16c2287aa1478c,2024,0,complete
control_16c2287aa1478c,2025,1,complete
control_1728d41df2dc90,2017,0,complete
control_1728d41df2dc90,2018,3,complete
control_1728d41df2dc90,2019,3,complete
control_1728d41df2dc90,2020,3,complete
control_1728d41df2dc90,2021,1,complete
control_1728d41df2dc90,2022,3,complete
control_1728d41df2dc90,2023,3,complete
control_1728d41df2dc90,2024,2,complete
control_1728d41df2dc90,2025,1,complete
control_17663bc73cbc21,2018,3,complete
control_17663bc73cbc21,2019,3,complete
control_17663bc73cbc21,2020,6,complete
control_17663bc73cbc21,2021,11,complete
control_17663bc73cbc21,2022,8,complete
control_17663bc73cbc21,2023,12,complete
control_17663bc73cbc21,2024,13,complete
control_17663bc73cbc21,2025,8,complete
control_17714869d754ca,2017,8,complete
control_17714869d754ca,2018,6,complete
control_17714869d754ca,2019,7,complete
control_17714869d754ca,2020,8,complete
control_17714869d754ca,2021,6,complete
control_17714869d754ca,2022,7,complete
control_17714869d754ca,2023,7,complete
control_17714869d754ca,2024,10,complete
control_17714869d754ca,2025,3,complete
control_17746bd6ef8503,2020,0,complete
control_17746bd6ef8503,2021,0,complete
control_17746bd6ef8503,2022,3,complete
control_17746bd6ef8503,2023,3,complete
control_17746bd6ef8503,2024,0,complete
control_17746bd6ef8503,2025,2,complete
control_1783c2843fad43,2021,4,complete
control_1783c2843fad43,2022,7,complete
control_1783c2843fad43,2023,16,complete
control_1783c2843fad43,2024,25,complete
control_1783c2843fad43,2025,22,complete
control_17a7dfcce19819,2019,4,complete
control_17a7dfcce19819,2020,11,complete
control_17a7dfcce19819,2021,10,complete
control_17a7dfcce19819,2022,11,complete
control_17a7dfcce19819,2023,13,complete
control_17a7dfcce19819,2024,5,complete
control_17a7dfcce19819,2025,7,complete
control_1820db733f7137,2022,1,complete
control_1820db733f7137,2023,7,complete
control_1820db733f7137,2024,6,complete
control_1820db733f7137,2025,11,complete
control_182bcd019ba0d7,2017,0,complete
control_182bcd019ba0d7,2018,0,complete
control_182bcd019ba0d7,2019,6,complete
control_182bcd019ba0d7,2020,10,complete
control_182bcd019ba0d7,2021,6,complete
control_182bcd019ba0d7,2022,14,complete
control_182bcd019ba0d7,2023,6,complete
control_182bcd019ba0d7,2024,12,complete
control_182bcd019ba0d7,2025,12,complete
control_1831052c68ce3f,2022,5,complete
control_1831052c68ce3f,2023,12,complete
control_1831052c68ce3f,2024,15,complete
control_1831052c68ce3f,2025,9,complete
control_183a03fb4eaf8f,2022,0,complete
control_183a03fb4eaf8f,2023,3,complete
control_183a03fb4eaf8f,2024,3,complete
control_183a03fb4eaf8f,2025,3,complete
control_1859d12ce7f444,2019,4,complete
control_1859d12ce7f444,2020,5,complete
control_1859d12ce7f444,2021,8,complete
control_1859d12ce7f444,2022,6,complete
control_1859d12ce7f444,2023,6,complete
control_1859d12ce7f444,2024,5,complete
control_1859d12ce7f444,2025,3,complete
control_186ca3530426bc,2020,6,complete
control_186ca3530426bc,2021,4,complete
control_186ca3530426bc,2022,2,complete
control_186ca3530426bc,2023,4,complete
control_186ca3530426bc,2024,6,complete
control_186ca3530426bc,2025,5,complete
control_18fc68aa07de3b,2017,0,complete
control_18fc68aa07de3b,2018,0,complete
control_18fc68aa07de3b,2019,1,complete
control_18fc68aa07de3b,2020,0,complete
control_18fc68aa07de3b,2021,1,complete
control_18fc68aa07de3b,2022,1,complete
control_18fc68aa07de3b,2023,0,complete
control_18fc68aa07de3b,2024,0,complete
control_18fc68aa07de3b,2025,1,complete
control_197a72c60f934c,2018,1,complete
control_197a72c60f934c,2019,10,complete
control_197a72c60f934c,2020,12,complete
control_197a72c60f934c,2021,19,complete
control_197a72c60f934c,2022,17,complete
control_197a72c60f934c,2023,20,complete
control_197a72c60f934c,2024,27,complete
control_197a72c60f934c,2025,26,complete
control_199d3cb30c9d9f,2018,1,complete
control_199d3cb30c9d9f,2019,4,complete
control_199d3cb30c9d9f,2020,11,complete
control_199d3cb30c9d9f,2021,14,complete
control_199d3cb30c9d9f,2022,13,complete
control_199d3cb30c9d9f,2023,7,complete
control_199d3cb30c9d9f,2024,10,complete
control_199d3cb30c9d9f,2025,15,complete
control_1a225f4d28ef9c,2020,9,complete
control_1a225f4d28ef9c,2021,14,complete
control_1a225f4d28ef9c,2022,25,complete
control_1a225f4d28ef9c,2023,22,complete
control_1a225f4d28ef9c,2024,22,complete
control_1a225f4d28ef9c,2025,47,complete
control_1a2693f37eb29d,2018,6,complete
control_1a2693f37eb29d,2019,11,complete
control_1a2693f37eb29d,2020,23,complete
control_1a2693f37eb29d,2021,32,complete
control_1a2693f37eb29d,2022,49,complete
control_1a2693f37eb29d,2023,49,complete
control_1a2693f37eb29d,2024,31,complete
control_1a2693f37eb29d,2025,56,complete
control_1a507a0377e0c8,2019,14,complete
control_1a507a0377e0c8,2020,29,complete
control_1a507a0377e0c8,2021,39,complete
control_1a507a0377e0c8,2022,40,complete
control_1a507a0377e0c8,2023,54,complete
control_1a507a0377e0c8,2024,51,complete
control_1a507a0377e0c8,2025,44,complete
control_1a67c6de9824b0,2022,3,complete
control_1a67c6de9824b0,2023,1,complete
control_1a67c6de9824b0,2024,1,complete
control_1a67c6de9824b0,2025,1,complete
control_1ad15ee4f75bb7,2017,0,complete
control_1ad15ee4f75bb7,2018,3,complete
control_1ad15ee4f75bb7,2019,2,complete
control_1ad15ee4f75bb7,2020,7,complete
control_1ad15ee4f75bb7,2021,4,complete
control_1ad15ee4f75bb7,2022,5,complete
control_1ad15ee4f75bb7,2023,2,complete
control_1ad15ee4f75bb7,2024,3,complete
control_1ad15ee4f75bb7,2025,2,complete
control_1b178c9dd1948a,2021,5,complete
control_1b178c9dd1948a,2022,9,complete
control_1b178c9dd1948a,2023,15,complete
control_1b178c9dd1948a,2024,11,complete
control_1b178c9dd1948a,2025,22,complete
control_1b284d63b9aa0a,2021,10,complete
control_1b284d63b9aa0a,2022,4,complete
control_1b284d63b9aa0a,2023,11,complete
control_1b284d63b9aa0a,2024,13,complete
control_1b284d63b9aa0a,2025,11,complete
control_1b62a41b083c7a,2019,3,complete
control_1b62a41b083c7a,2020,8,complete
control_1b62a41b083c7a,2021,12,complete
control_1b62a41b083c7a,2022,14,complete
control_1b62a41b083c7a,2023,30,complete
control_1b62a41b083c7a,2024,22,complete
control_1b62a41b083c7a,2025,28,complete
control_1b70951011e006,2019,3,complete
control_1b70951011e006,2020,8,complete
control_1b70951011e006,2021,27,complete
control_1b70951011e006,2022,35,complete
control_1b70951011e006,2023,30,complete
control_1b70951011e006,2024,33,complete
control_1b70951011e006,2025,41,complete
control_1b94225d974a6b,2017,0,complete
control_1b94225d974a6b,2018,1,complete
control_1b94225d974a6b,2019,1,complete
control_1b94225d974a6b,2020,0,complete
control_1b94225d974a6b,2021,0,complete
control_1b94225d974a6b,2022,0,complete
control_1b94225d974a6b,2023,0,complete
control_1b94225d974a6b,2024,0,complete
control_1b94225d974a6b,2025,1,complete
control_1bd40a130ecb60,2019,5,complete
control_1bd40a130ecb60,2020,6,complete
control_1bd40a130ecb60,2021,14,complete
control_1bd40a130ecb60,2022,10,complete
control_1bd40a130ecb60,2023,8,complete
control_1bd40a130ecb60,2024,13,complete
control_1bd40a130ecb60,2025,11,complete
control_1be53cbe39de48,2021,3,complete
control_1be53cbe39de48,2022,3,complete
control_1be53cbe39de48,2023,4,complete
control_1be53cbe39de48,2024,4,complete
control_1be53cbe39de48,2025,5,complete
control_1c6f835de852e1,2021,0,complete
control_1c6f835de852e1,2022,3,complete
control_1c6f835de852e1,2023,5,complete
control_1c6f835de852e1,2024,5,complete
control_1c6f835de852e1,2025,3,complete
control_1c72e8c2189c23,2017,2,complete
control_1c72e8c2189c23,2018,2,complete
control_1c72e8c2189c23,2019,4,complete
control_1c72e8c2189c23,2020,1,complete
control_1c72e8c2189c23,2021,4,complete
control_1c72e8c2189c23,2022,2,complete
control_1c72e8c2189c23,2023,6,complete
control_1c72e8c2189c23,2024,0,complete
control_1c72e8c2189c23,2025,6,complete
control_1ce99598291f10,2017,1,complete
control_1ce99598291f10,2018,1,complete
control_1ce99598291f10,2019,1,complete
control_1ce99598291f10,2020,4,complete
control_1ce99598291f10,2021,2,complete
control_1ce99598291f10,2022,0,complete
control_1ce99598291f10,2023,3,complete
control_1ce99598291f10,2024,2,complete
control_1ce99598291f10,2025,1,complete
control_1d5aa4748447f3,2019,0,complete
control_1d5aa4748447f3,2020,1,complete
control_1d5aa4748447f3,2021,2,complete
control_1d5aa4748447f3,2022,4,complete
control_1d5aa4748447f3,2023,5,complete
control_1d5aa4748447f3,2024,3,complete
control_1d5aa4748447f3,2025,4,complete
control_1d5c942b817d75,2021,1,complete
control_1d5c942b817d75,2022,0,complete
control_1d5c942b817d75,2023,9,complete
control_1d5c942b817d75,2024,3,complete
control_1d5c942b817d75,2025,4,complete
control_1dc8c75afec3c1,2019,1,complete
control_1dc8c75afec3c1,2020,6,complete
control_1dc8c75afec3c1,2021,5,complete
control_1dc8c75afec3c1,2022,8,complete
control_1dc8c75afec3c1,2023,5,complete
control_1dc8c75afec3c1,2024,5,complete
control_1dc8c75afec3c1,2025,2,complete
control_1dcc75fb6fd79e,2017,4,complete
control_1dcc75fb6fd79e,2018,6,complete
control_1dcc75fb6fd79e,2019,7,complete
control_1dcc75fb6fd79e,2020,7,complete
control_1dcc75fb6fd79e,2021,5,complete
control_1dcc75fb6fd79e,2022,6,complete
control_1dcc75fb6fd79e,2023,6,complete
control_1dcc75fb6fd79e,2024,3,complete
control_1dcc75fb6fd79e,2025,3,complete
control_1e686028b7c37c,2017,0,complete
control_1e686028b7c37c,2018,0,complete
control_1e686028b7c37c,2019,0,complete
control_1e686028b7c37c,2020,1,complete
control_1e686028b7c37c,2021,2,complete
control_1e686028b7c37c,2022,3,complete
control_1e686028b7c37c,2023,3,complete
control_1e686028b7c37c,2024,3,complete
control_1e686028b7c37c,2025,2,complete
control_1ee550cda7c1d2,2018,6,complete
control_1ee550cda7c1d2,2019,8,complete
control_1ee550cda7c1d2,2020,14,complete
control_1ee550cda7c1d2,2021,21,complete
control_1ee550cda7c1d2,2022,19,complete
control_1ee550cda7c1d2,2023,21,complete
control_1ee550cda7c1d2,2024,20,complete
control_1ee550cda7c1d2,2025,17,complete
control_1f02433d216f2f,2017,2,complete
control_1f02433d216f2f,2018,0,complete
control_1f02433d216f2f,2019,2,complete
control_1f02433d216f2f,2020,1,complete
control_1f02433d216f2f,2021,3,complete
control_1f02433d216f2f,2022,2,complete
control_1f02433d216f2f,2023,1,complete
control_1f02433d216f2f,2024,3,complete
control_1f02433d216f2f,2025,2,complete
control_1f8ac271552596,2020,1,complete
control_1f8ac271552596,2021,2,complete
control_1f8ac271552596,2022,2,complete
control_1f8ac271552596,2023,3,complete
control_1f8ac271552596,2024,7,complete
control_1f8ac271552596,2025,7,complete
control_1ff1fd62df7892,2017,4,complete
control_1ff1fd62df7892,2018,8,complete
control_1ff1fd62df7892,2019,5,complete
control_1ff1fd62df7892,2020,5,complete
control_1ff1fd62df7892,2021,4,complete
control_1ff1fd62df7892,2022,1,complete
control_1ff1fd62df7892,2023,3,complete
control_1ff1fd62df7892,2024,2,complete
control_1ff1fd62df7892,2025,1,complete
control_20ef8495387442,2022,1,complete
control_20ef8495387442,2023,6,complete
control_20ef8495387442,2024,4,complete
control_20ef8495387442,2025,7,complete
control_210817ac4d5efa,2022,6,complete
control_210817ac4d5efa,2023,7,complete
control_210817ac4d5efa,2024,13,complete
control_210817ac4d5efa,2025,11,complete
control_21470a70e2f339,2019,3,complete
control_21470a70e2f339,2020,10,complete
control_21470a70e2f339,2021,21,complete
control_21470a70e2f339,2022,15,complete
control_21470a70e2f339,2023,19,complete
control_21470a70e2f339,2024,21,complete
control_21470a70e2f339,2025,11,complete
control_21a0ce8ecf69f4,2020,17,complete
control_21a0ce8ecf69f4,2021,21,complete
control_21a0ce8ecf69f4,2022,48,complete
control_21a0ce8ecf69f4,2023,46,complete
control_21a0ce8ecf69f4,2024,75,complete
control_21a0ce8ecf69f4,2025,80,complete
control_2207684513f2be,2017,22,complete
control_2207684513f2be,2018,31,complete
control_2207684513f2be,2019,40,complete
control_2207684513f2be,2020,57,complete
control_2207684513f2be,2021,59,complete
control_2207684513f2be,2022,134,complete
control_2207684513f2be,2023,168,complete
control_2207684513f2be,2024,194,complete
control_2207684513f2be,2025,228,complete
control_220cb229a49d06,2021,17,complete
control_220cb229a49d06,2022,34,complete
control_220cb229a49d06,2023,30,complete
control_220cb229a49d06,2024,36,complete
control_220cb229a49d06,2025,27,complete
control_221278fd92a2b7,2019,0,complete
control_221278fd92a2b7,2020,7,complete
control_221278fd92a2b7,2021,10,complete
control_221278fd92a2b7,2022,6,complete
control_221278fd92a2b7,2023,9,complete
control_221278fd92a2b7,2024,11,complete
control_221278fd92a2b7,2025,4,complete
control_224c9653260507,2021,6,complete
control_224c9653260507,2022,8,complete
control_224c9653260507,2023,11,complete
control_224c9653260507,2024,20,complete
control_224c9653260507,2025,24,complete
control_2294cb518d3673,2018,0,complete
control_2294cb518d3673,2019,1,complete
control_2294cb518d3673,2020,2,complete
control_2294cb518d3673,2021,4,complete
control_2294cb518d3673,2022,1,complete
control_2294cb518d3673,2023,1,complete
control_2294cb518d3673,2024,2,complete
control_2294cb518d3673,2025,3,complete
control_2308b46ef7b996,2017,1,complete
control_2308b46ef7b996,2018,2,complete
control_2308b46ef7b996,2019,1,complete
control_2308b46ef7b996,2020,5,complete
control_2308b46ef7b996,2021,2,complete
control_2308b46ef7b996,2022,5,complete
control_2308b46ef7b996,2023,2,complete
control_2308b46ef7b996,2024,2,complete
control_2308b46ef7b996,2025,4,complete
control_230b743084a420,2018,0,complete
control_230b743084a420,2019,0,complete
control_230b743084a420,2020,3,complete
control_230b743084a420,2021,0,complete
control_230b743084a420,2022,1,complete
control_230b743084a420,2023,2,complete
control_230b743084a420,2024,0,complete
control_230b743084a420,2025,2,complete
control_241b1b2acc9585,2018,0,complete
control_241b1b2acc9585,2019,0,complete
control_241b1b2acc9585,2020,4,complete
control_241b1b2acc9585,2021,1,complete
control_241b1b2acc9585,2022,1,complete
control_241b1b2acc9585,2023,2,complete
control_241b1b2acc9585,2024,0,complete
control_241b1b2acc9585,2025,1,complete
control_24da7c498202bf,2018,2,complete
control_24da7c498202bf,2019,0,complete
control_24da7c498202bf,2020,4,complete
control_24da7c498202bf,2021,5,complete
control_24da7c498202bf,2022,8,complete
control_24da7c498202bf,2023,5,complete
control_24da7c498202bf,2024,2,complete
control_24da7c498202bf,2025,5,complete
control_25193743ea1032,2017,1,complete
control_25193743ea1032,2018,3,complete
control_25193743ea1032,2019,6,complete
control_25193743ea1032,2020,6,complete
control_25193743ea1032,2021,11,complete
control_25193743ea1032,2022,9,complete
control_25193743ea1032,2023,13,complete
control_25193743ea1032,2024,9,complete
control_25193743ea1032,2025,2,complete
control_2530aa8b434a19,2020,2,complete
control_2530aa8b434a19,2021,3,complete
control_2530aa8b434a19,2022,2,complete
control_2530aa8b434a19,2023,2,complete
control_2530aa8b434a19,2024,2,complete
control_2530aa8b434a19,2025,3,complete
control_2536c116e35f30,2017,1,complete
control_2536c116e35f30,2018,1,complete
control_2536c116e35f30,2019,1,complete
control_2536c116e35f30,2020,1,complete
control_2536c116e35f30,2021,0,complete
control_2536c116e35f30,2022,0,complete
control_2536c116e35f30,2023,1,complete
control_2536c116e35f30,2024,0,complete
control_2536c116e35f30,2025,0,complete
control_25580b1b44b7f4,2017,1,complete
control_25580b1b44b7f4,2018,4,complete
control_25580b1b44b7f4,2019,6,complete
control_25580b1b44b7f4,2020,3,complete
control_25580b1b44b7f4,2021,3,complete
control_25580b1b44b7f4,2022,2,complete
control_25580b1b44b7f4,2023,2,complete
control_25580b1b44b7f4,2024,3,complete
control_25580b1b44b7f4,2025,3,complete
control_25fb763c531347,2021,4,complete
control_25fb763c531347,2022,49,complete
control_25fb763c531347,2023,107,complete
control_25fb763c531347,2024,190,complete
control_25fb763c531347,2025,325,complete
control_261f700c55a16b,2017,0,complete
control_261f700c55a16b,2018,0,complete
control_261f700c55a16b,2019,0,complete
control_261f700c55a16b,2020,1,complete
control_261f700c55a16b,2021,2,complete
control_261f700c55a16b,2022,0,complete
control_261f700c55a16b,2023,3,complete
control_261f700c55a16b,2024,0,complete
control_261f700c55a16b,2025,2,complete
control_2638c55ce87751,2022,4,complete
control_2638c55ce87751,2023,4,complete
control_2638c55ce87751,2024,10,complete
control_2638c55ce87751,2025,5,complete
control_26628a858b2711,2019,1,complete
control_26628a858b2711,2020,5,complete
control_26628a858b2711,2021,4,complete
control_26628a858b2711,2022,13,complete
control_26628a858b2711,2023,7,complete
control_26628a858b2711,2024,16,complete
control_26628a858b2711,2025,10,complete
control_2666a7a5b985f0,2022,3,complete
control_2666a7a5b985f0,2023,7,complete
control_2666a7a5b985f0,2024,1,complete
control_2666a7a5b985f0,2025,1,complete
control_266b067bb88fc7,2018,1,complete
control_266b067bb88fc7,2019,4,complete
control_266b067bb88fc7,2020,9,complete
control_266b067bb88fc7,2021,11,complete
control_266b067bb88fc7,2022,13,complete
control_266b067bb88fc7,2023,9,complete
control_266b067bb88fc7,2024,15,complete
control_266b067bb88fc7,2025,19,complete
control_26b7f7f59e173e,2017,1,complete
control_26b7f7f59e173e,2018,5,complete
control_26b7f7f59e173e,2019,2,complete
control_26b7f7f59e173e,2020,2,complete
control_26b7f7f59e173e,2021,4,complete
control_26b7f7f59e173e,2022,5,complete
control_26b7f7f59e173e,2023,5,complete
control_26b7f7f59e173e,2024,3,complete
control_26b7f7f59e173e,2025,4,complete
control_26d888335499a0,2017,44,complete
control_26d888335499a0,2018,33,complete
control_26d888335499a0,2019,42,complete
control_26d888335499a0,2020,58,complete
control_26d888335499a0,2021,64,complete
control_26d888335499a0,2022,57,complete
control_26d888335499a0,2023,51,complete
control_26d888335499a0,2024,36,complete
control_26d888335499a0,2025,41,complete
control_270b2da474b448,2018,3,complete
control_270b2da474b448,2019,5,complete
control_270b2da474b448,2020,16,complete
control_270b2da474b448,2021,18,complete
control_270b2da474b448,2022,16,complete
control_270b2da474b448,2023,12,complete
control_270b2da474b448,2024,18,complete
control_270b2da474b448,2025,22,complete
control_27520295f65aae,2018,4,complete
control_27520295f65aae,2019,2,complete
control_27520295f65aae,2020,10,complete
control_27520295f65aae,2021,10,complete
control_27520295f65aae,2022,10,complete
control_27520295f65aae,2023,12,complete
control_27520295f65aae,2024,8,complete
control_27520295f65aae,2025,4,complete
control_2777362303a18d,2018,2,complete
control_2777362303a18d,2019,0,complete
control_2777362303a18d,2020,1,complete
control_2777362303a18d,2021,0,complete
control_2777362303a18d,2022,0,complete
control_2777362303a18d,2023,0,complete
control_2777362303a18d,2024,0,complete
control_2777362303a18d,2025,0,complete
control_2799a79f236c84,2019,7,complete
control_2799a79f236c84,2020,42,complete
control_2799a79f236c84,2021,82,complete
control_2799a79f236c84,2022,125,complete
control_2799a79f236c84,2023,92,complete
control_2799a79f236c84,2024,68,complete
control_2799a79f236c84,2025,67,complete
control_27fabe81bf5c0a,2018,0,complete
control_27fabe81bf5c0a,2019,1,complete
control_27fabe81bf5c0a,2020,1,complete
control_27fabe81bf5c0a,2021,4,complete
control_27fabe81bf5c0a,2022,1,complete
control_27fabe81bf5c0a,2023,0,complete
control_27fabe81bf5c0a,2024,10,complete
control_27fabe81bf5c0a,2025,4,complete
control_2835e30b8fd4d9,2017,0,complete
control_2835e30b8fd4d9,2018,2,complete
control_2835e30b8fd4d9,2019,1,complete
control_2835e30b8fd4d9,2020,1,complete
control_2835e30b8fd4d9,2021,0,complete
control_2835e30b8fd4d9,2022,1,complete
control_2835e30b8fd4d9,2023,1,complete
control_2835e30b8fd4d9,2024,3,complete
control_2835e30b8fd4d9,2025,1,complete
control_28716b5060945b,2018,0,complete
control_28716b5060945b,2019,0,complete
control_28716b5060945b,2020,0,complete
control_28716b5060945b,2021,0,complete
control_28716b5060945b,2022,1,complete
control_28716b5060945b,2023,0,complete
control_28716b5060945b,2024,1,complete
control_28716b5060945b,2025,0,complete
control_2895c9d37d56bd,2021,1,complete
control_2895c9d37d56bd,2022,11,complete
control_2895c9d37d56bd,2023,21,complete
control_2895c9d37d56bd,2024,24,complete
control_2895c9d37d56bd,2025,17,complete
control_289a90b21e1b68,2018,3,complete
control_289a90b21e1b68,2019,3,complete
control_289a90b21e1b68,2020,9,complete
control_289a90b21e1b68,2021,4,complete
control_289a90b21e1b68,2022,4,complete
control_289a90b21e1b68,2023,3,complete
control_289a90b21e1b68,2024,4,complete
control_289a90b21e1b68,2025,6,complete
control_28d348539b03b3,2019,4,complete
control_28d348539b03b3,2020,4,complete
control_28d348539b03b3,2021,7,complete
control_28d348539b03b3,2022,7,complete
control_28d348539b03b3,2023,6,complete
control_28d348539b03b3,2024,7,complete
control_28d348539b03b3,2025,3,complete
control_295277154503e7,2017,7,complete
control_295277154503e7,2018,7,complete
control_295277154503e7,2019,3,complete
control_295277154503e7,2020,7,complete
control_295277154503e7,2021,7,complete
control_295277154503e7,2022,4,complete
control_295277154503e7,2023,12,complete
control_295277154503e7,2024,5,complete
control_295277154503e7,2025,7,complete
control_296421bc4929ff,2017,0,complete
control_296421bc4929ff,2018,0,complete
control_296421bc4929ff,2019,1,complete
control_296421bc4929ff,2020,0,complete
control_296421bc4929ff,2021,0,complete
control_296421bc4929ff,2022,0,complete
control_296421bc4929ff,2023,0,complete
control_296421bc4929ff,2024,0,complete
control_296421bc4929ff,2025,0,complete
control_2a3eff994c7ea5,2017,9,complete
control_2a3eff994c7ea5,2018,8,complete
control_2a3eff994c7ea5,2019,12,complete
control_2a3eff994c7ea5,2020,4,complete
control_2a3eff994c7ea5,2021,5,complete
control_2a3eff994c7ea5,2022,6,complete
control_2a3eff994c7ea5,2023,7,complete
control_2a3eff994c7ea5,2024,3,complete
control_2a3eff994c7ea5,2025,2,complete
control_2a56aae663bfda,2017,0,complete
control_2a56aae663bfda,2018,0,complete
control_2a56aae663bfda,2019,0,complete
control_2a56aae663bfda,2020,2,complete
control_2a56aae663bfda,2021,1,complete
control_2a56aae663bfda,2022,1,complete
control_2a56aae663bfda,2023,1,complete
control_2a56aae663bfda,2024,2,complete
control_2a56aae663bfda,2025,4,complete
control_2a7e6dd985227c,2020,0,complete
control_2a7e6dd985227c,2021,0,complete
control_2a7e6dd985227c,2022,0,complete
control_2a7e6dd985227c,2023,0,complete
control_2a7e6dd985227c,2024,1,complete
control_2a7e6dd985227c,2025,0,complete
control_2a8d64f2cd87e0,2019,4,complete
control_2a8d64f2cd87e0,2020,6,complete
control_2a8d64f2cd87e0,2021,18,complete
control_2a8d64f2cd87e0,2022,25,complete
control_2a8d64f2cd87e0,2023,29,complete
control_2a8d64f2cd87e0,2024,27,complete
control_2a8d64f2cd87e0,2025,46,complete
control_2aa2ae1c7e7d31,2020,12,complete
control_2aa2ae1c7e7d31,2021,28,complete
control_2aa2ae1c7e7d31,2022,20,complete
control_2aa2ae1c7e7d31,2023,15,complete
control_2aa2ae1c7e7d31,2024,7,complete
control_2aa2ae1c7e7d31,2025,10,complete
control_2ad95ba52fe1dd,2019,10,complete
control_2ad95ba52fe1dd,2020,20,complete
control_2ad95ba52fe1dd,2021,28,complete
control_2ad95ba52fe1dd,2022,24,complete
control_2ad95ba52fe1dd,2023,33,complete
control_2ad95ba52fe1dd,2024,35,complete
control_2ad95ba52fe1dd,2025,36,complete
control_2b011a3080cb88,2017,0,complete
control_2b011a3080cb88,2018,0,complete
control_2b011a3080cb88,2019,1,complete
control_2b011a3080cb88,2020,4,complete
control_2b011a3080cb88,2021,6,complete
control_2b011a3080cb88,2022,12,complete
control_2b011a3080cb88,2023,10,complete
control_2b011a3080cb88,2024,4,complete
control_2b011a3080cb88,2025,11,complete
control_2b11a4970e7e3b,2018,2,complete
control_2b11a4970e7e3b,2019,2,complete
control_2b11a4970e7e3b,2020,2,complete
control_2b11a4970e7e3b,2021,5,complete
control_2b11a4970e7e3b,2022,2,complete
control_2b11a4970e7e3b,2023,6,complete
control_2b11a4970e7e3b,2024,11,complete
control_2b11a4970e7e3b,2025,14,complete
control_2b8e39bbbf356c,2017,2,complete
control_2b8e39bbbf356c,2018,2,complete
control_2b8e39bbbf356c,2019,2,complete
control_2b8e39bbbf356c,2020,3,complete
control_2b8e39bbbf356c,2021,6,complete
control_2b8e39bbbf356c,2022,4,complete
control_2b8e39bbbf356c,2023,5,complete
control_2b8e39bbbf356c,2024,3,complete
control_2b8e39bbbf356c,2025,0,complete
control_2ba16102a2c038,2019,1,complete
control_2ba16102a2c038,2020,0,complete
control_2ba16102a2c038,2021,0,complete
control_2ba16102a2c038,2022,1,complete
control_2ba16102a2c038,2023,1,complete
control_2ba16102a2c038,2024,1,complete
control_2ba16102a2c038,2025,2,complete
control_2bb7c170f8bb5a,2020,0,complete
control_2bb7c170f8bb5a,2021,1,complete
control_2bb7c170f8bb5a,2022,0,complete
control_2bb7c170f8bb5a,2023,1,complete
control_2bb7c170f8bb5a,2024,3,complete
control_2bb7c170f8bb5a,2025,1,complete
control_2c35191515b78b,2017,4,complete
control_2c35191515b78b,2018,3,complete
control_2c35191515b78b,2019,4,complete
control_2c35191515b78b,2020,5,complete
control_2c35191515b78b,2021,5,complete
control_2c35191515b78b,2022,2,complete
control_2c35191515b78b,2023,6,complete
control_2c35191515b78b,2024,7,complete
control_2c35191515b78b,2025,7,complete
control_2c746eaf8a2d02,2022,1,complete
control_2c746eaf8a2d02,2023,0,complete
control_2c746eaf8a2d02,2024,3,complete
control_2c746eaf8a2d02,2025,0,complete
control_2c7e191fea1589,2019,0,complete
control_2c7e191fea1589,2020,1,complete
control_2c7e191fea1589,2021,0,complete
control_2c7e191fea1589,2022,0,complete
control_2c7e191fea1589,2023,0,complete
control_2c7e191fea1589,2024,2,complete
control_2c7e191fea1589,2025,0,complete
control_2c7fe1deb2c391,2017,9,complete
control_2c7fe1deb2c391,2018,4,complete
control_2c7fe1deb2c391,2019,6,complete
control_2c7fe1deb2c391,2020,7,complete
control_2c7fe1deb2c391,2021,5,complete
control_2c7fe1deb2c391,2022,5,complete
control_2c7fe1deb2c391,2023,2,complete
control_2c7fe1deb2c391,2024,2,complete
control_2c7fe1deb2c391,2025,1,complete
control_2d780858c56946,2019,0,complete
control_2d780858c56946,2020,5,complete
control_2d780858c56946,2021,1,complete
control_2d780858c56946,2022,3,complete
control_2d780858c56946,2023,8,complete
control_2d780858c56946,2024,2,complete
control_2d780858c56946,2025,2,complete
control_2e4901925314c0,2020,2,complete
control_2e4901925314c0,2021,15,complete
control_2e4901925314c0,2022,5,complete
control_2e4901925314c0,2023,7,complete
control_2e4901925314c0,2024,17,complete
control_2e4901925314c0,2025,23,complete
control_2eba3a9c505e7f,2019,6,complete
control_2eba3a9c505e7f,2020,32,complete
control_2eba3a9c505e7f,2021,58,complete
control_2eba3a9c505e7f,2022,54,complete
control_2eba3a9c505e7f,2023,84,complete
control_2eba3a9c505e7f,2024,117,complete
control_2eba3a9c505e7f,2025,83,complete
control_2f2476764b314b,2017,35,complete
control_2f2476764b314b,2018,44,complete
control_2f2476764b314b,2019,43,complete
control_2f2476764b314b,2020,57,complete
control_2f2476764b314b,2021,46,complete
control_2f2476764b314b,2022,52,complete
control_2f2476764b314b,2023,47,complete
control_2f2476764b314b,2024,61,complete
control_2f2476764b314b,2025,52,complete
control_2f74ca2b375f9f,2017,3,complete
control_2f74ca2b375f9f,2018,4,complete
control_2f74ca2b375f9f,2019,6,complete
control_2f74ca2b375f9f,2020,6,complete
control_2f74ca2b375f9f,2021,4,complete
control_2f74ca2b375f9f,2022,6,complete
control_2f74ca2b375f9f,2023,12,complete
control_2f74ca2b375f9f,2024,3,complete
control_2f74ca2b375f9f,2025,8,complete
control_2f88b27addb1d5,2017,4,complete
control_2f88b27addb1d5,2018,0,complete
control_2f88b27addb1d5,2019,3,complete
control_2f88b27addb1d5,2020,2,complete
control_2f88b27addb1d5,2021,3,complete
control_2f88b27addb1d5,2022,2,complete
control_2f88b27addb1d5,2023,2,complete
control_2f88b27addb1d5,2024,2,complete
control_2f88b27addb1d5,2025,2,complete
control_3030aa84f8df73,2018,0,complete
control_3030aa84f8df73,2019,0,complete
control_3030aa84f8df73,2020,0,complete
control_3030aa84f8df73,2021,0,complete
control_3030aa84f8df73,2022,0,complete
control_3030aa84f8df73,2023,0,complete
control_3030aa84f8df73,2024,0,complete
control_3030aa84f8df73,2025,0,complete
control_3089cd1aaa5bff,2018,1,complete
control_3089cd1aaa5bff,2019,8,complete
control_3089cd1aaa5bff,2020,6,complete
control_3089cd1aaa5bff,2021,11,complete
control_3089cd1aaa5bff,2022,4,complete
control_3089cd1aaa5bff,2023,7,complete
control_3089cd1aaa5bff,2024,8,complete
control_3089cd1aaa5bff,2025,7,complete
control_308f8fb6e9ec15,2017,6,complete
control_308f8fb6e9ec15,2018,9,complete
control_308f8fb6e9ec15,2019,11,complete
control_308f8fb6e9ec15,2020,16,complete
control_308f8fb6e9ec15,2021,16,complete
control_308f8fb6e9ec15,2022,13,complete
control_308f8fb6e9ec15,2023,16,complete
control_308f8fb6e9ec15,2024,14,complete
control_308f8fb6e9ec15,2025,9,complete
control_30c7ed5d0a2cdb,2022,2,complete
control_30c7ed5d0a2cdb,2023,3,complete
control_30c7ed5d0a2cdb,2024,10,complete
control_30c7ed5d0a2cdb,2025,7,complete
control_30d91825852301,2017,4,complete
control_30d91825852301,2018,2,complete
control_30d91825852301,2019,5,complete
control_30d91825852301,2020,6,complete
control_30d91825852301,2021,8,complete
control_30d91825852301,2022,3,complete
control_30d91825852301,2023,3,complete
control_30d91825852301,2024,6,complete
control_30d91825852301,2025,7,complete
control_31359ebb99160e,2022,5,complete
control_31359ebb99160e,2023,31,complete
control_31359ebb99160e,2024,25,complete
control_31359ebb99160e,2025,45,complete
control_317d376d84f80e,2017,0,complete
control_317d376d84f80e,2018,1,complete
control_317d376d84f80e,2019,0,complete
control_317d376d84f80e,2020,0,complete
control_317d376d84f80e,2021,0,complete
control_317d376d84f80e,2022,1,complete
control_317d376d84f80e,2023,0,complete
control_317d376d84f80e,2024,0,complete
control_317d376d84f80e,2025,0,complete
control_317e2132297184,2017,0,complete
control_317e2132297184,2018,0,complete
control_317e2132297184,2019,0,complete
control_317e2132297184,2020,0,complete
control_317e2132297184,2021,0,complete
control_317e2132297184,2022,0,complete
control_317e2132297184,2023,0,complete
control_317e2132297184,2024,0,complete
control_317e2132297184,2025,0,complete
control_31e8db4e606517,2019,2,complete
control_31e8db4e606517,2020,5,complete
control_31e8db4e606517,2021,9,complete
control_31e8db4e606517,2022,9,complete
control_31e8db4e606517,2023,19,complete
control_31e8db4e606517,2024,17,complete
control_31e8db4e606517,2025,36,complete
control_320abe11e3eed3,2020,2,complete
control_320abe11e3eed3,2021,2,complete
control_320abe11e3eed3,2022,6,complete
control_320abe11e3eed3,2023,3,complete
control_320abe11e3eed3,2024,3,complete
control_320abe11e3eed3,2025,6,complete
control_3234d3179b2ed8,2017,1,complete
control_3234d3179b2ed8,2018,4,complete
control_3234d3179b2ed8,2019,5,complete
control_3234d3179b2ed8,2020,3,complete
control_3234d3179b2ed8,2021,4,complete
control_3234d3179b2ed8,2022,4,complete
control_3234d3179b2ed8,2023,2,complete
control_3234d3179b2ed8,2024,4,complete
control_3234d3179b2ed8,2025,0,complete
control_324975a367578e,2017,0,complete
control_324975a367578e,2018,2,complete
control_324975a367578e,2019,3,complete
control_324975a367578e,2020,3,complete
control_324975a367578e,2021,2,complete
control_324975a367578e,2022,1,complete
control_324975a367578e,2023,2,complete
control_324975a367578e,2024,0,complete
control_324975a367578e,2025,0,complete
control_3262332744b680,2017,1,complete
control_3262332744b680,2018,3,complete
control_3262332744b680,2019,4,complete
control_3262332744b680,2020,6,complete
control_3262332744b680,2021,4,complete
control_3262332744b680,2022,10,complete
control_3262332744b680,2023,9,complete
control_3262332744b680,2024,8,complete
control_3262332744b680,2025,12,complete
control_32846f2821ad03,2017,2,complete
control_32846f2821ad03,2018,3,complete
control_32846f2821ad03,2019,4,complete
control_32846f2821ad03,2020,1,complete
control_32846f2821ad03,2021,6,complete
control_32846f2821ad03,2022,5,complete
control_32846f2821ad03,2023,2,complete
control_32846f2821ad03,2024,1,complete
control_32846f2821ad03,2025,5,complete
control_329c81894620d2,2019,8,complete
control_329c81894620d2,2020,22,complete
control_329c81894620d2,2021,19,complete
control_329c81894620d2,2022,22,complete
control_329c81894620d2,2023,32,complete
control_329c81894620d2,2024,29,complete
control_329c81894620d2,2025,33,complete
control_32ad6521e2bf5b,2018,0,complete
control_32ad6521e2bf5b,2019,2,complete
control_32ad6521e2bf5b,2020,1,complete
control_32ad6521e2bf5b,2021,4,complete
control_32ad6521e2bf5b,2022,4,complete
control_32ad6521e2bf5b,2023,8,complete
control_32ad6521e2bf5b,2024,2,complete
control_32ad6521e2bf5b,2025,6,complete
control_32ce38ee570c2c,2022,4,complete
control_32ce38ee570c2c,2023,1,complete
control_32ce38ee570c2c,2024,11,complete
control_32ce38ee570c2c,2025,3,complete
control_332dc403eb3097,2019,1,complete
control_332dc403eb3097,2020,17,complete
control_332dc403eb3097,2021,30,complete
control_332dc403eb3097,2022,28,complete
control_332dc403eb3097,2023,33,complete
control_332dc403eb3097,2024,46,complete
control_332dc403eb3097,2025,38,complete
control_33489299cc23a4,2023,0,complete
control_33489299cc23a4,2024,2,complete
control_33489299cc23a4,2025,3,complete
control_33a30ae7dbf4ab,2017,9,complete
control_33a30ae7dbf4ab,2018,3,complete
control_33a30ae7dbf4ab,2019,9,complete
control_33a30ae7dbf4ab,2020,9,complete
control_33a30ae7dbf4ab,2021,4,complete
control_33a30ae7dbf4ab,2022,2,complete
control_33a30ae7dbf4ab,2023,3,complete
control_33a30ae7dbf4ab,2024,3,complete
control_33a30ae7dbf4ab,2025,5,complete
control_33b104dd6a7140,2020,3,complete
control_33b104dd6a7140,2021,14,complete
control_33b104dd6a7140,2022,12,complete
control_33b104dd6a7140,2023,24,complete
control_33b104dd6a7140,2024,25,complete
control_33b104dd6a7140,2025,26,complete
control_33c87eb97fe423,2017,1,complete
control_33c87eb97fe423,2018,1,complete
control_33c87eb97fe423,2019,4,complete
control_33c87eb97fe423,2020,3,complete
control_33c87eb97fe423,2021,5,complete
control_33c87eb97fe423,2022,4,complete
control_33c87eb97fe423,2023,3,complete
control_33c87eb97fe423,2024,3,complete
control_33c87eb97fe423,2025,2,complete
control_33e506bdc65a85,2017,5,complete
control_33e506bdc65a85,2018,7,complete
control_33e506bdc65a85,2019,4,complete
control_33e506bdc65a85,2020,2,complete
control_33e506bdc65a85,2021,6,complete
control_33e506bdc65a85,2022,2,complete
control_33e506bdc65a85,2023,4,complete
control_33e506bdc65a85,2024,0,complete
control_33e506bdc65a85,2025,4,complete
control_3477233f6529c2,2018,1,complete
control_3477233f6529c2,2019,7,complete
control_3477233f6529c2,2020,7,complete
control_3477233f6529c2,2021,8,complete
control_3477233f6529c2,2022,8,complete
control_3477233f6529c2,2023,4,complete
control_3477233f6529c2,2024,5,complete
control_3477233f6529c2,2025,7,complete
control_34a742086262b8,2019,1,complete
control_34a742086262b8,2020,16,complete
control_34a742086262b8,2021,16,complete
control_34a742086262b8,2022,23,complete
control_34a742086262b8,2023,20,complete
control_34a742086262b8,2024,28,complete
control_34a742086262b8,2025,27,complete
control_34c70332805fee,2019,0,complete
control_34c70332805fee,2020,2,complete
control_34c70332805fee,2021,3,complete
control_34c70332805fee,2022,5,complete
control_34c70332805fee,2023,6,complete
control_34c70332805fee,2024,8,complete
control_34c70332805fee,2025,4,complete
control_356f10923575d0,2019,0,complete
control_356f10923575d0,2020,0,complete
control_356f10923575d0,2021,0,complete
control_356f10923575d0,2022,0,complete
control_356f10923575d0,2023,0,complete
control_356f10923575d0,2024,0,complete
control_356f10923575d0,2025,0,complete
control_3586800bab168d,2017,1,complete
control_3586800bab168d,2018,1,complete
control_3586800bab168d,2019,1,complete
control_3586800bab168d,2020,1,complete
control_3586800bab168d,2021,1,complete
control_3586800bab168d,2022,1,complete
control_3586800bab168d,2023,2,complete
control_3586800bab168d,2024,0,complete
control_3586800bab168d,2025,2,complete
control_367d1bd5838845,2018,3,complete
control_367d1bd5838845,2019,1,complete
control_367d1bd5838845,2020,2,complete
control_367d1bd5838845,2021,4,complete
control_367d1bd5838845,2022,1,complete
control_367d1bd5838845,2023,0,complete
control_367d1bd5838845,2024,3,complete
control_367d1bd5838845,2025,2,complete
control_372eeeaa613e5c,2022,4,complete
control_372eeeaa613e5c,2023,12,complete
control_372eeeaa613e5c,2024,13,complete
control_372eeeaa613e5c,2025,10,complete
control_3739bbb6215e78,2022,0,complete
control_3739bbb6215e78,2023,2,complete
control_3739bbb6215e78,2024,1,complete
control_3739bbb6215e78,2025,1,complete
control_373c97b3d2c660,2017,0,complete
control_373c97b3d2c660,2018,0,complete
control_373c97b3d2c660,2019,0,complete
control_373c97b3d2c660,2020,0,complete
control_373c97b3d2c660,2021,1,complete
control_373c97b3d2c660,2022,2,complete
control_373c97b3d2c660,2023,2,complete
control_373c97b3d2c660,2024,1,complete
control_373c97b3d2c660,2025,0,complete
control_37b7c6d0423cb7,2020,6,complete
control_37b7c6d0423cb7,2021,15,complete
control_37b7c6d0423cb7,2022,12,complete
control_37b7c6d0423cb7,2023,27,complete
control_37b7c6d0423cb7,2024,21,complete
control_37b7c6d0423cb7,2025,20,complete
control_37ca078c7658b1,2021,4,complete
control_37ca078c7658b1,2022,7,complete
control_37ca078c7658b1,2023,4,complete
control_37ca078c7658b1,2024,9,complete
control_37ca078c7658b1,2025,7,complete
control_37f507efc5a617,2017,0,complete
control_37f507efc5a617,2018,2,complete
control_37f507efc5a617,2019,0,complete
control_37f507efc5a617,2020,3,complete
control_37f507efc5a617,2021,4,complete
control_37f507efc5a617,2022,1,complete
control_37f507efc5a617,2023,0,complete
control_37f507efc5a617,2024,1,complete
control_37f507efc5a617,2025,4,complete
control_38c9a55652135c,2017,1,complete
control_38c9a55652135c,2018,1,complete
control_38c9a55652135c,2019,2,complete
control_38c9a55652135c,2020,0,complete
control_38c9a55652135c,2021,1,complete
control_38c9a55652135c,2022,0,complete
control_38c9a55652135c,2023,0,complete
control_38c9a55652135c,2024,0,complete
control_38c9a55652135c,2025,0,complete
control_3907bbb9334fd7,2017,0,complete
control_3907bbb9334fd7,2018,0,complete
control_3907bbb9334fd7,2019,6,complete
control_3907bbb9334fd7,2020,9,complete
control_3907bbb9334fd7,2021,23,complete
control_3907bbb9334fd7,2022,33,complete
control_3907bbb9334fd7,2023,44,complete
control_3907bbb9334fd7,2024,33,complete
control_3907bbb9334fd7,2025,61,complete
control_39925236ca3815,2017,0,complete
control_39925236ca3815,2018,0,complete
control_39925236ca3815,2019,1,complete
control_39925236ca3815,2020,2,complete
control_39925236ca3815,2021,2,complete
control_39925236ca3815,2022,1,complete
control_39925236ca3815,2023,2,complete
control_39925236ca3815,2024,3,complete
control_39925236ca3815,2025,0,complete
control_39fef64c4ace2a,2020,2,complete
control_39fef64c4ace2a,2021,10,complete
control_39fef64c4ace2a,2022,8,complete
control_39fef64c4ace2a,2023,9,complete
control_39fef64c4ace2a,2024,23,complete
control_39fef64c4ace2a,2025,19,complete
control_3a2aec9fa61221,2021,7,complete
control_3a2aec9fa61221,2022,4,complete
control_3a2aec9fa61221,2023,11,complete
control_3a2aec9fa61221,2024,12,complete
control_3a2aec9fa61221,2025,10,complete
control_3a7db499c4357b,2017,0,complete
control_3a7db499c4357b,2018,2,complete
control_3a7db499c4357b,2019,5,complete
control_3a7db499c4357b,2020,2,complete
control_3a7db499c4357b,2021,5,complete
control_3a7db499c4357b,2022,6,complete
control_3a7db499c4357b,2023,4,complete
control_3a7db499c4357b,2024,4,complete
control_3a7db499c4357b,2025,0,complete
control_3ab3c6a9b77394,2020,5,complete
control_3ab3c6a9b77394,2021,4,complete
control_3ab3c6a9b77394,2022,5,complete
control_3ab3c6a9b77394,2023,9,complete
control_3ab3c6a9b77394,2024,11,complete
control_3ab3c6a9b77394,2025,5,complete
control_3b1c2cba13f8e2,2021,0,complete
control_3b1c2cba13f8e2,2022,1,complete
control_3b1c2cba13f8e2,2023,6,complete
control_3b1c2cba13f8e2,2024,7,complete
control_3b1c2cba13f8e2,2025,8,complete
control_3b260c5b7d2fc9,2022,1,complete
control_3b260c5b7d2fc9,2023,3,complete
control_3b260c5b7d2fc9,2024,3,complete
control_3b260c5b7d2fc9,2025,4,complete
control_3ba6cabbf75f29,2022,0,complete
control_3ba6cabbf75f29,2023,0,complete
control_3ba6cabbf75f29,2024,2,complete
control_3ba6cabbf75f29,2025,0,complete
control_3bc770b3d46d4a,2017,0,complete
control_3bc770b3d46d4a,2018,2,complete
control_3bc770b3d46d4a,2019,2,complete
control_3bc770b3d46d4a,2020,2,complete
control_3bc770b3d46d4a,2021,0,complete
control_3bc770b3d46d4a,2022,1,complete
control_3bc770b3d46d4a,2023,0,complete
control_3bc770b3d46d4a,2024,1,complete
control_3bc770b3d46d4a,2025,2,complete
control_3bc81b046300fe,2021,3,complete
control_3bc81b046300fe,2022,2,complete
control_3bc81b046300fe,2023,0,complete
control_3bc81b046300fe,2024,2,complete
control_3bc81b046300fe,2025,3,complete
control_3bf6c6a71a97e9,2019,2,complete
control_3bf6c6a71a97e9,2020,4,complete
control_3bf6c6a71a97e9,2021,10,complete
control_3bf6c6a71a97e9,2022,12,complete
control_3bf6c6a71a97e9,2023,10,complete
control_3bf6c6a71a97e9,2024,8,complete
control_3bf6c6a71a97e9,2025,12,complete
control_3c57b2e9f04c56,2017,1,complete
control_3c57b2e9f04c56,2018,1,complete
control_3c57b2e9f04c56,2019,1,complete
control_3c57b2e9f04c56,2020,2,complete
control_3c57b2e9f04c56,2021,2,complete
control_3c57b2e9f04c56,2022,3,complete
control_3c57b2e9f04c56,2023,2,complete
control_3c57b2e9f04c56,2024,0,complete
control_3c57b2e9f04c56,2025,4,complete
control_3caf4f05c175de,2018,0,complete
control_3caf4f05c175de,2019,1,complete
control_3caf4f05c175de,2020,2,complete
control_3caf4f05c175de,2021,0,complete
control_3caf4f05c175de,2022,0,complete
control_3caf4f05c175de,2023,1,complete
control_3caf4f05c175de,2024,2,complete
control_3caf4f05c175de,2025,1,complete
control_3ce91e0aec0bd9,2022,6,complete
control_3ce91e0aec0bd9,2023,3,complete
control_3ce91e0aec0bd9,2024,5,complete
control_3ce91e0aec0bd9,2025,3,complete
control_3d2967caeac719,2022,1,complete
control_3d2967caeac719,2023,0,complete
control_3d2967caeac719,2024,1,complete
control_3d2967caeac719,2025,0,complete
control_3d7fa75cfad491,2018,1,complete
control_3d7fa75cfad491,2019,1,complete
control_3d7fa75cfad491,2020,5,complete
control_3d7fa75cfad491,2021,9,complete
control_3d7fa75cfad491,2022,9,complete
control_3d7fa75cfad491,2023,8,complete
control_3d7fa75cfad491,2024,5,complete
control_3d7fa75cfad491,2025,6,complete
control_3d80d23b6a0b8d,2021,5,complete
control_3d80d23b6a0b8d,2022,11,complete
control_3d80d23b6a0b8d,2023,23,complete
control_3d80d23b6a0b8d,2024,10,complete
control_3d80d23b6a0b8d,2025,16,complete
control_3da24aa65545c5,2018,1,complete
control_3da24aa65545c5,2019,5,complete
control_3da24aa65545c5,2020,12,complete
control_3da24aa65545c5,2021,22,complete
control_3da24aa65545c5,2022,30,complete
control_3da24aa65545c5,2023,17,complete
control_3da24aa65545c5,2024,19,complete
control_3da24aa65545c5,2025,36,complete
control_3daef387eb5688,2018,4,complete
control_3daef387eb5688,2019,11,complete
control_3daef387eb5688,2020,3,complete
control_3daef387eb5688,2021,9,complete
control_3daef387eb5688,2022,12,complete
control_3daef387eb5688,2023,6,complete
control_3daef387eb5688,2024,8,complete
control_3daef387eb5688,2025,3,complete
control_3e5dd35a94f76e,2017,1,complete
control_3e5dd35a94f76e,2018,6,complete
control_3e5dd35a94f76e,2019,4,complete
control_3e5dd35a94f76e,2020,8,complete
control_3e5dd35a94f76e,2021,10,complete
control_3e5dd35a94f76e,2022,16,complete
control_3e5dd35a94f76e,2023,14,complete
control_3e5dd35a94f76e,2024,12,complete
control_3e5dd35a94f76e,2025,12,complete
control_3e924389110b3c,2017,4,complete
control_3e924389110b3c,2018,7,complete
control_3e924389110b3c,2019,2,complete
control_3e924389110b3c,2020,2,complete
control_3e924389110b3c,2021,3,complete
control_3e924389110b3c,2022,3,complete
control_3e924389110b3c,2023,3,complete
control_3e924389110b3c,2024,7,complete
control_3e924389110b3c,2025,4,complete
control_3e9e96a08430d9,2021,14,complete
control_3e9e96a08430d9,2022,51,complete
control_3e9e96a08430d9,2023,68,complete
control_3e9e96a08430d9,2024,73,complete
control_3e9e96a08430d9,2025,78,complete
control_3ed716339b5593,2017,2,complete
control_3ed716339b5593,2018,7,complete
control_3ed716339b5593,2019,4,complete
control_3ed716339b5593,2020,2,complete
control_3ed716339b5593,2021,1,complete
control_3ed716339b5593,2022,7,complete
control_3ed716339b5593,2023,5,complete
control_3ed716339b5593,2024,3,complete
control_3ed716339b5593,2025,1,complete
control_3eecdd97b1035c,2020,0,complete
control_3eecdd97b1035c,2021,3,complete
control_3eecdd97b1035c,2022,11,complete
control_3eecdd97b1035c,2023,7,complete
control_3eecdd97b1035c,2024,12,complete
control_3eecdd97b1035c,2025,18,complete
control_3f5ecbb073a110,2017,9,complete
control_3f5ecbb073a110,2018,10,complete
control_3f5ecbb073a110,2019,8,complete
control_3f5ecbb073a110,2020,8,complete
control_3f5ecbb073a110,2021,16,complete
control_3f5ecbb073a110,2022,7,complete
control_3f5ecbb073a110,2023,13,complete
control_3f5ecbb073a110,2024,5,complete
control_3f5ecbb073a110,2025,1,complete
control_3fff3c590b9e17,2020,0,complete
control_3fff3c590b9e17,2021,0,complete
control_3fff3c590b9e17,2022,0,complete
control_3fff3c590b9e17,2023,0,complete
control_3fff3c590b9e17,2024,0,complete
control_3fff3c590b9e17,2025,1,complete
control_4091164a22b963,2020,0,complete
control_4091164a22b963,2021,2,complete
control_4091164a22b963,2022,6,complete
control_4091164a22b963,2023,3,complete
control_4091164a22b963,2024,1,complete
control_4091164a22b963,2025,4,complete
control_40db1dfb9978ca,2017,1,complete
control_40db1dfb9978ca,2018,4,complete
control_40db1dfb9978ca,2019,5,complete
control_40db1dfb9978ca,2020,3,complete
control_40db1dfb9978ca,2021,6,complete
control_40db1dfb9978ca,2022,1,complete
control_40db1dfb9978ca,2023,3,complete
control_40db1dfb9978ca,2024,4,complete
control_40db1dfb9978ca,2025,5,complete
control_412a829a44b219,2023,1,complete
control_412a829a44b219,2024,0,complete
control_412a829a44b219,2025,3,complete
control_4137f9e8da59a4,2020,0,complete
control_4137f9e8da59a4,2021,4,complete
control_4137f9e8da59a4,2022,3,complete
control_4137f9e8da59a4,2023,5,complete
control_4137f9e8da59a4,2024,6,complete
control_4137f9e8da59a4,2025,5,complete
control_414a68513e9b2f,2017,0,complete
control_414a68513e9b2f,2018,4,complete
control_414a68513e9b2f,2019,5,complete
control_414a68513e9b2f,2020,3,complete
control_414a68513e9b2f,2021,3,complete
control_414a68513e9b2f,2022,7,complete
control_414a68513e9b2f,2023,4,complete
control_414a68513e9b2f,2024,4,complete
control_414a68513e9b2f,2025,3,complete
control_41764c3288f51e,2018,1,complete
control_41764c3288f51e,2019,15,complete
control_41764c3288f51e,2020,24,complete
control_41764c3288f51e,2021,19,complete
control_41764c3288f51e,2022,32,complete
control_41764c3288f51e,2023,37,complete
control_41764c3288f51e,2024,25,complete
control_41764c3288f51e,2025,38,complete
control_41b0cc8dee6b3c,2019,5,complete
control_41b0cc8dee6b3c,2020,15,complete
control_41b0cc8dee6b3c,2021,17,complete
control_41b0cc8dee6b3c,2022,12,complete
control_41b0cc8dee6b3c,2023,21,complete
control_41b0cc8dee6b3c,2024,22,complete
control_41b0cc8dee6b3c,2025,24,complete
control_421355a5023258,2019,1,complete
control_421355a5023258,2020,5,complete
control_421355a5023258,2021,4,complete
control_421355a5023258,2022,2,complete
control_421355a5023258,2023,5,complete
control_421355a5023258,2024,2,complete
control_421355a5023258,2025,2,complete
control_422df16582bda9,2022,2,complete
control_422df16582bda9,2023,5,complete
control_422df16582bda9,2024,9,complete
control_422df16582bda9,2025,13,complete
control_4280aa06ed6c31,2017,0,complete
control_4280aa06ed6c31,2018,1,complete
control_4280aa06ed6c31,2019,2,complete
control_4280aa06ed6c31,2020,5,complete
control_4280aa06ed6c31,2021,5,complete
control_4280aa06ed6c31,2022,7,complete
control_4280aa06ed6c31,2023,4,complete
control_4280aa06ed6c31,2024,5,complete
control_4280aa06ed6c31,2025,10,complete
control_42b207fa15bcf0,2017,4,complete
control_42b207fa15bcf0,2018,10,complete
control_42b207fa15bcf0,2019,7,complete
control_42b207fa15bcf0,2020,7,complete
control_42b207fa15bcf0,2021,10,complete
control_42b207fa15bcf0,2022,5,complete
control_42b207fa15bcf0,2023,8,complete
control_42b207fa15bcf0,2024,8,complete
control_42b207fa15bcf0,2025,7,complete
control_42b9ad11c18948,2021,5,complete
control_42b9ad11c18948,2022,1,complete
control_42b9ad11c18948,2023,4,complete
control_42b9ad11c18948,2024,5,complete
control_42b9ad11c18948,2025,11,complete
control_43dc7b37da91f5,2021,3,complete
control_43dc7b37da91f5,2022,2,complete
control_43dc7b37da91f5,2023,6,complete
control_43dc7b37da91f5,2024,6,complete
control_43dc7b37da91f5,2025,4,complete
control_4421e3b7bdc8f7,2021,8,complete
control_4421e3b7bdc8f7,2022,22,complete
control_4421e3b7bdc8f7,2023,24,complete
control_4421e3b7bdc8f7,2024,34,complete
control_4421e3b7bdc8f7,2025,34,complete
control_442291d2b43fa8,2020,1,complete
control_442291d2b43fa8,2021,0,complete
control_442291d2b43fa8,2022,1,complete
control_442291d2b43fa8,2023,0,complete
control_442291d2b43fa8,2024,0,complete
control_442291d2b43fa8,2025,0,complete
control_44358a632e7bf0,2021,0,complete
control_44358a632e7bf0,2022,0,complete
control_44358a632e7bf0,2023,2,complete
control_44358a632e7bf0,2024,1,complete
control_44358a632e7bf0,2025,1,complete
control_445a207ad56a6d,2019,9,complete
control_445a207ad56a6d,2020,14,complete
control_445a207ad56a6d,2021,18,complete
control_445a207ad56a6d,2022,19,complete
control_445a207ad56a6d,2023,19,complete
control_445a207ad56a6d,2024,28,complete
control_445a207ad56a6d,2025,19,complete
control_44ddbdd2e0df68,2022,52,complete
control_44ddbdd2e0df68,2023,80,complete
control_44ddbdd2e0df68,2024,68,complete
control_44ddbdd2e0df68,2025,64,complete
control_44e132de91a527,2018,2,complete
control_44e132de91a527,2019,5,complete
control_44e132de91a527,2020,1,complete
control_44e132de91a527,2021,6,complete
control_44e132de91a527,2022,8,complete
control_44e132de91a527,2023,8,complete
control_44e132de91a527,2024,15,complete
control_44e132de91a527,2025,11,complete
control_45001bdf96081b,2020,4,complete
control_45001bdf96081b,2021,5,complete
control_45001bdf96081b,2022,18,complete
control_45001bdf96081b,2023,16,complete
control_45001bdf96081b,2024,25,complete
control_45001bdf96081b,2025,31,complete
control_454e2faa287b6f,2017,0,complete
control_454e2faa287b6f,2018,1,complete
control_454e2faa287b6f,2019,0,complete
control_454e2faa287b6f,2020,4,complete
control_454e2faa287b6f,2021,0,complete
control_454e2faa287b6f,2022,1,complete
control_454e2faa287b6f,2023,2,complete
control_454e2faa287b6f,2024,3,complete
control_454e2faa287b6f,2025,1,complete
control_4578159bda77aa,2020,9,complete
control_4578159bda77aa,2021,22,complete
control_4578159bda77aa,2022,15,complete
control_4578159bda77aa,2023,15,complete
control_4578159bda77aa,2024,19,complete
control_4578159bda77aa,2025,18,complete
control_457b1cc0729410,2018,5,complete
control_457b1cc0729410,2019,8,complete
control_457b1cc0729410,2020,10,complete
control_457b1cc0729410,2021,19,complete
control_457b1cc0729410,2022,20,complete
control_457b1cc0729410,2023,13,complete
control_457b1cc0729410,2024,25,complete
control_457b1cc0729410,2025,10,complete
control_45a8dc281dda17,2018,2,complete
control_45a8dc281dda17,2019,2,complete
control_45a8dc281dda17,2020,1,complete
control_45a8dc281dda17,2021,2,complete
control_45a8dc281dda17,2022,7,complete
control_45a8dc281dda17,2023,5,complete
control_45a8dc281dda17,2024,2,complete
control_45a8dc281dda17,2025,2,complete
control_461eb1beede8fd,2018,3,complete
control_461eb1beede8fd,2019,3,complete
control_461eb1beede8fd,2020,4,complete
control_461eb1beede8fd,2021,8,complete
control_461eb1beede8fd,2022,7,complete
control_461eb1beede8fd,2023,5,complete
control_461eb1beede8fd,2024,2,complete
control_461eb1beede8fd,2025,3,complete
control_463677dae5ec16,2017,3,complete
control_463677dae5ec16,2018,4,complete
control_463677dae5ec16,2019,9,complete
control_463677dae5ec16,2020,11,complete
control_463677dae5ec16,2021,11,complete
control_463677dae5ec16,2022,9,complete
control_463677dae5ec16,2023,7,complete
control_463677dae5ec16,2024,11,complete
control_463677dae5ec16,2025,4,complete
control_464e506c9f52e8,2017,5,complete
control_464e506c9f52e8,2018,6,complete
control_464e506c9f52e8,2019,10,complete
control_464e506c9f52e8,2020,7,complete
control_464e506c9f52e8,2021,6,complete
control_464e506c9f52e8,2022,5,complete
control_464e506c9f52e8,2023,4,complete
control_464e506c9f52e8,2024,5,complete
control_464e506c9f52e8,2025,1,complete
control_465804fd7862ef,2022,0,complete
control_465804fd7862ef,2023,0,complete
control_465804fd7862ef,2024,4,complete
control_465804fd7862ef,2025,3,complete
control_46783f2c263445,2017,5,complete
control_46783f2c263445,2018,6,complete
control_46783f2c263445,2019,8,complete
control_46783f2c263445,2020,6,complete
control_46783f2c263445,2021,7,complete
control_46783f2c263445,2022,5,complete
control_46783f2c263445,2023,5,complete
control_46783f2c263445,2024,5,complete
control_46783f2c263445,2025,5,complete
control_4685026a5f49a6,2017,1,complete
control_4685026a5f49a6,2018,1,complete
control_4685026a5f49a6,2019,4,complete
control_4685026a5f49a6,2020,10,complete
control_4685026a5f49a6,2021,6,complete
control_4685026a5f49a6,2022,2,complete
control_4685026a5f49a6,2023,2,complete
control_4685026a5f49a6,2024,0,complete
control_4685026a5f49a6,2025,3,complete
control_46bd2193686633,2017,1,complete
control_46bd2193686633,2018,1,complete
control_46bd2193686633,2019,0,complete
control_46bd2193686633,2020,4,complete
control_46bd2193686633,2021,2,complete
control_46bd2193686633,2022,1,complete
control_46bd2193686633,2023,2,complete
control_46bd2193686633,2024,2,complete
control_46bd2193686633,2025,0,complete
control_46de83660c3167,2021,3,complete
control_46de83660c3167,2022,6,complete
control_46de83660c3167,2023,9,complete
control_46de83660c3167,2024,9,complete
control_46de83660c3167,2025,14,complete
control_46f1536b9ab229,2019,1,complete
control_46f1536b9ab229,2020,0,complete
control_46f1536b9ab229,2021,1,complete
control_46f1536b9ab229,2022,0,complete
control_46f1536b9ab229,2023,1,complete
control_46f1536b9ab229,2024,0,complete
control_46f1536b9ab229,2025,2,complete
control_4737a9e7c4a771,2021,2,complete
control_4737a9e7c4a771,2022,8,complete
control_4737a9e7c4a771,2023,12,complete
control_4737a9e7c4a771,2024,19,complete
control_4737a9e7c4a771,2025,13,complete
control_47aecdbca415ff,2022,109,complete
control_47aecdbca415ff,2023,421,complete
control_47aecdbca415ff,2024,589,complete
control_47aecdbca415ff,2025,830,complete
control_4801e49dd6ac18,2020,1,complete
control_4801e49dd6ac18,2021,5,complete
control_4801e49dd6ac18,2022,2,complete
control_4801e49dd6ac18,2023,6,complete
control_4801e49dd6ac18,2024,3,complete
control_4801e49dd6ac18,2025,5,complete
control_480f8049f8284e,2017,1,complete
control_480f8049f8284e,2018,1,complete
control_480f8049f8284e,2019,1,complete
control_480f8049f8284e,2020,1,complete
control_480f8049f8284e,2021,1,complete
control_480f8049f8284e,2022,1,complete
control_480f8049f8284e,2023,3,complete
control_480f8049f8284e,2024,0,complete
control_480f8049f8284e,2025,1,complete
control_48e5e15552eccf,2017,0,complete
control_48e5e15552eccf,2018,0,complete
control_48e5e15552eccf,2019,3,complete
control_48e5e15552eccf,2020,0,complete
control_48e5e15552eccf,2021,0,complete
control_48e5e15552eccf,2022,0,complete
control_48e5e15552eccf,2023,1,complete
control_48e5e15552eccf,2024,0,complete
control_48e5e15552eccf,2025,1,complete
control_48f583f210e414,2018,3,complete
control_48f583f210e414,2019,4,complete
control_48f583f210e414,2020,17,complete
control_48f583f210e414,2021,14,complete
control_48f583f210e414,2022,18,complete
control_48f583f210e414,2023,23,complete
control_48f583f210e414,2024,25,complete
control_48f583f210e414,2025,24,complete
control_498d866fdd4705,2018,1,complete
control_498d866fdd4705,2019,3,complete
control_498d866fdd4705,2020,3,complete
control_498d866fdd4705,2021,4,complete
control_498d866fdd4705,2022,2,complete
control_498d866fdd4705,2023,6,complete
control_498d866fdd4705,2024,5,complete
control_498d866fdd4705,2025,4,complete
control_49bf3286f08348,2017,0,complete
control_49bf3286f08348,2018,0,complete
control_49bf3286f08348,2019,0,complete
control_49bf3286f08348,2020,0,complete
control_49bf3286f08348,2021,0,complete
control_49bf3286f08348,2022,0,complete
control_49bf3286f08348,2023,0,complete
control_49bf3286f08348,2024,0,complete
control_49bf3286f08348,2025,0,complete
control_49d9079e375d70,2019,0,complete
control_49d9079e375d70,2020,4,complete
control_49d9079e375d70,2021,1,complete
control_49d9079e375d70,2022,2,complete
control_49d9079e375d70,2023,2,complete
control_49d9079e375d70,2024,3,complete
control_49d9079e375d70,2025,4,complete
control_49ed74952504c5,2018,1,complete
control_49ed74952504c5,2019,0,complete
control_49ed74952504c5,2020,5,complete
control_49ed74952504c5,2021,0,complete
control_49ed74952504c5,2022,3,complete
control_49ed74952504c5,2023,3,complete
control_49ed74952504c5,2024,3,complete
control_49ed74952504c5,2025,2,complete
control_4a002a8ca46f2f,2019,6,complete
control_4a002a8ca46f2f,2020,8,complete
control_4a002a8ca46f2f,2021,20,complete
control_4a002a8ca46f2f,2022,13,complete
control_4a002a8ca46f2f,2023,14,complete
control_4a002a8ca46f2f,2024,19,complete
control_4a002a8ca46f2f,2025,14,complete
control_4a626e1bd09ef8,2022,4,complete
control_4a626e1bd09ef8,2023,7,complete
control_4a626e1bd09ef8,2024,10,complete
control_4a626e1bd09ef8,2025,11,complete
control_4a66ef52206d72,2020,1,complete
control_4a66ef52206d72,2021,6,complete
control_4a66ef52206d72,2022,14,complete
control_4a66ef52206d72,2023,13,complete
control_4a66ef52206d72,2024,9,complete
control_4a66ef52206d72,2025,12,complete
control_4abf102d5fc7e8,2017,0,complete
control_4abf102d5fc7e8,2018,3,complete
control_4abf102d5fc7e8,2019,5,complete
control_4abf102d5fc7e8,2020,2,complete
control_4abf102d5fc7e8,2021,2,complete
control_4abf102d5fc7e8,2022,2,complete
control_4abf102d5fc7e8,2023,2,complete
control_4abf102d5fc7e8,2024,2,complete
control_4abf102d5fc7e8,2025,2,complete
control_4b42471c3ab304,2021,0,complete
control_4b42471c3ab304,2022,2,complete
control_4b42471c3ab304,2023,4,complete
control_4b42471c3ab304,2024,5,complete
control_4b42471c3ab304,2025,6,complete
control_4bb13aa9eba893,2020,1,complete
control_4bb13aa9eba893,2021,11,complete
control_4bb13aa9eba893,2022,5,complete
control_4bb13aa9eba893,2023,8,complete
control_4bb13aa9eba893,2024,9,complete
control_4bb13aa9eba893,2025,10,complete
control_4bfff7f5b47ec2,2018,1,complete
control_4bfff7f5b47ec2,2019,2,complete
control_4bfff7f5b47ec2,2020,3,complete
control_4bfff7f5b47ec2,2021,1,complete
control_4bfff7f5b47ec2,2022,9,complete
control_4bfff7f5b47ec2,2023,8,complete
control_4bfff7f5b47ec2,2024,7,complete
control_4bfff7f5b47ec2,2025,6,complete
control_4c4a4614533042,2017,3,complete
control_4c4a4614533042,2018,2,complete
control_4c4a4614533042,2019,0,complete
control_4c4a4614533042,2020,3,complete
control_4c4a4614533042,2021,1,complete
control_4c4a4614533042,2022,6,complete
control_4c4a4614533042,2023,4,complete
control_4c4a4614533042,2024,2,complete
control_4c4a4614533042,2025,1,complete
control_4c87a15d49fe6d,2017,0,complete
control_4c87a15d49fe6d,2018,3,complete
control_4c87a15d49fe6d,2019,4,complete
control_4c87a15d49fe6d,2020,5,complete
control_4c87a15d49fe6d,2021,2,complete
control_4c87a15d49fe6d,2022,5,complete
control_4c87a15d49fe6d,2023,8,complete
control_4c87a15d49fe6d,2024,3,complete
control_4c87a15d49fe6d,2025,4,complete
control_4c8e35fedfd7eb,2019,2,complete
control_4c8e35fedfd7eb,2020,6,complete
control_4c8e35fedfd7eb,2021,9,complete
control_4c8e35fedfd7eb,2022,10,complete
control_4c8e35fedfd7eb,2023,12,complete
control_4c8e35fedfd7eb,2024,9,complete
control_4c8e35fedfd7eb,2025,12,complete
control_4ca81c0f77cab9,2019,6,complete
control_4ca81c0f77cab9,2020,32,complete
control_4ca81c0f77cab9,2021,36,complete
control_4ca81c0f77cab9,2022,39,complete
control_4ca81c0f77cab9,2023,41,complete
control_4ca81c0f77cab9,2024,53,complete
control_4ca81c0f77cab9,2025,64,complete
control_4cb1706278e05e,2018,0,complete
control_4cb1706278e05e,2019,0,complete
control_4cb1706278e05e,2020,0,complete
control_4cb1706278e05e,2021,0,complete
control_4cb1706278e05e,2022,0,complete
control_4cb1706278e05e,2023,0,complete
control_4cb1706278e05e,2024,0,complete
control_4cb1706278e05e,2025,0,complete
control_4d0e600beb4ec5,2022,5,complete
control_4d0e600beb4ec5,2023,10,complete
control_4d0e600beb4ec5,2024,14,complete
control_4d0e600beb4ec5,2025,13,complete
control_4d6a77e277b8ea,2018,0,complete
control_4d6a77e277b8ea,2019,0,complete
control_4d6a77e277b8ea,2020,0,complete
control_4d6a77e277b8ea,2021,0,complete
control_4d6a77e277b8ea,2022,0,complete
control_4d6a77e277b8ea,2023,0,complete
control_4d6a77e277b8ea,2024,1,complete
control_4d6a77e277b8ea,2025,1,complete
control_4d94a319d237ca,2019,0,complete
control_4d94a319d237ca,2020,4,complete
control_4d94a319d237ca,2021,10,complete
control_4d94a319d237ca,2022,16,complete
control_4d94a319d237ca,2023,9,complete
control_4d94a319d237ca,2024,11,complete
control_4d94a319d237ca,2025,9,complete
control_4db0ddf0add608,2021,4,complete
control_4db0ddf0add608,2022,4,complete
control_4db0ddf0add608,2023,6,complete
control_4db0ddf0add608,2024,6,complete
control_4db0ddf0add608,2025,8,complete
control_4dc84e4a597dd6,2021,0,complete
control_4dc84e4a597dd6,2022,2,complete
control_4dc84e4a597dd6,2023,3,complete
control_4dc84e4a597dd6,2024,3,complete
control_4dc84e4a597dd6,2025,2,complete
control_4e1060466f2892,2022,2,complete
control_4e1060466f2892,2023,0,complete
control_4e1060466f2892,2024,1,complete
control_4e1060466f2892,2025,2,complete
control_4e7e900117e104,2020,0,complete
control_4e7e900117e104,2021,0,complete
control_4e7e900117e104,2022,2,complete
control_4e7e900117e104,2023,3,complete
control_4e7e900117e104,2024,1,complete
control_4e7e900117e104,2025,5,complete
control_4e9ad50a8784cc,2018,5,complete
control_4e9ad50a8784cc,2019,14,complete
control_4e9ad50a8784cc,2020,25,complete
control_4e9ad50a8784cc,2021,34,complete
control_4e9ad50a8784cc,2022,30,complete
control_4e9ad50a8784cc,2023,32,complete
control_4e9ad50a8784cc,2024,18,complete
control_4e9ad50a8784cc,2025,31,complete
control_4ea8ec6fa9f948,2022,0,complete
control_4ea8ec6fa9f948,2023,6,complete
control_4ea8ec6fa9f948,2024,1,complete
control_4ea8ec6fa9f948,2025,0,complete
control_4f1873d999ea05,2022,0,complete
control_4f1873d999ea05,2023,1,complete
control_4f1873d999ea05,2024,1,complete
control_4f1873d999ea05,2025,2,complete
control_4f416ae7b3e0ce,2017,7,complete
control_4f416ae7b3e0ce,2018,7,complete
control_4f416ae7b3e0ce,2019,12,complete
control_4f416ae7b3e0ce,2020,18,complete
control_4f416ae7b3e0ce,2021,9,complete
control_4f416ae7b3e0ce,2022,12,complete
control_4f416ae7b3e0ce,2023,12,complete
control_4f416ae7b3e0ce,2024,7,complete
control_4f416ae7b3e0ce,2025,15,complete
control_4fb2ab71666b79,2017,4,complete
control_4fb2ab71666b79,2018,2,complete
control_4fb2ab71666b79,2019,1,complete
control_4fb2ab71666b79,2020,2,complete
control_4fb2ab71666b79,2021,3,complete
control_4fb2ab71666b79,2022,2,complete
control_4fb2ab71666b79,2023,1,complete
control_4fb2ab71666b79,2024,1,complete
control_4fb2ab71666b79,2025,3,complete
control_4fe862e5184b87,2022,0,complete
control_4fe862e5184b87,2023,1,complete
control_4fe862e5184b87,2024,2,complete
control_4fe862e5184b87,2025,2,complete
control_503c79f0c2e7aa,2017,0,complete
control_503c79f0c2e7aa,2018,0,complete
control_503c79f0c2e7aa,2019,0,complete
control_503c79f0c2e7aa,2020,1,complete
control_503c79f0c2e7aa,2021,2,complete
control_503c79f0c2e7aa,2022,3,complete
control_503c79f0c2e7aa,2023,2,complete
control_503c79f0c2e7aa,2024,1,complete
control_503c79f0c2e7aa,2025,1,complete
control_508e9d994df40a,2019,2,complete
control_508e9d994df40a,2020,0,complete
control_508e9d994df40a,2021,2,complete
control_508e9d994df40a,2022,0,complete
control_508e9d994df40a,2023,2,complete
control_508e9d994df40a,2024,1,complete
control_508e9d994df40a,2025,0,complete
control_511ff7b0e39e37,2018,1,complete
control_511ff7b0e39e37,2019,7,complete
control_511ff7b0e39e37,2020,9,complete
control_511ff7b0e39e37,2021,6,complete
control_511ff7b0e39e37,2022,5,complete
control_511ff7b0e39e37,2023,12,complete
control_511ff7b0e39e37,2024,7,complete
control_511ff7b0e39e37,2025,8,complete
control_51295e67b7106b,2019,0,complete
control_51295e67b7106b,2020,3,complete
control_51295e67b7106b,2021,3,complete
control_51295e67b7106b,2022,3,complete
control_51295e67b7106b,2023,5,complete
control_51295e67b7106b,2024,3,complete
control_51295e67b7106b,2025,2,complete
control_51546acc4fbf1d,2017,7,complete
control_51546acc4fbf1d,2018,7,complete
control_51546acc4fbf1d,2019,14,complete
control_51546acc4fbf1d,2020,6,complete
control_51546acc4fbf1d,2021,6,complete
control_51546acc4fbf1d,2022,4,complete
control_51546acc4fbf1d,2023,4,complete
control_51546acc4fbf1d,2024,4,complete
control_51546acc4fbf1d,2025,3,complete
control_51568807f9aaab,2017,3,complete
control_51568807f9aaab,2018,1,complete
control_51568807f9aaab,2019,0,complete
control_51568807f9aaab,2020,5,complete
control_51568807f9aaab,2021,1,complete
control_51568807f9aaab,2022,4,complete
control_51568807f9aaab,2023,0,complete
control_51568807f9aaab,2024,1,complete
control_51568807f9aaab,2025,3,complete
control_51b1e7965dd806,2019,0,complete
control_51b1e7965dd806,2020,8,complete
control_51b1e7965dd806,2021,11,complete
control_51b1e7965dd806,2022,18,complete
control_51b1e7965dd806,2023,9,complete
control_51b1e7965dd806,2024,25,complete
control_51b1e7965dd806,2025,28,complete
control_51dd7f2d43c85c,2018,5,complete
control_51dd7f2d43c85c,2019,0,complete
control_51dd7f2d43c85c,2020,1,complete
control_51dd7f2d43c85c,2021,1,complete
control_51dd7f2d43c85c,2022,1,complete
control_51dd7f2d43c85c,2023,4,complete
control_51dd7f2d43c85c,2024,0,complete
control_51dd7f2d43c85c,2025,1,complete
control_52ef945da9d899,2021,0,complete
control_52ef945da9d899,2022,0,complete
control_52ef945da9d899,2023,2,complete
control_52ef945da9d899,2024,0,complete
control_52ef945da9d899,2025,1,complete
control_52f366d4141bb3,2020,17,complete
control_52f366d4141bb3,2021,42,complete
control_52f366d4141bb3,2022,46,complete
control_52f366d4141bb3,2023,60,complete
control_52f366d4141bb3,2024,59,complete
control_52f366d4141bb3,2025,59,complete
control_539d5176c09e20,2021,6,complete
control_539d5176c09e20,2022,9,complete
control_539d5176c09e20,2023,23,complete
control_539d5176c09e20,2024,16,complete
control_539d5176c09e20,2025,23,complete
control_53d46cb203a2d1,2018,2,complete
control_53d46cb203a2d1,2019,3,complete
control_53d46cb203a2d1,2020,6,complete
control_53d46cb203a2d1,2021,6,complete
control_53d46cb203a2d1,2022,4,complete
control_53d46cb203a2d1,2023,6,complete
control_53d46cb203a2d1,2024,7,complete
control_53d46cb203a2d1,2025,8,complete
control_53e2a6bc51b9f7,2018,36,complete
control_53e2a6bc51b9f7,2019,73,complete
control_53e2a6bc51b9f7,2020,80,complete
control_53e2a6bc51b9f7,2021,122,complete
control_53e2a6bc51b9f7,2022,120,complete
control_53e2a6bc51b9f7,2023,112,complete
control_53e2a6bc51b9f7,2024,113,complete
control_53e2a6bc51b9f7,2025,146,complete
control_549ee4c8c55204,2019,0,complete
control_549ee4c8c55204,2020,3,complete
control_549ee4c8c55204,2021,8,complete
control_549ee4c8c55204,2022,10,complete
control_549ee4c8c55204,2023,7,complete
control_549ee4c8c55204,2024,9,complete
control_549ee4c8c55204,2025,7,complete
control_5501a99b8e4a78,2017,2,complete
control_5501a99b8e4a78,2018,10,complete
control_5501a99b8e4a78,2019,9,complete
control_5501a99b8e4a78,2020,28,complete
control_5501a99b8e4a78,2021,15,complete
control_5501a99b8e4a78,2022,21,complete
control_5501a99b8e4a78,2023,12,complete
control_5501a99b8e4a78,2024,19,complete
control_5501a99b8e4a78,2025,11,complete
control_5548bb55b123d5,2017,0,complete
control_5548bb55b123d5,2018,7,complete
control_5548bb55b123d5,2019,6,complete
control_5548bb55b123d5,2020,7,complete
control_5548bb55b123d5,2021,10,complete
control_5548bb55b123d5,2022,13,complete
control_5548bb55b123d5,2023,12,complete
control_5548bb55b123d5,2024,12,complete
control_5548bb55b123d5,2025,18,complete
control_554ffdeb4a85c0,2017,0,complete
control_554ffdeb4a85c0,2018,0,complete
control_554ffdeb4a85c0,2019,3,complete
control_554ffdeb4a85c0,2020,3,complete
control_554ffdeb4a85c0,2021,2,complete
control_554ffdeb4a85c0,2022,2,complete
control_554ffdeb4a85c0,2023,3,complete
control_554ffdeb4a85c0,2024,2,complete
control_554ffdeb4a85c0,2025,2,complete
control_564aebaa60b818,2021,1,complete
control_564aebaa60b818,2022,11,complete
control_564aebaa60b818,2023,11,complete
control_564aebaa60b818,2024,17,complete
control_564aebaa60b818,2025,11,complete
control_5660852a9f985e,2017,0,complete
control_5660852a9f985e,2018,0,complete
control_5660852a9f985e,2019,0,complete
control_5660852a9f985e,2020,2,complete
control_5660852a9f985e,2021,2,complete
control_5660852a9f985e,2022,1,complete
control_5660852a9f985e,2023,0,complete
control_5660852a9f985e,2024,0,complete
control_5660852a9f985e,2025,0,complete
control_5671f0e0a943ed,2021,12,complete
control_5671f0e0a943ed,2022,19,complete
control_5671f0e0a943ed,2023,25,complete
control_5671f0e0a943ed,2024,43,complete
control_5671f0e0a943ed,2025,38,complete
control_56f9da0334bc05,2017,34,complete
control_56f9da0334bc05,2018,25,complete
control_56f9da0334bc05,2019,44,complete
control_56f9da0334bc05,2020,40,complete
control_56f9da0334bc05,2021,37,complete
control_56f9da0334bc05,2022,27,complete
control_56f9da0334bc05,2023,27,complete
control_56f9da0334bc05,2024,30,complete
control_56f9da0334bc05,2025,26,complete
control_574825753e9e96,2022,3,complete
control_574825753e9e96,2023,3,complete
control_574825753e9e96,2024,0,complete
control_574825753e9e96,2025,7,complete
control_580dea64feb7e7,2018,6,complete
control_580dea64feb7e7,2019,8,complete
control_580dea64feb7e7,2020,16,complete
control_580dea64feb7e7,2021,16,complete
control_580dea64feb7e7,2022,16,complete
control_580dea64feb7e7,2023,20,complete
control_580dea64feb7e7,2024,22,complete
control_580dea64feb7e7,2025,7,complete
control_5873d7e8bfc581,2022,4,complete
control_5873d7e8bfc581,2023,7,complete
control_5873d7e8bfc581,2024,5,complete
control_5873d7e8bfc581,2025,7,complete
control_58d1b4b6d98486,2018,1,complete
control_58d1b4b6d98486,2019,5,complete
control_58d1b4b6d98486,2020,5,complete
control_58d1b4b6d98486,2021,5,complete
control_58d1b4b6d98486,2022,6,complete
control_58d1b4b6d98486,2023,4,complete
control_58d1b4b6d98486,2024,1,complete
control_58d1b4b6d98486,2025,5,complete
control_58d8ca0e26e43a,2021,1,complete
control_58d8ca0e26e43a,2022,9,complete
control_58d8ca0e26e43a,2023,7,complete
control_58d8ca0e26e43a,2024,11,complete
control_58d8ca0e26e43a,2025,10,complete
control_58e0de81df4c8d,2020,0,complete
control_58e0de81df4c8d,2021,3,complete
control_58e0de81df4c8d,2022,0,complete
control_58e0de81df4c8d,2023,3,complete
control_58e0de81df4c8d,2024,4,complete
control_58e0de81df4c8d,2025,3,complete
control_597c64e59f14bf,2019,1,complete
control_597c64e59f14bf,2020,1,complete
control_597c64e59f14bf,2021,5,complete
control_597c64e59f14bf,2022,6,complete
control_597c64e59f14bf,2023,3,complete
control_597c64e59f14bf,2024,6,complete
control_597c64e59f14bf,2025,5,complete
control_597da78282d61d,2022,7,complete
control_597da78282d61d,2023,13,complete
control_597da78282d61d,2024,17,complete
control_597da78282d61d,2025,22,complete
control_5a31adc0547906,2019,0,complete
control_5a31adc0547906,2020,2,complete
control_5a31adc0547906,2021,1,complete
control_5a31adc0547906,2022,2,complete
control_5a31adc0547906,2023,0,complete
control_5a31adc0547906,2024,2,complete
control_5a31adc0547906,2025,2,complete
control_5a3a4eb97f4d02,2017,6,complete
control_5a3a4eb97f4d02,2018,4,complete
control_5a3a4eb97f4d02,2019,5,complete
control_5a3a4eb97f4d02,2020,10,complete
control_5a3a4eb97f4d02,2021,11,complete
control_5a3a4eb97f4d02,2022,8,complete
control_5a3a4eb97f4d02,2023,8,complete
control_5a3a4eb97f4d02,2024,9,complete
control_5a3a4eb97f4d02,2025,19,complete
control_5a68831682a28b,2017,0,complete
control_5a68831682a28b,2018,3,complete
control_5a68831682a28b,2019,7,complete
control_5a68831682a28b,2020,3,complete
control_5a68831682a28b,2021,10,complete
control_5a68831682a28b,2022,7,complete
control_5a68831682a28b,2023,5,complete
control_5a68831682a28b,2024,8,complete
control_5a68831682a28b,2025,5,complete
control_5b56a1acaee954,2017,0,complete
control_5b56a1acaee954,2018,1,complete
control_5b56a1acaee954,2019,0,complete
control_5b56a1acaee954,2020,0,complete
control_5b56a1acaee954,2021,0,complete
control_5b56a1acaee954,2022,0,complete
control_5b56a1acaee954,2023,0,complete
control_5b56a1acaee954,2024,0,complete
control_5b56a1acaee954,2025,0,complete
control_5bbd748866ea98,2022,2,complete
control_5bbd748866ea98,2023,4,complete
control_5bbd748866ea98,2024,5,complete
control_5bbd748866ea98,2025,13,complete
control_5be112dde61ef6,2021,1,complete
control_5be112dde61ef6,2022,8,complete
control_5be112dde61ef6,2023,4,complete
control_5be112dde61ef6,2024,12,complete
control_5be112dde61ef6,2025,5,complete
control_5bf56f14f5b9ee,2022,0,complete
control_5bf56f14f5b9ee,2023,5,complete
control_5bf56f14f5b9ee,2024,5,complete
control_5bf56f14f5b9ee,2025,6,complete
control_5c3901fa764a69,2018,0,complete
control_5c3901fa764a69,2019,4,complete
control_5c3901fa764a69,2020,2,complete
control_5c3901fa764a69,2021,1,complete
control_5c3901fa764a69,2022,7,complete
control_5c3901fa764a69,2023,4,complete
control_5c3901fa764a69,2024,1,complete
control_5c3901fa764a69,2025,1,complete
control_5c59d4ff650a78,2019,3,complete
control_5c59d4ff650a78,2020,7,complete
control_5c59d4ff650a78,2021,7,complete
control_5c59d4ff650a78,2022,4,complete
control_5c59d4ff650a78,2023,6,complete
control_5c59d4ff650a78,2024,5,complete
control_5c59d4ff650a78,2025,4,complete
control_5c7f144ee2348c,2018,2,complete
control_5c7f144ee2348c,2019,3,complete
control_5c7f144ee2348c,2020,7,complete
control_5c7f144ee2348c,2021,13,complete
control_5c7f144ee2348c,2022,13,complete
control_5c7f144ee2348c,2023,9,complete
control_5c7f144ee2348c,2024,9,complete
control_5c7f144ee2348c,2025,7,complete
control_5cae205072ead6,2022,1,complete
control_5cae205072ead6,2023,7,complete
control_5cae205072ead6,2024,13,complete
control_5cae205072ead6,2025,15,complete
control_5cbb97f4910798,2020,1,complete
control_5cbb97f4910798,2021,2,complete
control_5cbb97f4910798,2022,3,complete
control_5cbb97f4910798,2023,2,complete
control_5cbb97f4910798,2024,1,complete
control_5cbb97f4910798,2025,3,complete
control_5cc31a4fd837cb,2023,10,complete
control_5cc31a4fd837cb,2024,28,complete
control_5cc31a4fd837cb,2025,27,complete
control_5cda46d4262c37,2022,3,complete
control_5cda46d4262c37,2023,4,complete
control_5cda46d4262c37,2024,5,complete
control_5cda46d4262c37,2025,4,complete
control_5cfc2a84a15add,2018,1,complete
control_5cfc2a84a15add,2019,1,complete
control_5cfc2a84a15add,2020,3,complete
control_5cfc2a84a15add,2021,6,complete
control_5cfc2a84a15add,2022,1,complete
control_5cfc2a84a15add,2023,0,complete
control_5cfc2a84a15add,2024,6,complete
control_5cfc2a84a15add,2025,4,complete
control_5d32a9edd01644,2018,3,complete
control_5d32a9edd01644,2019,8,complete
control_5d32a9edd01644,2020,8,complete
control_5d32a9edd01644,2021,7,complete
control_5d32a9edd01644,2022,9,complete
control_5d32a9edd01644,2023,7,complete
control_5d32a9edd01644,2024,4,complete
control_5d32a9edd01644,2025,3,complete
control_5db11331d863c2,2018,4,complete
control_5db11331d863c2,2019,5,complete
control_5db11331d863c2,2020,4,complete
control_5db11331d863c2,2021,2,complete
control_5db11331d863c2,2022,10,complete
control_5db11331d863c2,2023,7,complete
control_5db11331d863c2,2024,3,complete
control_5db11331d863c2,2025,7,complete
control_5dde9aa01446f0,2018,0,complete
control_5dde9aa01446f0,2019,1,complete
control_5dde9aa01446f0,2020,1,complete
control_5dde9aa01446f0,2021,0,complete
control_5dde9aa01446f0,2022,2,complete
control_5dde9aa01446f0,2023,0,complete
control_5dde9aa01446f0,2024,0,complete
control_5dde9aa01446f0,2025,2,complete
control_5de57bb3fab761,2018,2,complete
control_5de57bb3fab761,2019,1,complete
control_5de57bb3fab761,2020,4,complete
control_5de57bb3fab761,2021,5,complete
control_5de57bb3fab761,2022,9,complete
control_5de57bb3fab761,2023,7,complete
control_5de57bb3fab761,2024,5,complete
control_5de57bb3fab761,2025,7,complete
control_5dfd038a7f741d,2022,2,complete
control_5dfd038a7f741d,2023,2,complete
control_5dfd038a7f741d,2024,5,complete
control_5dfd038a7f741d,2025,3,complete
control_5dfe8b709658a1,2020,1,complete
control_5dfe8b709658a1,2021,9,complete
control_5dfe8b709658a1,2022,28,complete
control_5dfe8b709658a1,2023,52,complete
control_5dfe8b709658a1,2024,104,complete
control_5dfe8b709658a1,2025,185,complete
control_5e55ce730aa845,2019,10,complete
control_5e55ce730aa845,2020,57,complete
control_5e55ce730aa845,2021,60,complete
control_5e55ce730aa845,2022,64,complete
control_5e55ce730aa845,2023,60,complete
control_5e55ce730aa845,2024,58,complete
control_5e55ce730aa845,2025,69,complete
control_5e8c86f20c4f35,2017,11,complete
control_5e8c86f20c4f35,2018,19,complete
control_5e8c86f20c4f35,2019,11,complete
control_5e8c86f20c4f35,2020,17,complete
control_5e8c86f20c4f35,2021,9,complete
control_5e8c86f20c4f35,2022,16,complete
control_5e8c86f20c4f35,2023,16,complete
control_5e8c86f20c4f35,2024,21,complete
control_5e8c86f20c4f35,2025,17,complete
control_5ead0ca1d825cf,2020,8,complete
control_5ead0ca1d825cf,2021,0,complete
control_5ead0ca1d825cf,2022,6,complete
control_5ead0ca1d825cf,2023,2,complete
control_5ead0ca1d825cf,2024,5,complete
control_5ead0ca1d825cf,2025,6,complete
control_5eb66a8b6fa314,2017,1,complete
control_5eb66a8b6fa314,2018,1,complete
control_5eb66a8b6fa314,2019,2,complete
control_5eb66a8b6fa314,2020,1,complete
control_5eb66a8b6fa314,2021,3,complete
control_5eb66a8b6fa314,2022,2,complete
control_5eb66a8b6fa314,2023,3,complete
control_5eb66a8b6fa314,2024,4,complete
control_5eb66a8b6fa314,2025,2,complete
control_5eccf96c09dc36,2017,0,complete
control_5eccf96c09dc36,2018,3,complete
control_5eccf96c09dc36,2019,0,complete
control_5eccf96c09dc36,2020,4,complete
control_5eccf96c09dc36,2021,1,complete
control_5eccf96c09dc36,2022,1,complete
control_5eccf96c09dc36,2023,3,complete
control_5eccf96c09dc36,2024,2,complete
control_5eccf96c09dc36,2025,0,complete
control_5f0aaadb6fa858,2018,5,complete
control_5f0aaadb6fa858,2019,6,complete
control_5f0aaadb6fa858,2020,16,complete
control_5f0aaadb6fa858,2021,15,complete
control_5f0aaadb6fa858,2022,9,complete
control_5f0aaadb6fa858,2023,10,complete
control_5f0aaadb6fa858,2024,8,complete
control_5f0aaadb6fa858,2025,12,complete
control_5f2b7c4426469b,2019,0,complete
control_5f2b7c4426469b,2020,2,complete
control_5f2b7c4426469b,2021,3,complete
control_5f2b7c4426469b,2022,5,complete
control_5f2b7c4426469b,2023,4,complete
control_5f2b7c4426469b,2024,5,complete
control_5f2b7c4426469b,2025,8,complete
control_5fbdafd71c9562,2019,2,complete
control_5fbdafd71c9562,2020,7,complete
control_5fbdafd71c9562,2021,7,complete
control_5fbdafd71c9562,2022,10,complete
control_5fbdafd71c9562,2023,6,complete
control_5fbdafd71c9562,2024,11,complete
control_5fbdafd71c9562,2025,7,complete
control_6009da4cf22f00,2017,0,complete
control_6009da4cf22f00,2018,2,complete
control_6009da4cf22f00,2019,1,complete
control_6009da4cf22f00,2020,5,complete
control_6009da4cf22f00,2021,8,complete
control_6009da4cf22f00,2022,3,complete
control_6009da4cf22f00,2023,5,complete
control_6009da4cf22f00,2024,2,complete
control_6009da4cf22f00,2025,3,complete
control_607dc3a2171c0f,2017,5,complete
control_607dc3a2171c0f,2018,7,complete
control_607dc3a2171c0f,2019,6,complete
control_607dc3a2171c0f,2020,12,complete
control_607dc3a2171c0f,2021,5,complete
control_607dc3a2171c0f,2022,5,complete
control_607dc3a2171c0f,2023,6,complete
control_607dc3a2171c0f,2024,10,complete
control_607dc3a2171c0f,2025,5,complete
control_608e4d87ba2cb8,2017,0,complete
control_608e4d87ba2cb8,2018,3,complete
control_608e4d87ba2cb8,2019,0,complete
control_608e4d87ba2cb8,2020,8,complete
control_608e4d87ba2cb8,2021,5,complete
control_608e4d87ba2cb8,2022,2,complete
control_608e4d87ba2cb8,2023,8,complete
control_608e4d87ba2cb8,2024,11,complete
control_608e4d87ba2cb8,2025,19,complete
control_60d88cf3217b2d,2020,0,complete
control_60d88cf3217b2d,2021,0,complete
control_60d88cf3217b2d,2022,0,complete
control_60d88cf3217b2d,2023,0,complete
control_60d88cf3217b2d,2024,0,complete
control_60d88cf3217b2d,2025,0,complete
control_6105142bfe6942,2020,5,complete
control_6105142bfe6942,2021,12,complete
control_6105142bfe6942,2022,19,complete
control_6105142bfe6942,2023,17,complete
control_6105142bfe6942,2024,27,complete
control_6105142bfe6942,2025,17,complete
control_612bf12a671890,2022,4,complete
control_612bf12a671890,2023,5,complete
control_612bf12a671890,2024,8,complete
control_612bf12a671890,2025,17,complete
control_628d33fba19b27,2020,7,complete
control_628d33fba19b27,2021,3,complete
control_628d33fba19b27,2022,5,complete
control_628d33fba19b27,2023,3,complete
control_628d33fba19b27,2024,4,complete
control_628d33fba19b27,2025,1,complete
control_6290cbc96124b4,2018,0,complete
control_6290cbc96124b4,2019,1,complete
control_6290cbc96124b4,2020,1,complete
control_6290cbc96124b4,2021,3,complete
control_6290cbc96124b4,2022,0,complete
control_6290cbc96124b4,2023,3,complete
control_6290cbc96124b4,2024,4,complete
control_6290cbc96124b4,2025,1,complete
control_629249b09d465c,2017,3,complete
control_629249b09d465c,2018,0,complete
control_629249b09d465c,2019,1,complete
control_629249b09d465c,2020,4,complete
control_629249b09d465c,2021,4,complete
control_629249b09d465c,2022,4,complete
control_629249b09d465c,2023,2,complete
control_629249b09d465c,2024,8,complete
control_629249b09d465c,2025,2,complete
control_62bc62c6272e0d,2017,10,complete
control_62bc62c6272e0d,2018,3,complete
control_62bc62c6272e0d,2019,3,complete
control_62bc62c6272e0d,2020,6,complete
control_62bc62c6272e0d,2021,9,complete
control_62bc62c6272e0d,2022,9,complete
control_62bc62c6272e0d,2023,14,complete
control_62bc62c6272e0d,2024,8,complete
control_62bc62c6272e0d,2025,7,complete
control_631db3fc5e4c98,2019,0,complete
control_631db3fc5e4c98,2020,4,complete
control_631db3fc5e4c98,2021,3,complete
control_631db3fc5e4c98,2022,6,complete
control_631db3fc5e4c98,2023,4,complete
control_631db3fc5e4c98,2024,6,complete
control_631db3fc5e4c98,2025,3,complete
control_633c4368c0b252,2018,0,complete
control_633c4368c0b252,2019,1,complete
control_633c4368c0b252,2020,0,complete
control_633c4368c0b252,2021,0,complete
control_633c4368c0b252,2022,0,complete
control_633c4368c0b252,2023,0,complete
control_633c4368c0b252,2024,1,complete
control_633c4368c0b252,2025,0,complete
control_637017d89d8808,2017,4,complete
control_637017d89d8808,2018,3,complete
control_637017d89d8808,2019,3,complete
control_637017d89d8808,2020,2,complete
control_637017d89d8808,2021,2,complete
control_637017d89d8808,2022,3,complete
control_637017d89d8808,2023,2,complete
control_637017d89d8808,2024,2,complete
control_637017d89d8808,2025,1,complete
control_63797b95627cb5,2017,8,complete
control_63797b95627cb5,2018,10,complete
control_63797b95627cb5,2019,13,complete
control_63797b95627cb5,2020,8,complete
control_63797b95627cb5,2021,11,complete
control_63797b95627cb5,2022,8,complete
control_63797b95627cb5,2023,5,complete
control_63797b95627cb5,2024,5,complete
control_63797b95627cb5,2025,4,complete
control_639ae447d5f99c,2017,2,complete
control_639ae447d5f99c,2018,4,complete
control_639ae447d5f99c,2019,3,complete
control_639ae447d5f99c,2020,15,complete
control_639ae447d5f99c,2021,9,complete
control_639ae447d5f99c,2022,14,complete
control_639ae447d5f99c,2023,14,complete
control_639ae447d5f99c,2024,10,complete
control_639ae447d5f99c,2025,10,complete
control_639d48bda30407,2020,26,complete
control_639d48bda30407,2021,125,complete
control_639d48bda30407,2022,286,complete
control_639d48bda30407,2023,482,complete
control_639d48bda30407,2024,752,complete
control_639d48bda30407,2025,882,complete
control_63a5f5b4e6acea,2018,0,complete
control_63a5f5b4e6acea,2019,2,complete
control_63a5f5b4e6acea,2020,2,complete
control_63a5f5b4e6acea,2021,2,complete
control_63a5f5b4e6acea,2022,2,complete
control_63a5f5b4e6acea,2023,1,complete
control_63a5f5b4e6acea,2024,1,complete
control_63a5f5b4e6acea,2025,1,complete
control_63f77dd6a7de20,2020,22,complete
control_63f77dd6a7de20,2021,35,complete
control_63f77dd6a7de20,2022,46,complete
control_63f77dd6a7de20,2023,58,complete
control_63f77dd6a7de20,2024,84,complete
control_63f77dd6a7de20,2025,61,complete
control_646bc2e34fc0b7,2018,3,complete
control_646bc2e34fc0b7,2019,6,complete
control_646bc2e34fc0b7,2020,7,complete
control_646bc2e34fc0b7,2021,15,complete
control_646bc2e34fc0b7,2022,12,complete
control_646bc2e34fc0b7,2023,23,complete
control_646bc2e34fc0b7,2024,9,complete
control_646bc2e34fc0b7,2025,14,complete
control_6525342215f6ff,2021,6,complete
control_6525342215f6ff,2022,4,complete
control_6525342215f6ff,2023,6,complete
control_6525342215f6ff,2024,10,complete
control_6525342215f6ff,2025,9,complete
control_65595a2ff70366,2019,10,complete
control_65595a2ff70366,2020,13,complete
control_65595a2ff70366,2021,23,complete
control_65595a2ff70366,2022,22,complete
control_65595a2ff70366,2023,21,complete
control_65595a2ff70366,2024,23,complete
control_65595a2ff70366,2025,37,complete
control_6565d214f6a0d8,2020,4,complete
control_6565d214f6a0d8,2021,6,complete
control_6565d214f6a0d8,2022,4,complete
control_6565d214f6a0d8,2023,10,complete
control_6565d214f6a0d8,2024,5,complete
control_6565d214f6a0d8,2025,7,complete
control_6581cd4bd3c299,2022,0,complete
control_6581cd4bd3c299,2023,0,complete
control_6581cd4bd3c299,2024,0,complete
control_6581cd4bd3c299,2025,0,complete
control_65830a4a5e806d,2020,26,complete
control_65830a4a5e806d,2021,61,complete
control_65830a4a5e806d,2022,68,complete
control_65830a4a5e806d,2023,79,complete
control_65830a4a5e806d,2024,88,complete
control_65830a4a5e806d,2025,96,complete
control_667bc4716098d8,2020,2,complete
control_667bc4716098d8,2021,7,complete
control_667bc4716098d8,2022,15,complete
control_667bc4716098d8,2023,15,complete
control_667bc4716098d8,2024,22,complete
control_667bc4716098d8,2025,13,complete
