source_id,url,query_kind,status,items,detail
report_0a3ce4480b8d,https://api.osf.io/v2/nodes/yur5j/files/?page[size]=100,providers,retrieved,1,
report_0a3ce4480b8d,https://api.osf.io/v2/nodes/yur5j/children/?page[size]=100,children,retrieved,0,
report_0a3ce4480b8d,https://api.osf.io/v2/nodes/yur5j/files/osfstorage/?page[size]=100,files,retrieved,0,
report_0e8623ca4cdc,https://api.osf.io/v2/nodes/sw7f9/files/?page[size]=100,providers,retrieved,1,
report_0e8623ca4cdc,https://api.osf.io/v2/nodes/sw7f9/children/?page[size]=100,children,retrieved,0,
report_0e8623ca4cdc,https://api.osf.io/v2/nodes/sw7f9/files/osfstorage/?page[size]=100,files,retrieved,0,
report_0ed9bf5f9a71,https://api.osf.io/v2/nodes/yjwr8/files/?page[size]=100,providers,retrieved,1,
report_0ed9bf5f9a71,https://api.osf.io/v2/nodes/yjwr8/children/?page[size]=100,children,retrieved,0,
report_0ed9bf5f9a71,https://api.osf.io/v2/nodes/yjwr8/files/osfstorage/?page[size]=100,files,retrieved,1,
report_0f0b51d3c83d,https://api.osf.io/v2/nodes/4cx86/files/?page[size]=100,providers,retrieved,1,
report_0f0b51d3c83d,https://api.osf.io/v2/nodes/4cx86/children/?page[size]=100,children,retrieved,0,
report_0f0b51d3c83d,https://api.osf.io/v2/nodes/4cx86/files/osfstorage/?page[size]=100,files,retrieved,1,
report_0f8e8c6d9a0c,https://api.osf.io/v2/nodes/zwt7n/files/?page[size]=100,providers,retrieved,1,
report_0f8e8c6d9a0c,https://api.osf.io/v2/nodes/zwt7n/children/?page[size]=100,children,retrieved,0,
report_0f8e8c6d9a0c,https://api.osf.io/v2/nodes/zwt7n/files/osfstorage/?page[size]=100,files,retrieved,0,
report_23e037b9a073,https://api.osf.io/v2/nodes/dx5nj/files/?page[size]=100,providers,retrieved,1,
report_23e037b9a073,https://api.osf.io/v2/nodes/dx5nj/children/?page[size]=100,children,retrieved,0,
report_23e037b9a073,https://api.osf.io/v2/nodes/dx5nj/files/osfstorage/?page[size]=100,files,retrieved,0,
report_25fa9c5ebab8,https://api.osf.io/v2/nodes/mh5sk/files/?page[size]=100,providers,retrieved,1,
report_25fa9c5ebab8,https://api.osf.io/v2/nodes/mh5sk/children/?page[size]=100,children,retrieved,0,
report_25fa9c5ebab8,https://api.osf.io/v2/nodes/mh5sk/files/osfstorage/?page[size]=100,files,retrieved,1,
report_2713d65ee366,https://api.osf.io/v2/nodes/hv7wp/files/?page[size]=100,providers,retrieved,1,
report_2713d65ee366,https://api.osf.io/v2/nodes/hv7wp/children/?page[size]=100,children,retrieved,0,
report_2713d65ee366,https://api.osf.io/v2/nodes/hv7wp/files/osfstorage/?page[size]=100,files,retrieved,2,
report_27252c88eb9c,https://api.osf.io/v2/nodes/tw3kj/files/?page[size]=100,providers,retrieved,1,
report_27252c88eb9c,https://api.osf.io/v2/nodes/tw3kj/children/?page[size]=100,children,retrieved,0,
report_27252c88eb9c,https://api.osf.io/v2/nodes/tw3kj/files/osfstorage/?page[size]=100,files,retrieved,0,
report_2748bfa718f4,https://api.osf.io/v2/nodes/5stb7/files/?page[size]=100,providers,retrieved,1,
report_2748bfa718f4,https://api.osf.io/v2/nodes/5stb7/children/?page[size]=100,children,retrieved,0,
report_2748bfa718f4,https://api.osf.io/v2/nodes/5stb7/files/osfstorage/?page[size]=100,files,retrieved,0,
report_2cbf5df8aefc,https://api.osf.io/v2/nodes/qgbd2/files/?page[size]=100,providers,retrieved,1,
report_2cbf5df8aefc,https://api.osf.io/v2/nodes/qgbd2/children/?page[size]=100,children,retrieved,0,
report_2cbf5df8aefc,https://api.osf.io/v2/nodes/qgbd2/files/osfstorage/?page[size]=100,files,retrieved,0,
report_2d0614eec3f5,https://api.osf.io/v2/nodes/fxta6/files/?page[size]=100,providers,retrieved,1,
report_2d0614eec3f5,https://api.osf.io/v2/nodes/fxta6/children/?page[size]=100,children,retrieved,0,
report_2d0614eec3f5,https://api.osf.io/v2/nodes/fxta6/files/osfstorage/?page[size]=100,files,retrieved,0,
report_2dde11440492,https://api.osf.io/v2/nodes/c9zy6/files/?page[size]=100,providers,retrieved,1,
report_2dde11440492,https://api.osf.io/v2/nodes/c9zy6/children/?page[size]=100,children,retrieved,0,
report_2dde11440492,https://api.osf.io/v2/nodes/c9zy6/files/osfstorage/?page[size]=100,files,retrieved,0,
report_323c63c13b44,https://api.osf.io/v2/nodes/jfzgq/files/?page[size]=100,providers,retrieved,1,
report_323c63c13b44,https://api.osf.io/v2/nodes/jfzgq/children/?page[size]=100,children,retrieved,0,
report_323c63c13b44,https://api.osf.io/v2/nodes/jfzgq/files/osfstorage/?page[size]=100,files,retrieved,0,
report_3340367f828c,https://api.osf.io/v2/nodes/y2jcz/files/?page[size]=100,providers,retrieved,1,
report_3340367f828c,https://api.osf.io/v2/nodes/y2jcz/children/?page[size]=100,children,retrieved,0,
report_3340367f828c,https://api.osf.io/v2/nodes/y2jcz/files/osfstorage/?page[size]=100,files,retrieved,0,
report_36350ebecd44,https://api.osf.io/v2/nodes/fknmp/files/?page[size]=100,providers,retrieved,1,
report_36350ebecd44,https://api.osf.io/v2/nodes/fknmp/children/?page[size]=100,children,retrieved,0,
report_36350ebecd44,https://api.osf.io/v2/nodes/fknmp/files/osfstorage/?page[size]=100,files,retrieved,0,
report_394855884c45,https://api.osf.io/v2/nodes/zmdva/files/?page[size]=100,providers,retrieved,1,
report_394855884c45,https://api.osf.io/v2/nodes/zmdva/children/?page[size]=100,children,retrieved,0,
report_394855884c45,https://api.osf.io/v2/nodes/zmdva/files/osfstorage/?page[size]=100,files,retrieved,0,
report_3a9255e8aaf9,https://api.osf.io/v2/nodes/f2jbz/files/?page[size]=100,providers,retrieved,1,
report_3a9255e8aaf9,https://api.osf.io/v2/nodes/f2jbz/children/?page[size]=100,children,retrieved,0,
report_3a9255e8aaf9,https://api.osf.io/v2/nodes/f2jbz/files/osfstorage/?page[size]=100,files,retrieved,0,
report_3c6fd10f4bb2,https://api.osf.io/v2/nodes/ajm9g/files/?page[size]=100,providers,retrieved,1,
report_3c6fd10f4bb2,https://api.osf.io/v2/nodes/ajm9g/children/?page[size]=100,children,retrieved,0,
report_3c6fd10f4bb2,https://api.osf.io/v2/nodes/ajm9g/files/osfstorage/?page[size]=100,files,retrieved,1,
report_3d04acf29362,https://api.osf.io/v2/nodes/swtq7/files/?page[size]=100,providers,retrieved,1,
report_3d04acf29362,https://api.osf.io/v2/nodes/swtq7/children/?page[size]=100,children,retrieved,0,
report_3d04acf29362,https://api.osf.io/v2/nodes/swtq7/files/osfstorage/?page[size]=100,files,retrieved,0,
report_3d17a45b05e8,https://api.osf.io/v2/nodes/ew7tq/files/?page[size]=100,providers,retrieved,1,
report_3d17a45b05e8,https://api.osf.io/v2/nodes/ew7tq/children/?page[size]=100,children,retrieved,0,
report_3d17a45b05e8,https://api.osf.io/v2/nodes/ew7tq/files/osfstorage/?page[size]=100,files,retrieved,2,
report_405857e47dec,https://api.osf.io/v2/nodes/vdh2e/files/?page[size]=100,providers,retrieved,1,
report_405857e47dec,https://api.osf.io/v2/nodes/vdh2e/children/?page[size]=100,children,retrieved,0,
report_405857e47dec,https://api.osf.io/v2/nodes/vdh2e/files/osfstorage/?page[size]=100,files,retrieved,0,
report_42d464450881,https://api.osf.io/v2/nodes/x29kf/files/?page[size]=100,providers,retrieved,1,
report_42d464450881,https://api.osf.io/v2/nodes/x29kf/children/?page[size]=100,children,retrieved,0,
report_42d464450881,https://api.osf.io/v2/nodes/x29kf/files/osfstorage/?page[size]=100,files,retrieved,0,
report_488392fa8d15,https://api.osf.io/v2/nodes/rku53/files/?page[size]=100,providers,retrieved,1,
report_488392fa8d15,https://api.osf.io/v2/nodes/rku53/children/?page[size]=100,children,retrieved,0,
report_488392fa8d15,https://api.osf.io/v2/nodes/rku53/files/osfstorage/?page[size]=100,files,retrieved,0,
report_49db3e2bf54e,https://api.osf.io/v2/nodes/zt7wy/files/?page[size]=100,providers,retrieved,1,
report_49db3e2bf54e,https://api.osf.io/v2/nodes/zt7wy/children/?page[size]=100,children,retrieved,0,
report_49db3e2bf54e,https://api.osf.io/v2/nodes/zt7wy/files/osfstorage/?page[size]=100,files,retrieved,0,
report_52bea92b7c10,https://api.osf.io/v2/nodes/tdfge/files/?page[size]=100,providers,retrieved,1,
report_52bea92b7c10,https://api.osf.io/v2/nodes/tdfge/children/?page[size]=100,children,retrieved,0,
report_52bea92b7c10,https://api.osf.io/v2/nodes/tdfge/files/osfstorage/?page[size]=100,files,retrieved,0,
report_53da140009b8,https://api.osf.io/v2/nodes/r5jfe/files/?page[size]=100,providers,retrieved,1,
report_53da140009b8,https://api.osf.io/v2/nodes/r5jfe/children/?page[size]=100,children,retrieved,0,
report_53da140009b8,https://api.osf.io/v2/nodes/r5jfe/files/osfstorage/?page[size]=100,files,retrieved,1,
report_54760f3ce87e,https://api.osf.io/v2/nodes/a8hcg/files/?page[size]=100,providers,retrieved,1,
report_54760f3ce87e,https://api.osf.io/v2/nodes/a8hcg/children/?page[size]=100,children,retrieved,0,
report_54760f3ce87e,https://api.osf.io/v2/nodes/a8hcg/files/osfstorage/?page[size]=100,files,retrieved,1,
report_589fa23b9532,https://api.osf.io/v2/nodes/2s9nk/files/?page[size]=100,providers,retrieved,1,
report_589fa23b9532,https://api.osf.io/v2/nodes/2s9nk/children/?page[size]=100,children,retrieved,0,
report_589fa23b9532,https://api.osf.io/v2/nodes/2s9nk/files/osfstorage/?page[size]=100,files,retrieved,0,
report_58dfe8b66caa,https://api.osf.io/v2/nodes/4bnjt/files/?page[size]=100,providers,retrieved,1,
report_58dfe8b66caa,https://api.osf.io/v2/nodes/4bnjt/children/?page[size]=100,children,retrieved,0,
report_58dfe8b66caa,https://api.osf.io/v2/nodes/4bnjt/files/osfstorage/?page[size]=100,files,retrieved,1,
report_5f95f3c12b64,https://api.osf.io/v2/nodes/ekzdg/files/?page[size]=100,providers,retrieved,1,
report_5f95f3c12b64,https://api.osf.io/v2/nodes/ekzdg/children/?page[size]=100,children,retrieved,0,
report_5f95f3c12b64,https://api.osf.io/v2/nodes/ekzdg/files/osfstorage/?page[size]=100,files,retrieved,1,
report_62ce4a2f1052,https://api.osf.io/v2/nodes/39vkb/files/?page[size]=100,providers,retrieved,1,
report_62ce4a2f1052,https://api.osf.io/v2/nodes/39vkb/children/?page[size]=100,children,retrieved,0,
report_62ce4a2f1052,https://api.osf.io/v2/nodes/39vkb/files/osfstorage/?page[size]=100,files,retrieved,0,
report_657d6789dfcb,https://api.osf.io/v2/nodes/q9knf/files/?page[size]=100,providers,retrieved,1,
report_657d6789dfcb,https://api.osf.io/v2/nodes/q9knf/children/?page[size]=100,children,retrieved,0,
report_657d6789dfcb,https://api.osf.io/v2/nodes/q9knf/files/osfstorage/?page[size]=100,files,retrieved,0,
report_670b1936f654,https://api.osf.io/v2/nodes/3sbmr/files/?page[size]=100,providers,retrieved,1,
report_670b1936f654,https://api.osf.io/v2/nodes/3sbmr/children/?page[size]=100,children,retrieved,0,
report_670b1936f654,https://api.osf.io/v2/nodes/3sbmr/files/osfstorage/?page[size]=100,files,retrieved,1,
report_686dc5480e75,https://api.osf.io/v2/nodes/x4gdp/files/?page[size]=100,providers,retrieved,1,
report_686dc5480e75,https://api.osf.io/v2/nodes/x4gdp/children/?page[size]=100,children,retrieved,0,
report_686dc5480e75,https://api.osf.io/v2/nodes/x4gdp/files/osfstorage/?page[size]=100,files,retrieved,0,
report_6cffdb4fbbe1,https://api.osf.io/v2/nodes/eg2as/files/?page[size]=100,providers,retrieved,1,
report_6cffdb4fbbe1,https://api.osf.io/v2/nodes/eg2as/children/?page[size]=100,children,retrieved,0,
report_6cffdb4fbbe1,https://api.osf.io/v2/nodes/eg2as/files/osfstorage/?page[size]=100,files,retrieved,0,
report_767ed52a7503,https://api.osf.io/v2/nodes/5d4q9/files/?page[size]=100,providers,retrieved,1,
report_767ed52a7503,https://api.osf.io/v2/nodes/5d4q9/children/?page[size]=100,children,retrieved,0,
report_767ed52a7503,https://api.osf.io/v2/nodes/5d4q9/files/osfstorage/?page[size]=100,files,retrieved,0,
report_76cd8a9e8fea,https://api.osf.io/v2/nodes/mqcs3/files/?page[size]=100,providers,retrieved,1,
report_76cd8a9e8fea,https://api.osf.io/v2/nodes/mqcs3/children/?page[size]=100,children,retrieved,0,
report_76cd8a9e8fea,https://api.osf.io/v2/nodes/mqcs3/files/osfstorage/?page[size]=100,files,retrieved,0,
report_79ef3eacb036,https://api.osf.io/v2/nodes/296re/files/?page[size]=100,providers,retrieved,1,
report_79ef3eacb036,https://api.osf.io/v2/nodes/296re/children/?page[size]=100,children,retrieved,0,
report_79ef3eacb036,https://api.osf.io/v2/nodes/296re/files/osfstorage/?page[size]=100,files,retrieved,0,
report_8290e13f6cb7,https://api.osf.io/v2/nodes/fge7z/files/?page[size]=100,providers,retrieved,1,
report_8290e13f6cb7,https://api.osf.io/v2/nodes/fge7z/children/?page[size]=100,children,retrieved,0,
report_8290e13f6cb7,https://api.osf.io/v2/nodes/fge7z/files/osfstorage/?page[size]=100,files,retrieved,1,
report_83421b0452f2,https://api.osf.io/v2/nodes/h8ct2/files/?page[size]=100,providers,retrieved,1,
report_83421b0452f2,https://api.osf.io/v2/nodes/h8ct2/children/?page[size]=100,children,retrieved,0,
report_83421b0452f2,https://api.osf.io/v2/nodes/h8ct2/files/osfstorage/?page[size]=100,files,retrieved,1,
report_85fbf173df9d,https://api.osf.io/v2/nodes/j4qyw/files/?page[size]=100,providers,retrieved,1,
report_85fbf173df9d,https://api.osf.io/v2/nodes/j4qyw/children/?page[size]=100,children,retrieved,0,
report_85fbf173df9d,https://api.osf.io/v2/nodes/j4qyw/files/osfstorage/?page[size]=100,files,retrieved,0,
report_869b5ee590f1,https://api.osf.io/v2/nodes/yh94t/files/?page[size]=100,providers,retrieved,1,
report_869b5ee590f1,https://api.osf.io/v2/nodes/yh94t/children/?page[size]=100,children,retrieved,0,
report_869b5ee590f1,https://api.osf.io/v2/nodes/yh94t/files/osfstorage/?page[size]=100,files,retrieved,0,
report_8807c6761590,https://api.osf.io/v2/nodes/6uef8/files/?page[size]=100,providers,retrieved,1,
report_8807c6761590,https://api.osf.io/v2/nodes/6uef8/children/?page[size]=100,children,retrieved,0,
report_8807c6761590,https://api.osf.io/v2/nodes/6uef8/files/osfstorage/?page[size]=100,files,retrieved,0,
report_88c31d5e4579,https://api.osf.io/v2/nodes/m2w4x/files/?page[size]=100,providers,retrieved,1,
report_88c31d5e4579,https://api.osf.io/v2/nodes/m2w4x/children/?page[size]=100,children,retrieved,0,
report_88c31d5e4579,https://api.osf.io/v2/nodes/m2w4x/files/osfstorage/?page[size]=100,files,retrieved,1,
report_890ecb7e62c7,https://api.osf.io/v2/nodes/xyt6w/files/?page[size]=100,providers,retrieved,1,
report_890ecb7e62c7,https://api.osf.io/v2/nodes/xyt6w/children/?page[size]=100,children,retrieved,0,
report_890ecb7e62c7,https://api.osf.io/v2/nodes/xyt6w/files/osfstorage/?page[size]=100,files,retrieved,0,
report_89ed7484a3ce,https://api.osf.io/v2/nodes/9hwzm/files/?page[size]=100,providers,retrieved,1,
report_89ed7484a3ce,https://api.osf.io/v2/nodes/9hwzm/children/?page[size]=100,children,retrieved,0,
report_89ed7484a3ce,https://api.osf.io/v2/nodes/9hwzm/files/osfstorage/?page[size]=100,files,retrieved,0,
report_8a62d85e50f0,https://api.osf.io/v2/nodes/5gxuf/files/?page[size]=100,providers,retrieved,1,
report_8a62d85e50f0,https://api.osf.io/v2/nodes/5gxuf/children/?page[size]=100,children,retrieved,0,
report_8a62d85e50f0,https://api.osf.io/v2/nodes/5gxuf/files/osfstorage/?page[size]=100,files,retrieved,0,
report_8aa2c4234fee,https://api.osf.io/v2/nodes/jvh9d/files/?page[size]=100,providers,retrieved,1,
report_8aa2c4234fee,https://api.osf.io/v2/nodes/jvh9d/children/?page[size]=100,children,retrieved,0,
report_8aa2c4234fee,https://api.osf.io/v2/nodes/jvh9d/files/osfstorage/?page[size]=100,files,retrieved,0,
report_8cee2db71265,https://api.osf.io/v2/nodes/c45jb/files/?page[size]=100,providers,retrieved,1,
report_8cee2db71265,https://api.osf.io/v2/nodes/c45jb/children/?page[size]=100,children,retrieved,0,
report_8cee2db71265,https://api.osf.io/v2/nodes/c45jb/files/osfstorage/?page[size]=100,files,retrieved,0,
report_8d03d85b9d9a,https://api.osf.io/v2/nodes/gmv6c/files/?page[size]=100,providers,retrieved,1,
report_8d03d85b9d9a,https://api.osf.io/v2/nodes/gmv6c/children/?page[size]=100,children,retrieved,0,
report_8d03d85b9d9a,https://api.osf.io/v2/nodes/gmv6c/files/osfstorage/?page[size]=100,files,retrieved,0,
report_8d7f2f99a86f,https://api.osf.io/v2/nodes/yvxwd/files/?page[size]=100,providers,retrieved,1,
report_8d7f2f99a86f,https://api.osf.io/v2/nodes/yvxwd/children/?page[size]=100,children,retrieved,0,
report_8d7f2f99a86f,https://api.osf.io/v2/nodes/yvxwd/files/osfstorage/?page[size]=100,files,retrieved,0,
report_914dded38da9,https://api.osf.io/v2/nodes/fz2xs/files/?page[size]=100,providers,retrieved,1,
report_914dded38da9,https://api.osf.io/v2/nodes/fz2xs/children/?page[size]=100,children,retrieved,0,
report_914dded38da9,https://api.osf.io/v2/nodes/fz2xs/files/osfstorage/?page[size]=100,files,retrieved,0,
report_959ed0e7bca7,https://api.osf.io/v2/nodes/5uz6d/files/?page[size]=100,providers,retrieved,1,
report_959ed0e7bca7,https://api.osf.io/v2/nodes/5uz6d/children/?page[size]=100,children,retrieved,0,
report_959ed0e7bca7,https://api.osf.io/v2/nodes/5uz6d/files/osfstorage/?page[size]=100,files,retrieved,0,
report_96fb50a0af80,https://api.osf.io/v2/nodes/5sv6m/files/?page[size]=100,providers,retrieved,1,
report_96fb50a0af80,https://api.osf.io/v2/nodes/5sv6m/children/?page[size]=100,children,retrieved,0,
report_96fb50a0af80,https://api.osf.io/v2/nodes/5sv6m/files/osfstorage/?page[size]=100,files,retrieved,0,
report_97233bd5a4ee,https://api.osf.io/v2/nodes/vydax/files/?page[size]=100,providers,retrieved,1,
report_97233bd5a4ee,https://api.osf.io/v2/nodes/vydax/children/?page[size]=100,children,retrieved,0,
report_97233bd5a4ee,https://api.osf.io/v2/nodes/vydax/files/osfstorage/?page[size]=100,files,retrieved,0,
report_97b9dbb928b5,https://api.osf.io/v2/nodes/pqsem/files/?page[size]=100,providers,retrieved,1,
report_97b9dbb928b5,https://api.osf.io/v2/nodes/pqsem/children/?page[size]=100,children,retrieved,0,
report_97b9dbb928b5,https://api.osf.io/v2/nodes/pqsem/files/osfstorage/?page[size]=100,files,retrieved,1,
report_98d325388526,https://api.osf.io/v2/nodes/9e7wr/files/?page[size]=100,providers,failed,0,HTTP Error 401: Unauthorized
report_98d325388526,https://api.osf.io/v2/nodes/9e7wr/children/?page[size]=100,children,failed,0,HTTP Error 401: Unauthorized
report_9cca1f42f9f8,https://api.osf.io/v2/nodes/jv7kx/files/?page[size]=100,providers,retrieved,1,
report_9cca1f42f9f8,https://api.osf.io/v2/nodes/jv7kx/children/?page[size]=100,children,retrieved,0,
report_9cca1f42f9f8,https://api.osf.io/v2/nodes/jv7kx/files/osfstorage/?page[size]=100,files,retrieved,1,
report_a47e663f344f,https://api.osf.io/v2/nodes/j2ubt/files/?page[size]=100,providers,retrieved,1,
report_a47e663f344f,https://api.osf.io/v2/nodes/j2ubt/children/?page[size]=100,children,retrieved,0,
report_a47e663f344f,https://api.osf.io/v2/nodes/j2ubt/files/osfstorage/?page[size]=100,files,retrieved,1,
report_a614537a7cf1,https://api.osf.io/v2/nodes/2ce4q/files/?page[size]=100,providers,retrieved,1,
report_a614537a7cf1,https://api.osf.io/v2/nodes/2ce4q/children/?page[size]=100,children,retrieved,0,
report_a614537a7cf1,https://api.osf.io/v2/nodes/2ce4q/files/osfstorage/?page[size]=100,files,retrieved,0,
report_a8d7c4d1da61,https://api.osf.io/v2/nodes/4hjb9/files/?page[size]=100,providers,retrieved,1,
report_a8d7c4d1da61,https://api.osf.io/v2/nodes/4hjb9/children/?page[size]=100,children,retrieved,0,
report_a8d7c4d1da61,https://api.osf.io/v2/nodes/4hjb9/files/osfstorage/?page[size]=100,files,retrieved,1,
report_a9e4b16d7711,https://api.osf.io/v2/nodes/qmjsh/files/?page[size]=100,providers,retrieved,1,
report_a9e4b16d7711,https://api.osf.io/v2/nodes/qmjsh/children/?page[size]=100,children,retrieved,0,
report_a9e4b16d7711,https://api.osf.io/v2/nodes/qmjsh/files/osfstorage/?page[size]=100,files,retrieved,0,
report_ac792d25b85b,https://api.osf.io/v2/nodes/q52e4/files/?page[size]=100,providers,retrieved,1,
report_ac792d25b85b,https://api.osf.io/v2/nodes/q52e4/children/?page[size]=100,children,retrieved,0,
report_ac792d25b85b,https://api.osf.io/v2/nodes/q52e4/files/osfstorage/?page[size]=100,files,retrieved,1,
report_adddaac3ae6f,https://api.osf.io/v2/nodes/cx47j/files/?page[size]=100,providers,failed,0,HTTP Error 401: Unauthorized
report_adddaac3ae6f,https://api.osf.io/v2/nodes/cx47j/children/?page[size]=100,children,failed,0,HTTP Error 401: Unauthorized
report_b5c8e11ef2cb,https://api.osf.io/v2/nodes/czs6j/files/?page[size]=100,providers,retrieved,1,
report_b5c8e11ef2cb,https://api.osf.io/v2/nodes/czs6j/children/?page[size]=100,children,retrieved,0,
report_b5c8e11ef2cb,https://api.osf.io/v2/nodes/czs6j/files/osfstorage/?page[size]=100,files,retrieved,1,
report_b9e41e070505,https://api.osf.io/v2/nodes/p4m98/files/?page[size]=100,providers,retrieved,1,
report_b9e41e070505,https://api.osf.io/v2/nodes/p4m98/children/?page[size]=100,children,retrieved,0,
report_b9e41e070505,https://api.osf.io/v2/nodes/p4m98/files/osfstorage/?page[size]=100,files,retrieved,0,
report_bd6d70080f15,https://api.osf.io/v2/nodes/qyz4t/files/?page[size]=100,providers,retrieved,1,
report_bd6d70080f15,https://api.osf.io/v2/nodes/qyz4t/children/?page[size]=100,children,retrieved,0,
report_bd6d70080f15,https://api.osf.io/v2/nodes/qyz4t/files/osfstorage/?page[size]=100,files,retrieved,1,
report_c0cb23e9efc0,https://api.osf.io/v2/nodes/hw76j/files/?page[size]=100,providers,retrieved,1,
report_c0cb23e9efc0,https://api.osf.io/v2/nodes/hw76j/children/?page[size]=100,children,retrieved,0,
report_c0cb23e9efc0,https://api.osf.io/v2/nodes/hw76j/files/osfstorage/?page[size]=100,files,retrieved,0,
report_c3ea52003ae3,https://api.osf.io/v2/nodes/7bq4s/files/?page[size]=100,providers,retrieved,1,
report_c3ea52003ae3,https://api.osf.io/v2/nodes/7bq4s/children/?page[size]=100,children,retrieved,0,
report_c3ea52003ae3,https://api.osf.io/v2/nodes/7bq4s/files/osfstorage/?page[size]=100,files,retrieved,1,
report_c548b36748c7,https://api.osf.io/v2/nodes/v4bt7/files/?page[size]=100,providers,retrieved,1,
report_c548b36748c7,https://api.osf.io/v2/nodes/v4bt7/children/?page[size]=100,children,retrieved,0,
report_c548b36748c7,https://api.osf.io/v2/nodes/v4bt7/files/osfstorage/?page[size]=100,files,retrieved,0,
report_ca5fa450fb83,https://api.osf.io/v2/nodes/xbvzg/files/?page[size]=100,providers,retrieved,1,
report_ca5fa450fb83,https://api.osf.io/v2/nodes/xbvzg/children/?page[size]=100,children,retrieved,0,
report_ca5fa450fb83,https://api.osf.io/v2/nodes/xbvzg/files/osfstorage/?page[size]=100,files,retrieved,1,
report_cbaa15c2cc70,https://api.osf.io/v2/nodes/2vrxw/files/?page[size]=100,providers,retrieved,1,
report_cbaa15c2cc70,https://api.osf.io/v2/nodes/2vrxw/children/?page[size]=100,children,retrieved,0,
report_cbaa15c2cc70,https://api.osf.io/v2/nodes/2vrxw/files/osfstorage/?page[size]=100,files,retrieved,0,
report_cc7ce2d4ecb8,https://api.osf.io/v2/nodes/evt3a/files/?page[size]=100,providers,retrieved,1,
report_cc7ce2d4ecb8,https://api.osf.io/v2/nodes/evt3a/children/?page[size]=100,children,retrieved,0,
report_cc7ce2d4ecb8,https://api.osf.io/v2/nodes/evt3a/files/osfstorage/?page[size]=100,files,retrieved,2,
report_ce15fc62b8de,https://api.osf.io/v2/nodes/gesyq/files/?page[size]=100,providers,retrieved,1,
report_ce15fc62b8de,https://api.osf.io/v2/nodes/gesyq/children/?page[size]=100,children,retrieved,0,
report_ce15fc62b8de,https://api.osf.io/v2/nodes/gesyq/files/osfstorage/?page[size]=100,files,retrieved,0,
report_cf556e174287,https://api.osf.io/v2/nodes/aq8e2/files/?page[size]=100,providers,retrieved,1,
report_cf556e174287,https://api.osf.io/v2/nodes/aq8e2/children/?page[size]=100,children,retrieved,0,
report_cf556e174287,https://api.osf.io/v2/nodes/aq8e2/files/osfstorage/?page[size]=100,files,retrieved,0,
report_d5c37735e1a6,https://api.osf.io/v2/nodes/qe8gn/files/?page[size]=100,providers,retrieved,1,
report_d5c37735e1a6,https://api.osf.io/v2/nodes/qe8gn/children/?page[size]=100,children,retrieved,0,
report_d5c37735e1a6,https://api.osf.io/v2/nodes/qe8gn/files/osfstorage/?page[size]=100,files,retrieved,0,
report_d777db4196d5,https://api.osf.io/v2/nodes/pnk24/files/?page[size]=100,providers,retrieved,1,
report_d777db4196d5,https://api.osf.io/v2/nodes/pnk24/children/?page[size]=100,children,retrieved,0,
report_d777db4196d5,https://api.osf.io/v2/nodes/pnk24/files/osfstorage/?page[size]=100,files,retrieved,0,
report_e19ed9fa8b88,https://api.osf.io/v2/nodes/2hpeq/files/?page[size]=100,providers,retrieved,1,
report_e19ed9fa8b88,https://api.osf.io/v2/nodes/2hpeq/children/?page[size]=100,children,retrieved,0,
report_e19ed9fa8b88,https://api.osf.io/v2/nodes/2hpeq/files/osfstorage/?page[size]=100,files,retrieved,1,
report_e4a97187db80,https://api.osf.io/v2/nodes/c4w7k/files/?page[size]=100,providers,retrieved,1,
report_e4a97187db80,https://api.osf.io/v2/nodes/c4w7k/children/?page[size]=100,children,retrieved,0,
report_e4a97187db80,https://api.osf.io/v2/nodes/c4w7k/files/osfstorage/?page[size]=100,files,retrieved,0,
report_e5830ac97c35,https://api.osf.io/v2/nodes/v7jtq/files/?page[size]=100,providers,retrieved,1,
report_e5830ac97c35,https://api.osf.io/v2/nodes/v7jtq/children/?page[size]=100,children,retrieved,0,
report_e5830ac97c35,https://api.osf.io/v2/nodes/v7jtq/files/osfstorage/?page[size]=100,files,retrieved,0,
report_e679777d638d,https://api.osf.io/v2/nodes/yehmx/files/?page[size]=100,providers,retrieved,1,
report_e679777d638d,https://api.osf.io/v2/nodes/yehmx/children/?page[size]=100,children,retrieved,0,
report_e679777d638d,https://api.osf.io/v2/nodes/yehmx/files/osfstorage/?page[size]=100,files,retrieved,0,
report_e7a4f728faa3,https://api.osf.io/v2/nodes/gwx2k/files/?page[size]=100,providers,retrieved,1,
report_e7a4f728faa3,https://api.osf.io/v2/nodes/gwx2k/children/?page[size]=100,children,retrieved,0,
report_e7a4f728faa3,https://api.osf.io/v2/nodes/gwx2k/files/osfstorage/?page[size]=100,files,retrieved,4,
report_e8c36ade9112,https://api.osf.io/v2/nodes/437mv/files/?page[size]=100,providers,retrieved,1,
report_e8c36ade9112,https://api.osf.io/v2/nodes/437mv/children/?page[size]=100,children,retrieved,0,
report_e8c36ade9112,https://api.osf.io/v2/nodes/437mv/files/osfstorage/?page[size]=100,files,retrieved,0,
report_ea555dc8c7a7,https://api.osf.io/v2/nodes/t76jd/files/?page[size]=100,providers,retrieved,1,
report_ea555dc8c7a7,https://api.osf.io/v2/nodes/t76jd/children/?page[size]=100,children,retrieved,0,
report_ea555dc8c7a7,https://api.osf.io/v2/nodes/t76jd/files/osfstorage/?page[size]=100,files,retrieved,3,
report_ea8ed203c778,https://api.osf.io/v2/nodes/tmfyj/files/?page[size]=100,providers,retrieved,1,
report_ea8ed203c778,https://api.osf.io/v2/nodes/tmfyj/children/?page[size]=100,children,retrieved,0,
report_ea8ed203c778,https://api.osf.io/v2/nodes/tmfyj/files/osfstorage/?page[size]=100,files,retrieved,1,
report_ed15002db08e,https://api.osf.io/v2/nodes/93urk/files/?page[size]=100,providers,retrieved,1,
report_ed15002db08e,https://api.osf.io/v2/nodes/93urk/children/?page[size]=100,children,retrieved,0,
report_ed15002db08e,https://api.osf.io/v2/nodes/93urk/files/osfstorage/?page[size]=100,files,retrieved,1,
report_edc790e0ed42,https://api.osf.io/v2/nodes/7wxud/files/?page[size]=100,providers,retrieved,1,
report_edc790e0ed42,https://api.osf.io/v2/nodes/7wxud/children/?page[size]=100,children,retrieved,0,
report_edc790e0ed42,https://api.osf.io/v2/nodes/7wxud/files/osfstorage/?page[size]=100,files,retrieved,0,
report_ef395cda5e19,https://api.osf.io/v2/nodes/qx8aw/files/?page[size]=100,providers,retrieved,1,
report_ef395cda5e19,https://api.osf.io/v2/nodes/qx8aw/children/?page[size]=100,children,retrieved,0,
report_ef395cda5e19,https://api.osf.io/v2/nodes/qx8aw/files/osfstorage/?page[size]=100,files,retrieved,1,
report_f3193586784a,https://api.osf.io/v2/nodes/k9t7z/files/?page[size]=100,providers,retrieved,1,
report_f3193586784a,https://api.osf.io/v2/nodes/k9t7z/children/?page[size]=100,children,retrieved,0,
report_f3193586784a,https://api.osf.io/v2/nodes/k9t7z/files/osfstorage/?page[size]=100,files,retrieved,0,
report_fd69ad23f868,https://api.osf.io/v2/nodes/f2jbz/files/?page[size]=100,providers,retrieved,1,
report_fd69ad23f868,https://api.osf.io/v2/nodes/f2jbz/children/?page[size]=100,children,retrieved,0,
report_fd69ad23f868,https://api.osf.io/v2/nodes/f2jbz/files/osfstorage/?page[size]=100,files,retrieved,0,
report_013c1e38ca22,https://api.osf.io/v2/nodes/scgbt/files/?page[size]=100,providers,retrieved,1,
report_013c1e38ca22,https://api.osf.io/v2/nodes/scgbt/children/?page[size]=100,children,retrieved,0,
report_013c1e38ca22,https://api.osf.io/v2/nodes/scgbt/files/osfstorage/?page[size]=100,files,retrieved,2,
report_01d3b0f74ad3,https://api.osf.io/v2/nodes/sp2zh/files/?page[size]=100,providers,retrieved,1,
report_01d3b0f74ad3,https://api.osf.io/v2/nodes/sp2zh/children/?page[size]=100,children,retrieved,0,
report_01d3b0f74ad3,https://api.osf.io/v2/nodes/sp2zh/files/osfstorage/?page[size]=100,files,retrieved,2,
report_031bce2940e1,https://api.osf.io/v2/nodes/kwqj6/files/?page[size]=100,providers,retrieved,1,
report_031bce2940e1,https://api.osf.io/v2/nodes/kwqj6/children/?page[size]=100,children,retrieved,0,
report_031bce2940e1,https://api.osf.io/v2/nodes/kwqj6/files/osfstorage/?page[size]=100,files,retrieved,1,
report_03263d6ee814,https://api.osf.io/v2/nodes/8wpks/files/?page[size]=100,providers,retrieved,1,
report_03263d6ee814,https://api.osf.io/v2/nodes/8wpks/children/?page[size]=100,children,retrieved,0,
report_03263d6ee814,https://api.osf.io/v2/nodes/8wpks/files/osfstorage/?page[size]=100,files,retrieved,1,
report_034f3cfa5895,https://api.osf.io/v2/nodes/cebwm/files/?page[size]=100,providers,retrieved,1,
report_034f3cfa5895,https://api.osf.io/v2/nodes/cebwm/children/?page[size]=100,children,retrieved,0,
report_034f3cfa5895,https://api.osf.io/v2/nodes/cebwm/files/osfstorage/?page[size]=100,files,retrieved,2,
report_03ac432e2012,https://api.osf.io/v2/nodes/cvkdz/files/?page[size]=100,providers,retrieved,1,
report_03ac432e2012,https://api.osf.io/v2/nodes/cvkdz/children/?page[size]=100,children,retrieved,0,
report_03ac432e2012,https://api.osf.io/v2/nodes/cvkdz/files/osfstorage/?page[size]=100,files,retrieved,2,
report_03df53dc216f,https://api.osf.io/v2/nodes/t4avf/files/?page[size]=100,providers,retrieved,1,
report_03df53dc216f,https://api.osf.io/v2/nodes/t4avf/children/?page[size]=100,children,retrieved,0,
report_03df53dc216f,https://api.osf.io/v2/nodes/t4avf/files/osfstorage/?page[size]=100,files,retrieved,3,
report_0425a20fb3e7,https://api.osf.io/v2/nodes/vg39n/files/?page[size]=100,providers,retrieved,1,
report_0425a20fb3e7,https://api.osf.io/v2/nodes/vg39n/children/?page[size]=100,children,retrieved,0,
report_0425a20fb3e7,https://api.osf.io/v2/nodes/vg39n/files/osfstorage/?page[size]=100,files,retrieved,1,
report_04ef61718bc9,https://api.osf.io/v2/nodes/f5p78/files/?page[size]=100,providers,retrieved,1,
report_04ef61718bc9,https://api.osf.io/v2/nodes/f5p78/children/?page[size]=100,children,retrieved,0,
report_04ef61718bc9,https://api.osf.io/v2/nodes/f5p78/files/osfstorage/?page[size]=100,files,retrieved,2,
report_077fcead2bdd,https://api.osf.io/v2/nodes/fm4ky/files/?page[size]=100,providers,retrieved,1,
report_077fcead2bdd,https://api.osf.io/v2/nodes/fm4ky/children/?page[size]=100,children,retrieved,0,
report_077fcead2bdd,https://api.osf.io/v2/nodes/fm4ky/files/osfstorage/?page[size]=100,files,retrieved,1,
report_07d5d343c603,https://api.osf.io/v2/nodes/w7vpu/files/?page[size]=100,providers,retrieved,1,
report_07d5d343c603,https://api.osf.io/v2/nodes/w7vpu/children/?page[size]=100,children,retrieved,0,
report_07d5d343c603,https://api.osf.io/v2/nodes/w7vpu/files/osfstorage/?page[size]=100,files,retrieved,9,
report_07d5d343c603,https://api.osf.io/v2/nodes/w7vpu/files/osfstorage/65aa17439738190085396b5f/?page[size]=100,files,retrieved,2,
report_07d5d343c603,https://api.osf.io/v2/nodes/w7vpu/files/osfstorage/688873b2c111269990256cf5/?page[size]=100,files,retrieved,6,
report_07d5d343c603,https://api.osf.io/v2/nodes/w7vpu/files/osfstorage/6602c3a3d9031c00de039fc1/?page[size]=100,files,retrieved,17,
report_07d5d343c603,https://api.osf.io/v2/nodes/w7vpu/files/osfstorage/6605711101fc9c0349316877/?page[size]=100,files,retrieved,14,
report_07d5d343c603,https://api.osf.io/v2/nodes/w7vpu/files/osfstorage/689cb8eeccbc3121dd1f21f5/?page[size]=100,files,retrieved,17,
report_07d5d343c603,https://api.osf.io/v2/nodes/w7vpu/files/osfstorage/66057284fe44ca02c32b6993/?page[size]=100,files,retrieved,34,
report_088986d1a728,https://api.osf.io/v2/nodes/n4yt9/files/?page[size]=100,providers,retrieved,1,
report_088986d1a728,https://api.osf.io/v2/nodes/n4yt9/children/?page[size]=100,children,retrieved,0,
report_088986d1a728,https://api.osf.io/v2/nodes/n4yt9/files/osfstorage/?page[size]=100,files,retrieved,3,
report_0990ab487ba5,https://api.osf.io/v2/nodes/exb67/files/?page[size]=100,providers,retrieved,1,
report_0990ab487ba5,https://api.osf.io/v2/nodes/exb67/children/?page[size]=100,children,retrieved,0,
report_0990ab487ba5,https://api.osf.io/v2/nodes/exb67/files/osfstorage/?page[size]=100,files,retrieved,2,
report_0a1270bb9a9d,https://api.osf.io/v2/nodes/unhkr/files/?page[size]=100,providers,retrieved,1,
report_0a1270bb9a9d,https://api.osf.io/v2/nodes/unhkr/children/?page[size]=100,children,retrieved,0,
report_0a1270bb9a9d,https://api.osf.io/v2/nodes/unhkr/files/osfstorage/?page[size]=100,files,retrieved,2,
report_0b5122ccd268,https://api.osf.io/v2/nodes/nk6ev/files/?page[size]=100,providers,retrieved,1,
report_0b5122ccd268,https://api.osf.io/v2/nodes/nk6ev/children/?page[size]=100,children,retrieved,0,
report_0b5122ccd268,https://api.osf.io/v2/nodes/nk6ev/files/osfstorage/?page[size]=100,files,retrieved,4,
report_0b9eaac400f8,https://api.osf.io/v2/nodes/q2ebr/files/?page[size]=100,providers,retrieved,1,
report_0b9eaac400f8,https://api.osf.io/v2/nodes/q2ebr/children/?page[size]=100,children,retrieved,0,
report_0b9eaac400f8,https://api.osf.io/v2/nodes/q2ebr/files/osfstorage/?page[size]=100,files,retrieved,1,
report_0c4af26983ac,https://api.osf.io/v2/nodes/fvh8g/files/?page[size]=100,providers,retrieved,1,
report_0c4af26983ac,https://api.osf.io/v2/nodes/fvh8g/children/?page[size]=100,children,retrieved,0,
report_0c4af26983ac,https://api.osf.io/v2/nodes/fvh8g/files/osfstorage/?page[size]=100,files,retrieved,1,
report_0cdfd7779776,https://api.osf.io/v2/nodes/9c8p6/files/?page[size]=100,providers,retrieved,1,
report_0cdfd7779776,https://api.osf.io/v2/nodes/9c8p6/children/?page[size]=100,children,retrieved,0,
report_0cdfd7779776,https://api.osf.io/v2/nodes/9c8p6/files/osfstorage/?page[size]=100,files,retrieved,2,
report_0ecec415b607,https://api.osf.io/v2/nodes/ucz85/files/?page[size]=100,providers,retrieved,1,
report_0ecec415b607,https://api.osf.io/v2/nodes/ucz85/children/?page[size]=100,children,retrieved,0,
report_0ecec415b607,https://api.osf.io/v2/nodes/ucz85/files/osfstorage/?page[size]=100,files,retrieved,1,
report_0f5d0a6ce514,https://api.osf.io/v2/nodes/w7vpu/files/?page[size]=100,providers,retrieved,1,
report_0f5d0a6ce514,https://api.osf.io/v2/nodes/w7vpu/children/?page[size]=100,children,retrieved,0,
report_0f5d0a6ce514,https://api.osf.io/v2/nodes/w7vpu/files/osfstorage/?page[size]=100,files,retrieved,9,
report_0f5d0a6ce514,https://api.osf.io/v2/nodes/w7vpu/files/osfstorage/65aa17439738190085396b5f/?page[size]=100,files,retrieved,2,
report_0f5d0a6ce514,https://api.osf.io/v2/nodes/w7vpu/files/osfstorage/688873b2c111269990256cf5/?page[size]=100,files,retrieved,6,
report_0f5d0a6ce514,https://api.osf.io/v2/nodes/w7vpu/files/osfstorage/6602c3a3d9031c00de039fc1/?page[size]=100,files,retrieved,17,
report_0f5d0a6ce514,https://api.osf.io/v2/nodes/w7vpu/files/osfstorage/6605711101fc9c0349316877/?page[size]=100,files,retrieved,14,
report_0f5d0a6ce514,https://api.osf.io/v2/nodes/w7vpu/files/osfstorage/689cb8eeccbc3121dd1f21f5/?page[size]=100,files,retrieved,17,
report_0f5d0a6ce514,https://api.osf.io/v2/nodes/w7vpu/files/osfstorage/66057284fe44ca02c32b6993/?page[size]=100,files,retrieved,34,
report_0f71b3a9e282,https://api.osf.io/v2/nodes/ek7dy/files/?page[size]=100,providers,retrieved,1,
report_0f71b3a9e282,https://api.osf.io/v2/nodes/ek7dy/children/?page[size]=100,children,retrieved,0,
report_0f71b3a9e282,https://api.osf.io/v2/nodes/ek7dy/files/osfstorage/?page[size]=100,files,retrieved,4,
report_0facb9bdb772,https://api.osf.io/v2/nodes/4sk52/files/?page[size]=100,providers,retrieved,1,
report_0facb9bdb772,https://api.osf.io/v2/nodes/4sk52/children/?page[size]=100,children,retrieved,0,
report_0facb9bdb772,https://api.osf.io/v2/nodes/4sk52/files/osfstorage/?page[size]=100,files,retrieved,3,
report_102fa498c658,https://api.osf.io/v2/nodes/79e2z/files/?page[size]=100,providers,retrieved,1,
report_102fa498c658,https://api.osf.io/v2/nodes/79e2z/children/?page[size]=100,children,retrieved,0,
report_102fa498c658,https://api.osf.io/v2/nodes/79e2z/files/osfstorage/?page[size]=100,files,retrieved,1,
report_1038ad88495f,https://api.osf.io/v2/nodes/2ar74/files/?page[size]=100,providers,retrieved,1,
report_1038ad88495f,https://api.osf.io/v2/nodes/2ar74/children/?page[size]=100,children,retrieved,0,
report_1038ad88495f,https://api.osf.io/v2/nodes/2ar74/files/osfstorage/?page[size]=100,files,retrieved,3,
report_111f75ef12be,https://api.osf.io/v2/nodes/czyx4/files/?page[size]=100,providers,retrieved,1,
report_111f75ef12be,https://api.osf.io/v2/nodes/czyx4/children/?page[size]=100,children,retrieved,0,
report_111f75ef12be,https://api.osf.io/v2/nodes/czyx4/files/osfstorage/?page[size]=100,files,retrieved,1,
report_117ccd13ae51,https://api.osf.io/v2/nodes/w7vpu/files/?page[size]=100,providers,retrieved,1,
report_117ccd13ae51,https://api.osf.io/v2/nodes/w7vpu/children/?page[size]=100,children,retrieved,0,
report_117ccd13ae51,https://api.osf.io/v2/nodes/w7vpu/files/osfstorage/?page[size]=100,files,retrieved,9,
report_117ccd13ae51,https://api.osf.io/v2/nodes/w7vpu/files/osfstorage/65aa17439738190085396b5f/?page[size]=100,files,retrieved,2,
report_117ccd13ae51,https://api.osf.io/v2/nodes/w7vpu/files/osfstorage/688873b2c111269990256cf5/?page[size]=100,files,retrieved,6,
report_117ccd13ae51,https://api.osf.io/v2/nodes/w7vpu/files/osfstorage/6602c3a3d9031c00de039fc1/?page[size]=100,files,retrieved,17,
report_117ccd13ae51,https://api.osf.io/v2/nodes/w7vpu/files/osfstorage/6605711101fc9c0349316877/?page[size]=100,files,retrieved,14,
report_117ccd13ae51,https://api.osf.io/v2/nodes/w7vpu/files/osfstorage/689cb8eeccbc3121dd1f21f5/?page[size]=100,files,retrieved,17,
report_117ccd13ae51,https://api.osf.io/v2/nodes/w7vpu/files/osfstorage/66057284fe44ca02c32b6993/?page[size]=100,files,retrieved,34,
report_13543fae5f0d,https://api.osf.io/v2/nodes/vj9bx/files/?page[size]=100,providers,retrieved,1,
report_13543fae5f0d,https://api.osf.io/v2/nodes/vj9bx/children/?page[size]=100,children,retrieved,0,
report_13543fae5f0d,https://api.osf.io/v2/nodes/vj9bx/files/osfstorage/?page[size]=100,files,retrieved,2,
report_17615f22175f,https://api.osf.io/v2/nodes/fw7gp/files/?page[size]=100,providers,retrieved,1,
report_17615f22175f,https://api.osf.io/v2/nodes/fw7gp/children/?page[size]=100,children,retrieved,0,
report_17615f22175f,https://api.osf.io/v2/nodes/fw7gp/files/osfstorage/?page[size]=100,files,retrieved,3,
report_180de0be9052,https://api.osf.io/v2/nodes/ym9dn/files/?page[size]=100,providers,retrieved,1,
report_180de0be9052,https://api.osf.io/v2/nodes/ym9dn/children/?page[size]=100,children,retrieved,0,
report_180de0be9052,https://api.osf.io/v2/nodes/ym9dn/files/osfstorage/?page[size]=100,files,retrieved,1,
report_19c3ee595fc7,https://api.osf.io/v2/nodes/grvnq/files/?page[size]=100,providers,retrieved,1,
report_19c3ee595fc7,https://api.osf.io/v2/nodes/grvnq/children/?page[size]=100,children,retrieved,0,
report_19c3ee595fc7,https://api.osf.io/v2/nodes/grvnq/files/osfstorage/?page[size]=100,files,retrieved,3,
report_19c9277027f4,https://api.osf.io/v2/nodes/752q9/files/?page[size]=100,providers,retrieved,1,
report_19c9277027f4,https://api.osf.io/v2/nodes/752q9/children/?page[size]=100,children,retrieved,0,
report_19c9277027f4,https://api.osf.io/v2/nodes/752q9/files/osfstorage/?page[size]=100,files,retrieved,2,
report_1ccbfbef81d1,https://api.osf.io/v2/nodes/pg3m7/files/?page[size]=100,providers,retrieved,1,
report_1ccbfbef81d1,https://api.osf.io/v2/nodes/pg3m7/children/?page[size]=100,children,retrieved,0,
report_1ccbfbef81d1,https://api.osf.io/v2/nodes/pg3m7/files/osfstorage/?page[size]=100,files,retrieved,2,
report_1e99491ab20f,https://api.osf.io/v2/nodes/8tzx5/files/?page[size]=100,providers,retrieved,1,
report_1e99491ab20f,https://api.osf.io/v2/nodes/8tzx5/children/?page[size]=100,children,retrieved,0,
report_1e99491ab20f,https://api.osf.io/v2/nodes/8tzx5/files/osfstorage/?page[size]=100,files,retrieved,1,
report_1ef3fd4e5166,https://api.osf.io/v2/nodes/eb89k/files/?page[size]=100,providers,retrieved,1,
report_1ef3fd4e5166,https://api.osf.io/v2/nodes/eb89k/children/?page[size]=100,children,retrieved,0,
report_1ef3fd4e5166,https://api.osf.io/v2/nodes/eb89k/files/osfstorage/?page[size]=100,files,retrieved,1,
report_1efb9ff6b290,https://api.osf.io/v2/nodes/6smqd/files/?page[size]=100,providers,retrieved,1,
report_1efb9ff6b290,https://api.osf.io/v2/nodes/6smqd/children/?page[size]=100,children,retrieved,0,
report_1efb9ff6b290,https://api.osf.io/v2/nodes/6smqd/files/osfstorage/?page[size]=100,files,retrieved,2,
report_1f90474faad5,https://api.osf.io/v2/nodes/pvkhy/files/?page[size]=100,providers,retrieved,1,
report_1f90474faad5,https://api.osf.io/v2/nodes/pvkhy/children/?page[size]=100,children,retrieved,0,
report_1f90474faad5,https://api.osf.io/v2/nodes/pvkhy/files/osfstorage/?page[size]=100,files,retrieved,4,
report_203b27c0b1a6,https://api.osf.io/v2/nodes/cqxpy/files/?page[size]=100,providers,retrieved,1,
report_203b27c0b1a6,https://api.osf.io/v2/nodes/cqxpy/children/?page[size]=100,children,retrieved,0,
report_203b27c0b1a6,https://api.osf.io/v2/nodes/cqxpy/files/osfstorage/?page[size]=100,files,retrieved,3,
report_22c50b4556c1,https://api.osf.io/v2/nodes/5gjpt/files/?page[size]=100,providers,retrieved,1,
report_22c50b4556c1,https://api.osf.io/v2/nodes/5gjpt/children/?page[size]=100,children,retrieved,0,
report_22c50b4556c1,https://api.osf.io/v2/nodes/5gjpt/files/osfstorage/?page[size]=100,files,retrieved,1,
report_23a9252aef51,https://api.osf.io/v2/nodes/7kzm4/files/?page[size]=100,providers,retrieved,1,
report_23a9252aef51,https://api.osf.io/v2/nodes/7kzm4/children/?page[size]=100,children,retrieved,0,
report_23a9252aef51,https://api.osf.io/v2/nodes/7kzm4/files/osfstorage/?page[size]=100,files,retrieved,1,
report_276862ff6cc4,https://api.osf.io/v2/nodes/8czs5/files/?page[size]=100,providers,retrieved,1,
report_276862ff6cc4,https://api.osf.io/v2/nodes/8czs5/children/?page[size]=100,children,retrieved,0,
report_276862ff6cc4,https://api.osf.io/v2/nodes/8czs5/files/osfstorage/?page[size]=100,files,retrieved,1,
report_28c867c4993d,https://api.osf.io/v2/nodes/zyndc/files/?page[size]=100,providers,retrieved,1,
report_28c867c4993d,https://api.osf.io/v2/nodes/zyndc/children/?page[size]=100,children,retrieved,0,
report_28c867c4993d,https://api.osf.io/v2/nodes/zyndc/files/osfstorage/?page[size]=100,files,retrieved,1,
report_2a2fdd1808ed,https://api.osf.io/v2/nodes/puknf/files/?page[size]=100,providers,retrieved,1,
report_2a2fdd1808ed,https://api.osf.io/v2/nodes/puknf/children/?page[size]=100,children,retrieved,0,
report_2a2fdd1808ed,https://api.osf.io/v2/nodes/puknf/files/osfstorage/?page[size]=100,files,retrieved,1,
report_2aedc6cdf5ea,https://api.osf.io/v2/nodes/us2g4/files/?page[size]=100,providers,retrieved,1,
report_2aedc6cdf5ea,https://api.osf.io/v2/nodes/us2g4/children/?page[size]=100,children,retrieved,0,
report_2aedc6cdf5ea,https://api.osf.io/v2/nodes/us2g4/files/osfstorage/?page[size]=100,files,retrieved,1,
report_2af5962ea1ca,https://api.osf.io/v2/nodes/w8gd7/files/?page[size]=100,providers,retrieved,1,
report_2af5962ea1ca,https://api.osf.io/v2/nodes/w8gd7/children/?page[size]=100,children,retrieved,0,
report_2af5962ea1ca,https://api.osf.io/v2/nodes/w8gd7/files/osfstorage/?page[size]=100,files,retrieved,1,
report_2ba6e124788d,https://api.osf.io/v2/nodes/yf2mt/files/?page[size]=100,providers,retrieved,1,
report_2ba6e124788d,https://api.osf.io/v2/nodes/yf2mt/children/?page[size]=100,children,retrieved,0,
report_2ba6e124788d,https://api.osf.io/v2/nodes/yf2mt/files/osfstorage/?page[size]=100,files,retrieved,1,
report_2e8015f6771c,https://api.osf.io/v2/nodes/j65xf/files/?page[size]=100,providers,retrieved,1,
report_2e8015f6771c,https://api.osf.io/v2/nodes/j65xf/children/?page[size]=100,children,retrieved,0,
report_2e8015f6771c,https://api.osf.io/v2/nodes/j65xf/files/osfstorage/?page[size]=100,files,retrieved,1,
report_2ee3d7892331,https://api.osf.io/v2/nodes/26jh8/files/?page[size]=100,providers,retrieved,1,
report_2ee3d7892331,https://api.osf.io/v2/nodes/26jh8/children/?page[size]=100,children,retrieved,0,
report_2ee3d7892331,https://api.osf.io/v2/nodes/26jh8/files/osfstorage/?page[size]=100,files,retrieved,2,
report_2f770cb667b4,https://api.osf.io/v2/nodes/u2rx8/files/?page[size]=100,providers,retrieved,1,
report_2f770cb667b4,https://api.osf.io/v2/nodes/u2rx8/children/?page[size]=100,children,retrieved,0,
report_2f770cb667b4,https://api.osf.io/v2/nodes/u2rx8/files/osfstorage/?page[size]=100,files,retrieved,2,
report_2f792d86ba6c,https://api.osf.io/v2/nodes/bysa7/files/?page[size]=100,providers,retrieved,1,
report_2f792d86ba6c,https://api.osf.io/v2/nodes/bysa7/children/?page[size]=100,children,retrieved,0,
report_2f792d86ba6c,https://api.osf.io/v2/nodes/bysa7/files/osfstorage/?page[size]=100,files,retrieved,2,
report_300fff3932d7,https://api.osf.io/v2/nodes/9y47b/files/?page[size]=100,providers,retrieved,1,
report_300fff3932d7,https://api.osf.io/v2/nodes/9y47b/children/?page[size]=100,children,retrieved,0,
report_300fff3932d7,https://api.osf.io/v2/nodes/9y47b/files/osfstorage/?page[size]=100,files,retrieved,2,
report_313337566cca,https://api.osf.io/v2/nodes/wdk2s/files/?page[size]=100,providers,retrieved,1,
report_313337566cca,https://api.osf.io/v2/nodes/wdk2s/children/?page[size]=100,children,retrieved,0,
report_313337566cca,https://api.osf.io/v2/nodes/wdk2s/files/osfstorage/?page[size]=100,files,retrieved,2,
report_317bbaa7f373,https://api.osf.io/v2/nodes/q3dpt/files/?page[size]=100,providers,retrieved,1,
report_317bbaa7f373,https://api.osf.io/v2/nodes/q3dpt/children/?page[size]=100,children,retrieved,0,
report_317bbaa7f373,https://api.osf.io/v2/nodes/q3dpt/files/osfstorage/?page[size]=100,files,retrieved,3,
report_318a2dea7b11,https://api.osf.io/v2/nodes/a8cev/files/?page[size]=100,providers,retrieved,1,
report_318a2dea7b11,https://api.osf.io/v2/nodes/a8cev/children/?page[size]=100,children,retrieved,0,
report_318a2dea7b11,https://api.osf.io/v2/nodes/a8cev/files/osfstorage/?page[size]=100,files,retrieved,1,
report_324e39312a52,https://api.osf.io/v2/nodes/fczsk/files/?page[size]=100,providers,retrieved,1,
report_324e39312a52,https://api.osf.io/v2/nodes/fczsk/children/?page[size]=100,children,retrieved,0,
report_324e39312a52,https://api.osf.io/v2/nodes/fczsk/files/osfstorage/?page[size]=100,files,retrieved,2,
report_32899d883e60,https://api.osf.io/v2/nodes/w7vpu/files/?page[size]=100,providers,retrieved,1,
report_32899d883e60,https://api.osf.io/v2/nodes/w7vpu/children/?page[size]=100,children,retrieved,0,
report_32899d883e60,https://api.osf.io/v2/nodes/w7vpu/files/osfstorage/?page[size]=100,files,retrieved,9,
report_32899d883e60,https://api.osf.io/v2/nodes/w7vpu/files/osfstorage/65aa17439738190085396b5f/?page[size]=100,files,retrieved,2,
report_32899d883e60,https://api.osf.io/v2/nodes/w7vpu/files/osfstorage/688873b2c111269990256cf5/?page[size]=100,files,retrieved,6,
report_32899d883e60,https://api.osf.io/v2/nodes/w7vpu/files/osfstorage/6602c3a3d9031c00de039fc1/?page[size]=100,files,retrieved,17,
report_32899d883e60,https://api.osf.io/v2/nodes/w7vpu/files/osfstorage/6605711101fc9c0349316877/?page[size]=100,files,retrieved,14,
report_32899d883e60,https://api.osf.io/v2/nodes/w7vpu/files/osfstorage/689cb8eeccbc3121dd1f21f5/?page[size]=100,files,retrieved,17,
report_32899d883e60,https://api.osf.io/v2/nodes/w7vpu/files/osfstorage/66057284fe44ca02c32b6993/?page[size]=100,files,retrieved,34,
report_350263be01cc,https://api.osf.io/v2/nodes/zn98a/files/?page[size]=100,providers,retrieved,1,
report_350263be01cc,https://api.osf.io/v2/nodes/zn98a/children/?page[size]=100,children,retrieved,0,
report_350263be01cc,https://api.osf.io/v2/nodes/zn98a/files/osfstorage/?page[size]=100,files,retrieved,1,
report_36dd6624e387,https://api.osf.io/v2/nodes/5eupq/files/?page[size]=100,providers,retrieved,1,
report_36dd6624e387,https://api.osf.io/v2/nodes/5eupq/children/?page[size]=100,children,retrieved,0,
report_36dd6624e387,https://api.osf.io/v2/nodes/5eupq/files/osfstorage/?page[size]=100,files,retrieved,1,
report_38042f8fab98,https://api.osf.io/v2/nodes/5yhxc/files/?page[size]=100,providers,retrieved,1,
report_38042f8fab98,https://api.osf.io/v2/nodes/5yhxc/children/?page[size]=100,children,retrieved,0,
report_38042f8fab98,https://api.osf.io/v2/nodes/5yhxc/files/osfstorage/?page[size]=100,files,retrieved,2,
report_385138889ad1,https://api.osf.io/v2/nodes/w48tf/files/?page[size]=100,providers,retrieved,1,
report_385138889ad1,https://api.osf.io/v2/nodes/w48tf/children/?page[size]=100,children,retrieved,0,
report_385138889ad1,https://api.osf.io/v2/nodes/w48tf/files/osfstorage/?page[size]=100,files,retrieved,1,
report_386d83cc3844,https://api.osf.io/v2/nodes/7gpbu/files/?page[size]=100,providers,retrieved,1,
report_386d83cc3844,https://api.osf.io/v2/nodes/7gpbu/children/?page[size]=100,children,retrieved,0,
report_386d83cc3844,https://api.osf.io/v2/nodes/7gpbu/files/osfstorage/?page[size]=100,files,retrieved,1,
report_38b5d014475d,https://api.osf.io/v2/nodes/w7vpu/files/?page[size]=100,providers,retrieved,1,
report_38b5d014475d,https://api.osf.io/v2/nodes/w7vpu/children/?page[size]=100,children,retrieved,0,
report_38b5d014475d,https://api.osf.io/v2/nodes/w7vpu/files/osfstorage/?page[size]=100,files,retrieved,9,
report_38b5d014475d,https://api.osf.io/v2/nodes/w7vpu/files/osfstorage/65aa17439738190085396b5f/?page[size]=100,files,retrieved,2,
report_38b5d014475d,https://api.osf.io/v2/nodes/w7vpu/files/osfstorage/688873b2c111269990256cf5/?page[size]=100,files,retrieved,6,
report_38b5d014475d,https://api.osf.io/v2/nodes/w7vpu/files/osfstorage/6602c3a3d9031c00de039fc1/?page[size]=100,files,retrieved,17,
report_38b5d014475d,https://api.osf.io/v2/nodes/w7vpu/files/osfstorage/6605711101fc9c0349316877/?page[size]=100,files,retrieved,14,
report_38b5d014475d,https://api.osf.io/v2/nodes/w7vpu/files/osfstorage/689cb8eeccbc3121dd1f21f5/?page[size]=100,files,retrieved,17,
report_38b5d014475d,https://api.osf.io/v2/nodes/w7vpu/files/osfstorage/66057284fe44ca02c32b6993/?page[size]=100,files,retrieved,34,
report_393f26b87c95,https://api.osf.io/v2/nodes/xadb6/files/?page[size]=100,providers,retrieved,1,
report_393f26b87c95,https://api.osf.io/v2/nodes/xadb6/children/?page[size]=100,children,retrieved,0,
report_393f26b87c95,https://api.osf.io/v2/nodes/xadb6/files/osfstorage/?page[size]=100,files,retrieved,2,
report_3957dceafbb8,https://api.osf.io/v2/nodes/af6m2/files/?page[size]=100,providers,retrieved,1,
report_3957dceafbb8,https://api.osf.io/v2/nodes/af6m2/children/?page[size]=100,children,retrieved,0,
report_3957dceafbb8,https://api.osf.io/v2/nodes/af6m2/files/osfstorage/?page[size]=100,files,retrieved,2,
report_3a412384841e,https://api.osf.io/v2/nodes/9yve3/files/?page[size]=100,providers,retrieved,1,
report_3a412384841e,https://api.osf.io/v2/nodes/9yve3/children/?page[size]=100,children,retrieved,0,
report_3a412384841e,https://api.osf.io/v2/nodes/9yve3/files/osfstorage/?page[size]=100,files,retrieved,1,
report_3c9cbb3fc4b8,https://api.osf.io/v2/nodes/wbhdc/files/?page[size]=100,providers,retrieved,1,
report_3c9cbb3fc4b8,https://api.osf.io/v2/nodes/wbhdc/children/?page[size]=100,children,retrieved,0,
report_3c9cbb3fc4b8,https://api.osf.io/v2/nodes/wbhdc/files/osfstorage/?page[size]=100,files,retrieved,1,
report_3da709722dd1,https://api.osf.io/v2/nodes/9jzvk/files/?page[size]=100,providers,retrieved,1,
report_3da709722dd1,https://api.osf.io/v2/nodes/9jzvk/children/?page[size]=100,children,retrieved,0,
report_3da709722dd1,https://api.osf.io/v2/nodes/9jzvk/files/osfstorage/?page[size]=100,files,retrieved,2,
report_3da709722dd1,https://api.osf.io/v2/nodes/9jzvk/files/osfstorage/68c43f003002aac41e6b71f6/?page[size]=100,files,retrieved,2,
report_3e68a5b034dd,https://api.osf.io/v2/nodes/urkxe/files/?page[size]=100,providers,retrieved,1,
report_3e68a5b034dd,https://api.osf.io/v2/nodes/urkxe/children/?page[size]=100,children,retrieved,0,
report_3e68a5b034dd,https://api.osf.io/v2/nodes/urkxe/files/osfstorage/?page[size]=100,files,retrieved,2,
report_3ea3dcfd7ce8,https://api.osf.io/v2/nodes/kvy27/files/?page[size]=100,providers,retrieved,1,
report_3ea3dcfd7ce8,https://api.osf.io/v2/nodes/kvy27/children/?page[size]=100,children,retrieved,0,
report_3ea3dcfd7ce8,https://api.osf.io/v2/nodes/kvy27/files/osfstorage/?page[size]=100,files,retrieved,1,
report_3f405379726e,https://api.osf.io/v2/nodes/hw7tv/files/?page[size]=100,providers,retrieved,1,
report_3f405379726e,https://api.osf.io/v2/nodes/hw7tv/children/?page[size]=100,children,retrieved,0,
report_3f405379726e,https://api.osf.io/v2/nodes/hw7tv/files/osfstorage/?page[size]=100,files,retrieved,1,
report_4194b145419c,https://api.osf.io/v2/nodes/vh5wb/files/?page[size]=100,providers,retrieved,1,
report_4194b145419c,https://api.osf.io/v2/nodes/vh5wb/children/?page[size]=100,children,retrieved,0,
report_4194b145419c,https://api.osf.io/v2/nodes/vh5wb/files/osfstorage/?page[size]=100,files,retrieved,1,
report_426f30fc736c,https://api.osf.io/v2/nodes/mg95t/files/?page[size]=100,providers,retrieved,1,
report_426f30fc736c,https://api.osf.io/v2/nodes/mg95t/children/?page[size]=100,children,retrieved,0,
report_426f30fc736c,https://api.osf.io/v2/nodes/mg95t/files/osfstorage/?page[size]=100,files,retrieved,2,
report_438642c3c161,https://api.osf.io/v2/nodes/wb5x6/files/?page[size]=100,providers,retrieved,1,
report_438642c3c161,https://api.osf.io/v2/nodes/wb5x6/children/?page[size]=100,children,retrieved,0,
report_438642c3c161,https://api.osf.io/v2/nodes/wb5x6/files/osfstorage/?page[size]=100,files,retrieved,1,
report_4533b3f73770,https://api.osf.io/v2/nodes/m3hwg/files/?page[size]=100,providers,retrieved,1,
report_4533b3f73770,https://api.osf.io/v2/nodes/m3hwg/children/?page[size]=100,children,retrieved,0,
report_4533b3f73770,https://api.osf.io/v2/nodes/m3hwg/files/osfstorage/?page[size]=100,files,retrieved,2,
report_485c06b26373,https://api.osf.io/v2/nodes/w7vpu/files/?page[size]=100,providers,retrieved,1,
report_485c06b26373,https://api.osf.io/v2/nodes/w7vpu/children/?page[size]=100,children,retrieved,0,
report_485c06b26373,https://api.osf.io/v2/nodes/w7vpu/files/osfstorage/?page[size]=100,files,retrieved,9,
report_485c06b26373,https://api.osf.io/v2/nodes/w7vpu/files/osfstorage/65aa17439738190085396b5f/?page[size]=100,files,retrieved,2,
report_485c06b26373,https://api.osf.io/v2/nodes/w7vpu/files/osfstorage/688873b2c111269990256cf5/?page[size]=100,files,retrieved,6,
report_485c06b26373,https://api.osf.io/v2/nodes/w7vpu/files/osfstorage/6602c3a3d9031c00de039fc1/?page[size]=100,files,retrieved,17,
report_485c06b26373,https://api.osf.io/v2/nodes/w7vpu/files/osfstorage/6605711101fc9c0349316877/?page[size]=100,files,retrieved,14,
report_485c06b26373,https://api.osf.io/v2/nodes/w7vpu/files/osfstorage/689cb8eeccbc3121dd1f21f5/?page[size]=100,files,retrieved,17,
report_485c06b26373,https://api.osf.io/v2/nodes/w7vpu/files/osfstorage/66057284fe44ca02c32b6993/?page[size]=100,files,retrieved,34,
report_48ae850d3c4c,https://api.osf.io/v2/nodes/3tqb9/files/?page[size]=100,providers,retrieved,1,
report_48ae850d3c4c,https://api.osf.io/v2/nodes/3tqb9/children/?page[size]=100,children,retrieved,0,
report_48ae850d3c4c,https://api.osf.io/v2/nodes/3tqb9/files/osfstorage/?page[size]=100,files,retrieved,2,
report_48e3e8dec4b5,https://api.osf.io/v2/nodes/rvynd/files/?page[size]=100,providers,retrieved,1,
report_48e3e8dec4b5,https://api.osf.io/v2/nodes/rvynd/children/?page[size]=100,children,retrieved,0,
report_48e3e8dec4b5,https://api.osf.io/v2/nodes/rvynd/files/osfstorage/?page[size]=100,files,retrieved,2,
report_4968d35b0fba,https://api.osf.io/v2/nodes/w7vpu/files/?page[size]=100,providers,retrieved,1,
report_4968d35b0fba,https://api.osf.io/v2/nodes/w7vpu/children/?page[size]=100,children,retrieved,0,
report_4968d35b0fba,https://api.osf.io/v2/nodes/w7vpu/files/osfstorage/?page[size]=100,files,retrieved,9,
report_4968d35b0fba,https://api.osf.io/v2/nodes/w7vpu/files/osfstorage/65aa17439738190085396b5f/?page[size]=100,files,retrieved,2,
report_4968d35b0fba,https://api.osf.io/v2/nodes/w7vpu/files/osfstorage/688873b2c111269990256cf5/?page[size]=100,files,retrieved,6,
report_4968d35b0fba,https://api.osf.io/v2/nodes/w7vpu/files/osfstorage/6602c3a3d9031c00de039fc1/?page[size]=100,files,retrieved,17,
report_4968d35b0fba,https://api.osf.io/v2/nodes/w7vpu/files/osfstorage/6605711101fc9c0349316877/?page[size]=100,files,retrieved,14,
report_4968d35b0fba,https://api.osf.io/v2/nodes/w7vpu/files/osfstorage/689cb8eeccbc3121dd1f21f5/?page[size]=100,files,retrieved,17,
report_4968d35b0fba,https://api.osf.io/v2/nodes/w7vpu/files/osfstorage/66057284fe44ca02c32b6993/?page[size]=100,files,retrieved,34,
report_49a16f6cfda5,https://api.osf.io/v2/nodes/e8x63/files/?page[size]=100,providers,retrieved,1,
report_49a16f6cfda5,https://api.osf.io/v2/nodes/e8x63/children/?page[size]=100,children,retrieved,0,
report_49a16f6cfda5,https://api.osf.io/v2/nodes/e8x63/files/osfstorage/?page[size]=100,files,retrieved,1,
report_4cb285ca816f,https://api.osf.io/v2/nodes/xfc2m/files/?page[size]=100,providers,retrieved,1,
report_4cb285ca816f,https://api.osf.io/v2/nodes/xfc2m/children/?page[size]=100,children,retrieved,0,
report_4cb285ca816f,https://api.osf.io/v2/nodes/xfc2m/files/osfstorage/?page[size]=100,files,retrieved,3,
report_5003934d7f11,https://api.osf.io/v2/nodes/j4csn/files/?page[size]=100,providers,retrieved,1,
report_5003934d7f11,https://api.osf.io/v2/nodes/j4csn/children/?page[size]=100,children,retrieved,0,
report_5003934d7f11,https://api.osf.io/v2/nodes/j4csn/files/osfstorage/?page[size]=100,files,retrieved,1,
report_529ee199e8d9,https://api.osf.io/v2/nodes/xg3h9/files/?page[size]=100,providers,retrieved,1,
report_529ee199e8d9,https://api.osf.io/v2/nodes/xg3h9/children/?page[size]=100,children,retrieved,0,
report_529ee199e8d9,https://api.osf.io/v2/nodes/xg3h9/files/osfstorage/?page[size]=100,files,retrieved,1,
report_52b025b81bea,https://api.osf.io/v2/nodes/94b28/files/?page[size]=100,providers,retrieved,1,
report_52b025b81bea,https://api.osf.io/v2/nodes/94b28/children/?page[size]=100,children,retrieved,0,
report_52b025b81bea,https://api.osf.io/v2/nodes/94b28/files/osfstorage/?page[size]=100,files,retrieved,1,
report_5328fbe6f83f,https://api.osf.io/v2/nodes/za5t8/files/?page[size]=100,providers,retrieved,1,
report_5328fbe6f83f,https://api.osf.io/v2/nodes/za5t8/children/?page[size]=100,children,retrieved,0,
report_5328fbe6f83f,https://api.osf.io/v2/nodes/za5t8/files/osfstorage/?page[size]=100,files,retrieved,2,
report_5437ba586f46,https://api.osf.io/v2/nodes/w7vpu/files/?page[size]=100,providers,retrieved,1,
report_5437ba586f46,https://api.osf.io/v2/nodes/w7vpu/children/?page[size]=100,children,retrieved,0,
report_5437ba586f46,https://api.osf.io/v2/nodes/w7vpu/files/osfstorage/?page[size]=100,files,retrieved,9,
report_5437ba586f46,https://api.osf.io/v2/nodes/w7vpu/files/osfstorage/65aa17439738190085396b5f/?page[size]=100,files,retrieved,2,
report_5437ba586f46,https://api.osf.io/v2/nodes/w7vpu/files/osfstorage/688873b2c111269990256cf5/?page[size]=100,files,retrieved,6,
report_5437ba586f46,https://api.osf.io/v2/nodes/w7vpu/files/osfstorage/6602c3a3d9031c00de039fc1/?page[size]=100,files,retrieved,17,
report_5437ba586f46,https://api.osf.io/v2/nodes/w7vpu/files/osfstorage/6605711101fc9c0349316877/?page[size]=100,files,retrieved,14,
report_5437ba586f46,https://api.osf.io/v2/nodes/w7vpu/files/osfstorage/689cb8eeccbc3121dd1f21f5/?page[size]=100,files,retrieved,17,
report_5437ba586f46,https://api.osf.io/v2/nodes/w7vpu/files/osfstorage/66057284fe44ca02c32b6993/?page[size]=100,files,retrieved,34,
report_545e8437a0f7,https://api.osf.io/v2/nodes/c7eq2/files/?page[size]=100,providers,retrieved,1,
report_545e8437a0f7,https://api.osf.io/v2/nodes/c7eq2/children/?page[size]=100,children,retrieved,0,
report_545e8437a0f7,https://api.osf.io/v2/nodes/c7eq2/files/osfstorage/?page[size]=100,files,retrieved,1,
report_54d4acbe1ca7,https://api.osf.io/v2/nodes/82c6v/files/?page[size]=100,providers,retrieved,1,
report_54d4acbe1ca7,https://api.osf.io/v2/nodes/82c6v/children/?page[size]=100,children,retrieved,0,
report_54d4acbe1ca7,https://api.osf.io/v2/nodes/82c6v/files/osfstorage/?page[size]=100,files,retrieved,1,
report_550084c248dc,https://api.osf.io/v2/nodes/w7vpu/files/?page[size]=100,providers,retrieved,1,
report_550084c248dc,https://api.osf.io/v2/nodes/w7vpu/children/?page[size]=100,children,retrieved,0,
report_550084c248dc,https://api.osf.io/v2/nodes/w7vpu/files/osfstorage/?page[size]=100,files,retrieved,9,
report_550084c248dc,https://api.osf.io/v2/nodes/w7vpu/files/osfstorage/65aa17439738190085396b5f/?page[size]=100,files,retrieved,2,
report_550084c248dc,https://api.osf.io/v2/nodes/w7vpu/files/osfstorage/688873b2c111269990256cf5/?page[size]=100,files,retrieved,6,
report_550084c248dc,https://api.osf.io/v2/nodes/w7vpu/files/osfstorage/6602c3a3d9031c00de039fc1/?page[size]=100,files,retrieved,17,
report_550084c248dc,https://api.osf.io/v2/nodes/w7vpu/files/osfstorage/6605711101fc9c0349316877/?page[size]=100,files,retrieved,14,
report_550084c248dc,https://api.osf.io/v2/nodes/w7vpu/files/osfstorage/689cb8eeccbc3121dd1f21f5/?page[size]=100,files,retrieved,17,
report_550084c248dc,https://api.osf.io/v2/nodes/w7vpu/files/osfstorage/66057284fe44ca02c32b6993/?page[size]=100,files,retrieved,34,
report_551a1b4adf78,https://api.osf.io/v2/nodes/9qa3x/files/?page[size]=100,providers,retrieved,1,
report_551a1b4adf78,https://api.osf.io/v2/nodes/9qa3x/children/?page[size]=100,children,retrieved,0,
report_551a1b4adf78,https://api.osf.io/v2/nodes/9qa3x/files/osfstorage/?page[size]=100,files,retrieved,2,
report_55b052c42573,https://api.osf.io/v2/nodes/cyb24/files/?page[size]=100,providers,retrieved,1,
report_55b052c42573,https://api.osf.io/v2/nodes/cyb24/children/?page[size]=100,children,retrieved,0,
report_55b052c42573,https://api.osf.io/v2/nodes/cyb24/files/osfstorage/?page[size]=100,files,retrieved,2,
report_573bd43586da,https://api.osf.io/v2/nodes/w7vpu/files/?page[size]=100,providers,retrieved,1,
report_573bd43586da,https://api.osf.io/v2/nodes/w7vpu/children/?page[size]=100,children,retrieved,0,
report_573bd43586da,https://api.osf.io/v2/nodes/w7vpu/files/osfstorage/?page[size]=100,files,retrieved,9,
report_573bd43586da,https://api.osf.io/v2/nodes/w7vpu/files/osfstorage/65aa17439738190085396b5f/?page[size]=100,files,retrieved,2,
report_573bd43586da,https://api.osf.io/v2/nodes/w7vpu/files/osfstorage/688873b2c111269990256cf5/?page[size]=100,files,retrieved,6,
report_573bd43586da,https://api.osf.io/v2/nodes/w7vpu/files/osfstorage/6602c3a3d9031c00de039fc1/?page[size]=100,files,retrieved,17,
report_573bd43586da,https://api.osf.io/v2/nodes/w7vpu/files/osfstorage/6605711101fc9c0349316877/?page[size]=100,files,retrieved,14,
report_573bd43586da,https://api.osf.io/v2/nodes/w7vpu/files/osfstorage/689cb8eeccbc3121dd1f21f5/?page[size]=100,files,retrieved,17,
report_573bd43586da,https://api.osf.io/v2/nodes/w7vpu/files/osfstorage/66057284fe44ca02c32b6993/?page[size]=100,files,retrieved,34,
report_590bd2f69efe,https://api.osf.io/v2/nodes/xqnhw/files/?page[size]=100,providers,retrieved,1,
report_590bd2f69efe,https://api.osf.io/v2/nodes/xqnhw/children/?page[size]=100,children,retrieved,0,
report_590bd2f69efe,https://api.osf.io/v2/nodes/xqnhw/files/osfstorage/?page[size]=100,files,retrieved,4,
report_5a1b2e97cdc1,https://api.osf.io/v2/nodes/cpmnt/files/?page[size]=100,providers,retrieved,1,
report_5a1b2e97cdc1,https://api.osf.io/v2/nodes/cpmnt/children/?page[size]=100,children,retrieved,0,
report_5a1b2e97cdc1,https://api.osf.io/v2/nodes/cpmnt/files/osfstorage/?page[size]=100,files,retrieved,1,
report_5bd243a4562a,https://api.osf.io/v2/nodes/mgy45/files/?page[size]=100,providers,retrieved,1,
report_5bd243a4562a,https://api.osf.io/v2/nodes/mgy45/children/?page[size]=100,children,retrieved,0,
report_5bd243a4562a,https://api.osf.io/v2/nodes/mgy45/files/osfstorage/?page[size]=100,files,retrieved,3,
report_5d24a4102638,https://api.osf.io/v2/nodes/d76tn/files/?page[size]=100,providers,retrieved,1,
report_5d24a4102638,https://api.osf.io/v2/nodes/d76tn/children/?page[size]=100,children,retrieved,0,
report_5d24a4102638,https://api.osf.io/v2/nodes/d76tn/files/osfstorage/?page[size]=100,files,retrieved,2,
report_5d73ec1dc3d6,https://api.osf.io/v2/nodes/bq9vw/files/?page[size]=100,providers,retrieved,1,
report_5d73ec1dc3d6,https://api.osf.io/v2/nodes/bq9vw/children/?page[size]=100,children,retrieved,0,
report_5d73ec1dc3d6,https://api.osf.io/v2/nodes/bq9vw/files/osfstorage/?page[size]=100,files,retrieved,1,
report_5da2179e3559,https://api.osf.io/v2/nodes/rcngs/files/?page[size]=100,providers,retrieved,1,
report_5da2179e3559,https://api.osf.io/v2/nodes/rcngs/children/?page[size]=100,children,retrieved,0,
report_5da2179e3559,https://api.osf.io/v2/nodes/rcngs/files/osfstorage/?page[size]=100,files,retrieved,1,
report_5f6c25143883,https://api.osf.io/v2/nodes/jf479/files/?page[size]=100,providers,retrieved,1,
report_5f6c25143883,https://api.osf.io/v2/nodes/jf479/children/?page[size]=100,children,retrieved,0,
report_5f6c25143883,https://api.osf.io/v2/nodes/jf479/files/osfstorage/?page[size]=100,files,retrieved,1,
report_5ff8b07dffd7,https://api.osf.io/v2/nodes/fk4eh/files/?page[size]=100,providers,retrieved,1,
report_5ff8b07dffd7,https://api.osf.io/v2/nodes/fk4eh/children/?page[size]=100,children,retrieved,0,
report_5ff8b07dffd7,https://api.osf.io/v2/nodes/fk4eh/files/osfstorage/?page[size]=100,files,retrieved,1,
report_60214574faf5,https://api.osf.io/v2/nodes/3296y/files/?page[size]=100,providers,retrieved,1,
report_60214574faf5,https://api.osf.io/v2/nodes/3296y/children/?page[size]=100,children,retrieved,0,
report_60214574faf5,https://api.osf.io/v2/nodes/3296y/files/osfstorage/?page[size]=100,files,retrieved,1,
report_62881c68084b,https://api.osf.io/v2/nodes/24v36/files/?page[size]=100,providers,retrieved,1,
report_62881c68084b,https://api.osf.io/v2/nodes/24v36/children/?page[size]=100,children,retrieved,0,
report_62881c68084b,https://api.osf.io/v2/nodes/24v36/files/osfstorage/?page[size]=100,files,retrieved,2,
report_637ea4721309,https://api.osf.io/v2/nodes/2fghj/files/?page[size]=100,providers,retrieved,1,
report_637ea4721309,https://api.osf.io/v2/nodes/2fghj/children/?page[size]=100,children,retrieved,0,
report_637ea4721309,https://api.osf.io/v2/nodes/2fghj/files/osfstorage/?page[size]=100,files,retrieved,1,
report_6385b2ec544a,https://api.osf.io/v2/nodes/bjsm2/files/?page[size]=100,providers,retrieved,1,
report_6385b2ec544a,https://api.osf.io/v2/nodes/bjsm2/children/?page[size]=100,children,retrieved,0,
report_6385b2ec544a,https://api.osf.io/v2/nodes/bjsm2/files/osfstorage/?page[size]=100,files,retrieved,1,
report_6394b080d758,https://api.osf.io/v2/nodes/hvwbs/files/?page[size]=100,providers,retrieved,1,
report_6394b080d758,https://api.osf.io/v2/nodes/hvwbs/children/?page[size]=100,children,retrieved,0,
report_6394b080d758,https://api.osf.io/v2/nodes/hvwbs/files/osfstorage/?page[size]=100,files,retrieved,1,
report_63a489b4867a,https://api.osf.io/v2/nodes/encfj/files/?page[size]=100,providers,retrieved,1,
report_63a489b4867a,https://api.osf.io/v2/nodes/encfj/children/?page[size]=100,children,retrieved,0,
report_63a489b4867a,https://api.osf.io/v2/nodes/encfj/files/osfstorage/?page[size]=100,files,retrieved,1,
report_63b95e0a73bf,https://api.osf.io/v2/nodes/sm526/files/?page[size]=100,providers,retrieved,1,
report_63b95e0a73bf,https://api.osf.io/v2/nodes/sm526/children/?page[size]=100,children,retrieved,0,
report_63b95e0a73bf,https://api.osf.io/v2/nodes/sm526/files/osfstorage/?page[size]=100,files,retrieved,1,
report_63c3f58d6b55,https://api.osf.io/v2/nodes/3s7j8/files/?page[size]=100,providers,retrieved,1,
report_63c3f58d6b55,https://api.osf.io/v2/nodes/3s7j8/children/?page[size]=100,children,retrieved,0,
report_63c3f58d6b55,https://api.osf.io/v2/nodes/3s7j8/files/osfstorage/?page[size]=100,files,retrieved,2,
report_64d2bdaadf68,https://api.osf.io/v2/nodes/b7dn2/files/?page[size]=100,providers,retrieved,1,
report_64d2bdaadf68,https://api.osf.io/v2/nodes/b7dn2/children/?page[size]=100,children,retrieved,0,
report_64d2bdaadf68,https://api.osf.io/v2/nodes/b7dn2/files/osfstorage/?page[size]=100,files,retrieved,2,
report_64d6a849fe81,https://api.osf.io/v2/nodes/bz8pf/files/?page[size]=100,providers,retrieved,1,
report_64d6a849fe81,https://api.osf.io/v2/nodes/bz8pf/children/?page[size]=100,children,retrieved,0,
report_64d6a849fe81,https://api.osf.io/v2/nodes/bz8pf/files/osfstorage/?page[size]=100,files,retrieved,1,
report_652ceb482bdd,https://api.osf.io/v2/nodes/3b8z4/files/?page[size]=100,providers,retrieved,1,
report_652ceb482bdd,https://api.osf.io/v2/nodes/3b8z4/children/?page[size]=100,children,retrieved,0,
report_652ceb482bdd,https://api.osf.io/v2/nodes/3b8z4/files/osfstorage/?page[size]=100,files,retrieved,2,
report_65803781fe9e,https://api.osf.io/v2/nodes/y3cms/files/?page[size]=100,providers,retrieved,1,
report_65803781fe9e,https://api.osf.io/v2/nodes/y3cms/children/?page[size]=100,children,retrieved,0,
report_65803781fe9e,https://api.osf.io/v2/nodes/y3cms/files/osfstorage/?page[size]=100,files,retrieved,3,
report_67910b9c42e5,https://api.osf.io/v2/nodes/cnds2/files/?page[size]=100,providers,retrieved,1,
report_67910b9c42e5,https://api.osf.io/v2/nodes/cnds2/children/?page[size]=100,children,retrieved,0,
report_67910b9c42e5,https://api.osf.io/v2/nodes/cnds2/files/osfstorage/?page[size]=100,files,retrieved,1,
report_68458202da63,https://api.osf.io/v2/nodes/gx4d6/files/?page[size]=100,providers,retrieved,1,
report_68458202da63,https://api.osf.io/v2/nodes/gx4d6/children/?page[size]=100,children,retrieved,0,
report_68458202da63,https://api.osf.io/v2/nodes/gx4d6/files/osfstorage/?page[size]=100,files,retrieved,2,
report_68608b5c104f,https://api.osf.io/v2/nodes/5c9aj/files/?page[size]=100,providers,retrieved,1,
report_68608b5c104f,https://api.osf.io/v2/nodes/5c9aj/children/?page[size]=100,children,retrieved,0,
report_68608b5c104f,https://api.osf.io/v2/nodes/5c9aj/files/osfstorage/?page[size]=100,files,retrieved,1,
report_6876536c6342,https://api.osf.io/v2/nodes/d5y3e/files/?page[size]=100,providers,retrieved,1,
report_6876536c6342,https://api.osf.io/v2/nodes/d5y3e/children/?page[size]=100,children,retrieved,0,
report_6876536c6342,https://api.osf.io/v2/nodes/d5y3e/files/osfstorage/?page[size]=100,files,retrieved,1,
report_68bdcb8c872e,https://api.osf.io/v2/nodes/8euy2/files/?page[size]=100,providers,retrieved,1,
report_68bdcb8c872e,https://api.osf.io/v2/nodes/8euy2/children/?page[size]=100,children,retrieved,0,
report_68bdcb8c872e,https://api.osf.io/v2/nodes/8euy2/files/osfstorage/?page[size]=100,files,retrieved,1,
report_6a279044dcee,https://api.osf.io/v2/nodes/u6xz9/files/?page[size]=100,providers,retrieved,1,
report_6a279044dcee,https://api.osf.io/v2/nodes/u6xz9/children/?page[size]=100,children,retrieved,0,
report_6a279044dcee,https://api.osf.io/v2/nodes/u6xz9/files/osfstorage/?page[size]=100,files,retrieved,1,
report_6cd014ce1d90,https://api.osf.io/v2/nodes/896bd/files/?page[size]=100,providers,retrieved,1,
report_6cd014ce1d90,https://api.osf.io/v2/nodes/896bd/children/?page[size]=100,children,retrieved,0,
report_6cd014ce1d90,https://api.osf.io/v2/nodes/896bd/files/osfstorage/?page[size]=100,files,retrieved,2,
report_6d87c7bf3502,https://api.osf.io/v2/nodes/7cd2s/files/?page[size]=100,providers,retrieved,1,
report_6d87c7bf3502,https://api.osf.io/v2/nodes/7cd2s/children/?page[size]=100,children,retrieved,0,
report_6d87c7bf3502,https://api.osf.io/v2/nodes/7cd2s/files/osfstorage/?page[size]=100,files,retrieved,1,
report_6e16fa666cce,https://api.osf.io/v2/nodes/zes6g/files/?page[size]=100,providers,retrieved,1,
report_6e16fa666cce,https://api.osf.io/v2/nodes/zes6g/children/?page[size]=100,children,retrieved,0,
report_6e16fa666cce,https://api.osf.io/v2/nodes/zes6g/files/osfstorage/?page[size]=100,files,retrieved,2,
report_6e760b3ec360,https://api.osf.io/v2/nodes/6x8wy/files/?page[size]=100,providers,retrieved,1,
report_6e760b3ec360,https://api.osf.io/v2/nodes/6x8wy/children/?page[size]=100,children,retrieved,0,
report_6e760b3ec360,https://api.osf.io/v2/nodes/6x8wy/files/osfstorage/?page[size]=100,files,retrieved,1,
report_6effccc0095a,https://api.osf.io/v2/nodes/f8zn3/files/?page[size]=100,providers,retrieved,1,
report_6effccc0095a,https://api.osf.io/v2/nodes/f8zn3/children/?page[size]=100,children,retrieved,0,
report_6effccc0095a,https://api.osf.io/v2/nodes/f8zn3/files/osfstorage/?page[size]=100,files,retrieved,1,
report_6fee70db84f9,https://api.osf.io/v2/nodes/47hg6/files/?page[size]=100,providers,retrieved,1,
report_6fee70db84f9,https://api.osf.io/v2/nodes/47hg6/children/?page[size]=100,children,retrieved,0,
report_6fee70db84f9,https://api.osf.io/v2/nodes/47hg6/files/osfstorage/?page[size]=100,files,retrieved,1,
report_70623055b3d8,https://api.osf.io/v2/nodes/5zfu4/files/?page[size]=100,providers,retrieved,1,
report_70623055b3d8,https://api.osf.io/v2/nodes/5zfu4/children/?page[size]=100,children,retrieved,0,
report_70623055b3d8,https://api.osf.io/v2/nodes/5zfu4/files/osfstorage/?page[size]=100,files,retrieved,1,
report_70f54a122931,https://api.osf.io/v2/nodes/ezscr/files/?page[size]=100,providers,retrieved,1,
report_70f54a122931,https://api.osf.io/v2/nodes/ezscr/children/?page[size]=100,children,retrieved,0,
report_70f54a122931,https://api.osf.io/v2/nodes/ezscr/files/osfstorage/?page[size]=100,files,retrieved,3,
report_71fb132c3ec3,https://api.osf.io/v2/nodes/4wxms/files/?page[size]=100,providers,retrieved,1,
report_71fb132c3ec3,https://api.osf.io/v2/nodes/4wxms/children/?page[size]=100,children,retrieved,0,
report_71fb132c3ec3,https://api.osf.io/v2/nodes/4wxms/files/osfstorage/?page[size]=100,files,retrieved,2,
report_726a9cf5bf0d,https://api.osf.io/v2/nodes/p3yjd/files/?page[size]=100,providers,retrieved,1,
report_726a9cf5bf0d,https://api.osf.io/v2/nodes/p3yjd/children/?page[size]=100,children,retrieved,0,
report_726a9cf5bf0d,https://api.osf.io/v2/nodes/p3yjd/files/osfstorage/?page[size]=100,files,retrieved,1,
report_739bcf3028e9,https://api.osf.io/v2/nodes/gh7cv/files/?page[size]=100,providers,retrieved,1,
report_739bcf3028e9,https://api.osf.io/v2/nodes/gh7cv/children/?page[size]=100,children,retrieved,0,
report_739bcf3028e9,https://api.osf.io/v2/nodes/gh7cv/files/osfstorage/?page[size]=100,files,retrieved,1,
report_73f84ad32827,https://api.osf.io/v2/nodes/kbwap/files/?page[size]=100,providers,retrieved,1,
report_73f84ad32827,https://api.osf.io/v2/nodes/kbwap/children/?page[size]=100,children,retrieved,0,
report_73f84ad32827,https://api.osf.io/v2/nodes/kbwap/files/osfstorage/?page[size]=100,files,retrieved,3,
report_746e7973905e,https://api.osf.io/v2/nodes/w69fu/files/?page[size]=100,providers,retrieved,1,
report_746e7973905e,https://api.osf.io/v2/nodes/w69fu/children/?page[size]=100,children,retrieved,0,
report_746e7973905e,https://api.osf.io/v2/nodes/w69fu/files/osfstorage/?page[size]=100,files,retrieved,1,
report_74c8331744fa,https://api.osf.io/v2/nodes/4a2ne/files/?page[size]=100,providers,retrieved,1,
report_74c8331744fa,https://api.osf.io/v2/nodes/4a2ne/children/?page[size]=100,children,retrieved,0,
report_74c8331744fa,https://api.osf.io/v2/nodes/4a2ne/files/osfstorage/?page[size]=100,files,retrieved,1,
report_75e85cb29cc1,https://api.osf.io/v2/nodes/8dxvk/files/?page[size]=100,providers,retrieved,1,
report_75e85cb29cc1,https://api.osf.io/v2/nodes/8dxvk/children/?page[size]=100,children,retrieved,0,
report_75e85cb29cc1,https://api.osf.io/v2/nodes/8dxvk/files/osfstorage/?page[size]=100,files,retrieved,2,
report_76689919aa7b,https://api.osf.io/v2/nodes/qe3fx/files/?page[size]=100,providers,retrieved,1,
report_76689919aa7b,https://api.osf.io/v2/nodes/qe3fx/children/?page[size]=100,children,retrieved,0,
report_76689919aa7b,https://api.osf.io/v2/nodes/qe3fx/files/osfstorage/?page[size]=100,files,retrieved,1,
report_76e1bc253d3c,https://api.osf.io/v2/nodes/w7vpu/files/?page[size]=100,providers,retrieved,1,
report_76e1bc253d3c,https://api.osf.io/v2/nodes/w7vpu/children/?page[size]=100,children,retrieved,0,
report_76e1bc253d3c,https://api.osf.io/v2/nodes/w7vpu/files/osfstorage/?page[size]=100,files,retrieved,9,
report_76e1bc253d3c,https://api.osf.io/v2/nodes/w7vpu/files/osfstorage/65aa17439738190085396b5f/?page[size]=100,files,retrieved,2,
report_76e1bc253d3c,https://api.osf.io/v2/nodes/w7vpu/files/osfstorage/688873b2c111269990256cf5/?page[size]=100,files,retrieved,6,
report_76e1bc253d3c,https://api.osf.io/v2/nodes/w7vpu/files/osfstorage/6602c3a3d9031c00de039fc1/?page[size]=100,files,retrieved,17,
report_76e1bc253d3c,https://api.osf.io/v2/nodes/w7vpu/files/osfstorage/6605711101fc9c0349316877/?page[size]=100,files,retrieved,14,
report_76e1bc253d3c,https://api.osf.io/v2/nodes/w7vpu/files/osfstorage/689cb8eeccbc3121dd1f21f5/?page[size]=100,files,retrieved,17,
report_76e1bc253d3c,https://api.osf.io/v2/nodes/w7vpu/files/osfstorage/66057284fe44ca02c32b6993/?page[size]=100,files,retrieved,34,
report_76f614c90463,https://api.osf.io/v2/nodes/m7y9v/files/?page[size]=100,providers,retrieved,1,
report_76f614c90463,https://api.osf.io/v2/nodes/m7y9v/children/?page[size]=100,children,retrieved,0,
report_76f614c90463,https://api.osf.io/v2/nodes/m7y9v/files/osfstorage/?page[size]=100,files,retrieved,2,
report_774d2dde3549,https://api.osf.io/v2/nodes/auyq5/files/?page[size]=100,providers,retrieved,1,
report_774d2dde3549,https://api.osf.io/v2/nodes/auyq5/children/?page[size]=100,children,retrieved,0,
report_774d2dde3549,https://api.osf.io/v2/nodes/auyq5/files/osfstorage/?page[size]=100,files,retrieved,3,
report_780942f101b3,https://api.osf.io/v2/nodes/dafcg/files/?page[size]=100,providers,retrieved,1,
report_780942f101b3,https://api.osf.io/v2/nodes/dafcg/children/?page[size]=100,children,retrieved,0,
report_780942f101b3,https://api.osf.io/v2/nodes/dafcg/files/osfstorage/?page[size]=100,files,retrieved,2,
report_78a6d365d73e,https://api.osf.io/v2/nodes/xfp4k/files/?page[size]=100,providers,retrieved,1,
report_78a6d365d73e,https://api.osf.io/v2/nodes/xfp4k/children/?page[size]=100,children,retrieved,0,
report_78a6d365d73e,https://api.osf.io/v2/nodes/xfp4k/files/osfstorage/?page[size]=100,files,retrieved,2,
report_7941276db142,https://api.osf.io/v2/nodes/96nec/files/?page[size]=100,providers,retrieved,1,
report_7941276db142,https://api.osf.io/v2/nodes/96nec/children/?page[size]=100,children,retrieved,0,
report_7941276db142,https://api.osf.io/v2/nodes/96nec/files/osfstorage/?page[size]=100,files,retrieved,2,
report_79b3dfcb472d,https://api.osf.io/v2/nodes/8kvdf/files/?page[size]=100,providers,retrieved,1,
report_79b3dfcb472d,https://api.osf.io/v2/nodes/8kvdf/children/?page[size]=100,children,retrieved,0,
report_79b3dfcb472d,https://api.osf.io/v2/nodes/8kvdf/files/osfstorage/?page[size]=100,files,retrieved,5,
report_7b6e3711f962,https://api.osf.io/v2/nodes/hkc5b/files/?page[size]=100,providers,retrieved,1,
report_7b6e3711f962,https://api.osf.io/v2/nodes/hkc5b/children/?page[size]=100,children,retrieved,0,
report_7b6e3711f962,https://api.osf.io/v2/nodes/hkc5b/files/osfstorage/?page[size]=100,files,retrieved,1,
report_7bafb5e09f22,https://api.osf.io/v2/nodes/hje59/files/?page[size]=100,providers,retrieved,1,
report_7bafb5e09f22,https://api.osf.io/v2/nodes/hje59/children/?page[size]=100,children,retrieved,0,
report_7bafb5e09f22,https://api.osf.io/v2/nodes/hje59/files/osfstorage/?page[size]=100,files,retrieved,1,
report_7bb8243d4722,https://api.osf.io/v2/nodes/q8kue/files/?page[size]=100,providers,retrieved,1,
report_7bb8243d4722,https://api.osf.io/v2/nodes/q8kue/children/?page[size]=100,children,retrieved,0,
report_7bb8243d4722,https://api.osf.io/v2/nodes/q8kue/files/osfstorage/?page[size]=100,files,retrieved,1,
report_7bdee2c58f72,https://api.osf.io/v2/nodes/rkdqv/files/?page[size]=100,providers,retrieved,1,
report_7bdee2c58f72,https://api.osf.io/v2/nodes/rkdqv/children/?page[size]=100,children,retrieved,0,
report_7bdee2c58f72,https://api.osf.io/v2/nodes/rkdqv/files/osfstorage/?page[size]=100,files,retrieved,1,
report_7cb80d382920,https://api.osf.io/v2/nodes/fpaxs/files/?page[size]=100,providers,retrieved,1,
report_7cb80d382920,https://api.osf.io/v2/nodes/fpaxs/children/?page[size]=100,children,retrieved,0,
report_7cb80d382920,https://api.osf.io/v2/nodes/fpaxs/files/osfstorage/?page[size]=100,files,retrieved,2,
report_7d07f92524e7,https://api.osf.io/v2/nodes/u9j7v/files/?page[size]=100,providers,retrieved,1,
report_7d07f92524e7,https://api.osf.io/v2/nodes/u9j7v/children/?page[size]=100,children,retrieved,0,
report_7d07f92524e7,https://api.osf.io/v2/nodes/u9j7v/files/osfstorage/?page[size]=100,files,retrieved,1,
report_7df3ecdd3fbc,https://api.osf.io/v2/nodes/wg2sv/files/?page[size]=100,providers,retrieved,1,
report_7df3ecdd3fbc,https://api.osf.io/v2/nodes/wg2sv/children/?page[size]=100,children,retrieved,0,
report_7df3ecdd3fbc,https://api.osf.io/v2/nodes/wg2sv/files/osfstorage/?page[size]=100,files,retrieved,1,
report_7e04fdf7bfb2,https://api.osf.io/v2/nodes/2kvyp/files/?page[size]=100,providers,retrieved,1,
report_7e04fdf7bfb2,https://api.osf.io/v2/nodes/2kvyp/children/?page[size]=100,children,retrieved,0,
report_7e04fdf7bfb2,https://api.osf.io/v2/nodes/2kvyp/files/osfstorage/?page[size]=100,files,retrieved,1,
report_80272db5e8c6,https://api.osf.io/v2/nodes/qgn6e/files/?page[size]=100,providers,retrieved,1,
report_80272db5e8c6,https://api.osf.io/v2/nodes/qgn6e/children/?page[size]=100,children,retrieved,0,
report_80272db5e8c6,https://api.osf.io/v2/nodes/qgn6e/files/osfstorage/?page[size]=100,files,retrieved,1,
report_8081728c8128,https://api.osf.io/v2/nodes/fzy8x/files/?page[size]=100,providers,retrieved,1,
report_8081728c8128,https://api.osf.io/v2/nodes/fzy8x/children/?page[size]=100,children,retrieved,0,
report_8081728c8128,https://api.osf.io/v2/nodes/fzy8x/files/osfstorage/?page[size]=100,files,retrieved,1,
report_81150904aedd,https://api.osf.io/v2/nodes/natcr/files/?page[size]=100,providers,retrieved,1,
report_81150904aedd,https://api.osf.io/v2/nodes/natcr/children/?page[size]=100,children,retrieved,0,
report_81150904aedd,https://api.osf.io/v2/nodes/natcr/files/osfstorage/?page[size]=100,files,retrieved,2,
report_8179797314d5,https://api.osf.io/v2/nodes/hkrqz/files/?page[size]=100,providers,retrieved,1,
report_8179797314d5,https://api.osf.io/v2/nodes/hkrqz/children/?page[size]=100,children,retrieved,0,
report_8179797314d5,https://api.osf.io/v2/nodes/hkrqz/files/osfstorage/?page[size]=100,files,retrieved,2,
report_81cf468b169a,https://api.osf.io/v2/nodes/x7amh/files/?page[size]=100,providers,retrieved,1,
report_81cf468b169a,https://api.osf.io/v2/nodes/x7amh/children/?page[size]=100,children,retrieved,0,
report_81cf468b169a,https://api.osf.io/v2/nodes/x7amh/files/osfstorage/?page[size]=100,files,retrieved,1,
report_839e017284ca,https://api.osf.io/v2/nodes/75kqp/files/?page[size]=100,providers,retrieved,1,
report_839e017284ca,https://api.osf.io/v2/nodes/75kqp/children/?page[size]=100,children,retrieved,0,
report_839e017284ca,https://api.osf.io/v2/nodes/75kqp/files/osfstorage/?page[size]=100,files,retrieved,1,
report_83fc3494a79a,https://api.osf.io/v2/nodes/twmh9/files/?page[size]=100,providers,retrieved,1,
report_83fc3494a79a,https://api.osf.io/v2/nodes/twmh9/children/?page[size]=100,children,retrieved,0,
report_83fc3494a79a,https://api.osf.io/v2/nodes/twmh9/files/osfstorage/?page[size]=100,files,retrieved,2,
report_847150e275c5,https://api.osf.io/v2/nodes/wjzsm/files/?page[size]=100,providers,retrieved,1,
report_847150e275c5,https://api.osf.io/v2/nodes/wjzsm/children/?page[size]=100,children,retrieved,0,
report_847150e275c5,https://api.osf.io/v2/nodes/wjzsm/files/osfstorage/?page[size]=100,files,retrieved,1,
report_84be28b9ecb3,https://api.osf.io/v2/nodes/rb7zv/files/?page[size]=100,providers,retrieved,1,
report_84be28b9ecb3,https://api.osf.io/v2/nodes/rb7zv/children/?page[size]=100,children,retrieved,0,
report_84be28b9ecb3,https://api.osf.io/v2/nodes/rb7zv/files/osfstorage/?page[size]=100,files,retrieved,1,
report_850e8ee1d4b8,https://api.osf.io/v2/nodes/kyufb/files/?page[size]=100,providers,retrieved,1,
report_850e8ee1d4b8,https://api.osf.io/v2/nodes/kyufb/children/?page[size]=100,children,retrieved,0,
report_850e8ee1d4b8,https://api.osf.io/v2/nodes/kyufb/files/osfstorage/?page[size]=100,files,retrieved,1,
report_859116e7eb38,https://api.osf.io/v2/nodes/w7vpu/files/?page[size]=100,providers,retrieved,1,
report_859116e7eb38,https://api.osf.io/v2/nodes/w7vpu/children/?page[size]=100,children,retrieved,0,
report_859116e7eb38,https://api.osf.io/v2/nodes/w7vpu/files/osfstorage/?page[size]=100,files,retrieved,9,
report_859116e7eb38,https://api.osf.io/v2/nodes/w7vpu/files/osfstorage/65aa17439738190085396b5f/?page[size]=100,files,retrieved,2,
report_859116e7eb38,https://api.osf.io/v2/nodes/w7vpu/files/osfstorage/688873b2c111269990256cf5/?page[size]=100,files,retrieved,6,
report_859116e7eb38,https://api.osf.io/v2/nodes/w7vpu/files/osfstorage/6602c3a3d9031c00de039fc1/?page[size]=100,files,retrieved,17,
report_859116e7eb38,https://api.osf.io/v2/nodes/w7vpu/files/osfstorage/6605711101fc9c0349316877/?page[size]=100,files,retrieved,14,
report_859116e7eb38,https://api.osf.io/v2/nodes/w7vpu/files/osfstorage/689cb8eeccbc3121dd1f21f5/?page[size]=100,files,retrieved,17,
report_859116e7eb38,https://api.osf.io/v2/nodes/w7vpu/files/osfstorage/66057284fe44ca02c32b6993/?page[size]=100,files,retrieved,34,
report_859394d98638,https://api.osf.io/v2/nodes/63qe2/files/?page[size]=100,providers,retrieved,1,
report_859394d98638,https://api.osf.io/v2/nodes/63qe2/children/?page[size]=100,children,retrieved,0,
report_859394d98638,https://api.osf.io/v2/nodes/63qe2/files/osfstorage/?page[size]=100,files,retrieved,1,
report_85d27f187f5e,https://api.osf.io/v2/nodes/73hk9/files/?page[size]=100,providers,retrieved,1,
report_85d27f187f5e,https://api.osf.io/v2/nodes/73hk9/children/?page[size]=100,children,retrieved,0,
report_85d27f187f5e,https://api.osf.io/v2/nodes/73hk9/files/osfstorage/?page[size]=100,files,retrieved,2,
report_876371161281,https://api.osf.io/v2/nodes/b6s9k/files/?page[size]=100,providers,retrieved,1,
report_876371161281,https://api.osf.io/v2/nodes/b6s9k/children/?page[size]=100,children,retrieved,0,
report_876371161281,https://api.osf.io/v2/nodes/b6s9k/files/osfstorage/?page[size]=100,files,retrieved,1,
report_8b644d8dbe22,https://api.osf.io/v2/nodes/hxadk/files/?page[size]=100,providers,retrieved,1,
report_8b644d8dbe22,https://api.osf.io/v2/nodes/hxadk/children/?page[size]=100,children,retrieved,0,
report_8b644d8dbe22,https://api.osf.io/v2/nodes/hxadk/files/osfstorage/?page[size]=100,files,retrieved,1,
report_8bbbebd983c3,https://api.osf.io/v2/nodes/vjka5/files/?page[size]=100,providers,retrieved,1,
report_8bbbebd983c3,https://api.osf.io/v2/nodes/vjka5/children/?page[size]=100,children,retrieved,0,
report_8bbbebd983c3,https://api.osf.io/v2/nodes/vjka5/files/osfstorage/?page[size]=100,files,retrieved,1,
report_8c6b6db02811,https://api.osf.io/v2/nodes/bfr3y/files/?page[size]=100,providers,retrieved,1,
report_8c6b6db02811,https://api.osf.io/v2/nodes/bfr3y/children/?page[size]=100,children,retrieved,0,
report_8c6b6db02811,https://api.osf.io/v2/nodes/bfr3y/files/osfstorage/?page[size]=100,files,retrieved,1,
report_8c8d6dc18f21,https://api.osf.io/v2/nodes/pnf8k/files/?page[size]=100,providers,retrieved,1,
report_8c8d6dc18f21,https://api.osf.io/v2/nodes/pnf8k/children/?page[size]=100,children,retrieved,0,
report_8c8d6dc18f21,https://api.osf.io/v2/nodes/pnf8k/files/osfstorage/?page[size]=100,files,retrieved,1,
report_8caa5396834e,https://api.osf.io/v2/nodes/529en/files/?page[size]=100,providers,retrieved,1,
report_8caa5396834e,https://api.osf.io/v2/nodes/529en/children/?page[size]=100,children,retrieved,0,
report_8caa5396834e,https://api.osf.io/v2/nodes/529en/files/osfstorage/?page[size]=100,files,retrieved,1,
report_8d1934da91f2,https://api.osf.io/v2/nodes/7jy4e/files/?page[size]=100,providers,retrieved,1,
report_8d1934da91f2,https://api.osf.io/v2/nodes/7jy4e/children/?page[size]=100,children,retrieved,0,
report_8d1934da91f2,https://api.osf.io/v2/nodes/7jy4e/files/osfstorage/?page[size]=100,files,retrieved,3,
report_8ebbd6f41128,https://api.osf.io/v2/nodes/cu4t5/files/?page[size]=100,providers,retrieved,1,
report_8ebbd6f41128,https://api.osf.io/v2/nodes/cu4t5/children/?page[size]=100,children,retrieved,0,
report_8ebbd6f41128,https://api.osf.io/v2/nodes/cu4t5/files/osfstorage/?page[size]=100,files,retrieved,1,
report_8fa34877f181,https://api.osf.io/v2/nodes/9g8rp/files/?page[size]=100,providers,retrieved,1,
report_8fa34877f181,https://api.osf.io/v2/nodes/9g8rp/children/?page[size]=100,children,retrieved,0,
report_8fa34877f181,https://api.osf.io/v2/nodes/9g8rp/files/osfstorage/?page[size]=100,files,retrieved,2,
report_9037987430de,https://api.osf.io/v2/nodes/hr358/files/?page[size]=100,providers,retrieved,1,
report_9037987430de,https://api.osf.io/v2/nodes/hr358/children/?page[size]=100,children,retrieved,0,
report_9037987430de,https://api.osf.io/v2/nodes/hr358/files/osfstorage/?page[size]=100,files,retrieved,1,
report_906e8a5c262f,https://api.osf.io/v2/nodes/nh568/files/?page[size]=100,providers,retrieved,1,
report_906e8a5c262f,https://api.osf.io/v2/nodes/nh568/children/?page[size]=100,children,retrieved,0,
report_906e8a5c262f,https://api.osf.io/v2/nodes/nh568/files/osfstorage/?page[size]=100,files,retrieved,1,
report_9077fcd8986c,https://api.osf.io/v2/nodes/jybu2/files/?page[size]=100,providers,retrieved,1,
report_9077fcd8986c,https://api.osf.io/v2/nodes/jybu2/children/?page[size]=100,children,retrieved,0,
report_9077fcd8986c,https://api.osf.io/v2/nodes/jybu2/files/osfstorage/?page[size]=100,files,retrieved,1,
report_91787aed0ded,https://api.osf.io/v2/nodes/k6ntc/files/?page[size]=100,providers,retrieved,1,
report_91787aed0ded,https://api.osf.io/v2/nodes/k6ntc/children/?page[size]=100,children,retrieved,0,
report_91787aed0ded,https://api.osf.io/v2/nodes/k6ntc/files/osfstorage/?page[size]=100,files,retrieved,1,
report_917ba368c8fa,https://api.osf.io/v2/nodes/9hx3b/files/?page[size]=100,providers,retrieved,1,
report_917ba368c8fa,https://api.osf.io/v2/nodes/9hx3b/children/?page[size]=100,children,retrieved,0,
report_917ba368c8fa,https://api.osf.io/v2/nodes/9hx3b/files/osfstorage/?page[size]=100,files,retrieved,1,
report_921e82936cf9,https://api.osf.io/v2/nodes/2ac69/files/?page[size]=100,providers,retrieved,1,
report_921e82936cf9,https://api.osf.io/v2/nodes/2ac69/children/?page[size]=100,children,retrieved,0,
report_921e82936cf9,https://api.osf.io/v2/nodes/2ac69/files/osfstorage/?page[size]=100,files,retrieved,1,
report_9289040efecc,https://api.osf.io/v2/nodes/txqjw/files/?page[size]=100,providers,retrieved,1,
report_9289040efecc,https://api.osf.io/v2/nodes/txqjw/children/?page[size]=100,children,retrieved,0,
report_9289040efecc,https://api.osf.io/v2/nodes/txqjw/files/osfstorage/?page[size]=100,files,retrieved,2,
report_93b166dd6c9b,https://api.osf.io/v2/nodes/mepbv/files/?page[size]=100,providers,retrieved,1,
report_93b166dd6c9b,https://api.osf.io/v2/nodes/mepbv/children/?page[size]=100,children,retrieved,0,
report_93b166dd6c9b,https://api.osf.io/v2/nodes/mepbv/files/osfstorage/?page[size]=100,files,retrieved,2,
report_94a65cd398d5,https://api.osf.io/v2/nodes/w9tyb/files/?page[size]=100,providers,retrieved,1,
report_94a65cd398d5,https://api.osf.io/v2/nodes/w9tyb/children/?page[size]=100,children,retrieved,0,
report_94a65cd398d5,https://api.osf.io/v2/nodes/w9tyb/files/osfstorage/?page[size]=100,files,retrieved,2,
report_95553d627471,https://api.osf.io/v2/nodes/3t4j7/files/?page[size]=100,providers,retrieved,1,
report_95553d627471,https://api.osf.io/v2/nodes/3t4j7/children/?page[size]=100,children,retrieved,0,
report_95553d627471,https://api.osf.io/v2/nodes/3t4j7/files/osfstorage/?page[size]=100,files,retrieved,1,
report_9578ed0cf863,https://api.osf.io/v2/nodes/jfte7/files/?page[size]=100,providers,retrieved,1,
report_9578ed0cf863,https://api.osf.io/v2/nodes/jfte7/children/?page[size]=100,children,retrieved,0,
report_9578ed0cf863,https://api.osf.io/v2/nodes/jfte7/files/osfstorage/?page[size]=100,files,retrieved,1,
report_968dc0f486c5,https://api.osf.io/v2/nodes/vdm68/files/?page[size]=100,providers,retrieved,1,
report_968dc0f486c5,https://api.osf.io/v2/nodes/vdm68/children/?page[size]=100,children,retrieved,0,
report_968dc0f486c5,https://api.osf.io/v2/nodes/vdm68/files/osfstorage/?page[size]=100,files,retrieved,1,
report_96da3b4e0058,https://api.osf.io/v2/nodes/ns7ew/files/?page[size]=100,providers,retrieved,1,
report_96da3b4e0058,https://api.osf.io/v2/nodes/ns7ew/children/?page[size]=100,children,retrieved,0,
report_96da3b4e0058,https://api.osf.io/v2/nodes/ns7ew/files/osfstorage/?page[size]=100,files,retrieved,2,
report_977172a380dd,https://api.osf.io/v2/nodes/ubmt2/files/?page[size]=100,providers,retrieved,1,
report_977172a380dd,https://api.osf.io/v2/nodes/ubmt2/children/?page[size]=100,children,retrieved,0,
report_977172a380dd,https://api.osf.io/v2/nodes/ubmt2/files/osfstorage/?page[size]=100,files,retrieved,1,
report_97912deea82e,https://api.osf.io/v2/nodes/aj6mx/files/?page[size]=100,providers,retrieved,1,
report_97912deea82e,https://api.osf.io/v2/nodes/aj6mx/children/?page[size]=100,children,retrieved,0,
report_97912deea82e,https://api.osf.io/v2/nodes/aj6mx/files/osfstorage/?page[size]=100,files,retrieved,2,
report_9bbb1f9e6cb0,https://api.osf.io/v2/nodes/mhrf7/files/?page[size]=100,providers,retrieved,1,
report_9bbb1f9e6cb0,https://api.osf.io/v2/nodes/mhrf7/children/?page[size]=100,children,retrieved,0,
report_9bbb1f9e6cb0,https://api.osf.io/v2/nodes/mhrf7/files/osfstorage/?page[size]=100,files,retrieved,1,
report_9cebe1d78bed,https://api.osf.io/v2/nodes/u6gea/files/?page[size]=100,providers,retrieved,1,
report_9cebe1d78bed,https://api.osf.io/v2/nodes/u6gea/children/?page[size]=100,children,retrieved,0,
report_9cebe1d78bed,https://api.osf.io/v2/nodes/u6gea/files/osfstorage/?page[size]=100,files,retrieved,2,
report_a1c4fa3a5380,https://api.osf.io/v2/nodes/ejsb9/files/?page[size]=100,providers,retrieved,1,
report_a1c4fa3a5380,https://api.osf.io/v2/nodes/ejsb9/children/?page[size]=100,children,retrieved,0,
report_a1c4fa3a5380,https://api.osf.io/v2/nodes/ejsb9/files/osfstorage/?page[size]=100,files,retrieved,1,
report_a25f2ad859e3,https://api.osf.io/v2/nodes/a672c/files/?page[size]=100,providers,retrieved,1,
report_a25f2ad859e3,https://api.osf.io/v2/nodes/a672c/children/?page[size]=100,children,retrieved,0,
report_a25f2ad859e3,https://api.osf.io/v2/nodes/a672c/files/osfstorage/?page[size]=100,files,retrieved,2,
report_a55b58fb15e6,https://api.osf.io/v2/nodes/p9twk/files/?page[size]=100,providers,retrieved,1,
report_a55b58fb15e6,https://api.osf.io/v2/nodes/p9twk/children/?page[size]=100,children,retrieved,0,
report_a55b58fb15e6,https://api.osf.io/v2/nodes/p9twk/files/osfstorage/?page[size]=100,files,retrieved,1,
report_a56bb2fe13ac,https://api.osf.io/v2/nodes/ts2mp/files/?page[size]=100,providers,retrieved,1,
report_a56bb2fe13ac,https://api.osf.io/v2/nodes/ts2mp/children/?page[size]=100,children,retrieved,0,
report_a56bb2fe13ac,https://api.osf.io/v2/nodes/ts2mp/files/osfstorage/?page[size]=100,files,retrieved,1,
report_a73316183cbc,https://api.osf.io/v2/nodes/dhn6e/files/?page[size]=100,providers,retrieved,1,
report_a73316183cbc,https://api.osf.io/v2/nodes/dhn6e/children/?page[size]=100,children,retrieved,0,
report_a73316183cbc,https://api.osf.io/v2/nodes/dhn6e/files/osfstorage/?page[size]=100,files,retrieved,3,
report_aa6015a229e9,https://api.osf.io/v2/nodes/4mtga/files/?page[size]=100,providers,retrieved,1,
report_aa6015a229e9,https://api.osf.io/v2/nodes/4mtga/children/?page[size]=100,children,retrieved,0,
report_aa6015a229e9,https://api.osf.io/v2/nodes/4mtga/files/osfstorage/?page[size]=100,files,retrieved,1,
report_acee3855883d,https://api.osf.io/v2/nodes/av3mz/files/?page[size]=100,providers,retrieved,1,
report_acee3855883d,https://api.osf.io/v2/nodes/av3mz/children/?page[size]=100,children,retrieved,0,
report_acee3855883d,https://api.osf.io/v2/nodes/av3mz/files/osfstorage/?page[size]=100,files,retrieved,2,
report_adc462f785ab,https://api.osf.io/v2/nodes/nye3s/files/?page[size]=100,providers,retrieved,1,
report_adc462f785ab,https://api.osf.io/v2/nodes/nye3s/children/?page[size]=100,children,retrieved,0,
report_adc462f785ab,https://api.osf.io/v2/nodes/nye3s/files/osfstorage/?page[size]=100,files,retrieved,1,
report_ae3c337e2262,https://api.osf.io/v2/nodes/xqgru/files/?page[size]=100,providers,retrieved,1,
report_ae3c337e2262,https://api.osf.io/v2/nodes/xqgru/children/?page[size]=100,children,retrieved,0,
report_ae3c337e2262,https://api.osf.io/v2/nodes/xqgru/files/osfstorage/?page[size]=100,files,retrieved,1,
report_aefc27d5ae78,https://api.osf.io/v2/nodes/hg98m/files/?page[size]=100,providers,retrieved,1,
report_aefc27d5ae78,https://api.osf.io/v2/nodes/hg98m/children/?page[size]=100,children,retrieved,0,
report_aefc27d5ae78,https://api.osf.io/v2/nodes/hg98m/files/osfstorage/?page[size]=100,files,retrieved,1,
report_afa0fe28996c,https://api.osf.io/v2/nodes/2djcy/files/?page[size]=100,providers,retrieved,1,
report_afa0fe28996c,https://api.osf.io/v2/nodes/2djcy/children/?page[size]=100,children,retrieved,0,
report_afa0fe28996c,https://api.osf.io/v2/nodes/2djcy/files/osfstorage/?page[size]=100,files,retrieved,1,
report_b056c7640453,https://api.osf.io/v2/nodes/vjkyg/files/?page[size]=100,providers,retrieved,1,
report_b056c7640453,https://api.osf.io/v2/nodes/vjkyg/children/?page[size]=100,children,retrieved,0,
report_b056c7640453,https://api.osf.io/v2/nodes/vjkyg/files/osfstorage/?page[size]=100,files,retrieved,1,
report_b1242bc10d93,https://api.osf.io/v2/nodes/a5py6/files/?page[size]=100,providers,retrieved,1,
report_b1242bc10d93,https://api.osf.io/v2/nodes/a5py6/children/?page[size]=100,children,retrieved,0,
report_b1242bc10d93,https://api.osf.io/v2/nodes/a5py6/files/osfstorage/?page[size]=100,files,retrieved,1,
report_b26a6524eda1,https://api.osf.io/v2/nodes/jgksb/files/?page[size]=100,providers,retrieved,1,
report_b26a6524eda1,https://api.osf.io/v2/nodes/jgksb/children/?page[size]=100,children,retrieved,0,
report_b26a6524eda1,https://api.osf.io/v2/nodes/jgksb/files/osfstorage/?page[size]=100,files,retrieved,1,
report_b377cb06e96d,https://api.osf.io/v2/nodes/r6p98/files/?page[size]=100,providers,retrieved,1,
report_b377cb06e96d,https://api.osf.io/v2/nodes/r6p98/children/?page[size]=100,children,retrieved,0,
report_b377cb06e96d,https://api.osf.io/v2/nodes/r6p98/files/osfstorage/?page[size]=100,files,retrieved,1,
report_b38dbf8f76d0,https://api.osf.io/v2/nodes/w7vpu/files/?page[size]=100,providers,retrieved,1,
report_b38dbf8f76d0,https://api.osf.io/v2/nodes/w7vpu/children/?page[size]=100,children,retrieved,0,
report_b38dbf8f76d0,https://api.osf.io/v2/nodes/w7vpu/files/osfstorage/?page[size]=100,files,retrieved,9,
report_b38dbf8f76d0,https://api.osf.io/v2/nodes/w7vpu/files/osfstorage/65aa17439738190085396b5f/?page[size]=100,files,retrieved,2,
report_b38dbf8f76d0,https://api.osf.io/v2/nodes/w7vpu/files/osfstorage/688873b2c111269990256cf5/?page[size]=100,files,retrieved,6,
report_b38dbf8f76d0,https://api.osf.io/v2/nodes/w7vpu/files/osfstorage/6602c3a3d9031c00de039fc1/?page[size]=100,files,retrieved,17,
report_b38dbf8f76d0,https://api.osf.io/v2/nodes/w7vpu/files/osfstorage/6605711101fc9c0349316877/?page[size]=100,files,retrieved,14,
report_b38dbf8f76d0,https://api.osf.io/v2/nodes/w7vpu/files/osfstorage/689cb8eeccbc3121dd1f21f5/?page[size]=100,files,retrieved,17,
report_b38dbf8f76d0,https://api.osf.io/v2/nodes/w7vpu/files/osfstorage/66057284fe44ca02c32b6993/?page[size]=100,files,retrieved,34,
report_b41a30aeb61b,https://api.osf.io/v2/nodes/gexqa/files/?page[size]=100,providers,retrieved,1,
report_b41a30aeb61b,https://api.osf.io/v2/nodes/gexqa/children/?page[size]=100,children,retrieved,0,
report_b41a30aeb61b,https://api.osf.io/v2/nodes/gexqa/files/osfstorage/?page[size]=100,files,retrieved,2,
report_b42733a6a663,https://api.osf.io/v2/nodes/gqukr/files/?page[size]=100,providers,retrieved,1,
report_b42733a6a663,https://api.osf.io/v2/nodes/gqukr/children/?page[size]=100,children,retrieved,0,
report_b42733a6a663,https://api.osf.io/v2/nodes/gqukr/files/osfstorage/?page[size]=100,files,retrieved,1,
report_b55f7a2952ec,https://api.osf.io/v2/nodes/92pqk/files/?page[size]=100,providers,retrieved,1,
report_b55f7a2952ec,https://api.osf.io/v2/nodes/92pqk/children/?page[size]=100,children,retrieved,0,
report_b55f7a2952ec,https://api.osf.io/v2/nodes/92pqk/files/osfstorage/?page[size]=100,files,retrieved,3,
report_b5ee64de051f,https://api.osf.io/v2/nodes/qt7kr/files/?page[size]=100,providers,retrieved,1,
report_b5ee64de051f,https://api.osf.io/v2/nodes/qt7kr/children/?page[size]=100,children,retrieved,0,
report_b5ee64de051f,https://api.osf.io/v2/nodes/qt7kr/files/osfstorage/?page[size]=100,files,retrieved,1,
report_b600ae8b75e9,https://api.osf.io/v2/nodes/z5pjq/files/?page[size]=100,providers,retrieved,1,
report_b600ae8b75e9,https://api.osf.io/v2/nodes/z5pjq/children/?page[size]=100,children,retrieved,0,
report_b600ae8b75e9,https://api.osf.io/v2/nodes/z5pjq/files/osfstorage/?page[size]=100,files,retrieved,5,
report_b600ae8b75e9,https://api.osf.io/v2/nodes/z5pjq/files/osfstorage/6a83070f961a69b168e271e5/?page[size]=100,files,retrieved,4,
report_b6de6e872d53,https://api.osf.io/v2/nodes/nfvbg/files/?page[size]=100,providers,retrieved,1,
report_b6de6e872d53,https://api.osf.io/v2/nodes/nfvbg/children/?page[size]=100,children,retrieved,0,
report_b6de6e872d53,https://api.osf.io/v2/nodes/nfvbg/files/osfstorage/?page[size]=100,files,retrieved,3,
report_b71d6d4c41f4,https://api.osf.io/v2/nodes/vzpu2/files/?page[size]=100,providers,retrieved,1,
report_b71d6d4c41f4,https://api.osf.io/v2/nodes/vzpu2/children/?page[size]=100,children,retrieved,0,
report_b71d6d4c41f4,https://api.osf.io/v2/nodes/vzpu2/files/osfstorage/?page[size]=100,files,retrieved,2,
report_ba8b9fa7362c,https://api.osf.io/v2/nodes/kpm3d/files/?page[size]=100,providers,retrieved,1,
report_ba8b9fa7362c,https://api.osf.io/v2/nodes/kpm3d/children/?page[size]=100,children,retrieved,0,
report_ba8b9fa7362c,https://api.osf.io/v2/nodes/kpm3d/files/osfstorage/?page[size]=100,files,retrieved,1,
report_bdaec4a6ba60,https://api.osf.io/v2/nodes/bqz6w/files/?page[size]=100,providers,retrieved,1,
report_bdaec4a6ba60,https://api.osf.io/v2/nodes/bqz6w/children/?page[size]=100,children,retrieved,0,
report_bdaec4a6ba60,https://api.osf.io/v2/nodes/bqz6w/files/osfstorage/?page[size]=100,files,retrieved,1,
report_bdf26a445bbc,https://api.osf.io/v2/nodes/gdne3/files/?page[size]=100,providers,retrieved,1,
report_bdf26a445bbc,https://api.osf.io/v2/nodes/gdne3/children/?page[size]=100,children,retrieved,0,
report_bdf26a445bbc,https://api.osf.io/v2/nodes/gdne3/files/osfstorage/?page[size]=100,files,retrieved,1,
report_be97b2010c5d,https://api.osf.io/v2/nodes/wz6hc/files/?page[size]=100,providers,retrieved,1,
report_be97b2010c5d,https://api.osf.io/v2/nodes/wz6hc/children/?page[size]=100,children,retrieved,0,
report_be97b2010c5d,https://api.osf.io/v2/nodes/wz6hc/files/osfstorage/?page[size]=100,files,retrieved,1,
report_be9c14ba21ae,https://api.osf.io/v2/nodes/yf48r/files/?page[size]=100,providers,retrieved,1,
report_be9c14ba21ae,https://api.osf.io/v2/nodes/yf48r/children/?page[size]=100,children,retrieved,0,
report_be9c14ba21ae,https://api.osf.io/v2/nodes/yf48r/files/osfstorage/?page[size]=100,files,retrieved,3,
report_bfd18568d399,https://api.osf.io/v2/nodes/8jakx/files/?page[size]=100,providers,retrieved,1,
report_bfd18568d399,https://api.osf.io/v2/nodes/8jakx/children/?page[size]=100,children,retrieved,0,
report_bfd18568d399,https://api.osf.io/v2/nodes/8jakx/files/osfstorage/?page[size]=100,files,retrieved,1,
report_bffa1271e151,https://api.osf.io/v2/nodes/p8f7d/files/?page[size]=100,providers,retrieved,1,
report_bffa1271e151,https://api.osf.io/v2/nodes/p8f7d/children/?page[size]=100,children,retrieved,0,
report_bffa1271e151,https://api.osf.io/v2/nodes/p8f7d/files/osfstorage/?page[size]=100,files,retrieved,1,
report_c0c9f446a6ce,https://api.osf.io/v2/nodes/pzhgw/files/?page[size]=100,providers,retrieved,1,
report_c0c9f446a6ce,https://api.osf.io/v2/nodes/pzhgw/children/?page[size]=100,children,retrieved,0,
report_c0c9f446a6ce,https://api.osf.io/v2/nodes/pzhgw/files/osfstorage/?page[size]=100,files,retrieved,1,
report_c2baf1ad50bb,https://api.osf.io/v2/nodes/jakq7/files/?page[size]=100,providers,retrieved,1,
report_c2baf1ad50bb,https://api.osf.io/v2/nodes/jakq7/children/?page[size]=100,children,retrieved,0,
report_c2baf1ad50bb,https://api.osf.io/v2/nodes/jakq7/files/osfstorage/?page[size]=100,files,retrieved,1,
report_c44a94ff33b4,https://api.osf.io/v2/nodes/vwgxd/files/?page[size]=100,providers,retrieved,1,
report_c44a94ff33b4,https://api.osf.io/v2/nodes/vwgxd/children/?page[size]=100,children,retrieved,0,
report_c44a94ff33b4,https://api.osf.io/v2/nodes/vwgxd/files/osfstorage/?page[size]=100,files,retrieved,1,
report_c46a57bef27d,https://api.osf.io/v2/nodes/td79f/files/?page[size]=100,providers,retrieved,1,
report_c46a57bef27d,https://api.osf.io/v2/nodes/td79f/children/?page[size]=100,children,retrieved,0,
report_c46a57bef27d,https://api.osf.io/v2/nodes/td79f/files/osfstorage/?page[size]=100,files,retrieved,1,
report_c49f6fb5640e,https://api.osf.io/v2/nodes/5nrvu/files/?page[size]=100,providers,retrieved,1,
report_c49f6fb5640e,https://api.osf.io/v2/nodes/5nrvu/children/?page[size]=100,children,retrieved,0,
report_c49f6fb5640e,https://api.osf.io/v2/nodes/5nrvu/files/osfstorage/?page[size]=100,files,retrieved,1,
report_c4ed09f97dcb,https://api.osf.io/v2/nodes/t68dc/files/?page[size]=100,providers,retrieved,1,
report_c4ed09f97dcb,https://api.osf.io/v2/nodes/t68dc/children/?page[size]=100,children,retrieved,0,
report_c4ed09f97dcb,https://api.osf.io/v2/nodes/t68dc/files/osfstorage/?page[size]=100,files,retrieved,1,
report_c55c0ae82b1e,https://api.osf.io/v2/nodes/4kbna/files/?page[size]=100,providers,retrieved,1,
report_c55c0ae82b1e,https://api.osf.io/v2/nodes/4kbna/children/?page[size]=100,children,retrieved,0,
report_c55c0ae82b1e,https://api.osf.io/v2/nodes/4kbna/files/osfstorage/?page[size]=100,files,retrieved,3,
report_c5b0b5cd110b,https://api.osf.io/v2/nodes/s4et7/files/?page[size]=100,providers,retrieved,1,
report_c5b0b5cd110b,https://api.osf.io/v2/nodes/s4et7/children/?page[size]=100,children,retrieved,0,
report_c5b0b5cd110b,https://api.osf.io/v2/nodes/s4et7/files/osfstorage/?page[size]=100,files,retrieved,2,
report_c5ef8d58f571,https://api.osf.io/v2/nodes/axj5y/files/?page[size]=100,providers,retrieved,1,
report_c5ef8d58f571,https://api.osf.io/v2/nodes/axj5y/children/?page[size]=100,children,retrieved,0,
report_c5ef8d58f571,https://api.osf.io/v2/nodes/axj5y/files/osfstorage/?page[size]=100,files,retrieved,2,
report_c6dca261c36a,https://api.osf.io/v2/nodes/crkgs/files/?page[size]=100,providers,retrieved,1,
report_c6dca261c36a,https://api.osf.io/v2/nodes/crkgs/children/?page[size]=100,children,retrieved,0,
report_c6dca261c36a,https://api.osf.io/v2/nodes/crkgs/files/osfstorage/?page[size]=100,files,retrieved,2,
report_c7f2656f19f5,https://api.osf.io/v2/nodes/gkjqe/files/?page[size]=100,providers,retrieved,1,
report_c7f2656f19f5,https://api.osf.io/v2/nodes/gkjqe/children/?page[size]=100,children,retrieved,0,
report_c7f2656f19f5,https://api.osf.io/v2/nodes/gkjqe/files/osfstorage/?page[size]=100,files,retrieved,1,
report_c8481e245c47,https://api.osf.io/v2/nodes/5n3ds/files/?page[size]=100,providers,retrieved,1,
report_c8481e245c47,https://api.osf.io/v2/nodes/5n3ds/children/?page[size]=100,children,retrieved,0,
report_c8481e245c47,https://api.osf.io/v2/nodes/5n3ds/files/osfstorage/?page[size]=100,files,retrieved,4,
report_c8f2b1557cdf,https://api.osf.io/v2/nodes/ghkn9/files/?page[size]=100,providers,retrieved,1,
report_c8f2b1557cdf,https://api.osf.io/v2/nodes/ghkn9/children/?page[size]=100,children,retrieved,0,
report_c8f2b1557cdf,https://api.osf.io/v2/nodes/ghkn9/files/osfstorage/?page[size]=100,files,retrieved,1,
report_cb45594f8f09,https://api.osf.io/v2/nodes/qws2p/files/?page[size]=100,providers,retrieved,1,
report_cb45594f8f09,https://api.osf.io/v2/nodes/qws2p/children/?page[size]=100,children,retrieved,0,
report_cb45594f8f09,https://api.osf.io/v2/nodes/qws2p/files/osfstorage/?page[size]=100,files,retrieved,2,
report_cc97f2b93fc2,https://api.osf.io/v2/nodes/6mzpv/files/?page[size]=100,providers,retrieved,1,
report_cc97f2b93fc2,https://api.osf.io/v2/nodes/6mzpv/children/?page[size]=100,children,retrieved,0,
report_cc97f2b93fc2,https://api.osf.io/v2/nodes/6mzpv/files/osfstorage/?page[size]=100,files,retrieved,1,
report_cdcd099e5668,https://api.osf.io/v2/nodes/jubrh/files/?page[size]=100,providers,retrieved,1,
report_cdcd099e5668,https://api.osf.io/v2/nodes/jubrh/children/?page[size]=100,children,retrieved,0,
report_cdcd099e5668,https://api.osf.io/v2/nodes/jubrh/files/osfstorage/?page[size]=100,files,retrieved,2,
report_ce19a9f10a57,https://api.osf.io/v2/nodes/d5xu4/files/?page[size]=100,providers,retrieved,1,
report_ce19a9f10a57,https://api.osf.io/v2/nodes/d5xu4/children/?page[size]=100,children,retrieved,0,
report_ce19a9f10a57,https://api.osf.io/v2/nodes/d5xu4/files/osfstorage/?page[size]=100,files,retrieved,1,
report_ced363c4c8bc,https://api.osf.io/v2/nodes/db26h/files/?page[size]=100,providers,retrieved,1,
report_ced363c4c8bc,https://api.osf.io/v2/nodes/db26h/children/?page[size]=100,children,retrieved,0,
report_ced363c4c8bc,https://api.osf.io/v2/nodes/db26h/files/osfstorage/?page[size]=100,files,retrieved,2,
report_cef722f52f77,https://api.osf.io/v2/nodes/czkgw/files/?page[size]=100,providers,retrieved,1,
report_cef722f52f77,https://api.osf.io/v2/nodes/czkgw/children/?page[size]=100,children,retrieved,0,
report_cef722f52f77,https://api.osf.io/v2/nodes/czkgw/files/osfstorage/?page[size]=100,files,retrieved,2,
report_cfd8f82c70d7,https://api.osf.io/v2/nodes/auw49/files/?page[size]=100,providers,retrieved,1,
report_cfd8f82c70d7,https://api.osf.io/v2/nodes/auw49/children/?page[size]=100,children,retrieved,0,
report_cfd8f82c70d7,https://api.osf.io/v2/nodes/auw49/files/osfstorage/?page[size]=100,files,retrieved,1,
report_cff0211bb8e8,https://api.osf.io/v2/nodes/tek63/files/?page[size]=100,providers,retrieved,1,
report_cff0211bb8e8,https://api.osf.io/v2/nodes/tek63/children/?page[size]=100,children,retrieved,0,
report_cff0211bb8e8,https://api.osf.io/v2/nodes/tek63/files/osfstorage/?page[size]=100,files,retrieved,1,
report_cffb1b4be23b,https://api.osf.io/v2/nodes/w9nbm/files/?page[size]=100,providers,retrieved,1,
report_cffb1b4be23b,https://api.osf.io/v2/nodes/w9nbm/children/?page[size]=100,children,retrieved,0,
report_cffb1b4be23b,https://api.osf.io/v2/nodes/w9nbm/files/osfstorage/?page[size]=100,files,retrieved,2,
report_d02718db7129,https://api.osf.io/v2/nodes/rqc9p/files/?page[size]=100,providers,retrieved,1,
report_d02718db7129,https://api.osf.io/v2/nodes/rqc9p/children/?page[size]=100,children,retrieved,0,
report_d02718db7129,https://api.osf.io/v2/nodes/rqc9p/files/osfstorage/?page[size]=100,files,retrieved,2,
report_d06e7bd06a67,https://api.osf.io/v2/nodes/f9sdc/files/?page[size]=100,providers,retrieved,1,
report_d06e7bd06a67,https://api.osf.io/v2/nodes/f9sdc/children/?page[size]=100,children,retrieved,0,
report_d06e7bd06a67,https://api.osf.io/v2/nodes/f9sdc/files/osfstorage/?page[size]=100,files,retrieved,1,
report_d09a267d54fd,https://api.osf.io/v2/nodes/qzgu7/files/?page[size]=100,providers,retrieved,1,
report_d09a267d54fd,https://api.osf.io/v2/nodes/qzgu7/children/?page[size]=100,children,retrieved,0,
report_d09a267d54fd,https://api.osf.io/v2/nodes/qzgu7/files/osfstorage/?page[size]=100,files,retrieved,2,
report_d1dff71b45f4,https://api.osf.io/v2/nodes/792jx/files/?page[size]=100,providers,retrieved,1,
report_d1dff71b45f4,https://api.osf.io/v2/nodes/792jx/children/?page[size]=100,children,retrieved,0,
report_d1dff71b45f4,https://api.osf.io/v2/nodes/792jx/files/osfstorage/?page[size]=100,files,retrieved,1,
report_d20485341bfd,https://api.osf.io/v2/nodes/twmh9/files/?page[size]=100,providers,retrieved,1,
report_d20485341bfd,https://api.osf.io/v2/nodes/twmh9/children/?page[size]=100,children,retrieved,0,
report_d20485341bfd,https://api.osf.io/v2/nodes/twmh9/files/osfstorage/?page[size]=100,files,retrieved,2,
report_d31287601c51,https://api.osf.io/v2/nodes/x7g9z/files/?page[size]=100,providers,retrieved,1,
report_d31287601c51,https://api.osf.io/v2/nodes/x7g9z/children/?page[size]=100,children,retrieved,0,
report_d31287601c51,https://api.osf.io/v2/nodes/x7g9z/files/osfstorage/?page[size]=100,files,retrieved,2,
report_d587e96a9879,https://api.osf.io/v2/nodes/pxz42/files/?page[size]=100,providers,retrieved,1,
report_d587e96a9879,https://api.osf.io/v2/nodes/pxz42/children/?page[size]=100,children,retrieved,0,
report_d587e96a9879,https://api.osf.io/v2/nodes/pxz42/files/osfstorage/?page[size]=100,files,retrieved,1,
report_d5ca85edae17,https://api.osf.io/v2/nodes/zb73y/files/?page[size]=100,providers,retrieved,1,
report_d5ca85edae17,https://api.osf.io/v2/nodes/zb73y/children/?page[size]=100,children,retrieved,0,
report_d5ca85edae17,https://api.osf.io/v2/nodes/zb73y/files/osfstorage/?page[size]=100,files,retrieved,4,
report_d5f67b495034,https://api.osf.io/v2/nodes/g82fy/files/?page[size]=100,providers,retrieved,1,
report_d5f67b495034,https://api.osf.io/v2/nodes/g82fy/children/?page[size]=100,children,retrieved,0,
report_d5f67b495034,https://api.osf.io/v2/nodes/g82fy/files/osfstorage/?page[size]=100,files,retrieved,1,
report_d6df41f8f42c,https://api.osf.io/v2/nodes/s6neu/files/?page[size]=100,providers,retrieved,1,
report_d6df41f8f42c,https://api.osf.io/v2/nodes/s6neu/children/?page[size]=100,children,retrieved,0,
report_d6df41f8f42c,https://api.osf.io/v2/nodes/s6neu/files/osfstorage/?page[size]=100,files,retrieved,2,
report_d73130c4281a,https://api.osf.io/v2/nodes/gjm3c/files/?page[size]=100,providers,retrieved,1,
report_d73130c4281a,https://api.osf.io/v2/nodes/gjm3c/children/?page[size]=100,children,retrieved,0,
report_d73130c4281a,https://api.osf.io/v2/nodes/gjm3c/files/osfstorage/?page[size]=100,files,retrieved,1,
report_d7b86b942111,https://api.osf.io/v2/nodes/xf5w2/files/?page[size]=100,providers,retrieved,1,
report_d7b86b942111,https://api.osf.io/v2/nodes/xf5w2/children/?page[size]=100,children,retrieved,0,
report_d7b86b942111,https://api.osf.io/v2/nodes/xf5w2/files/osfstorage/?page[size]=100,files,retrieved,1,
report_d92c5a205682,https://api.osf.io/v2/nodes/q9vw7/files/?page[size]=100,providers,retrieved,1,
report_d92c5a205682,https://api.osf.io/v2/nodes/q9vw7/children/?page[size]=100,children,retrieved,0,
report_d92c5a205682,https://api.osf.io/v2/nodes/q9vw7/files/osfstorage/?page[size]=100,files,retrieved,3,
report_dc096d9a7b69,https://api.osf.io/v2/nodes/3pqbt/files/?page[size]=100,providers,retrieved,1,
report_dc096d9a7b69,https://api.osf.io/v2/nodes/3pqbt/children/?page[size]=100,children,retrieved,0,
report_dc096d9a7b69,https://api.osf.io/v2/nodes/3pqbt/files/osfstorage/?page[size]=100,files,retrieved,1,
report_dc10859bf227,https://api.osf.io/v2/nodes/6nhbu/files/?page[size]=100,providers,retrieved,1,
report_dc10859bf227,https://api.osf.io/v2/nodes/6nhbu/children/?page[size]=100,children,retrieved,0,
report_dc10859bf227,https://api.osf.io/v2/nodes/6nhbu/files/osfstorage/?page[size]=100,files,retrieved,1,
report_ddc4ef0fbe5d,https://api.osf.io/v2/nodes/6by24/files/?page[size]=100,providers,retrieved,1,
report_ddc4ef0fbe5d,https://api.osf.io/v2/nodes/6by24/children/?page[size]=100,children,retrieved,0,
report_ddc4ef0fbe5d,https://api.osf.io/v2/nodes/6by24/files/osfstorage/?page[size]=100,files,retrieved,2,
report_ddf1ed671493,https://api.osf.io/v2/nodes/d53bc/files/?page[size]=100,providers,retrieved,1,
report_ddf1ed671493,https://api.osf.io/v2/nodes/d53bc/children/?page[size]=100,children,retrieved,0,
report_ddf1ed671493,https://api.osf.io/v2/nodes/d53bc/files/osfstorage/?page[size]=100,files,retrieved,1,
report_de3dd9dea903,https://api.osf.io/v2/nodes/9muyk/files/?page[size]=100,providers,retrieved,1,
report_de3dd9dea903,https://api.osf.io/v2/nodes/9muyk/children/?page[size]=100,children,retrieved,0,
report_de3dd9dea903,https://api.osf.io/v2/nodes/9muyk/files/osfstorage/?page[size]=100,files,retrieved,2,
report_dea7bfe5a225,https://api.osf.io/v2/nodes/6vmpz/files/?page[size]=100,providers,retrieved,1,
report_dea7bfe5a225,https://api.osf.io/v2/nodes/6vmpz/children/?page[size]=100,children,retrieved,0,
report_dea7bfe5a225,https://api.osf.io/v2/nodes/6vmpz/files/osfstorage/?page[size]=100,files,retrieved,1,
report_dfcfb62a7a80,https://api.osf.io/v2/nodes/fq5vz/files/?page[size]=100,providers,retrieved,1,
report_dfcfb62a7a80,https://api.osf.io/v2/nodes/fq5vz/children/?page[size]=100,children,retrieved,0,
report_dfcfb62a7a80,https://api.osf.io/v2/nodes/fq5vz/files/osfstorage/?page[size]=100,files,retrieved,1,
report_e250d36949e9,https://api.osf.io/v2/nodes/vg2kt/files/?page[size]=100,providers,retrieved,1,
report_e250d36949e9,https://api.osf.io/v2/nodes/vg2kt/children/?page[size]=100,children,retrieved,0,
report_e250d36949e9,https://api.osf.io/v2/nodes/vg2kt/files/osfstorage/?page[size]=100,files,retrieved,2,
report_e40830f78b8d,https://api.osf.io/v2/nodes/a8kp5/files/?page[size]=100,providers,retrieved,1,
report_e40830f78b8d,https://api.osf.io/v2/nodes/a8kp5/children/?page[size]=100,children,retrieved,0,
report_e40830f78b8d,https://api.osf.io/v2/nodes/a8kp5/files/osfstorage/?page[size]=100,files,retrieved,1,
report_e493aff15e98,https://api.osf.io/v2/nodes/kv4pj/files/?page[size]=100,providers,retrieved,1,
report_e493aff15e98,https://api.osf.io/v2/nodes/kv4pj/children/?page[size]=100,children,retrieved,0,
report_e493aff15e98,https://api.osf.io/v2/nodes/kv4pj/files/osfstorage/?page[size]=100,files,retrieved,2,
report_e4f54b0dd964,https://api.osf.io/v2/nodes/y8ubt/files/?page[size]=100,providers,retrieved,1,
report_e4f54b0dd964,https://api.osf.io/v2/nodes/y8ubt/children/?page[size]=100,children,retrieved,0,
report_e4f54b0dd964,https://api.osf.io/v2/nodes/y8ubt/files/osfstorage/?page[size]=100,files,retrieved,5,
report_e5369beb10cf,https://api.osf.io/v2/nodes/c3k6f/files/?page[size]=100,providers,retrieved,1,
report_e5369beb10cf,https://api.osf.io/v2/nodes/c3k6f/children/?page[size]=100,children,retrieved,0,
report_e5369beb10cf,https://api.osf.io/v2/nodes/c3k6f/files/osfstorage/?page[size]=100,files,retrieved,5,
report_e5ae077f3448,https://api.osf.io/v2/nodes/rt48s/files/?page[size]=100,providers,retrieved,1,
report_e5ae077f3448,https://api.osf.io/v2/nodes/rt48s/children/?page[size]=100,children,retrieved,0,
report_e5ae077f3448,https://api.osf.io/v2/nodes/rt48s/files/osfstorage/?page[size]=100,files,retrieved,2,
report_e71897f8921a,https://api.osf.io/v2/nodes/728ud/files/?page[size]=100,providers,retrieved,1,
report_e71897f8921a,https://api.osf.io/v2/nodes/728ud/children/?page[size]=100,children,retrieved,0,
report_e71897f8921a,https://api.osf.io/v2/nodes/728ud/files/osfstorage/?page[size]=100,files,retrieved,2,
report_e8a4d40d8d58,https://api.osf.io/v2/nodes/7wjmy/files/?page[size]=100,providers,retrieved,1,
report_e8a4d40d8d58,https://api.osf.io/v2/nodes/7wjmy/children/?page[size]=100,children,retrieved,0,
report_e8a4d40d8d58,https://api.osf.io/v2/nodes/7wjmy/files/osfstorage/?page[size]=100,files,retrieved,2,
report_ea9c2b0ff092,https://api.osf.io/v2/nodes/2d5hv/files/?page[size]=100,providers,retrieved,1,
report_ea9c2b0ff092,https://api.osf.io/v2/nodes/2d5hv/children/?page[size]=100,children,retrieved,0,
report_ea9c2b0ff092,https://api.osf.io/v2/nodes/2d5hv/files/osfstorage/?page[size]=100,files,retrieved,1,
report_ec78c1f06296,https://api.osf.io/v2/nodes/w7vpu/files/?page[size]=100,providers,retrieved,1,
report_ec78c1f06296,https://api.osf.io/v2/nodes/w7vpu/children/?page[size]=100,children,retrieved,0,
report_ec78c1f06296,https://api.osf.io/v2/nodes/w7vpu/files/osfstorage/?page[size]=100,files,retrieved,9,
report_ec78c1f06296,https://api.osf.io/v2/nodes/w7vpu/files/osfstorage/65aa17439738190085396b5f/?page[size]=100,files,retrieved,2,
report_ec78c1f06296,https://api.osf.io/v2/nodes/w7vpu/files/osfstorage/688873b2c111269990256cf5/?page[size]=100,files,retrieved,6,
report_ec78c1f06296,https://api.osf.io/v2/nodes/w7vpu/files/osfstorage/6602c3a3d9031c00de039fc1/?page[size]=100,files,retrieved,17,
report_ec78c1f06296,https://api.osf.io/v2/nodes/w7vpu/files/osfstorage/6605711101fc9c0349316877/?page[size]=100,files,retrieved,14,
report_ec78c1f06296,https://api.osf.io/v2/nodes/w7vpu/files/osfstorage/689cb8eeccbc3121dd1f21f5/?page[size]=100,files,retrieved,17,
report_ec78c1f06296,https://api.osf.io/v2/nodes/w7vpu/files/osfstorage/66057284fe44ca02c32b6993/?page[size]=100,files,retrieved,34,
report_ec7dbde1767c,https://api.osf.io/v2/nodes/bn65z/files/?page[size]=100,providers,retrieved,1,
report_ec7dbde1767c,https://api.osf.io/v2/nodes/bn65z/children/?page[size]=100,children,retrieved,0,
report_ec7dbde1767c,https://api.osf.io/v2/nodes/bn65z/files/osfstorage/?page[size]=100,files,retrieved,1,
report_ec8d68edcc23,https://api.osf.io/v2/nodes/d7s9u/files/?page[size]=100,providers,retrieved,1,
report_ec8d68edcc23,https://api.osf.io/v2/nodes/d7s9u/children/?page[size]=100,children,retrieved,0,
report_ec8d68edcc23,https://api.osf.io/v2/nodes/d7s9u/files/osfstorage/?page[size]=100,files,retrieved,1,
report_ed2409828557,https://api.osf.io/v2/nodes/pyjmc/files/?page[size]=100,providers,retrieved,1,
report_ed2409828557,https://api.osf.io/v2/nodes/pyjmc/children/?page[size]=100,children,retrieved,0,
report_ed2409828557,https://api.osf.io/v2/nodes/pyjmc/files/osfstorage/?page[size]=100,files,retrieved,1,
report_ed6b80f144ed,https://api.osf.io/v2/nodes/7y9cf/files/?page[size]=100,providers,retrieved,1,
report_ed6b80f144ed,https://api.osf.io/v2/nodes/7y9cf/children/?page[size]=100,children,retrieved,0,
report_ed6b80f144ed,https://api.osf.io/v2/nodes/7y9cf/files/osfstorage/?page[size]=100,files,retrieved,4,
report_ee1c0db6337d,https://api.osf.io/v2/nodes/qhbmp/files/?page[size]=100,providers,retrieved,1,
report_ee1c0db6337d,https://api.osf.io/v2/nodes/qhbmp/children/?page[size]=100,children,retrieved,0,
report_ee1c0db6337d,https://api.osf.io/v2/nodes/qhbmp/files/osfstorage/?page[size]=100,files,retrieved,1,
report_ee21fd8d8139,https://api.osf.io/v2/nodes/hbpcs/files/?page[size]=100,providers,retrieved,1,
report_ee21fd8d8139,https://api.osf.io/v2/nodes/hbpcs/children/?page[size]=100,children,retrieved,0,
report_ee21fd8d8139,https://api.osf.io/v2/nodes/hbpcs/files/osfstorage/?page[size]=100,files,retrieved,1,
report_ee38b5cf0c36,https://api.osf.io/v2/nodes/fwzbg/files/?page[size]=100,providers,retrieved,1,
report_ee38b5cf0c36,https://api.osf.io/v2/nodes/fwzbg/children/?page[size]=100,children,retrieved,0,
report_ee38b5cf0c36,https://api.osf.io/v2/nodes/fwzbg/files/osfstorage/?page[size]=100,files,retrieved,1,
report_ee6fa60a20bd,https://api.osf.io/v2/nodes/vcsfj/files/?page[size]=100,providers,retrieved,1,
report_ee6fa60a20bd,https://api.osf.io/v2/nodes/vcsfj/children/?page[size]=100,children,retrieved,0,
report_ee6fa60a20bd,https://api.osf.io/v2/nodes/vcsfj/files/osfstorage/?page[size]=100,files,retrieved,1,
report_ee9729d69397,https://api.osf.io/v2/nodes/j85gb/files/?page[size]=100,providers,retrieved,1,
report_ee9729d69397,https://api.osf.io/v2/nodes/j85gb/children/?page[size]=100,children,retrieved,0,
report_ee9729d69397,https://api.osf.io/v2/nodes/j85gb/files/osfstorage/?page[size]=100,files,retrieved,1,
report_f65390241feb,https://api.osf.io/v2/nodes/qnbfa/files/?page[size]=100,providers,retrieved,1,
report_f65390241feb,https://api.osf.io/v2/nodes/qnbfa/children/?page[size]=100,children,retrieved,0,
report_f65390241feb,https://api.osf.io/v2/nodes/qnbfa/files/osfstorage/?page[size]=100,files,retrieved,1,
report_f6b9ffef58cb,https://api.osf.io/v2/nodes/j5rge/files/?page[size]=100,providers,retrieved,1,
report_f6b9ffef58cb,https://api.osf.io/v2/nodes/j5rge/children/?page[size]=100,children,retrieved,0,
report_f6b9ffef58cb,https://api.osf.io/v2/nodes/j5rge/files/osfstorage/?page[size]=100,files,retrieved,2,
report_f7e5230b8c75,https://api.osf.io/v2/nodes/ecymu/files/?page[size]=100,providers,retrieved,1,
report_f7e5230b8c75,https://api.osf.io/v2/nodes/ecymu/children/?page[size]=100,children,retrieved,0,
report_f7e5230b8c75,https://api.osf.io/v2/nodes/ecymu/files/osfstorage/?page[size]=100,files,retrieved,1,
report_f7f8e5b7ec44,https://api.osf.io/v2/nodes/jgksb/files/?page[size]=100,providers,retrieved,1,
report_f7f8e5b7ec44,https://api.osf.io/v2/nodes/jgksb/children/?page[size]=100,children,retrieved,0,
report_f7f8e5b7ec44,https://api.osf.io/v2/nodes/jgksb/files/osfstorage/?page[size]=100,files,retrieved,1,
report_f8f4a01aaac4,https://api.osf.io/v2/nodes/gj7v3/files/?page[size]=100,providers,retrieved,1,
report_f8f4a01aaac4,https://api.osf.io/v2/nodes/gj7v3/children/?page[size]=100,children,retrieved,0,
report_f8f4a01aaac4,https://api.osf.io/v2/nodes/gj7v3/files/osfstorage/?page[size]=100,files,retrieved,2,
report_f9082a063d37,https://api.osf.io/v2/nodes/xph7u/files/?page[size]=100,providers,retrieved,1,
report_f9082a063d37,https://api.osf.io/v2/nodes/xph7u/children/?page[size]=100,children,retrieved,0,
report_f9082a063d37,https://api.osf.io/v2/nodes/xph7u/files/osfstorage/?page[size]=100,files,retrieved,2,
report_f92779f10701,https://api.osf.io/v2/nodes/jeskd/files/?page[size]=100,providers,retrieved,1,
report_f92779f10701,https://api.osf.io/v2/nodes/jeskd/children/?page[size]=100,children,retrieved,0,
report_f92779f10701,https://api.osf.io/v2/nodes/jeskd/files/osfstorage/?page[size]=100,files,retrieved,2,
report_fd4ca10d5639,https://api.osf.io/v2/nodes/s59j2/files/?page[size]=100,providers,retrieved,1,
report_fd4ca10d5639,https://api.osf.io/v2/nodes/s59j2/children/?page[size]=100,children,retrieved,0,
report_fd4ca10d5639,https://api.osf.io/v2/nodes/s59j2/files/osfstorage/?page[size]=100,files,retrieved,1,
report_ff0cd29c98e7,https://api.osf.io/v2/nodes/rn8t7/files/?page[size]=100,providers,retrieved,1,
report_ff0cd29c98e7,https://api.osf.io/v2/nodes/rn8t7/children/?page[size]=100,children,retrieved,0,
report_ff0cd29c98e7,https://api.osf.io/v2/nodes/rn8t7/files/osfstorage/?page[size]=100,files,retrieved,1,
report_ffebba29c24d,https://api.osf.io/v2/nodes/pndmb/files/?page[size]=100,providers,retrieved,1,
report_ffebba29c24d,https://api.osf.io/v2/nodes/pndmb/children/?page[size]=100,children,retrieved,0,
report_ffebba29c24d,https://api.osf.io/v2/nodes/pndmb/files/osfstorage/?page[size]=100,files,retrieved,5,
