source_id,document_id,name,url,format,created_at,modified_at,date_meaning
report_0ed9bf5f9a71,report_0ed9bf5f9a71_65ca24989b32ca106997ee5b,Cordova&Kras_Replication_april23.zip,https://osf.io/download/9jyhx/,zip,2024-02-12T14:00:56.228989Z,2024-02-12T14:00:56.228989,Repository upload/modification; not established public disclosure
report_0f0b51d3c83d,report_0f0b51d3c83d_65c7b7c31a30ef0ea7c34150,replication package.zip,https://osf.io/download/d72r5/,zip,2024-02-10T17:52:03.905719Z,2024-02-10T17:52:03.905719,Repository upload/modification; not established public disclosure
report_25fa9c5ebab8,report_25fa9c5ebab8_65e21f1fb9c7e5010184f107,BriggsBergeronDonnellyGalipeau.zip,https://osf.io/download/mtxp6/,zip,2024-03-01T18:31:59.734011Z,2024-03-01T18:31:59.734011,Repository upload/modification; not established public disclosure
report_2713d65ee366,report_2713d65ee366_65c6848b3280d80d71a3a9de,Williams_2022_replication.do,https://osf.io/download/2b768/,do,2024-02-09T20:01:16.092832Z,2024-02-09T20:01:16.092832,Repository upload/modification; not established public disclosure
report_2713d65ee366,report_2713d65ee366_65c6848435be200e01a4feab,maindata.dta,https://osf.io/download/dv62c/,dta,2024-02-09T20:01:08.317225Z,2024-02-09T20:01:08.317225,Repository upload/modification; not established public disclosure
report_3c6fd10f4bb2,report_3c6fd10f4bb2_65f09f118992ec0e5f7886da,Code Replication Game Alesina et al.zip,https://osf.io/download/rs5wp/,zip,2024-03-12T18:29:37.885017Z,2024-03-12T18:29:37.885017,Repository upload/modification; not established public disclosure
report_3d17a45b05e8,report_3d17a45b05e8_6a329b55eb896e778ff36066,Reproduction_report,https://osf.io/download/f6tvq/,,2026-06-17T13:04:21.207446Z,2026-06-17T13:04:21.207446,Repository upload/modification; not established public disclosure
report_3d17a45b05e8,report_3d17a45b05e8_6a329aaf26d860ed18945251,Authors_response,https://osf.io/download/7zxhv/,,2026-06-17T13:01:35.506491Z,2026-06-17T13:01:35.506491,Repository upload/modification; not established public disclosure
report_53da140009b8,report_53da140009b8_65c7b956435c450e25da74bd,rep package.zip,https://osf.io/download/mnzj8/,zip,2024-02-10T17:58:46.551872Z,2024-02-10T17:58:46.551872,Repository upload/modification; not established public disclosure
report_54760f3ce87e,report_54760f3ce87e_65e4b992e5e51c00febc556a,Hartley Olson 2023 Replication of Figueiredo 2022 .zip,https://osf.io/download/dnhya/,zip,2024-03-03T17:55:30.779673Z,2024-03-03T17:55:30.779673,Repository upload/modification; not established public disclosure
report_58dfe8b66caa,report_58dfe8b66caa_65e4b8dd719c06010bd49acf,all_results.do,https://osf.io/download/pxb6t/,do,2024-03-03T17:52:29.531309Z,2024-03-03T17:52:29.531309,Repository upload/modification; not established public disclosure
report_5f95f3c12b64,report_5f95f3c12b64_65dcbdc14e602e04b040f979,replication replication package.zip,https://osf.io/download/c27zf/,zip,2024-02-26T16:35:13.940267Z,2024-02-26T16:35:13.940267,Repository upload/modification; not established public disclosure
report_670b1936f654,report_670b1936f654_65e22b5e761fb200f8ab0aa6,Laffitte and Toubal Replication Package.zip,https://osf.io/download/y7tf6/,zip,2024-03-01T19:24:14.657901Z,2024-03-01T19:24:14.657901,Repository upload/modification; not established public disclosure
report_8290e13f6cb7,report_8290e13f6cb7_65e22d4c1f01810107cc8e99,archive_20230827_111655.zip,https://osf.io/download/eadn2/,zip,2024-03-01T19:32:28.970453Z,2024-03-01T19:32:28.970453,Repository upload/modification; not established public disclosure
report_83421b0452f2,report_83421b0452f2_65ef0f034dfd8c0c0327fb4a,Comment on Finance and Green Growth_Replication.zip,https://osf.io/download/phgwm/,zip,2024-03-11T14:02:43.358470Z,2024-03-11T14:02:43.358470,Repository upload/modification; not established public disclosure
report_88c31d5e4579,report_88c31d5e4579_65e4bae98992ec00fb788c5a,Reproduction_Baron(2022).zip,https://osf.io/download/4ap9u/,zip,2024-03-03T18:01:13.952947Z,2024-03-03T18:01:13.952947,Repository upload/modification; not established public disclosure
report_97b9dbb928b5,report_97b9dbb928b5_65ca86c4435c451026da73fd,Goni_replication.do,https://osf.io/download/3f2va/,do,2024-02-12T20:59:48.241299Z,2024-02-12T20:59:48.241299,Repository upload/modification; not established public disclosure
report_9cca1f42f9f8,report_9cca1f42f9f8_65e1e873b9c7e500d584f3c0,Barschkett_et_all_ReplicationPackage.zip,https://osf.io/download/kve82/,zip,2024-03-01T14:38:43.157874Z,2024-03-01T14:38:43.157874,Repository upload/modification; not established public disclosure
report_a47e663f344f,report_a47e663f344f_65ef0cebe5e51c0c71bc556a,Beliefs_Wage_Gap_DoFiles.zip,https://osf.io/download/udvs4/,zip,2024-03-11T13:53:47.780621Z,2024-03-11T13:53:47.780621,Repository upload/modification; not established public disclosure
report_a8d7c4d1da61,report_a8d7c4d1da61_65ef37ab4dfd8c0c5427f99e,Main.R,https://osf.io/download/e7uy3/,r,2024-03-11T16:56:11.378550Z,2024-03-11T16:56:11.378550,Repository upload/modification; not established public disclosure
report_ac792d25b85b,report_ac792d25b85b_65db8dea0d9acb0347c2ea0b,replication package.zip,https://osf.io/download/dc8w7/,zip,2024-02-25T18:58:50.825882Z,2024-02-25T18:58:50.825882,Repository upload/modification; not established public disclosure
report_b5c8e11ef2cb,report_b5c8e11ef2cb_65e1e3fb40bb8000dacfcc9c,RepCode.R,https://osf.io/download/ufqpw/,r,2024-03-01T14:19:40.076515Z,2024-03-01T14:19:40.076515,Repository upload/modification; not established public disclosure
report_bd6d70080f15,report_bd6d70080f15_67811e48ed18443f47b0685b,asicc2009_mod.csv,https://osf.io/download/wu526/,csv,2025-01-10T13:19:04.782018Z,2025-01-10T13:19:04.782018,Repository upload/modification; not established public disclosure
report_c3ea52003ae3,report_c3ea52003ae3_65cac4633280d81032a3ae64,replication_common_probability_auction_puzzle.zip,https://osf.io/download/ptzxy/,zip,2024-02-13T01:22:43.508661Z,2024-02-13T01:22:43.508661,Repository upload/modification; not established public disclosure
report_ca5fa450fb83,report_ca5fa450fb83_65ef3cb7e5e51c0ccabc5cfa,replication_re.R,https://osf.io/download/3e2kq/,r,2024-03-11T17:17:44.084602Z,2024-03-11T17:17:44.084602,Repository upload/modification; not established public disclosure
report_cc7ce2d4ecb8,report_cc7ce2d4ecb8_65e8d8028992ec068f788b53,replication_package_AB_IG_code_only.zip,https://osf.io/download/w5t73/,zip,2024-03-06T20:54:26.212659Z,2024-03-06T20:54:26.212659,Repository upload/modification; not established public disclosure
report_cc7ce2d4ecb8,report_cc7ce2d4ecb8_65e8d8084dfd8c066627f81c,replication_package_AB_IG_v2.zip,https://osf.io/download/yajbn/,zip,2024-03-06T20:54:32.252340Z,2024-03-06T20:54:32.252340,Repository upload/modification; not established public disclosure
report_e19ed9fa8b88,report_e19ed9fa8b88_65c915d19b32ca0f9897f457,brahmin_replication.zip,https://osf.io/download/4z6n9/,zip,2024-02-11T18:45:37.979379Z,2024-02-11T18:45:37.979379,Repository upload/modification; not established public disclosure
report_e7a4f728faa3,report_e7a4f728faa3_6a32dc0e96f7f258d6f35fea,Replication_report,https://osf.io/download/2fqys/,,2026-06-17T17:40:30.585596Z,2026-06-17T17:40:30.585596,Repository upload/modification; not established public disclosure
report_e7a4f728faa3,report_e7a4f728faa3_6a32dcac4d81c53abef35fb0,Response_replication,https://osf.io/download/6a32dcac4d81c53abef35fb0/,,2026-06-17T17:43:08.210384Z,2026-06-17T17:43:08.210384,Repository upload/modification; not established public disclosure
report_e7a4f728faa3,report_e7a4f728faa3_6818fd6320bff64c881596bc,Reproduction_comment,https://osf.io/download/nk7ex/,,2025-05-05T18:03:15.655377Z,2025-05-05T18:03:15.655377,Repository upload/modification; not established public disclosure
report_e7a4f728faa3,report_e7a4f728faa3_6818fd4820bff64c881596b9,Response_to_reproduction_comment,https://osf.io/download/tjw69/,,2025-05-05T18:02:48.420754Z,2025-05-05T18:02:48.420754,Repository upload/modification; not established public disclosure
report_ea555dc8c7a7,report_ea555dc8c7a7_65e2233cb9c7e5010184f404,2_replication models.do,https://osf.io/download/qgrbv/,do,2024-03-01T18:49:32.781229Z,2024-03-01T18:49:32.781229,Repository upload/modification; not established public disclosure
report_ea555dc8c7a7,report_ea555dc8c7a7_65e22339c2c66f00eefb1ffd,1_read_data.do,https://osf.io/download/u96bd/,do,2024-03-01T18:49:30.055714Z,2024-03-01T18:49:30.055714,Repository upload/modification; not established public disclosure
report_ea555dc8c7a7,report_ea555dc8c7a7_65e22343c2c66f00e8fb2b3a,Replication_code_R.R,https://osf.io/download/7k6rq/,r,2024-03-01T18:49:39.366840Z,2024-03-01T18:49:39.366840,Repository upload/modification; not established public disclosure
report_ea8ed203c778,report_ea8ed203c778_65f09e7b8520370e4c880212,talking_shops-final.R,https://osf.io/download/yan7j/,r,2024-03-12T18:27:07.655490Z,2024-03-12T18:27:07.655490,Repository upload/modification; not established public disclosure
report_ed15002db08e,report_ed15002db08e_65ef0588e5e51c0c65bc5413,kertzer_replication.zip,https://osf.io/download/v5z87/,zip,2024-03-11T13:22:16.754109Z,2024-03-11T13:22:16.754109,Repository upload/modification; not established public disclosure
report_ef395cda5e19,report_ef395cda5e19_65ca850d435c45101ada7595,Replication package- Baxa et al.zip,https://osf.io/download/cezxr/,zip,2024-02-12T20:52:29.614597Z,2024-02-12T20:52:29.614597,Repository upload/modification; not established public disclosure
report_013c1e38ca22,report_013c1e38ca22_65ef0eab4dfd8c0bf927f5f7,Files for Replication.zip,https://osf.io/download/unbsd/,zip,2024-03-11T14:01:16.028528Z,2024-03-11T14:01:16.028528,Repository upload/modification; not established public disclosure
report_013c1e38ca22,report_013c1e38ca22_6596ff747094e97c98a174d1,Replication_ABL2022.pdf,https://osf.io/download/gzt6x/,pdf,2024-01-04T18:56:52.840128Z,2024-01-04T18:56:52.840128,Repository upload/modification; not established public disclosure
report_01d3b0f74ad3,report_01d3b0f74ad3_6a90376b651270faac92febb,progressa-report.pdf,https://osf.io/download/5anh6/,pdf,2026-08-27T13:11:07.851074Z,2026-08-27T13:11:07.851074,Repository upload/modification; not established public disclosure
report_01d3b0f74ad3,report_01d3b0f74ad3_6a903771c56215332628be6a,progressa-report2.pdf,https://osf.io/download/u7njt/,pdf,2026-08-27T13:11:13.376659Z,2026-08-27T13:11:13.376659,Repository upload/modification; not established public disclosure
report_031bce2940e1,report_031bce2940e1_6a7b5f2934bc5b78cb12d374,Report_LikeMe.pdf,https://osf.io/download/af2ks/,pdf,2026-08-11T17:43:05.896741Z,2026-08-11T17:43:05.896741,Repository upload/modification; not established public disclosure
report_03263d6ee814,report_03263d6ee814_6a79ccb1cadf7b040509e438,Reproduction Report.pdf,https://osf.io/download/cemvj/,pdf,2026-08-10T13:05:53.990670Z,2026-08-10T13:05:53.990670,Repository upload/modification; not established public disclosure
report_034f3cfa5895,report_034f3cfa5895_6a7b53f73b96cbbfae6a5b48,I4R_Replication revised.pdf,https://osf.io/download/ycqgp/,pdf,2026-08-11T16:55:19.812032Z,2026-08-11T16:55:19.812032,Repository upload/modification; not established public disclosure
report_034f3cfa5895,report_034f3cfa5895_6a7b53fc3e351d0c116a5a8d,replication code complete.R,https://osf.io/download/m68be/,r,2026-08-11T16:55:24.051586Z,2026-08-11T16:55:24.051586,Repository upload/modification; not established public disclosure
report_03ac432e2012,report_03ac432e2012_6a91a958526d18e55f136634,response.pdf,https://osf.io/download/6a91a958526d18e55f136634/,pdf,2026-08-28T15:29:28.059456Z,2026-08-28T15:29:28.059456,Repository upload/modification; not established public disclosure
report_03ac432e2012,report_03ac432e2012_6a91a92bb48b155f58d722aa,Replication Games Report.pdf,https://osf.io/download/umygp/,pdf,2026-08-28T15:28:43.391076Z,2026-08-28T15:28:43.391076,Repository upload/modification; not established public disclosure
report_03df53dc216f,report_03df53dc216f_65e4b9fe719c06010cd49b46,Reproduction stata and R codes.pdf,https://osf.io/download/fnyk3/,pdf,2024-03-03T17:57:19.038376Z,2024-03-03T17:57:19.038376,Repository upload/modification; not established public disclosure
report_03df53dc216f,report_03df53dc216f_657a379a5190bf01bae75ad0,aircraft-replication-response.pdf,https://osf.io/download/m3v7h/,pdf,2023-12-13T23:00:42.772935Z,2023-12-13T23:00:42.772935,Repository upload/modification; not established public disclosure
report_03df53dc216f,report_03df53dc216f_657a37b85190bf01bee75ba8,Report_revised_12062023 (revision 2).pdf,https://osf.io/download/6qrtb/,pdf,2023-12-13T23:01:12.450978Z,2023-12-13T23:01:12.450978,Repository upload/modification; not established public disclosure
report_0425a20fb3e7,report_0425a20fb3e7_6a7f1f4f0ee6a1e5000021a0,Replication Report NHB (Fact-checker warning labels).pdf,https://osf.io/download/6a7f1f4f0ee6a1e5000021a0/,pdf,2026-08-14T13:59:43.904594Z,2026-08-14T13:59:43.904594,Repository upload/modification; not established public disclosure
report_04ef61718bc9,report_04ef61718bc9_69ca9e9c2c0d55b10a2592e3,Replication_Lasser2023_BrummernhenrichFeistauerEickmannVaporova2026 after author response.pdf,https://osf.io/download/69ca9e9c2c0d55b10a2592e3/,pdf,2026-03-30T16:02:36.283675Z,2026-03-30T16:02:36.283675,Repository upload/modification; not established public disclosure
report_04ef61718bc9,report_04ef61718bc9_69ca9e9eb531089b68639709,response_to_replication_report_lasser2023.pdf,https://osf.io/download/69ca9e9eb531089b68639709/,pdf,2026-03-30T16:02:38.431803Z,2026-03-30T16:02:38.431803,Repository upload/modification; not established public disclosure
report_077fcead2bdd,report_077fcead2bdd_6a91bc21cffcb545a2136640,Comment on Gone with the Wind The Consequences of US Drone Strikes in Pakistan.pdf,https://osf.io/download/7mq3z/,pdf,2026-08-28T16:49:37.067769Z,2026-08-28T16:49:37.067769,Repository upload/modification; not established public disclosure
report_07d5d343c603,report_07d5d343c603_6807615e4f254e89a1b7d2da,PAP w addendum.pdf,https://osf.io/download/zyqdb/,pdf,2025-04-22T09:29:02.775413Z,2025-04-22T09:29:02.775413,Repository upload/modification; not established public disclosure
report_07d5d343c603,report_07d5d343c603_689d88ee1a4a962e981f201b,Referee Report Full Data.xlsx,https://osf.io/download/qj3fc/,xlsx,2025-08-14T06:57:50.888388Z,2025-08-14T06:57:50.888388,Repository upload/modification; not established public disclosure
report_07d5d343c603,report_07d5d343c603_649c947567aff80dfaedfdba,AER Robustness Survey PAP.pdf,https://osf.io/download/t4nfm/,pdf,2023-06-28T20:13:41.708342Z,2023-06-28T20:13:41.708342,Repository upload/modification; not established public disclosure
report_07d5d343c603,report_07d5d343c603_67408cf48d42fcc5f496c79d,PAP reviewing reports.pdf,https://osf.io/download/tzk2a/,pdf,2024-11-22T13:53:56.861031Z,2024-11-22T13:53:56.861031,Repository upload/modification; not established public disclosure
report_07d5d343c603,report_07d5d343c603_65aa175399d0100080626a10,AER_Robustness_survey.qsf,https://osf.io/download/bzvru/,qsf,2024-01-19T06:31:47.259855Z,2024-01-19T06:31:47.259855,Repository upload/modification; not established public disclosure
report_07d5d343c603,report_07d5d343c603_65aa1753ebe5e60092f5e7a1,Qualtrics Survey.pdf,https://osf.io/download/gnrqb/,pdf,2024-01-19T06:31:47.237320Z,2024-01-19T06:31:47.237320,Repository upload/modification; not established public disclosure
report_07d5d343c603,report_07d5d343c603_688873c853738286562341be,Convex_supply_Response_Institute_for_Replication.pdf,https://osf.io/download/uev65/,pdf,2025-07-29T07:10:00.382149Z,2025-07-29T07:10:00.382149,Repository upload/modification; not established public disclosure
report_07d5d343c603,report_07d5d343c603_688873cc45ec217577e7cc18,Partisanship and Fiscal Policy in Economic Unions Evidence from US States.pdf,https://osf.io/download/jfv9h/,pdf,2025-07-29T07:10:04.244503Z,2025-07-29T07:10:04.244503,Repository upload/modification; not established public disclosure
report_07d5d343c603,report_07d5d343c603_688873c9c093c96d1c256d5e,AMV_IfR_Reply.pdf,https://osf.io/download/nb6fp/,pdf,2025-07-29T07:10:01.188977Z,2025-07-29T07:10:01.188977,Repository upload/modification; not established public disclosure
report_07d5d343c603,report_07d5d343c603_688873fc307d62b882234157,Persuasion through Slanted Language Evidence from the Media Coverage of Immigration[91].pdf,https://osf.io/download/d3n9g/,pdf,2025-07-29T07:10:52.897285Z,2025-07-29T07:10:52.897285,Repository upload/modification; not established public disclosure
report_07d5d343c603,report_07d5d343c603_688873cbf17815c6db2340e4,Going to a Better School Effects and Behavioral Responses.pdf,https://osf.io/download/t6se8/,pdf,2025-07-29T07:10:03.286182Z,2025-07-29T07:10:03.286182,Repository upload/modification; not established public disclosure
report_07d5d343c603,report_07d5d343c603_688a56d976f3876855a23ec0,"Interaction, Stereotypes, and Performance Evidence from South Africa.pdf",https://osf.io/download/nwe9u/,pdf,2025-07-30T17:31:05.740447Z,2025-07-30T17:31:05.740447,Repository upload/modification; not established public disclosure
report_07d5d343c603,report_07d5d343c603_6602ddb3a8fcbc010736e6ca,retail-pharmacies-Mar25.pdf,https://osf.io/download/k7g5p/,pdf,2024-03-26T14:37:39.694296Z,2024-03-26T14:37:39.694296,Repository upload/modification; not established public disclosure
report_07d5d343c603,report_07d5d343c603_6602ddacc9e09000ebbde57e,going-to-a-better-school-Feb3.pdf,https://osf.io/download/n7r9z/,pdf,2024-03-26T14:37:32.473160Z,2024-03-26T14:37:32.473160,Repository upload/modification; not established public disclosure
report_07d5d343c603,report_07d5d343c603_688a572fce90943bc92341d3,SelfEnforcingTradeAgreements_Robustness_July26.pdf,https://osf.io/download/e6zvc/,pdf,2025-07-30T17:32:31.069644Z,2025-07-30T17:32:31.069644,Repository upload/modification; not established public disclosure
report_07d5d343c603,report_07d5d343c603_6602ddacb3a1e300ec7dfa01,Innovation-and-Institutional-Ownership-Mar25.pdf,https://osf.io/download/qz5g6/,pdf,2024-03-26T14:37:32.956311Z,2024-03-26T14:37:32.956311,Repository upload/modification; not established public disclosure
report_07d5d343c603,report_07d5d343c603_6602ddb4c9e09000ebbde58b,vulnerability-and-clientelism-Feb3.pdf,https://osf.io/download/j64at/,pdf,2024-03-26T14:37:40.095085Z,2024-03-26T14:37:40.095085,Repository upload/modification; not established public disclosure
report_07d5d343c603,report_07d5d343c603_6602ddabb3a1e300e07df62d,discretionary-tax-changes-FINAL.pdf,https://osf.io/download/4qnf7/,pdf,2024-03-26T14:37:31.363833Z,2024-03-26T14:37:31.363833,Repository upload/modification; not established public disclosure
report_07d5d343c603,report_07d5d343c603_6602ddb1b3a1e300f97def1a,partisanship-and-fiscal-policy-Mar25.pdf,https://osf.io/download/wekyz/,pdf,2024-03-26T14:37:37.282311Z,2024-03-26T14:37:37.282311,Repository upload/modification; not established public disclosure
report_07d5d343c603,report_07d5d343c603_6602ddb49dc8ef010089875e,technological-change-Mar25.pdf,https://osf.io/download/hqens/,pdf,2024-03-26T14:37:40.940587Z,2024-03-26T14:37:40.940587,Repository upload/modification; not established public disclosure
report_07d5d343c603,report_07d5d343c603_6602ddad9dc8ef00f88981bb,interaction-stereotypes-and-performance-Mar25.pdf,https://osf.io/download/guekw/,pdf,2024-03-26T14:37:33.270054Z,2024-03-26T14:37:33.270054,Repository upload/modification; not established public disclosure
report_07d5d343c603,report_07d5d343c603_6602ddabb3a1e300ec7df9ff,ConvexSupplyCurves_Robustness-Mar25.pdf,https://osf.io/download/hpd8s/,pdf,2024-03-26T14:37:31.333402Z,2024-03-26T14:37:31.333402,Repository upload/modification; not established public disclosure
report_07d5d343c603,report_07d5d343c603_6602ddafa8fcbc00f236e905,out-of-africa_Feb4.pdf,https://osf.io/download/d4f23/,pdf,2024-03-26T14:37:35.381670Z,2024-03-26T14:37:35.381670,Repository upload/modification; not established public disclosure
report_07d5d343c603,report_07d5d343c603_6602ddb1d9031c00ef03a99b,religious-festivals-and-development_Mar5.pdf,https://osf.io/download/d3seq/,pdf,2024-03-26T14:37:37.256213Z,2024-03-26T14:37:37.256213,Repository upload/modification; not established public disclosure
report_07d5d343c603,report_07d5d343c603_6602ddaac9e09000ebbde57c,coercive-contract-enforcement-Mar25.pdf,https://osf.io/download/vg745/,pdf,2024-03-26T14:37:30.165335Z,2024-03-26T14:37:30.165335,Repository upload/modification; not established public disclosure
report_07d5d343c603,report_07d5d343c603_6602ddaaa8fcbc010736e6b8,commercial-imperialism-Jan24.pdf,https://osf.io/download/w5pve/,pdf,2024-03-26T14:37:30.195188Z,2024-03-26T14:37:30.195188,Repository upload/modification; not established public disclosure
report_07d5d343c603,report_07d5d343c603_6602ddaec9e09000ebbde584,merchant-towns-Mar25.pdf,https://osf.io/download/tm4xc/,pdf,2024-03-26T14:37:34.475773Z,2024-03-26T14:37:34.475773,Repository upload/modification; not established public disclosure
report_07d5d343c603,report_07d5d343c603_6602ddb1c9e09000f4bddc78,persuasion-through-slanted-language-Mar.pdf,https://osf.io/download/rw7j9/,pdf,2024-03-26T14:37:37.246703Z,2024-03-26T14:37:37.246703,Repository upload/modification; not established public disclosure
report_07d5d343c603,report_07d5d343c603_6602ddaeb3a1e300f97def18,language-and-economic-behavior-Mar25.pdf,https://osf.io/download/h246d/,pdf,2024-03-26T14:37:35.047581Z,2024-03-26T14:37:35.047581,Repository upload/modification; not established public disclosure
report_07d5d343c603,report_07d5d343c603_66057261fe44ca02c02b690d,MasterData15January2024f.dta,https://osf.io/download/pdvrh/,dta,2024-03-28T13:36:33.429866Z,2024-03-28T13:36:33.429866,Repository upload/modification; not established public disclosure
report_07d5d343c603,report_07d5d343c603_66057255bfea1d02cf5a39db,Stat_indicators_paper.dta,https://osf.io/download/czhsb/,dta,2024-03-28T13:36:21.927021Z,2024-03-28T13:36:21.927021,Repository upload/modification; not established public disclosure
report_07d5d343c603,report_07d5d343c603_6605725eeb56f0039c8a3683,MasterAnalysis17Mar.do,https://osf.io/download/jczbn/,do,2024-03-28T13:36:30.413608Z,2024-03-28T13:36:30.413608,Repository upload/modification; not established public disclosure
report_07d5d343c603,report_07d5d343c603_6605725abfea1d02b95a3b8d,Survey_Clean_merged.dta,https://osf.io/download/r7xps/,dta,2024-03-28T13:36:26.676033Z,2024-03-28T13:36:26.676033,Repository upload/modification; not established public disclosure
report_07d5d343c603,report_07d5d343c603_66057252bfea1d02ca5a3963,README_Robustness_AER.pdf,https://osf.io/download/dthu2/,pdf,2024-03-28T13:36:18.659170Z,2024-03-28T13:36:18.659170,Repository upload/modification; not established public disclosure
report_07d5d343c603,report_07d5d343c603_6605726358fa4902bde4ee9e,MasterData10March2024.dta,https://osf.io/download/9x3qb/,dta,2024-03-28T13:36:35.138459Z,2024-03-28T13:36:35.138459,Repository upload/modification; not established public disclosure
report_07d5d343c603,report_07d5d343c603_6605725feb56f003808a3825,MasterData15January2024f2.dta,https://osf.io/download/xvspz/,dta,2024-03-28T13:36:31.897590Z,2024-03-28T13:36:31.897590,Repository upload/modification; not established public disclosure
report_07d5d343c603,report_07d5d343c603_66057252bfea1d02ce5a399f,Survey Analysis_Mar.do,https://osf.io/download/kfy8p/,do,2024-03-28T13:36:18.598672Z,2024-03-28T13:36:18.598672,Repository upload/modification; not established public disclosure
report_07d5d343c603,report_07d5d343c603_66057266eb56f0039f8a36df,Survey_responsesf.dta,https://osf.io/download/75gcd/,dta,2024-03-28T13:36:38.385381Z,2024-03-28T13:36:38.385381,Repository upload/modification; not established public disclosure
report_07d5d343c603,report_07d5d343c603_66057264eb56f0039f8a36dd,Survey_Averages.dta,https://osf.io/download/5wpf4/,dta,2024-03-28T13:36:36.413231Z,2024-03-28T13:36:36.413231,Repository upload/modification; not established public disclosure
report_07d5d343c603,report_07d5d343c603_66057255fe44ca02bf2b68f9,Stat_indicators_finding.dta,https://osf.io/download/66057255fe44ca02bf2b68f9/,dta,2024-03-28T13:36:21.982030Z,2024-03-28T13:36:21.982030,Repository upload/modification; not established public disclosure
report_07d5d343c603,report_07d5d343c603_6605725ceb56f003988a3621,Survey_Data.dta,https://osf.io/download/6605725ceb56f003988a3621/,dta,2024-03-28T13:36:28.646365Z,2024-03-28T13:36:28.646365,Repository upload/modification; not established public disclosure
report_07d5d343c603,report_07d5d343c603_66057259bfea1d02cb5a39a4,Survey_Clean.dta,https://osf.io/download/66057259bfea1d02cb5a39a4/,dta,2024-03-28T13:36:25.465571Z,2024-03-28T13:36:25.465571,Repository upload/modification; not established public disclosure
report_07d5d343c603,report_07d5d343c603_689cbada9d9b5804761f1ff4,Partisanship_and_Fiscal_Policyf.pdf,https://osf.io/download/awsd7/,pdf,2025-08-13T16:18:34.498248Z,2025-08-13T16:18:34.498248,Repository upload/modification; not established public disclosure
report_07d5d343c603,report_07d5d343c603_689cbae146c026ea11bc0de4,RetailPharmaciesandOpioids.pdf,https://osf.io/download/5kxwg/,pdf,2025-08-13T16:18:41.836870Z,2025-08-13T16:18:41.836870,Repository upload/modification; not established public disclosure
report_07d5d343c603,report_07d5d343c603_689cbae42674356d821f21ac,Self_Enforcing_Trade_Agreements.pdf,https://osf.io/download/4zu2w/,pdf,2025-08-13T16:18:44.656393Z,2025-08-13T16:18:44.656393,Repository upload/modification; not established public disclosure
report_07d5d343c603,report_07d5d343c603_689cbab5dbb82738361f1fc4,ConvexSupplyCurves_Robustness-DCApr26.pdf,https://osf.io/download/ynjxu/,pdf,2025-08-13T16:17:57.499119Z,2025-08-13T16:17:57.499119,Repository upload/modification; not established public disclosure
report_07d5d343c603,report_07d5d343c603_689cbadffcb29399e83ccf49,ReligiousFestivalsandDevelopment_May21.pdf,https://osf.io/download/argx2/,pdf,2025-08-13T16:18:39.726002Z,2025-08-13T16:18:39.726002,Repository upload/modification; not established public disclosure
report_07d5d343c603,report_07d5d343c603_689cbad189de62ba26d5a10e,Interaction-Stereotypes-and-Performance.pdf,https://osf.io/download/nsbv2/,pdf,2025-08-13T16:18:25.794542Z,2025-08-13T16:18:25.794542,Repository upload/modification; not established public disclosure
report_07d5d343c603,report_07d5d343c603_689cbab177543ca1933ccd61,Commercial_Imperialism-April21.pdf,https://osf.io/download/46fk5/,pdf,2025-08-13T16:17:53.304717Z,2025-08-13T16:17:53.304717,Repository upload/modification; not established public disclosure
report_07d5d343c603,report_07d5d343c603_689cbad75b1a416a873cce1a,Merchant-Towns-May10.pdf,https://osf.io/download/ugjh4/,pdf,2025-08-13T16:18:31.445501Z,2025-08-13T16:18:31.445501,Repository upload/modification; not established public disclosure
report_07d5d343c603,report_07d5d343c603_689cbae546c026ea11bc0de6,TechnologicalChange_May21.pdf,https://osf.io/download/4qtvr/,pdf,2025-08-13T16:18:45.433634Z,2025-08-13T16:18:45.433634,Repository upload/modification; not established public disclosure
report_07d5d343c603,report_07d5d343c603_689cbacd33dc6bbf8c13c4a3,GoingtoaBetterSchool.pdf,https://osf.io/download/knupq/,pdf,2025-08-13T16:18:21.342521Z,2025-08-13T16:18:21.342521,Repository upload/modification; not established public disclosure
report_07d5d343c603,report_07d5d343c603_689cbab877543ca1933ccd65,DiscretionaryTaxChangesUK_JK-DC_5_4_2023.pdf,https://osf.io/download/er9tb/,pdf,2025-08-13T16:18:00.994673Z,2025-08-13T16:18:00.994673,Repository upload/modification; not established public disclosure
report_07d5d343c603,report_07d5d343c603_689cbad07f0801bdd613c7ba,InnovationAndInstitutionalOwnership_May10.pdf,https://osf.io/download/mhtre/,pdf,2025-08-13T16:18:24.185791Z,2025-08-13T16:18:24.185791,Repository upload/modification; not established public disclosure
report_07d5d343c603,report_07d5d343c603_689cbadc14edc3b7e0d5a231,OutofAfrica-April11.pdf,https://osf.io/download/f3786/,pdf,2025-08-13T16:18:36.133730Z,2025-08-13T16:18:36.133730,Repository upload/modification; not established public disclosure
report_07d5d343c603,report_07d5d343c603_689cbae76deea60631bc0a80,Vulnerability and Clientelism.pdf,https://osf.io/download/dw78a/,pdf,2025-08-13T16:18:47.815966Z,2025-08-13T16:18:47.815966,Repository upload/modification; not established public disclosure
report_07d5d343c603,report_07d5d343c603_689cbab13f91f5a3af3ccee8,CoerciveContractEnforcementApril19.pdf,https://osf.io/download/vmdhx/,pdf,2025-08-13T16:17:53.225411Z,2025-08-13T16:17:53.225411,Repository upload/modification; not established public disclosure
report_07d5d343c603,report_07d5d343c603_689cbad514edc3b7e0d5a22f,Language-and-Saving-April21.pdf,https://osf.io/download/gc9aq/,pdf,2025-08-13T16:18:29.324393Z,2025-08-13T16:18:29.324393,Repository upload/modification; not established public disclosure
report_07d5d343c603,report_07d5d343c603_689cbadebbdc58ba53d5a0fb,PersuasionThroughSlantedLanguage.pdf,https://osf.io/download/5jthn/,pdf,2025-08-13T16:18:38.496989Z,2025-08-13T16:18:38.496989,Repository upload/modification; not established public disclosure
report_07d5d343c603,report_07d5d343c603_660572c4fe44ca02c42b6a54,significance2.eps,https://osf.io/download/660572c4fe44ca02c42b6a54/,eps,2024-03-28T13:38:12.904365Z,2024-03-28T13:38:12.904365,Repository upload/modification; not established public disclosure
report_07d5d343c603,report_07d5d343c603_6605729d58fa4902c6e4ed50,SummaryFSPresults.tex,https://osf.io/download/6605729d58fa4902c6e4ed50/,tex,2024-03-28T13:37:33.678675Z,2024-03-28T13:37:33.678675,Repository upload/modification; not established public disclosure
report_07d5d343c603,report_07d5d343c603_660572aaeb56f0039c8a3698,Survey_Clean_merged_final.dta,https://osf.io/download/660572aaeb56f0039c8a3698/,dta,2024-03-28T13:37:46.756790Z,2024-03-28T13:37:46.756790,Repository upload/modification; not established public disclosure
report_07d5d343c603,report_07d5d343c603_660572abfe44ca02c02b691a,AER_robustness2.tex,https://osf.io/download/660572abfe44ca02c02b691a/,tex,2024-03-28T13:37:47.467389Z,2024-03-28T13:37:47.467389,Repository upload/modification; not established public disclosure
report_07d5d343c603,report_07d5d343c603_660572d101fc9c0366316809,Tz_distribution_norm_censored2.eps,https://osf.io/download/tdwhe/,eps,2024-03-28T13:38:25.518701Z,2024-03-28T13:38:25.518701,Repository upload/modification; not established public disclosure
report_07d5d343c603,report_07d5d343c603_660572a0bfea1d02c75a3954,SummaryFSPresults.txt,https://osf.io/download/660572a0bfea1d02c75a3954/,txt,2024-03-28T13:37:36.430157Z,2024-03-28T13:37:36.430157,Repository upload/modification; not established public disclosure
report_07d5d343c603,report_07d5d343c603_660572bdfe44ca02c42b6a4c,Survey1.eps,https://osf.io/download/660572bdfe44ca02c42b6a4c/,eps,2024-03-28T13:38:05.736186Z,2024-03-28T13:38:05.736186,Repository upload/modification; not established public disclosure
report_07d5d343c603,report_07d5d343c603_660572c7fe44ca02bf2b6903,significance.eps,https://osf.io/download/660572c7fe44ca02bf2b6903/,eps,2024-03-28T13:38:15.606707Z,2024-03-28T13:38:15.606707,Repository upload/modification; not established public disclosure
report_07d5d343c603,report_07d5d343c603_660572adfe44ca02c42b6a32,AER_robustness2a.tex,https://osf.io/download/660572adfe44ca02c42b6a32/,tex,2024-03-28T13:37:49.429757Z,2024-03-28T13:37:49.429757,Repository upload/modification; not established public disclosure
report_07d5d343c603,report_07d5d343c603_660572aebfea1d02ca5a3984,predictions_RESP_result1.eps,https://osf.io/download/660572aebfea1d02ca5a3984/,eps,2024-03-28T13:37:50.231648Z,2024-03-28T13:37:50.231648,Repository upload/modification; not established public disclosure
report_07d5d343c603,report_07d5d343c603_660572a858fa4902bee4f00a,AER_robustness3a.tex,https://osf.io/download/bzvj7/,tex,2024-03-28T13:37:44.444132Z,2024-03-28T13:37:44.444132,Repository upload/modification; not established public disclosure
report_07d5d343c603,report_07d5d343c603_660572b9bfea1d02cf5a3a4e,predictions_FSP_resultp2.eps,https://osf.io/download/660572b9bfea1d02cf5a3a4e/,eps,2024-03-28T13:38:01.544325Z,2024-03-28T13:38:01.544325,Repository upload/modification; not established public disclosure
report_07d5d343c603,report_07d5d343c603_660572a758fa4902c7e4ed80,AER_robustness3.tex,https://osf.io/download/660572a758fa4902c7e4ed80/,tex,2024-03-28T13:37:43.387760Z,2024-03-28T13:37:43.387760,Repository upload/modification; not established public disclosure
report_07d5d343c603,report_07d5d343c603_660572b4bfea1d02cb5a39fa,predictions_FSP_result2a.eps,https://osf.io/download/660572b4bfea1d02cb5a39fa/,eps,2024-03-28T13:37:56.747855Z,2024-03-28T13:37:56.747855,Repository upload/modification; not established public disclosure
report_07d5d343c603,report_07d5d343c603_660572c801fc9c0366316805,Tz_distribution_norm_censored.eps,https://osf.io/download/660572c801fc9c0366316805/,eps,2024-03-28T13:38:16.696030Z,2024-03-28T13:38:16.696030,Repository upload/modification; not established public disclosure
report_07d5d343c603,report_07d5d343c603_660572bf58fa4902bee4f018,AER_robustness1a.tex,https://osf.io/download/dn9gw/,tex,2024-03-28T13:38:07.302005Z,2024-03-28T13:38:07.302005,Repository upload/modification; not established public disclosure
report_07d5d343c603,report_07d5d343c603_660572cffe44ca02bc2b68f2,variation.eps,https://osf.io/download/mdy9r/,eps,2024-03-28T13:38:23.985579Z,2024-03-28T13:38:23.985579,Repository upload/modification; not established public disclosure
report_07d5d343c603,report_07d5d343c603_660572a2bfea1d02ca5a3981,SquaredRESPError.eps,https://osf.io/download/660572a2bfea1d02ca5a3981/,eps,2024-03-28T13:37:38.272817Z,2024-03-28T13:37:38.272817,Repository upload/modification; not established public disclosure
report_07d5d343c603,report_07d5d343c603_660572d3eb56f003978a361d,Dfbeta_Tz_distribution_norm_censored.eps,https://osf.io/download/vfzkc/,eps,2024-03-28T13:38:27.716510Z,2024-03-28T13:38:27.716510,Repository upload/modification; not established public disclosure
report_07d5d343c603,report_07d5d343c603_660572b258fa4902bee4f012,predictions_FSP_result3.eps,https://osf.io/download/660572b258fa4902bee4f012/,eps,2024-03-28T13:37:54.982729Z,2024-03-28T13:37:54.982729,Repository upload/modification; not established public disclosure
report_07d5d343c603,report_07d5d343c603_660572bc58fa4902c6e4ed6c,predictions_FSP_result2.eps,https://osf.io/download/660572bc58fa4902c6e4ed6c/,eps,2024-03-28T13:38:04.446724Z,2024-03-28T13:38:04.446724,Repository upload/modification; not established public disclosure
report_07d5d343c603,report_07d5d343c603_660572c401fc9c03633167f2,AppendixTable3.eps,https://osf.io/download/660572c401fc9c03633167f2/,eps,2024-03-28T13:38:13.018855Z,2024-03-28T13:38:13.018855,Repository upload/modification; not established public disclosure
report_07d5d343c603,report_07d5d343c603_6605729f58fa4902c7e4ed77,Survey_Clean_merged_final1.dta,https://osf.io/download/6605729f58fa4902c7e4ed77/,dta,2024-03-28T13:37:35.388247Z,2024-03-28T13:37:35.388247,Repository upload/modification; not established public disclosure
report_07d5d343c603,report_07d5d343c603_660572b5fe44ca02c42b6a41,predictions_FSP_result2b.eps,https://osf.io/download/660572b5fe44ca02c42b6a41/,eps,2024-03-28T13:37:57.873861Z,2024-03-28T13:37:57.873861,Repository upload/modification; not established public disclosure
report_07d5d343c603,report_07d5d343c603_660572b9eb56f0039d8a3654,predictions_FSP_result.eps,https://osf.io/download/660572b9eb56f0039d8a3654/,eps,2024-03-28T13:38:01.547842Z,2024-03-28T13:38:01.547842,Repository upload/modification; not established public disclosure
report_07d5d343c603,report_07d5d343c603_660572cd01fc9c035e3167af,variation_paper1.eps,https://osf.io/download/cyzbe/,eps,2024-03-28T13:38:21.197699Z,2024-03-28T13:38:21.197699,Repository upload/modification; not established public disclosure
report_07d5d343c603,report_07d5d343c603_660572c158fa4902b9e4ed7a,AER_robustness1_appendix.tex,https://osf.io/download/660572c158fa4902b9e4ed7a/,tex,2024-03-28T13:38:09.210680Z,2024-03-28T13:38:09.210680,Repository upload/modification; not established public disclosure
report_07d5d343c603,report_07d5d343c603_660572ca58fa4902bde4eebc,Rel_tz_median.eps,https://osf.io/download/660572ca58fa4902bde4eebc/,eps,2024-03-28T13:38:18.586094Z,2024-03-28T13:38:18.586094,Repository upload/modification; not established public disclosure
report_07d5d343c603,report_07d5d343c603_660572b0bfea1d02cf5a3a48,predictions_RESP_result2p.eps,https://osf.io/download/660572b0bfea1d02cf5a3a48/,eps,2024-03-28T13:37:52.195393Z,2024-03-28T13:37:52.195393,Repository upload/modification; not established public disclosure
report_07d5d343c603,report_07d5d343c603_660572c2bfea1d02ce5a3a21,AER_robustness1.tex,https://osf.io/download/660572c2bfea1d02ce5a3a21/,tex,2024-03-28T13:38:10.065307Z,2024-03-28T13:38:10.065307,Repository upload/modification; not established public disclosure
report_07d5d343c603,report_07d5d343c603_660572ce58fa4902c7e4eeb5,significance_result.eps,https://osf.io/download/m5hev/,eps,2024-03-28T13:38:22.565533Z,2024-03-28T13:38:22.565533,Repository upload/modification; not established public disclosure
report_07d5d343c603,report_07d5d343c603_660572a5bfea1d02cf5a3a46,AER_robustness4.tex,https://osf.io/download/660572a5bfea1d02cf5a3a46/,tex,2024-03-28T13:37:41.773243Z,2024-03-28T13:37:41.773243,Repository upload/modification; not established public disclosure
report_07d5d343c603,report_07d5d343c603_660572a458fa4902bee4f000,AER_robustness4_appendix.tex,https://osf.io/download/660572a458fa4902bee4f000/,tex,2024-03-28T13:37:40.169765Z,2024-03-28T13:37:40.169765,Repository upload/modification; not established public disclosure
report_07d5d343c603,report_07d5d343c603_660572b101fc9c036a3168ec,predictions_RESP_result.eps,https://osf.io/download/660572b101fc9c036a3168ec/,eps,2024-03-28T13:37:53.976607Z,2024-03-28T13:37:53.976607,Repository upload/modification; not established public disclosure
report_088986d1a728,report_088986d1a728_6a7b26b9f931366fe26a59c2,Retraction_notice.pdf,https://osf.io/download/pa7wk/,pdf,2026-08-11T13:42:17.562485Z,2026-08-11T13:42:17.562485,Repository upload/modification; not established public disclosure
report_088986d1a728,report_088986d1a728_6a7b269eeba5ea0d69692c97,Table_1.xlsx,https://osf.io/download/6a7b269eeba5ea0d69692c97/,xlsx,2026-08-11T13:41:50.763193Z,2026-08-11T13:41:50.763193,Repository upload/modification; not established public disclosure
report_088986d1a728,report_088986d1a728_6a7b269998956c0ad8692b27,Report.pdf,https://osf.io/download/qk9jv/,pdf,2026-08-11T13:41:45.678743Z,2026-08-11T13:41:45.678743,Repository upload/modification; not established public disclosure
report_0990ab487ba5,report_0990ab487ba5_69cab276bba2493e10639980,Reproduction report should cash.pdf,https://osf.io/download/69cab276bba2493e10639980/,pdf,2026-03-30T17:27:19.014817Z,2026-03-30T17:27:19.014817,Repository upload/modification; not established public disclosure
report_0990ab487ba5,report_0990ab487ba5_69cab19c3326d9ca0bc78368,Report.zip,https://osf.io/download/2h89q/,zip,2026-03-30T17:23:40.522016Z,2026-03-30T17:23:40.522016,Repository upload/modification; not established public disclosure
report_0a1270bb9a9d,report_0a1270bb9a9d_659c3198523af90c2a0b4376,DMS JOP replication response memo.pdf,https://osf.io/download/r9gqm/,pdf,2024-01-08T17:32:08.874905Z,2024-01-08T17:32:08.874905,Repository upload/modification; not established public disclosure
report_0a1270bb9a9d,report_0a1270bb9a9d_659c319e523af90c250b4276,Donno-et-al.-2022-Replication-Report-v2.pdf,https://osf.io/download/8xrkt/,pdf,2024-01-08T17:32:14.630044Z,2024-01-08T17:32:14.630044,Repository upload/modification; not established public disclosure
report_0b5122ccd268,report_0b5122ccd268_69cd152aa2dded5a4d744e3e,Reproduction_Report_Woods.pdf,https://osf.io/download/rc7bt/,pdf,2026-04-01T12:52:58.809704Z,2026-04-01T12:52:58.809704,Repository upload/modification; not established public disclosure
report_0b5122ccd268,report_0b5122ccd268_6a919e86136c99f8d8283443,Replication_Report_1.pdf,https://osf.io/download/6a919e86136c99f8d8283443/,pdf,2026-08-28T14:43:18.802904Z,2026-08-28T14:43:18.802904,Repository upload/modification; not established public disclosure
report_0b5122ccd268,report_0b5122ccd268_694421e6c3f01352d2d1891c,Codes_results_data.zip,https://osf.io/download/s85pw/,zip,2025-12-18T15:46:47.008589Z,2025-12-18T15:46:47.008589,Repository upload/modification; not established public disclosure
report_0b5122ccd268,report_0b5122ccd268_6a919ed25ceedb1df189797d,Codes_Coitaetal.zip,https://osf.io/download/6a919ed25ceedb1df189797d/,zip,2026-08-28T14:44:34.662084Z,2026-08-28T14:44:34.662084,Repository upload/modification; not established public disclosure
report_0b9eaac400f8,report_0b9eaac400f8_6a32da6c4a623d90d36dbc80,Replication Report.pdf,https://osf.io/download/6a32da6c4a623d90d36dbc80/,pdf,2026-06-17T17:33:32.461245Z,2026-06-17T17:33:32.461245,Repository upload/modification; not established public disclosure
report_0c4af26983ac,report_0c4af26983ac_6a99d1c6ba4fa47bef402831,Report for The Effect of Early Childhood Education on Adult Criminality.pdf,https://osf.io/download/6a99d1c6ba4fa47bef402831/,pdf,2026-09-03T20:00:06.902267Z,2026-09-03T20:00:06.902267,Repository upload/modification; not established public disclosure
report_0cdfd7779776,report_0cdfd7779776_6a3545a28ccc642dde1cd363,Reproduction_report.pdf,https://osf.io/download/nqx74/,pdf,2026-06-19T13:35:30.791933Z,2026-06-19T13:35:30.791933,Repository upload/modification; not established public disclosure
report_0cdfd7779776,report_0cdfd7779776_6a35459dd01af1c0fb2bf2bc,Authors_Response.pdf,https://osf.io/download/6a35459dd01af1c0fb2bf2bc/,pdf,2026-06-19T13:35:25.112119Z,2026-06-19T13:35:25.112119,Repository upload/modification; not established public disclosure
report_0ecec415b607,report_0ecec415b607_6a7b3badebc9200abc6a59d9,Replication Report Hardy et al (2023) NHB.pdf,https://osf.io/download/6a7b3badebc9200abc6a59d9/,pdf,2026-08-11T15:11:41.208733Z,2026-08-11T15:11:41.208733,Repository upload/modification; not established public disclosure
report_0f5d0a6ce514,report_0f5d0a6ce514_6807615e4f254e89a1b7d2da,PAP w addendum.pdf,https://osf.io/download/zyqdb/,pdf,2025-04-22T09:29:02.775413Z,2025-04-22T09:29:02.775413,Repository upload/modification; not established public disclosure
report_0f5d0a6ce514,report_0f5d0a6ce514_689d88ee1a4a962e981f201b,Referee Report Full Data.xlsx,https://osf.io/download/qj3fc/,xlsx,2025-08-14T06:57:50.888388Z,2025-08-14T06:57:50.888388,Repository upload/modification; not established public disclosure
report_0f5d0a6ce514,report_0f5d0a6ce514_649c947567aff80dfaedfdba,AER Robustness Survey PAP.pdf,https://osf.io/download/t4nfm/,pdf,2023-06-28T20:13:41.708342Z,2023-06-28T20:13:41.708342,Repository upload/modification; not established public disclosure
report_0f5d0a6ce514,report_0f5d0a6ce514_67408cf48d42fcc5f496c79d,PAP reviewing reports.pdf,https://osf.io/download/tzk2a/,pdf,2024-11-22T13:53:56.861031Z,2024-11-22T13:53:56.861031,Repository upload/modification; not established public disclosure
report_0f5d0a6ce514,report_0f5d0a6ce514_65aa175399d0100080626a10,AER_Robustness_survey.qsf,https://osf.io/download/bzvru/,qsf,2024-01-19T06:31:47.259855Z,2024-01-19T06:31:47.259855,Repository upload/modification; not established public disclosure
report_0f5d0a6ce514,report_0f5d0a6ce514_65aa1753ebe5e60092f5e7a1,Qualtrics Survey.pdf,https://osf.io/download/gnrqb/,pdf,2024-01-19T06:31:47.237320Z,2024-01-19T06:31:47.237320,Repository upload/modification; not established public disclosure
report_0f5d0a6ce514,report_0f5d0a6ce514_688873c853738286562341be,Convex_supply_Response_Institute_for_Replication.pdf,https://osf.io/download/uev65/,pdf,2025-07-29T07:10:00.382149Z,2025-07-29T07:10:00.382149,Repository upload/modification; not established public disclosure
report_0f5d0a6ce514,report_0f5d0a6ce514_688873cc45ec217577e7cc18,Partisanship and Fiscal Policy in Economic Unions Evidence from US States.pdf,https://osf.io/download/jfv9h/,pdf,2025-07-29T07:10:04.244503Z,2025-07-29T07:10:04.244503,Repository upload/modification; not established public disclosure
report_0f5d0a6ce514,report_0f5d0a6ce514_688873c9c093c96d1c256d5e,AMV_IfR_Reply.pdf,https://osf.io/download/nb6fp/,pdf,2025-07-29T07:10:01.188977Z,2025-07-29T07:10:01.188977,Repository upload/modification; not established public disclosure
report_0f5d0a6ce514,report_0f5d0a6ce514_688873fc307d62b882234157,Persuasion through Slanted Language Evidence from the Media Coverage of Immigration[91].pdf,https://osf.io/download/d3n9g/,pdf,2025-07-29T07:10:52.897285Z,2025-07-29T07:10:52.897285,Repository upload/modification; not established public disclosure
report_0f5d0a6ce514,report_0f5d0a6ce514_688873cbf17815c6db2340e4,Going to a Better School Effects and Behavioral Responses.pdf,https://osf.io/download/t6se8/,pdf,2025-07-29T07:10:03.286182Z,2025-07-29T07:10:03.286182,Repository upload/modification; not established public disclosure
report_0f5d0a6ce514,report_0f5d0a6ce514_688a56d976f3876855a23ec0,"Interaction, Stereotypes, and Performance Evidence from South Africa.pdf",https://osf.io/download/nwe9u/,pdf,2025-07-30T17:31:05.740447Z,2025-07-30T17:31:05.740447,Repository upload/modification; not established public disclosure
report_0f5d0a6ce514,report_0f5d0a6ce514_6602ddb3a8fcbc010736e6ca,retail-pharmacies-Mar25.pdf,https://osf.io/download/k7g5p/,pdf,2024-03-26T14:37:39.694296Z,2024-03-26T14:37:39.694296,Repository upload/modification; not established public disclosure
report_0f5d0a6ce514,report_0f5d0a6ce514_6602ddacc9e09000ebbde57e,going-to-a-better-school-Feb3.pdf,https://osf.io/download/n7r9z/,pdf,2024-03-26T14:37:32.473160Z,2024-03-26T14:37:32.473160,Repository upload/modification; not established public disclosure
report_0f5d0a6ce514,report_0f5d0a6ce514_688a572fce90943bc92341d3,SelfEnforcingTradeAgreements_Robustness_July26.pdf,https://osf.io/download/e6zvc/,pdf,2025-07-30T17:32:31.069644Z,2025-07-30T17:32:31.069644,Repository upload/modification; not established public disclosure
report_0f5d0a6ce514,report_0f5d0a6ce514_6602ddacb3a1e300ec7dfa01,Innovation-and-Institutional-Ownership-Mar25.pdf,https://osf.io/download/qz5g6/,pdf,2024-03-26T14:37:32.956311Z,2024-03-26T14:37:32.956311,Repository upload/modification; not established public disclosure
report_0f5d0a6ce514,report_0f5d0a6ce514_6602ddb4c9e09000ebbde58b,vulnerability-and-clientelism-Feb3.pdf,https://osf.io/download/j64at/,pdf,2024-03-26T14:37:40.095085Z,2024-03-26T14:37:40.095085,Repository upload/modification; not established public disclosure
report_0f5d0a6ce514,report_0f5d0a6ce514_6602ddabb3a1e300e07df62d,discretionary-tax-changes-FINAL.pdf,https://osf.io/download/4qnf7/,pdf,2024-03-26T14:37:31.363833Z,2024-03-26T14:37:31.363833,Repository upload/modification; not established public disclosure
report_0f5d0a6ce514,report_0f5d0a6ce514_6602ddb1b3a1e300f97def1a,partisanship-and-fiscal-policy-Mar25.pdf,https://osf.io/download/wekyz/,pdf,2024-03-26T14:37:37.282311Z,2024-03-26T14:37:37.282311,Repository upload/modification; not established public disclosure
report_0f5d0a6ce514,report_0f5d0a6ce514_6602ddb49dc8ef010089875e,technological-change-Mar25.pdf,https://osf.io/download/hqens/,pdf,2024-03-26T14:37:40.940587Z,2024-03-26T14:37:40.940587,Repository upload/modification; not established public disclosure
report_0f5d0a6ce514,report_0f5d0a6ce514_6602ddad9dc8ef00f88981bb,interaction-stereotypes-and-performance-Mar25.pdf,https://osf.io/download/guekw/,pdf,2024-03-26T14:37:33.270054Z,2024-03-26T14:37:33.270054,Repository upload/modification; not established public disclosure
report_0f5d0a6ce514,report_0f5d0a6ce514_6602ddabb3a1e300ec7df9ff,ConvexSupplyCurves_Robustness-Mar25.pdf,https://osf.io/download/hpd8s/,pdf,2024-03-26T14:37:31.333402Z,2024-03-26T14:37:31.333402,Repository upload/modification; not established public disclosure
report_0f5d0a6ce514,report_0f5d0a6ce514_6602ddafa8fcbc00f236e905,out-of-africa_Feb4.pdf,https://osf.io/download/d4f23/,pdf,2024-03-26T14:37:35.381670Z,2024-03-26T14:37:35.381670,Repository upload/modification; not established public disclosure
report_0f5d0a6ce514,report_0f5d0a6ce514_6602ddb1d9031c00ef03a99b,religious-festivals-and-development_Mar5.pdf,https://osf.io/download/d3seq/,pdf,2024-03-26T14:37:37.256213Z,2024-03-26T14:37:37.256213,Repository upload/modification; not established public disclosure
report_0f5d0a6ce514,report_0f5d0a6ce514_6602ddaac9e09000ebbde57c,coercive-contract-enforcement-Mar25.pdf,https://osf.io/download/vg745/,pdf,2024-03-26T14:37:30.165335Z,2024-03-26T14:37:30.165335,Repository upload/modification; not established public disclosure
report_0f5d0a6ce514,report_0f5d0a6ce514_6602ddaaa8fcbc010736e6b8,commercial-imperialism-Jan24.pdf,https://osf.io/download/w5pve/,pdf,2024-03-26T14:37:30.195188Z,2024-03-26T14:37:30.195188,Repository upload/modification; not established public disclosure
report_0f5d0a6ce514,report_0f5d0a6ce514_6602ddaec9e09000ebbde584,merchant-towns-Mar25.pdf,https://osf.io/download/tm4xc/,pdf,2024-03-26T14:37:34.475773Z,2024-03-26T14:37:34.475773,Repository upload/modification; not established public disclosure
report_0f5d0a6ce514,report_0f5d0a6ce514_6602ddb1c9e09000f4bddc78,persuasion-through-slanted-language-Mar.pdf,https://osf.io/download/rw7j9/,pdf,2024-03-26T14:37:37.246703Z,2024-03-26T14:37:37.246703,Repository upload/modification; not established public disclosure
report_0f5d0a6ce514,report_0f5d0a6ce514_6602ddaeb3a1e300f97def18,language-and-economic-behavior-Mar25.pdf,https://osf.io/download/h246d/,pdf,2024-03-26T14:37:35.047581Z,2024-03-26T14:37:35.047581,Repository upload/modification; not established public disclosure
report_0f5d0a6ce514,report_0f5d0a6ce514_66057261fe44ca02c02b690d,MasterData15January2024f.dta,https://osf.io/download/pdvrh/,dta,2024-03-28T13:36:33.429866Z,2024-03-28T13:36:33.429866,Repository upload/modification; not established public disclosure
report_0f5d0a6ce514,report_0f5d0a6ce514_66057255bfea1d02cf5a39db,Stat_indicators_paper.dta,https://osf.io/download/czhsb/,dta,2024-03-28T13:36:21.927021Z,2024-03-28T13:36:21.927021,Repository upload/modification; not established public disclosure
report_0f5d0a6ce514,report_0f5d0a6ce514_6605725eeb56f0039c8a3683,MasterAnalysis17Mar.do,https://osf.io/download/jczbn/,do,2024-03-28T13:36:30.413608Z,2024-03-28T13:36:30.413608,Repository upload/modification; not established public disclosure
report_0f5d0a6ce514,report_0f5d0a6ce514_6605725abfea1d02b95a3b8d,Survey_Clean_merged.dta,https://osf.io/download/r7xps/,dta,2024-03-28T13:36:26.676033Z,2024-03-28T13:36:26.676033,Repository upload/modification; not established public disclosure
report_0f5d0a6ce514,report_0f5d0a6ce514_66057252bfea1d02ca5a3963,README_Robustness_AER.pdf,https://osf.io/download/dthu2/,pdf,2024-03-28T13:36:18.659170Z,2024-03-28T13:36:18.659170,Repository upload/modification; not established public disclosure
report_0f5d0a6ce514,report_0f5d0a6ce514_6605726358fa4902bde4ee9e,MasterData10March2024.dta,https://osf.io/download/9x3qb/,dta,2024-03-28T13:36:35.138459Z,2024-03-28T13:36:35.138459,Repository upload/modification; not established public disclosure
report_0f5d0a6ce514,report_0f5d0a6ce514_6605725feb56f003808a3825,MasterData15January2024f2.dta,https://osf.io/download/xvspz/,dta,2024-03-28T13:36:31.897590Z,2024-03-28T13:36:31.897590,Repository upload/modification; not established public disclosure
report_0f5d0a6ce514,report_0f5d0a6ce514_66057252bfea1d02ce5a399f,Survey Analysis_Mar.do,https://osf.io/download/kfy8p/,do,2024-03-28T13:36:18.598672Z,2024-03-28T13:36:18.598672,Repository upload/modification; not established public disclosure
report_0f5d0a6ce514,report_0f5d0a6ce514_66057266eb56f0039f8a36df,Survey_responsesf.dta,https://osf.io/download/75gcd/,dta,2024-03-28T13:36:38.385381Z,2024-03-28T13:36:38.385381,Repository upload/modification; not established public disclosure
report_0f5d0a6ce514,report_0f5d0a6ce514_66057264eb56f0039f8a36dd,Survey_Averages.dta,https://osf.io/download/5wpf4/,dta,2024-03-28T13:36:36.413231Z,2024-03-28T13:36:36.413231,Repository upload/modification; not established public disclosure
report_0f5d0a6ce514,report_0f5d0a6ce514_66057255fe44ca02bf2b68f9,Stat_indicators_finding.dta,https://osf.io/download/66057255fe44ca02bf2b68f9/,dta,2024-03-28T13:36:21.982030Z,2024-03-28T13:36:21.982030,Repository upload/modification; not established public disclosure
report_0f5d0a6ce514,report_0f5d0a6ce514_6605725ceb56f003988a3621,Survey_Data.dta,https://osf.io/download/6605725ceb56f003988a3621/,dta,2024-03-28T13:36:28.646365Z,2024-03-28T13:36:28.646365,Repository upload/modification; not established public disclosure
report_0f5d0a6ce514,report_0f5d0a6ce514_66057259bfea1d02cb5a39a4,Survey_Clean.dta,https://osf.io/download/66057259bfea1d02cb5a39a4/,dta,2024-03-28T13:36:25.465571Z,2024-03-28T13:36:25.465571,Repository upload/modification; not established public disclosure
report_0f5d0a6ce514,report_0f5d0a6ce514_689cbada9d9b5804761f1ff4,Partisanship_and_Fiscal_Policyf.pdf,https://osf.io/download/awsd7/,pdf,2025-08-13T16:18:34.498248Z,2025-08-13T16:18:34.498248,Repository upload/modification; not established public disclosure
report_0f5d0a6ce514,report_0f5d0a6ce514_689cbae146c026ea11bc0de4,RetailPharmaciesandOpioids.pdf,https://osf.io/download/5kxwg/,pdf,2025-08-13T16:18:41.836870Z,2025-08-13T16:18:41.836870,Repository upload/modification; not established public disclosure
report_0f5d0a6ce514,report_0f5d0a6ce514_689cbae42674356d821f21ac,Self_Enforcing_Trade_Agreements.pdf,https://osf.io/download/4zu2w/,pdf,2025-08-13T16:18:44.656393Z,2025-08-13T16:18:44.656393,Repository upload/modification; not established public disclosure
report_0f5d0a6ce514,report_0f5d0a6ce514_689cbab5dbb82738361f1fc4,ConvexSupplyCurves_Robustness-DCApr26.pdf,https://osf.io/download/ynjxu/,pdf,2025-08-13T16:17:57.499119Z,2025-08-13T16:17:57.499119,Repository upload/modification; not established public disclosure
report_0f5d0a6ce514,report_0f5d0a6ce514_689cbadffcb29399e83ccf49,ReligiousFestivalsandDevelopment_May21.pdf,https://osf.io/download/argx2/,pdf,2025-08-13T16:18:39.726002Z,2025-08-13T16:18:39.726002,Repository upload/modification; not established public disclosure
report_0f5d0a6ce514,report_0f5d0a6ce514_689cbad189de62ba26d5a10e,Interaction-Stereotypes-and-Performance.pdf,https://osf.io/download/nsbv2/,pdf,2025-08-13T16:18:25.794542Z,2025-08-13T16:18:25.794542,Repository upload/modification; not established public disclosure
report_0f5d0a6ce514,report_0f5d0a6ce514_689cbab177543ca1933ccd61,Commercial_Imperialism-April21.pdf,https://osf.io/download/46fk5/,pdf,2025-08-13T16:17:53.304717Z,2025-08-13T16:17:53.304717,Repository upload/modification; not established public disclosure
report_0f5d0a6ce514,report_0f5d0a6ce514_689cbad75b1a416a873cce1a,Merchant-Towns-May10.pdf,https://osf.io/download/ugjh4/,pdf,2025-08-13T16:18:31.445501Z,2025-08-13T16:18:31.445501,Repository upload/modification; not established public disclosure
report_0f5d0a6ce514,report_0f5d0a6ce514_689cbae546c026ea11bc0de6,TechnologicalChange_May21.pdf,https://osf.io/download/4qtvr/,pdf,2025-08-13T16:18:45.433634Z,2025-08-13T16:18:45.433634,Repository upload/modification; not established public disclosure
report_0f5d0a6ce514,report_0f5d0a6ce514_689cbacd33dc6bbf8c13c4a3,GoingtoaBetterSchool.pdf,https://osf.io/download/knupq/,pdf,2025-08-13T16:18:21.342521Z,2025-08-13T16:18:21.342521,Repository upload/modification; not established public disclosure
report_0f5d0a6ce514,report_0f5d0a6ce514_689cbab877543ca1933ccd65,DiscretionaryTaxChangesUK_JK-DC_5_4_2023.pdf,https://osf.io/download/er9tb/,pdf,2025-08-13T16:18:00.994673Z,2025-08-13T16:18:00.994673,Repository upload/modification; not established public disclosure
report_0f5d0a6ce514,report_0f5d0a6ce514_689cbad07f0801bdd613c7ba,InnovationAndInstitutionalOwnership_May10.pdf,https://osf.io/download/mhtre/,pdf,2025-08-13T16:18:24.185791Z,2025-08-13T16:18:24.185791,Repository upload/modification; not established public disclosure
report_0f5d0a6ce514,report_0f5d0a6ce514_689cbadc14edc3b7e0d5a231,OutofAfrica-April11.pdf,https://osf.io/download/f3786/,pdf,2025-08-13T16:18:36.133730Z,2025-08-13T16:18:36.133730,Repository upload/modification; not established public disclosure
report_0f5d0a6ce514,report_0f5d0a6ce514_689cbae76deea60631bc0a80,Vulnerability and Clientelism.pdf,https://osf.io/download/dw78a/,pdf,2025-08-13T16:18:47.815966Z,2025-08-13T16:18:47.815966,Repository upload/modification; not established public disclosure
report_0f5d0a6ce514,report_0f5d0a6ce514_689cbab13f91f5a3af3ccee8,CoerciveContractEnforcementApril19.pdf,https://osf.io/download/vmdhx/,pdf,2025-08-13T16:17:53.225411Z,2025-08-13T16:17:53.225411,Repository upload/modification; not established public disclosure
report_0f5d0a6ce514,report_0f5d0a6ce514_689cbad514edc3b7e0d5a22f,Language-and-Saving-April21.pdf,https://osf.io/download/gc9aq/,pdf,2025-08-13T16:18:29.324393Z,2025-08-13T16:18:29.324393,Repository upload/modification; not established public disclosure
report_0f5d0a6ce514,report_0f5d0a6ce514_689cbadebbdc58ba53d5a0fb,PersuasionThroughSlantedLanguage.pdf,https://osf.io/download/5jthn/,pdf,2025-08-13T16:18:38.496989Z,2025-08-13T16:18:38.496989,Repository upload/modification; not established public disclosure
report_0f5d0a6ce514,report_0f5d0a6ce514_660572c4fe44ca02c42b6a54,significance2.eps,https://osf.io/download/660572c4fe44ca02c42b6a54/,eps,2024-03-28T13:38:12.904365Z,2024-03-28T13:38:12.904365,Repository upload/modification; not established public disclosure
report_0f5d0a6ce514,report_0f5d0a6ce514_6605729d58fa4902c6e4ed50,SummaryFSPresults.tex,https://osf.io/download/6605729d58fa4902c6e4ed50/,tex,2024-03-28T13:37:33.678675Z,2024-03-28T13:37:33.678675,Repository upload/modification; not established public disclosure
report_0f5d0a6ce514,report_0f5d0a6ce514_660572aaeb56f0039c8a3698,Survey_Clean_merged_final.dta,https://osf.io/download/660572aaeb56f0039c8a3698/,dta,2024-03-28T13:37:46.756790Z,2024-03-28T13:37:46.756790,Repository upload/modification; not established public disclosure
report_0f5d0a6ce514,report_0f5d0a6ce514_660572abfe44ca02c02b691a,AER_robustness2.tex,https://osf.io/download/660572abfe44ca02c02b691a/,tex,2024-03-28T13:37:47.467389Z,2024-03-28T13:37:47.467389,Repository upload/modification; not established public disclosure
report_0f5d0a6ce514,report_0f5d0a6ce514_660572d101fc9c0366316809,Tz_distribution_norm_censored2.eps,https://osf.io/download/tdwhe/,eps,2024-03-28T13:38:25.518701Z,2024-03-28T13:38:25.518701,Repository upload/modification; not established public disclosure
report_0f5d0a6ce514,report_0f5d0a6ce514_660572a0bfea1d02c75a3954,SummaryFSPresults.txt,https://osf.io/download/660572a0bfea1d02c75a3954/,txt,2024-03-28T13:37:36.430157Z,2024-03-28T13:37:36.430157,Repository upload/modification; not established public disclosure
report_0f5d0a6ce514,report_0f5d0a6ce514_660572bdfe44ca02c42b6a4c,Survey1.eps,https://osf.io/download/660572bdfe44ca02c42b6a4c/,eps,2024-03-28T13:38:05.736186Z,2024-03-28T13:38:05.736186,Repository upload/modification; not established public disclosure
report_0f5d0a6ce514,report_0f5d0a6ce514_660572c7fe44ca02bf2b6903,significance.eps,https://osf.io/download/660572c7fe44ca02bf2b6903/,eps,2024-03-28T13:38:15.606707Z,2024-03-28T13:38:15.606707,Repository upload/modification; not established public disclosure
report_0f5d0a6ce514,report_0f5d0a6ce514_660572adfe44ca02c42b6a32,AER_robustness2a.tex,https://osf.io/download/660572adfe44ca02c42b6a32/,tex,2024-03-28T13:37:49.429757Z,2024-03-28T13:37:49.429757,Repository upload/modification; not established public disclosure
report_0f5d0a6ce514,report_0f5d0a6ce514_660572aebfea1d02ca5a3984,predictions_RESP_result1.eps,https://osf.io/download/660572aebfea1d02ca5a3984/,eps,2024-03-28T13:37:50.231648Z,2024-03-28T13:37:50.231648,Repository upload/modification; not established public disclosure
report_0f5d0a6ce514,report_0f5d0a6ce514_660572a858fa4902bee4f00a,AER_robustness3a.tex,https://osf.io/download/bzvj7/,tex,2024-03-28T13:37:44.444132Z,2024-03-28T13:37:44.444132,Repository upload/modification; not established public disclosure
report_0f5d0a6ce514,report_0f5d0a6ce514_660572b9bfea1d02cf5a3a4e,predictions_FSP_resultp2.eps,https://osf.io/download/660572b9bfea1d02cf5a3a4e/,eps,2024-03-28T13:38:01.544325Z,2024-03-28T13:38:01.544325,Repository upload/modification; not established public disclosure
report_0f5d0a6ce514,report_0f5d0a6ce514_660572a758fa4902c7e4ed80,AER_robustness3.tex,https://osf.io/download/660572a758fa4902c7e4ed80/,tex,2024-03-28T13:37:43.387760Z,2024-03-28T13:37:43.387760,Repository upload/modification; not established public disclosure
report_0f5d0a6ce514,report_0f5d0a6ce514_660572b4bfea1d02cb5a39fa,predictions_FSP_result2a.eps,https://osf.io/download/660572b4bfea1d02cb5a39fa/,eps,2024-03-28T13:37:56.747855Z,2024-03-28T13:37:56.747855,Repository upload/modification; not established public disclosure
report_0f5d0a6ce514,report_0f5d0a6ce514_660572c801fc9c0366316805,Tz_distribution_norm_censored.eps,https://osf.io/download/660572c801fc9c0366316805/,eps,2024-03-28T13:38:16.696030Z,2024-03-28T13:38:16.696030,Repository upload/modification; not established public disclosure
report_0f5d0a6ce514,report_0f5d0a6ce514_660572bf58fa4902bee4f018,AER_robustness1a.tex,https://osf.io/download/dn9gw/,tex,2024-03-28T13:38:07.302005Z,2024-03-28T13:38:07.302005,Repository upload/modification; not established public disclosure
report_0f5d0a6ce514,report_0f5d0a6ce514_660572cffe44ca02bc2b68f2,variation.eps,https://osf.io/download/mdy9r/,eps,2024-03-28T13:38:23.985579Z,2024-03-28T13:38:23.985579,Repository upload/modification; not established public disclosure
report_0f5d0a6ce514,report_0f5d0a6ce514_660572a2bfea1d02ca5a3981,SquaredRESPError.eps,https://osf.io/download/660572a2bfea1d02ca5a3981/,eps,2024-03-28T13:37:38.272817Z,2024-03-28T13:37:38.272817,Repository upload/modification; not established public disclosure
report_0f5d0a6ce514,report_0f5d0a6ce514_660572d3eb56f003978a361d,Dfbeta_Tz_distribution_norm_censored.eps,https://osf.io/download/vfzkc/,eps,2024-03-28T13:38:27.716510Z,2024-03-28T13:38:27.716510,Repository upload/modification; not established public disclosure
report_0f5d0a6ce514,report_0f5d0a6ce514_660572b258fa4902bee4f012,predictions_FSP_result3.eps,https://osf.io/download/660572b258fa4902bee4f012/,eps,2024-03-28T13:37:54.982729Z,2024-03-28T13:37:54.982729,Repository upload/modification; not established public disclosure
report_0f5d0a6ce514,report_0f5d0a6ce514_660572bc58fa4902c6e4ed6c,predictions_FSP_result2.eps,https://osf.io/download/660572bc58fa4902c6e4ed6c/,eps,2024-03-28T13:38:04.446724Z,2024-03-28T13:38:04.446724,Repository upload/modification; not established public disclosure
report_0f5d0a6ce514,report_0f5d0a6ce514_660572c401fc9c03633167f2,AppendixTable3.eps,https://osf.io/download/660572c401fc9c03633167f2/,eps,2024-03-28T13:38:13.018855Z,2024-03-28T13:38:13.018855,Repository upload/modification; not established public disclosure
report_0f5d0a6ce514,report_0f5d0a6ce514_6605729f58fa4902c7e4ed77,Survey_Clean_merged_final1.dta,https://osf.io/download/6605729f58fa4902c7e4ed77/,dta,2024-03-28T13:37:35.388247Z,2024-03-28T13:37:35.388247,Repository upload/modification; not established public disclosure
report_0f5d0a6ce514,report_0f5d0a6ce514_660572b5fe44ca02c42b6a41,predictions_FSP_result2b.eps,https://osf.io/download/660572b5fe44ca02c42b6a41/,eps,2024-03-28T13:37:57.873861Z,2024-03-28T13:37:57.873861,Repository upload/modification; not established public disclosure
report_0f5d0a6ce514,report_0f5d0a6ce514_660572b9eb56f0039d8a3654,predictions_FSP_result.eps,https://osf.io/download/660572b9eb56f0039d8a3654/,eps,2024-03-28T13:38:01.547842Z,2024-03-28T13:38:01.547842,Repository upload/modification; not established public disclosure
report_0f5d0a6ce514,report_0f5d0a6ce514_660572cd01fc9c035e3167af,variation_paper1.eps,https://osf.io/download/cyzbe/,eps,2024-03-28T13:38:21.197699Z,2024-03-28T13:38:21.197699,Repository upload/modification; not established public disclosure
report_0f5d0a6ce514,report_0f5d0a6ce514_660572c158fa4902b9e4ed7a,AER_robustness1_appendix.tex,https://osf.io/download/660572c158fa4902b9e4ed7a/,tex,2024-03-28T13:38:09.210680Z,2024-03-28T13:38:09.210680,Repository upload/modification; not established public disclosure
report_0f5d0a6ce514,report_0f5d0a6ce514_660572ca58fa4902bde4eebc,Rel_tz_median.eps,https://osf.io/download/660572ca58fa4902bde4eebc/,eps,2024-03-28T13:38:18.586094Z,2024-03-28T13:38:18.586094,Repository upload/modification; not established public disclosure
report_0f5d0a6ce514,report_0f5d0a6ce514_660572b0bfea1d02cf5a3a48,predictions_RESP_result2p.eps,https://osf.io/download/660572b0bfea1d02cf5a3a48/,eps,2024-03-28T13:37:52.195393Z,2024-03-28T13:37:52.195393,Repository upload/modification; not established public disclosure
report_0f5d0a6ce514,report_0f5d0a6ce514_660572c2bfea1d02ce5a3a21,AER_robustness1.tex,https://osf.io/download/660572c2bfea1d02ce5a3a21/,tex,2024-03-28T13:38:10.065307Z,2024-03-28T13:38:10.065307,Repository upload/modification; not established public disclosure
report_0f5d0a6ce514,report_0f5d0a6ce514_660572ce58fa4902c7e4eeb5,significance_result.eps,https://osf.io/download/m5hev/,eps,2024-03-28T13:38:22.565533Z,2024-03-28T13:38:22.565533,Repository upload/modification; not established public disclosure
report_0f5d0a6ce514,report_0f5d0a6ce514_660572a5bfea1d02cf5a3a46,AER_robustness4.tex,https://osf.io/download/660572a5bfea1d02cf5a3a46/,tex,2024-03-28T13:37:41.773243Z,2024-03-28T13:37:41.773243,Repository upload/modification; not established public disclosure
report_0f5d0a6ce514,report_0f5d0a6ce514_660572a458fa4902bee4f000,AER_robustness4_appendix.tex,https://osf.io/download/660572a458fa4902bee4f000/,tex,2024-03-28T13:37:40.169765Z,2024-03-28T13:37:40.169765,Repository upload/modification; not established public disclosure
report_0f5d0a6ce514,report_0f5d0a6ce514_660572b101fc9c036a3168ec,predictions_RESP_result.eps,https://osf.io/download/660572b101fc9c036a3168ec/,eps,2024-03-28T13:37:53.976607Z,2024-03-28T13:37:53.976607,Repository upload/modification; not established public disclosure
report_0f71b3a9e282,report_0f71b3a9e282_68878446ad94d2e384e7cf15,Reply_2.pdf,https://osf.io/download/8qdjz/,pdf,2025-07-28T14:08:06.483927Z,2025-07-28T14:08:06.483927,Repository upload/modification; not established public disclosure
report_0f71b3a9e282,report_0f71b3a9e282_6818c050247f873fb19fdece,Reply_1.pdf,https://osf.io/download/vy8zd/,pdf,2025-05-05T13:42:40.206313Z,2025-05-05T13:42:40.206313,Repository upload/modification; not established public disclosure
report_0f71b3a9e282,report_0f71b3a9e282_688784708fb1356e9223416e,Reproduction_Report_2.pdf,https://osf.io/download/v3ptb/,pdf,2025-07-28T14:08:48.896162Z,2025-07-28T14:08:48.896162,Repository upload/modification; not established public disclosure
report_0f71b3a9e282,report_0f71b3a9e282_6818c068ccd66c75055ef74d,Reproduction_Report_1.pdf,https://osf.io/download/f3vyh/,pdf,2025-05-05T13:43:04.303425Z,2025-05-05T13:43:04.303425,Repository upload/modification; not established public disclosure
report_0facb9bdb772,report_0facb9bdb772_65e8dc17719c060661d4a24c,Newreplication_estimations.do,https://osf.io/download/ujrzc/,do,2024-03-06T21:11:51.240952Z,2024-03-06T21:11:51.240952,Repository upload/modification; not established public disclosure
report_0facb9bdb772,report_0facb9bdb772_65e8dc138992ec0697788802,Estimations_rep.dta,https://osf.io/download/g59ay/,dta,2024-03-06T21:11:47.741550Z,2024-03-06T21:11:47.741550,Repository upload/modification; not established public disclosure
report_0facb9bdb772,report_0facb9bdb772_65b3dcb8ebe5e608e9f5e2dc,Replication report - How Much Should We Trust the Dictators GDP Growth Estimates -revise- TH - 6Dec.pdf,https://osf.io/download/bg78x/,pdf,2024-01-26T16:24:24.353302Z,2024-01-26T16:24:24.353302,Repository upload/modification; not established public disclosure
report_102fa498c658,report_102fa498c658_643483b28f4a1c36c1fc8e65,Response to JPE replication.pdf,https://osf.io/download/2k5se/,pdf,2023-04-10T21:46:26.091521Z,2023-04-10T21:46:26.091521,Repository upload/modification; not established public disclosure
report_1038ad88495f,report_1038ad88495f_6a871a51131c1a965c6c5929,Replication Report NHB_Bennett.pdf,https://osf.io/download/6a871a51131c1a965c6c5929/,pdf,2026-08-20T15:16:33.573894Z,2026-08-20T15:16:33.573894,Repository upload/modification; not established public disclosure
report_1038ad88495f,report_1038ad88495f_6a871a5c40db0604f56c578c,Reproducers_code.zip,https://osf.io/download/6a871a5c40db0604f56c578c/,zip,2026-08-20T15:16:44.546872Z,2026-08-20T15:16:44.546872,Repository upload/modification; not established public disclosure
report_1038ad88495f,report_1038ad88495f_6a871a4b828d46fded26fbc1,Response Report NHB Bennett_2608.pdf,https://osf.io/download/6a871a4b828d46fded26fbc1/,pdf,2026-08-20T15:16:27.152603Z,2026-08-20T15:16:27.152603,Repository upload/modification; not established public disclosure
report_111f75ef12be,report_111f75ef12be_6a8db922d2ed99a678e39fbf,report replication games se version ABMZ.pdf,https://osf.io/download/6a8db922d2ed99a678e39fbf/,pdf,2026-08-25T15:47:46.456289Z,2026-08-25T15:47:46.456289,Repository upload/modification; not established public disclosure
report_117ccd13ae51,report_117ccd13ae51_6807615e4f254e89a1b7d2da,PAP w addendum.pdf,https://osf.io/download/zyqdb/,pdf,2025-04-22T09:29:02.775413Z,2025-04-22T09:29:02.775413,Repository upload/modification; not established public disclosure
report_117ccd13ae51,report_117ccd13ae51_689d88ee1a4a962e981f201b,Referee Report Full Data.xlsx,https://osf.io/download/qj3fc/,xlsx,2025-08-14T06:57:50.888388Z,2025-08-14T06:57:50.888388,Repository upload/modification; not established public disclosure
report_117ccd13ae51,report_117ccd13ae51_649c947567aff80dfaedfdba,AER Robustness Survey PAP.pdf,https://osf.io/download/t4nfm/,pdf,2023-06-28T20:13:41.708342Z,2023-06-28T20:13:41.708342,Repository upload/modification; not established public disclosure
report_117ccd13ae51,report_117ccd13ae51_67408cf48d42fcc5f496c79d,PAP reviewing reports.pdf,https://osf.io/download/tzk2a/,pdf,2024-11-22T13:53:56.861031Z,2024-11-22T13:53:56.861031,Repository upload/modification; not established public disclosure
report_117ccd13ae51,report_117ccd13ae51_65aa175399d0100080626a10,AER_Robustness_survey.qsf,https://osf.io/download/bzvru/,qsf,2024-01-19T06:31:47.259855Z,2024-01-19T06:31:47.259855,Repository upload/modification; not established public disclosure
report_117ccd13ae51,report_117ccd13ae51_65aa1753ebe5e60092f5e7a1,Qualtrics Survey.pdf,https://osf.io/download/gnrqb/,pdf,2024-01-19T06:31:47.237320Z,2024-01-19T06:31:47.237320,Repository upload/modification; not established public disclosure
report_117ccd13ae51,report_117ccd13ae51_688873c853738286562341be,Convex_supply_Response_Institute_for_Replication.pdf,https://osf.io/download/uev65/,pdf,2025-07-29T07:10:00.382149Z,2025-07-29T07:10:00.382149,Repository upload/modification; not established public disclosure
report_117ccd13ae51,report_117ccd13ae51_688873cc45ec217577e7cc18,Partisanship and Fiscal Policy in Economic Unions Evidence from US States.pdf,https://osf.io/download/jfv9h/,pdf,2025-07-29T07:10:04.244503Z,2025-07-29T07:10:04.244503,Repository upload/modification; not established public disclosure
report_117ccd13ae51,report_117ccd13ae51_688873c9c093c96d1c256d5e,AMV_IfR_Reply.pdf,https://osf.io/download/nb6fp/,pdf,2025-07-29T07:10:01.188977Z,2025-07-29T07:10:01.188977,Repository upload/modification; not established public disclosure
report_117ccd13ae51,report_117ccd13ae51_688873fc307d62b882234157,Persuasion through Slanted Language Evidence from the Media Coverage of Immigration[91].pdf,https://osf.io/download/d3n9g/,pdf,2025-07-29T07:10:52.897285Z,2025-07-29T07:10:52.897285,Repository upload/modification; not established public disclosure
report_117ccd13ae51,report_117ccd13ae51_688873cbf17815c6db2340e4,Going to a Better School Effects and Behavioral Responses.pdf,https://osf.io/download/t6se8/,pdf,2025-07-29T07:10:03.286182Z,2025-07-29T07:10:03.286182,Repository upload/modification; not established public disclosure
report_117ccd13ae51,report_117ccd13ae51_688a56d976f3876855a23ec0,"Interaction, Stereotypes, and Performance Evidence from South Africa.pdf",https://osf.io/download/nwe9u/,pdf,2025-07-30T17:31:05.740447Z,2025-07-30T17:31:05.740447,Repository upload/modification; not established public disclosure
report_117ccd13ae51,report_117ccd13ae51_6602ddb3a8fcbc010736e6ca,retail-pharmacies-Mar25.pdf,https://osf.io/download/k7g5p/,pdf,2024-03-26T14:37:39.694296Z,2024-03-26T14:37:39.694296,Repository upload/modification; not established public disclosure
report_117ccd13ae51,report_117ccd13ae51_6602ddacc9e09000ebbde57e,going-to-a-better-school-Feb3.pdf,https://osf.io/download/n7r9z/,pdf,2024-03-26T14:37:32.473160Z,2024-03-26T14:37:32.473160,Repository upload/modification; not established public disclosure
report_117ccd13ae51,report_117ccd13ae51_688a572fce90943bc92341d3,SelfEnforcingTradeAgreements_Robustness_July26.pdf,https://osf.io/download/e6zvc/,pdf,2025-07-30T17:32:31.069644Z,2025-07-30T17:32:31.069644,Repository upload/modification; not established public disclosure
report_117ccd13ae51,report_117ccd13ae51_6602ddacb3a1e300ec7dfa01,Innovation-and-Institutional-Ownership-Mar25.pdf,https://osf.io/download/qz5g6/,pdf,2024-03-26T14:37:32.956311Z,2024-03-26T14:37:32.956311,Repository upload/modification; not established public disclosure
report_117ccd13ae51,report_117ccd13ae51_6602ddb4c9e09000ebbde58b,vulnerability-and-clientelism-Feb3.pdf,https://osf.io/download/j64at/,pdf,2024-03-26T14:37:40.095085Z,2024-03-26T14:37:40.095085,Repository upload/modification; not established public disclosure
report_117ccd13ae51,report_117ccd13ae51_6602ddabb3a1e300e07df62d,discretionary-tax-changes-FINAL.pdf,https://osf.io/download/4qnf7/,pdf,2024-03-26T14:37:31.363833Z,2024-03-26T14:37:31.363833,Repository upload/modification; not established public disclosure
report_117ccd13ae51,report_117ccd13ae51_6602ddb1b3a1e300f97def1a,partisanship-and-fiscal-policy-Mar25.pdf,https://osf.io/download/wekyz/,pdf,2024-03-26T14:37:37.282311Z,2024-03-26T14:37:37.282311,Repository upload/modification; not established public disclosure
report_117ccd13ae51,report_117ccd13ae51_6602ddb49dc8ef010089875e,technological-change-Mar25.pdf,https://osf.io/download/hqens/,pdf,2024-03-26T14:37:40.940587Z,2024-03-26T14:37:40.940587,Repository upload/modification; not established public disclosure
report_117ccd13ae51,report_117ccd13ae51_6602ddad9dc8ef00f88981bb,interaction-stereotypes-and-performance-Mar25.pdf,https://osf.io/download/guekw/,pdf,2024-03-26T14:37:33.270054Z,2024-03-26T14:37:33.270054,Repository upload/modification; not established public disclosure
report_117ccd13ae51,report_117ccd13ae51_6602ddabb3a1e300ec7df9ff,ConvexSupplyCurves_Robustness-Mar25.pdf,https://osf.io/download/hpd8s/,pdf,2024-03-26T14:37:31.333402Z,2024-03-26T14:37:31.333402,Repository upload/modification; not established public disclosure
report_117ccd13ae51,report_117ccd13ae51_6602ddafa8fcbc00f236e905,out-of-africa_Feb4.pdf,https://osf.io/download/d4f23/,pdf,2024-03-26T14:37:35.381670Z,2024-03-26T14:37:35.381670,Repository upload/modification; not established public disclosure
report_117ccd13ae51,report_117ccd13ae51_6602ddb1d9031c00ef03a99b,religious-festivals-and-development_Mar5.pdf,https://osf.io/download/d3seq/,pdf,2024-03-26T14:37:37.256213Z,2024-03-26T14:37:37.256213,Repository upload/modification; not established public disclosure
report_117ccd13ae51,report_117ccd13ae51_6602ddaac9e09000ebbde57c,coercive-contract-enforcement-Mar25.pdf,https://osf.io/download/vg745/,pdf,2024-03-26T14:37:30.165335Z,2024-03-26T14:37:30.165335,Repository upload/modification; not established public disclosure
report_117ccd13ae51,report_117ccd13ae51_6602ddaaa8fcbc010736e6b8,commercial-imperialism-Jan24.pdf,https://osf.io/download/w5pve/,pdf,2024-03-26T14:37:30.195188Z,2024-03-26T14:37:30.195188,Repository upload/modification; not established public disclosure
report_117ccd13ae51,report_117ccd13ae51_6602ddaec9e09000ebbde584,merchant-towns-Mar25.pdf,https://osf.io/download/tm4xc/,pdf,2024-03-26T14:37:34.475773Z,2024-03-26T14:37:34.475773,Repository upload/modification; not established public disclosure
report_117ccd13ae51,report_117ccd13ae51_6602ddb1c9e09000f4bddc78,persuasion-through-slanted-language-Mar.pdf,https://osf.io/download/rw7j9/,pdf,2024-03-26T14:37:37.246703Z,2024-03-26T14:37:37.246703,Repository upload/modification; not established public disclosure
report_117ccd13ae51,report_117ccd13ae51_6602ddaeb3a1e300f97def18,language-and-economic-behavior-Mar25.pdf,https://osf.io/download/h246d/,pdf,2024-03-26T14:37:35.047581Z,2024-03-26T14:37:35.047581,Repository upload/modification; not established public disclosure
report_117ccd13ae51,report_117ccd13ae51_66057261fe44ca02c02b690d,MasterData15January2024f.dta,https://osf.io/download/pdvrh/,dta,2024-03-28T13:36:33.429866Z,2024-03-28T13:36:33.429866,Repository upload/modification; not established public disclosure
report_117ccd13ae51,report_117ccd13ae51_66057255bfea1d02cf5a39db,Stat_indicators_paper.dta,https://osf.io/download/czhsb/,dta,2024-03-28T13:36:21.927021Z,2024-03-28T13:36:21.927021,Repository upload/modification; not established public disclosure
report_117ccd13ae51,report_117ccd13ae51_6605725eeb56f0039c8a3683,MasterAnalysis17Mar.do,https://osf.io/download/jczbn/,do,2024-03-28T13:36:30.413608Z,2024-03-28T13:36:30.413608,Repository upload/modification; not established public disclosure
report_117ccd13ae51,report_117ccd13ae51_6605725abfea1d02b95a3b8d,Survey_Clean_merged.dta,https://osf.io/download/r7xps/,dta,2024-03-28T13:36:26.676033Z,2024-03-28T13:36:26.676033,Repository upload/modification; not established public disclosure
report_117ccd13ae51,report_117ccd13ae51_66057252bfea1d02ca5a3963,README_Robustness_AER.pdf,https://osf.io/download/dthu2/,pdf,2024-03-28T13:36:18.659170Z,2024-03-28T13:36:18.659170,Repository upload/modification; not established public disclosure
report_117ccd13ae51,report_117ccd13ae51_6605726358fa4902bde4ee9e,MasterData10March2024.dta,https://osf.io/download/9x3qb/,dta,2024-03-28T13:36:35.138459Z,2024-03-28T13:36:35.138459,Repository upload/modification; not established public disclosure
report_117ccd13ae51,report_117ccd13ae51_6605725feb56f003808a3825,MasterData15January2024f2.dta,https://osf.io/download/xvspz/,dta,2024-03-28T13:36:31.897590Z,2024-03-28T13:36:31.897590,Repository upload/modification; not established public disclosure
report_117ccd13ae51,report_117ccd13ae51_66057252bfea1d02ce5a399f,Survey Analysis_Mar.do,https://osf.io/download/kfy8p/,do,2024-03-28T13:36:18.598672Z,2024-03-28T13:36:18.598672,Repository upload/modification; not established public disclosure
report_117ccd13ae51,report_117ccd13ae51_66057266eb56f0039f8a36df,Survey_responsesf.dta,https://osf.io/download/75gcd/,dta,2024-03-28T13:36:38.385381Z,2024-03-28T13:36:38.385381,Repository upload/modification; not established public disclosure
report_117ccd13ae51,report_117ccd13ae51_66057264eb56f0039f8a36dd,Survey_Averages.dta,https://osf.io/download/5wpf4/,dta,2024-03-28T13:36:36.413231Z,2024-03-28T13:36:36.413231,Repository upload/modification; not established public disclosure
report_117ccd13ae51,report_117ccd13ae51_66057255fe44ca02bf2b68f9,Stat_indicators_finding.dta,https://osf.io/download/66057255fe44ca02bf2b68f9/,dta,2024-03-28T13:36:21.982030Z,2024-03-28T13:36:21.982030,Repository upload/modification; not established public disclosure
report_117ccd13ae51,report_117ccd13ae51_6605725ceb56f003988a3621,Survey_Data.dta,https://osf.io/download/6605725ceb56f003988a3621/,dta,2024-03-28T13:36:28.646365Z,2024-03-28T13:36:28.646365,Repository upload/modification; not established public disclosure
report_117ccd13ae51,report_117ccd13ae51_66057259bfea1d02cb5a39a4,Survey_Clean.dta,https://osf.io/download/66057259bfea1d02cb5a39a4/,dta,2024-03-28T13:36:25.465571Z,2024-03-28T13:36:25.465571,Repository upload/modification; not established public disclosure
report_117ccd13ae51,report_117ccd13ae51_689cbada9d9b5804761f1ff4,Partisanship_and_Fiscal_Policyf.pdf,https://osf.io/download/awsd7/,pdf,2025-08-13T16:18:34.498248Z,2025-08-13T16:18:34.498248,Repository upload/modification; not established public disclosure
report_117ccd13ae51,report_117ccd13ae51_689cbae146c026ea11bc0de4,RetailPharmaciesandOpioids.pdf,https://osf.io/download/5kxwg/,pdf,2025-08-13T16:18:41.836870Z,2025-08-13T16:18:41.836870,Repository upload/modification; not established public disclosure
report_117ccd13ae51,report_117ccd13ae51_689cbae42674356d821f21ac,Self_Enforcing_Trade_Agreements.pdf,https://osf.io/download/4zu2w/,pdf,2025-08-13T16:18:44.656393Z,2025-08-13T16:18:44.656393,Repository upload/modification; not established public disclosure
report_117ccd13ae51,report_117ccd13ae51_689cbab5dbb82738361f1fc4,ConvexSupplyCurves_Robustness-DCApr26.pdf,https://osf.io/download/ynjxu/,pdf,2025-08-13T16:17:57.499119Z,2025-08-13T16:17:57.499119,Repository upload/modification; not established public disclosure
report_117ccd13ae51,report_117ccd13ae51_689cbadffcb29399e83ccf49,ReligiousFestivalsandDevelopment_May21.pdf,https://osf.io/download/argx2/,pdf,2025-08-13T16:18:39.726002Z,2025-08-13T16:18:39.726002,Repository upload/modification; not established public disclosure
report_117ccd13ae51,report_117ccd13ae51_689cbad189de62ba26d5a10e,Interaction-Stereotypes-and-Performance.pdf,https://osf.io/download/nsbv2/,pdf,2025-08-13T16:18:25.794542Z,2025-08-13T16:18:25.794542,Repository upload/modification; not established public disclosure
report_117ccd13ae51,report_117ccd13ae51_689cbab177543ca1933ccd61,Commercial_Imperialism-April21.pdf,https://osf.io/download/46fk5/,pdf,2025-08-13T16:17:53.304717Z,2025-08-13T16:17:53.304717,Repository upload/modification; not established public disclosure
report_117ccd13ae51,report_117ccd13ae51_689cbad75b1a416a873cce1a,Merchant-Towns-May10.pdf,https://osf.io/download/ugjh4/,pdf,2025-08-13T16:18:31.445501Z,2025-08-13T16:18:31.445501,Repository upload/modification; not established public disclosure
report_117ccd13ae51,report_117ccd13ae51_689cbae546c026ea11bc0de6,TechnologicalChange_May21.pdf,https://osf.io/download/4qtvr/,pdf,2025-08-13T16:18:45.433634Z,2025-08-13T16:18:45.433634,Repository upload/modification; not established public disclosure
report_117ccd13ae51,report_117ccd13ae51_689cbacd33dc6bbf8c13c4a3,GoingtoaBetterSchool.pdf,https://osf.io/download/knupq/,pdf,2025-08-13T16:18:21.342521Z,2025-08-13T16:18:21.342521,Repository upload/modification; not established public disclosure
report_117ccd13ae51,report_117ccd13ae51_689cbab877543ca1933ccd65,DiscretionaryTaxChangesUK_JK-DC_5_4_2023.pdf,https://osf.io/download/er9tb/,pdf,2025-08-13T16:18:00.994673Z,2025-08-13T16:18:00.994673,Repository upload/modification; not established public disclosure
report_117ccd13ae51,report_117ccd13ae51_689cbad07f0801bdd613c7ba,InnovationAndInstitutionalOwnership_May10.pdf,https://osf.io/download/mhtre/,pdf,2025-08-13T16:18:24.185791Z,2025-08-13T16:18:24.185791,Repository upload/modification; not established public disclosure
report_117ccd13ae51,report_117ccd13ae51_689cbadc14edc3b7e0d5a231,OutofAfrica-April11.pdf,https://osf.io/download/f3786/,pdf,2025-08-13T16:18:36.133730Z,2025-08-13T16:18:36.133730,Repository upload/modification; not established public disclosure
report_117ccd13ae51,report_117ccd13ae51_689cbae76deea60631bc0a80,Vulnerability and Clientelism.pdf,https://osf.io/download/dw78a/,pdf,2025-08-13T16:18:47.815966Z,2025-08-13T16:18:47.815966,Repository upload/modification; not established public disclosure
report_117ccd13ae51,report_117ccd13ae51_689cbab13f91f5a3af3ccee8,CoerciveContractEnforcementApril19.pdf,https://osf.io/download/vmdhx/,pdf,2025-08-13T16:17:53.225411Z,2025-08-13T16:17:53.225411,Repository upload/modification; not established public disclosure
report_117ccd13ae51,report_117ccd13ae51_689cbad514edc3b7e0d5a22f,Language-and-Saving-April21.pdf,https://osf.io/download/gc9aq/,pdf,2025-08-13T16:18:29.324393Z,2025-08-13T16:18:29.324393,Repository upload/modification; not established public disclosure
report_117ccd13ae51,report_117ccd13ae51_689cbadebbdc58ba53d5a0fb,PersuasionThroughSlantedLanguage.pdf,https://osf.io/download/5jthn/,pdf,2025-08-13T16:18:38.496989Z,2025-08-13T16:18:38.496989,Repository upload/modification; not established public disclosure
report_117ccd13ae51,report_117ccd13ae51_660572c4fe44ca02c42b6a54,significance2.eps,https://osf.io/download/660572c4fe44ca02c42b6a54/,eps,2024-03-28T13:38:12.904365Z,2024-03-28T13:38:12.904365,Repository upload/modification; not established public disclosure
report_117ccd13ae51,report_117ccd13ae51_6605729d58fa4902c6e4ed50,SummaryFSPresults.tex,https://osf.io/download/6605729d58fa4902c6e4ed50/,tex,2024-03-28T13:37:33.678675Z,2024-03-28T13:37:33.678675,Repository upload/modification; not established public disclosure
report_117ccd13ae51,report_117ccd13ae51_660572aaeb56f0039c8a3698,Survey_Clean_merged_final.dta,https://osf.io/download/660572aaeb56f0039c8a3698/,dta,2024-03-28T13:37:46.756790Z,2024-03-28T13:37:46.756790,Repository upload/modification; not established public disclosure
report_117ccd13ae51,report_117ccd13ae51_660572abfe44ca02c02b691a,AER_robustness2.tex,https://osf.io/download/660572abfe44ca02c02b691a/,tex,2024-03-28T13:37:47.467389Z,2024-03-28T13:37:47.467389,Repository upload/modification; not established public disclosure
report_117ccd13ae51,report_117ccd13ae51_660572d101fc9c0366316809,Tz_distribution_norm_censored2.eps,https://osf.io/download/tdwhe/,eps,2024-03-28T13:38:25.518701Z,2024-03-28T13:38:25.518701,Repository upload/modification; not established public disclosure
report_117ccd13ae51,report_117ccd13ae51_660572a0bfea1d02c75a3954,SummaryFSPresults.txt,https://osf.io/download/660572a0bfea1d02c75a3954/,txt,2024-03-28T13:37:36.430157Z,2024-03-28T13:37:36.430157,Repository upload/modification; not established public disclosure
report_117ccd13ae51,report_117ccd13ae51_660572bdfe44ca02c42b6a4c,Survey1.eps,https://osf.io/download/660572bdfe44ca02c42b6a4c/,eps,2024-03-28T13:38:05.736186Z,2024-03-28T13:38:05.736186,Repository upload/modification; not established public disclosure
report_117ccd13ae51,report_117ccd13ae51_660572c7fe44ca02bf2b6903,significance.eps,https://osf.io/download/660572c7fe44ca02bf2b6903/,eps,2024-03-28T13:38:15.606707Z,2024-03-28T13:38:15.606707,Repository upload/modification; not established public disclosure
report_117ccd13ae51,report_117ccd13ae51_660572adfe44ca02c42b6a32,AER_robustness2a.tex,https://osf.io/download/660572adfe44ca02c42b6a32/,tex,2024-03-28T13:37:49.429757Z,2024-03-28T13:37:49.429757,Repository upload/modification; not established public disclosure
report_117ccd13ae51,report_117ccd13ae51_660572aebfea1d02ca5a3984,predictions_RESP_result1.eps,https://osf.io/download/660572aebfea1d02ca5a3984/,eps,2024-03-28T13:37:50.231648Z,2024-03-28T13:37:50.231648,Repository upload/modification; not established public disclosure
report_117ccd13ae51,report_117ccd13ae51_660572a858fa4902bee4f00a,AER_robustness3a.tex,https://osf.io/download/bzvj7/,tex,2024-03-28T13:37:44.444132Z,2024-03-28T13:37:44.444132,Repository upload/modification; not established public disclosure
report_117ccd13ae51,report_117ccd13ae51_660572b9bfea1d02cf5a3a4e,predictions_FSP_resultp2.eps,https://osf.io/download/660572b9bfea1d02cf5a3a4e/,eps,2024-03-28T13:38:01.544325Z,2024-03-28T13:38:01.544325,Repository upload/modification; not established public disclosure
report_117ccd13ae51,report_117ccd13ae51_660572a758fa4902c7e4ed80,AER_robustness3.tex,https://osf.io/download/660572a758fa4902c7e4ed80/,tex,2024-03-28T13:37:43.387760Z,2024-03-28T13:37:43.387760,Repository upload/modification; not established public disclosure
report_117ccd13ae51,report_117ccd13ae51_660572b4bfea1d02cb5a39fa,predictions_FSP_result2a.eps,https://osf.io/download/660572b4bfea1d02cb5a39fa/,eps,2024-03-28T13:37:56.747855Z,2024-03-28T13:37:56.747855,Repository upload/modification; not established public disclosure
report_117ccd13ae51,report_117ccd13ae51_660572c801fc9c0366316805,Tz_distribution_norm_censored.eps,https://osf.io/download/660572c801fc9c0366316805/,eps,2024-03-28T13:38:16.696030Z,2024-03-28T13:38:16.696030,Repository upload/modification; not established public disclosure
report_117ccd13ae51,report_117ccd13ae51_660572bf58fa4902bee4f018,AER_robustness1a.tex,https://osf.io/download/dn9gw/,tex,2024-03-28T13:38:07.302005Z,2024-03-28T13:38:07.302005,Repository upload/modification; not established public disclosure
report_117ccd13ae51,report_117ccd13ae51_660572cffe44ca02bc2b68f2,variation.eps,https://osf.io/download/mdy9r/,eps,2024-03-28T13:38:23.985579Z,2024-03-28T13:38:23.985579,Repository upload/modification; not established public disclosure
report_117ccd13ae51,report_117ccd13ae51_660572a2bfea1d02ca5a3981,SquaredRESPError.eps,https://osf.io/download/660572a2bfea1d02ca5a3981/,eps,2024-03-28T13:37:38.272817Z,2024-03-28T13:37:38.272817,Repository upload/modification; not established public disclosure
report_117ccd13ae51,report_117ccd13ae51_660572d3eb56f003978a361d,Dfbeta_Tz_distribution_norm_censored.eps,https://osf.io/download/vfzkc/,eps,2024-03-28T13:38:27.716510Z,2024-03-28T13:38:27.716510,Repository upload/modification; not established public disclosure
report_117ccd13ae51,report_117ccd13ae51_660572b258fa4902bee4f012,predictions_FSP_result3.eps,https://osf.io/download/660572b258fa4902bee4f012/,eps,2024-03-28T13:37:54.982729Z,2024-03-28T13:37:54.982729,Repository upload/modification; not established public disclosure
report_117ccd13ae51,report_117ccd13ae51_660572bc58fa4902c6e4ed6c,predictions_FSP_result2.eps,https://osf.io/download/660572bc58fa4902c6e4ed6c/,eps,2024-03-28T13:38:04.446724Z,2024-03-28T13:38:04.446724,Repository upload/modification; not established public disclosure
report_117ccd13ae51,report_117ccd13ae51_660572c401fc9c03633167f2,AppendixTable3.eps,https://osf.io/download/660572c401fc9c03633167f2/,eps,2024-03-28T13:38:13.018855Z,2024-03-28T13:38:13.018855,Repository upload/modification; not established public disclosure
report_117ccd13ae51,report_117ccd13ae51_6605729f58fa4902c7e4ed77,Survey_Clean_merged_final1.dta,https://osf.io/download/6605729f58fa4902c7e4ed77/,dta,2024-03-28T13:37:35.388247Z,2024-03-28T13:37:35.388247,Repository upload/modification; not established public disclosure
report_117ccd13ae51,report_117ccd13ae51_660572b5fe44ca02c42b6a41,predictions_FSP_result2b.eps,https://osf.io/download/660572b5fe44ca02c42b6a41/,eps,2024-03-28T13:37:57.873861Z,2024-03-28T13:37:57.873861,Repository upload/modification; not established public disclosure
report_117ccd13ae51,report_117ccd13ae51_660572b9eb56f0039d8a3654,predictions_FSP_result.eps,https://osf.io/download/660572b9eb56f0039d8a3654/,eps,2024-03-28T13:38:01.547842Z,2024-03-28T13:38:01.547842,Repository upload/modification; not established public disclosure
report_117ccd13ae51,report_117ccd13ae51_660572cd01fc9c035e3167af,variation_paper1.eps,https://osf.io/download/cyzbe/,eps,2024-03-28T13:38:21.197699Z,2024-03-28T13:38:21.197699,Repository upload/modification; not established public disclosure
report_117ccd13ae51,report_117ccd13ae51_660572c158fa4902b9e4ed7a,AER_robustness1_appendix.tex,https://osf.io/download/660572c158fa4902b9e4ed7a/,tex,2024-03-28T13:38:09.210680Z,2024-03-28T13:38:09.210680,Repository upload/modification; not established public disclosure
report_117ccd13ae51,report_117ccd13ae51_660572ca58fa4902bde4eebc,Rel_tz_median.eps,https://osf.io/download/660572ca58fa4902bde4eebc/,eps,2024-03-28T13:38:18.586094Z,2024-03-28T13:38:18.586094,Repository upload/modification; not established public disclosure
report_117ccd13ae51,report_117ccd13ae51_660572b0bfea1d02cf5a3a48,predictions_RESP_result2p.eps,https://osf.io/download/660572b0bfea1d02cf5a3a48/,eps,2024-03-28T13:37:52.195393Z,2024-03-28T13:37:52.195393,Repository upload/modification; not established public disclosure
report_117ccd13ae51,report_117ccd13ae51_660572c2bfea1d02ce5a3a21,AER_robustness1.tex,https://osf.io/download/660572c2bfea1d02ce5a3a21/,tex,2024-03-28T13:38:10.065307Z,2024-03-28T13:38:10.065307,Repository upload/modification; not established public disclosure
report_117ccd13ae51,report_117ccd13ae51_660572ce58fa4902c7e4eeb5,significance_result.eps,https://osf.io/download/m5hev/,eps,2024-03-28T13:38:22.565533Z,2024-03-28T13:38:22.565533,Repository upload/modification; not established public disclosure
report_117ccd13ae51,report_117ccd13ae51_660572a5bfea1d02cf5a3a46,AER_robustness4.tex,https://osf.io/download/660572a5bfea1d02cf5a3a46/,tex,2024-03-28T13:37:41.773243Z,2024-03-28T13:37:41.773243,Repository upload/modification; not established public disclosure
report_117ccd13ae51,report_117ccd13ae51_660572a458fa4902bee4f000,AER_robustness4_appendix.tex,https://osf.io/download/660572a458fa4902bee4f000/,tex,2024-03-28T13:37:40.169765Z,2024-03-28T13:37:40.169765,Repository upload/modification; not established public disclosure
report_117ccd13ae51,report_117ccd13ae51_660572b101fc9c036a3168ec,predictions_RESP_result.eps,https://osf.io/download/660572b101fc9c036a3168ec/,eps,2024-03-28T13:37:53.976607Z,2024-03-28T13:37:53.976607,Repository upload/modification; not established public disclosure
report_13543fae5f0d,report_13543fae5f0d_6a7b6041df69a106fe12d558,Liu_reproducibility_report_15_05.pdf,https://osf.io/download/r2v5m/,pdf,2026-08-11T17:47:45.477334Z,2026-08-11T17:47:45.477334,Repository upload/modification; not established public disclosure
report_13543fae5f0d,report_13543fae5f0d_6a7b6045b9dfceb2c06a5a17,Response_Letter_final_updated.pdf,https://osf.io/download/r54aw/,pdf,2026-08-11T17:47:49.545951Z,2026-08-11T17:47:49.545951,Repository upload/modification; not established public disclosure
report_17615f22175f,report_17615f22175f_6a91bcafcffcb545a21366db,response_to_the_authors.pdf,https://osf.io/download/tbvkn/,pdf,2026-08-28T16:51:59.561011Z,2026-08-28T16:51:59.561011,Repository upload/modification; not established public disclosure
report_17615f22175f,report_17615f22175f_6a91bcd945d0123e0c897a89,reply2.pdf,https://osf.io/download/h2myp/,pdf,2026-08-28T16:52:41.896384Z,2026-08-28T16:52:41.896384,Repository upload/modification; not established public disclosure
report_17615f22175f,report_17615f22175f_6a91bc9e45d0123e0c897a4c,replication_Costanzo_Damelio_Mariani_Rigaux.pdf,https://osf.io/download/wkmg8/,pdf,2026-08-28T16:51:42.156961Z,2026-08-28T16:51:42.156961,Repository upload/modification; not established public disclosure
report_180de0be9052,report_180de0be9052_6a282fa2d0bf5fe5e66d8265,Reproduction Report - Why Twitter Sometimes Rewards What Most People Disapprove of.pdf,https://osf.io/download/j9mt4/,pdf,2026-06-09T15:22:10.317826Z,2026-06-09T15:22:10.317826,Repository upload/modification; not established public disclosure
report_19c3ee595fc7,report_19c3ee595fc7_6a280f78645ec9af1397fb47,reproduction_code.R,https://osf.io/download/6a280f78645ec9af1397fb47/,r,2026-06-09T13:04:56.997246Z,2026-06-09T13:04:56.997246,Repository upload/modification; not established public disclosure
report_19c3ee595fc7,report_19c3ee595fc7_6a280f744b7f57c10897fa64,Reproduction_Report.pdf,https://osf.io/download/fe6pr/,pdf,2026-06-09T13:04:52.240265Z,2026-06-09T13:04:52.240265,Repository upload/modification; not established public disclosure
report_19c3ee595fc7,report_19c3ee595fc7_6a280f7d7a9120a692cdd23e,Author Response to the Reproduction Report on Prowten et al.pdf,https://osf.io/download/u7xnd/,pdf,2026-06-09T13:05:01.380921Z,2026-06-09T13:05:01.380921,Repository upload/modification; not established public disclosure
report_19c9277027f4,report_19c9277027f4_65984b179513848b562385fb,Replication_Report_2023___Who_Chooses_Commitment-1.pdf,https://osf.io/download/8rb5k/,pdf,2024-01-05T18:31:52.102746Z,2024-01-05T18:31:52.102746,Repository upload/modification; not established public disclosure
report_19c9277027f4,report_19c9277027f4_660d7aea219e711d04f6a804,anonymous replication package.zip,https://osf.io/download/gvbrw/,zip,2024-04-03T15:51:06.905815Z,2024-04-03T15:51:06.905815,Repository upload/modification; not established public disclosure
report_1ccbfbef81d1,report_1ccbfbef81d1_6a91a6d2fba6934de7897948,Replication_IFR_Lopalo_GirardLebloisSoubeyran.pdf,https://osf.io/download/6a91a6d2fba6934de7897948/,pdf,2026-08-28T15:18:42.497494Z,2026-08-28T15:18:42.497494,Repository upload/modification; not established public disclosure
report_1ccbfbef81d1,report_1ccbfbef81d1_6a91a6d87c902f8010897941,I4R_Reply_final.pdf,https://osf.io/download/6a91a6d87c902f8010897941/,pdf,2026-08-28T15:18:48.430508Z,2026-08-28T15:18:48.430508,Repository upload/modification; not established public disclosure
report_1e99491ab20f,report_1e99491ab20f_6a847d56b9fa2d76bdcd3a74,Reproduction_report.PDF,https://osf.io/download/6a847d56b9fa2d76bdcd3a74/,pdf,2026-08-18T15:42:14.374684Z,2026-08-18T15:42:14.374684,Repository upload/modification; not established public disclosure
report_1ef3fd4e5166,report_1ef3fd4e5166_6a7b4277f7487ac8ac692ab9,Replication Report NHB - Gidziela et al 2023A .pdf,https://osf.io/download/6a7b4277f7487ac8ac692ab9/,pdf,2026-08-11T15:40:39.777076Z,2026-08-11T15:40:39.777076,Repository upload/modification; not established public disclosure
report_1efb9ff6b290,report_1efb9ff6b290_6a280df6548fcc2a9c6d836e,Comment on Roth et al. 2024 codes.zip,https://osf.io/download/e4dt7/,zip,2026-06-09T12:58:30.146259Z,2026-06-09T12:58:30.146259,Repository upload/modification; not established public disclosure
report_1efb9ff6b290,report_1efb9ff6b290_6a280deeb83f6ddbd46d8307,Del Sordo et al. Comment on Roth 2024.pdf,https://osf.io/download/t726x/,pdf,2026-06-09T12:58:22.663891Z,2026-06-09T12:58:22.663891,Repository upload/modification; not established public disclosure
report_1f90474faad5,report_1f90474faad5_67ba21e9958d09fb4aa552f9,Author Statement 2.pdf,https://osf.io/download/wnf29/,pdf,2025-02-22T19:13:45.867281Z,2025-02-22T19:13:45.867281,Repository upload/modification; not established public disclosure
report_1f90474faad5,report_1f90474faad5_67bbc8dab42fd4df69c34cb3,Reproduction_Report.pdf,https://osf.io/download/tcv6e/,pdf,2025-02-24T01:18:18.837805Z,2025-02-24T01:18:18.837805,Repository upload/modification; not established public disclosure
report_1f90474faad5,report_1f90474faad5_67bb9dbddf7d7b177619f1a8,AEJRepPackage.zip,https://osf.io/download/s2t6f/,zip,2025-02-23T22:14:21.255374Z,2025-02-23T22:14:21.255374,Repository upload/modification; not established public disclosure
report_1f90474faad5,report_1f90474faad5_67ba21e7f3900ad6dda54969,Author Statement 1.pdf,https://osf.io/download/b94vw/,pdf,2025-02-22T19:13:43.506175Z,2025-02-22T19:13:43.506175,Repository upload/modification; not established public disclosure
report_203b27c0b1a6,report_203b27c0b1a6_6a8308d3b874801fdfedd922,Response_to_Replication_Report.pdf,https://osf.io/download/9we2r/,pdf,2026-08-17T13:12:51.096764Z,2026-08-17T13:12:51.096764,Repository upload/modification; not established public disclosure
report_203b27c0b1a6,report_203b27c0b1a6_6a8308db6954fe18daedd88e,code.zip,https://osf.io/download/rzw38/,zip,2026-08-17T13:12:59.792562Z,2026-08-17T13:12:59.792562,Repository upload/modification; not established public disclosure
report_203b27c0b1a6,report_203b27c0b1a6_6a8308d782d3b22e96edd973,Reproduction_Report.pdf,https://osf.io/download/as8py/,pdf,2026-08-17T13:12:55.497957Z,2026-08-17T13:12:55.497957,Repository upload/modification; not established public disclosure
report_22c50b4556c1,report_22c50b4556c1_6a904d651315a0034e28bd0e,Partially_anon_A comment on An Outbreak of Selective Attribution_ Partisanship and Blame in the COVID-19 Pandemic_FV commented.pdf,https://osf.io/download/chqfp/,pdf,2026-08-27T14:44:53.863881Z,2026-08-27T14:44:53.863881,Repository upload/modification; not established public disclosure
report_23a9252aef51,report_23a9252aef51_69441f32b5009d77216a46b0,Reproduction report.pdf,https://osf.io/download/eq2uj/,pdf,2025-12-18T15:35:14.473395Z,2025-12-18T15:35:14.473395,Repository upload/modification; not established public disclosure
report_276862ff6cc4,report_276862ff6cc4_6a20616134f2a044f3db115d,DelecourtMooreRoth.pdf,https://osf.io/download/6a20616134f2a044f3db115d/,pdf,2026-06-03T17:16:17.535760Z,2026-06-03T17:16:17.535760,Repository upload/modification; not established public disclosure
report_28c867c4993d,report_28c867c4993d_6a9579912a94eedced48edf6,Akhtar et al_Replication Report_FINAL2025.pdf,https://osf.io/download/6a9579912a94eedced48edf6/,pdf,2026-08-31T12:54:41.280215Z,2026-08-31T12:54:41.280215,Repository upload/modification; not established public disclosure
report_2a2fdd1808ed,report_2a2fdd1808ed_6a8dbae900af251d3fe3a17b,Replication___Boulanger__Hamel__Lupien__Munteanu.pdf,https://osf.io/download/6a8dbae900af251d3fe3a17b/,pdf,2026-08-25T15:55:21.665478Z,2026-08-25T15:55:21.665478,Repository upload/modification; not established public disclosure
report_2aedc6cdf5ea,report_2aedc6cdf5ea_6a8332b520a9e1847bd41ec8,reproduction_ramsey2024.pdf,https://osf.io/download/6a8332b520a9e1847bd41ec8/,pdf,2026-08-17T16:11:33.094930Z,2026-08-17T16:11:33.094930,Repository upload/modification; not established public disclosure
report_2af5962ea1ca,report_2af5962ea1ca_6a2062ac1462785eda43f185,Fath & Proudfoot (2024) Report Psych Science.pdf,https://osf.io/download/njv74/,pdf,2026-06-03T17:21:48.390267Z,2026-06-03T17:21:48.390267,Repository upload/modification; not established public disclosure
report_2ba6e124788d,report_2ba6e124788d_6a956e732fa2a075b6fb8700,Report_replication_bank_failures.pdf,https://osf.io/download/6a956e732fa2a075b6fb8700/,pdf,2026-08-31T12:07:15.218763Z,2026-08-31T12:07:15.218763,Repository upload/modification; not established public disclosure
report_2e8015f6771c,report_2e8015f6771c_6a22c9a69f8f1fac35479f82,A comment on Deconfounding Sex and Sex of Partner in Mate-Preference Research.._ (002).pdf,https://osf.io/download/s7wkt/,pdf,2026-06-05T13:05:42.383940Z,2026-06-05T13:05:42.383940,Repository upload/modification; not established public disclosure
report_2ee3d7892331,report_2ee3d7892331_6a957223bafc2f9b36fb8a24,Reply to Foutelet et al 2023.pdf,https://osf.io/download/6a957223bafc2f9b36fb8a24/,pdf,2026-08-31T12:22:59.810645Z,2026-08-31T12:22:59.810645,Repository upload/modification; not established public disclosure
report_2ee3d7892331,report_2ee3d7892331_6a95722832cd14d215e3726b,Interregional_Contact_Comment_Foutelet_Jang_Medellin-Esguerra (003).pdf,https://osf.io/download/6a95722832cd14d215e3726b/,pdf,2026-08-31T12:23:04.188455Z,2026-08-31T12:23:04.188455,Repository upload/modification; not established public disclosure
report_2f770cb667b4,report_2f770cb667b4_6a981e679137634b898fca51,Replication Report Gender-Ambiguous Voices and Social Disfluency.docx.pdf,https://osf.io/download/6a981e679137634b898fca51/,pdf,2026-09-02T13:02:31.530800Z,2026-09-02T13:02:31.530800,Repository upload/modification; not established public disclosure
report_2f770cb667b4,report_2f770cb667b4_6a981e6ed489e16c608ad98a,Munz and Mohsenin Response.pdf,https://osf.io/download/6a981e6ed489e16c608ad98a/,pdf,2026-09-02T13:02:38.590124Z,2026-09-02T13:02:38.590124,Repository upload/modification; not established public disclosure
report_2f792d86ba6c,report_2f792d86ba6c_65df848909c5790149d672dd,Labandeira_EJ_revised_V3.pdf,https://osf.io/download/5wbcu/,pdf,2024-02-28T19:07:53.670199Z,2024-02-28T19:07:53.670199,Repository upload/modification; not established public disclosure
report_2f792d86ba6c,report_2f792d86ba6c_65ef0c664dfd8c0c0327f9a1,Codes.zip,https://osf.io/download/vwcme/,zip,2024-03-11T13:51:35.017762Z,2024-03-11T13:51:35.017762,Repository upload/modification; not established public disclosure
report_300fff3932d7,report_300fff3932d7_66fa90fdf854c560b3f430ce,Response.pdf,https://osf.io/download/2k9wf/,pdf,2024-09-30T11:52:29.382857Z,2024-09-30T11:52:29.382857,Repository upload/modification; not established public disclosure
report_300fff3932d7,report_300fff3932d7_66fa9110c644485d02a85a06,Reanalysis of Sanders et al 2024 - Alex Byrnes - after author response.pdf,https://osf.io/download/2vtph/,pdf,2024-09-30T11:52:48.434864Z,2024-09-30T11:52:48.434864,Repository upload/modification; not established public disclosure
report_313337566cca,report_313337566cca_6a9041436462cf4a736b1273,Polmeth_Replication_Game_2024_Marikana_Massacre.pdf.pdf,https://osf.io/download/6a9041436462cf4a736b1273/,pdf,2026-08-27T13:53:07.785127Z,2026-08-27T13:53:07.785127,Repository upload/modification; not established public disclosure
report_313337566cca,report_313337566cca_6a904148cbd141668892fe5b,marikana_dk_ajk_ms_i4r_response.pdf,https://osf.io/download/6a904148cbd141668892fe5b/,pdf,2026-08-27T13:53:12.248785Z,2026-08-27T13:53:12.248785,Repository upload/modification; not established public disclosure
report_317bbaa7f373,report_317bbaa7f373_65970130034461805468f57d,I4R-2022-138 Replication Code.R,https://osf.io/download/tgmfk/,r,2024-01-04T19:04:16.129479Z,2024-01-04T19:04:16.129479,Repository upload/modification; not established public disclosure
report_317bbaa7f373,report_317bbaa7f373_659701127094e97cb1a17459,Response to Replication Analysis_09.20.22.pdf,https://osf.io/download/jtvw5/,pdf,2024-01-04T19:03:46.844139Z,2024-01-04T19:03:46.844139,Repository upload/modification; not established public disclosure
report_317bbaa7f373,report_317bbaa7f373_659700da95138484222385d1,I4R-2022-138 Replication.pdf,https://osf.io/download/tm7dw/,pdf,2024-01-04T19:02:50.318993Z,2024-01-04T19:02:50.318993,Repository upload/modification; not established public disclosure
report_318a2dea7b11,report_318a2dea7b11_659d94a0a9b9d40080261d5f,runoff_elections.pdf,https://osf.io/download/tvwqy/,pdf,2024-01-09T18:46:56.973223Z,2024-01-09T18:46:56.973223,Repository upload/modification; not established public disclosure
report_324e39312a52,report_324e39312a52_6a830ba1ad6781300022fa46,Supplement S1–4 (1).zip,https://osf.io/download/6a830ba1ad6781300022fa46/,zip,2026-08-17T13:24:49.229301Z,2026-08-17T13:24:49.229301,Repository upload/modification; not established public disclosure
report_324e39312a52,report_324e39312a52_6a830b8ae493fe6817d41fe3,Replication-games-report.pdf,https://osf.io/download/hzdgy/,pdf,2026-08-17T13:24:26.283192Z,2026-08-17T13:24:26.283192,Repository upload/modification; not established public disclosure
report_32899d883e60,report_32899d883e60_6807615e4f254e89a1b7d2da,PAP w addendum.pdf,https://osf.io/download/zyqdb/,pdf,2025-04-22T09:29:02.775413Z,2025-04-22T09:29:02.775413,Repository upload/modification; not established public disclosure
report_32899d883e60,report_32899d883e60_689d88ee1a4a962e981f201b,Referee Report Full Data.xlsx,https://osf.io/download/qj3fc/,xlsx,2025-08-14T06:57:50.888388Z,2025-08-14T06:57:50.888388,Repository upload/modification; not established public disclosure
report_32899d883e60,report_32899d883e60_649c947567aff80dfaedfdba,AER Robustness Survey PAP.pdf,https://osf.io/download/t4nfm/,pdf,2023-06-28T20:13:41.708342Z,2023-06-28T20:13:41.708342,Repository upload/modification; not established public disclosure
report_32899d883e60,report_32899d883e60_67408cf48d42fcc5f496c79d,PAP reviewing reports.pdf,https://osf.io/download/tzk2a/,pdf,2024-11-22T13:53:56.861031Z,2024-11-22T13:53:56.861031,Repository upload/modification; not established public disclosure
report_32899d883e60,report_32899d883e60_65aa175399d0100080626a10,AER_Robustness_survey.qsf,https://osf.io/download/bzvru/,qsf,2024-01-19T06:31:47.259855Z,2024-01-19T06:31:47.259855,Repository upload/modification; not established public disclosure
report_32899d883e60,report_32899d883e60_65aa1753ebe5e60092f5e7a1,Qualtrics Survey.pdf,https://osf.io/download/gnrqb/,pdf,2024-01-19T06:31:47.237320Z,2024-01-19T06:31:47.237320,Repository upload/modification; not established public disclosure
report_32899d883e60,report_32899d883e60_688873c853738286562341be,Convex_supply_Response_Institute_for_Replication.pdf,https://osf.io/download/uev65/,pdf,2025-07-29T07:10:00.382149Z,2025-07-29T07:10:00.382149,Repository upload/modification; not established public disclosure
report_32899d883e60,report_32899d883e60_688873cc45ec217577e7cc18,Partisanship and Fiscal Policy in Economic Unions Evidence from US States.pdf,https://osf.io/download/jfv9h/,pdf,2025-07-29T07:10:04.244503Z,2025-07-29T07:10:04.244503,Repository upload/modification; not established public disclosure
report_32899d883e60,report_32899d883e60_688873c9c093c96d1c256d5e,AMV_IfR_Reply.pdf,https://osf.io/download/nb6fp/,pdf,2025-07-29T07:10:01.188977Z,2025-07-29T07:10:01.188977,Repository upload/modification; not established public disclosure
report_32899d883e60,report_32899d883e60_688873fc307d62b882234157,Persuasion through Slanted Language Evidence from the Media Coverage of Immigration[91].pdf,https://osf.io/download/d3n9g/,pdf,2025-07-29T07:10:52.897285Z,2025-07-29T07:10:52.897285,Repository upload/modification; not established public disclosure
report_32899d883e60,report_32899d883e60_688873cbf17815c6db2340e4,Going to a Better School Effects and Behavioral Responses.pdf,https://osf.io/download/t6se8/,pdf,2025-07-29T07:10:03.286182Z,2025-07-29T07:10:03.286182,Repository upload/modification; not established public disclosure
report_32899d883e60,report_32899d883e60_688a56d976f3876855a23ec0,"Interaction, Stereotypes, and Performance Evidence from South Africa.pdf",https://osf.io/download/nwe9u/,pdf,2025-07-30T17:31:05.740447Z,2025-07-30T17:31:05.740447,Repository upload/modification; not established public disclosure
report_32899d883e60,report_32899d883e60_6602ddb3a8fcbc010736e6ca,retail-pharmacies-Mar25.pdf,https://osf.io/download/k7g5p/,pdf,2024-03-26T14:37:39.694296Z,2024-03-26T14:37:39.694296,Repository upload/modification; not established public disclosure
report_32899d883e60,report_32899d883e60_6602ddacc9e09000ebbde57e,going-to-a-better-school-Feb3.pdf,https://osf.io/download/n7r9z/,pdf,2024-03-26T14:37:32.473160Z,2024-03-26T14:37:32.473160,Repository upload/modification; not established public disclosure
report_32899d883e60,report_32899d883e60_688a572fce90943bc92341d3,SelfEnforcingTradeAgreements_Robustness_July26.pdf,https://osf.io/download/e6zvc/,pdf,2025-07-30T17:32:31.069644Z,2025-07-30T17:32:31.069644,Repository upload/modification; not established public disclosure
report_32899d883e60,report_32899d883e60_6602ddacb3a1e300ec7dfa01,Innovation-and-Institutional-Ownership-Mar25.pdf,https://osf.io/download/qz5g6/,pdf,2024-03-26T14:37:32.956311Z,2024-03-26T14:37:32.956311,Repository upload/modification; not established public disclosure
report_32899d883e60,report_32899d883e60_6602ddb4c9e09000ebbde58b,vulnerability-and-clientelism-Feb3.pdf,https://osf.io/download/j64at/,pdf,2024-03-26T14:37:40.095085Z,2024-03-26T14:37:40.095085,Repository upload/modification; not established public disclosure
report_32899d883e60,report_32899d883e60_6602ddabb3a1e300e07df62d,discretionary-tax-changes-FINAL.pdf,https://osf.io/download/4qnf7/,pdf,2024-03-26T14:37:31.363833Z,2024-03-26T14:37:31.363833,Repository upload/modification; not established public disclosure
report_32899d883e60,report_32899d883e60_6602ddb1b3a1e300f97def1a,partisanship-and-fiscal-policy-Mar25.pdf,https://osf.io/download/wekyz/,pdf,2024-03-26T14:37:37.282311Z,2024-03-26T14:37:37.282311,Repository upload/modification; not established public disclosure
report_32899d883e60,report_32899d883e60_6602ddb49dc8ef010089875e,technological-change-Mar25.pdf,https://osf.io/download/hqens/,pdf,2024-03-26T14:37:40.940587Z,2024-03-26T14:37:40.940587,Repository upload/modification; not established public disclosure
report_32899d883e60,report_32899d883e60_6602ddad9dc8ef00f88981bb,interaction-stereotypes-and-performance-Mar25.pdf,https://osf.io/download/guekw/,pdf,2024-03-26T14:37:33.270054Z,2024-03-26T14:37:33.270054,Repository upload/modification; not established public disclosure
report_32899d883e60,report_32899d883e60_6602ddabb3a1e300ec7df9ff,ConvexSupplyCurves_Robustness-Mar25.pdf,https://osf.io/download/hpd8s/,pdf,2024-03-26T14:37:31.333402Z,2024-03-26T14:37:31.333402,Repository upload/modification; not established public disclosure
report_32899d883e60,report_32899d883e60_6602ddafa8fcbc00f236e905,out-of-africa_Feb4.pdf,https://osf.io/download/d4f23/,pdf,2024-03-26T14:37:35.381670Z,2024-03-26T14:37:35.381670,Repository upload/modification; not established public disclosure
report_32899d883e60,report_32899d883e60_6602ddb1d9031c00ef03a99b,religious-festivals-and-development_Mar5.pdf,https://osf.io/download/d3seq/,pdf,2024-03-26T14:37:37.256213Z,2024-03-26T14:37:37.256213,Repository upload/modification; not established public disclosure
report_32899d883e60,report_32899d883e60_6602ddaac9e09000ebbde57c,coercive-contract-enforcement-Mar25.pdf,https://osf.io/download/vg745/,pdf,2024-03-26T14:37:30.165335Z,2024-03-26T14:37:30.165335,Repository upload/modification; not established public disclosure
report_32899d883e60,report_32899d883e60_6602ddaaa8fcbc010736e6b8,commercial-imperialism-Jan24.pdf,https://osf.io/download/w5pve/,pdf,2024-03-26T14:37:30.195188Z,2024-03-26T14:37:30.195188,Repository upload/modification; not established public disclosure
report_32899d883e60,report_32899d883e60_6602ddaec9e09000ebbde584,merchant-towns-Mar25.pdf,https://osf.io/download/tm4xc/,pdf,2024-03-26T14:37:34.475773Z,2024-03-26T14:37:34.475773,Repository upload/modification; not established public disclosure
report_32899d883e60,report_32899d883e60_6602ddb1c9e09000f4bddc78,persuasion-through-slanted-language-Mar.pdf,https://osf.io/download/rw7j9/,pdf,2024-03-26T14:37:37.246703Z,2024-03-26T14:37:37.246703,Repository upload/modification; not established public disclosure
report_32899d883e60,report_32899d883e60_6602ddaeb3a1e300f97def18,language-and-economic-behavior-Mar25.pdf,https://osf.io/download/h246d/,pdf,2024-03-26T14:37:35.047581Z,2024-03-26T14:37:35.047581,Repository upload/modification; not established public disclosure
report_32899d883e60,report_32899d883e60_66057261fe44ca02c02b690d,MasterData15January2024f.dta,https://osf.io/download/pdvrh/,dta,2024-03-28T13:36:33.429866Z,2024-03-28T13:36:33.429866,Repository upload/modification; not established public disclosure
report_32899d883e60,report_32899d883e60_66057255bfea1d02cf5a39db,Stat_indicators_paper.dta,https://osf.io/download/czhsb/,dta,2024-03-28T13:36:21.927021Z,2024-03-28T13:36:21.927021,Repository upload/modification; not established public disclosure
report_32899d883e60,report_32899d883e60_6605725eeb56f0039c8a3683,MasterAnalysis17Mar.do,https://osf.io/download/jczbn/,do,2024-03-28T13:36:30.413608Z,2024-03-28T13:36:30.413608,Repository upload/modification; not established public disclosure
report_32899d883e60,report_32899d883e60_6605725abfea1d02b95a3b8d,Survey_Clean_merged.dta,https://osf.io/download/r7xps/,dta,2024-03-28T13:36:26.676033Z,2024-03-28T13:36:26.676033,Repository upload/modification; not established public disclosure
report_32899d883e60,report_32899d883e60_66057252bfea1d02ca5a3963,README_Robustness_AER.pdf,https://osf.io/download/dthu2/,pdf,2024-03-28T13:36:18.659170Z,2024-03-28T13:36:18.659170,Repository upload/modification; not established public disclosure
report_32899d883e60,report_32899d883e60_6605726358fa4902bde4ee9e,MasterData10March2024.dta,https://osf.io/download/9x3qb/,dta,2024-03-28T13:36:35.138459Z,2024-03-28T13:36:35.138459,Repository upload/modification; not established public disclosure
report_32899d883e60,report_32899d883e60_6605725feb56f003808a3825,MasterData15January2024f2.dta,https://osf.io/download/xvspz/,dta,2024-03-28T13:36:31.897590Z,2024-03-28T13:36:31.897590,Repository upload/modification; not established public disclosure
report_32899d883e60,report_32899d883e60_66057252bfea1d02ce5a399f,Survey Analysis_Mar.do,https://osf.io/download/kfy8p/,do,2024-03-28T13:36:18.598672Z,2024-03-28T13:36:18.598672,Repository upload/modification; not established public disclosure
report_32899d883e60,report_32899d883e60_66057266eb56f0039f8a36df,Survey_responsesf.dta,https://osf.io/download/75gcd/,dta,2024-03-28T13:36:38.385381Z,2024-03-28T13:36:38.385381,Repository upload/modification; not established public disclosure
report_32899d883e60,report_32899d883e60_66057264eb56f0039f8a36dd,Survey_Averages.dta,https://osf.io/download/5wpf4/,dta,2024-03-28T13:36:36.413231Z,2024-03-28T13:36:36.413231,Repository upload/modification; not established public disclosure
report_32899d883e60,report_32899d883e60_66057255fe44ca02bf2b68f9,Stat_indicators_finding.dta,https://osf.io/download/66057255fe44ca02bf2b68f9/,dta,2024-03-28T13:36:21.982030Z,2024-03-28T13:36:21.982030,Repository upload/modification; not established public disclosure
report_32899d883e60,report_32899d883e60_6605725ceb56f003988a3621,Survey_Data.dta,https://osf.io/download/6605725ceb56f003988a3621/,dta,2024-03-28T13:36:28.646365Z,2024-03-28T13:36:28.646365,Repository upload/modification; not established public disclosure
report_32899d883e60,report_32899d883e60_66057259bfea1d02cb5a39a4,Survey_Clean.dta,https://osf.io/download/66057259bfea1d02cb5a39a4/,dta,2024-03-28T13:36:25.465571Z,2024-03-28T13:36:25.465571,Repository upload/modification; not established public disclosure
report_32899d883e60,report_32899d883e60_689cbada9d9b5804761f1ff4,Partisanship_and_Fiscal_Policyf.pdf,https://osf.io/download/awsd7/,pdf,2025-08-13T16:18:34.498248Z,2025-08-13T16:18:34.498248,Repository upload/modification; not established public disclosure
report_32899d883e60,report_32899d883e60_689cbae146c026ea11bc0de4,RetailPharmaciesandOpioids.pdf,https://osf.io/download/5kxwg/,pdf,2025-08-13T16:18:41.836870Z,2025-08-13T16:18:41.836870,Repository upload/modification; not established public disclosure
report_32899d883e60,report_32899d883e60_689cbae42674356d821f21ac,Self_Enforcing_Trade_Agreements.pdf,https://osf.io/download/4zu2w/,pdf,2025-08-13T16:18:44.656393Z,2025-08-13T16:18:44.656393,Repository upload/modification; not established public disclosure
report_32899d883e60,report_32899d883e60_689cbab5dbb82738361f1fc4,ConvexSupplyCurves_Robustness-DCApr26.pdf,https://osf.io/download/ynjxu/,pdf,2025-08-13T16:17:57.499119Z,2025-08-13T16:17:57.499119,Repository upload/modification; not established public disclosure
report_32899d883e60,report_32899d883e60_689cbadffcb29399e83ccf49,ReligiousFestivalsandDevelopment_May21.pdf,https://osf.io/download/argx2/,pdf,2025-08-13T16:18:39.726002Z,2025-08-13T16:18:39.726002,Repository upload/modification; not established public disclosure
report_32899d883e60,report_32899d883e60_689cbad189de62ba26d5a10e,Interaction-Stereotypes-and-Performance.pdf,https://osf.io/download/nsbv2/,pdf,2025-08-13T16:18:25.794542Z,2025-08-13T16:18:25.794542,Repository upload/modification; not established public disclosure
report_32899d883e60,report_32899d883e60_689cbab177543ca1933ccd61,Commercial_Imperialism-April21.pdf,https://osf.io/download/46fk5/,pdf,2025-08-13T16:17:53.304717Z,2025-08-13T16:17:53.304717,Repository upload/modification; not established public disclosure
report_32899d883e60,report_32899d883e60_689cbad75b1a416a873cce1a,Merchant-Towns-May10.pdf,https://osf.io/download/ugjh4/,pdf,2025-08-13T16:18:31.445501Z,2025-08-13T16:18:31.445501,Repository upload/modification; not established public disclosure
report_32899d883e60,report_32899d883e60_689cbae546c026ea11bc0de6,TechnologicalChange_May21.pdf,https://osf.io/download/4qtvr/,pdf,2025-08-13T16:18:45.433634Z,2025-08-13T16:18:45.433634,Repository upload/modification; not established public disclosure
report_32899d883e60,report_32899d883e60_689cbacd33dc6bbf8c13c4a3,GoingtoaBetterSchool.pdf,https://osf.io/download/knupq/,pdf,2025-08-13T16:18:21.342521Z,2025-08-13T16:18:21.342521,Repository upload/modification; not established public disclosure
report_32899d883e60,report_32899d883e60_689cbab877543ca1933ccd65,DiscretionaryTaxChangesUK_JK-DC_5_4_2023.pdf,https://osf.io/download/er9tb/,pdf,2025-08-13T16:18:00.994673Z,2025-08-13T16:18:00.994673,Repository upload/modification; not established public disclosure
report_32899d883e60,report_32899d883e60_689cbad07f0801bdd613c7ba,InnovationAndInstitutionalOwnership_May10.pdf,https://osf.io/download/mhtre/,pdf,2025-08-13T16:18:24.185791Z,2025-08-13T16:18:24.185791,Repository upload/modification; not established public disclosure
report_32899d883e60,report_32899d883e60_689cbadc14edc3b7e0d5a231,OutofAfrica-April11.pdf,https://osf.io/download/f3786/,pdf,2025-08-13T16:18:36.133730Z,2025-08-13T16:18:36.133730,Repository upload/modification; not established public disclosure
report_32899d883e60,report_32899d883e60_689cbae76deea60631bc0a80,Vulnerability and Clientelism.pdf,https://osf.io/download/dw78a/,pdf,2025-08-13T16:18:47.815966Z,2025-08-13T16:18:47.815966,Repository upload/modification; not established public disclosure
report_32899d883e60,report_32899d883e60_689cbab13f91f5a3af3ccee8,CoerciveContractEnforcementApril19.pdf,https://osf.io/download/vmdhx/,pdf,2025-08-13T16:17:53.225411Z,2025-08-13T16:17:53.225411,Repository upload/modification; not established public disclosure
report_32899d883e60,report_32899d883e60_689cbad514edc3b7e0d5a22f,Language-and-Saving-April21.pdf,https://osf.io/download/gc9aq/,pdf,2025-08-13T16:18:29.324393Z,2025-08-13T16:18:29.324393,Repository upload/modification; not established public disclosure
report_32899d883e60,report_32899d883e60_689cbadebbdc58ba53d5a0fb,PersuasionThroughSlantedLanguage.pdf,https://osf.io/download/5jthn/,pdf,2025-08-13T16:18:38.496989Z,2025-08-13T16:18:38.496989,Repository upload/modification; not established public disclosure
report_32899d883e60,report_32899d883e60_660572c4fe44ca02c42b6a54,significance2.eps,https://osf.io/download/660572c4fe44ca02c42b6a54/,eps,2024-03-28T13:38:12.904365Z,2024-03-28T13:38:12.904365,Repository upload/modification; not established public disclosure
report_32899d883e60,report_32899d883e60_6605729d58fa4902c6e4ed50,SummaryFSPresults.tex,https://osf.io/download/6605729d58fa4902c6e4ed50/,tex,2024-03-28T13:37:33.678675Z,2024-03-28T13:37:33.678675,Repository upload/modification; not established public disclosure
report_32899d883e60,report_32899d883e60_660572aaeb56f0039c8a3698,Survey_Clean_merged_final.dta,https://osf.io/download/660572aaeb56f0039c8a3698/,dta,2024-03-28T13:37:46.756790Z,2024-03-28T13:37:46.756790,Repository upload/modification; not established public disclosure
report_32899d883e60,report_32899d883e60_660572abfe44ca02c02b691a,AER_robustness2.tex,https://osf.io/download/660572abfe44ca02c02b691a/,tex,2024-03-28T13:37:47.467389Z,2024-03-28T13:37:47.467389,Repository upload/modification; not established public disclosure
report_32899d883e60,report_32899d883e60_660572d101fc9c0366316809,Tz_distribution_norm_censored2.eps,https://osf.io/download/tdwhe/,eps,2024-03-28T13:38:25.518701Z,2024-03-28T13:38:25.518701,Repository upload/modification; not established public disclosure
report_32899d883e60,report_32899d883e60_660572a0bfea1d02c75a3954,SummaryFSPresults.txt,https://osf.io/download/660572a0bfea1d02c75a3954/,txt,2024-03-28T13:37:36.430157Z,2024-03-28T13:37:36.430157,Repository upload/modification; not established public disclosure
report_32899d883e60,report_32899d883e60_660572bdfe44ca02c42b6a4c,Survey1.eps,https://osf.io/download/660572bdfe44ca02c42b6a4c/,eps,2024-03-28T13:38:05.736186Z,2024-03-28T13:38:05.736186,Repository upload/modification; not established public disclosure
report_32899d883e60,report_32899d883e60_660572c7fe44ca02bf2b6903,significance.eps,https://osf.io/download/660572c7fe44ca02bf2b6903/,eps,2024-03-28T13:38:15.606707Z,2024-03-28T13:38:15.606707,Repository upload/modification; not established public disclosure
report_32899d883e60,report_32899d883e60_660572adfe44ca02c42b6a32,AER_robustness2a.tex,https://osf.io/download/660572adfe44ca02c42b6a32/,tex,2024-03-28T13:37:49.429757Z,2024-03-28T13:37:49.429757,Repository upload/modification; not established public disclosure
report_32899d883e60,report_32899d883e60_660572aebfea1d02ca5a3984,predictions_RESP_result1.eps,https://osf.io/download/660572aebfea1d02ca5a3984/,eps,2024-03-28T13:37:50.231648Z,2024-03-28T13:37:50.231648,Repository upload/modification; not established public disclosure
report_32899d883e60,report_32899d883e60_660572a858fa4902bee4f00a,AER_robustness3a.tex,https://osf.io/download/bzvj7/,tex,2024-03-28T13:37:44.444132Z,2024-03-28T13:37:44.444132,Repository upload/modification; not established public disclosure
report_32899d883e60,report_32899d883e60_660572b9bfea1d02cf5a3a4e,predictions_FSP_resultp2.eps,https://osf.io/download/660572b9bfea1d02cf5a3a4e/,eps,2024-03-28T13:38:01.544325Z,2024-03-28T13:38:01.544325,Repository upload/modification; not established public disclosure
report_32899d883e60,report_32899d883e60_660572a758fa4902c7e4ed80,AER_robustness3.tex,https://osf.io/download/660572a758fa4902c7e4ed80/,tex,2024-03-28T13:37:43.387760Z,2024-03-28T13:37:43.387760,Repository upload/modification; not established public disclosure
report_32899d883e60,report_32899d883e60_660572b4bfea1d02cb5a39fa,predictions_FSP_result2a.eps,https://osf.io/download/660572b4bfea1d02cb5a39fa/,eps,2024-03-28T13:37:56.747855Z,2024-03-28T13:37:56.747855,Repository upload/modification; not established public disclosure
report_32899d883e60,report_32899d883e60_660572c801fc9c0366316805,Tz_distribution_norm_censored.eps,https://osf.io/download/660572c801fc9c0366316805/,eps,2024-03-28T13:38:16.696030Z,2024-03-28T13:38:16.696030,Repository upload/modification; not established public disclosure
report_32899d883e60,report_32899d883e60_660572bf58fa4902bee4f018,AER_robustness1a.tex,https://osf.io/download/dn9gw/,tex,2024-03-28T13:38:07.302005Z,2024-03-28T13:38:07.302005,Repository upload/modification; not established public disclosure
report_32899d883e60,report_32899d883e60_660572cffe44ca02bc2b68f2,variation.eps,https://osf.io/download/mdy9r/,eps,2024-03-28T13:38:23.985579Z,2024-03-28T13:38:23.985579,Repository upload/modification; not established public disclosure
report_32899d883e60,report_32899d883e60_660572a2bfea1d02ca5a3981,SquaredRESPError.eps,https://osf.io/download/660572a2bfea1d02ca5a3981/,eps,2024-03-28T13:37:38.272817Z,2024-03-28T13:37:38.272817,Repository upload/modification; not established public disclosure
report_32899d883e60,report_32899d883e60_660572d3eb56f003978a361d,Dfbeta_Tz_distribution_norm_censored.eps,https://osf.io/download/vfzkc/,eps,2024-03-28T13:38:27.716510Z,2024-03-28T13:38:27.716510,Repository upload/modification; not established public disclosure
report_32899d883e60,report_32899d883e60_660572b258fa4902bee4f012,predictions_FSP_result3.eps,https://osf.io/download/660572b258fa4902bee4f012/,eps,2024-03-28T13:37:54.982729Z,2024-03-28T13:37:54.982729,Repository upload/modification; not established public disclosure
report_32899d883e60,report_32899d883e60_660572bc58fa4902c6e4ed6c,predictions_FSP_result2.eps,https://osf.io/download/660572bc58fa4902c6e4ed6c/,eps,2024-03-28T13:38:04.446724Z,2024-03-28T13:38:04.446724,Repository upload/modification; not established public disclosure
report_32899d883e60,report_32899d883e60_660572c401fc9c03633167f2,AppendixTable3.eps,https://osf.io/download/660572c401fc9c03633167f2/,eps,2024-03-28T13:38:13.018855Z,2024-03-28T13:38:13.018855,Repository upload/modification; not established public disclosure
report_32899d883e60,report_32899d883e60_6605729f58fa4902c7e4ed77,Survey_Clean_merged_final1.dta,https://osf.io/download/6605729f58fa4902c7e4ed77/,dta,2024-03-28T13:37:35.388247Z,2024-03-28T13:37:35.388247,Repository upload/modification; not established public disclosure
report_32899d883e60,report_32899d883e60_660572b5fe44ca02c42b6a41,predictions_FSP_result2b.eps,https://osf.io/download/660572b5fe44ca02c42b6a41/,eps,2024-03-28T13:37:57.873861Z,2024-03-28T13:37:57.873861,Repository upload/modification; not established public disclosure
report_32899d883e60,report_32899d883e60_660572b9eb56f0039d8a3654,predictions_FSP_result.eps,https://osf.io/download/660572b9eb56f0039d8a3654/,eps,2024-03-28T13:38:01.547842Z,2024-03-28T13:38:01.547842,Repository upload/modification; not established public disclosure
report_32899d883e60,report_32899d883e60_660572cd01fc9c035e3167af,variation_paper1.eps,https://osf.io/download/cyzbe/,eps,2024-03-28T13:38:21.197699Z,2024-03-28T13:38:21.197699,Repository upload/modification; not established public disclosure
report_32899d883e60,report_32899d883e60_660572c158fa4902b9e4ed7a,AER_robustness1_appendix.tex,https://osf.io/download/660572c158fa4902b9e4ed7a/,tex,2024-03-28T13:38:09.210680Z,2024-03-28T13:38:09.210680,Repository upload/modification; not established public disclosure
report_32899d883e60,report_32899d883e60_660572ca58fa4902bde4eebc,Rel_tz_median.eps,https://osf.io/download/660572ca58fa4902bde4eebc/,eps,2024-03-28T13:38:18.586094Z,2024-03-28T13:38:18.586094,Repository upload/modification; not established public disclosure
report_32899d883e60,report_32899d883e60_660572b0bfea1d02cf5a3a48,predictions_RESP_result2p.eps,https://osf.io/download/660572b0bfea1d02cf5a3a48/,eps,2024-03-28T13:37:52.195393Z,2024-03-28T13:37:52.195393,Repository upload/modification; not established public disclosure
report_32899d883e60,report_32899d883e60_660572c2bfea1d02ce5a3a21,AER_robustness1.tex,https://osf.io/download/660572c2bfea1d02ce5a3a21/,tex,2024-03-28T13:38:10.065307Z,2024-03-28T13:38:10.065307,Repository upload/modification; not established public disclosure
report_32899d883e60,report_32899d883e60_660572ce58fa4902c7e4eeb5,significance_result.eps,https://osf.io/download/m5hev/,eps,2024-03-28T13:38:22.565533Z,2024-03-28T13:38:22.565533,Repository upload/modification; not established public disclosure
report_32899d883e60,report_32899d883e60_660572a5bfea1d02cf5a3a46,AER_robustness4.tex,https://osf.io/download/660572a5bfea1d02cf5a3a46/,tex,2024-03-28T13:37:41.773243Z,2024-03-28T13:37:41.773243,Repository upload/modification; not established public disclosure
report_32899d883e60,report_32899d883e60_660572a458fa4902bee4f000,AER_robustness4_appendix.tex,https://osf.io/download/660572a458fa4902bee4f000/,tex,2024-03-28T13:37:40.169765Z,2024-03-28T13:37:40.169765,Repository upload/modification; not established public disclosure
report_32899d883e60,report_32899d883e60_660572b101fc9c036a3168ec,predictions_RESP_result.eps,https://osf.io/download/660572b101fc9c036a3168ec/,eps,2024-03-28T13:37:53.976607Z,2024-03-28T13:37:53.976607,Repository upload/modification; not established public disclosure
report_350263be01cc,report_350263be01cc_65df830d0d9acb0825c2df22,Laouenan_Rathelot_2020_replication_231101_final.pdf,https://osf.io/download/sx34z/,pdf,2024-02-28T19:01:33.405610Z,2024-02-28T19:01:33.405610,Repository upload/modification; not established public disclosure
report_36dd6624e387,report_36dd6624e387_6a7b5d4fd83ececc006a59be,Replication Report NHB NPCW version FINAL version 2.pdf,https://osf.io/download/6a7b5d4fd83ececc006a59be/,pdf,2026-08-11T17:35:11.306218Z,2026-08-11T17:35:11.306218,Repository upload/modification; not established public disclosure
report_38042f8fab98,report_38042f8fab98_657c65458e942d085aa0f133,A Comment on Wilson.pdf,https://osf.io/download/69uv2/,pdf,2023-12-15T14:40:05.755919Z,2023-12-15T14:40:05.755919,Repository upload/modification; not established public disclosure
report_38042f8fab98,report_38042f8fab98_690b6bd1478cf9bba596c005,Wilson(2022)-ReplicationCodes-Shared.zip,https://osf.io/download/mgnbe/,zip,2025-11-05T15:22:57.541823Z,2025-11-05T15:22:57.541823,Repository upload/modification; not established public disclosure
report_385138889ad1,report_385138889ad1_657a369bded504020bd28c65,ReplicationReply-1.pdf,https://osf.io/download/hnmzd/,pdf,2023-12-13T22:56:27.360817Z,2023-12-13T22:56:27.360817,Repository upload/modification; not established public disclosure
report_386d83cc3844,report_386d83cc3844_6a79dbc1dd680c122b09e34a,Reproduction Report NHB.pdf,https://osf.io/download/6a79dbc1dd680c122b09e34a/,pdf,2026-08-10T14:10:09.293515Z,2026-08-10T14:10:09.293515,Repository upload/modification; not established public disclosure
report_38b5d014475d,report_38b5d014475d_6807615e4f254e89a1b7d2da,PAP w addendum.pdf,https://osf.io/download/zyqdb/,pdf,2025-04-22T09:29:02.775413Z,2025-04-22T09:29:02.775413,Repository upload/modification; not established public disclosure
report_38b5d014475d,report_38b5d014475d_689d88ee1a4a962e981f201b,Referee Report Full Data.xlsx,https://osf.io/download/qj3fc/,xlsx,2025-08-14T06:57:50.888388Z,2025-08-14T06:57:50.888388,Repository upload/modification; not established public disclosure
report_38b5d014475d,report_38b5d014475d_649c947567aff80dfaedfdba,AER Robustness Survey PAP.pdf,https://osf.io/download/t4nfm/,pdf,2023-06-28T20:13:41.708342Z,2023-06-28T20:13:41.708342,Repository upload/modification; not established public disclosure
report_38b5d014475d,report_38b5d014475d_67408cf48d42fcc5f496c79d,PAP reviewing reports.pdf,https://osf.io/download/tzk2a/,pdf,2024-11-22T13:53:56.861031Z,2024-11-22T13:53:56.861031,Repository upload/modification; not established public disclosure
report_38b5d014475d,report_38b5d014475d_65aa175399d0100080626a10,AER_Robustness_survey.qsf,https://osf.io/download/bzvru/,qsf,2024-01-19T06:31:47.259855Z,2024-01-19T06:31:47.259855,Repository upload/modification; not established public disclosure
report_38b5d014475d,report_38b5d014475d_65aa1753ebe5e60092f5e7a1,Qualtrics Survey.pdf,https://osf.io/download/gnrqb/,pdf,2024-01-19T06:31:47.237320Z,2024-01-19T06:31:47.237320,Repository upload/modification; not established public disclosure
report_38b5d014475d,report_38b5d014475d_688873c853738286562341be,Convex_supply_Response_Institute_for_Replication.pdf,https://osf.io/download/uev65/,pdf,2025-07-29T07:10:00.382149Z,2025-07-29T07:10:00.382149,Repository upload/modification; not established public disclosure
report_38b5d014475d,report_38b5d014475d_688873cc45ec217577e7cc18,Partisanship and Fiscal Policy in Economic Unions Evidence from US States.pdf,https://osf.io/download/jfv9h/,pdf,2025-07-29T07:10:04.244503Z,2025-07-29T07:10:04.244503,Repository upload/modification; not established public disclosure
report_38b5d014475d,report_38b5d014475d_688873c9c093c96d1c256d5e,AMV_IfR_Reply.pdf,https://osf.io/download/nb6fp/,pdf,2025-07-29T07:10:01.188977Z,2025-07-29T07:10:01.188977,Repository upload/modification; not established public disclosure
report_38b5d014475d,report_38b5d014475d_688873fc307d62b882234157,Persuasion through Slanted Language Evidence from the Media Coverage of Immigration[91].pdf,https://osf.io/download/d3n9g/,pdf,2025-07-29T07:10:52.897285Z,2025-07-29T07:10:52.897285,Repository upload/modification; not established public disclosure
report_38b5d014475d,report_38b5d014475d_688873cbf17815c6db2340e4,Going to a Better School Effects and Behavioral Responses.pdf,https://osf.io/download/t6se8/,pdf,2025-07-29T07:10:03.286182Z,2025-07-29T07:10:03.286182,Repository upload/modification; not established public disclosure
report_38b5d014475d,report_38b5d014475d_688a56d976f3876855a23ec0,"Interaction, Stereotypes, and Performance Evidence from South Africa.pdf",https://osf.io/download/nwe9u/,pdf,2025-07-30T17:31:05.740447Z,2025-07-30T17:31:05.740447,Repository upload/modification; not established public disclosure
report_38b5d014475d,report_38b5d014475d_6602ddb3a8fcbc010736e6ca,retail-pharmacies-Mar25.pdf,https://osf.io/download/k7g5p/,pdf,2024-03-26T14:37:39.694296Z,2024-03-26T14:37:39.694296,Repository upload/modification; not established public disclosure
report_38b5d014475d,report_38b5d014475d_6602ddacc9e09000ebbde57e,going-to-a-better-school-Feb3.pdf,https://osf.io/download/n7r9z/,pdf,2024-03-26T14:37:32.473160Z,2024-03-26T14:37:32.473160,Repository upload/modification; not established public disclosure
report_38b5d014475d,report_38b5d014475d_688a572fce90943bc92341d3,SelfEnforcingTradeAgreements_Robustness_July26.pdf,https://osf.io/download/e6zvc/,pdf,2025-07-30T17:32:31.069644Z,2025-07-30T17:32:31.069644,Repository upload/modification; not established public disclosure
report_38b5d014475d,report_38b5d014475d_6602ddacb3a1e300ec7dfa01,Innovation-and-Institutional-Ownership-Mar25.pdf,https://osf.io/download/qz5g6/,pdf,2024-03-26T14:37:32.956311Z,2024-03-26T14:37:32.956311,Repository upload/modification; not established public disclosure
report_38b5d014475d,report_38b5d014475d_6602ddb4c9e09000ebbde58b,vulnerability-and-clientelism-Feb3.pdf,https://osf.io/download/j64at/,pdf,2024-03-26T14:37:40.095085Z,2024-03-26T14:37:40.095085,Repository upload/modification; not established public disclosure
report_38b5d014475d,report_38b5d014475d_6602ddabb3a1e300e07df62d,discretionary-tax-changes-FINAL.pdf,https://osf.io/download/4qnf7/,pdf,2024-03-26T14:37:31.363833Z,2024-03-26T14:37:31.363833,Repository upload/modification; not established public disclosure
report_38b5d014475d,report_38b5d014475d_6602ddb1b3a1e300f97def1a,partisanship-and-fiscal-policy-Mar25.pdf,https://osf.io/download/wekyz/,pdf,2024-03-26T14:37:37.282311Z,2024-03-26T14:37:37.282311,Repository upload/modification; not established public disclosure
report_38b5d014475d,report_38b5d014475d_6602ddb49dc8ef010089875e,technological-change-Mar25.pdf,https://osf.io/download/hqens/,pdf,2024-03-26T14:37:40.940587Z,2024-03-26T14:37:40.940587,Repository upload/modification; not established public disclosure
report_38b5d014475d,report_38b5d014475d_6602ddad9dc8ef00f88981bb,interaction-stereotypes-and-performance-Mar25.pdf,https://osf.io/download/guekw/,pdf,2024-03-26T14:37:33.270054Z,2024-03-26T14:37:33.270054,Repository upload/modification; not established public disclosure
report_38b5d014475d,report_38b5d014475d_6602ddabb3a1e300ec7df9ff,ConvexSupplyCurves_Robustness-Mar25.pdf,https://osf.io/download/hpd8s/,pdf,2024-03-26T14:37:31.333402Z,2024-03-26T14:37:31.333402,Repository upload/modification; not established public disclosure
report_38b5d014475d,report_38b5d014475d_6602ddafa8fcbc00f236e905,out-of-africa_Feb4.pdf,https://osf.io/download/d4f23/,pdf,2024-03-26T14:37:35.381670Z,2024-03-26T14:37:35.381670,Repository upload/modification; not established public disclosure
report_38b5d014475d,report_38b5d014475d_6602ddb1d9031c00ef03a99b,religious-festivals-and-development_Mar5.pdf,https://osf.io/download/d3seq/,pdf,2024-03-26T14:37:37.256213Z,2024-03-26T14:37:37.256213,Repository upload/modification; not established public disclosure
report_38b5d014475d,report_38b5d014475d_6602ddaac9e09000ebbde57c,coercive-contract-enforcement-Mar25.pdf,https://osf.io/download/vg745/,pdf,2024-03-26T14:37:30.165335Z,2024-03-26T14:37:30.165335,Repository upload/modification; not established public disclosure
report_38b5d014475d,report_38b5d014475d_6602ddaaa8fcbc010736e6b8,commercial-imperialism-Jan24.pdf,https://osf.io/download/w5pve/,pdf,2024-03-26T14:37:30.195188Z,2024-03-26T14:37:30.195188,Repository upload/modification; not established public disclosure
report_38b5d014475d,report_38b5d014475d_6602ddaec9e09000ebbde584,merchant-towns-Mar25.pdf,https://osf.io/download/tm4xc/,pdf,2024-03-26T14:37:34.475773Z,2024-03-26T14:37:34.475773,Repository upload/modification; not established public disclosure
report_38b5d014475d,report_38b5d014475d_6602ddb1c9e09000f4bddc78,persuasion-through-slanted-language-Mar.pdf,https://osf.io/download/rw7j9/,pdf,2024-03-26T14:37:37.246703Z,2024-03-26T14:37:37.246703,Repository upload/modification; not established public disclosure
report_38b5d014475d,report_38b5d014475d_6602ddaeb3a1e300f97def18,language-and-economic-behavior-Mar25.pdf,https://osf.io/download/h246d/,pdf,2024-03-26T14:37:35.047581Z,2024-03-26T14:37:35.047581,Repository upload/modification; not established public disclosure
report_38b5d014475d,report_38b5d014475d_66057261fe44ca02c02b690d,MasterData15January2024f.dta,https://osf.io/download/pdvrh/,dta,2024-03-28T13:36:33.429866Z,2024-03-28T13:36:33.429866,Repository upload/modification; not established public disclosure
report_38b5d014475d,report_38b5d014475d_66057255bfea1d02cf5a39db,Stat_indicators_paper.dta,https://osf.io/download/czhsb/,dta,2024-03-28T13:36:21.927021Z,2024-03-28T13:36:21.927021,Repository upload/modification; not established public disclosure
report_38b5d014475d,report_38b5d014475d_6605725eeb56f0039c8a3683,MasterAnalysis17Mar.do,https://osf.io/download/jczbn/,do,2024-03-28T13:36:30.413608Z,2024-03-28T13:36:30.413608,Repository upload/modification; not established public disclosure
report_38b5d014475d,report_38b5d014475d_6605725abfea1d02b95a3b8d,Survey_Clean_merged.dta,https://osf.io/download/r7xps/,dta,2024-03-28T13:36:26.676033Z,2024-03-28T13:36:26.676033,Repository upload/modification; not established public disclosure
report_38b5d014475d,report_38b5d014475d_66057252bfea1d02ca5a3963,README_Robustness_AER.pdf,https://osf.io/download/dthu2/,pdf,2024-03-28T13:36:18.659170Z,2024-03-28T13:36:18.659170,Repository upload/modification; not established public disclosure
report_38b5d014475d,report_38b5d014475d_6605726358fa4902bde4ee9e,MasterData10March2024.dta,https://osf.io/download/9x3qb/,dta,2024-03-28T13:36:35.138459Z,2024-03-28T13:36:35.138459,Repository upload/modification; not established public disclosure
report_38b5d014475d,report_38b5d014475d_6605725feb56f003808a3825,MasterData15January2024f2.dta,https://osf.io/download/xvspz/,dta,2024-03-28T13:36:31.897590Z,2024-03-28T13:36:31.897590,Repository upload/modification; not established public disclosure
report_38b5d014475d,report_38b5d014475d_66057252bfea1d02ce5a399f,Survey Analysis_Mar.do,https://osf.io/download/kfy8p/,do,2024-03-28T13:36:18.598672Z,2024-03-28T13:36:18.598672,Repository upload/modification; not established public disclosure
report_38b5d014475d,report_38b5d014475d_66057266eb56f0039f8a36df,Survey_responsesf.dta,https://osf.io/download/75gcd/,dta,2024-03-28T13:36:38.385381Z,2024-03-28T13:36:38.385381,Repository upload/modification; not established public disclosure
report_38b5d014475d,report_38b5d014475d_66057264eb56f0039f8a36dd,Survey_Averages.dta,https://osf.io/download/5wpf4/,dta,2024-03-28T13:36:36.413231Z,2024-03-28T13:36:36.413231,Repository upload/modification; not established public disclosure
report_38b5d014475d,report_38b5d014475d_66057255fe44ca02bf2b68f9,Stat_indicators_finding.dta,https://osf.io/download/66057255fe44ca02bf2b68f9/,dta,2024-03-28T13:36:21.982030Z,2024-03-28T13:36:21.982030,Repository upload/modification; not established public disclosure
report_38b5d014475d,report_38b5d014475d_6605725ceb56f003988a3621,Survey_Data.dta,https://osf.io/download/6605725ceb56f003988a3621/,dta,2024-03-28T13:36:28.646365Z,2024-03-28T13:36:28.646365,Repository upload/modification; not established public disclosure
report_38b5d014475d,report_38b5d014475d_66057259bfea1d02cb5a39a4,Survey_Clean.dta,https://osf.io/download/66057259bfea1d02cb5a39a4/,dta,2024-03-28T13:36:25.465571Z,2024-03-28T13:36:25.465571,Repository upload/modification; not established public disclosure
report_38b5d014475d,report_38b5d014475d_689cbada9d9b5804761f1ff4,Partisanship_and_Fiscal_Policyf.pdf,https://osf.io/download/awsd7/,pdf,2025-08-13T16:18:34.498248Z,2025-08-13T16:18:34.498248,Repository upload/modification; not established public disclosure
report_38b5d014475d,report_38b5d014475d_689cbae146c026ea11bc0de4,RetailPharmaciesandOpioids.pdf,https://osf.io/download/5kxwg/,pdf,2025-08-13T16:18:41.836870Z,2025-08-13T16:18:41.836870,Repository upload/modification; not established public disclosure
report_38b5d014475d,report_38b5d014475d_689cbae42674356d821f21ac,Self_Enforcing_Trade_Agreements.pdf,https://osf.io/download/4zu2w/,pdf,2025-08-13T16:18:44.656393Z,2025-08-13T16:18:44.656393,Repository upload/modification; not established public disclosure
report_38b5d014475d,report_38b5d014475d_689cbab5dbb82738361f1fc4,ConvexSupplyCurves_Robustness-DCApr26.pdf,https://osf.io/download/ynjxu/,pdf,2025-08-13T16:17:57.499119Z,2025-08-13T16:17:57.499119,Repository upload/modification; not established public disclosure
report_38b5d014475d,report_38b5d014475d_689cbadffcb29399e83ccf49,ReligiousFestivalsandDevelopment_May21.pdf,https://osf.io/download/argx2/,pdf,2025-08-13T16:18:39.726002Z,2025-08-13T16:18:39.726002,Repository upload/modification; not established public disclosure
report_38b5d014475d,report_38b5d014475d_689cbad189de62ba26d5a10e,Interaction-Stereotypes-and-Performance.pdf,https://osf.io/download/nsbv2/,pdf,2025-08-13T16:18:25.794542Z,2025-08-13T16:18:25.794542,Repository upload/modification; not established public disclosure
report_38b5d014475d,report_38b5d014475d_689cbab177543ca1933ccd61,Commercial_Imperialism-April21.pdf,https://osf.io/download/46fk5/,pdf,2025-08-13T16:17:53.304717Z,2025-08-13T16:17:53.304717,Repository upload/modification; not established public disclosure
report_38b5d014475d,report_38b5d014475d_689cbad75b1a416a873cce1a,Merchant-Towns-May10.pdf,https://osf.io/download/ugjh4/,pdf,2025-08-13T16:18:31.445501Z,2025-08-13T16:18:31.445501,Repository upload/modification; not established public disclosure
report_38b5d014475d,report_38b5d014475d_689cbae546c026ea11bc0de6,TechnologicalChange_May21.pdf,https://osf.io/download/4qtvr/,pdf,2025-08-13T16:18:45.433634Z,2025-08-13T16:18:45.433634,Repository upload/modification; not established public disclosure
report_38b5d014475d,report_38b5d014475d_689cbacd33dc6bbf8c13c4a3,GoingtoaBetterSchool.pdf,https://osf.io/download/knupq/,pdf,2025-08-13T16:18:21.342521Z,2025-08-13T16:18:21.342521,Repository upload/modification; not established public disclosure
report_38b5d014475d,report_38b5d014475d_689cbab877543ca1933ccd65,DiscretionaryTaxChangesUK_JK-DC_5_4_2023.pdf,https://osf.io/download/er9tb/,pdf,2025-08-13T16:18:00.994673Z,2025-08-13T16:18:00.994673,Repository upload/modification; not established public disclosure
report_38b5d014475d,report_38b5d014475d_689cbad07f0801bdd613c7ba,InnovationAndInstitutionalOwnership_May10.pdf,https://osf.io/download/mhtre/,pdf,2025-08-13T16:18:24.185791Z,2025-08-13T16:18:24.185791,Repository upload/modification; not established public disclosure
report_38b5d014475d,report_38b5d014475d_689cbadc14edc3b7e0d5a231,OutofAfrica-April11.pdf,https://osf.io/download/f3786/,pdf,2025-08-13T16:18:36.133730Z,2025-08-13T16:18:36.133730,Repository upload/modification; not established public disclosure
report_38b5d014475d,report_38b5d014475d_689cbae76deea60631bc0a80,Vulnerability and Clientelism.pdf,https://osf.io/download/dw78a/,pdf,2025-08-13T16:18:47.815966Z,2025-08-13T16:18:47.815966,Repository upload/modification; not established public disclosure
report_38b5d014475d,report_38b5d014475d_689cbab13f91f5a3af3ccee8,CoerciveContractEnforcementApril19.pdf,https://osf.io/download/vmdhx/,pdf,2025-08-13T16:17:53.225411Z,2025-08-13T16:17:53.225411,Repository upload/modification; not established public disclosure
report_38b5d014475d,report_38b5d014475d_689cbad514edc3b7e0d5a22f,Language-and-Saving-April21.pdf,https://osf.io/download/gc9aq/,pdf,2025-08-13T16:18:29.324393Z,2025-08-13T16:18:29.324393,Repository upload/modification; not established public disclosure
report_38b5d014475d,report_38b5d014475d_689cbadebbdc58ba53d5a0fb,PersuasionThroughSlantedLanguage.pdf,https://osf.io/download/5jthn/,pdf,2025-08-13T16:18:38.496989Z,2025-08-13T16:18:38.496989,Repository upload/modification; not established public disclosure
report_38b5d014475d,report_38b5d014475d_660572c4fe44ca02c42b6a54,significance2.eps,https://osf.io/download/660572c4fe44ca02c42b6a54/,eps,2024-03-28T13:38:12.904365Z,2024-03-28T13:38:12.904365,Repository upload/modification; not established public disclosure
report_38b5d014475d,report_38b5d014475d_6605729d58fa4902c6e4ed50,SummaryFSPresults.tex,https://osf.io/download/6605729d58fa4902c6e4ed50/,tex,2024-03-28T13:37:33.678675Z,2024-03-28T13:37:33.678675,Repository upload/modification; not established public disclosure
report_38b5d014475d,report_38b5d014475d_660572aaeb56f0039c8a3698,Survey_Clean_merged_final.dta,https://osf.io/download/660572aaeb56f0039c8a3698/,dta,2024-03-28T13:37:46.756790Z,2024-03-28T13:37:46.756790,Repository upload/modification; not established public disclosure
report_38b5d014475d,report_38b5d014475d_660572abfe44ca02c02b691a,AER_robustness2.tex,https://osf.io/download/660572abfe44ca02c02b691a/,tex,2024-03-28T13:37:47.467389Z,2024-03-28T13:37:47.467389,Repository upload/modification; not established public disclosure
report_38b5d014475d,report_38b5d014475d_660572d101fc9c0366316809,Tz_distribution_norm_censored2.eps,https://osf.io/download/tdwhe/,eps,2024-03-28T13:38:25.518701Z,2024-03-28T13:38:25.518701,Repository upload/modification; not established public disclosure
report_38b5d014475d,report_38b5d014475d_660572a0bfea1d02c75a3954,SummaryFSPresults.txt,https://osf.io/download/660572a0bfea1d02c75a3954/,txt,2024-03-28T13:37:36.430157Z,2024-03-28T13:37:36.430157,Repository upload/modification; not established public disclosure
report_38b5d014475d,report_38b5d014475d_660572bdfe44ca02c42b6a4c,Survey1.eps,https://osf.io/download/660572bdfe44ca02c42b6a4c/,eps,2024-03-28T13:38:05.736186Z,2024-03-28T13:38:05.736186,Repository upload/modification; not established public disclosure
report_38b5d014475d,report_38b5d014475d_660572c7fe44ca02bf2b6903,significance.eps,https://osf.io/download/660572c7fe44ca02bf2b6903/,eps,2024-03-28T13:38:15.606707Z,2024-03-28T13:38:15.606707,Repository upload/modification; not established public disclosure
report_38b5d014475d,report_38b5d014475d_660572adfe44ca02c42b6a32,AER_robustness2a.tex,https://osf.io/download/660572adfe44ca02c42b6a32/,tex,2024-03-28T13:37:49.429757Z,2024-03-28T13:37:49.429757,Repository upload/modification; not established public disclosure
report_38b5d014475d,report_38b5d014475d_660572aebfea1d02ca5a3984,predictions_RESP_result1.eps,https://osf.io/download/660572aebfea1d02ca5a3984/,eps,2024-03-28T13:37:50.231648Z,2024-03-28T13:37:50.231648,Repository upload/modification; not established public disclosure
report_38b5d014475d,report_38b5d014475d_660572a858fa4902bee4f00a,AER_robustness3a.tex,https://osf.io/download/bzvj7/,tex,2024-03-28T13:37:44.444132Z,2024-03-28T13:37:44.444132,Repository upload/modification; not established public disclosure
report_38b5d014475d,report_38b5d014475d_660572b9bfea1d02cf5a3a4e,predictions_FSP_resultp2.eps,https://osf.io/download/660572b9bfea1d02cf5a3a4e/,eps,2024-03-28T13:38:01.544325Z,2024-03-28T13:38:01.544325,Repository upload/modification; not established public disclosure
report_38b5d014475d,report_38b5d014475d_660572a758fa4902c7e4ed80,AER_robustness3.tex,https://osf.io/download/660572a758fa4902c7e4ed80/,tex,2024-03-28T13:37:43.387760Z,2024-03-28T13:37:43.387760,Repository upload/modification; not established public disclosure
report_38b5d014475d,report_38b5d014475d_660572b4bfea1d02cb5a39fa,predictions_FSP_result2a.eps,https://osf.io/download/660572b4bfea1d02cb5a39fa/,eps,2024-03-28T13:37:56.747855Z,2024-03-28T13:37:56.747855,Repository upload/modification; not established public disclosure
report_38b5d014475d,report_38b5d014475d_660572c801fc9c0366316805,Tz_distribution_norm_censored.eps,https://osf.io/download/660572c801fc9c0366316805/,eps,2024-03-28T13:38:16.696030Z,2024-03-28T13:38:16.696030,Repository upload/modification; not established public disclosure
report_38b5d014475d,report_38b5d014475d_660572bf58fa4902bee4f018,AER_robustness1a.tex,https://osf.io/download/dn9gw/,tex,2024-03-28T13:38:07.302005Z,2024-03-28T13:38:07.302005,Repository upload/modification; not established public disclosure
report_38b5d014475d,report_38b5d014475d_660572cffe44ca02bc2b68f2,variation.eps,https://osf.io/download/mdy9r/,eps,2024-03-28T13:38:23.985579Z,2024-03-28T13:38:23.985579,Repository upload/modification; not established public disclosure
report_38b5d014475d,report_38b5d014475d_660572a2bfea1d02ca5a3981,SquaredRESPError.eps,https://osf.io/download/660572a2bfea1d02ca5a3981/,eps,2024-03-28T13:37:38.272817Z,2024-03-28T13:37:38.272817,Repository upload/modification; not established public disclosure
report_38b5d014475d,report_38b5d014475d_660572d3eb56f003978a361d,Dfbeta_Tz_distribution_norm_censored.eps,https://osf.io/download/vfzkc/,eps,2024-03-28T13:38:27.716510Z,2024-03-28T13:38:27.716510,Repository upload/modification; not established public disclosure
report_38b5d014475d,report_38b5d014475d_660572b258fa4902bee4f012,predictions_FSP_result3.eps,https://osf.io/download/660572b258fa4902bee4f012/,eps,2024-03-28T13:37:54.982729Z,2024-03-28T13:37:54.982729,Repository upload/modification; not established public disclosure
report_38b5d014475d,report_38b5d014475d_660572bc58fa4902c6e4ed6c,predictions_FSP_result2.eps,https://osf.io/download/660572bc58fa4902c6e4ed6c/,eps,2024-03-28T13:38:04.446724Z,2024-03-28T13:38:04.446724,Repository upload/modification; not established public disclosure
report_38b5d014475d,report_38b5d014475d_660572c401fc9c03633167f2,AppendixTable3.eps,https://osf.io/download/660572c401fc9c03633167f2/,eps,2024-03-28T13:38:13.018855Z,2024-03-28T13:38:13.018855,Repository upload/modification; not established public disclosure
report_38b5d014475d,report_38b5d014475d_6605729f58fa4902c7e4ed77,Survey_Clean_merged_final1.dta,https://osf.io/download/6605729f58fa4902c7e4ed77/,dta,2024-03-28T13:37:35.388247Z,2024-03-28T13:37:35.388247,Repository upload/modification; not established public disclosure
report_38b5d014475d,report_38b5d014475d_660572b5fe44ca02c42b6a41,predictions_FSP_result2b.eps,https://osf.io/download/660572b5fe44ca02c42b6a41/,eps,2024-03-28T13:37:57.873861Z,2024-03-28T13:37:57.873861,Repository upload/modification; not established public disclosure
report_38b5d014475d,report_38b5d014475d_660572b9eb56f0039d8a3654,predictions_FSP_result.eps,https://osf.io/download/660572b9eb56f0039d8a3654/,eps,2024-03-28T13:38:01.547842Z,2024-03-28T13:38:01.547842,Repository upload/modification; not established public disclosure
report_38b5d014475d,report_38b5d014475d_660572cd01fc9c035e3167af,variation_paper1.eps,https://osf.io/download/cyzbe/,eps,2024-03-28T13:38:21.197699Z,2024-03-28T13:38:21.197699,Repository upload/modification; not established public disclosure
report_38b5d014475d,report_38b5d014475d_660572c158fa4902b9e4ed7a,AER_robustness1_appendix.tex,https://osf.io/download/660572c158fa4902b9e4ed7a/,tex,2024-03-28T13:38:09.210680Z,2024-03-28T13:38:09.210680,Repository upload/modification; not established public disclosure
report_38b5d014475d,report_38b5d014475d_660572ca58fa4902bde4eebc,Rel_tz_median.eps,https://osf.io/download/660572ca58fa4902bde4eebc/,eps,2024-03-28T13:38:18.586094Z,2024-03-28T13:38:18.586094,Repository upload/modification; not established public disclosure
report_38b5d014475d,report_38b5d014475d_660572b0bfea1d02cf5a3a48,predictions_RESP_result2p.eps,https://osf.io/download/660572b0bfea1d02cf5a3a48/,eps,2024-03-28T13:37:52.195393Z,2024-03-28T13:37:52.195393,Repository upload/modification; not established public disclosure
report_38b5d014475d,report_38b5d014475d_660572c2bfea1d02ce5a3a21,AER_robustness1.tex,https://osf.io/download/660572c2bfea1d02ce5a3a21/,tex,2024-03-28T13:38:10.065307Z,2024-03-28T13:38:10.065307,Repository upload/modification; not established public disclosure
report_38b5d014475d,report_38b5d014475d_660572ce58fa4902c7e4eeb5,significance_result.eps,https://osf.io/download/m5hev/,eps,2024-03-28T13:38:22.565533Z,2024-03-28T13:38:22.565533,Repository upload/modification; not established public disclosure
report_38b5d014475d,report_38b5d014475d_660572a5bfea1d02cf5a3a46,AER_robustness4.tex,https://osf.io/download/660572a5bfea1d02cf5a3a46/,tex,2024-03-28T13:37:41.773243Z,2024-03-28T13:37:41.773243,Repository upload/modification; not established public disclosure
report_38b5d014475d,report_38b5d014475d_660572a458fa4902bee4f000,AER_robustness4_appendix.tex,https://osf.io/download/660572a458fa4902bee4f000/,tex,2024-03-28T13:37:40.169765Z,2024-03-28T13:37:40.169765,Repository upload/modification; not established public disclosure
report_38b5d014475d,report_38b5d014475d_660572b101fc9c036a3168ec,predictions_RESP_result.eps,https://osf.io/download/660572b101fc9c036a3168ec/,eps,2024-03-28T13:37:53.976607Z,2024-03-28T13:37:53.976607,Repository upload/modification; not established public disclosure
report_393f26b87c95,report_393f26b87c95_66191f59943bee3d65dff156,ReplicationResponse.pdf,https://osf.io/download/qyj7c/,pdf,2024-04-12T11:47:37.966775Z,2024-04-12T11:47:37.966775,Repository upload/modification; not established public disclosure
report_393f26b87c95,report_393f26b87c95_657b20f34a0e9000ef8e913d,Replicating_Grosjean2022Inflammatory-2 (002).pdf,https://osf.io/download/5fcdq/,pdf,2023-12-14T15:36:19.955279Z,2023-12-14T15:36:19.955279,Repository upload/modification; not established public disclosure
report_3957dceafbb8,report_3957dceafbb8_65e5d09ce5e51c01ccbc5b2c,replication_package.zip,https://osf.io/download/wmy6h/,zip,2024-03-04T13:46:04.187656Z,2024-03-04T13:46:04.187656,Repository upload/modification; not established public disclosure
report_3957dceafbb8,report_3957dceafbb8_6495994d6513ba06b33a370f,Response to Replication Report DFMM 20230412.pdf,https://osf.io/download/paju9/,pdf,2023-06-23T13:08:29.484747Z,2023-06-23T13:08:29.484747,Repository upload/modification; not established public disclosure
report_3a412384841e,report_3a412384841e_6a295555d612920b54878625,Reproduction Report.pdf,https://osf.io/download/yjfuq/,pdf,2026-06-10T12:15:17.957912Z,2026-06-10T12:15:17.957912,Repository upload/modification; not established public disclosure
report_3c9cbb3fc4b8,report_3c9cbb3fc4b8_69cab99eab330c76cd258a2a,Report_Cumulative_Impact_updated.pdf,https://osf.io/download/7y3se/,pdf,2026-03-30T17:57:50.360079Z,2026-03-30T17:57:50.360079,Repository upload/modification; not established public disclosure
report_3da709722dd1,report_3da709722dd1_68c41e272a70dfd23d5604a5,replication_report_psych_science_mpox_v1(1).pdf,https://osf.io/download/nskeb/,pdf,2025-09-12T13:20:39.193263Z,2025-09-12T13:20:39.193263,Repository upload/modification; not established public disclosure
report_3da709722dd1,report_3da709722dd1_68c43ef06a6d44df4c5602e7,model_robustness_check_part1_roi.R,https://osf.io/download/g8f25/,r,2025-09-12T15:40:32.561821Z,2025-09-12T15:40:32.561821,Repository upload/modification; not established public disclosure
report_3da709722dd1,report_3da709722dd1_68c43ee26a6d44df4c5602df,model_robustness_check_part2_sebastian.R,https://osf.io/download/rw8xv/,r,2025-09-12T15:40:18.842999Z,2025-09-12T15:40:18.842999,Repository upload/modification; not established public disclosure
report_3e68a5b034dd,report_3e68a5b034dd_6a343023ed80fa1300975f73,reproducers-replication-packet.zip,https://osf.io/download/8jwdv/,zip,2026-06-18T17:51:31.713601Z,2026-06-18T17:51:31.713601,Repository upload/modification; not established public disclosure
report_3e68a5b034dd,report_3e68a5b034dd_6a32df2051dd85ebe39450a1,Reproduction_report.pdf,https://osf.io/download/b2xu7/,pdf,2026-06-17T17:53:36.438707Z,2026-06-17T17:53:36.438707,Repository upload/modification; not established public disclosure
report_3ea3dcfd7ce8,report_3ea3dcfd7ce8_6a830d27c6c903b612edd910,Replication Report.pdf,https://osf.io/download/g3cjp/,pdf,2026-08-17T13:31:19.051338Z,2026-08-17T13:31:19.051338,Repository upload/modification; not established public disclosure
report_3f405379726e,report_3f405379726e_6a8f836497615703d3e3a231,Montreal Replication of Leininger et al_.pdf,https://osf.io/download/6a8f836497615703d3e3a231/,pdf,2026-08-27T00:23:00.123567Z,2026-08-27T00:23:00.123567,Repository upload/modification; not established public disclosure
report_4194b145419c,report_4194b145419c_6a91bb7da7a37d455c5a74c4,self_persuasion_a_replication.pdf,https://osf.io/download/9d3wy/,pdf,2026-08-28T16:46:53.045523Z,2026-08-28T16:46:53.045523,Repository upload/modification; not established public disclosure
report_426f30fc736c,report_426f30fc736c_69d907fb23907e526e895c8c,NHBreplication2.R.zip,https://osf.io/download/69d907fb23907e526e895c8c/,zip,2026-04-10T14:23:56.000302Z,2026-04-10T14:23:56.000302,Repository upload/modification; not established public disclosure
report_426f30fc736c,report_426f30fc736c_69d908480e86b0b75578e9da,Lackner I4R Rep.pdf,https://osf.io/download/mjs86/,pdf,2026-04-10T14:25:12.219293Z,2026-04-10T14:25:12.219293,Repository upload/modification; not established public disclosure
report_438642c3c161,report_438642c3c161_66ab86b2c129aa5239a1b78b,V2_ReplicationGames_InformedEnforcement.pdf,https://osf.io/download/ftwv2/,pdf,2024-08-01T12:59:30.911556Z,2024-08-01T12:59:30.911556,Repository upload/modification; not established public disclosure
report_4533b3f73770,report_4533b3f73770_65984eea9513848b6a23860b,I4R-2022-68 Replication_v2.pdf,https://osf.io/download/tj2w8/,pdf,2024-01-05T18:48:10.295581Z,2024-01-05T18:48:10.295581,Repository upload/modification; not established public disclosure
report_4533b3f73770,report_4533b3f73770_65984e9a2a65608a510bf1fd,replication code.Rmd,https://osf.io/download/6zw7h/,rmd,2024-01-05T18:46:50.616378Z,2024-01-05T18:46:50.616378,Repository upload/modification; not established public disclosure
report_485c06b26373,report_485c06b26373_6807615e4f254e89a1b7d2da,PAP w addendum.pdf,https://osf.io/download/zyqdb/,pdf,2025-04-22T09:29:02.775413Z,2025-04-22T09:29:02.775413,Repository upload/modification; not established public disclosure
report_485c06b26373,report_485c06b26373_689d88ee1a4a962e981f201b,Referee Report Full Data.xlsx,https://osf.io/download/qj3fc/,xlsx,2025-08-14T06:57:50.888388Z,2025-08-14T06:57:50.888388,Repository upload/modification; not established public disclosure
report_485c06b26373,report_485c06b26373_649c947567aff80dfaedfdba,AER Robustness Survey PAP.pdf,https://osf.io/download/t4nfm/,pdf,2023-06-28T20:13:41.708342Z,2023-06-28T20:13:41.708342,Repository upload/modification; not established public disclosure
report_485c06b26373,report_485c06b26373_67408cf48d42fcc5f496c79d,PAP reviewing reports.pdf,https://osf.io/download/tzk2a/,pdf,2024-11-22T13:53:56.861031Z,2024-11-22T13:53:56.861031,Repository upload/modification; not established public disclosure
report_485c06b26373,report_485c06b26373_65aa175399d0100080626a10,AER_Robustness_survey.qsf,https://osf.io/download/bzvru/,qsf,2024-01-19T06:31:47.259855Z,2024-01-19T06:31:47.259855,Repository upload/modification; not established public disclosure
report_485c06b26373,report_485c06b26373_65aa1753ebe5e60092f5e7a1,Qualtrics Survey.pdf,https://osf.io/download/gnrqb/,pdf,2024-01-19T06:31:47.237320Z,2024-01-19T06:31:47.237320,Repository upload/modification; not established public disclosure
report_485c06b26373,report_485c06b26373_688873c853738286562341be,Convex_supply_Response_Institute_for_Replication.pdf,https://osf.io/download/uev65/,pdf,2025-07-29T07:10:00.382149Z,2025-07-29T07:10:00.382149,Repository upload/modification; not established public disclosure
report_485c06b26373,report_485c06b26373_688873cc45ec217577e7cc18,Partisanship and Fiscal Policy in Economic Unions Evidence from US States.pdf,https://osf.io/download/jfv9h/,pdf,2025-07-29T07:10:04.244503Z,2025-07-29T07:10:04.244503,Repository upload/modification; not established public disclosure
report_485c06b26373,report_485c06b26373_688873c9c093c96d1c256d5e,AMV_IfR_Reply.pdf,https://osf.io/download/nb6fp/,pdf,2025-07-29T07:10:01.188977Z,2025-07-29T07:10:01.188977,Repository upload/modification; not established public disclosure
report_485c06b26373,report_485c06b26373_688873fc307d62b882234157,Persuasion through Slanted Language Evidence from the Media Coverage of Immigration[91].pdf,https://osf.io/download/d3n9g/,pdf,2025-07-29T07:10:52.897285Z,2025-07-29T07:10:52.897285,Repository upload/modification; not established public disclosure
report_485c06b26373,report_485c06b26373_688873cbf17815c6db2340e4,Going to a Better School Effects and Behavioral Responses.pdf,https://osf.io/download/t6se8/,pdf,2025-07-29T07:10:03.286182Z,2025-07-29T07:10:03.286182,Repository upload/modification; not established public disclosure
report_485c06b26373,report_485c06b26373_688a56d976f3876855a23ec0,"Interaction, Stereotypes, and Performance Evidence from South Africa.pdf",https://osf.io/download/nwe9u/,pdf,2025-07-30T17:31:05.740447Z,2025-07-30T17:31:05.740447,Repository upload/modification; not established public disclosure
report_485c06b26373,report_485c06b26373_6602ddb3a8fcbc010736e6ca,retail-pharmacies-Mar25.pdf,https://osf.io/download/k7g5p/,pdf,2024-03-26T14:37:39.694296Z,2024-03-26T14:37:39.694296,Repository upload/modification; not established public disclosure
report_485c06b26373,report_485c06b26373_6602ddacc9e09000ebbde57e,going-to-a-better-school-Feb3.pdf,https://osf.io/download/n7r9z/,pdf,2024-03-26T14:37:32.473160Z,2024-03-26T14:37:32.473160,Repository upload/modification; not established public disclosure
report_485c06b26373,report_485c06b26373_688a572fce90943bc92341d3,SelfEnforcingTradeAgreements_Robustness_July26.pdf,https://osf.io/download/e6zvc/,pdf,2025-07-30T17:32:31.069644Z,2025-07-30T17:32:31.069644,Repository upload/modification; not established public disclosure
report_485c06b26373,report_485c06b26373_6602ddacb3a1e300ec7dfa01,Innovation-and-Institutional-Ownership-Mar25.pdf,https://osf.io/download/qz5g6/,pdf,2024-03-26T14:37:32.956311Z,2024-03-26T14:37:32.956311,Repository upload/modification; not established public disclosure
report_485c06b26373,report_485c06b26373_6602ddb4c9e09000ebbde58b,vulnerability-and-clientelism-Feb3.pdf,https://osf.io/download/j64at/,pdf,2024-03-26T14:37:40.095085Z,2024-03-26T14:37:40.095085,Repository upload/modification; not established public disclosure
report_485c06b26373,report_485c06b26373_6602ddabb3a1e300e07df62d,discretionary-tax-changes-FINAL.pdf,https://osf.io/download/4qnf7/,pdf,2024-03-26T14:37:31.363833Z,2024-03-26T14:37:31.363833,Repository upload/modification; not established public disclosure
report_485c06b26373,report_485c06b26373_6602ddb1b3a1e300f97def1a,partisanship-and-fiscal-policy-Mar25.pdf,https://osf.io/download/wekyz/,pdf,2024-03-26T14:37:37.282311Z,2024-03-26T14:37:37.282311,Repository upload/modification; not established public disclosure
report_485c06b26373,report_485c06b26373_6602ddb49dc8ef010089875e,technological-change-Mar25.pdf,https://osf.io/download/hqens/,pdf,2024-03-26T14:37:40.940587Z,2024-03-26T14:37:40.940587,Repository upload/modification; not established public disclosure
report_485c06b26373,report_485c06b26373_6602ddad9dc8ef00f88981bb,interaction-stereotypes-and-performance-Mar25.pdf,https://osf.io/download/guekw/,pdf,2024-03-26T14:37:33.270054Z,2024-03-26T14:37:33.270054,Repository upload/modification; not established public disclosure
report_485c06b26373,report_485c06b26373_6602ddabb3a1e300ec7df9ff,ConvexSupplyCurves_Robustness-Mar25.pdf,https://osf.io/download/hpd8s/,pdf,2024-03-26T14:37:31.333402Z,2024-03-26T14:37:31.333402,Repository upload/modification; not established public disclosure
report_485c06b26373,report_485c06b26373_6602ddafa8fcbc00f236e905,out-of-africa_Feb4.pdf,https://osf.io/download/d4f23/,pdf,2024-03-26T14:37:35.381670Z,2024-03-26T14:37:35.381670,Repository upload/modification; not established public disclosure
report_485c06b26373,report_485c06b26373_6602ddb1d9031c00ef03a99b,religious-festivals-and-development_Mar5.pdf,https://osf.io/download/d3seq/,pdf,2024-03-26T14:37:37.256213Z,2024-03-26T14:37:37.256213,Repository upload/modification; not established public disclosure
report_485c06b26373,report_485c06b26373_6602ddaac9e09000ebbde57c,coercive-contract-enforcement-Mar25.pdf,https://osf.io/download/vg745/,pdf,2024-03-26T14:37:30.165335Z,2024-03-26T14:37:30.165335,Repository upload/modification; not established public disclosure
report_485c06b26373,report_485c06b26373_6602ddaaa8fcbc010736e6b8,commercial-imperialism-Jan24.pdf,https://osf.io/download/w5pve/,pdf,2024-03-26T14:37:30.195188Z,2024-03-26T14:37:30.195188,Repository upload/modification; not established public disclosure
report_485c06b26373,report_485c06b26373_6602ddaec9e09000ebbde584,merchant-towns-Mar25.pdf,https://osf.io/download/tm4xc/,pdf,2024-03-26T14:37:34.475773Z,2024-03-26T14:37:34.475773,Repository upload/modification; not established public disclosure
report_485c06b26373,report_485c06b26373_6602ddb1c9e09000f4bddc78,persuasion-through-slanted-language-Mar.pdf,https://osf.io/download/rw7j9/,pdf,2024-03-26T14:37:37.246703Z,2024-03-26T14:37:37.246703,Repository upload/modification; not established public disclosure
report_485c06b26373,report_485c06b26373_6602ddaeb3a1e300f97def18,language-and-economic-behavior-Mar25.pdf,https://osf.io/download/h246d/,pdf,2024-03-26T14:37:35.047581Z,2024-03-26T14:37:35.047581,Repository upload/modification; not established public disclosure
report_485c06b26373,report_485c06b26373_66057261fe44ca02c02b690d,MasterData15January2024f.dta,https://osf.io/download/pdvrh/,dta,2024-03-28T13:36:33.429866Z,2024-03-28T13:36:33.429866,Repository upload/modification; not established public disclosure
report_485c06b26373,report_485c06b26373_66057255bfea1d02cf5a39db,Stat_indicators_paper.dta,https://osf.io/download/czhsb/,dta,2024-03-28T13:36:21.927021Z,2024-03-28T13:36:21.927021,Repository upload/modification; not established public disclosure
report_485c06b26373,report_485c06b26373_6605725eeb56f0039c8a3683,MasterAnalysis17Mar.do,https://osf.io/download/jczbn/,do,2024-03-28T13:36:30.413608Z,2024-03-28T13:36:30.413608,Repository upload/modification; not established public disclosure
report_485c06b26373,report_485c06b26373_6605725abfea1d02b95a3b8d,Survey_Clean_merged.dta,https://osf.io/download/r7xps/,dta,2024-03-28T13:36:26.676033Z,2024-03-28T13:36:26.676033,Repository upload/modification; not established public disclosure
report_485c06b26373,report_485c06b26373_66057252bfea1d02ca5a3963,README_Robustness_AER.pdf,https://osf.io/download/dthu2/,pdf,2024-03-28T13:36:18.659170Z,2024-03-28T13:36:18.659170,Repository upload/modification; not established public disclosure
report_485c06b26373,report_485c06b26373_6605726358fa4902bde4ee9e,MasterData10March2024.dta,https://osf.io/download/9x3qb/,dta,2024-03-28T13:36:35.138459Z,2024-03-28T13:36:35.138459,Repository upload/modification; not established public disclosure
report_485c06b26373,report_485c06b26373_6605725feb56f003808a3825,MasterData15January2024f2.dta,https://osf.io/download/xvspz/,dta,2024-03-28T13:36:31.897590Z,2024-03-28T13:36:31.897590,Repository upload/modification; not established public disclosure
report_485c06b26373,report_485c06b26373_66057252bfea1d02ce5a399f,Survey Analysis_Mar.do,https://osf.io/download/kfy8p/,do,2024-03-28T13:36:18.598672Z,2024-03-28T13:36:18.598672,Repository upload/modification; not established public disclosure
report_485c06b26373,report_485c06b26373_66057266eb56f0039f8a36df,Survey_responsesf.dta,https://osf.io/download/75gcd/,dta,2024-03-28T13:36:38.385381Z,2024-03-28T13:36:38.385381,Repository upload/modification; not established public disclosure
report_485c06b26373,report_485c06b26373_66057264eb56f0039f8a36dd,Survey_Averages.dta,https://osf.io/download/5wpf4/,dta,2024-03-28T13:36:36.413231Z,2024-03-28T13:36:36.413231,Repository upload/modification; not established public disclosure
report_485c06b26373,report_485c06b26373_66057255fe44ca02bf2b68f9,Stat_indicators_finding.dta,https://osf.io/download/66057255fe44ca02bf2b68f9/,dta,2024-03-28T13:36:21.982030Z,2024-03-28T13:36:21.982030,Repository upload/modification; not established public disclosure
report_485c06b26373,report_485c06b26373_6605725ceb56f003988a3621,Survey_Data.dta,https://osf.io/download/6605725ceb56f003988a3621/,dta,2024-03-28T13:36:28.646365Z,2024-03-28T13:36:28.646365,Repository upload/modification; not established public disclosure
report_485c06b26373,report_485c06b26373_66057259bfea1d02cb5a39a4,Survey_Clean.dta,https://osf.io/download/66057259bfea1d02cb5a39a4/,dta,2024-03-28T13:36:25.465571Z,2024-03-28T13:36:25.465571,Repository upload/modification; not established public disclosure
report_485c06b26373,report_485c06b26373_689cbada9d9b5804761f1ff4,Partisanship_and_Fiscal_Policyf.pdf,https://osf.io/download/awsd7/,pdf,2025-08-13T16:18:34.498248Z,2025-08-13T16:18:34.498248,Repository upload/modification; not established public disclosure
report_485c06b26373,report_485c06b26373_689cbae146c026ea11bc0de4,RetailPharmaciesandOpioids.pdf,https://osf.io/download/5kxwg/,pdf,2025-08-13T16:18:41.836870Z,2025-08-13T16:18:41.836870,Repository upload/modification; not established public disclosure
report_485c06b26373,report_485c06b26373_689cbae42674356d821f21ac,Self_Enforcing_Trade_Agreements.pdf,https://osf.io/download/4zu2w/,pdf,2025-08-13T16:18:44.656393Z,2025-08-13T16:18:44.656393,Repository upload/modification; not established public disclosure
report_485c06b26373,report_485c06b26373_689cbab5dbb82738361f1fc4,ConvexSupplyCurves_Robustness-DCApr26.pdf,https://osf.io/download/ynjxu/,pdf,2025-08-13T16:17:57.499119Z,2025-08-13T16:17:57.499119,Repository upload/modification; not established public disclosure
report_485c06b26373,report_485c06b26373_689cbadffcb29399e83ccf49,ReligiousFestivalsandDevelopment_May21.pdf,https://osf.io/download/argx2/,pdf,2025-08-13T16:18:39.726002Z,2025-08-13T16:18:39.726002,Repository upload/modification; not established public disclosure
report_485c06b26373,report_485c06b26373_689cbad189de62ba26d5a10e,Interaction-Stereotypes-and-Performance.pdf,https://osf.io/download/nsbv2/,pdf,2025-08-13T16:18:25.794542Z,2025-08-13T16:18:25.794542,Repository upload/modification; not established public disclosure
report_485c06b26373,report_485c06b26373_689cbab177543ca1933ccd61,Commercial_Imperialism-April21.pdf,https://osf.io/download/46fk5/,pdf,2025-08-13T16:17:53.304717Z,2025-08-13T16:17:53.304717,Repository upload/modification; not established public disclosure
report_485c06b26373,report_485c06b26373_689cbad75b1a416a873cce1a,Merchant-Towns-May10.pdf,https://osf.io/download/ugjh4/,pdf,2025-08-13T16:18:31.445501Z,2025-08-13T16:18:31.445501,Repository upload/modification; not established public disclosure
report_485c06b26373,report_485c06b26373_689cbae546c026ea11bc0de6,TechnologicalChange_May21.pdf,https://osf.io/download/4qtvr/,pdf,2025-08-13T16:18:45.433634Z,2025-08-13T16:18:45.433634,Repository upload/modification; not established public disclosure
report_485c06b26373,report_485c06b26373_689cbacd33dc6bbf8c13c4a3,GoingtoaBetterSchool.pdf,https://osf.io/download/knupq/,pdf,2025-08-13T16:18:21.342521Z,2025-08-13T16:18:21.342521,Repository upload/modification; not established public disclosure
report_485c06b26373,report_485c06b26373_689cbab877543ca1933ccd65,DiscretionaryTaxChangesUK_JK-DC_5_4_2023.pdf,https://osf.io/download/er9tb/,pdf,2025-08-13T16:18:00.994673Z,2025-08-13T16:18:00.994673,Repository upload/modification; not established public disclosure
report_485c06b26373,report_485c06b26373_689cbad07f0801bdd613c7ba,InnovationAndInstitutionalOwnership_May10.pdf,https://osf.io/download/mhtre/,pdf,2025-08-13T16:18:24.185791Z,2025-08-13T16:18:24.185791,Repository upload/modification; not established public disclosure
report_485c06b26373,report_485c06b26373_689cbadc14edc3b7e0d5a231,OutofAfrica-April11.pdf,https://osf.io/download/f3786/,pdf,2025-08-13T16:18:36.133730Z,2025-08-13T16:18:36.133730,Repository upload/modification; not established public disclosure
report_485c06b26373,report_485c06b26373_689cbae76deea60631bc0a80,Vulnerability and Clientelism.pdf,https://osf.io/download/dw78a/,pdf,2025-08-13T16:18:47.815966Z,2025-08-13T16:18:47.815966,Repository upload/modification; not established public disclosure
report_485c06b26373,report_485c06b26373_689cbab13f91f5a3af3ccee8,CoerciveContractEnforcementApril19.pdf,https://osf.io/download/vmdhx/,pdf,2025-08-13T16:17:53.225411Z,2025-08-13T16:17:53.225411,Repository upload/modification; not established public disclosure
report_485c06b26373,report_485c06b26373_689cbad514edc3b7e0d5a22f,Language-and-Saving-April21.pdf,https://osf.io/download/gc9aq/,pdf,2025-08-13T16:18:29.324393Z,2025-08-13T16:18:29.324393,Repository upload/modification; not established public disclosure
report_485c06b26373,report_485c06b26373_689cbadebbdc58ba53d5a0fb,PersuasionThroughSlantedLanguage.pdf,https://osf.io/download/5jthn/,pdf,2025-08-13T16:18:38.496989Z,2025-08-13T16:18:38.496989,Repository upload/modification; not established public disclosure
report_485c06b26373,report_485c06b26373_660572c4fe44ca02c42b6a54,significance2.eps,https://osf.io/download/660572c4fe44ca02c42b6a54/,eps,2024-03-28T13:38:12.904365Z,2024-03-28T13:38:12.904365,Repository upload/modification; not established public disclosure
report_485c06b26373,report_485c06b26373_6605729d58fa4902c6e4ed50,SummaryFSPresults.tex,https://osf.io/download/6605729d58fa4902c6e4ed50/,tex,2024-03-28T13:37:33.678675Z,2024-03-28T13:37:33.678675,Repository upload/modification; not established public disclosure
report_485c06b26373,report_485c06b26373_660572aaeb56f0039c8a3698,Survey_Clean_merged_final.dta,https://osf.io/download/660572aaeb56f0039c8a3698/,dta,2024-03-28T13:37:46.756790Z,2024-03-28T13:37:46.756790,Repository upload/modification; not established public disclosure
report_485c06b26373,report_485c06b26373_660572abfe44ca02c02b691a,AER_robustness2.tex,https://osf.io/download/660572abfe44ca02c02b691a/,tex,2024-03-28T13:37:47.467389Z,2024-03-28T13:37:47.467389,Repository upload/modification; not established public disclosure
report_485c06b26373,report_485c06b26373_660572d101fc9c0366316809,Tz_distribution_norm_censored2.eps,https://osf.io/download/tdwhe/,eps,2024-03-28T13:38:25.518701Z,2024-03-28T13:38:25.518701,Repository upload/modification; not established public disclosure
report_485c06b26373,report_485c06b26373_660572a0bfea1d02c75a3954,SummaryFSPresults.txt,https://osf.io/download/660572a0bfea1d02c75a3954/,txt,2024-03-28T13:37:36.430157Z,2024-03-28T13:37:36.430157,Repository upload/modification; not established public disclosure
report_485c06b26373,report_485c06b26373_660572bdfe44ca02c42b6a4c,Survey1.eps,https://osf.io/download/660572bdfe44ca02c42b6a4c/,eps,2024-03-28T13:38:05.736186Z,2024-03-28T13:38:05.736186,Repository upload/modification; not established public disclosure
report_485c06b26373,report_485c06b26373_660572c7fe44ca02bf2b6903,significance.eps,https://osf.io/download/660572c7fe44ca02bf2b6903/,eps,2024-03-28T13:38:15.606707Z,2024-03-28T13:38:15.606707,Repository upload/modification; not established public disclosure
report_485c06b26373,report_485c06b26373_660572adfe44ca02c42b6a32,AER_robustness2a.tex,https://osf.io/download/660572adfe44ca02c42b6a32/,tex,2024-03-28T13:37:49.429757Z,2024-03-28T13:37:49.429757,Repository upload/modification; not established public disclosure
report_485c06b26373,report_485c06b26373_660572aebfea1d02ca5a3984,predictions_RESP_result1.eps,https://osf.io/download/660572aebfea1d02ca5a3984/,eps,2024-03-28T13:37:50.231648Z,2024-03-28T13:37:50.231648,Repository upload/modification; not established public disclosure
report_485c06b26373,report_485c06b26373_660572a858fa4902bee4f00a,AER_robustness3a.tex,https://osf.io/download/bzvj7/,tex,2024-03-28T13:37:44.444132Z,2024-03-28T13:37:44.444132,Repository upload/modification; not established public disclosure
report_485c06b26373,report_485c06b26373_660572b9bfea1d02cf5a3a4e,predictions_FSP_resultp2.eps,https://osf.io/download/660572b9bfea1d02cf5a3a4e/,eps,2024-03-28T13:38:01.544325Z,2024-03-28T13:38:01.544325,Repository upload/modification; not established public disclosure
report_485c06b26373,report_485c06b26373_660572a758fa4902c7e4ed80,AER_robustness3.tex,https://osf.io/download/660572a758fa4902c7e4ed80/,tex,2024-03-28T13:37:43.387760Z,2024-03-28T13:37:43.387760,Repository upload/modification; not established public disclosure
report_485c06b26373,report_485c06b26373_660572b4bfea1d02cb5a39fa,predictions_FSP_result2a.eps,https://osf.io/download/660572b4bfea1d02cb5a39fa/,eps,2024-03-28T13:37:56.747855Z,2024-03-28T13:37:56.747855,Repository upload/modification; not established public disclosure
report_485c06b26373,report_485c06b26373_660572c801fc9c0366316805,Tz_distribution_norm_censored.eps,https://osf.io/download/660572c801fc9c0366316805/,eps,2024-03-28T13:38:16.696030Z,2024-03-28T13:38:16.696030,Repository upload/modification; not established public disclosure
report_485c06b26373,report_485c06b26373_660572bf58fa4902bee4f018,AER_robustness1a.tex,https://osf.io/download/dn9gw/,tex,2024-03-28T13:38:07.302005Z,2024-03-28T13:38:07.302005,Repository upload/modification; not established public disclosure
report_485c06b26373,report_485c06b26373_660572cffe44ca02bc2b68f2,variation.eps,https://osf.io/download/mdy9r/,eps,2024-03-28T13:38:23.985579Z,2024-03-28T13:38:23.985579,Repository upload/modification; not established public disclosure
report_485c06b26373,report_485c06b26373_660572a2bfea1d02ca5a3981,SquaredRESPError.eps,https://osf.io/download/660572a2bfea1d02ca5a3981/,eps,2024-03-28T13:37:38.272817Z,2024-03-28T13:37:38.272817,Repository upload/modification; not established public disclosure
report_485c06b26373,report_485c06b26373_660572d3eb56f003978a361d,Dfbeta_Tz_distribution_norm_censored.eps,https://osf.io/download/vfzkc/,eps,2024-03-28T13:38:27.716510Z,2024-03-28T13:38:27.716510,Repository upload/modification; not established public disclosure
report_485c06b26373,report_485c06b26373_660572b258fa4902bee4f012,predictions_FSP_result3.eps,https://osf.io/download/660572b258fa4902bee4f012/,eps,2024-03-28T13:37:54.982729Z,2024-03-28T13:37:54.982729,Repository upload/modification; not established public disclosure
report_485c06b26373,report_485c06b26373_660572bc58fa4902c6e4ed6c,predictions_FSP_result2.eps,https://osf.io/download/660572bc58fa4902c6e4ed6c/,eps,2024-03-28T13:38:04.446724Z,2024-03-28T13:38:04.446724,Repository upload/modification; not established public disclosure
report_485c06b26373,report_485c06b26373_660572c401fc9c03633167f2,AppendixTable3.eps,https://osf.io/download/660572c401fc9c03633167f2/,eps,2024-03-28T13:38:13.018855Z,2024-03-28T13:38:13.018855,Repository upload/modification; not established public disclosure
report_485c06b26373,report_485c06b26373_6605729f58fa4902c7e4ed77,Survey_Clean_merged_final1.dta,https://osf.io/download/6605729f58fa4902c7e4ed77/,dta,2024-03-28T13:37:35.388247Z,2024-03-28T13:37:35.388247,Repository upload/modification; not established public disclosure
report_485c06b26373,report_485c06b26373_660572b5fe44ca02c42b6a41,predictions_FSP_result2b.eps,https://osf.io/download/660572b5fe44ca02c42b6a41/,eps,2024-03-28T13:37:57.873861Z,2024-03-28T13:37:57.873861,Repository upload/modification; not established public disclosure
report_485c06b26373,report_485c06b26373_660572b9eb56f0039d8a3654,predictions_FSP_result.eps,https://osf.io/download/660572b9eb56f0039d8a3654/,eps,2024-03-28T13:38:01.547842Z,2024-03-28T13:38:01.547842,Repository upload/modification; not established public disclosure
report_485c06b26373,report_485c06b26373_660572cd01fc9c035e3167af,variation_paper1.eps,https://osf.io/download/cyzbe/,eps,2024-03-28T13:38:21.197699Z,2024-03-28T13:38:21.197699,Repository upload/modification; not established public disclosure
report_485c06b26373,report_485c06b26373_660572c158fa4902b9e4ed7a,AER_robustness1_appendix.tex,https://osf.io/download/660572c158fa4902b9e4ed7a/,tex,2024-03-28T13:38:09.210680Z,2024-03-28T13:38:09.210680,Repository upload/modification; not established public disclosure
report_485c06b26373,report_485c06b26373_660572ca58fa4902bde4eebc,Rel_tz_median.eps,https://osf.io/download/660572ca58fa4902bde4eebc/,eps,2024-03-28T13:38:18.586094Z,2024-03-28T13:38:18.586094,Repository upload/modification; not established public disclosure
report_485c06b26373,report_485c06b26373_660572b0bfea1d02cf5a3a48,predictions_RESP_result2p.eps,https://osf.io/download/660572b0bfea1d02cf5a3a48/,eps,2024-03-28T13:37:52.195393Z,2024-03-28T13:37:52.195393,Repository upload/modification; not established public disclosure
report_485c06b26373,report_485c06b26373_660572c2bfea1d02ce5a3a21,AER_robustness1.tex,https://osf.io/download/660572c2bfea1d02ce5a3a21/,tex,2024-03-28T13:38:10.065307Z,2024-03-28T13:38:10.065307,Repository upload/modification; not established public disclosure
report_485c06b26373,report_485c06b26373_660572ce58fa4902c7e4eeb5,significance_result.eps,https://osf.io/download/m5hev/,eps,2024-03-28T13:38:22.565533Z,2024-03-28T13:38:22.565533,Repository upload/modification; not established public disclosure
report_485c06b26373,report_485c06b26373_660572a5bfea1d02cf5a3a46,AER_robustness4.tex,https://osf.io/download/660572a5bfea1d02cf5a3a46/,tex,2024-03-28T13:37:41.773243Z,2024-03-28T13:37:41.773243,Repository upload/modification; not established public disclosure
report_485c06b26373,report_485c06b26373_660572a458fa4902bee4f000,AER_robustness4_appendix.tex,https://osf.io/download/660572a458fa4902bee4f000/,tex,2024-03-28T13:37:40.169765Z,2024-03-28T13:37:40.169765,Repository upload/modification; not established public disclosure
report_485c06b26373,report_485c06b26373_660572b101fc9c036a3168ec,predictions_RESP_result.eps,https://osf.io/download/660572b101fc9c036a3168ec/,eps,2024-03-28T13:37:53.976607Z,2024-03-28T13:37:53.976607,Repository upload/modification; not established public disclosure
report_48ae850d3c4c,report_48ae850d3c4c_689f57cc26c74177ada5dfa7,Replication_Moscana_Seck.do,https://osf.io/download/kjvwr/,do,2025-08-15T15:52:44.310363Z,2025-08-15T15:52:44.310363,Repository upload/modification; not established public disclosure
report_48ae850d3c4c,report_48ae850d3c4c_689f57bbd1a32cb13d593294,Replication Report_Moscana_Seck_v2.pdf,https://osf.io/download/vuz3q/,pdf,2025-08-15T15:52:27.788880Z,2025-08-15T15:52:27.788880,Repository upload/modification; not established public disclosure
report_48e3e8dec4b5,report_48e3e8dec4b5_6a9048e12bb4c1d0516b1305,Response.pdf,https://osf.io/download/6a9048e12bb4c1d0516b1305/,pdf,2026-08-27T14:25:37.494197Z,2026-08-27T14:25:37.494197,Repository upload/modification; not established public disclosure
report_48e3e8dec4b5,report_48e3e8dec4b5_6a9048db674ca895f3e39f8f,Reproduction.pdf,https://osf.io/download/6a9048db674ca895f3e39f8f/,pdf,2026-08-27T14:25:31.890948Z,2026-08-27T14:25:31.890948,Repository upload/modification; not established public disclosure
report_4968d35b0fba,report_4968d35b0fba_6807615e4f254e89a1b7d2da,PAP w addendum.pdf,https://osf.io/download/zyqdb/,pdf,2025-04-22T09:29:02.775413Z,2025-04-22T09:29:02.775413,Repository upload/modification; not established public disclosure
report_4968d35b0fba,report_4968d35b0fba_689d88ee1a4a962e981f201b,Referee Report Full Data.xlsx,https://osf.io/download/qj3fc/,xlsx,2025-08-14T06:57:50.888388Z,2025-08-14T06:57:50.888388,Repository upload/modification; not established public disclosure
report_4968d35b0fba,report_4968d35b0fba_649c947567aff80dfaedfdba,AER Robustness Survey PAP.pdf,https://osf.io/download/t4nfm/,pdf,2023-06-28T20:13:41.708342Z,2023-06-28T20:13:41.708342,Repository upload/modification; not established public disclosure
report_4968d35b0fba,report_4968d35b0fba_67408cf48d42fcc5f496c79d,PAP reviewing reports.pdf,https://osf.io/download/tzk2a/,pdf,2024-11-22T13:53:56.861031Z,2024-11-22T13:53:56.861031,Repository upload/modification; not established public disclosure
report_4968d35b0fba,report_4968d35b0fba_65aa175399d0100080626a10,AER_Robustness_survey.qsf,https://osf.io/download/bzvru/,qsf,2024-01-19T06:31:47.259855Z,2024-01-19T06:31:47.259855,Repository upload/modification; not established public disclosure
report_4968d35b0fba,report_4968d35b0fba_65aa1753ebe5e60092f5e7a1,Qualtrics Survey.pdf,https://osf.io/download/gnrqb/,pdf,2024-01-19T06:31:47.237320Z,2024-01-19T06:31:47.237320,Repository upload/modification; not established public disclosure
report_4968d35b0fba,report_4968d35b0fba_688873c853738286562341be,Convex_supply_Response_Institute_for_Replication.pdf,https://osf.io/download/uev65/,pdf,2025-07-29T07:10:00.382149Z,2025-07-29T07:10:00.382149,Repository upload/modification; not established public disclosure
report_4968d35b0fba,report_4968d35b0fba_688873cc45ec217577e7cc18,Partisanship and Fiscal Policy in Economic Unions Evidence from US States.pdf,https://osf.io/download/jfv9h/,pdf,2025-07-29T07:10:04.244503Z,2025-07-29T07:10:04.244503,Repository upload/modification; not established public disclosure
report_4968d35b0fba,report_4968d35b0fba_688873c9c093c96d1c256d5e,AMV_IfR_Reply.pdf,https://osf.io/download/nb6fp/,pdf,2025-07-29T07:10:01.188977Z,2025-07-29T07:10:01.188977,Repository upload/modification; not established public disclosure
report_4968d35b0fba,report_4968d35b0fba_688873fc307d62b882234157,Persuasion through Slanted Language Evidence from the Media Coverage of Immigration[91].pdf,https://osf.io/download/d3n9g/,pdf,2025-07-29T07:10:52.897285Z,2025-07-29T07:10:52.897285,Repository upload/modification; not established public disclosure
report_4968d35b0fba,report_4968d35b0fba_688873cbf17815c6db2340e4,Going to a Better School Effects and Behavioral Responses.pdf,https://osf.io/download/t6se8/,pdf,2025-07-29T07:10:03.286182Z,2025-07-29T07:10:03.286182,Repository upload/modification; not established public disclosure
report_4968d35b0fba,report_4968d35b0fba_688a56d976f3876855a23ec0,"Interaction, Stereotypes, and Performance Evidence from South Africa.pdf",https://osf.io/download/nwe9u/,pdf,2025-07-30T17:31:05.740447Z,2025-07-30T17:31:05.740447,Repository upload/modification; not established public disclosure
report_4968d35b0fba,report_4968d35b0fba_6602ddb3a8fcbc010736e6ca,retail-pharmacies-Mar25.pdf,https://osf.io/download/k7g5p/,pdf,2024-03-26T14:37:39.694296Z,2024-03-26T14:37:39.694296,Repository upload/modification; not established public disclosure
report_4968d35b0fba,report_4968d35b0fba_6602ddacc9e09000ebbde57e,going-to-a-better-school-Feb3.pdf,https://osf.io/download/n7r9z/,pdf,2024-03-26T14:37:32.473160Z,2024-03-26T14:37:32.473160,Repository upload/modification; not established public disclosure
report_4968d35b0fba,report_4968d35b0fba_688a572fce90943bc92341d3,SelfEnforcingTradeAgreements_Robustness_July26.pdf,https://osf.io/download/e6zvc/,pdf,2025-07-30T17:32:31.069644Z,2025-07-30T17:32:31.069644,Repository upload/modification; not established public disclosure
report_4968d35b0fba,report_4968d35b0fba_6602ddacb3a1e300ec7dfa01,Innovation-and-Institutional-Ownership-Mar25.pdf,https://osf.io/download/qz5g6/,pdf,2024-03-26T14:37:32.956311Z,2024-03-26T14:37:32.956311,Repository upload/modification; not established public disclosure
report_4968d35b0fba,report_4968d35b0fba_6602ddb4c9e09000ebbde58b,vulnerability-and-clientelism-Feb3.pdf,https://osf.io/download/j64at/,pdf,2024-03-26T14:37:40.095085Z,2024-03-26T14:37:40.095085,Repository upload/modification; not established public disclosure
report_4968d35b0fba,report_4968d35b0fba_6602ddabb3a1e300e07df62d,discretionary-tax-changes-FINAL.pdf,https://osf.io/download/4qnf7/,pdf,2024-03-26T14:37:31.363833Z,2024-03-26T14:37:31.363833,Repository upload/modification; not established public disclosure
report_4968d35b0fba,report_4968d35b0fba_6602ddb1b3a1e300f97def1a,partisanship-and-fiscal-policy-Mar25.pdf,https://osf.io/download/wekyz/,pdf,2024-03-26T14:37:37.282311Z,2024-03-26T14:37:37.282311,Repository upload/modification; not established public disclosure
report_4968d35b0fba,report_4968d35b0fba_6602ddb49dc8ef010089875e,technological-change-Mar25.pdf,https://osf.io/download/hqens/,pdf,2024-03-26T14:37:40.940587Z,2024-03-26T14:37:40.940587,Repository upload/modification; not established public disclosure
report_4968d35b0fba,report_4968d35b0fba_6602ddad9dc8ef00f88981bb,interaction-stereotypes-and-performance-Mar25.pdf,https://osf.io/download/guekw/,pdf,2024-03-26T14:37:33.270054Z,2024-03-26T14:37:33.270054,Repository upload/modification; not established public disclosure
report_4968d35b0fba,report_4968d35b0fba_6602ddabb3a1e300ec7df9ff,ConvexSupplyCurves_Robustness-Mar25.pdf,https://osf.io/download/hpd8s/,pdf,2024-03-26T14:37:31.333402Z,2024-03-26T14:37:31.333402,Repository upload/modification; not established public disclosure
report_4968d35b0fba,report_4968d35b0fba_6602ddafa8fcbc00f236e905,out-of-africa_Feb4.pdf,https://osf.io/download/d4f23/,pdf,2024-03-26T14:37:35.381670Z,2024-03-26T14:37:35.381670,Repository upload/modification; not established public disclosure
report_4968d35b0fba,report_4968d35b0fba_6602ddb1d9031c00ef03a99b,religious-festivals-and-development_Mar5.pdf,https://osf.io/download/d3seq/,pdf,2024-03-26T14:37:37.256213Z,2024-03-26T14:37:37.256213,Repository upload/modification; not established public disclosure
report_4968d35b0fba,report_4968d35b0fba_6602ddaac9e09000ebbde57c,coercive-contract-enforcement-Mar25.pdf,https://osf.io/download/vg745/,pdf,2024-03-26T14:37:30.165335Z,2024-03-26T14:37:30.165335,Repository upload/modification; not established public disclosure
report_4968d35b0fba,report_4968d35b0fba_6602ddaaa8fcbc010736e6b8,commercial-imperialism-Jan24.pdf,https://osf.io/download/w5pve/,pdf,2024-03-26T14:37:30.195188Z,2024-03-26T14:37:30.195188,Repository upload/modification; not established public disclosure
report_4968d35b0fba,report_4968d35b0fba_6602ddaec9e09000ebbde584,merchant-towns-Mar25.pdf,https://osf.io/download/tm4xc/,pdf,2024-03-26T14:37:34.475773Z,2024-03-26T14:37:34.475773,Repository upload/modification; not established public disclosure
report_4968d35b0fba,report_4968d35b0fba_6602ddb1c9e09000f4bddc78,persuasion-through-slanted-language-Mar.pdf,https://osf.io/download/rw7j9/,pdf,2024-03-26T14:37:37.246703Z,2024-03-26T14:37:37.246703,Repository upload/modification; not established public disclosure
report_4968d35b0fba,report_4968d35b0fba_6602ddaeb3a1e300f97def18,language-and-economic-behavior-Mar25.pdf,https://osf.io/download/h246d/,pdf,2024-03-26T14:37:35.047581Z,2024-03-26T14:37:35.047581,Repository upload/modification; not established public disclosure
report_4968d35b0fba,report_4968d35b0fba_66057261fe44ca02c02b690d,MasterData15January2024f.dta,https://osf.io/download/pdvrh/,dta,2024-03-28T13:36:33.429866Z,2024-03-28T13:36:33.429866,Repository upload/modification; not established public disclosure
report_4968d35b0fba,report_4968d35b0fba_66057255bfea1d02cf5a39db,Stat_indicators_paper.dta,https://osf.io/download/czhsb/,dta,2024-03-28T13:36:21.927021Z,2024-03-28T13:36:21.927021,Repository upload/modification; not established public disclosure
report_4968d35b0fba,report_4968d35b0fba_6605725eeb56f0039c8a3683,MasterAnalysis17Mar.do,https://osf.io/download/jczbn/,do,2024-03-28T13:36:30.413608Z,2024-03-28T13:36:30.413608,Repository upload/modification; not established public disclosure
report_4968d35b0fba,report_4968d35b0fba_6605725abfea1d02b95a3b8d,Survey_Clean_merged.dta,https://osf.io/download/r7xps/,dta,2024-03-28T13:36:26.676033Z,2024-03-28T13:36:26.676033,Repository upload/modification; not established public disclosure
report_4968d35b0fba,report_4968d35b0fba_66057252bfea1d02ca5a3963,README_Robustness_AER.pdf,https://osf.io/download/dthu2/,pdf,2024-03-28T13:36:18.659170Z,2024-03-28T13:36:18.659170,Repository upload/modification; not established public disclosure
report_4968d35b0fba,report_4968d35b0fba_6605726358fa4902bde4ee9e,MasterData10March2024.dta,https://osf.io/download/9x3qb/,dta,2024-03-28T13:36:35.138459Z,2024-03-28T13:36:35.138459,Repository upload/modification; not established public disclosure
report_4968d35b0fba,report_4968d35b0fba_6605725feb56f003808a3825,MasterData15January2024f2.dta,https://osf.io/download/xvspz/,dta,2024-03-28T13:36:31.897590Z,2024-03-28T13:36:31.897590,Repository upload/modification; not established public disclosure
report_4968d35b0fba,report_4968d35b0fba_66057252bfea1d02ce5a399f,Survey Analysis_Mar.do,https://osf.io/download/kfy8p/,do,2024-03-28T13:36:18.598672Z,2024-03-28T13:36:18.598672,Repository upload/modification; not established public disclosure
report_4968d35b0fba,report_4968d35b0fba_66057266eb56f0039f8a36df,Survey_responsesf.dta,https://osf.io/download/75gcd/,dta,2024-03-28T13:36:38.385381Z,2024-03-28T13:36:38.385381,Repository upload/modification; not established public disclosure
report_4968d35b0fba,report_4968d35b0fba_66057264eb56f0039f8a36dd,Survey_Averages.dta,https://osf.io/download/5wpf4/,dta,2024-03-28T13:36:36.413231Z,2024-03-28T13:36:36.413231,Repository upload/modification; not established public disclosure
report_4968d35b0fba,report_4968d35b0fba_66057255fe44ca02bf2b68f9,Stat_indicators_finding.dta,https://osf.io/download/66057255fe44ca02bf2b68f9/,dta,2024-03-28T13:36:21.982030Z,2024-03-28T13:36:21.982030,Repository upload/modification; not established public disclosure
report_4968d35b0fba,report_4968d35b0fba_6605725ceb56f003988a3621,Survey_Data.dta,https://osf.io/download/6605725ceb56f003988a3621/,dta,2024-03-28T13:36:28.646365Z,2024-03-28T13:36:28.646365,Repository upload/modification; not established public disclosure
report_4968d35b0fba,report_4968d35b0fba_66057259bfea1d02cb5a39a4,Survey_Clean.dta,https://osf.io/download/66057259bfea1d02cb5a39a4/,dta,2024-03-28T13:36:25.465571Z,2024-03-28T13:36:25.465571,Repository upload/modification; not established public disclosure
report_4968d35b0fba,report_4968d35b0fba_689cbada9d9b5804761f1ff4,Partisanship_and_Fiscal_Policyf.pdf,https://osf.io/download/awsd7/,pdf,2025-08-13T16:18:34.498248Z,2025-08-13T16:18:34.498248,Repository upload/modification; not established public disclosure
report_4968d35b0fba,report_4968d35b0fba_689cbae146c026ea11bc0de4,RetailPharmaciesandOpioids.pdf,https://osf.io/download/5kxwg/,pdf,2025-08-13T16:18:41.836870Z,2025-08-13T16:18:41.836870,Repository upload/modification; not established public disclosure
report_4968d35b0fba,report_4968d35b0fba_689cbae42674356d821f21ac,Self_Enforcing_Trade_Agreements.pdf,https://osf.io/download/4zu2w/,pdf,2025-08-13T16:18:44.656393Z,2025-08-13T16:18:44.656393,Repository upload/modification; not established public disclosure
report_4968d35b0fba,report_4968d35b0fba_689cbab5dbb82738361f1fc4,ConvexSupplyCurves_Robustness-DCApr26.pdf,https://osf.io/download/ynjxu/,pdf,2025-08-13T16:17:57.499119Z,2025-08-13T16:17:57.499119,Repository upload/modification; not established public disclosure
report_4968d35b0fba,report_4968d35b0fba_689cbadffcb29399e83ccf49,ReligiousFestivalsandDevelopment_May21.pdf,https://osf.io/download/argx2/,pdf,2025-08-13T16:18:39.726002Z,2025-08-13T16:18:39.726002,Repository upload/modification; not established public disclosure
report_4968d35b0fba,report_4968d35b0fba_689cbad189de62ba26d5a10e,Interaction-Stereotypes-and-Performance.pdf,https://osf.io/download/nsbv2/,pdf,2025-08-13T16:18:25.794542Z,2025-08-13T16:18:25.794542,Repository upload/modification; not established public disclosure
report_4968d35b0fba,report_4968d35b0fba_689cbab177543ca1933ccd61,Commercial_Imperialism-April21.pdf,https://osf.io/download/46fk5/,pdf,2025-08-13T16:17:53.304717Z,2025-08-13T16:17:53.304717,Repository upload/modification; not established public disclosure
report_4968d35b0fba,report_4968d35b0fba_689cbad75b1a416a873cce1a,Merchant-Towns-May10.pdf,https://osf.io/download/ugjh4/,pdf,2025-08-13T16:18:31.445501Z,2025-08-13T16:18:31.445501,Repository upload/modification; not established public disclosure
report_4968d35b0fba,report_4968d35b0fba_689cbae546c026ea11bc0de6,TechnologicalChange_May21.pdf,https://osf.io/download/4qtvr/,pdf,2025-08-13T16:18:45.433634Z,2025-08-13T16:18:45.433634,Repository upload/modification; not established public disclosure
report_4968d35b0fba,report_4968d35b0fba_689cbacd33dc6bbf8c13c4a3,GoingtoaBetterSchool.pdf,https://osf.io/download/knupq/,pdf,2025-08-13T16:18:21.342521Z,2025-08-13T16:18:21.342521,Repository upload/modification; not established public disclosure
report_4968d35b0fba,report_4968d35b0fba_689cbab877543ca1933ccd65,DiscretionaryTaxChangesUK_JK-DC_5_4_2023.pdf,https://osf.io/download/er9tb/,pdf,2025-08-13T16:18:00.994673Z,2025-08-13T16:18:00.994673,Repository upload/modification; not established public disclosure
report_4968d35b0fba,report_4968d35b0fba_689cbad07f0801bdd613c7ba,InnovationAndInstitutionalOwnership_May10.pdf,https://osf.io/download/mhtre/,pdf,2025-08-13T16:18:24.185791Z,2025-08-13T16:18:24.185791,Repository upload/modification; not established public disclosure
report_4968d35b0fba,report_4968d35b0fba_689cbadc14edc3b7e0d5a231,OutofAfrica-April11.pdf,https://osf.io/download/f3786/,pdf,2025-08-13T16:18:36.133730Z,2025-08-13T16:18:36.133730,Repository upload/modification; not established public disclosure
report_4968d35b0fba,report_4968d35b0fba_689cbae76deea60631bc0a80,Vulnerability and Clientelism.pdf,https://osf.io/download/dw78a/,pdf,2025-08-13T16:18:47.815966Z,2025-08-13T16:18:47.815966,Repository upload/modification; not established public disclosure
report_4968d35b0fba,report_4968d35b0fba_689cbab13f91f5a3af3ccee8,CoerciveContractEnforcementApril19.pdf,https://osf.io/download/vmdhx/,pdf,2025-08-13T16:17:53.225411Z,2025-08-13T16:17:53.225411,Repository upload/modification; not established public disclosure
report_4968d35b0fba,report_4968d35b0fba_689cbad514edc3b7e0d5a22f,Language-and-Saving-April21.pdf,https://osf.io/download/gc9aq/,pdf,2025-08-13T16:18:29.324393Z,2025-08-13T16:18:29.324393,Repository upload/modification; not established public disclosure
report_4968d35b0fba,report_4968d35b0fba_689cbadebbdc58ba53d5a0fb,PersuasionThroughSlantedLanguage.pdf,https://osf.io/download/5jthn/,pdf,2025-08-13T16:18:38.496989Z,2025-08-13T16:18:38.496989,Repository upload/modification; not established public disclosure
report_4968d35b0fba,report_4968d35b0fba_660572c4fe44ca02c42b6a54,significance2.eps,https://osf.io/download/660572c4fe44ca02c42b6a54/,eps,2024-03-28T13:38:12.904365Z,2024-03-28T13:38:12.904365,Repository upload/modification; not established public disclosure
report_4968d35b0fba,report_4968d35b0fba_6605729d58fa4902c6e4ed50,SummaryFSPresults.tex,https://osf.io/download/6605729d58fa4902c6e4ed50/,tex,2024-03-28T13:37:33.678675Z,2024-03-28T13:37:33.678675,Repository upload/modification; not established public disclosure
report_4968d35b0fba,report_4968d35b0fba_660572aaeb56f0039c8a3698,Survey_Clean_merged_final.dta,https://osf.io/download/660572aaeb56f0039c8a3698/,dta,2024-03-28T13:37:46.756790Z,2024-03-28T13:37:46.756790,Repository upload/modification; not established public disclosure
report_4968d35b0fba,report_4968d35b0fba_660572abfe44ca02c02b691a,AER_robustness2.tex,https://osf.io/download/660572abfe44ca02c02b691a/,tex,2024-03-28T13:37:47.467389Z,2024-03-28T13:37:47.467389,Repository upload/modification; not established public disclosure
report_4968d35b0fba,report_4968d35b0fba_660572d101fc9c0366316809,Tz_distribution_norm_censored2.eps,https://osf.io/download/tdwhe/,eps,2024-03-28T13:38:25.518701Z,2024-03-28T13:38:25.518701,Repository upload/modification; not established public disclosure
report_4968d35b0fba,report_4968d35b0fba_660572a0bfea1d02c75a3954,SummaryFSPresults.txt,https://osf.io/download/660572a0bfea1d02c75a3954/,txt,2024-03-28T13:37:36.430157Z,2024-03-28T13:37:36.430157,Repository upload/modification; not established public disclosure
report_4968d35b0fba,report_4968d35b0fba_660572bdfe44ca02c42b6a4c,Survey1.eps,https://osf.io/download/660572bdfe44ca02c42b6a4c/,eps,2024-03-28T13:38:05.736186Z,2024-03-28T13:38:05.736186,Repository upload/modification; not established public disclosure
report_4968d35b0fba,report_4968d35b0fba_660572c7fe44ca02bf2b6903,significance.eps,https://osf.io/download/660572c7fe44ca02bf2b6903/,eps,2024-03-28T13:38:15.606707Z,2024-03-28T13:38:15.606707,Repository upload/modification; not established public disclosure
report_4968d35b0fba,report_4968d35b0fba_660572adfe44ca02c42b6a32,AER_robustness2a.tex,https://osf.io/download/660572adfe44ca02c42b6a32/,tex,2024-03-28T13:37:49.429757Z,2024-03-28T13:37:49.429757,Repository upload/modification; not established public disclosure
report_4968d35b0fba,report_4968d35b0fba_660572aebfea1d02ca5a3984,predictions_RESP_result1.eps,https://osf.io/download/660572aebfea1d02ca5a3984/,eps,2024-03-28T13:37:50.231648Z,2024-03-28T13:37:50.231648,Repository upload/modification; not established public disclosure
report_4968d35b0fba,report_4968d35b0fba_660572a858fa4902bee4f00a,AER_robustness3a.tex,https://osf.io/download/bzvj7/,tex,2024-03-28T13:37:44.444132Z,2024-03-28T13:37:44.444132,Repository upload/modification; not established public disclosure
report_4968d35b0fba,report_4968d35b0fba_660572b9bfea1d02cf5a3a4e,predictions_FSP_resultp2.eps,https://osf.io/download/660572b9bfea1d02cf5a3a4e/,eps,2024-03-28T13:38:01.544325Z,2024-03-28T13:38:01.544325,Repository upload/modification; not established public disclosure
report_4968d35b0fba,report_4968d35b0fba_660572a758fa4902c7e4ed80,AER_robustness3.tex,https://osf.io/download/660572a758fa4902c7e4ed80/,tex,2024-03-28T13:37:43.387760Z,2024-03-28T13:37:43.387760,Repository upload/modification; not established public disclosure
report_4968d35b0fba,report_4968d35b0fba_660572b4bfea1d02cb5a39fa,predictions_FSP_result2a.eps,https://osf.io/download/660572b4bfea1d02cb5a39fa/,eps,2024-03-28T13:37:56.747855Z,2024-03-28T13:37:56.747855,Repository upload/modification; not established public disclosure
report_4968d35b0fba,report_4968d35b0fba_660572c801fc9c0366316805,Tz_distribution_norm_censored.eps,https://osf.io/download/660572c801fc9c0366316805/,eps,2024-03-28T13:38:16.696030Z,2024-03-28T13:38:16.696030,Repository upload/modification; not established public disclosure
report_4968d35b0fba,report_4968d35b0fba_660572bf58fa4902bee4f018,AER_robustness1a.tex,https://osf.io/download/dn9gw/,tex,2024-03-28T13:38:07.302005Z,2024-03-28T13:38:07.302005,Repository upload/modification; not established public disclosure
report_4968d35b0fba,report_4968d35b0fba_660572cffe44ca02bc2b68f2,variation.eps,https://osf.io/download/mdy9r/,eps,2024-03-28T13:38:23.985579Z,2024-03-28T13:38:23.985579,Repository upload/modification; not established public disclosure
report_4968d35b0fba,report_4968d35b0fba_660572a2bfea1d02ca5a3981,SquaredRESPError.eps,https://osf.io/download/660572a2bfea1d02ca5a3981/,eps,2024-03-28T13:37:38.272817Z,2024-03-28T13:37:38.272817,Repository upload/modification; not established public disclosure
report_4968d35b0fba,report_4968d35b0fba_660572d3eb56f003978a361d,Dfbeta_Tz_distribution_norm_censored.eps,https://osf.io/download/vfzkc/,eps,2024-03-28T13:38:27.716510Z,2024-03-28T13:38:27.716510,Repository upload/modification; not established public disclosure
report_4968d35b0fba,report_4968d35b0fba_660572b258fa4902bee4f012,predictions_FSP_result3.eps,https://osf.io/download/660572b258fa4902bee4f012/,eps,2024-03-28T13:37:54.982729Z,2024-03-28T13:37:54.982729,Repository upload/modification; not established public disclosure
report_4968d35b0fba,report_4968d35b0fba_660572bc58fa4902c6e4ed6c,predictions_FSP_result2.eps,https://osf.io/download/660572bc58fa4902c6e4ed6c/,eps,2024-03-28T13:38:04.446724Z,2024-03-28T13:38:04.446724,Repository upload/modification; not established public disclosure
report_4968d35b0fba,report_4968d35b0fba_660572c401fc9c03633167f2,AppendixTable3.eps,https://osf.io/download/660572c401fc9c03633167f2/,eps,2024-03-28T13:38:13.018855Z,2024-03-28T13:38:13.018855,Repository upload/modification; not established public disclosure
report_4968d35b0fba,report_4968d35b0fba_6605729f58fa4902c7e4ed77,Survey_Clean_merged_final1.dta,https://osf.io/download/6605729f58fa4902c7e4ed77/,dta,2024-03-28T13:37:35.388247Z,2024-03-28T13:37:35.388247,Repository upload/modification; not established public disclosure
report_4968d35b0fba,report_4968d35b0fba_660572b5fe44ca02c42b6a41,predictions_FSP_result2b.eps,https://osf.io/download/660572b5fe44ca02c42b6a41/,eps,2024-03-28T13:37:57.873861Z,2024-03-28T13:37:57.873861,Repository upload/modification; not established public disclosure
report_4968d35b0fba,report_4968d35b0fba_660572b9eb56f0039d8a3654,predictions_FSP_result.eps,https://osf.io/download/660572b9eb56f0039d8a3654/,eps,2024-03-28T13:38:01.547842Z,2024-03-28T13:38:01.547842,Repository upload/modification; not established public disclosure
report_4968d35b0fba,report_4968d35b0fba_660572cd01fc9c035e3167af,variation_paper1.eps,https://osf.io/download/cyzbe/,eps,2024-03-28T13:38:21.197699Z,2024-03-28T13:38:21.197699,Repository upload/modification; not established public disclosure
report_4968d35b0fba,report_4968d35b0fba_660572c158fa4902b9e4ed7a,AER_robustness1_appendix.tex,https://osf.io/download/660572c158fa4902b9e4ed7a/,tex,2024-03-28T13:38:09.210680Z,2024-03-28T13:38:09.210680,Repository upload/modification; not established public disclosure
report_4968d35b0fba,report_4968d35b0fba_660572ca58fa4902bde4eebc,Rel_tz_median.eps,https://osf.io/download/660572ca58fa4902bde4eebc/,eps,2024-03-28T13:38:18.586094Z,2024-03-28T13:38:18.586094,Repository upload/modification; not established public disclosure
report_4968d35b0fba,report_4968d35b0fba_660572b0bfea1d02cf5a3a48,predictions_RESP_result2p.eps,https://osf.io/download/660572b0bfea1d02cf5a3a48/,eps,2024-03-28T13:37:52.195393Z,2024-03-28T13:37:52.195393,Repository upload/modification; not established public disclosure
report_4968d35b0fba,report_4968d35b0fba_660572c2bfea1d02ce5a3a21,AER_robustness1.tex,https://osf.io/download/660572c2bfea1d02ce5a3a21/,tex,2024-03-28T13:38:10.065307Z,2024-03-28T13:38:10.065307,Repository upload/modification; not established public disclosure
report_4968d35b0fba,report_4968d35b0fba_660572ce58fa4902c7e4eeb5,significance_result.eps,https://osf.io/download/m5hev/,eps,2024-03-28T13:38:22.565533Z,2024-03-28T13:38:22.565533,Repository upload/modification; not established public disclosure
report_4968d35b0fba,report_4968d35b0fba_660572a5bfea1d02cf5a3a46,AER_robustness4.tex,https://osf.io/download/660572a5bfea1d02cf5a3a46/,tex,2024-03-28T13:37:41.773243Z,2024-03-28T13:37:41.773243,Repository upload/modification; not established public disclosure
report_4968d35b0fba,report_4968d35b0fba_660572a458fa4902bee4f000,AER_robustness4_appendix.tex,https://osf.io/download/660572a458fa4902bee4f000/,tex,2024-03-28T13:37:40.169765Z,2024-03-28T13:37:40.169765,Repository upload/modification; not established public disclosure
report_4968d35b0fba,report_4968d35b0fba_660572b101fc9c036a3168ec,predictions_RESP_result.eps,https://osf.io/download/660572b101fc9c036a3168ec/,eps,2024-03-28T13:37:53.976607Z,2024-03-28T13:37:53.976607,Repository upload/modification; not established public disclosure
report_49a16f6cfda5,report_49a16f6cfda5_6a8db2f28666365f1fa73016,Reproduction Report.PDF,https://osf.io/download/6a8db2f28666365f1fa73016/,pdf,2026-08-25T15:21:22.941881Z,2026-08-25T15:21:22.941881,Repository upload/modification; not established public disclosure
report_4cb285ca816f,report_4cb285ca816f_66f2daa07b2f19f19d9e81ef,Response to Replication.pdf,https://osf.io/download/t4krp/,pdf,2024-09-24T15:28:32.085805Z,2024-09-24T15:28:32.085805,Repository upload/modification; not established public disclosure
report_4cb285ca816f,report_4cb285ca816f_670017992f90a7063832daa7,Reproducers Script.R,https://osf.io/download/8wyfp/,r,2024-10-04T16:28:09.606557Z,2024-10-04T16:28:09.606557,Repository upload/modification; not established public disclosure
report_4cb285ca816f,report_4cb285ca816f_66f2da93ff457e5b3f3cbaa9,Replication_Report_Chand_Weiss_Gutzeit_revised.pdf,https://osf.io/download/eurw5/,pdf,2024-09-24T15:28:19.507796Z,2024-09-24T15:28:19.507796,Repository upload/modification; not established public disclosure
report_5003934d7f11,report_5003934d7f11_6a8f87aeb64ff64bfb6b11c5,Replication Report Fathers Leave-2.pdf,https://osf.io/download/6a8f87aeb64ff64bfb6b11c5/,pdf,2026-08-27T00:41:18.954481Z,2026-08-27T00:41:18.954481,Repository upload/modification; not established public disclosure
report_529ee199e8d9,report_529ee199e8d9_6a2810aecf43cea14b97fb20,Replication_Report_final_Yousif_Brannon_2025.pdf,https://osf.io/download/nb6s3/,pdf,2026-06-09T13:10:06.775483Z,2026-06-09T13:10:06.775483,Repository upload/modification; not established public disclosure
report_52b025b81bea,report_52b025b81bea_69cab70e2fdfeeeddcc782cc,Reproduction report Crisis and the trajectory.pdf,https://osf.io/download/r7sgx/,pdf,2026-03-30T17:46:55.475624Z,2026-03-30T17:46:55.475624,Repository upload/modification; not established public disclosure
report_5328fbe6f83f,report_5328fbe6f83f_671a374b4e5c26b9fabfa8fe,Reproduction_report.pdf,https://osf.io/download/4wrhq/,pdf,2024-10-24T12:02:19.556803Z,2024-10-24T12:02:19.556803,Repository upload/modification; not established public disclosure
report_5328fbe6f83f,report_5328fbe6f83f_671a37329c27b4930cbfa9fa,Authors_Response.pdf,https://osf.io/download/4h9f6/,pdf,2024-10-24T12:01:54.475623Z,2024-10-24T12:01:54.475623,Repository upload/modification; not established public disclosure
report_5437ba586f46,report_5437ba586f46_6807615e4f254e89a1b7d2da,PAP w addendum.pdf,https://osf.io/download/zyqdb/,pdf,2025-04-22T09:29:02.775413Z,2025-04-22T09:29:02.775413,Repository upload/modification; not established public disclosure
report_5437ba586f46,report_5437ba586f46_689d88ee1a4a962e981f201b,Referee Report Full Data.xlsx,https://osf.io/download/qj3fc/,xlsx,2025-08-14T06:57:50.888388Z,2025-08-14T06:57:50.888388,Repository upload/modification; not established public disclosure
report_5437ba586f46,report_5437ba586f46_649c947567aff80dfaedfdba,AER Robustness Survey PAP.pdf,https://osf.io/download/t4nfm/,pdf,2023-06-28T20:13:41.708342Z,2023-06-28T20:13:41.708342,Repository upload/modification; not established public disclosure
report_5437ba586f46,report_5437ba586f46_67408cf48d42fcc5f496c79d,PAP reviewing reports.pdf,https://osf.io/download/tzk2a/,pdf,2024-11-22T13:53:56.861031Z,2024-11-22T13:53:56.861031,Repository upload/modification; not established public disclosure
report_5437ba586f46,report_5437ba586f46_65aa175399d0100080626a10,AER_Robustness_survey.qsf,https://osf.io/download/bzvru/,qsf,2024-01-19T06:31:47.259855Z,2024-01-19T06:31:47.259855,Repository upload/modification; not established public disclosure
report_5437ba586f46,report_5437ba586f46_65aa1753ebe5e60092f5e7a1,Qualtrics Survey.pdf,https://osf.io/download/gnrqb/,pdf,2024-01-19T06:31:47.237320Z,2024-01-19T06:31:47.237320,Repository upload/modification; not established public disclosure
report_5437ba586f46,report_5437ba586f46_688873c853738286562341be,Convex_supply_Response_Institute_for_Replication.pdf,https://osf.io/download/uev65/,pdf,2025-07-29T07:10:00.382149Z,2025-07-29T07:10:00.382149,Repository upload/modification; not established public disclosure
report_5437ba586f46,report_5437ba586f46_688873cc45ec217577e7cc18,Partisanship and Fiscal Policy in Economic Unions Evidence from US States.pdf,https://osf.io/download/jfv9h/,pdf,2025-07-29T07:10:04.244503Z,2025-07-29T07:10:04.244503,Repository upload/modification; not established public disclosure
report_5437ba586f46,report_5437ba586f46_688873c9c093c96d1c256d5e,AMV_IfR_Reply.pdf,https://osf.io/download/nb6fp/,pdf,2025-07-29T07:10:01.188977Z,2025-07-29T07:10:01.188977,Repository upload/modification; not established public disclosure
report_5437ba586f46,report_5437ba586f46_688873fc307d62b882234157,Persuasion through Slanted Language Evidence from the Media Coverage of Immigration[91].pdf,https://osf.io/download/d3n9g/,pdf,2025-07-29T07:10:52.897285Z,2025-07-29T07:10:52.897285,Repository upload/modification; not established public disclosure
report_5437ba586f46,report_5437ba586f46_688873cbf17815c6db2340e4,Going to a Better School Effects and Behavioral Responses.pdf,https://osf.io/download/t6se8/,pdf,2025-07-29T07:10:03.286182Z,2025-07-29T07:10:03.286182,Repository upload/modification; not established public disclosure
report_5437ba586f46,report_5437ba586f46_688a56d976f3876855a23ec0,"Interaction, Stereotypes, and Performance Evidence from South Africa.pdf",https://osf.io/download/nwe9u/,pdf,2025-07-30T17:31:05.740447Z,2025-07-30T17:31:05.740447,Repository upload/modification; not established public disclosure
report_5437ba586f46,report_5437ba586f46_6602ddb3a8fcbc010736e6ca,retail-pharmacies-Mar25.pdf,https://osf.io/download/k7g5p/,pdf,2024-03-26T14:37:39.694296Z,2024-03-26T14:37:39.694296,Repository upload/modification; not established public disclosure
report_5437ba586f46,report_5437ba586f46_6602ddacc9e09000ebbde57e,going-to-a-better-school-Feb3.pdf,https://osf.io/download/n7r9z/,pdf,2024-03-26T14:37:32.473160Z,2024-03-26T14:37:32.473160,Repository upload/modification; not established public disclosure
report_5437ba586f46,report_5437ba586f46_688a572fce90943bc92341d3,SelfEnforcingTradeAgreements_Robustness_July26.pdf,https://osf.io/download/e6zvc/,pdf,2025-07-30T17:32:31.069644Z,2025-07-30T17:32:31.069644,Repository upload/modification; not established public disclosure
report_5437ba586f46,report_5437ba586f46_6602ddacb3a1e300ec7dfa01,Innovation-and-Institutional-Ownership-Mar25.pdf,https://osf.io/download/qz5g6/,pdf,2024-03-26T14:37:32.956311Z,2024-03-26T14:37:32.956311,Repository upload/modification; not established public disclosure
report_5437ba586f46,report_5437ba586f46_6602ddb4c9e09000ebbde58b,vulnerability-and-clientelism-Feb3.pdf,https://osf.io/download/j64at/,pdf,2024-03-26T14:37:40.095085Z,2024-03-26T14:37:40.095085,Repository upload/modification; not established public disclosure
report_5437ba586f46,report_5437ba586f46_6602ddabb3a1e300e07df62d,discretionary-tax-changes-FINAL.pdf,https://osf.io/download/4qnf7/,pdf,2024-03-26T14:37:31.363833Z,2024-03-26T14:37:31.363833,Repository upload/modification; not established public disclosure
report_5437ba586f46,report_5437ba586f46_6602ddb1b3a1e300f97def1a,partisanship-and-fiscal-policy-Mar25.pdf,https://osf.io/download/wekyz/,pdf,2024-03-26T14:37:37.282311Z,2024-03-26T14:37:37.282311,Repository upload/modification; not established public disclosure
report_5437ba586f46,report_5437ba586f46_6602ddb49dc8ef010089875e,technological-change-Mar25.pdf,https://osf.io/download/hqens/,pdf,2024-03-26T14:37:40.940587Z,2024-03-26T14:37:40.940587,Repository upload/modification; not established public disclosure
report_5437ba586f46,report_5437ba586f46_6602ddad9dc8ef00f88981bb,interaction-stereotypes-and-performance-Mar25.pdf,https://osf.io/download/guekw/,pdf,2024-03-26T14:37:33.270054Z,2024-03-26T14:37:33.270054,Repository upload/modification; not established public disclosure
report_5437ba586f46,report_5437ba586f46_6602ddabb3a1e300ec7df9ff,ConvexSupplyCurves_Robustness-Mar25.pdf,https://osf.io/download/hpd8s/,pdf,2024-03-26T14:37:31.333402Z,2024-03-26T14:37:31.333402,Repository upload/modification; not established public disclosure
report_5437ba586f46,report_5437ba586f46_6602ddafa8fcbc00f236e905,out-of-africa_Feb4.pdf,https://osf.io/download/d4f23/,pdf,2024-03-26T14:37:35.381670Z,2024-03-26T14:37:35.381670,Repository upload/modification; not established public disclosure
report_5437ba586f46,report_5437ba586f46_6602ddb1d9031c00ef03a99b,religious-festivals-and-development_Mar5.pdf,https://osf.io/download/d3seq/,pdf,2024-03-26T14:37:37.256213Z,2024-03-26T14:37:37.256213,Repository upload/modification; not established public disclosure
report_5437ba586f46,report_5437ba586f46_6602ddaac9e09000ebbde57c,coercive-contract-enforcement-Mar25.pdf,https://osf.io/download/vg745/,pdf,2024-03-26T14:37:30.165335Z,2024-03-26T14:37:30.165335,Repository upload/modification; not established public disclosure
report_5437ba586f46,report_5437ba586f46_6602ddaaa8fcbc010736e6b8,commercial-imperialism-Jan24.pdf,https://osf.io/download/w5pve/,pdf,2024-03-26T14:37:30.195188Z,2024-03-26T14:37:30.195188,Repository upload/modification; not established public disclosure
report_5437ba586f46,report_5437ba586f46_6602ddaec9e09000ebbde584,merchant-towns-Mar25.pdf,https://osf.io/download/tm4xc/,pdf,2024-03-26T14:37:34.475773Z,2024-03-26T14:37:34.475773,Repository upload/modification; not established public disclosure
report_5437ba586f46,report_5437ba586f46_6602ddb1c9e09000f4bddc78,persuasion-through-slanted-language-Mar.pdf,https://osf.io/download/rw7j9/,pdf,2024-03-26T14:37:37.246703Z,2024-03-26T14:37:37.246703,Repository upload/modification; not established public disclosure
report_5437ba586f46,report_5437ba586f46_6602ddaeb3a1e300f97def18,language-and-economic-behavior-Mar25.pdf,https://osf.io/download/h246d/,pdf,2024-03-26T14:37:35.047581Z,2024-03-26T14:37:35.047581,Repository upload/modification; not established public disclosure
report_5437ba586f46,report_5437ba586f46_66057261fe44ca02c02b690d,MasterData15January2024f.dta,https://osf.io/download/pdvrh/,dta,2024-03-28T13:36:33.429866Z,2024-03-28T13:36:33.429866,Repository upload/modification; not established public disclosure
report_5437ba586f46,report_5437ba586f46_66057255bfea1d02cf5a39db,Stat_indicators_paper.dta,https://osf.io/download/czhsb/,dta,2024-03-28T13:36:21.927021Z,2024-03-28T13:36:21.927021,Repository upload/modification; not established public disclosure
report_5437ba586f46,report_5437ba586f46_6605725eeb56f0039c8a3683,MasterAnalysis17Mar.do,https://osf.io/download/jczbn/,do,2024-03-28T13:36:30.413608Z,2024-03-28T13:36:30.413608,Repository upload/modification; not established public disclosure
report_5437ba586f46,report_5437ba586f46_6605725abfea1d02b95a3b8d,Survey_Clean_merged.dta,https://osf.io/download/r7xps/,dta,2024-03-28T13:36:26.676033Z,2024-03-28T13:36:26.676033,Repository upload/modification; not established public disclosure
report_5437ba586f46,report_5437ba586f46_66057252bfea1d02ca5a3963,README_Robustness_AER.pdf,https://osf.io/download/dthu2/,pdf,2024-03-28T13:36:18.659170Z,2024-03-28T13:36:18.659170,Repository upload/modification; not established public disclosure
report_5437ba586f46,report_5437ba586f46_6605726358fa4902bde4ee9e,MasterData10March2024.dta,https://osf.io/download/9x3qb/,dta,2024-03-28T13:36:35.138459Z,2024-03-28T13:36:35.138459,Repository upload/modification; not established public disclosure
report_5437ba586f46,report_5437ba586f46_6605725feb56f003808a3825,MasterData15January2024f2.dta,https://osf.io/download/xvspz/,dta,2024-03-28T13:36:31.897590Z,2024-03-28T13:36:31.897590,Repository upload/modification; not established public disclosure
report_5437ba586f46,report_5437ba586f46_66057252bfea1d02ce5a399f,Survey Analysis_Mar.do,https://osf.io/download/kfy8p/,do,2024-03-28T13:36:18.598672Z,2024-03-28T13:36:18.598672,Repository upload/modification; not established public disclosure
report_5437ba586f46,report_5437ba586f46_66057266eb56f0039f8a36df,Survey_responsesf.dta,https://osf.io/download/75gcd/,dta,2024-03-28T13:36:38.385381Z,2024-03-28T13:36:38.385381,Repository upload/modification; not established public disclosure
report_5437ba586f46,report_5437ba586f46_66057264eb56f0039f8a36dd,Survey_Averages.dta,https://osf.io/download/5wpf4/,dta,2024-03-28T13:36:36.413231Z,2024-03-28T13:36:36.413231,Repository upload/modification; not established public disclosure
report_5437ba586f46,report_5437ba586f46_66057255fe44ca02bf2b68f9,Stat_indicators_finding.dta,https://osf.io/download/66057255fe44ca02bf2b68f9/,dta,2024-03-28T13:36:21.982030Z,2024-03-28T13:36:21.982030,Repository upload/modification; not established public disclosure
report_5437ba586f46,report_5437ba586f46_6605725ceb56f003988a3621,Survey_Data.dta,https://osf.io/download/6605725ceb56f003988a3621/,dta,2024-03-28T13:36:28.646365Z,2024-03-28T13:36:28.646365,Repository upload/modification; not established public disclosure
report_5437ba586f46,report_5437ba586f46_66057259bfea1d02cb5a39a4,Survey_Clean.dta,https://osf.io/download/66057259bfea1d02cb5a39a4/,dta,2024-03-28T13:36:25.465571Z,2024-03-28T13:36:25.465571,Repository upload/modification; not established public disclosure
report_5437ba586f46,report_5437ba586f46_689cbada9d9b5804761f1ff4,Partisanship_and_Fiscal_Policyf.pdf,https://osf.io/download/awsd7/,pdf,2025-08-13T16:18:34.498248Z,2025-08-13T16:18:34.498248,Repository upload/modification; not established public disclosure
report_5437ba586f46,report_5437ba586f46_689cbae146c026ea11bc0de4,RetailPharmaciesandOpioids.pdf,https://osf.io/download/5kxwg/,pdf,2025-08-13T16:18:41.836870Z,2025-08-13T16:18:41.836870,Repository upload/modification; not established public disclosure
report_5437ba586f46,report_5437ba586f46_689cbae42674356d821f21ac,Self_Enforcing_Trade_Agreements.pdf,https://osf.io/download/4zu2w/,pdf,2025-08-13T16:18:44.656393Z,2025-08-13T16:18:44.656393,Repository upload/modification; not established public disclosure
report_5437ba586f46,report_5437ba586f46_689cbab5dbb82738361f1fc4,ConvexSupplyCurves_Robustness-DCApr26.pdf,https://osf.io/download/ynjxu/,pdf,2025-08-13T16:17:57.499119Z,2025-08-13T16:17:57.499119,Repository upload/modification; not established public disclosure
report_5437ba586f46,report_5437ba586f46_689cbadffcb29399e83ccf49,ReligiousFestivalsandDevelopment_May21.pdf,https://osf.io/download/argx2/,pdf,2025-08-13T16:18:39.726002Z,2025-08-13T16:18:39.726002,Repository upload/modification; not established public disclosure
report_5437ba586f46,report_5437ba586f46_689cbad189de62ba26d5a10e,Interaction-Stereotypes-and-Performance.pdf,https://osf.io/download/nsbv2/,pdf,2025-08-13T16:18:25.794542Z,2025-08-13T16:18:25.794542,Repository upload/modification; not established public disclosure
report_5437ba586f46,report_5437ba586f46_689cbab177543ca1933ccd61,Commercial_Imperialism-April21.pdf,https://osf.io/download/46fk5/,pdf,2025-08-13T16:17:53.304717Z,2025-08-13T16:17:53.304717,Repository upload/modification; not established public disclosure
report_5437ba586f46,report_5437ba586f46_689cbad75b1a416a873cce1a,Merchant-Towns-May10.pdf,https://osf.io/download/ugjh4/,pdf,2025-08-13T16:18:31.445501Z,2025-08-13T16:18:31.445501,Repository upload/modification; not established public disclosure
report_5437ba586f46,report_5437ba586f46_689cbae546c026ea11bc0de6,TechnologicalChange_May21.pdf,https://osf.io/download/4qtvr/,pdf,2025-08-13T16:18:45.433634Z,2025-08-13T16:18:45.433634,Repository upload/modification; not established public disclosure
report_5437ba586f46,report_5437ba586f46_689cbacd33dc6bbf8c13c4a3,GoingtoaBetterSchool.pdf,https://osf.io/download/knupq/,pdf,2025-08-13T16:18:21.342521Z,2025-08-13T16:18:21.342521,Repository upload/modification; not established public disclosure
report_5437ba586f46,report_5437ba586f46_689cbab877543ca1933ccd65,DiscretionaryTaxChangesUK_JK-DC_5_4_2023.pdf,https://osf.io/download/er9tb/,pdf,2025-08-13T16:18:00.994673Z,2025-08-13T16:18:00.994673,Repository upload/modification; not established public disclosure
report_5437ba586f46,report_5437ba586f46_689cbad07f0801bdd613c7ba,InnovationAndInstitutionalOwnership_May10.pdf,https://osf.io/download/mhtre/,pdf,2025-08-13T16:18:24.185791Z,2025-08-13T16:18:24.185791,Repository upload/modification; not established public disclosure
report_5437ba586f46,report_5437ba586f46_689cbadc14edc3b7e0d5a231,OutofAfrica-April11.pdf,https://osf.io/download/f3786/,pdf,2025-08-13T16:18:36.133730Z,2025-08-13T16:18:36.133730,Repository upload/modification; not established public disclosure
report_5437ba586f46,report_5437ba586f46_689cbae76deea60631bc0a80,Vulnerability and Clientelism.pdf,https://osf.io/download/dw78a/,pdf,2025-08-13T16:18:47.815966Z,2025-08-13T16:18:47.815966,Repository upload/modification; not established public disclosure
report_5437ba586f46,report_5437ba586f46_689cbab13f91f5a3af3ccee8,CoerciveContractEnforcementApril19.pdf,https://osf.io/download/vmdhx/,pdf,2025-08-13T16:17:53.225411Z,2025-08-13T16:17:53.225411,Repository upload/modification; not established public disclosure
report_5437ba586f46,report_5437ba586f46_689cbad514edc3b7e0d5a22f,Language-and-Saving-April21.pdf,https://osf.io/download/gc9aq/,pdf,2025-08-13T16:18:29.324393Z,2025-08-13T16:18:29.324393,Repository upload/modification; not established public disclosure
report_5437ba586f46,report_5437ba586f46_689cbadebbdc58ba53d5a0fb,PersuasionThroughSlantedLanguage.pdf,https://osf.io/download/5jthn/,pdf,2025-08-13T16:18:38.496989Z,2025-08-13T16:18:38.496989,Repository upload/modification; not established public disclosure
report_5437ba586f46,report_5437ba586f46_660572c4fe44ca02c42b6a54,significance2.eps,https://osf.io/download/660572c4fe44ca02c42b6a54/,eps,2024-03-28T13:38:12.904365Z,2024-03-28T13:38:12.904365,Repository upload/modification; not established public disclosure
report_5437ba586f46,report_5437ba586f46_6605729d58fa4902c6e4ed50,SummaryFSPresults.tex,https://osf.io/download/6605729d58fa4902c6e4ed50/,tex,2024-03-28T13:37:33.678675Z,2024-03-28T13:37:33.678675,Repository upload/modification; not established public disclosure
report_5437ba586f46,report_5437ba586f46_660572aaeb56f0039c8a3698,Survey_Clean_merged_final.dta,https://osf.io/download/660572aaeb56f0039c8a3698/,dta,2024-03-28T13:37:46.756790Z,2024-03-28T13:37:46.756790,Repository upload/modification; not established public disclosure
report_5437ba586f46,report_5437ba586f46_660572abfe44ca02c02b691a,AER_robustness2.tex,https://osf.io/download/660572abfe44ca02c02b691a/,tex,2024-03-28T13:37:47.467389Z,2024-03-28T13:37:47.467389,Repository upload/modification; not established public disclosure
report_5437ba586f46,report_5437ba586f46_660572d101fc9c0366316809,Tz_distribution_norm_censored2.eps,https://osf.io/download/tdwhe/,eps,2024-03-28T13:38:25.518701Z,2024-03-28T13:38:25.518701,Repository upload/modification; not established public disclosure
report_5437ba586f46,report_5437ba586f46_660572a0bfea1d02c75a3954,SummaryFSPresults.txt,https://osf.io/download/660572a0bfea1d02c75a3954/,txt,2024-03-28T13:37:36.430157Z,2024-03-28T13:37:36.430157,Repository upload/modification; not established public disclosure
report_5437ba586f46,report_5437ba586f46_660572bdfe44ca02c42b6a4c,Survey1.eps,https://osf.io/download/660572bdfe44ca02c42b6a4c/,eps,2024-03-28T13:38:05.736186Z,2024-03-28T13:38:05.736186,Repository upload/modification; not established public disclosure
report_5437ba586f46,report_5437ba586f46_660572c7fe44ca02bf2b6903,significance.eps,https://osf.io/download/660572c7fe44ca02bf2b6903/,eps,2024-03-28T13:38:15.606707Z,2024-03-28T13:38:15.606707,Repository upload/modification; not established public disclosure
report_5437ba586f46,report_5437ba586f46_660572adfe44ca02c42b6a32,AER_robustness2a.tex,https://osf.io/download/660572adfe44ca02c42b6a32/,tex,2024-03-28T13:37:49.429757Z,2024-03-28T13:37:49.429757,Repository upload/modification; not established public disclosure
report_5437ba586f46,report_5437ba586f46_660572aebfea1d02ca5a3984,predictions_RESP_result1.eps,https://osf.io/download/660572aebfea1d02ca5a3984/,eps,2024-03-28T13:37:50.231648Z,2024-03-28T13:37:50.231648,Repository upload/modification; not established public disclosure
report_5437ba586f46,report_5437ba586f46_660572a858fa4902bee4f00a,AER_robustness3a.tex,https://osf.io/download/bzvj7/,tex,2024-03-28T13:37:44.444132Z,2024-03-28T13:37:44.444132,Repository upload/modification; not established public disclosure
report_5437ba586f46,report_5437ba586f46_660572b9bfea1d02cf5a3a4e,predictions_FSP_resultp2.eps,https://osf.io/download/660572b9bfea1d02cf5a3a4e/,eps,2024-03-28T13:38:01.544325Z,2024-03-28T13:38:01.544325,Repository upload/modification; not established public disclosure
report_5437ba586f46,report_5437ba586f46_660572a758fa4902c7e4ed80,AER_robustness3.tex,https://osf.io/download/660572a758fa4902c7e4ed80/,tex,2024-03-28T13:37:43.387760Z,2024-03-28T13:37:43.387760,Repository upload/modification; not established public disclosure
report_5437ba586f46,report_5437ba586f46_660572b4bfea1d02cb5a39fa,predictions_FSP_result2a.eps,https://osf.io/download/660572b4bfea1d02cb5a39fa/,eps,2024-03-28T13:37:56.747855Z,2024-03-28T13:37:56.747855,Repository upload/modification; not established public disclosure
report_5437ba586f46,report_5437ba586f46_660572c801fc9c0366316805,Tz_distribution_norm_censored.eps,https://osf.io/download/660572c801fc9c0366316805/,eps,2024-03-28T13:38:16.696030Z,2024-03-28T13:38:16.696030,Repository upload/modification; not established public disclosure
report_5437ba586f46,report_5437ba586f46_660572bf58fa4902bee4f018,AER_robustness1a.tex,https://osf.io/download/dn9gw/,tex,2024-03-28T13:38:07.302005Z,2024-03-28T13:38:07.302005,Repository upload/modification; not established public disclosure
report_5437ba586f46,report_5437ba586f46_660572cffe44ca02bc2b68f2,variation.eps,https://osf.io/download/mdy9r/,eps,2024-03-28T13:38:23.985579Z,2024-03-28T13:38:23.985579,Repository upload/modification; not established public disclosure
report_5437ba586f46,report_5437ba586f46_660572a2bfea1d02ca5a3981,SquaredRESPError.eps,https://osf.io/download/660572a2bfea1d02ca5a3981/,eps,2024-03-28T13:37:38.272817Z,2024-03-28T13:37:38.272817,Repository upload/modification; not established public disclosure
report_5437ba586f46,report_5437ba586f46_660572d3eb56f003978a361d,Dfbeta_Tz_distribution_norm_censored.eps,https://osf.io/download/vfzkc/,eps,2024-03-28T13:38:27.716510Z,2024-03-28T13:38:27.716510,Repository upload/modification; not established public disclosure
report_5437ba586f46,report_5437ba586f46_660572b258fa4902bee4f012,predictions_FSP_result3.eps,https://osf.io/download/660572b258fa4902bee4f012/,eps,2024-03-28T13:37:54.982729Z,2024-03-28T13:37:54.982729,Repository upload/modification; not established public disclosure
report_5437ba586f46,report_5437ba586f46_660572bc58fa4902c6e4ed6c,predictions_FSP_result2.eps,https://osf.io/download/660572bc58fa4902c6e4ed6c/,eps,2024-03-28T13:38:04.446724Z,2024-03-28T13:38:04.446724,Repository upload/modification; not established public disclosure
report_5437ba586f46,report_5437ba586f46_660572c401fc9c03633167f2,AppendixTable3.eps,https://osf.io/download/660572c401fc9c03633167f2/,eps,2024-03-28T13:38:13.018855Z,2024-03-28T13:38:13.018855,Repository upload/modification; not established public disclosure
report_5437ba586f46,report_5437ba586f46_6605729f58fa4902c7e4ed77,Survey_Clean_merged_final1.dta,https://osf.io/download/6605729f58fa4902c7e4ed77/,dta,2024-03-28T13:37:35.388247Z,2024-03-28T13:37:35.388247,Repository upload/modification; not established public disclosure
report_5437ba586f46,report_5437ba586f46_660572b5fe44ca02c42b6a41,predictions_FSP_result2b.eps,https://osf.io/download/660572b5fe44ca02c42b6a41/,eps,2024-03-28T13:37:57.873861Z,2024-03-28T13:37:57.873861,Repository upload/modification; not established public disclosure
report_5437ba586f46,report_5437ba586f46_660572b9eb56f0039d8a3654,predictions_FSP_result.eps,https://osf.io/download/660572b9eb56f0039d8a3654/,eps,2024-03-28T13:38:01.547842Z,2024-03-28T13:38:01.547842,Repository upload/modification; not established public disclosure
report_5437ba586f46,report_5437ba586f46_660572cd01fc9c035e3167af,variation_paper1.eps,https://osf.io/download/cyzbe/,eps,2024-03-28T13:38:21.197699Z,2024-03-28T13:38:21.197699,Repository upload/modification; not established public disclosure
report_5437ba586f46,report_5437ba586f46_660572c158fa4902b9e4ed7a,AER_robustness1_appendix.tex,https://osf.io/download/660572c158fa4902b9e4ed7a/,tex,2024-03-28T13:38:09.210680Z,2024-03-28T13:38:09.210680,Repository upload/modification; not established public disclosure
report_5437ba586f46,report_5437ba586f46_660572ca58fa4902bde4eebc,Rel_tz_median.eps,https://osf.io/download/660572ca58fa4902bde4eebc/,eps,2024-03-28T13:38:18.586094Z,2024-03-28T13:38:18.586094,Repository upload/modification; not established public disclosure
report_5437ba586f46,report_5437ba586f46_660572b0bfea1d02cf5a3a48,predictions_RESP_result2p.eps,https://osf.io/download/660572b0bfea1d02cf5a3a48/,eps,2024-03-28T13:37:52.195393Z,2024-03-28T13:37:52.195393,Repository upload/modification; not established public disclosure
report_5437ba586f46,report_5437ba586f46_660572c2bfea1d02ce5a3a21,AER_robustness1.tex,https://osf.io/download/660572c2bfea1d02ce5a3a21/,tex,2024-03-28T13:38:10.065307Z,2024-03-28T13:38:10.065307,Repository upload/modification; not established public disclosure
report_5437ba586f46,report_5437ba586f46_660572ce58fa4902c7e4eeb5,significance_result.eps,https://osf.io/download/m5hev/,eps,2024-03-28T13:38:22.565533Z,2024-03-28T13:38:22.565533,Repository upload/modification; not established public disclosure
report_5437ba586f46,report_5437ba586f46_660572a5bfea1d02cf5a3a46,AER_robustness4.tex,https://osf.io/download/660572a5bfea1d02cf5a3a46/,tex,2024-03-28T13:37:41.773243Z,2024-03-28T13:37:41.773243,Repository upload/modification; not established public disclosure
report_5437ba586f46,report_5437ba586f46_660572a458fa4902bee4f000,AER_robustness4_appendix.tex,https://osf.io/download/660572a458fa4902bee4f000/,tex,2024-03-28T13:37:40.169765Z,2024-03-28T13:37:40.169765,Repository upload/modification; not established public disclosure
report_5437ba586f46,report_5437ba586f46_660572b101fc9c036a3168ec,predictions_RESP_result.eps,https://osf.io/download/660572b101fc9c036a3168ec/,eps,2024-03-28T13:37:53.976607Z,2024-03-28T13:37:53.976607,Repository upload/modification; not established public disclosure
report_545e8437a0f7,report_545e8437a0f7_6a95730bca03dacf91e36dad,replication union.pdf,https://osf.io/download/6a95730bca03dacf91e36dad/,pdf,2026-08-31T12:26:51.671199Z,2026-08-31T12:26:51.671199,Repository upload/modification; not established public disclosure
report_54d4acbe1ca7,report_54d4acbe1ca7_6a85fc32510f37c02008e7d2,Report of Stop the Count.docx.pdf,https://osf.io/download/kqneu/,pdf,2026-08-19T18:55:46.046033Z,2026-08-19T18:55:46.046033,Repository upload/modification; not established public disclosure
report_550084c248dc,report_550084c248dc_6807615e4f254e89a1b7d2da,PAP w addendum.pdf,https://osf.io/download/zyqdb/,pdf,2025-04-22T09:29:02.775413Z,2025-04-22T09:29:02.775413,Repository upload/modification; not established public disclosure
report_550084c248dc,report_550084c248dc_689d88ee1a4a962e981f201b,Referee Report Full Data.xlsx,https://osf.io/download/qj3fc/,xlsx,2025-08-14T06:57:50.888388Z,2025-08-14T06:57:50.888388,Repository upload/modification; not established public disclosure
report_550084c248dc,report_550084c248dc_649c947567aff80dfaedfdba,AER Robustness Survey PAP.pdf,https://osf.io/download/t4nfm/,pdf,2023-06-28T20:13:41.708342Z,2023-06-28T20:13:41.708342,Repository upload/modification; not established public disclosure
report_550084c248dc,report_550084c248dc_67408cf48d42fcc5f496c79d,PAP reviewing reports.pdf,https://osf.io/download/tzk2a/,pdf,2024-11-22T13:53:56.861031Z,2024-11-22T13:53:56.861031,Repository upload/modification; not established public disclosure
report_550084c248dc,report_550084c248dc_65aa175399d0100080626a10,AER_Robustness_survey.qsf,https://osf.io/download/bzvru/,qsf,2024-01-19T06:31:47.259855Z,2024-01-19T06:31:47.259855,Repository upload/modification; not established public disclosure
report_550084c248dc,report_550084c248dc_65aa1753ebe5e60092f5e7a1,Qualtrics Survey.pdf,https://osf.io/download/gnrqb/,pdf,2024-01-19T06:31:47.237320Z,2024-01-19T06:31:47.237320,Repository upload/modification; not established public disclosure
report_550084c248dc,report_550084c248dc_688873c853738286562341be,Convex_supply_Response_Institute_for_Replication.pdf,https://osf.io/download/uev65/,pdf,2025-07-29T07:10:00.382149Z,2025-07-29T07:10:00.382149,Repository upload/modification; not established public disclosure
report_550084c248dc,report_550084c248dc_688873cc45ec217577e7cc18,Partisanship and Fiscal Policy in Economic Unions Evidence from US States.pdf,https://osf.io/download/jfv9h/,pdf,2025-07-29T07:10:04.244503Z,2025-07-29T07:10:04.244503,Repository upload/modification; not established public disclosure
report_550084c248dc,report_550084c248dc_688873c9c093c96d1c256d5e,AMV_IfR_Reply.pdf,https://osf.io/download/nb6fp/,pdf,2025-07-29T07:10:01.188977Z,2025-07-29T07:10:01.188977,Repository upload/modification; not established public disclosure
report_550084c248dc,report_550084c248dc_688873fc307d62b882234157,Persuasion through Slanted Language Evidence from the Media Coverage of Immigration[91].pdf,https://osf.io/download/d3n9g/,pdf,2025-07-29T07:10:52.897285Z,2025-07-29T07:10:52.897285,Repository upload/modification; not established public disclosure
report_550084c248dc,report_550084c248dc_688873cbf17815c6db2340e4,Going to a Better School Effects and Behavioral Responses.pdf,https://osf.io/download/t6se8/,pdf,2025-07-29T07:10:03.286182Z,2025-07-29T07:10:03.286182,Repository upload/modification; not established public disclosure
report_550084c248dc,report_550084c248dc_688a56d976f3876855a23ec0,"Interaction, Stereotypes, and Performance Evidence from South Africa.pdf",https://osf.io/download/nwe9u/,pdf,2025-07-30T17:31:05.740447Z,2025-07-30T17:31:05.740447,Repository upload/modification; not established public disclosure
report_550084c248dc,report_550084c248dc_6602ddb3a8fcbc010736e6ca,retail-pharmacies-Mar25.pdf,https://osf.io/download/k7g5p/,pdf,2024-03-26T14:37:39.694296Z,2024-03-26T14:37:39.694296,Repository upload/modification; not established public disclosure
report_550084c248dc,report_550084c248dc_6602ddacc9e09000ebbde57e,going-to-a-better-school-Feb3.pdf,https://osf.io/download/n7r9z/,pdf,2024-03-26T14:37:32.473160Z,2024-03-26T14:37:32.473160,Repository upload/modification; not established public disclosure
report_550084c248dc,report_550084c248dc_688a572fce90943bc92341d3,SelfEnforcingTradeAgreements_Robustness_July26.pdf,https://osf.io/download/e6zvc/,pdf,2025-07-30T17:32:31.069644Z,2025-07-30T17:32:31.069644,Repository upload/modification; not established public disclosure
report_550084c248dc,report_550084c248dc_6602ddacb3a1e300ec7dfa01,Innovation-and-Institutional-Ownership-Mar25.pdf,https://osf.io/download/qz5g6/,pdf,2024-03-26T14:37:32.956311Z,2024-03-26T14:37:32.956311,Repository upload/modification; not established public disclosure
report_550084c248dc,report_550084c248dc_6602ddb4c9e09000ebbde58b,vulnerability-and-clientelism-Feb3.pdf,https://osf.io/download/j64at/,pdf,2024-03-26T14:37:40.095085Z,2024-03-26T14:37:40.095085,Repository upload/modification; not established public disclosure
report_550084c248dc,report_550084c248dc_6602ddabb3a1e300e07df62d,discretionary-tax-changes-FINAL.pdf,https://osf.io/download/4qnf7/,pdf,2024-03-26T14:37:31.363833Z,2024-03-26T14:37:31.363833,Repository upload/modification; not established public disclosure
report_550084c248dc,report_550084c248dc_6602ddb1b3a1e300f97def1a,partisanship-and-fiscal-policy-Mar25.pdf,https://osf.io/download/wekyz/,pdf,2024-03-26T14:37:37.282311Z,2024-03-26T14:37:37.282311,Repository upload/modification; not established public disclosure
report_550084c248dc,report_550084c248dc_6602ddb49dc8ef010089875e,technological-change-Mar25.pdf,https://osf.io/download/hqens/,pdf,2024-03-26T14:37:40.940587Z,2024-03-26T14:37:40.940587,Repository upload/modification; not established public disclosure
report_550084c248dc,report_550084c248dc_6602ddad9dc8ef00f88981bb,interaction-stereotypes-and-performance-Mar25.pdf,https://osf.io/download/guekw/,pdf,2024-03-26T14:37:33.270054Z,2024-03-26T14:37:33.270054,Repository upload/modification; not established public disclosure
report_550084c248dc,report_550084c248dc_6602ddabb3a1e300ec7df9ff,ConvexSupplyCurves_Robustness-Mar25.pdf,https://osf.io/download/hpd8s/,pdf,2024-03-26T14:37:31.333402Z,2024-03-26T14:37:31.333402,Repository upload/modification; not established public disclosure
report_550084c248dc,report_550084c248dc_6602ddafa8fcbc00f236e905,out-of-africa_Feb4.pdf,https://osf.io/download/d4f23/,pdf,2024-03-26T14:37:35.381670Z,2024-03-26T14:37:35.381670,Repository upload/modification; not established public disclosure
report_550084c248dc,report_550084c248dc_6602ddb1d9031c00ef03a99b,religious-festivals-and-development_Mar5.pdf,https://osf.io/download/d3seq/,pdf,2024-03-26T14:37:37.256213Z,2024-03-26T14:37:37.256213,Repository upload/modification; not established public disclosure
report_550084c248dc,report_550084c248dc_6602ddaac9e09000ebbde57c,coercive-contract-enforcement-Mar25.pdf,https://osf.io/download/vg745/,pdf,2024-03-26T14:37:30.165335Z,2024-03-26T14:37:30.165335,Repository upload/modification; not established public disclosure
report_550084c248dc,report_550084c248dc_6602ddaaa8fcbc010736e6b8,commercial-imperialism-Jan24.pdf,https://osf.io/download/w5pve/,pdf,2024-03-26T14:37:30.195188Z,2024-03-26T14:37:30.195188,Repository upload/modification; not established public disclosure
report_550084c248dc,report_550084c248dc_6602ddaec9e09000ebbde584,merchant-towns-Mar25.pdf,https://osf.io/download/tm4xc/,pdf,2024-03-26T14:37:34.475773Z,2024-03-26T14:37:34.475773,Repository upload/modification; not established public disclosure
report_550084c248dc,report_550084c248dc_6602ddb1c9e09000f4bddc78,persuasion-through-slanted-language-Mar.pdf,https://osf.io/download/rw7j9/,pdf,2024-03-26T14:37:37.246703Z,2024-03-26T14:37:37.246703,Repository upload/modification; not established public disclosure
report_550084c248dc,report_550084c248dc_6602ddaeb3a1e300f97def18,language-and-economic-behavior-Mar25.pdf,https://osf.io/download/h246d/,pdf,2024-03-26T14:37:35.047581Z,2024-03-26T14:37:35.047581,Repository upload/modification; not established public disclosure
report_550084c248dc,report_550084c248dc_66057261fe44ca02c02b690d,MasterData15January2024f.dta,https://osf.io/download/pdvrh/,dta,2024-03-28T13:36:33.429866Z,2024-03-28T13:36:33.429866,Repository upload/modification; not established public disclosure
report_550084c248dc,report_550084c248dc_66057255bfea1d02cf5a39db,Stat_indicators_paper.dta,https://osf.io/download/czhsb/,dta,2024-03-28T13:36:21.927021Z,2024-03-28T13:36:21.927021,Repository upload/modification; not established public disclosure
report_550084c248dc,report_550084c248dc_6605725eeb56f0039c8a3683,MasterAnalysis17Mar.do,https://osf.io/download/jczbn/,do,2024-03-28T13:36:30.413608Z,2024-03-28T13:36:30.413608,Repository upload/modification; not established public disclosure
report_550084c248dc,report_550084c248dc_6605725abfea1d02b95a3b8d,Survey_Clean_merged.dta,https://osf.io/download/r7xps/,dta,2024-03-28T13:36:26.676033Z,2024-03-28T13:36:26.676033,Repository upload/modification; not established public disclosure
report_550084c248dc,report_550084c248dc_66057252bfea1d02ca5a3963,README_Robustness_AER.pdf,https://osf.io/download/dthu2/,pdf,2024-03-28T13:36:18.659170Z,2024-03-28T13:36:18.659170,Repository upload/modification; not established public disclosure
report_550084c248dc,report_550084c248dc_6605726358fa4902bde4ee9e,MasterData10March2024.dta,https://osf.io/download/9x3qb/,dta,2024-03-28T13:36:35.138459Z,2024-03-28T13:36:35.138459,Repository upload/modification; not established public disclosure
report_550084c248dc,report_550084c248dc_6605725feb56f003808a3825,MasterData15January2024f2.dta,https://osf.io/download/xvspz/,dta,2024-03-28T13:36:31.897590Z,2024-03-28T13:36:31.897590,Repository upload/modification; not established public disclosure
report_550084c248dc,report_550084c248dc_66057252bfea1d02ce5a399f,Survey Analysis_Mar.do,https://osf.io/download/kfy8p/,do,2024-03-28T13:36:18.598672Z,2024-03-28T13:36:18.598672,Repository upload/modification; not established public disclosure
report_550084c248dc,report_550084c248dc_66057266eb56f0039f8a36df,Survey_responsesf.dta,https://osf.io/download/75gcd/,dta,2024-03-28T13:36:38.385381Z,2024-03-28T13:36:38.385381,Repository upload/modification; not established public disclosure
report_550084c248dc,report_550084c248dc_66057264eb56f0039f8a36dd,Survey_Averages.dta,https://osf.io/download/5wpf4/,dta,2024-03-28T13:36:36.413231Z,2024-03-28T13:36:36.413231,Repository upload/modification; not established public disclosure
report_550084c248dc,report_550084c248dc_66057255fe44ca02bf2b68f9,Stat_indicators_finding.dta,https://osf.io/download/66057255fe44ca02bf2b68f9/,dta,2024-03-28T13:36:21.982030Z,2024-03-28T13:36:21.982030,Repository upload/modification; not established public disclosure
report_550084c248dc,report_550084c248dc_6605725ceb56f003988a3621,Survey_Data.dta,https://osf.io/download/6605725ceb56f003988a3621/,dta,2024-03-28T13:36:28.646365Z,2024-03-28T13:36:28.646365,Repository upload/modification; not established public disclosure
report_550084c248dc,report_550084c248dc_66057259bfea1d02cb5a39a4,Survey_Clean.dta,https://osf.io/download/66057259bfea1d02cb5a39a4/,dta,2024-03-28T13:36:25.465571Z,2024-03-28T13:36:25.465571,Repository upload/modification; not established public disclosure
report_550084c248dc,report_550084c248dc_689cbada9d9b5804761f1ff4,Partisanship_and_Fiscal_Policyf.pdf,https://osf.io/download/awsd7/,pdf,2025-08-13T16:18:34.498248Z,2025-08-13T16:18:34.498248,Repository upload/modification; not established public disclosure
report_550084c248dc,report_550084c248dc_689cbae146c026ea11bc0de4,RetailPharmaciesandOpioids.pdf,https://osf.io/download/5kxwg/,pdf,2025-08-13T16:18:41.836870Z,2025-08-13T16:18:41.836870,Repository upload/modification; not established public disclosure
report_550084c248dc,report_550084c248dc_689cbae42674356d821f21ac,Self_Enforcing_Trade_Agreements.pdf,https://osf.io/download/4zu2w/,pdf,2025-08-13T16:18:44.656393Z,2025-08-13T16:18:44.656393,Repository upload/modification; not established public disclosure
report_550084c248dc,report_550084c248dc_689cbab5dbb82738361f1fc4,ConvexSupplyCurves_Robustness-DCApr26.pdf,https://osf.io/download/ynjxu/,pdf,2025-08-13T16:17:57.499119Z,2025-08-13T16:17:57.499119,Repository upload/modification; not established public disclosure
report_550084c248dc,report_550084c248dc_689cbadffcb29399e83ccf49,ReligiousFestivalsandDevelopment_May21.pdf,https://osf.io/download/argx2/,pdf,2025-08-13T16:18:39.726002Z,2025-08-13T16:18:39.726002,Repository upload/modification; not established public disclosure
report_550084c248dc,report_550084c248dc_689cbad189de62ba26d5a10e,Interaction-Stereotypes-and-Performance.pdf,https://osf.io/download/nsbv2/,pdf,2025-08-13T16:18:25.794542Z,2025-08-13T16:18:25.794542,Repository upload/modification; not established public disclosure
report_550084c248dc,report_550084c248dc_689cbab177543ca1933ccd61,Commercial_Imperialism-April21.pdf,https://osf.io/download/46fk5/,pdf,2025-08-13T16:17:53.304717Z,2025-08-13T16:17:53.304717,Repository upload/modification; not established public disclosure
report_550084c248dc,report_550084c248dc_689cbad75b1a416a873cce1a,Merchant-Towns-May10.pdf,https://osf.io/download/ugjh4/,pdf,2025-08-13T16:18:31.445501Z,2025-08-13T16:18:31.445501,Repository upload/modification; not established public disclosure
report_550084c248dc,report_550084c248dc_689cbae546c026ea11bc0de6,TechnologicalChange_May21.pdf,https://osf.io/download/4qtvr/,pdf,2025-08-13T16:18:45.433634Z,2025-08-13T16:18:45.433634,Repository upload/modification; not established public disclosure
report_550084c248dc,report_550084c248dc_689cbacd33dc6bbf8c13c4a3,GoingtoaBetterSchool.pdf,https://osf.io/download/knupq/,pdf,2025-08-13T16:18:21.342521Z,2025-08-13T16:18:21.342521,Repository upload/modification; not established public disclosure
report_550084c248dc,report_550084c248dc_689cbab877543ca1933ccd65,DiscretionaryTaxChangesUK_JK-DC_5_4_2023.pdf,https://osf.io/download/er9tb/,pdf,2025-08-13T16:18:00.994673Z,2025-08-13T16:18:00.994673,Repository upload/modification; not established public disclosure
report_550084c248dc,report_550084c248dc_689cbad07f0801bdd613c7ba,InnovationAndInstitutionalOwnership_May10.pdf,https://osf.io/download/mhtre/,pdf,2025-08-13T16:18:24.185791Z,2025-08-13T16:18:24.185791,Repository upload/modification; not established public disclosure
report_550084c248dc,report_550084c248dc_689cbadc14edc3b7e0d5a231,OutofAfrica-April11.pdf,https://osf.io/download/f3786/,pdf,2025-08-13T16:18:36.133730Z,2025-08-13T16:18:36.133730,Repository upload/modification; not established public disclosure
report_550084c248dc,report_550084c248dc_689cbae76deea60631bc0a80,Vulnerability and Clientelism.pdf,https://osf.io/download/dw78a/,pdf,2025-08-13T16:18:47.815966Z,2025-08-13T16:18:47.815966,Repository upload/modification; not established public disclosure
report_550084c248dc,report_550084c248dc_689cbab13f91f5a3af3ccee8,CoerciveContractEnforcementApril19.pdf,https://osf.io/download/vmdhx/,pdf,2025-08-13T16:17:53.225411Z,2025-08-13T16:17:53.225411,Repository upload/modification; not established public disclosure
report_550084c248dc,report_550084c248dc_689cbad514edc3b7e0d5a22f,Language-and-Saving-April21.pdf,https://osf.io/download/gc9aq/,pdf,2025-08-13T16:18:29.324393Z,2025-08-13T16:18:29.324393,Repository upload/modification; not established public disclosure
report_550084c248dc,report_550084c248dc_689cbadebbdc58ba53d5a0fb,PersuasionThroughSlantedLanguage.pdf,https://osf.io/download/5jthn/,pdf,2025-08-13T16:18:38.496989Z,2025-08-13T16:18:38.496989,Repository upload/modification; not established public disclosure
report_550084c248dc,report_550084c248dc_660572c4fe44ca02c42b6a54,significance2.eps,https://osf.io/download/660572c4fe44ca02c42b6a54/,eps,2024-03-28T13:38:12.904365Z,2024-03-28T13:38:12.904365,Repository upload/modification; not established public disclosure
report_550084c248dc,report_550084c248dc_6605729d58fa4902c6e4ed50,SummaryFSPresults.tex,https://osf.io/download/6605729d58fa4902c6e4ed50/,tex,2024-03-28T13:37:33.678675Z,2024-03-28T13:37:33.678675,Repository upload/modification; not established public disclosure
report_550084c248dc,report_550084c248dc_660572aaeb56f0039c8a3698,Survey_Clean_merged_final.dta,https://osf.io/download/660572aaeb56f0039c8a3698/,dta,2024-03-28T13:37:46.756790Z,2024-03-28T13:37:46.756790,Repository upload/modification; not established public disclosure
report_550084c248dc,report_550084c248dc_660572abfe44ca02c02b691a,AER_robustness2.tex,https://osf.io/download/660572abfe44ca02c02b691a/,tex,2024-03-28T13:37:47.467389Z,2024-03-28T13:37:47.467389,Repository upload/modification; not established public disclosure
report_550084c248dc,report_550084c248dc_660572d101fc9c0366316809,Tz_distribution_norm_censored2.eps,https://osf.io/download/tdwhe/,eps,2024-03-28T13:38:25.518701Z,2024-03-28T13:38:25.518701,Repository upload/modification; not established public disclosure
report_550084c248dc,report_550084c248dc_660572a0bfea1d02c75a3954,SummaryFSPresults.txt,https://osf.io/download/660572a0bfea1d02c75a3954/,txt,2024-03-28T13:37:36.430157Z,2024-03-28T13:37:36.430157,Repository upload/modification; not established public disclosure
report_550084c248dc,report_550084c248dc_660572bdfe44ca02c42b6a4c,Survey1.eps,https://osf.io/download/660572bdfe44ca02c42b6a4c/,eps,2024-03-28T13:38:05.736186Z,2024-03-28T13:38:05.736186,Repository upload/modification; not established public disclosure
report_550084c248dc,report_550084c248dc_660572c7fe44ca02bf2b6903,significance.eps,https://osf.io/download/660572c7fe44ca02bf2b6903/,eps,2024-03-28T13:38:15.606707Z,2024-03-28T13:38:15.606707,Repository upload/modification; not established public disclosure
report_550084c248dc,report_550084c248dc_660572adfe44ca02c42b6a32,AER_robustness2a.tex,https://osf.io/download/660572adfe44ca02c42b6a32/,tex,2024-03-28T13:37:49.429757Z,2024-03-28T13:37:49.429757,Repository upload/modification; not established public disclosure
report_550084c248dc,report_550084c248dc_660572aebfea1d02ca5a3984,predictions_RESP_result1.eps,https://osf.io/download/660572aebfea1d02ca5a3984/,eps,2024-03-28T13:37:50.231648Z,2024-03-28T13:37:50.231648,Repository upload/modification; not established public disclosure
report_550084c248dc,report_550084c248dc_660572a858fa4902bee4f00a,AER_robustness3a.tex,https://osf.io/download/bzvj7/,tex,2024-03-28T13:37:44.444132Z,2024-03-28T13:37:44.444132,Repository upload/modification; not established public disclosure
report_550084c248dc,report_550084c248dc_660572b9bfea1d02cf5a3a4e,predictions_FSP_resultp2.eps,https://osf.io/download/660572b9bfea1d02cf5a3a4e/,eps,2024-03-28T13:38:01.544325Z,2024-03-28T13:38:01.544325,Repository upload/modification; not established public disclosure
report_550084c248dc,report_550084c248dc_660572a758fa4902c7e4ed80,AER_robustness3.tex,https://osf.io/download/660572a758fa4902c7e4ed80/,tex,2024-03-28T13:37:43.387760Z,2024-03-28T13:37:43.387760,Repository upload/modification; not established public disclosure
report_550084c248dc,report_550084c248dc_660572b4bfea1d02cb5a39fa,predictions_FSP_result2a.eps,https://osf.io/download/660572b4bfea1d02cb5a39fa/,eps,2024-03-28T13:37:56.747855Z,2024-03-28T13:37:56.747855,Repository upload/modification; not established public disclosure
report_550084c248dc,report_550084c248dc_660572c801fc9c0366316805,Tz_distribution_norm_censored.eps,https://osf.io/download/660572c801fc9c0366316805/,eps,2024-03-28T13:38:16.696030Z,2024-03-28T13:38:16.696030,Repository upload/modification; not established public disclosure
report_550084c248dc,report_550084c248dc_660572bf58fa4902bee4f018,AER_robustness1a.tex,https://osf.io/download/dn9gw/,tex,2024-03-28T13:38:07.302005Z,2024-03-28T13:38:07.302005,Repository upload/modification; not established public disclosure
report_550084c248dc,report_550084c248dc_660572cffe44ca02bc2b68f2,variation.eps,https://osf.io/download/mdy9r/,eps,2024-03-28T13:38:23.985579Z,2024-03-28T13:38:23.985579,Repository upload/modification; not established public disclosure
report_550084c248dc,report_550084c248dc_660572a2bfea1d02ca5a3981,SquaredRESPError.eps,https://osf.io/download/660572a2bfea1d02ca5a3981/,eps,2024-03-28T13:37:38.272817Z,2024-03-28T13:37:38.272817,Repository upload/modification; not established public disclosure
report_550084c248dc,report_550084c248dc_660572d3eb56f003978a361d,Dfbeta_Tz_distribution_norm_censored.eps,https://osf.io/download/vfzkc/,eps,2024-03-28T13:38:27.716510Z,2024-03-28T13:38:27.716510,Repository upload/modification; not established public disclosure
report_550084c248dc,report_550084c248dc_660572b258fa4902bee4f012,predictions_FSP_result3.eps,https://osf.io/download/660572b258fa4902bee4f012/,eps,2024-03-28T13:37:54.982729Z,2024-03-28T13:37:54.982729,Repository upload/modification; not established public disclosure
report_550084c248dc,report_550084c248dc_660572bc58fa4902c6e4ed6c,predictions_FSP_result2.eps,https://osf.io/download/660572bc58fa4902c6e4ed6c/,eps,2024-03-28T13:38:04.446724Z,2024-03-28T13:38:04.446724,Repository upload/modification; not established public disclosure
report_550084c248dc,report_550084c248dc_660572c401fc9c03633167f2,AppendixTable3.eps,https://osf.io/download/660572c401fc9c03633167f2/,eps,2024-03-28T13:38:13.018855Z,2024-03-28T13:38:13.018855,Repository upload/modification; not established public disclosure
report_550084c248dc,report_550084c248dc_6605729f58fa4902c7e4ed77,Survey_Clean_merged_final1.dta,https://osf.io/download/6605729f58fa4902c7e4ed77/,dta,2024-03-28T13:37:35.388247Z,2024-03-28T13:37:35.388247,Repository upload/modification; not established public disclosure
report_550084c248dc,report_550084c248dc_660572b5fe44ca02c42b6a41,predictions_FSP_result2b.eps,https://osf.io/download/660572b5fe44ca02c42b6a41/,eps,2024-03-28T13:37:57.873861Z,2024-03-28T13:37:57.873861,Repository upload/modification; not established public disclosure
report_550084c248dc,report_550084c248dc_660572b9eb56f0039d8a3654,predictions_FSP_result.eps,https://osf.io/download/660572b9eb56f0039d8a3654/,eps,2024-03-28T13:38:01.547842Z,2024-03-28T13:38:01.547842,Repository upload/modification; not established public disclosure
report_550084c248dc,report_550084c248dc_660572cd01fc9c035e3167af,variation_paper1.eps,https://osf.io/download/cyzbe/,eps,2024-03-28T13:38:21.197699Z,2024-03-28T13:38:21.197699,Repository upload/modification; not established public disclosure
report_550084c248dc,report_550084c248dc_660572c158fa4902b9e4ed7a,AER_robustness1_appendix.tex,https://osf.io/download/660572c158fa4902b9e4ed7a/,tex,2024-03-28T13:38:09.210680Z,2024-03-28T13:38:09.210680,Repository upload/modification; not established public disclosure
report_550084c248dc,report_550084c248dc_660572ca58fa4902bde4eebc,Rel_tz_median.eps,https://osf.io/download/660572ca58fa4902bde4eebc/,eps,2024-03-28T13:38:18.586094Z,2024-03-28T13:38:18.586094,Repository upload/modification; not established public disclosure
report_550084c248dc,report_550084c248dc_660572b0bfea1d02cf5a3a48,predictions_RESP_result2p.eps,https://osf.io/download/660572b0bfea1d02cf5a3a48/,eps,2024-03-28T13:37:52.195393Z,2024-03-28T13:37:52.195393,Repository upload/modification; not established public disclosure
report_550084c248dc,report_550084c248dc_660572c2bfea1d02ce5a3a21,AER_robustness1.tex,https://osf.io/download/660572c2bfea1d02ce5a3a21/,tex,2024-03-28T13:38:10.065307Z,2024-03-28T13:38:10.065307,Repository upload/modification; not established public disclosure
report_550084c248dc,report_550084c248dc_660572ce58fa4902c7e4eeb5,significance_result.eps,https://osf.io/download/m5hev/,eps,2024-03-28T13:38:22.565533Z,2024-03-28T13:38:22.565533,Repository upload/modification; not established public disclosure
report_550084c248dc,report_550084c248dc_660572a5bfea1d02cf5a3a46,AER_robustness4.tex,https://osf.io/download/660572a5bfea1d02cf5a3a46/,tex,2024-03-28T13:37:41.773243Z,2024-03-28T13:37:41.773243,Repository upload/modification; not established public disclosure
report_550084c248dc,report_550084c248dc_660572a458fa4902bee4f000,AER_robustness4_appendix.tex,https://osf.io/download/660572a458fa4902bee4f000/,tex,2024-03-28T13:37:40.169765Z,2024-03-28T13:37:40.169765,Repository upload/modification; not established public disclosure
report_550084c248dc,report_550084c248dc_660572b101fc9c036a3168ec,predictions_RESP_result.eps,https://osf.io/download/660572b101fc9c036a3168ec/,eps,2024-03-28T13:37:53.976607Z,2024-03-28T13:37:53.976607,Repository upload/modification; not established public disclosure
report_551a1b4adf78,report_551a1b4adf78_6a70864e5e21b1f1dfbc8b44,Comment on De Freitas et al,https://osf.io/download/2s6u8/,,2026-08-03T12:15:10.618622Z,2026-08-03T12:15:10.618622,Repository upload/modification; not established public disclosure
report_551a1b4adf78,report_551a1b4adf78_6a7088b27aa3029e0fbc8867,De Freitas et al. (2023).pdf,https://osf.io/download/akwfd/,pdf,2026-08-03T12:25:22.360502Z,2026-08-03T12:25:22.360502,Repository upload/modification; not established public disclosure
report_55b052c42573,report_55b052c42573_6818fae120bff64c88159648,report.pdf,https://osf.io/download/5384c/,pdf,2025-05-05T17:52:34.032170Z,2025-05-05T17:52:34.032170,Repository upload/modification; not established public disclosure
report_55b052c42573,report_55b052c42573_6818faca1d2516abd7c614ba,NHB - Upworthy - Replication Response.pdf,https://osf.io/download/v83ma/,pdf,2025-05-05T17:52:10.540281Z,2025-05-05T17:52:10.540281,Repository upload/modification; not established public disclosure
report_573bd43586da,report_573bd43586da_6807615e4f254e89a1b7d2da,PAP w addendum.pdf,https://osf.io/download/zyqdb/,pdf,2025-04-22T09:29:02.775413Z,2025-04-22T09:29:02.775413,Repository upload/modification; not established public disclosure
report_573bd43586da,report_573bd43586da_689d88ee1a4a962e981f201b,Referee Report Full Data.xlsx,https://osf.io/download/qj3fc/,xlsx,2025-08-14T06:57:50.888388Z,2025-08-14T06:57:50.888388,Repository upload/modification; not established public disclosure
report_573bd43586da,report_573bd43586da_649c947567aff80dfaedfdba,AER Robustness Survey PAP.pdf,https://osf.io/download/t4nfm/,pdf,2023-06-28T20:13:41.708342Z,2023-06-28T20:13:41.708342,Repository upload/modification; not established public disclosure
report_573bd43586da,report_573bd43586da_67408cf48d42fcc5f496c79d,PAP reviewing reports.pdf,https://osf.io/download/tzk2a/,pdf,2024-11-22T13:53:56.861031Z,2024-11-22T13:53:56.861031,Repository upload/modification; not established public disclosure
report_573bd43586da,report_573bd43586da_65aa175399d0100080626a10,AER_Robustness_survey.qsf,https://osf.io/download/bzvru/,qsf,2024-01-19T06:31:47.259855Z,2024-01-19T06:31:47.259855,Repository upload/modification; not established public disclosure
report_573bd43586da,report_573bd43586da_65aa1753ebe5e60092f5e7a1,Qualtrics Survey.pdf,https://osf.io/download/gnrqb/,pdf,2024-01-19T06:31:47.237320Z,2024-01-19T06:31:47.237320,Repository upload/modification; not established public disclosure
report_573bd43586da,report_573bd43586da_688873c853738286562341be,Convex_supply_Response_Institute_for_Replication.pdf,https://osf.io/download/uev65/,pdf,2025-07-29T07:10:00.382149Z,2025-07-29T07:10:00.382149,Repository upload/modification; not established public disclosure
report_573bd43586da,report_573bd43586da_688873cc45ec217577e7cc18,Partisanship and Fiscal Policy in Economic Unions Evidence from US States.pdf,https://osf.io/download/jfv9h/,pdf,2025-07-29T07:10:04.244503Z,2025-07-29T07:10:04.244503,Repository upload/modification; not established public disclosure
report_573bd43586da,report_573bd43586da_688873c9c093c96d1c256d5e,AMV_IfR_Reply.pdf,https://osf.io/download/nb6fp/,pdf,2025-07-29T07:10:01.188977Z,2025-07-29T07:10:01.188977,Repository upload/modification; not established public disclosure
report_573bd43586da,report_573bd43586da_688873fc307d62b882234157,Persuasion through Slanted Language Evidence from the Media Coverage of Immigration[91].pdf,https://osf.io/download/d3n9g/,pdf,2025-07-29T07:10:52.897285Z,2025-07-29T07:10:52.897285,Repository upload/modification; not established public disclosure
report_573bd43586da,report_573bd43586da_688873cbf17815c6db2340e4,Going to a Better School Effects and Behavioral Responses.pdf,https://osf.io/download/t6se8/,pdf,2025-07-29T07:10:03.286182Z,2025-07-29T07:10:03.286182,Repository upload/modification; not established public disclosure
report_573bd43586da,report_573bd43586da_688a56d976f3876855a23ec0,"Interaction, Stereotypes, and Performance Evidence from South Africa.pdf",https://osf.io/download/nwe9u/,pdf,2025-07-30T17:31:05.740447Z,2025-07-30T17:31:05.740447,Repository upload/modification; not established public disclosure
report_573bd43586da,report_573bd43586da_6602ddb3a8fcbc010736e6ca,retail-pharmacies-Mar25.pdf,https://osf.io/download/k7g5p/,pdf,2024-03-26T14:37:39.694296Z,2024-03-26T14:37:39.694296,Repository upload/modification; not established public disclosure
report_573bd43586da,report_573bd43586da_6602ddacc9e09000ebbde57e,going-to-a-better-school-Feb3.pdf,https://osf.io/download/n7r9z/,pdf,2024-03-26T14:37:32.473160Z,2024-03-26T14:37:32.473160,Repository upload/modification; not established public disclosure
report_573bd43586da,report_573bd43586da_688a572fce90943bc92341d3,SelfEnforcingTradeAgreements_Robustness_July26.pdf,https://osf.io/download/e6zvc/,pdf,2025-07-30T17:32:31.069644Z,2025-07-30T17:32:31.069644,Repository upload/modification; not established public disclosure
report_573bd43586da,report_573bd43586da_6602ddacb3a1e300ec7dfa01,Innovation-and-Institutional-Ownership-Mar25.pdf,https://osf.io/download/qz5g6/,pdf,2024-03-26T14:37:32.956311Z,2024-03-26T14:37:32.956311,Repository upload/modification; not established public disclosure
report_573bd43586da,report_573bd43586da_6602ddb4c9e09000ebbde58b,vulnerability-and-clientelism-Feb3.pdf,https://osf.io/download/j64at/,pdf,2024-03-26T14:37:40.095085Z,2024-03-26T14:37:40.095085,Repository upload/modification; not established public disclosure
report_573bd43586da,report_573bd43586da_6602ddabb3a1e300e07df62d,discretionary-tax-changes-FINAL.pdf,https://osf.io/download/4qnf7/,pdf,2024-03-26T14:37:31.363833Z,2024-03-26T14:37:31.363833,Repository upload/modification; not established public disclosure
report_573bd43586da,report_573bd43586da_6602ddb1b3a1e300f97def1a,partisanship-and-fiscal-policy-Mar25.pdf,https://osf.io/download/wekyz/,pdf,2024-03-26T14:37:37.282311Z,2024-03-26T14:37:37.282311,Repository upload/modification; not established public disclosure
report_573bd43586da,report_573bd43586da_6602ddb49dc8ef010089875e,technological-change-Mar25.pdf,https://osf.io/download/hqens/,pdf,2024-03-26T14:37:40.940587Z,2024-03-26T14:37:40.940587,Repository upload/modification; not established public disclosure
report_573bd43586da,report_573bd43586da_6602ddad9dc8ef00f88981bb,interaction-stereotypes-and-performance-Mar25.pdf,https://osf.io/download/guekw/,pdf,2024-03-26T14:37:33.270054Z,2024-03-26T14:37:33.270054,Repository upload/modification; not established public disclosure
report_573bd43586da,report_573bd43586da_6602ddabb3a1e300ec7df9ff,ConvexSupplyCurves_Robustness-Mar25.pdf,https://osf.io/download/hpd8s/,pdf,2024-03-26T14:37:31.333402Z,2024-03-26T14:37:31.333402,Repository upload/modification; not established public disclosure
report_573bd43586da,report_573bd43586da_6602ddafa8fcbc00f236e905,out-of-africa_Feb4.pdf,https://osf.io/download/d4f23/,pdf,2024-03-26T14:37:35.381670Z,2024-03-26T14:37:35.381670,Repository upload/modification; not established public disclosure
report_573bd43586da,report_573bd43586da_6602ddb1d9031c00ef03a99b,religious-festivals-and-development_Mar5.pdf,https://osf.io/download/d3seq/,pdf,2024-03-26T14:37:37.256213Z,2024-03-26T14:37:37.256213,Repository upload/modification; not established public disclosure
report_573bd43586da,report_573bd43586da_6602ddaac9e09000ebbde57c,coercive-contract-enforcement-Mar25.pdf,https://osf.io/download/vg745/,pdf,2024-03-26T14:37:30.165335Z,2024-03-26T14:37:30.165335,Repository upload/modification; not established public disclosure
report_573bd43586da,report_573bd43586da_6602ddaaa8fcbc010736e6b8,commercial-imperialism-Jan24.pdf,https://osf.io/download/w5pve/,pdf,2024-03-26T14:37:30.195188Z,2024-03-26T14:37:30.195188,Repository upload/modification; not established public disclosure
report_573bd43586da,report_573bd43586da_6602ddaec9e09000ebbde584,merchant-towns-Mar25.pdf,https://osf.io/download/tm4xc/,pdf,2024-03-26T14:37:34.475773Z,2024-03-26T14:37:34.475773,Repository upload/modification; not established public disclosure
report_573bd43586da,report_573bd43586da_6602ddb1c9e09000f4bddc78,persuasion-through-slanted-language-Mar.pdf,https://osf.io/download/rw7j9/,pdf,2024-03-26T14:37:37.246703Z,2024-03-26T14:37:37.246703,Repository upload/modification; not established public disclosure
report_573bd43586da,report_573bd43586da_6602ddaeb3a1e300f97def18,language-and-economic-behavior-Mar25.pdf,https://osf.io/download/h246d/,pdf,2024-03-26T14:37:35.047581Z,2024-03-26T14:37:35.047581,Repository upload/modification; not established public disclosure
report_573bd43586da,report_573bd43586da_66057261fe44ca02c02b690d,MasterData15January2024f.dta,https://osf.io/download/pdvrh/,dta,2024-03-28T13:36:33.429866Z,2024-03-28T13:36:33.429866,Repository upload/modification; not established public disclosure
report_573bd43586da,report_573bd43586da_66057255bfea1d02cf5a39db,Stat_indicators_paper.dta,https://osf.io/download/czhsb/,dta,2024-03-28T13:36:21.927021Z,2024-03-28T13:36:21.927021,Repository upload/modification; not established public disclosure
report_573bd43586da,report_573bd43586da_6605725eeb56f0039c8a3683,MasterAnalysis17Mar.do,https://osf.io/download/jczbn/,do,2024-03-28T13:36:30.413608Z,2024-03-28T13:36:30.413608,Repository upload/modification; not established public disclosure
report_573bd43586da,report_573bd43586da_6605725abfea1d02b95a3b8d,Survey_Clean_merged.dta,https://osf.io/download/r7xps/,dta,2024-03-28T13:36:26.676033Z,2024-03-28T13:36:26.676033,Repository upload/modification; not established public disclosure
report_573bd43586da,report_573bd43586da_66057252bfea1d02ca5a3963,README_Robustness_AER.pdf,https://osf.io/download/dthu2/,pdf,2024-03-28T13:36:18.659170Z,2024-03-28T13:36:18.659170,Repository upload/modification; not established public disclosure
report_573bd43586da,report_573bd43586da_6605726358fa4902bde4ee9e,MasterData10March2024.dta,https://osf.io/download/9x3qb/,dta,2024-03-28T13:36:35.138459Z,2024-03-28T13:36:35.138459,Repository upload/modification; not established public disclosure
report_573bd43586da,report_573bd43586da_6605725feb56f003808a3825,MasterData15January2024f2.dta,https://osf.io/download/xvspz/,dta,2024-03-28T13:36:31.897590Z,2024-03-28T13:36:31.897590,Repository upload/modification; not established public disclosure
report_573bd43586da,report_573bd43586da_66057252bfea1d02ce5a399f,Survey Analysis_Mar.do,https://osf.io/download/kfy8p/,do,2024-03-28T13:36:18.598672Z,2024-03-28T13:36:18.598672,Repository upload/modification; not established public disclosure
report_573bd43586da,report_573bd43586da_66057266eb56f0039f8a36df,Survey_responsesf.dta,https://osf.io/download/75gcd/,dta,2024-03-28T13:36:38.385381Z,2024-03-28T13:36:38.385381,Repository upload/modification; not established public disclosure
report_573bd43586da,report_573bd43586da_66057264eb56f0039f8a36dd,Survey_Averages.dta,https://osf.io/download/5wpf4/,dta,2024-03-28T13:36:36.413231Z,2024-03-28T13:36:36.413231,Repository upload/modification; not established public disclosure
report_573bd43586da,report_573bd43586da_66057255fe44ca02bf2b68f9,Stat_indicators_finding.dta,https://osf.io/download/66057255fe44ca02bf2b68f9/,dta,2024-03-28T13:36:21.982030Z,2024-03-28T13:36:21.982030,Repository upload/modification; not established public disclosure
report_573bd43586da,report_573bd43586da_6605725ceb56f003988a3621,Survey_Data.dta,https://osf.io/download/6605725ceb56f003988a3621/,dta,2024-03-28T13:36:28.646365Z,2024-03-28T13:36:28.646365,Repository upload/modification; not established public disclosure
report_573bd43586da,report_573bd43586da_66057259bfea1d02cb5a39a4,Survey_Clean.dta,https://osf.io/download/66057259bfea1d02cb5a39a4/,dta,2024-03-28T13:36:25.465571Z,2024-03-28T13:36:25.465571,Repository upload/modification; not established public disclosure
report_573bd43586da,report_573bd43586da_689cbada9d9b5804761f1ff4,Partisanship_and_Fiscal_Policyf.pdf,https://osf.io/download/awsd7/,pdf,2025-08-13T16:18:34.498248Z,2025-08-13T16:18:34.498248,Repository upload/modification; not established public disclosure
report_573bd43586da,report_573bd43586da_689cbae146c026ea11bc0de4,RetailPharmaciesandOpioids.pdf,https://osf.io/download/5kxwg/,pdf,2025-08-13T16:18:41.836870Z,2025-08-13T16:18:41.836870,Repository upload/modification; not established public disclosure
report_573bd43586da,report_573bd43586da_689cbae42674356d821f21ac,Self_Enforcing_Trade_Agreements.pdf,https://osf.io/download/4zu2w/,pdf,2025-08-13T16:18:44.656393Z,2025-08-13T16:18:44.656393,Repository upload/modification; not established public disclosure
report_573bd43586da,report_573bd43586da_689cbab5dbb82738361f1fc4,ConvexSupplyCurves_Robustness-DCApr26.pdf,https://osf.io/download/ynjxu/,pdf,2025-08-13T16:17:57.499119Z,2025-08-13T16:17:57.499119,Repository upload/modification; not established public disclosure
report_573bd43586da,report_573bd43586da_689cbadffcb29399e83ccf49,ReligiousFestivalsandDevelopment_May21.pdf,https://osf.io/download/argx2/,pdf,2025-08-13T16:18:39.726002Z,2025-08-13T16:18:39.726002,Repository upload/modification; not established public disclosure
report_573bd43586da,report_573bd43586da_689cbad189de62ba26d5a10e,Interaction-Stereotypes-and-Performance.pdf,https://osf.io/download/nsbv2/,pdf,2025-08-13T16:18:25.794542Z,2025-08-13T16:18:25.794542,Repository upload/modification; not established public disclosure
report_573bd43586da,report_573bd43586da_689cbab177543ca1933ccd61,Commercial_Imperialism-April21.pdf,https://osf.io/download/46fk5/,pdf,2025-08-13T16:17:53.304717Z,2025-08-13T16:17:53.304717,Repository upload/modification; not established public disclosure
report_573bd43586da,report_573bd43586da_689cbad75b1a416a873cce1a,Merchant-Towns-May10.pdf,https://osf.io/download/ugjh4/,pdf,2025-08-13T16:18:31.445501Z,2025-08-13T16:18:31.445501,Repository upload/modification; not established public disclosure
report_573bd43586da,report_573bd43586da_689cbae546c026ea11bc0de6,TechnologicalChange_May21.pdf,https://osf.io/download/4qtvr/,pdf,2025-08-13T16:18:45.433634Z,2025-08-13T16:18:45.433634,Repository upload/modification; not established public disclosure
report_573bd43586da,report_573bd43586da_689cbacd33dc6bbf8c13c4a3,GoingtoaBetterSchool.pdf,https://osf.io/download/knupq/,pdf,2025-08-13T16:18:21.342521Z,2025-08-13T16:18:21.342521,Repository upload/modification; not established public disclosure
report_573bd43586da,report_573bd43586da_689cbab877543ca1933ccd65,DiscretionaryTaxChangesUK_JK-DC_5_4_2023.pdf,https://osf.io/download/er9tb/,pdf,2025-08-13T16:18:00.994673Z,2025-08-13T16:18:00.994673,Repository upload/modification; not established public disclosure
report_573bd43586da,report_573bd43586da_689cbad07f0801bdd613c7ba,InnovationAndInstitutionalOwnership_May10.pdf,https://osf.io/download/mhtre/,pdf,2025-08-13T16:18:24.185791Z,2025-08-13T16:18:24.185791,Repository upload/modification; not established public disclosure
report_573bd43586da,report_573bd43586da_689cbadc14edc3b7e0d5a231,OutofAfrica-April11.pdf,https://osf.io/download/f3786/,pdf,2025-08-13T16:18:36.133730Z,2025-08-13T16:18:36.133730,Repository upload/modification; not established public disclosure
report_573bd43586da,report_573bd43586da_689cbae76deea60631bc0a80,Vulnerability and Clientelism.pdf,https://osf.io/download/dw78a/,pdf,2025-08-13T16:18:47.815966Z,2025-08-13T16:18:47.815966,Repository upload/modification; not established public disclosure
report_573bd43586da,report_573bd43586da_689cbab13f91f5a3af3ccee8,CoerciveContractEnforcementApril19.pdf,https://osf.io/download/vmdhx/,pdf,2025-08-13T16:17:53.225411Z,2025-08-13T16:17:53.225411,Repository upload/modification; not established public disclosure
report_573bd43586da,report_573bd43586da_689cbad514edc3b7e0d5a22f,Language-and-Saving-April21.pdf,https://osf.io/download/gc9aq/,pdf,2025-08-13T16:18:29.324393Z,2025-08-13T16:18:29.324393,Repository upload/modification; not established public disclosure
report_573bd43586da,report_573bd43586da_689cbadebbdc58ba53d5a0fb,PersuasionThroughSlantedLanguage.pdf,https://osf.io/download/5jthn/,pdf,2025-08-13T16:18:38.496989Z,2025-08-13T16:18:38.496989,Repository upload/modification; not established public disclosure
report_573bd43586da,report_573bd43586da_660572c4fe44ca02c42b6a54,significance2.eps,https://osf.io/download/660572c4fe44ca02c42b6a54/,eps,2024-03-28T13:38:12.904365Z,2024-03-28T13:38:12.904365,Repository upload/modification; not established public disclosure
report_573bd43586da,report_573bd43586da_6605729d58fa4902c6e4ed50,SummaryFSPresults.tex,https://osf.io/download/6605729d58fa4902c6e4ed50/,tex,2024-03-28T13:37:33.678675Z,2024-03-28T13:37:33.678675,Repository upload/modification; not established public disclosure
report_573bd43586da,report_573bd43586da_660572aaeb56f0039c8a3698,Survey_Clean_merged_final.dta,https://osf.io/download/660572aaeb56f0039c8a3698/,dta,2024-03-28T13:37:46.756790Z,2024-03-28T13:37:46.756790,Repository upload/modification; not established public disclosure
report_573bd43586da,report_573bd43586da_660572abfe44ca02c02b691a,AER_robustness2.tex,https://osf.io/download/660572abfe44ca02c02b691a/,tex,2024-03-28T13:37:47.467389Z,2024-03-28T13:37:47.467389,Repository upload/modification; not established public disclosure
report_573bd43586da,report_573bd43586da_660572d101fc9c0366316809,Tz_distribution_norm_censored2.eps,https://osf.io/download/tdwhe/,eps,2024-03-28T13:38:25.518701Z,2024-03-28T13:38:25.518701,Repository upload/modification; not established public disclosure
report_573bd43586da,report_573bd43586da_660572a0bfea1d02c75a3954,SummaryFSPresults.txt,https://osf.io/download/660572a0bfea1d02c75a3954/,txt,2024-03-28T13:37:36.430157Z,2024-03-28T13:37:36.430157,Repository upload/modification; not established public disclosure
report_573bd43586da,report_573bd43586da_660572bdfe44ca02c42b6a4c,Survey1.eps,https://osf.io/download/660572bdfe44ca02c42b6a4c/,eps,2024-03-28T13:38:05.736186Z,2024-03-28T13:38:05.736186,Repository upload/modification; not established public disclosure
report_573bd43586da,report_573bd43586da_660572c7fe44ca02bf2b6903,significance.eps,https://osf.io/download/660572c7fe44ca02bf2b6903/,eps,2024-03-28T13:38:15.606707Z,2024-03-28T13:38:15.606707,Repository upload/modification; not established public disclosure
report_573bd43586da,report_573bd43586da_660572adfe44ca02c42b6a32,AER_robustness2a.tex,https://osf.io/download/660572adfe44ca02c42b6a32/,tex,2024-03-28T13:37:49.429757Z,2024-03-28T13:37:49.429757,Repository upload/modification; not established public disclosure
report_573bd43586da,report_573bd43586da_660572aebfea1d02ca5a3984,predictions_RESP_result1.eps,https://osf.io/download/660572aebfea1d02ca5a3984/,eps,2024-03-28T13:37:50.231648Z,2024-03-28T13:37:50.231648,Repository upload/modification; not established public disclosure
report_573bd43586da,report_573bd43586da_660572a858fa4902bee4f00a,AER_robustness3a.tex,https://osf.io/download/bzvj7/,tex,2024-03-28T13:37:44.444132Z,2024-03-28T13:37:44.444132,Repository upload/modification; not established public disclosure
report_573bd43586da,report_573bd43586da_660572b9bfea1d02cf5a3a4e,predictions_FSP_resultp2.eps,https://osf.io/download/660572b9bfea1d02cf5a3a4e/,eps,2024-03-28T13:38:01.544325Z,2024-03-28T13:38:01.544325,Repository upload/modification; not established public disclosure
report_573bd43586da,report_573bd43586da_660572a758fa4902c7e4ed80,AER_robustness3.tex,https://osf.io/download/660572a758fa4902c7e4ed80/,tex,2024-03-28T13:37:43.387760Z,2024-03-28T13:37:43.387760,Repository upload/modification; not established public disclosure
report_573bd43586da,report_573bd43586da_660572b4bfea1d02cb5a39fa,predictions_FSP_result2a.eps,https://osf.io/download/660572b4bfea1d02cb5a39fa/,eps,2024-03-28T13:37:56.747855Z,2024-03-28T13:37:56.747855,Repository upload/modification; not established public disclosure
report_573bd43586da,report_573bd43586da_660572c801fc9c0366316805,Tz_distribution_norm_censored.eps,https://osf.io/download/660572c801fc9c0366316805/,eps,2024-03-28T13:38:16.696030Z,2024-03-28T13:38:16.696030,Repository upload/modification; not established public disclosure
report_573bd43586da,report_573bd43586da_660572bf58fa4902bee4f018,AER_robustness1a.tex,https://osf.io/download/dn9gw/,tex,2024-03-28T13:38:07.302005Z,2024-03-28T13:38:07.302005,Repository upload/modification; not established public disclosure
report_573bd43586da,report_573bd43586da_660572cffe44ca02bc2b68f2,variation.eps,https://osf.io/download/mdy9r/,eps,2024-03-28T13:38:23.985579Z,2024-03-28T13:38:23.985579,Repository upload/modification; not established public disclosure
report_573bd43586da,report_573bd43586da_660572a2bfea1d02ca5a3981,SquaredRESPError.eps,https://osf.io/download/660572a2bfea1d02ca5a3981/,eps,2024-03-28T13:37:38.272817Z,2024-03-28T13:37:38.272817,Repository upload/modification; not established public disclosure
report_573bd43586da,report_573bd43586da_660572d3eb56f003978a361d,Dfbeta_Tz_distribution_norm_censored.eps,https://osf.io/download/vfzkc/,eps,2024-03-28T13:38:27.716510Z,2024-03-28T13:38:27.716510,Repository upload/modification; not established public disclosure
report_573bd43586da,report_573bd43586da_660572b258fa4902bee4f012,predictions_FSP_result3.eps,https://osf.io/download/660572b258fa4902bee4f012/,eps,2024-03-28T13:37:54.982729Z,2024-03-28T13:37:54.982729,Repository upload/modification; not established public disclosure
report_573bd43586da,report_573bd43586da_660572bc58fa4902c6e4ed6c,predictions_FSP_result2.eps,https://osf.io/download/660572bc58fa4902c6e4ed6c/,eps,2024-03-28T13:38:04.446724Z,2024-03-28T13:38:04.446724,Repository upload/modification; not established public disclosure
report_573bd43586da,report_573bd43586da_660572c401fc9c03633167f2,AppendixTable3.eps,https://osf.io/download/660572c401fc9c03633167f2/,eps,2024-03-28T13:38:13.018855Z,2024-03-28T13:38:13.018855,Repository upload/modification; not established public disclosure
report_573bd43586da,report_573bd43586da_6605729f58fa4902c7e4ed77,Survey_Clean_merged_final1.dta,https://osf.io/download/6605729f58fa4902c7e4ed77/,dta,2024-03-28T13:37:35.388247Z,2024-03-28T13:37:35.388247,Repository upload/modification; not established public disclosure
report_573bd43586da,report_573bd43586da_660572b5fe44ca02c42b6a41,predictions_FSP_result2b.eps,https://osf.io/download/660572b5fe44ca02c42b6a41/,eps,2024-03-28T13:37:57.873861Z,2024-03-28T13:37:57.873861,Repository upload/modification; not established public disclosure
report_573bd43586da,report_573bd43586da_660572b9eb56f0039d8a3654,predictions_FSP_result.eps,https://osf.io/download/660572b9eb56f0039d8a3654/,eps,2024-03-28T13:38:01.547842Z,2024-03-28T13:38:01.547842,Repository upload/modification; not established public disclosure
report_573bd43586da,report_573bd43586da_660572cd01fc9c035e3167af,variation_paper1.eps,https://osf.io/download/cyzbe/,eps,2024-03-28T13:38:21.197699Z,2024-03-28T13:38:21.197699,Repository upload/modification; not established public disclosure
report_573bd43586da,report_573bd43586da_660572c158fa4902b9e4ed7a,AER_robustness1_appendix.tex,https://osf.io/download/660572c158fa4902b9e4ed7a/,tex,2024-03-28T13:38:09.210680Z,2024-03-28T13:38:09.210680,Repository upload/modification; not established public disclosure
report_573bd43586da,report_573bd43586da_660572ca58fa4902bde4eebc,Rel_tz_median.eps,https://osf.io/download/660572ca58fa4902bde4eebc/,eps,2024-03-28T13:38:18.586094Z,2024-03-28T13:38:18.586094,Repository upload/modification; not established public disclosure
report_573bd43586da,report_573bd43586da_660572b0bfea1d02cf5a3a48,predictions_RESP_result2p.eps,https://osf.io/download/660572b0bfea1d02cf5a3a48/,eps,2024-03-28T13:37:52.195393Z,2024-03-28T13:37:52.195393,Repository upload/modification; not established public disclosure
report_573bd43586da,report_573bd43586da_660572c2bfea1d02ce5a3a21,AER_robustness1.tex,https://osf.io/download/660572c2bfea1d02ce5a3a21/,tex,2024-03-28T13:38:10.065307Z,2024-03-28T13:38:10.065307,Repository upload/modification; not established public disclosure
report_573bd43586da,report_573bd43586da_660572ce58fa4902c7e4eeb5,significance_result.eps,https://osf.io/download/m5hev/,eps,2024-03-28T13:38:22.565533Z,2024-03-28T13:38:22.565533,Repository upload/modification; not established public disclosure
report_573bd43586da,report_573bd43586da_660572a5bfea1d02cf5a3a46,AER_robustness4.tex,https://osf.io/download/660572a5bfea1d02cf5a3a46/,tex,2024-03-28T13:37:41.773243Z,2024-03-28T13:37:41.773243,Repository upload/modification; not established public disclosure
report_573bd43586da,report_573bd43586da_660572a458fa4902bee4f000,AER_robustness4_appendix.tex,https://osf.io/download/660572a458fa4902bee4f000/,tex,2024-03-28T13:37:40.169765Z,2024-03-28T13:37:40.169765,Repository upload/modification; not established public disclosure
report_573bd43586da,report_573bd43586da_660572b101fc9c036a3168ec,predictions_RESP_result.eps,https://osf.io/download/660572b101fc9c036a3168ec/,eps,2024-03-28T13:37:53.976607Z,2024-03-28T13:37:53.976607,Repository upload/modification; not established public disclosure
report_590bd2f69efe,report_590bd2f69efe_6a5647ec2902fa68a85b91f8,Reproduction_Initial_Version.pdf,https://osf.io/download/56748/,pdf,2026-07-14T14:30:04.425384Z,2026-07-14T14:30:04.425384,Repository upload/modification; not established public disclosure
report_590bd2f69efe,report_590bd2f69efe_6a5647d618a50a204f7afb77,Reproduction_Final_Version.pdf,https://osf.io/download/6kpqv/,pdf,2026-07-14T14:29:42.289349Z,2026-07-14T14:29:42.289349,Repository upload/modification; not established public disclosure
report_590bd2f69efe,report_590bd2f69efe_6a564826a754311bf75b92b1,Authors_response.pdf,https://osf.io/download/sbjxg/,pdf,2026-07-14T14:31:02.344433Z,2026-07-14T14:31:02.344433,Repository upload/modification; not established public disclosure
report_590bd2f69efe,report_590bd2f69efe_6a56480d1418bb6c8ede6e01,Rep_package_robustness_checks_reproducers.zip,https://osf.io/download/umb2j/,zip,2026-07-14T14:30:37.428792Z,2026-07-14T14:30:37.428792,Repository upload/modification; not established public disclosure
report_5a1b2e97cdc1,report_5a1b2e97cdc1_6a957a4025d0b83ce0ce7a41,Reproduction of Aalen et al. 2024.pdf,https://osf.io/download/6a957a4025d0b83ce0ce7a41/,pdf,2026-08-31T12:57:36.340493Z,2026-08-31T12:57:36.340493,Repository upload/modification; not established public disclosure
report_5bd243a4562a,report_5bd243a4562a_6a8460c9d7263b6355bb647a,Reproduction_report_1.pdf,https://osf.io/download/dc6bm/,pdf,2026-08-18T13:40:25.652301Z,2026-08-18T13:40:25.652301,Repository upload/modification; not established public disclosure
report_5bd243a4562a,report_5bd243a4562a_6a85e61003342798f06c56d1,Reproduction_report_2.pdf,https://osf.io/download/fvkcw/,pdf,2026-08-19T17:21:21.018361Z,2026-08-19T17:21:21.018361,Repository upload/modification; not established public disclosure
report_5bd243a4562a,report_5bd243a4562a_6a845fddacb9c4fe99bb6553,Authors_comments.pdf,https://osf.io/download/5w3kv/,pdf,2026-08-18T13:36:30.059574Z,2026-08-18T13:36:30.059574,Repository upload/modification; not established public disclosure
report_5d24a4102638,report_5d24a4102638_65ef135de5e51c0c79bc570a,"Bubbles, Crashes, and Economic Growth Theory and Evidence.pdf",https://osf.io/download/f53qe/,pdf,2024-03-11T14:21:17.634963Z,2024-03-11T14:21:17.634963,Repository upload/modification; not established public disclosure
report_5d24a4102638,report_5d24a4102638_65c6aada435c450d8fda8037,B16_package.zip,https://osf.io/download/ygzxd/,zip,2024-02-09T22:44:42.108611Z,2024-02-09T22:44:42.108611,Repository upload/modification; not established public disclosure
report_5d73ec1dc3d6,report_5d73ec1dc3d6_66cf17107fd69195db180afd,I4R-DP142.pdf,https://osf.io/download/cnhxb/,pdf,2024-08-28T12:24:48.047856Z,2024-08-28T12:24:48.047856,Repository upload/modification; not established public disclosure
report_5da2179e3559,report_5da2179e3559_6a22cff0d872e4736e878db4,AkhtarSeri_Final_Report.pdf,https://osf.io/download/wh7dx/,pdf,2026-06-05T13:32:32.316941Z,2026-06-05T13:32:32.316941,Repository upload/modification; not established public disclosure
report_5f6c25143883,report_5f6c25143883_6a8f82b5dc7ef345676b1296,Reproduction report.pdf,https://osf.io/download/x2tuy/,pdf,2026-08-27T00:20:05.591471Z,2026-08-27T00:20:05.591471,Repository upload/modification; not established public disclosure
report_5ff8b07dffd7,report_5ff8b07dffd7_66d9c7fde03a3e89401eb2b2,covid_racism_replica2024_updated_2024-08-12.pdf,https://osf.io/download/cz9h7/,pdf,2024-09-05T15:02:21.547014Z,2024-09-05T15:02:21.547014,Repository upload/modification; not established public disclosure
report_60214574faf5,report_60214574faf5_6a79d08f4138766d1b09e3fa,Reproduction Report.pdf,https://osf.io/download/6a79d08f4138766d1b09e3fa/,pdf,2026-08-10T13:22:23.127850Z,2026-08-10T13:22:23.127850,Repository upload/modification; not established public disclosure
report_62881c68084b,report_62881c68084b_672389a476dc977d63a35876,run_stata_consistencycheck_rs.do,https://osf.io/download/c5pr3/,do,2024-10-31T13:44:04.795747Z,2024-10-31T13:44:04.795747,Repository upload/modification; not established public disclosure
report_62881c68084b,report_62881c68084b_670021287857499b15fca8f2,Strategic complexity and the value of thinking.pdf,https://osf.io/download/wtuc4/,pdf,2024-10-04T17:08:56.394814Z,2024-10-04T17:08:56.394814,Repository upload/modification; not established public disclosure
report_637ea4721309,report_637ea4721309_6a79e00095fc2c5fe709e5aa,Reproduction Report.pdf,https://osf.io/download/yaqgk/,pdf,2026-08-10T14:28:16.755879Z,2026-08-10T14:28:16.755879,Repository upload/modification; not established public disclosure
report_6385b2ec544a,report_6385b2ec544a_6a7b417a4b55c7ef9612d488,Manuscript_Rep-NHB_28122024.pdf,https://osf.io/download/6a7b417a4b55c7ef9612d488/,pdf,2026-08-11T15:36:26.962670Z,2026-08-11T15:36:26.962670,Repository upload/modification; not established public disclosure
report_6394b080d758,report_6394b080d758_66fd8c30a3032b788732dcb8,Full report.pdf,https://osf.io/download/3h4qn/,pdf,2024-10-02T18:08:48.467231Z,2024-10-02T18:08:48.467231,Repository upload/modification; not established public disclosure
report_63a489b4867a,report_63a489b4867a_66df18ede9b804723477ac10,Reproduction report.pdf,https://osf.io/download/zwta4/,pdf,2024-09-09T15:49:01.466678Z,2024-09-09T15:49:01.466678,Repository upload/modification; not established public disclosure
report_63b95e0a73bf,report_63b95e0a73bf_64abca59cdab33021cde4c3b,reply_themorningafter (2).pdf,https://osf.io/download/9dsep/,pdf,2023-07-10T09:07:37.598891Z,2023-07-10T09:07:37.598891,Repository upload/modification; not established public disclosure
report_63c3f58d6b55,report_63c3f58d6b55_66aa30a4a43a1b77a49b4807,Appendix Report.docx,https://osf.io/download/dk3ex/,docx,2024-07-31T12:40:04.189690Z,2024-07-31T12:40:04.189690,Repository upload/modification; not established public disclosure
report_63c3f58d6b55,report_63c3f58d6b55_66aa2da6dff726208c9b3c76,Final Report_Detecting Mother-Father Differences in Spending on Children A New Approach Using Willingness-to-Pay Elicitation_v2-1-20-1.pdf,https://osf.io/download/zr63s/,pdf,2024-07-31T12:27:18.635325Z,2024-07-31T12:27:18.635325,Repository upload/modification; not established public disclosure
report_64d2bdaadf68,report_64d2bdaadf68_65ef11d1719c060c4ed49bda,Replication Report.pdf,https://osf.io/download/baq54/,pdf,2024-03-11T14:14:41.330249Z,2024-03-11T14:14:41.330249,Repository upload/modification; not established public disclosure
report_64d2bdaadf68,report_64d2bdaadf68_66264f3d20a88e1b2636f096,Authors' response.pdf,https://osf.io/download/5g32q/,pdf,2024-04-22T11:51:25.949717Z,2024-04-22T11:51:25.949717,Repository upload/modification; not established public disclosure
report_64d6a849fe81,report_64d6a849fe81_6a8dab91bef1626ff08e0770,Reproduction Report.PDF,https://osf.io/download/6a8dab91bef1626ff08e0770/,pdf,2026-08-25T14:49:53.797359Z,2026-08-25T14:49:53.797359,Repository upload/modification; not established public disclosure
report_652ceb482bdd,report_652ceb482bdd_6a22d29ad872e4736e878f9c,Code_robustness_checks_Extended Mind in Young Children.zip,https://osf.io/download/56kqh/,zip,2026-06-05T13:43:54.792367Z,2026-06-05T13:43:54.792367,Repository upload/modification; not established public disclosure
report_652ceb482bdd,report_652ceb482bdd_6a22d2908565b14bd2878bcc,report_games.pdf,https://osf.io/download/k6xce/,pdf,2026-06-05T13:43:44.139521Z,2026-06-05T13:43:44.139521,Repository upload/modification; not established public disclosure
report_65803781fe9e,report_65803781fe9e_6a8db5b412b3c3abcf8e08ef,Report_Ohara_Hepplewhite_Just_in_Time.pdf,https://osf.io/download/6a8db5b412b3c3abcf8e08ef/,pdf,2026-08-25T15:33:08.380981Z,2026-08-25T15:33:08.380981,Repository upload/modification; not established public disclosure
report_65803781fe9e,report_65803781fe9e_6a8db5c096c325bea9e3a296,Authors_Estimates_APSR.txt,https://osf.io/download/6a8db5c096c325bea9e3a296/,txt,2026-08-25T15:33:20.874707Z,2026-08-25T15:33:20.874707,Repository upload/modification; not established public disclosure
report_65803781fe9e,report_65803781fe9e_6a8db5ba71c2211a40a731ed,Report_Response_APSR.pdf,https://osf.io/download/6a8db5ba71c2211a40a731ed/,pdf,2026-08-25T15:33:14.951005Z,2026-08-25T15:33:14.951005,Repository upload/modification; not established public disclosure
report_67910b9c42e5,report_67910b9c42e5_6a7b559093503d30cc692c86,Replication Report NHB_Chau-Delgado_Ellis_Jain_Myers.pdf,https://osf.io/download/4jnzf/,pdf,2026-08-11T17:02:08.568021Z,2026-08-11T17:02:08.568021,Repository upload/modification; not established public disclosure
report_68458202da63,report_68458202da63_65ca25b89b32ca106f97eec7,szakony_AJPS_2021_rep-main.zip,https://osf.io/download/r2vcd/,zip,2024-02-12T14:05:44.971757Z,2024-02-12T14:05:44.971757,Repository upload/modification; not established public disclosure
report_68458202da63,report_68458202da63_6579d7fa52cc213b0b1bba7a,report-4.pdf,https://osf.io/download/wdg6a/,pdf,2023-12-13T16:12:42.767719Z,2023-12-13T16:12:42.767719,Repository upload/modification; not established public disclosure
report_68608b5c104f,report_68608b5c104f_6a28147abb1cb321d56d8201,Reproduction report.pdf,https://osf.io/download/6ruqx/,pdf,2026-06-09T13:26:18.830550Z,2026-06-09T13:26:18.830550,Repository upload/modification; not established public disclosure
report_6876536c6342,report_6876536c6342_6a847e51926c4b2051edd88d,Nair2024ReplicationReportPsychScience.pdf,https://osf.io/download/6a847e51926c4b2051edd88d/,pdf,2026-08-18T15:46:25.882121Z,2026-08-18T15:46:25.882121,Repository upload/modification; not established public disclosure
report_68bdcb8c872e,report_68bdcb8c872e_6a9c59156e2ba8e73db18690,"A comment on Liberty, Security v2.pdf",https://osf.io/download/6a9c59156e2ba8e73db18690/,pdf,2026-09-05T18:01:57.701208Z,2026-09-05T18:01:57.701208,Repository upload/modification; not established public disclosure
report_6a279044dcee,report_6a279044dcee_6a905a54879a4dae5d374abc,DMMY Report.pdf,https://osf.io/download/6a905a54879a4dae5d374abc/,pdf,2026-08-27T15:40:04.345773Z,2026-08-27T15:40:04.345773,Repository upload/modification; not established public disclosure
report_6cd014ce1d90,report_6cd014ce1d90_6a903acdda46d6a5e5e39f96,Replication report.pdf,https://osf.io/download/6a903acdda46d6a5e5e39f96/,pdf,2026-08-27T13:25:33.474356Z,2026-08-27T13:25:33.474356,Repository upload/modification; not established public disclosure
report_6cd014ce1d90,report_6cd014ce1d90_6a903ac706d9c8aa4fe3a1df,Reproduction Report.pdf,https://osf.io/download/6a903ac706d9c8aa4fe3a1df/,pdf,2026-08-27T13:25:27.965318Z,2026-08-27T13:25:27.965318,Repository upload/modification; not established public disclosure
report_6d87c7bf3502,report_6d87c7bf3502_6a216eefee84266e775b8113,Revised Report.pdf,https://osf.io/download/6a216eefee84266e775b8113/,pdf,2026-06-04T12:26:23.241224Z,2026-06-04T12:26:23.241224,Repository upload/modification; not established public disclosure
report_6e16fa666cce,report_6e16fa666cce_690b627981f74b240fc181f2,Reproduction report.pdf,https://osf.io/download/7mc3z/,pdf,2025-11-05T14:43:05.399965Z,2025-11-05T14:43:05.399965,Repository upload/modification; not established public disclosure
report_6e16fa666cce,report_6e16fa666cce_690b62256bde5883e69c3834,Final Response to I4R Replication Report of Gubler et al.pdf,https://osf.io/download/vxq3t/,pdf,2025-11-05T14:41:41.573925Z,2025-11-05T14:41:41.573925,Repository upload/modification; not established public disclosure
report_6e760b3ec360,report_6e760b3ec360_6a830af67e7f1a33a3fe8808,Replication_Blom_Bravo.pdf,https://osf.io/download/gtuwr/,pdf,2026-08-17T13:21:58.428278Z,2026-08-17T13:21:58.428278,Repository upload/modification; not established public disclosure
report_6effccc0095a,report_6effccc0095a_698cedf321db805122c72f48,Reproduction report.pdf,https://osf.io/download/p7yr2/,pdf,2026-02-11T21:00:35.183664Z,2026-02-11T21:00:35.183664,Repository upload/modification; not established public disclosure
report_6fee70db84f9,report_6fee70db84f9_669a83ace9fa13095a56a999,BrunWu2024_v3.pdf,https://osf.io/download/7n26u/,pdf,2024-07-19T15:18:04.977329Z,2024-07-19T15:18:04.977329,Repository upload/modification; not established public disclosure
report_70623055b3d8,report_70623055b3d8_66b39c01a126336ee19b3f6f,Replication_report_of_Macchi_2023_Clerc_Gosselin-Pali_Wendling-1.pdf,https://osf.io/download/weg29/,pdf,2024-08-07T16:08:33.922378Z,2024-08-07T16:08:33.922378,Repository upload/modification; not established public disclosure
report_70f54a122931,report_70f54a122931_6a7a05c85dff71fa296f6bb0,Reproduction_report_v2.pdf,https://osf.io/download/6a7a05c85dff71fa296f6bb0/,pdf,2026-08-10T17:09:29.057826Z,2026-08-10T17:09:29.057826,Repository upload/modification; not established public disclosure
report_70f54a122931,report_70f54a122931_6a7a05b85dff71fa296f6bad,New_Response to reanalysis of “Historical redlining is associated with increasing geographical disparities in bird biodiversity sampling in the United States”_20260119.docx.pdf,https://osf.io/download/6a7a05b85dff71fa296f6bad/,pdf,2026-08-10T17:09:12.649758Z,2026-08-10T17:09:12.649758,Repository upload/modification; not established public disclosure
report_70f54a122931,report_70f54a122931_6a7a05bd22d30efcb06f6b4e,Reproduction_report_v1.pdf,https://osf.io/download/6a7a05bd22d30efcb06f6b4e/,pdf,2026-08-10T17:09:17.809489Z,2026-08-10T17:09:17.809489,Repository upload/modification; not established public disclosure
report_71fb132c3ec3,report_71fb132c3ec3_69d90f7a92078de30d78df6a,Reproduction Report for The Motivating Effect of Monetary Over Psychological Incentives is Stronger in WEIRD Cultures - revised AA.docx.pdf,https://osf.io/download/uvf8k/,pdf,2026-04-10T14:55:54.456042Z,2026-04-10T14:55:54.456042,Repository upload/modification; not established public disclosure
report_71fb132c3ec3,report_71fb132c3ec3_69d90fb8252f789e658950af,"Replies to the Comments Allen et al., 2024 (1).pdf",https://osf.io/download/69d90fb8252f789e658950af/,pdf,2026-04-10T14:56:56.581314Z,2026-04-10T14:56:56.581314,Repository upload/modification; not established public disclosure
report_726a9cf5bf0d,report_726a9cf5bf0d_6a91a5188d67f5351f13661e,Reproduction report.pdf,https://osf.io/download/zj3g9/,pdf,2026-08-28T15:11:20.880890Z,2026-08-28T15:11:20.880890,Repository upload/modification; not established public disclosure
report_739bcf3028e9,report_739bcf3028e9_6a280c679445aed5f497fb62,A comment on The Affect Misattribution Procedure Revisited - An Informational Account.pdf,https://osf.io/download/yvxr8/,pdf,2026-06-09T12:51:51.631974Z,2026-06-09T12:51:51.631974,Repository upload/modification; not established public disclosure
report_73f84ad32827,report_73f84ad32827_65f1f9af8520371027880ce4,Fast version-20240313T190729Z-001.zip,https://osf.io/download/w63ue/,zip,2024-03-13T19:08:31.490942Z,2024-03-13T19:08:31.490942,Repository upload/modification; not established public disclosure
report_73f84ad32827,report_73f84ad32827_6598520f2a65608a590bf299,STT_Replication-1.pdf,https://osf.io/download/jwqy8/,pdf,2024-01-05T19:01:36.052815Z,2024-01-05T19:01:36.052815,Repository upload/modification; not established public disclosure
report_73f84ad32827,report_73f84ad32827_65f1f9d04dfd8c100627f81c,ORIGINAL CODE -20240313T190731Z-001.zip,https://osf.io/download/3s9g6/,zip,2024-03-13T19:09:04.776872Z,2024-03-13T19:09:04.776872,Repository upload/modification; not established public disclosure
report_746e7973905e,report_746e7973905e_698cebfd3fa4fc8652e24d14,Network formation and efficiency in linear-quadratic games An experimental study.pdf,https://osf.io/download/7b84z/,pdf,2026-02-11T20:52:13.684765Z,2026-02-11T20:52:13.684765,Repository upload/modification; not established public disclosure
report_74c8331744fa,report_74c8331744fa_6a847474b0297f50edeffe4d,Replication Report_Ryan et al.pdf,https://osf.io/download/h5fep/,pdf,2026-08-18T15:04:20.969016Z,2026-08-18T15:04:20.969016,Repository upload/modification; not established public disclosure
report_75e85cb29cc1,report_75e85cb29cc1_6a7b6258125d14e7d2692b0a,report_final.pdf,https://osf.io/download/g3pbz/,pdf,2026-08-11T17:56:40.699999Z,2026-08-11T17:56:40.699999,Repository upload/modification; not established public disclosure
report_75e85cb29cc1,report_75e85cb29cc1_6a7b6264550f4cce0d6a5aa0,I4R_Response_Feb23.pdf,https://osf.io/download/nvzcs/,pdf,2026-08-11T17:56:52.951348Z,2026-08-11T17:56:52.951348,Repository upload/modification; not established public disclosure
report_76689919aa7b,report_76689919aa7b_6a8356c75ca906a1cebb686b,Dissociable Codes in Motor Working Memory - 27 Jun 2026.pdf,https://osf.io/download/6a8356c75ca906a1cebb686b/,pdf,2026-08-17T18:45:27.892586Z,2026-08-17T18:45:27.892586,Repository upload/modification; not established public disclosure
report_76e1bc253d3c,report_76e1bc253d3c_6807615e4f254e89a1b7d2da,PAP w addendum.pdf,https://osf.io/download/zyqdb/,pdf,2025-04-22T09:29:02.775413Z,2025-04-22T09:29:02.775413,Repository upload/modification; not established public disclosure
report_76e1bc253d3c,report_76e1bc253d3c_689d88ee1a4a962e981f201b,Referee Report Full Data.xlsx,https://osf.io/download/qj3fc/,xlsx,2025-08-14T06:57:50.888388Z,2025-08-14T06:57:50.888388,Repository upload/modification; not established public disclosure
report_76e1bc253d3c,report_76e1bc253d3c_649c947567aff80dfaedfdba,AER Robustness Survey PAP.pdf,https://osf.io/download/t4nfm/,pdf,2023-06-28T20:13:41.708342Z,2023-06-28T20:13:41.708342,Repository upload/modification; not established public disclosure
report_76e1bc253d3c,report_76e1bc253d3c_67408cf48d42fcc5f496c79d,PAP reviewing reports.pdf,https://osf.io/download/tzk2a/,pdf,2024-11-22T13:53:56.861031Z,2024-11-22T13:53:56.861031,Repository upload/modification; not established public disclosure
report_76e1bc253d3c,report_76e1bc253d3c_65aa175399d0100080626a10,AER_Robustness_survey.qsf,https://osf.io/download/bzvru/,qsf,2024-01-19T06:31:47.259855Z,2024-01-19T06:31:47.259855,Repository upload/modification; not established public disclosure
report_76e1bc253d3c,report_76e1bc253d3c_65aa1753ebe5e60092f5e7a1,Qualtrics Survey.pdf,https://osf.io/download/gnrqb/,pdf,2024-01-19T06:31:47.237320Z,2024-01-19T06:31:47.237320,Repository upload/modification; not established public disclosure
report_76e1bc253d3c,report_76e1bc253d3c_688873c853738286562341be,Convex_supply_Response_Institute_for_Replication.pdf,https://osf.io/download/uev65/,pdf,2025-07-29T07:10:00.382149Z,2025-07-29T07:10:00.382149,Repository upload/modification; not established public disclosure
report_76e1bc253d3c,report_76e1bc253d3c_688873cc45ec217577e7cc18,Partisanship and Fiscal Policy in Economic Unions Evidence from US States.pdf,https://osf.io/download/jfv9h/,pdf,2025-07-29T07:10:04.244503Z,2025-07-29T07:10:04.244503,Repository upload/modification; not established public disclosure
report_76e1bc253d3c,report_76e1bc253d3c_688873c9c093c96d1c256d5e,AMV_IfR_Reply.pdf,https://osf.io/download/nb6fp/,pdf,2025-07-29T07:10:01.188977Z,2025-07-29T07:10:01.188977,Repository upload/modification; not established public disclosure
report_76e1bc253d3c,report_76e1bc253d3c_688873fc307d62b882234157,Persuasion through Slanted Language Evidence from the Media Coverage of Immigration[91].pdf,https://osf.io/download/d3n9g/,pdf,2025-07-29T07:10:52.897285Z,2025-07-29T07:10:52.897285,Repository upload/modification; not established public disclosure
report_76e1bc253d3c,report_76e1bc253d3c_688873cbf17815c6db2340e4,Going to a Better School Effects and Behavioral Responses.pdf,https://osf.io/download/t6se8/,pdf,2025-07-29T07:10:03.286182Z,2025-07-29T07:10:03.286182,Repository upload/modification; not established public disclosure
report_76e1bc253d3c,report_76e1bc253d3c_688a56d976f3876855a23ec0,"Interaction, Stereotypes, and Performance Evidence from South Africa.pdf",https://osf.io/download/nwe9u/,pdf,2025-07-30T17:31:05.740447Z,2025-07-30T17:31:05.740447,Repository upload/modification; not established public disclosure
report_76e1bc253d3c,report_76e1bc253d3c_6602ddb3a8fcbc010736e6ca,retail-pharmacies-Mar25.pdf,https://osf.io/download/k7g5p/,pdf,2024-03-26T14:37:39.694296Z,2024-03-26T14:37:39.694296,Repository upload/modification; not established public disclosure
report_76e1bc253d3c,report_76e1bc253d3c_6602ddacc9e09000ebbde57e,going-to-a-better-school-Feb3.pdf,https://osf.io/download/n7r9z/,pdf,2024-03-26T14:37:32.473160Z,2024-03-26T14:37:32.473160,Repository upload/modification; not established public disclosure
report_76e1bc253d3c,report_76e1bc253d3c_688a572fce90943bc92341d3,SelfEnforcingTradeAgreements_Robustness_July26.pdf,https://osf.io/download/e6zvc/,pdf,2025-07-30T17:32:31.069644Z,2025-07-30T17:32:31.069644,Repository upload/modification; not established public disclosure
report_76e1bc253d3c,report_76e1bc253d3c_6602ddacb3a1e300ec7dfa01,Innovation-and-Institutional-Ownership-Mar25.pdf,https://osf.io/download/qz5g6/,pdf,2024-03-26T14:37:32.956311Z,2024-03-26T14:37:32.956311,Repository upload/modification; not established public disclosure
report_76e1bc253d3c,report_76e1bc253d3c_6602ddb4c9e09000ebbde58b,vulnerability-and-clientelism-Feb3.pdf,https://osf.io/download/j64at/,pdf,2024-03-26T14:37:40.095085Z,2024-03-26T14:37:40.095085,Repository upload/modification; not established public disclosure
report_76e1bc253d3c,report_76e1bc253d3c_6602ddabb3a1e300e07df62d,discretionary-tax-changes-FINAL.pdf,https://osf.io/download/4qnf7/,pdf,2024-03-26T14:37:31.363833Z,2024-03-26T14:37:31.363833,Repository upload/modification; not established public disclosure
report_76e1bc253d3c,report_76e1bc253d3c_6602ddb1b3a1e300f97def1a,partisanship-and-fiscal-policy-Mar25.pdf,https://osf.io/download/wekyz/,pdf,2024-03-26T14:37:37.282311Z,2024-03-26T14:37:37.282311,Repository upload/modification; not established public disclosure
report_76e1bc253d3c,report_76e1bc253d3c_6602ddb49dc8ef010089875e,technological-change-Mar25.pdf,https://osf.io/download/hqens/,pdf,2024-03-26T14:37:40.940587Z,2024-03-26T14:37:40.940587,Repository upload/modification; not established public disclosure
report_76e1bc253d3c,report_76e1bc253d3c_6602ddad9dc8ef00f88981bb,interaction-stereotypes-and-performance-Mar25.pdf,https://osf.io/download/guekw/,pdf,2024-03-26T14:37:33.270054Z,2024-03-26T14:37:33.270054,Repository upload/modification; not established public disclosure
report_76e1bc253d3c,report_76e1bc253d3c_6602ddabb3a1e300ec7df9ff,ConvexSupplyCurves_Robustness-Mar25.pdf,https://osf.io/download/hpd8s/,pdf,2024-03-26T14:37:31.333402Z,2024-03-26T14:37:31.333402,Repository upload/modification; not established public disclosure
report_76e1bc253d3c,report_76e1bc253d3c_6602ddafa8fcbc00f236e905,out-of-africa_Feb4.pdf,https://osf.io/download/d4f23/,pdf,2024-03-26T14:37:35.381670Z,2024-03-26T14:37:35.381670,Repository upload/modification; not established public disclosure
report_76e1bc253d3c,report_76e1bc253d3c_6602ddb1d9031c00ef03a99b,religious-festivals-and-development_Mar5.pdf,https://osf.io/download/d3seq/,pdf,2024-03-26T14:37:37.256213Z,2024-03-26T14:37:37.256213,Repository upload/modification; not established public disclosure
report_76e1bc253d3c,report_76e1bc253d3c_6602ddaac9e09000ebbde57c,coercive-contract-enforcement-Mar25.pdf,https://osf.io/download/vg745/,pdf,2024-03-26T14:37:30.165335Z,2024-03-26T14:37:30.165335,Repository upload/modification; not established public disclosure
report_76e1bc253d3c,report_76e1bc253d3c_6602ddaaa8fcbc010736e6b8,commercial-imperialism-Jan24.pdf,https://osf.io/download/w5pve/,pdf,2024-03-26T14:37:30.195188Z,2024-03-26T14:37:30.195188,Repository upload/modification; not established public disclosure
report_76e1bc253d3c,report_76e1bc253d3c_6602ddaec9e09000ebbde584,merchant-towns-Mar25.pdf,https://osf.io/download/tm4xc/,pdf,2024-03-26T14:37:34.475773Z,2024-03-26T14:37:34.475773,Repository upload/modification; not established public disclosure
report_76e1bc253d3c,report_76e1bc253d3c_6602ddb1c9e09000f4bddc78,persuasion-through-slanted-language-Mar.pdf,https://osf.io/download/rw7j9/,pdf,2024-03-26T14:37:37.246703Z,2024-03-26T14:37:37.246703,Repository upload/modification; not established public disclosure
report_76e1bc253d3c,report_76e1bc253d3c_6602ddaeb3a1e300f97def18,language-and-economic-behavior-Mar25.pdf,https://osf.io/download/h246d/,pdf,2024-03-26T14:37:35.047581Z,2024-03-26T14:37:35.047581,Repository upload/modification; not established public disclosure
report_76e1bc253d3c,report_76e1bc253d3c_66057261fe44ca02c02b690d,MasterData15January2024f.dta,https://osf.io/download/pdvrh/,dta,2024-03-28T13:36:33.429866Z,2024-03-28T13:36:33.429866,Repository upload/modification; not established public disclosure
report_76e1bc253d3c,report_76e1bc253d3c_66057255bfea1d02cf5a39db,Stat_indicators_paper.dta,https://osf.io/download/czhsb/,dta,2024-03-28T13:36:21.927021Z,2024-03-28T13:36:21.927021,Repository upload/modification; not established public disclosure
report_76e1bc253d3c,report_76e1bc253d3c_6605725eeb56f0039c8a3683,MasterAnalysis17Mar.do,https://osf.io/download/jczbn/,do,2024-03-28T13:36:30.413608Z,2024-03-28T13:36:30.413608,Repository upload/modification; not established public disclosure
report_76e1bc253d3c,report_76e1bc253d3c_6605725abfea1d02b95a3b8d,Survey_Clean_merged.dta,https://osf.io/download/r7xps/,dta,2024-03-28T13:36:26.676033Z,2024-03-28T13:36:26.676033,Repository upload/modification; not established public disclosure
report_76e1bc253d3c,report_76e1bc253d3c_66057252bfea1d02ca5a3963,README_Robustness_AER.pdf,https://osf.io/download/dthu2/,pdf,2024-03-28T13:36:18.659170Z,2024-03-28T13:36:18.659170,Repository upload/modification; not established public disclosure
report_76e1bc253d3c,report_76e1bc253d3c_6605726358fa4902bde4ee9e,MasterData10March2024.dta,https://osf.io/download/9x3qb/,dta,2024-03-28T13:36:35.138459Z,2024-03-28T13:36:35.138459,Repository upload/modification; not established public disclosure
report_76e1bc253d3c,report_76e1bc253d3c_6605725feb56f003808a3825,MasterData15January2024f2.dta,https://osf.io/download/xvspz/,dta,2024-03-28T13:36:31.897590Z,2024-03-28T13:36:31.897590,Repository upload/modification; not established public disclosure
report_76e1bc253d3c,report_76e1bc253d3c_66057252bfea1d02ce5a399f,Survey Analysis_Mar.do,https://osf.io/download/kfy8p/,do,2024-03-28T13:36:18.598672Z,2024-03-28T13:36:18.598672,Repository upload/modification; not established public disclosure
report_76e1bc253d3c,report_76e1bc253d3c_66057266eb56f0039f8a36df,Survey_responsesf.dta,https://osf.io/download/75gcd/,dta,2024-03-28T13:36:38.385381Z,2024-03-28T13:36:38.385381,Repository upload/modification; not established public disclosure
report_76e1bc253d3c,report_76e1bc253d3c_66057264eb56f0039f8a36dd,Survey_Averages.dta,https://osf.io/download/5wpf4/,dta,2024-03-28T13:36:36.413231Z,2024-03-28T13:36:36.413231,Repository upload/modification; not established public disclosure
report_76e1bc253d3c,report_76e1bc253d3c_66057255fe44ca02bf2b68f9,Stat_indicators_finding.dta,https://osf.io/download/66057255fe44ca02bf2b68f9/,dta,2024-03-28T13:36:21.982030Z,2024-03-28T13:36:21.982030,Repository upload/modification; not established public disclosure
report_76e1bc253d3c,report_76e1bc253d3c_6605725ceb56f003988a3621,Survey_Data.dta,https://osf.io/download/6605725ceb56f003988a3621/,dta,2024-03-28T13:36:28.646365Z,2024-03-28T13:36:28.646365,Repository upload/modification; not established public disclosure
report_76e1bc253d3c,report_76e1bc253d3c_66057259bfea1d02cb5a39a4,Survey_Clean.dta,https://osf.io/download/66057259bfea1d02cb5a39a4/,dta,2024-03-28T13:36:25.465571Z,2024-03-28T13:36:25.465571,Repository upload/modification; not established public disclosure
report_76e1bc253d3c,report_76e1bc253d3c_689cbada9d9b5804761f1ff4,Partisanship_and_Fiscal_Policyf.pdf,https://osf.io/download/awsd7/,pdf,2025-08-13T16:18:34.498248Z,2025-08-13T16:18:34.498248,Repository upload/modification; not established public disclosure
report_76e1bc253d3c,report_76e1bc253d3c_689cbae146c026ea11bc0de4,RetailPharmaciesandOpioids.pdf,https://osf.io/download/5kxwg/,pdf,2025-08-13T16:18:41.836870Z,2025-08-13T16:18:41.836870,Repository upload/modification; not established public disclosure
report_76e1bc253d3c,report_76e1bc253d3c_689cbae42674356d821f21ac,Self_Enforcing_Trade_Agreements.pdf,https://osf.io/download/4zu2w/,pdf,2025-08-13T16:18:44.656393Z,2025-08-13T16:18:44.656393,Repository upload/modification; not established public disclosure
report_76e1bc253d3c,report_76e1bc253d3c_689cbab5dbb82738361f1fc4,ConvexSupplyCurves_Robustness-DCApr26.pdf,https://osf.io/download/ynjxu/,pdf,2025-08-13T16:17:57.499119Z,2025-08-13T16:17:57.499119,Repository upload/modification; not established public disclosure
report_76e1bc253d3c,report_76e1bc253d3c_689cbadffcb29399e83ccf49,ReligiousFestivalsandDevelopment_May21.pdf,https://osf.io/download/argx2/,pdf,2025-08-13T16:18:39.726002Z,2025-08-13T16:18:39.726002,Repository upload/modification; not established public disclosure
report_76e1bc253d3c,report_76e1bc253d3c_689cbad189de62ba26d5a10e,Interaction-Stereotypes-and-Performance.pdf,https://osf.io/download/nsbv2/,pdf,2025-08-13T16:18:25.794542Z,2025-08-13T16:18:25.794542,Repository upload/modification; not established public disclosure
report_76e1bc253d3c,report_76e1bc253d3c_689cbab177543ca1933ccd61,Commercial_Imperialism-April21.pdf,https://osf.io/download/46fk5/,pdf,2025-08-13T16:17:53.304717Z,2025-08-13T16:17:53.304717,Repository upload/modification; not established public disclosure
report_76e1bc253d3c,report_76e1bc253d3c_689cbad75b1a416a873cce1a,Merchant-Towns-May10.pdf,https://osf.io/download/ugjh4/,pdf,2025-08-13T16:18:31.445501Z,2025-08-13T16:18:31.445501,Repository upload/modification; not established public disclosure
report_76e1bc253d3c,report_76e1bc253d3c_689cbae546c026ea11bc0de6,TechnologicalChange_May21.pdf,https://osf.io/download/4qtvr/,pdf,2025-08-13T16:18:45.433634Z,2025-08-13T16:18:45.433634,Repository upload/modification; not established public disclosure
report_76e1bc253d3c,report_76e1bc253d3c_689cbacd33dc6bbf8c13c4a3,GoingtoaBetterSchool.pdf,https://osf.io/download/knupq/,pdf,2025-08-13T16:18:21.342521Z,2025-08-13T16:18:21.342521,Repository upload/modification; not established public disclosure
report_76e1bc253d3c,report_76e1bc253d3c_689cbab877543ca1933ccd65,DiscretionaryTaxChangesUK_JK-DC_5_4_2023.pdf,https://osf.io/download/er9tb/,pdf,2025-08-13T16:18:00.994673Z,2025-08-13T16:18:00.994673,Repository upload/modification; not established public disclosure
report_76e1bc253d3c,report_76e1bc253d3c_689cbad07f0801bdd613c7ba,InnovationAndInstitutionalOwnership_May10.pdf,https://osf.io/download/mhtre/,pdf,2025-08-13T16:18:24.185791Z,2025-08-13T16:18:24.185791,Repository upload/modification; not established public disclosure
report_76e1bc253d3c,report_76e1bc253d3c_689cbadc14edc3b7e0d5a231,OutofAfrica-April11.pdf,https://osf.io/download/f3786/,pdf,2025-08-13T16:18:36.133730Z,2025-08-13T16:18:36.133730,Repository upload/modification; not established public disclosure
report_76e1bc253d3c,report_76e1bc253d3c_689cbae76deea60631bc0a80,Vulnerability and Clientelism.pdf,https://osf.io/download/dw78a/,pdf,2025-08-13T16:18:47.815966Z,2025-08-13T16:18:47.815966,Repository upload/modification; not established public disclosure
report_76e1bc253d3c,report_76e1bc253d3c_689cbab13f91f5a3af3ccee8,CoerciveContractEnforcementApril19.pdf,https://osf.io/download/vmdhx/,pdf,2025-08-13T16:17:53.225411Z,2025-08-13T16:17:53.225411,Repository upload/modification; not established public disclosure
report_76e1bc253d3c,report_76e1bc253d3c_689cbad514edc3b7e0d5a22f,Language-and-Saving-April21.pdf,https://osf.io/download/gc9aq/,pdf,2025-08-13T16:18:29.324393Z,2025-08-13T16:18:29.324393,Repository upload/modification; not established public disclosure
report_76e1bc253d3c,report_76e1bc253d3c_689cbadebbdc58ba53d5a0fb,PersuasionThroughSlantedLanguage.pdf,https://osf.io/download/5jthn/,pdf,2025-08-13T16:18:38.496989Z,2025-08-13T16:18:38.496989,Repository upload/modification; not established public disclosure
report_76e1bc253d3c,report_76e1bc253d3c_660572c4fe44ca02c42b6a54,significance2.eps,https://osf.io/download/660572c4fe44ca02c42b6a54/,eps,2024-03-28T13:38:12.904365Z,2024-03-28T13:38:12.904365,Repository upload/modification; not established public disclosure
report_76e1bc253d3c,report_76e1bc253d3c_6605729d58fa4902c6e4ed50,SummaryFSPresults.tex,https://osf.io/download/6605729d58fa4902c6e4ed50/,tex,2024-03-28T13:37:33.678675Z,2024-03-28T13:37:33.678675,Repository upload/modification; not established public disclosure
report_76e1bc253d3c,report_76e1bc253d3c_660572aaeb56f0039c8a3698,Survey_Clean_merged_final.dta,https://osf.io/download/660572aaeb56f0039c8a3698/,dta,2024-03-28T13:37:46.756790Z,2024-03-28T13:37:46.756790,Repository upload/modification; not established public disclosure
report_76e1bc253d3c,report_76e1bc253d3c_660572abfe44ca02c02b691a,AER_robustness2.tex,https://osf.io/download/660572abfe44ca02c02b691a/,tex,2024-03-28T13:37:47.467389Z,2024-03-28T13:37:47.467389,Repository upload/modification; not established public disclosure
report_76e1bc253d3c,report_76e1bc253d3c_660572d101fc9c0366316809,Tz_distribution_norm_censored2.eps,https://osf.io/download/tdwhe/,eps,2024-03-28T13:38:25.518701Z,2024-03-28T13:38:25.518701,Repository upload/modification; not established public disclosure
report_76e1bc253d3c,report_76e1bc253d3c_660572a0bfea1d02c75a3954,SummaryFSPresults.txt,https://osf.io/download/660572a0bfea1d02c75a3954/,txt,2024-03-28T13:37:36.430157Z,2024-03-28T13:37:36.430157,Repository upload/modification; not established public disclosure
report_76e1bc253d3c,report_76e1bc253d3c_660572bdfe44ca02c42b6a4c,Survey1.eps,https://osf.io/download/660572bdfe44ca02c42b6a4c/,eps,2024-03-28T13:38:05.736186Z,2024-03-28T13:38:05.736186,Repository upload/modification; not established public disclosure
report_76e1bc253d3c,report_76e1bc253d3c_660572c7fe44ca02bf2b6903,significance.eps,https://osf.io/download/660572c7fe44ca02bf2b6903/,eps,2024-03-28T13:38:15.606707Z,2024-03-28T13:38:15.606707,Repository upload/modification; not established public disclosure
report_76e1bc253d3c,report_76e1bc253d3c_660572adfe44ca02c42b6a32,AER_robustness2a.tex,https://osf.io/download/660572adfe44ca02c42b6a32/,tex,2024-03-28T13:37:49.429757Z,2024-03-28T13:37:49.429757,Repository upload/modification; not established public disclosure
report_76e1bc253d3c,report_76e1bc253d3c_660572aebfea1d02ca5a3984,predictions_RESP_result1.eps,https://osf.io/download/660572aebfea1d02ca5a3984/,eps,2024-03-28T13:37:50.231648Z,2024-03-28T13:37:50.231648,Repository upload/modification; not established public disclosure
report_76e1bc253d3c,report_76e1bc253d3c_660572a858fa4902bee4f00a,AER_robustness3a.tex,https://osf.io/download/bzvj7/,tex,2024-03-28T13:37:44.444132Z,2024-03-28T13:37:44.444132,Repository upload/modification; not established public disclosure
report_76e1bc253d3c,report_76e1bc253d3c_660572b9bfea1d02cf5a3a4e,predictions_FSP_resultp2.eps,https://osf.io/download/660572b9bfea1d02cf5a3a4e/,eps,2024-03-28T13:38:01.544325Z,2024-03-28T13:38:01.544325,Repository upload/modification; not established public disclosure
report_76e1bc253d3c,report_76e1bc253d3c_660572a758fa4902c7e4ed80,AER_robustness3.tex,https://osf.io/download/660572a758fa4902c7e4ed80/,tex,2024-03-28T13:37:43.387760Z,2024-03-28T13:37:43.387760,Repository upload/modification; not established public disclosure
report_76e1bc253d3c,report_76e1bc253d3c_660572b4bfea1d02cb5a39fa,predictions_FSP_result2a.eps,https://osf.io/download/660572b4bfea1d02cb5a39fa/,eps,2024-03-28T13:37:56.747855Z,2024-03-28T13:37:56.747855,Repository upload/modification; not established public disclosure
report_76e1bc253d3c,report_76e1bc253d3c_660572c801fc9c0366316805,Tz_distribution_norm_censored.eps,https://osf.io/download/660572c801fc9c0366316805/,eps,2024-03-28T13:38:16.696030Z,2024-03-28T13:38:16.696030,Repository upload/modification; not established public disclosure
report_76e1bc253d3c,report_76e1bc253d3c_660572bf58fa4902bee4f018,AER_robustness1a.tex,https://osf.io/download/dn9gw/,tex,2024-03-28T13:38:07.302005Z,2024-03-28T13:38:07.302005,Repository upload/modification; not established public disclosure
report_76e1bc253d3c,report_76e1bc253d3c_660572cffe44ca02bc2b68f2,variation.eps,https://osf.io/download/mdy9r/,eps,2024-03-28T13:38:23.985579Z,2024-03-28T13:38:23.985579,Repository upload/modification; not established public disclosure
report_76e1bc253d3c,report_76e1bc253d3c_660572a2bfea1d02ca5a3981,SquaredRESPError.eps,https://osf.io/download/660572a2bfea1d02ca5a3981/,eps,2024-03-28T13:37:38.272817Z,2024-03-28T13:37:38.272817,Repository upload/modification; not established public disclosure
report_76e1bc253d3c,report_76e1bc253d3c_660572d3eb56f003978a361d,Dfbeta_Tz_distribution_norm_censored.eps,https://osf.io/download/vfzkc/,eps,2024-03-28T13:38:27.716510Z,2024-03-28T13:38:27.716510,Repository upload/modification; not established public disclosure
report_76e1bc253d3c,report_76e1bc253d3c_660572b258fa4902bee4f012,predictions_FSP_result3.eps,https://osf.io/download/660572b258fa4902bee4f012/,eps,2024-03-28T13:37:54.982729Z,2024-03-28T13:37:54.982729,Repository upload/modification; not established public disclosure
report_76e1bc253d3c,report_76e1bc253d3c_660572bc58fa4902c6e4ed6c,predictions_FSP_result2.eps,https://osf.io/download/660572bc58fa4902c6e4ed6c/,eps,2024-03-28T13:38:04.446724Z,2024-03-28T13:38:04.446724,Repository upload/modification; not established public disclosure
report_76e1bc253d3c,report_76e1bc253d3c_660572c401fc9c03633167f2,AppendixTable3.eps,https://osf.io/download/660572c401fc9c03633167f2/,eps,2024-03-28T13:38:13.018855Z,2024-03-28T13:38:13.018855,Repository upload/modification; not established public disclosure
report_76e1bc253d3c,report_76e1bc253d3c_6605729f58fa4902c7e4ed77,Survey_Clean_merged_final1.dta,https://osf.io/download/6605729f58fa4902c7e4ed77/,dta,2024-03-28T13:37:35.388247Z,2024-03-28T13:37:35.388247,Repository upload/modification; not established public disclosure
report_76e1bc253d3c,report_76e1bc253d3c_660572b5fe44ca02c42b6a41,predictions_FSP_result2b.eps,https://osf.io/download/660572b5fe44ca02c42b6a41/,eps,2024-03-28T13:37:57.873861Z,2024-03-28T13:37:57.873861,Repository upload/modification; not established public disclosure
report_76e1bc253d3c,report_76e1bc253d3c_660572b9eb56f0039d8a3654,predictions_FSP_result.eps,https://osf.io/download/660572b9eb56f0039d8a3654/,eps,2024-03-28T13:38:01.547842Z,2024-03-28T13:38:01.547842,Repository upload/modification; not established public disclosure
report_76e1bc253d3c,report_76e1bc253d3c_660572cd01fc9c035e3167af,variation_paper1.eps,https://osf.io/download/cyzbe/,eps,2024-03-28T13:38:21.197699Z,2024-03-28T13:38:21.197699,Repository upload/modification; not established public disclosure
report_76e1bc253d3c,report_76e1bc253d3c_660572c158fa4902b9e4ed7a,AER_robustness1_appendix.tex,https://osf.io/download/660572c158fa4902b9e4ed7a/,tex,2024-03-28T13:38:09.210680Z,2024-03-28T13:38:09.210680,Repository upload/modification; not established public disclosure
report_76e1bc253d3c,report_76e1bc253d3c_660572ca58fa4902bde4eebc,Rel_tz_median.eps,https://osf.io/download/660572ca58fa4902bde4eebc/,eps,2024-03-28T13:38:18.586094Z,2024-03-28T13:38:18.586094,Repository upload/modification; not established public disclosure
report_76e1bc253d3c,report_76e1bc253d3c_660572b0bfea1d02cf5a3a48,predictions_RESP_result2p.eps,https://osf.io/download/660572b0bfea1d02cf5a3a48/,eps,2024-03-28T13:37:52.195393Z,2024-03-28T13:37:52.195393,Repository upload/modification; not established public disclosure
report_76e1bc253d3c,report_76e1bc253d3c_660572c2bfea1d02ce5a3a21,AER_robustness1.tex,https://osf.io/download/660572c2bfea1d02ce5a3a21/,tex,2024-03-28T13:38:10.065307Z,2024-03-28T13:38:10.065307,Repository upload/modification; not established public disclosure
report_76e1bc253d3c,report_76e1bc253d3c_660572ce58fa4902c7e4eeb5,significance_result.eps,https://osf.io/download/m5hev/,eps,2024-03-28T13:38:22.565533Z,2024-03-28T13:38:22.565533,Repository upload/modification; not established public disclosure
report_76e1bc253d3c,report_76e1bc253d3c_660572a5bfea1d02cf5a3a46,AER_robustness4.tex,https://osf.io/download/660572a5bfea1d02cf5a3a46/,tex,2024-03-28T13:37:41.773243Z,2024-03-28T13:37:41.773243,Repository upload/modification; not established public disclosure
report_76e1bc253d3c,report_76e1bc253d3c_660572a458fa4902bee4f000,AER_robustness4_appendix.tex,https://osf.io/download/660572a458fa4902bee4f000/,tex,2024-03-28T13:37:40.169765Z,2024-03-28T13:37:40.169765,Repository upload/modification; not established public disclosure
report_76e1bc253d3c,report_76e1bc253d3c_660572b101fc9c036a3168ec,predictions_RESP_result.eps,https://osf.io/download/660572b101fc9c036a3168ec/,eps,2024-03-28T13:37:53.976607Z,2024-03-28T13:37:53.976607,Repository upload/modification; not established public disclosure
report_76f614c90463,report_76f614c90463_6a7b6145550f4cce0d6a5a88,Replication_Response_final.pdf,https://osf.io/download/2k9vq/,pdf,2026-08-11T17:52:05.940577Z,2026-08-11T17:52:05.940577,Repository upload/modification; not established public disclosure
report_76f614c90463,report_76f614c90463_6a7b613f5f8444867712d4c7,Report.zip,https://osf.io/download/7jrpn/,zip,2026-08-11T17:51:59.721729Z,2026-08-11T17:51:59.721729,Repository upload/modification; not established public disclosure
report_774d2dde3549,report_774d2dde3549_6a8357b8472a924728edd879,Reproduction_Report_2.pdf,https://osf.io/download/wc2hz/,pdf,2026-08-17T18:49:28.202138Z,2026-08-17T18:49:28.202138,Repository upload/modification; not established public disclosure
report_774d2dde3549,report_774d2dde3549_6a8357c78b82e62117d42342,Reproduction_Report_Data.zip,https://osf.io/download/6a8357c78b82e62117d42342/,zip,2026-08-17T18:49:43.970931Z,2026-08-17T18:49:43.970931,Repository upload/modification; not established public disclosure
report_774d2dde3549,report_774d2dde3549_6944213f127b872418f8e098,Reproduction_Report_1.pdf,https://osf.io/download/prf4t/,pdf,2025-12-18T15:43:59.055990Z,2025-12-18T15:43:59.055990,Repository upload/modification; not established public disclosure
report_780942f101b3,report_780942f101b3_693b0f3d28bcf0b520615c9c,Response to replication report Jul18.pdf,https://osf.io/download/zx986/,pdf,2025-12-11T18:36:46.060718Z,2025-12-11T18:36:46.060718,Repository upload/modification; not established public disclosure
report_780942f101b3,report_780942f101b3_693b0f1dc39e4ce643e792f9,Replication report.pdf,https://osf.io/download/wvs8z/,pdf,2025-12-11T18:36:13.946683Z,2025-12-11T18:36:13.946683,Repository upload/modification; not established public disclosure
report_78a6d365d73e,report_78a6d365d73e_66f2c4f5b80b5fb17aa856a5,authors_response.pdf,https://osf.io/download/3pzts/,pdf,2024-09-24T13:56:06.031702Z,2024-09-24T13:56:06.031702,Repository upload/modification; not established public disclosure
report_78a6d365d73e,report_78a6d365d73e_66f2c4d50c3c1f54d8b3fc8c,replication_report_se_habla_español.pdf,https://osf.io/download/6f3x4/,pdf,2024-09-24T13:55:33.482889Z,2024-09-24T13:55:33.482889,Repository upload/modification; not established public disclosure
report_7941276db142,report_7941276db142_6a835b8a945d20f460edd94a,A Universal Cognitive Bias in Word Order.pdf,https://osf.io/download/dprkh/,pdf,2026-08-17T19:05:46.575450Z,2026-08-17T19:05:46.575450,Repository upload/modification; not established public disclosure
report_7941276db142,report_7941276db142_6a835b91cd4ad1b9ffd41ee6,final_analysis_and_replication 1.ipynb,https://osf.io/download/6a835b91cd4ad1b9ffd41ee6/,ipynb,2026-08-17T19:05:53.189358Z,2026-08-17T19:05:53.189358,Repository upload/modification; not established public disclosure
report_79b3dfcb472d,report_79b3dfcb472d_65f09de48520370e4c8801a6,Replication report_Final2.pdf,https://osf.io/download/7p2gu/,pdf,2024-03-12T18:24:37.067512Z,2024-03-12T18:24:37.067512,Repository upload/modification; not established public disclosure
report_79b3dfcb472d,report_79b3dfcb472d_65bd515335be20066ca50693,ReplicationResponse.pdf,https://osf.io/download/rfv3y/,pdf,2024-02-02T20:32:19.102639Z,2024-02-02T20:32:19.102639,Repository upload/modification; not established public disclosure
report_79b3dfcb472d,report_79b3dfcb472d_65f09e0d8992ec0e5e788620,attrition.do,https://osf.io/download/nv5w4/,do,2024-03-12T18:25:17.164985Z,2024-03-12T18:25:17.164985,Repository upload/modification; not established public disclosure
report_79b3dfcb472d,report_79b3dfcb472d_65f09e178520370e33880965,"Figure 4 ,5,7 revised.do",https://osf.io/download/68fe9/,do,2024-03-12T18:25:27.115937Z,2024-03-12T18:25:27.115937,Repository upload/modification; not established public disclosure
report_79b3dfcb472d,report_79b3dfcb472d_65f09e108992ec0e5f78861b,direct_replication.do,https://osf.io/download/rm6wh/,do,2024-03-12T18:25:20.411121Z,2024-03-12T18:25:20.411121,Repository upload/modification; not established public disclosure
report_7b6e3711f962,report_7b6e3711f962_66b4ca6b44469ddad6933684,Replication_Report_Kaoetal.pdf,https://osf.io/download/undq6/,pdf,2024-08-08T13:38:51.343022Z,2024-08-08T13:38:51.343022,Repository upload/modification; not established public disclosure
report_7bafb5e09f22,report_7bafb5e09f22_6a32e031df340d527ef35ed7,Reproduction_report.pdf,https://osf.io/download/6a32e031df340d527ef35ed7/,pdf,2026-06-17T17:58:09.163329Z,2026-06-17T17:58:09.163329,Repository upload/modification; not established public disclosure
report_7bb8243d4722,report_7bb8243d4722_6a903c060cccf73464e39f61,Reproduction of Movement versus Party - The Electoral Effects of Anti-Far Right Protests in Greece.pdf,https://osf.io/download/6a903c060cccf73464e39f61/,pdf,2026-08-27T13:30:46.541956Z,2026-08-27T13:30:46.541956,Repository upload/modification; not established public disclosure
report_7bdee2c58f72,report_7bdee2c58f72_6a835dc213377a9144bb66fe,Replication Report Wald et al. (2024)_v6.pdf,https://osf.io/download/d78km/,pdf,2026-08-17T19:15:14.347859Z,2026-08-17T19:15:14.347859,Repository upload/modification; not established public disclosure
report_7cb80d382920,report_7cb80d382920_6a98547ccc730adbbf8fcc00,Response to computational reproducibility and robustness report.pdf,https://osf.io/download/6a98547ccc730adbbf8fcc00/,pdf,2026-09-02T16:53:16.062289Z,2026-09-02T16:53:16.062289,Repository upload/modification; not established public disclosure
report_7cb80d382920,report_7cb80d382920_6a985481a1d020921e2a9dc8,Reporoduction of People place larger bets when risky choices provide a postbet....pdf,https://osf.io/download/6a985481a1d020921e2a9dc8/,pdf,2026-09-02T16:53:21.214458Z,2026-09-02T16:53:21.214458,Repository upload/modification; not established public disclosure
report_7d07f92524e7,report_7d07f92524e7_6a7b5e85b01e2743206a598b,UKRN Replication Games 2025 Report - Rotella Zloteanu (1).pdf,https://osf.io/download/6a7b5e85b01e2743206a598b/,pdf,2026-08-11T17:40:21.614788Z,2026-08-11T17:40:21.614788,Repository upload/modification; not established public disclosure
report_7df3ecdd3fbc,report_7df3ecdd3fbc_6a2067bc53e5246172441968,Reproduction_report_on-Rude_and_Shaddy_2024-People_endorse_harsher_policies_in_principle_than_in_practise.pdf,https://osf.io/download/xu7hb/,pdf,2026-06-03T17:43:24.758014Z,2026-06-03T17:43:24.758014,Repository upload/modification; not established public disclosure
report_7e04fdf7bfb2,report_7e04fdf7bfb2_6a8f810961d9e2d139e3a10e,Replication_Games_Acquiescence_Bias.pdf,https://osf.io/download/6a8f810961d9e2d139e3a10e/,pdf,2026-08-27T00:12:57.622888Z,2026-08-27T00:12:57.622888,Repository upload/modification; not established public disclosure
report_80272db5e8c6,report_80272db5e8c6_6a79c9a30a497324e06f6c51,Reproduction Report.pdf,https://osf.io/download/b3fhz/,pdf,2026-08-10T12:52:51.315627Z,2026-08-10T12:52:51.315627,Repository upload/modification; not established public disclosure
report_8081728c8128,report_8081728c8128_66eda9f9eb4b4f67dbe66f6b,replicating-Porter-Wood-2022-2024-09-18.pdf,https://osf.io/download/yh9xw/,pdf,2024-09-20T16:59:37.303474Z,2024-09-20T16:59:37.303474,Repository upload/modification; not established public disclosure
report_81150904aedd,report_81150904aedd_6a832c761da703d58fbb6553,Al-Kire et al_PP_ReanalysisResponse.pdf,https://osf.io/download/6a832c761da703d58fbb6553/,pdf,2026-08-17T15:44:54.205763Z,2026-08-17T15:44:54.205763,Repository upload/modification; not established public disclosure
report_81150904aedd,report_81150904aedd_6a832c7d357e8dd4fceddca4,Replication Report Psych Science Anti Christian revision.pdf,https://osf.io/download/kx45n/,pdf,2026-08-17T15:45:01.720355Z,2026-08-17T15:45:01.720355,Repository upload/modification; not established public disclosure
report_8179797314d5,report_8179797314d5_6a7b3e9e232b0692d6692b5e,V2 Replication Report Human Migration Patterns.pdf,https://osf.io/download/skn5m/,pdf,2026-08-11T15:24:14.870927Z,2026-08-11T15:24:14.870927,Repository upload/modification; not established public disclosure
report_8179797314d5,report_8179797314d5_6a7b3e9a79e02b839d744c70,V1 Replication Report Human Migration Patterns.pdf,https://osf.io/download/n5dtb/,pdf,2026-08-11T15:24:10.268336Z,2026-08-11T15:24:10.268336,Repository upload/modification; not established public disclosure
report_81cf468b169a,report_81cf468b169a_67000303b2b67d631832d907,report_v2.pdf,https://osf.io/download/n5tq3/,pdf,2024-10-04T15:00:19.991918Z,2024-10-04T15:00:19.991918,Repository upload/modification; not established public disclosure
report_839e017284ca,report_839e017284ca_66f2c94641b441f5da9e835c,I4R-DP152.pdf,https://osf.io/download/drwuh/,pdf,2024-09-24T14:14:30.585379Z,2024-09-24T14:14:30.585379,Repository upload/modification; not established public disclosure
report_83fc3494a79a,report_83fc3494a79a_670e73535c88a90028a5e4eb,Reproduction Report (see page 2 for Update 30.09.2024).pdf,https://osf.io/download/pzy29/,pdf,2024-10-15T13:51:15.687665Z,2024-10-15T13:51:15.687665,Repository upload/modification; not established public disclosure
report_83fc3494a79a,report_83fc3494a79a_670e73ca5c88a90028a5e562,Authors' response.pdf,https://osf.io/download/hbpce/,pdf,2024-10-15T13:53:14.999352Z,2024-10-15T13:53:14.999352,Repository upload/modification; not established public disclosure
report_847150e275c5,report_847150e275c5_6a8f18eac9f903ff69e39f81,Ertl-Horn-Kiss_2024_EconomicPreferencesAcrossGenerationsandFamilyClusters_Comment-1.pdf,https://osf.io/download/6a8f18eac9f903ff69e39f81/,pdf,2026-08-26T16:48:42.816588Z,2026-08-26T16:48:42.816588,Repository upload/modification; not established public disclosure
report_84be28b9ecb3,report_84be28b9ecb3_6a9578a4eafd45e199fb8854,Replication Li Camerer.pdf,https://osf.io/download/a6wv4/,pdf,2026-08-31T12:50:44.233123Z,2026-08-31T12:50:44.233123,Repository upload/modification; not established public disclosure
report_850e8ee1d4b8,report_850e8ee1d4b8_6a7f211708af4f886fa59211,report_orticio_2024.pdf,https://osf.io/download/6a7f211708af4f886fa59211/,pdf,2026-08-14T14:07:19.723610Z,2026-08-14T14:07:19.723610,Repository upload/modification; not established public disclosure
report_859116e7eb38,report_859116e7eb38_6807615e4f254e89a1b7d2da,PAP w addendum.pdf,https://osf.io/download/zyqdb/,pdf,2025-04-22T09:29:02.775413Z,2025-04-22T09:29:02.775413,Repository upload/modification; not established public disclosure
report_859116e7eb38,report_859116e7eb38_689d88ee1a4a962e981f201b,Referee Report Full Data.xlsx,https://osf.io/download/qj3fc/,xlsx,2025-08-14T06:57:50.888388Z,2025-08-14T06:57:50.888388,Repository upload/modification; not established public disclosure
report_859116e7eb38,report_859116e7eb38_649c947567aff80dfaedfdba,AER Robustness Survey PAP.pdf,https://osf.io/download/t4nfm/,pdf,2023-06-28T20:13:41.708342Z,2023-06-28T20:13:41.708342,Repository upload/modification; not established public disclosure
report_859116e7eb38,report_859116e7eb38_67408cf48d42fcc5f496c79d,PAP reviewing reports.pdf,https://osf.io/download/tzk2a/,pdf,2024-11-22T13:53:56.861031Z,2024-11-22T13:53:56.861031,Repository upload/modification; not established public disclosure
report_859116e7eb38,report_859116e7eb38_65aa175399d0100080626a10,AER_Robustness_survey.qsf,https://osf.io/download/bzvru/,qsf,2024-01-19T06:31:47.259855Z,2024-01-19T06:31:47.259855,Repository upload/modification; not established public disclosure
report_859116e7eb38,report_859116e7eb38_65aa1753ebe5e60092f5e7a1,Qualtrics Survey.pdf,https://osf.io/download/gnrqb/,pdf,2024-01-19T06:31:47.237320Z,2024-01-19T06:31:47.237320,Repository upload/modification; not established public disclosure
report_859116e7eb38,report_859116e7eb38_688873c853738286562341be,Convex_supply_Response_Institute_for_Replication.pdf,https://osf.io/download/uev65/,pdf,2025-07-29T07:10:00.382149Z,2025-07-29T07:10:00.382149,Repository upload/modification; not established public disclosure
report_859116e7eb38,report_859116e7eb38_688873cc45ec217577e7cc18,Partisanship and Fiscal Policy in Economic Unions Evidence from US States.pdf,https://osf.io/download/jfv9h/,pdf,2025-07-29T07:10:04.244503Z,2025-07-29T07:10:04.244503,Repository upload/modification; not established public disclosure
report_859116e7eb38,report_859116e7eb38_688873c9c093c96d1c256d5e,AMV_IfR_Reply.pdf,https://osf.io/download/nb6fp/,pdf,2025-07-29T07:10:01.188977Z,2025-07-29T07:10:01.188977,Repository upload/modification; not established public disclosure
report_859116e7eb38,report_859116e7eb38_688873fc307d62b882234157,Persuasion through Slanted Language Evidence from the Media Coverage of Immigration[91].pdf,https://osf.io/download/d3n9g/,pdf,2025-07-29T07:10:52.897285Z,2025-07-29T07:10:52.897285,Repository upload/modification; not established public disclosure
report_859116e7eb38,report_859116e7eb38_688873cbf17815c6db2340e4,Going to a Better School Effects and Behavioral Responses.pdf,https://osf.io/download/t6se8/,pdf,2025-07-29T07:10:03.286182Z,2025-07-29T07:10:03.286182,Repository upload/modification; not established public disclosure
report_859116e7eb38,report_859116e7eb38_688a56d976f3876855a23ec0,"Interaction, Stereotypes, and Performance Evidence from South Africa.pdf",https://osf.io/download/nwe9u/,pdf,2025-07-30T17:31:05.740447Z,2025-07-30T17:31:05.740447,Repository upload/modification; not established public disclosure
report_859116e7eb38,report_859116e7eb38_6602ddb3a8fcbc010736e6ca,retail-pharmacies-Mar25.pdf,https://osf.io/download/k7g5p/,pdf,2024-03-26T14:37:39.694296Z,2024-03-26T14:37:39.694296,Repository upload/modification; not established public disclosure
report_859116e7eb38,report_859116e7eb38_6602ddacc9e09000ebbde57e,going-to-a-better-school-Feb3.pdf,https://osf.io/download/n7r9z/,pdf,2024-03-26T14:37:32.473160Z,2024-03-26T14:37:32.473160,Repository upload/modification; not established public disclosure
report_859116e7eb38,report_859116e7eb38_688a572fce90943bc92341d3,SelfEnforcingTradeAgreements_Robustness_July26.pdf,https://osf.io/download/e6zvc/,pdf,2025-07-30T17:32:31.069644Z,2025-07-30T17:32:31.069644,Repository upload/modification; not established public disclosure
report_859116e7eb38,report_859116e7eb38_6602ddacb3a1e300ec7dfa01,Innovation-and-Institutional-Ownership-Mar25.pdf,https://osf.io/download/qz5g6/,pdf,2024-03-26T14:37:32.956311Z,2024-03-26T14:37:32.956311,Repository upload/modification; not established public disclosure
report_859116e7eb38,report_859116e7eb38_6602ddb4c9e09000ebbde58b,vulnerability-and-clientelism-Feb3.pdf,https://osf.io/download/j64at/,pdf,2024-03-26T14:37:40.095085Z,2024-03-26T14:37:40.095085,Repository upload/modification; not established public disclosure
report_859116e7eb38,report_859116e7eb38_6602ddabb3a1e300e07df62d,discretionary-tax-changes-FINAL.pdf,https://osf.io/download/4qnf7/,pdf,2024-03-26T14:37:31.363833Z,2024-03-26T14:37:31.363833,Repository upload/modification; not established public disclosure
report_859116e7eb38,report_859116e7eb38_6602ddb1b3a1e300f97def1a,partisanship-and-fiscal-policy-Mar25.pdf,https://osf.io/download/wekyz/,pdf,2024-03-26T14:37:37.282311Z,2024-03-26T14:37:37.282311,Repository upload/modification; not established public disclosure
report_859116e7eb38,report_859116e7eb38_6602ddb49dc8ef010089875e,technological-change-Mar25.pdf,https://osf.io/download/hqens/,pdf,2024-03-26T14:37:40.940587Z,2024-03-26T14:37:40.940587,Repository upload/modification; not established public disclosure
report_859116e7eb38,report_859116e7eb38_6602ddad9dc8ef00f88981bb,interaction-stereotypes-and-performance-Mar25.pdf,https://osf.io/download/guekw/,pdf,2024-03-26T14:37:33.270054Z,2024-03-26T14:37:33.270054,Repository upload/modification; not established public disclosure
report_859116e7eb38,report_859116e7eb38_6602ddabb3a1e300ec7df9ff,ConvexSupplyCurves_Robustness-Mar25.pdf,https://osf.io/download/hpd8s/,pdf,2024-03-26T14:37:31.333402Z,2024-03-26T14:37:31.333402,Repository upload/modification; not established public disclosure
report_859116e7eb38,report_859116e7eb38_6602ddafa8fcbc00f236e905,out-of-africa_Feb4.pdf,https://osf.io/download/d4f23/,pdf,2024-03-26T14:37:35.381670Z,2024-03-26T14:37:35.381670,Repository upload/modification; not established public disclosure
report_859116e7eb38,report_859116e7eb38_6602ddb1d9031c00ef03a99b,religious-festivals-and-development_Mar5.pdf,https://osf.io/download/d3seq/,pdf,2024-03-26T14:37:37.256213Z,2024-03-26T14:37:37.256213,Repository upload/modification; not established public disclosure
report_859116e7eb38,report_859116e7eb38_6602ddaac9e09000ebbde57c,coercive-contract-enforcement-Mar25.pdf,https://osf.io/download/vg745/,pdf,2024-03-26T14:37:30.165335Z,2024-03-26T14:37:30.165335,Repository upload/modification; not established public disclosure
report_859116e7eb38,report_859116e7eb38_6602ddaaa8fcbc010736e6b8,commercial-imperialism-Jan24.pdf,https://osf.io/download/w5pve/,pdf,2024-03-26T14:37:30.195188Z,2024-03-26T14:37:30.195188,Repository upload/modification; not established public disclosure
report_859116e7eb38,report_859116e7eb38_6602ddaec9e09000ebbde584,merchant-towns-Mar25.pdf,https://osf.io/download/tm4xc/,pdf,2024-03-26T14:37:34.475773Z,2024-03-26T14:37:34.475773,Repository upload/modification; not established public disclosure
report_859116e7eb38,report_859116e7eb38_6602ddb1c9e09000f4bddc78,persuasion-through-slanted-language-Mar.pdf,https://osf.io/download/rw7j9/,pdf,2024-03-26T14:37:37.246703Z,2024-03-26T14:37:37.246703,Repository upload/modification; not established public disclosure
report_859116e7eb38,report_859116e7eb38_6602ddaeb3a1e300f97def18,language-and-economic-behavior-Mar25.pdf,https://osf.io/download/h246d/,pdf,2024-03-26T14:37:35.047581Z,2024-03-26T14:37:35.047581,Repository upload/modification; not established public disclosure
report_859116e7eb38,report_859116e7eb38_66057261fe44ca02c02b690d,MasterData15January2024f.dta,https://osf.io/download/pdvrh/,dta,2024-03-28T13:36:33.429866Z,2024-03-28T13:36:33.429866,Repository upload/modification; not established public disclosure
report_859116e7eb38,report_859116e7eb38_66057255bfea1d02cf5a39db,Stat_indicators_paper.dta,https://osf.io/download/czhsb/,dta,2024-03-28T13:36:21.927021Z,2024-03-28T13:36:21.927021,Repository upload/modification; not established public disclosure
report_859116e7eb38,report_859116e7eb38_6605725eeb56f0039c8a3683,MasterAnalysis17Mar.do,https://osf.io/download/jczbn/,do,2024-03-28T13:36:30.413608Z,2024-03-28T13:36:30.413608,Repository upload/modification; not established public disclosure
report_859116e7eb38,report_859116e7eb38_6605725abfea1d02b95a3b8d,Survey_Clean_merged.dta,https://osf.io/download/r7xps/,dta,2024-03-28T13:36:26.676033Z,2024-03-28T13:36:26.676033,Repository upload/modification; not established public disclosure
report_859116e7eb38,report_859116e7eb38_66057252bfea1d02ca5a3963,README_Robustness_AER.pdf,https://osf.io/download/dthu2/,pdf,2024-03-28T13:36:18.659170Z,2024-03-28T13:36:18.659170,Repository upload/modification; not established public disclosure
report_859116e7eb38,report_859116e7eb38_6605726358fa4902bde4ee9e,MasterData10March2024.dta,https://osf.io/download/9x3qb/,dta,2024-03-28T13:36:35.138459Z,2024-03-28T13:36:35.138459,Repository upload/modification; not established public disclosure
report_859116e7eb38,report_859116e7eb38_6605725feb56f003808a3825,MasterData15January2024f2.dta,https://osf.io/download/xvspz/,dta,2024-03-28T13:36:31.897590Z,2024-03-28T13:36:31.897590,Repository upload/modification; not established public disclosure
report_859116e7eb38,report_859116e7eb38_66057252bfea1d02ce5a399f,Survey Analysis_Mar.do,https://osf.io/download/kfy8p/,do,2024-03-28T13:36:18.598672Z,2024-03-28T13:36:18.598672,Repository upload/modification; not established public disclosure
report_859116e7eb38,report_859116e7eb38_66057266eb56f0039f8a36df,Survey_responsesf.dta,https://osf.io/download/75gcd/,dta,2024-03-28T13:36:38.385381Z,2024-03-28T13:36:38.385381,Repository upload/modification; not established public disclosure
report_859116e7eb38,report_859116e7eb38_66057264eb56f0039f8a36dd,Survey_Averages.dta,https://osf.io/download/5wpf4/,dta,2024-03-28T13:36:36.413231Z,2024-03-28T13:36:36.413231,Repository upload/modification; not established public disclosure
report_859116e7eb38,report_859116e7eb38_66057255fe44ca02bf2b68f9,Stat_indicators_finding.dta,https://osf.io/download/66057255fe44ca02bf2b68f9/,dta,2024-03-28T13:36:21.982030Z,2024-03-28T13:36:21.982030,Repository upload/modification; not established public disclosure
report_859116e7eb38,report_859116e7eb38_6605725ceb56f003988a3621,Survey_Data.dta,https://osf.io/download/6605725ceb56f003988a3621/,dta,2024-03-28T13:36:28.646365Z,2024-03-28T13:36:28.646365,Repository upload/modification; not established public disclosure
report_859116e7eb38,report_859116e7eb38_66057259bfea1d02cb5a39a4,Survey_Clean.dta,https://osf.io/download/66057259bfea1d02cb5a39a4/,dta,2024-03-28T13:36:25.465571Z,2024-03-28T13:36:25.465571,Repository upload/modification; not established public disclosure
report_859116e7eb38,report_859116e7eb38_689cbada9d9b5804761f1ff4,Partisanship_and_Fiscal_Policyf.pdf,https://osf.io/download/awsd7/,pdf,2025-08-13T16:18:34.498248Z,2025-08-13T16:18:34.498248,Repository upload/modification; not established public disclosure
report_859116e7eb38,report_859116e7eb38_689cbae146c026ea11bc0de4,RetailPharmaciesandOpioids.pdf,https://osf.io/download/5kxwg/,pdf,2025-08-13T16:18:41.836870Z,2025-08-13T16:18:41.836870,Repository upload/modification; not established public disclosure
report_859116e7eb38,report_859116e7eb38_689cbae42674356d821f21ac,Self_Enforcing_Trade_Agreements.pdf,https://osf.io/download/4zu2w/,pdf,2025-08-13T16:18:44.656393Z,2025-08-13T16:18:44.656393,Repository upload/modification; not established public disclosure
report_859116e7eb38,report_859116e7eb38_689cbab5dbb82738361f1fc4,ConvexSupplyCurves_Robustness-DCApr26.pdf,https://osf.io/download/ynjxu/,pdf,2025-08-13T16:17:57.499119Z,2025-08-13T16:17:57.499119,Repository upload/modification; not established public disclosure
report_859116e7eb38,report_859116e7eb38_689cbadffcb29399e83ccf49,ReligiousFestivalsandDevelopment_May21.pdf,https://osf.io/download/argx2/,pdf,2025-08-13T16:18:39.726002Z,2025-08-13T16:18:39.726002,Repository upload/modification; not established public disclosure
report_859116e7eb38,report_859116e7eb38_689cbad189de62ba26d5a10e,Interaction-Stereotypes-and-Performance.pdf,https://osf.io/download/nsbv2/,pdf,2025-08-13T16:18:25.794542Z,2025-08-13T16:18:25.794542,Repository upload/modification; not established public disclosure
report_859116e7eb38,report_859116e7eb38_689cbab177543ca1933ccd61,Commercial_Imperialism-April21.pdf,https://osf.io/download/46fk5/,pdf,2025-08-13T16:17:53.304717Z,2025-08-13T16:17:53.304717,Repository upload/modification; not established public disclosure
report_859116e7eb38,report_859116e7eb38_689cbad75b1a416a873cce1a,Merchant-Towns-May10.pdf,https://osf.io/download/ugjh4/,pdf,2025-08-13T16:18:31.445501Z,2025-08-13T16:18:31.445501,Repository upload/modification; not established public disclosure
report_859116e7eb38,report_859116e7eb38_689cbae546c026ea11bc0de6,TechnologicalChange_May21.pdf,https://osf.io/download/4qtvr/,pdf,2025-08-13T16:18:45.433634Z,2025-08-13T16:18:45.433634,Repository upload/modification; not established public disclosure
report_859116e7eb38,report_859116e7eb38_689cbacd33dc6bbf8c13c4a3,GoingtoaBetterSchool.pdf,https://osf.io/download/knupq/,pdf,2025-08-13T16:18:21.342521Z,2025-08-13T16:18:21.342521,Repository upload/modification; not established public disclosure
report_859116e7eb38,report_859116e7eb38_689cbab877543ca1933ccd65,DiscretionaryTaxChangesUK_JK-DC_5_4_2023.pdf,https://osf.io/download/er9tb/,pdf,2025-08-13T16:18:00.994673Z,2025-08-13T16:18:00.994673,Repository upload/modification; not established public disclosure
report_859116e7eb38,report_859116e7eb38_689cbad07f0801bdd613c7ba,InnovationAndInstitutionalOwnership_May10.pdf,https://osf.io/download/mhtre/,pdf,2025-08-13T16:18:24.185791Z,2025-08-13T16:18:24.185791,Repository upload/modification; not established public disclosure
report_859116e7eb38,report_859116e7eb38_689cbadc14edc3b7e0d5a231,OutofAfrica-April11.pdf,https://osf.io/download/f3786/,pdf,2025-08-13T16:18:36.133730Z,2025-08-13T16:18:36.133730,Repository upload/modification; not established public disclosure
report_859116e7eb38,report_859116e7eb38_689cbae76deea60631bc0a80,Vulnerability and Clientelism.pdf,https://osf.io/download/dw78a/,pdf,2025-08-13T16:18:47.815966Z,2025-08-13T16:18:47.815966,Repository upload/modification; not established public disclosure
report_859116e7eb38,report_859116e7eb38_689cbab13f91f5a3af3ccee8,CoerciveContractEnforcementApril19.pdf,https://osf.io/download/vmdhx/,pdf,2025-08-13T16:17:53.225411Z,2025-08-13T16:17:53.225411,Repository upload/modification; not established public disclosure
report_859116e7eb38,report_859116e7eb38_689cbad514edc3b7e0d5a22f,Language-and-Saving-April21.pdf,https://osf.io/download/gc9aq/,pdf,2025-08-13T16:18:29.324393Z,2025-08-13T16:18:29.324393,Repository upload/modification; not established public disclosure
report_859116e7eb38,report_859116e7eb38_689cbadebbdc58ba53d5a0fb,PersuasionThroughSlantedLanguage.pdf,https://osf.io/download/5jthn/,pdf,2025-08-13T16:18:38.496989Z,2025-08-13T16:18:38.496989,Repository upload/modification; not established public disclosure
report_859116e7eb38,report_859116e7eb38_660572c4fe44ca02c42b6a54,significance2.eps,https://osf.io/download/660572c4fe44ca02c42b6a54/,eps,2024-03-28T13:38:12.904365Z,2024-03-28T13:38:12.904365,Repository upload/modification; not established public disclosure
report_859116e7eb38,report_859116e7eb38_6605729d58fa4902c6e4ed50,SummaryFSPresults.tex,https://osf.io/download/6605729d58fa4902c6e4ed50/,tex,2024-03-28T13:37:33.678675Z,2024-03-28T13:37:33.678675,Repository upload/modification; not established public disclosure
report_859116e7eb38,report_859116e7eb38_660572aaeb56f0039c8a3698,Survey_Clean_merged_final.dta,https://osf.io/download/660572aaeb56f0039c8a3698/,dta,2024-03-28T13:37:46.756790Z,2024-03-28T13:37:46.756790,Repository upload/modification; not established public disclosure
report_859116e7eb38,report_859116e7eb38_660572abfe44ca02c02b691a,AER_robustness2.tex,https://osf.io/download/660572abfe44ca02c02b691a/,tex,2024-03-28T13:37:47.467389Z,2024-03-28T13:37:47.467389,Repository upload/modification; not established public disclosure
report_859116e7eb38,report_859116e7eb38_660572d101fc9c0366316809,Tz_distribution_norm_censored2.eps,https://osf.io/download/tdwhe/,eps,2024-03-28T13:38:25.518701Z,2024-03-28T13:38:25.518701,Repository upload/modification; not established public disclosure
report_859116e7eb38,report_859116e7eb38_660572a0bfea1d02c75a3954,SummaryFSPresults.txt,https://osf.io/download/660572a0bfea1d02c75a3954/,txt,2024-03-28T13:37:36.430157Z,2024-03-28T13:37:36.430157,Repository upload/modification; not established public disclosure
report_859116e7eb38,report_859116e7eb38_660572bdfe44ca02c42b6a4c,Survey1.eps,https://osf.io/download/660572bdfe44ca02c42b6a4c/,eps,2024-03-28T13:38:05.736186Z,2024-03-28T13:38:05.736186,Repository upload/modification; not established public disclosure
report_859116e7eb38,report_859116e7eb38_660572c7fe44ca02bf2b6903,significance.eps,https://osf.io/download/660572c7fe44ca02bf2b6903/,eps,2024-03-28T13:38:15.606707Z,2024-03-28T13:38:15.606707,Repository upload/modification; not established public disclosure
report_859116e7eb38,report_859116e7eb38_660572adfe44ca02c42b6a32,AER_robustness2a.tex,https://osf.io/download/660572adfe44ca02c42b6a32/,tex,2024-03-28T13:37:49.429757Z,2024-03-28T13:37:49.429757,Repository upload/modification; not established public disclosure
report_859116e7eb38,report_859116e7eb38_660572aebfea1d02ca5a3984,predictions_RESP_result1.eps,https://osf.io/download/660572aebfea1d02ca5a3984/,eps,2024-03-28T13:37:50.231648Z,2024-03-28T13:37:50.231648,Repository upload/modification; not established public disclosure
report_859116e7eb38,report_859116e7eb38_660572a858fa4902bee4f00a,AER_robustness3a.tex,https://osf.io/download/bzvj7/,tex,2024-03-28T13:37:44.444132Z,2024-03-28T13:37:44.444132,Repository upload/modification; not established public disclosure
report_859116e7eb38,report_859116e7eb38_660572b9bfea1d02cf5a3a4e,predictions_FSP_resultp2.eps,https://osf.io/download/660572b9bfea1d02cf5a3a4e/,eps,2024-03-28T13:38:01.544325Z,2024-03-28T13:38:01.544325,Repository upload/modification; not established public disclosure
report_859116e7eb38,report_859116e7eb38_660572a758fa4902c7e4ed80,AER_robustness3.tex,https://osf.io/download/660572a758fa4902c7e4ed80/,tex,2024-03-28T13:37:43.387760Z,2024-03-28T13:37:43.387760,Repository upload/modification; not established public disclosure
report_859116e7eb38,report_859116e7eb38_660572b4bfea1d02cb5a39fa,predictions_FSP_result2a.eps,https://osf.io/download/660572b4bfea1d02cb5a39fa/,eps,2024-03-28T13:37:56.747855Z,2024-03-28T13:37:56.747855,Repository upload/modification; not established public disclosure
report_859116e7eb38,report_859116e7eb38_660572c801fc9c0366316805,Tz_distribution_norm_censored.eps,https://osf.io/download/660572c801fc9c0366316805/,eps,2024-03-28T13:38:16.696030Z,2024-03-28T13:38:16.696030,Repository upload/modification; not established public disclosure
report_859116e7eb38,report_859116e7eb38_660572bf58fa4902bee4f018,AER_robustness1a.tex,https://osf.io/download/dn9gw/,tex,2024-03-28T13:38:07.302005Z,2024-03-28T13:38:07.302005,Repository upload/modification; not established public disclosure
report_859116e7eb38,report_859116e7eb38_660572cffe44ca02bc2b68f2,variation.eps,https://osf.io/download/mdy9r/,eps,2024-03-28T13:38:23.985579Z,2024-03-28T13:38:23.985579,Repository upload/modification; not established public disclosure
report_859116e7eb38,report_859116e7eb38_660572a2bfea1d02ca5a3981,SquaredRESPError.eps,https://osf.io/download/660572a2bfea1d02ca5a3981/,eps,2024-03-28T13:37:38.272817Z,2024-03-28T13:37:38.272817,Repository upload/modification; not established public disclosure
report_859116e7eb38,report_859116e7eb38_660572d3eb56f003978a361d,Dfbeta_Tz_distribution_norm_censored.eps,https://osf.io/download/vfzkc/,eps,2024-03-28T13:38:27.716510Z,2024-03-28T13:38:27.716510,Repository upload/modification; not established public disclosure
report_859116e7eb38,report_859116e7eb38_660572b258fa4902bee4f012,predictions_FSP_result3.eps,https://osf.io/download/660572b258fa4902bee4f012/,eps,2024-03-28T13:37:54.982729Z,2024-03-28T13:37:54.982729,Repository upload/modification; not established public disclosure
report_859116e7eb38,report_859116e7eb38_660572bc58fa4902c6e4ed6c,predictions_FSP_result2.eps,https://osf.io/download/660572bc58fa4902c6e4ed6c/,eps,2024-03-28T13:38:04.446724Z,2024-03-28T13:38:04.446724,Repository upload/modification; not established public disclosure
report_859116e7eb38,report_859116e7eb38_660572c401fc9c03633167f2,AppendixTable3.eps,https://osf.io/download/660572c401fc9c03633167f2/,eps,2024-03-28T13:38:13.018855Z,2024-03-28T13:38:13.018855,Repository upload/modification; not established public disclosure
report_859116e7eb38,report_859116e7eb38_6605729f58fa4902c7e4ed77,Survey_Clean_merged_final1.dta,https://osf.io/download/6605729f58fa4902c7e4ed77/,dta,2024-03-28T13:37:35.388247Z,2024-03-28T13:37:35.388247,Repository upload/modification; not established public disclosure
report_859116e7eb38,report_859116e7eb38_660572b5fe44ca02c42b6a41,predictions_FSP_result2b.eps,https://osf.io/download/660572b5fe44ca02c42b6a41/,eps,2024-03-28T13:37:57.873861Z,2024-03-28T13:37:57.873861,Repository upload/modification; not established public disclosure
report_859116e7eb38,report_859116e7eb38_660572b9eb56f0039d8a3654,predictions_FSP_result.eps,https://osf.io/download/660572b9eb56f0039d8a3654/,eps,2024-03-28T13:38:01.547842Z,2024-03-28T13:38:01.547842,Repository upload/modification; not established public disclosure
report_859116e7eb38,report_859116e7eb38_660572cd01fc9c035e3167af,variation_paper1.eps,https://osf.io/download/cyzbe/,eps,2024-03-28T13:38:21.197699Z,2024-03-28T13:38:21.197699,Repository upload/modification; not established public disclosure
report_859116e7eb38,report_859116e7eb38_660572c158fa4902b9e4ed7a,AER_robustness1_appendix.tex,https://osf.io/download/660572c158fa4902b9e4ed7a/,tex,2024-03-28T13:38:09.210680Z,2024-03-28T13:38:09.210680,Repository upload/modification; not established public disclosure
report_859116e7eb38,report_859116e7eb38_660572ca58fa4902bde4eebc,Rel_tz_median.eps,https://osf.io/download/660572ca58fa4902bde4eebc/,eps,2024-03-28T13:38:18.586094Z,2024-03-28T13:38:18.586094,Repository upload/modification; not established public disclosure
report_859116e7eb38,report_859116e7eb38_660572b0bfea1d02cf5a3a48,predictions_RESP_result2p.eps,https://osf.io/download/660572b0bfea1d02cf5a3a48/,eps,2024-03-28T13:37:52.195393Z,2024-03-28T13:37:52.195393,Repository upload/modification; not established public disclosure
report_859116e7eb38,report_859116e7eb38_660572c2bfea1d02ce5a3a21,AER_robustness1.tex,https://osf.io/download/660572c2bfea1d02ce5a3a21/,tex,2024-03-28T13:38:10.065307Z,2024-03-28T13:38:10.065307,Repository upload/modification; not established public disclosure
report_859116e7eb38,report_859116e7eb38_660572ce58fa4902c7e4eeb5,significance_result.eps,https://osf.io/download/m5hev/,eps,2024-03-28T13:38:22.565533Z,2024-03-28T13:38:22.565533,Repository upload/modification; not established public disclosure
report_859116e7eb38,report_859116e7eb38_660572a5bfea1d02cf5a3a46,AER_robustness4.tex,https://osf.io/download/660572a5bfea1d02cf5a3a46/,tex,2024-03-28T13:37:41.773243Z,2024-03-28T13:37:41.773243,Repository upload/modification; not established public disclosure
report_859116e7eb38,report_859116e7eb38_660572a458fa4902bee4f000,AER_robustness4_appendix.tex,https://osf.io/download/660572a458fa4902bee4f000/,tex,2024-03-28T13:37:40.169765Z,2024-03-28T13:37:40.169765,Repository upload/modification; not established public disclosure
report_859116e7eb38,report_859116e7eb38_660572b101fc9c036a3168ec,predictions_RESP_result.eps,https://osf.io/download/660572b101fc9c036a3168ec/,eps,2024-03-28T13:37:53.976607Z,2024-03-28T13:37:53.976607,Repository upload/modification; not established public disclosure
report_859394d98638,report_859394d98638_6711083c5f4d75fd5b2ebecb,Replication Report.pdf,https://osf.io/download/qptwb/,pdf,2024-10-17T12:51:08.285113Z,2024-10-17T12:51:08.285113,Repository upload/modification; not established public disclosure
report_85d27f187f5e,report_85d27f187f5e_681f89e839fa9d4138eadf53,Replication_Reply.pdf,https://osf.io/download/u2fwj/,pdf,2025-05-10T17:16:25.039987Z,2025-05-10T17:16:25.039987,Repository upload/modification; not established public disclosure
report_85d27f187f5e,report_85d27f187f5e_681f89e238d6b86f1f9c417b,Replication__Müller__2023_v2.pdf,https://osf.io/download/qt8zr/,pdf,2025-05-10T17:16:18.190874Z,2025-05-10T17:16:18.190874,Repository upload/modification; not established public disclosure
report_876371161281,report_876371161281_65df64fe6d0cb8122f1a94f0,Replication report Who sell during a crash_20231215.pdf,https://osf.io/download/xfqan/,pdf,2024-02-28T16:53:18.231595Z,2024-02-28T16:53:18.231595,Repository upload/modification; not established public disclosure
report_8b644d8dbe22,report_8b644d8dbe22_6a981b1deec8b3592b8fca8c,ZEA25_replication_report.pdf,https://osf.io/download/6a981b1deec8b3592b8fca8c/,pdf,2026-09-02T12:48:30.006270Z,2026-09-02T12:48:30.006270,Repository upload/modification; not established public disclosure
report_8bbbebd983c3,report_8bbbebd983c3_6a8359c1e7fdcb65a0edd9d4,Reproduction-report-Hauenstein-et-al-(2025)-Collins-2026-05-05.pdf,https://osf.io/download/8jqak/,pdf,2026-08-17T18:58:09.143804Z,2026-08-17T18:58:09.143804,Repository upload/modification; not established public disclosure
report_8c6b6db02811,report_8c6b6db02811_6a91af552ecda0b8c21366fa,abmr_replication.pdf,https://osf.io/download/6a91af552ecda0b8c21366fa/,pdf,2026-08-28T15:55:02.010812Z,2026-08-28T15:55:02.010812,Repository upload/modification; not established public disclosure
report_8c8d6dc18f21,report_8c8d6dc18f21_6a956b52348471c636e36f44,Comment on Chin 2023.pdf,https://osf.io/download/t8apu/,pdf,2026-08-31T11:53:54.868613Z,2026-08-31T11:53:54.868613,Repository upload/modification; not established public disclosure
report_8caa5396834e,report_8caa5396834e_6a2064f7e41c670dd0db2649,Hutchings et al. (2024) Psych Science Report(1).pdf,https://osf.io/download/wqxbe/,pdf,2026-06-03T17:31:36.084025Z,2026-06-03T17:31:36.084025,Repository upload/modification; not established public disclosure
report_8d1934da91f2,report_8d1934da91f2_6942bb298a2ee2b0f7a953e9,Reproduction Report SupplementaryMaterial.pdf,https://osf.io/download/yu9jc/,pdf,2025-12-17T14:16:09.443721Z,2025-12-17T14:16:09.443721,Repository upload/modification; not established public disclosure
report_8d1934da91f2,report_8d1934da91f2_6942bbb128a19ead62823b07,Author Response.pdf,https://osf.io/download/64sz3/,pdf,2025-12-17T14:18:25.538079Z,2025-12-17T14:18:25.538079,Repository upload/modification; not established public disclosure
report_8d1934da91f2,report_8d1934da91f2_6942bb2844ea0105e380e072,Reproduction report.pdf,https://osf.io/download/u93pc/,pdf,2025-12-17T14:16:08.137087Z,2025-12-17T14:16:08.137087,Repository upload/modification; not established public disclosure
report_8ebbd6f41128,report_8ebbd6f41128_66d076a559cf310585b02f10,Replication_Eclipses.pdf,https://osf.io/download/by64g/,pdf,2024-08-29T13:24:53.947364Z,2024-08-29T13:24:53.947364,Repository upload/modification; not established public disclosure
report_8fa34877f181,report_8fa34877f181_6a9569b4348471c636e36dde,Report_2.pdf,https://osf.io/download/6a9569b4348471c636e36dde/,pdf,2026-08-31T11:47:00.933121Z,2026-08-31T11:47:00.933121,Repository upload/modification; not established public disclosure
report_8fa34877f181,report_8fa34877f181_6a91a02c95ec7f61fc5a759a,Repor_1_v2.pdf,https://osf.io/download/6a91a02c95ec7f61fc5a759a/,pdf,2026-08-28T14:50:20.927882Z,2026-08-28T14:50:20.927882,Repository upload/modification; not established public disclosure
report_9037987430de,report_9037987430de_68c420212361dadd1603046a,A Comment on Cappelen et al. (2025).pdf,https://osf.io/download/4drvb/,pdf,2025-09-12T13:29:05.286533Z,2025-09-12T13:29:05.286533,Repository upload/modification; not established public disclosure
report_906e8a5c262f,report_906e8a5c262f_6a2068a2e41c670dd0db2902,Reproduction report.pdf,https://osf.io/download/8f3e6/,pdf,2026-06-03T17:47:15.004368Z,2026-06-03T17:47:15.004368,Repository upload/modification; not established public disclosure
report_9077fcd8986c,report_9077fcd8986c_6a20699d8a10ce5c0712f8f4,replication_report (1).pdf,https://osf.io/download/7yhnc/,pdf,2026-06-03T17:51:25.599224Z,2026-06-03T17:51:25.599224,Repository upload/modification; not established public disclosure
report_91787aed0ded,report_91787aed0ded_69a843ea8c37eef0da79790e,FinalReplicationReport.pdf,https://osf.io/download/7crvq/,pdf,2026-03-04T14:38:34.219145Z,2026-03-04T14:38:34.219145,Repository upload/modification; not established public disclosure
report_917ba368c8fa,report_917ba368c8fa_65f44d7c719c061254d4a4ea,WuZhangWang_replication_removetab1.pdf,https://osf.io/download/pwqbg/,pdf,2024-03-15T13:30:36.529284Z,2024-03-15T13:30:36.529284,Repository upload/modification; not established public disclosure
report_921e82936cf9,report_921e82936cf9_6a0db6b65f2414d7dd8ed5c8,Michaud-Leclerc_Munteanu_Vasey_ReplicationBietenbeck2025.pdf,https://osf.io/download/5wndh/,pdf,2026-05-20T13:27:18.102445Z,2026-05-20T13:27:18.102445,Repository upload/modification; not established public disclosure
report_9289040efecc,report_9289040efecc_66f41ef216c76d5c61a85813,ShortReply to Replication Report.pdf,https://osf.io/download/hf82c/,pdf,2024-09-25T14:32:18.613332Z,2024-09-25T14:32:18.613332,Repository upload/modification; not established public disclosure
report_9289040efecc,report_9289040efecc_66f41ea5e46f8c0874a85421,Reproduction report.pdf,https://osf.io/download/uep2y/,pdf,2024-09-25T14:31:01.248383Z,2024-09-25T14:31:01.248383,Repository upload/modification; not established public disclosure
report_93b166dd6c9b,report_93b166dd6c9b_698ce9fe0ebe396bc8dfcb8f,Reproduction Report.pdf,https://osf.io/download/bk3ag/,pdf,2026-02-11T20:43:42.696105Z,2026-02-11T20:43:42.696105,Repository upload/modification; not established public disclosure
report_93b166dd6c9b,report_93b166dd6c9b_698cea243fa4fc8652e24ac1,Response to the Reproducibility Report.pdf,https://osf.io/download/qpe4b/,pdf,2026-02-11T20:44:20.764979Z,2026-02-11T20:44:20.764979,Repository upload/modification; not established public disclosure
report_94a65cd398d5,report_94a65cd398d5_6728cba745a70a58be5d33a2,Response-1.pdf,https://osf.io/download/jtvs9/,pdf,2024-11-04T13:27:03.511020Z,2024-11-04T13:27:03.511020,Repository upload/modification; not established public disclosure
report_94a65cd398d5,report_94a65cd398d5_69f1dc5b4c7fa3f168a7c3e8,Papadopoulos et al. - Replication of Zhang 2023 - Revised V3.pdf,https://osf.io/download/asqhc/,pdf,2026-04-29T10:24:27.788906Z,2026-04-29T10:24:27.788906,Repository upload/modification; not established public disclosure
report_95553d627471,report_95553d627471_6a8dba43e691ebf10aa7310f,Replicate_Games_Report___Cheeseman_and_Peiffer (2).pdf,https://osf.io/download/veay8/,pdf,2026-08-25T15:52:35.287686Z,2026-08-25T15:52:35.287686,Repository upload/modification; not established public disclosure
report_9578ed0cf863,report_9578ed0cf863_6a32e2d92d5b41ea0694509c,Replication_report.pdf,https://osf.io/download/n7mpw/,pdf,2026-06-17T18:09:29.676838Z,2026-06-17T18:09:29.676838,Repository upload/modification; not established public disclosure
report_968dc0f486c5,report_968dc0f486c5_6a83037a1926ed8280bb6617,2024_UKRN_ReplicationGames_Blume2024.pdf,https://osf.io/download/6a83037a1926ed8280bb6617/,pdf,2026-08-17T12:50:02.381225Z,2026-08-17T12:50:02.381225,Repository upload/modification; not established public disclosure
report_96da3b4e0058,report_96da3b4e0058_6a7b56cbbaffc06ce66a5a46,UKRN_NHB_Maljesi_et_al_replication.zip,https://osf.io/download/6a7b56cbbaffc06ce66a5a46/,zip,2026-08-11T17:07:24.010617Z,2026-08-11T17:07:24.010617,Repository upload/modification; not established public disclosure
report_96da3b4e0058,report_96da3b4e0058_6a7b56c2aaee227aa6692a31,NHB_Replication___Public_opinion__racial_bias.pdf,https://osf.io/download/6a7b56c2aaee227aa6692a31/,pdf,2026-08-11T17:07:14.106576Z,2026-08-11T17:07:14.106576,Repository upload/modification; not established public disclosure
report_977172a380dd,report_977172a380dd_6a32e1b5dcf1069c1f6dbcd8,Reproduction_report.pdf,https://osf.io/download/47ry5/,pdf,2026-06-17T18:04:37.710550Z,2026-06-17T18:04:37.710550,Repository upload/modification; not established public disclosure
report_97912deea82e,report_97912deea82e_6a8302331926ed8280bb653b,PrintOut of Reproduction Results.pdf,https://osf.io/download/6a8302331926ed8280bb653b/,pdf,2026-08-17T12:44:35.047525Z,2026-08-17T12:44:35.047525,Repository upload/modification; not established public disclosure
report_97912deea82e,report_97912deea82e_6a830223d460d3b6aaacba7c,"002 - A Highly Replicable Decline in Mood During Rest and Simple Tasks Updated on July 18, 2025.pdf",https://osf.io/download/b8ecz/,pdf,2026-08-17T12:44:19.469747Z,2026-08-17T12:44:19.469747,Repository upload/modification; not established public disclosure
report_9bbb1f9e6cb0,report_9bbb1f9e6cb0_6a28122382723c7e6dcdd349,Replication Report Psych Science Damiano 2024.pdf,https://osf.io/download/ke9sd/,pdf,2026-06-09T13:16:19.136017Z,2026-06-09T13:16:19.136017,Repository upload/modification; not established public disclosure
report_9cebe1d78bed,report_9cebe1d78bed_69fc902120823a3c648b9788,Reproduction_Report_1.pdf,https://osf.io/download/nckre/,pdf,2026-05-07T13:14:09.756952Z,2026-05-07T13:14:09.756952,Repository upload/modification; not established public disclosure
report_9cebe1d78bed,report_9cebe1d78bed_6a280a42a8c3c60a506d8389,Reproduction_Report_2.pdf,https://osf.io/download/m657k/,pdf,2026-06-09T12:42:42.502121Z,2026-06-09T12:42:42.502121,Repository upload/modification; not established public disclosure
report_a1c4fa3a5380,report_a1c4fa3a5380_6a216b185fb623fb1a414f14,Reproduction Report.pdf,https://osf.io/download/9ht7y/,pdf,2026-06-04T12:10:00.448707Z,2026-06-04T12:10:00.448707,Repository upload/modification; not established public disclosure
report_a25f2ad859e3,report_a25f2ad859e3_65e1e48f1f018100d6cc8e63,REP_all.do,https://osf.io/download/5vmwh/,do,2024-03-01T14:22:07.670215Z,2024-03-01T14:22:07.670215,Repository upload/modification; not established public disclosure
report_a25f2ad859e3,report_a25f2ad859e3_65984d2403446187bb68f502,Replication of Acemoglu et al. (2022).pdf,https://osf.io/download/pve7m/,pdf,2024-01-05T18:40:36.588496Z,2024-01-05T18:40:36.588496,Repository upload/modification; not established public disclosure
report_a55b58fb15e6,report_a55b58fb15e6_6a0db2516f1e9f17d42c371a,NW_Replication_Sept_Update.pdf,https://osf.io/download/2347e/,pdf,2026-05-20T13:08:33.333440Z,2026-05-20T13:08:33.333440,Repository upload/modification; not established public disclosure
report_a56bb2fe13ac,report_a56bb2fe13ac_6a22cd9b13fc6b17998f9781,Replication Games report.pdf,https://osf.io/download/3vqf5/,pdf,2026-06-05T13:22:35.277994Z,2026-06-05T13:22:35.277994,Repository upload/modification; not established public disclosure
report_a73316183cbc,report_a73316183cbc_65cf6140b018b602fc212e84,Response Original Authors.pdf,https://osf.io/download/97u3e/,pdf,2024-02-16T13:21:05.005745Z,2024-02-16T13:21:05.005745,Repository upload/modification; not established public disclosure
report_a73316183cbc,report_a73316183cbc_65cf60c76d0cb8033a1a9c00,Replication Report Rebel on the canal.pdf,https://osf.io/download/9j6xp/,pdf,2024-02-16T13:19:04.071809Z,2024-02-16T13:19:04.071809,Repository upload/modification; not established public disclosure
report_a73316183cbc,report_a73316183cbc_69c1739463460a85899280ee,replication-games-package-Rebel-Canal-final.zip,https://osf.io/download/fu2zy/,zip,2026-03-23T17:08:36.873706Z,2026-03-23T17:08:36.873706,Repository upload/modification; not established public disclosure
report_aa6015a229e9,report_aa6015a229e9_6a7b3f9e7c69893d2512d30d,Report_Zorowitz2023.pdf,https://osf.io/download/6a7b3f9e7c69893d2512d30d/,pdf,2026-08-11T15:28:30.188244Z,2026-08-11T15:28:30.188244,Repository upload/modification; not established public disclosure
report_acee3855883d,report_acee3855883d_6a832e204004c693bfbb6553,Minneapolis - Woitzel & Alves - Replication Report v2_Response2.pdf,https://osf.io/download/xfz29/,pdf,2026-08-17T15:52:00.743470Z,2026-08-17T15:52:00.743470,Repository upload/modification; not established public disclosure
report_acee3855883d,report_acee3855883d_6a832e31a5203b2f9cd41e99,replication_report_v2_gab_km_jla.pdf,https://osf.io/download/me4f6/,pdf,2026-08-17T15:52:17.233395Z,2026-08-17T15:52:17.233395,Repository upload/modification; not established public disclosure
report_adc462f785ab,report_adc462f785ab_6a8f87257b94858e966b11aa,Replication_Games_2024-2.pdf,https://osf.io/download/6a8f87257b94858e966b11aa/,pdf,2026-08-27T00:39:01.422125Z,2026-08-27T00:39:01.422125,Repository upload/modification; not established public disclosure
report_ae3c337e2262,report_ae3c337e2262_678e4bdbdd8155c88c9001bc,Authors_Response.pdf,https://osf.io/download/sguh9/,pdf,2025-01-20T13:12:59.895247Z,2025-01-20T13:12:59.895247,Repository upload/modification; not established public disclosure
report_aefc27d5ae78,report_aefc27d5ae78_6a90520b0d2105481c92fd81,Replication_Report_Deneault_2013_Anderson_Dang_Morlet.pdf,https://osf.io/download/6a90520b0d2105481c92fd81/,pdf,2026-08-27T15:04:43.483251Z,2026-08-27T15:04:43.483251,Repository upload/modification; not established public disclosure
report_afa0fe28996c,report_afa0fe28996c_6a79cb248bc47cb8d19aec8a,Reproduction Report.pdf,https://osf.io/download/6vuey/,pdf,2026-08-10T12:59:16.434952Z,2026-08-10T12:59:16.434952,Repository upload/modification; not established public disclosure
report_b056c7640453,report_b056c7640453_6a79cfc33076b2f6199ae6d8,Reproduction Report.pdf,https://osf.io/download/u3hz6/,pdf,2026-08-10T13:18:59.583315Z,2026-08-10T13:18:59.583315,Repository upload/modification; not established public disclosure
report_b1242bc10d93,report_b1242bc10d93_68430d819f7af39a3653931b,Reproduction Report.pdf,https://osf.io/download/hnkz4/,pdf,2025-06-06T15:47:13.693500Z,2025-06-06T15:47:13.693500,Repository upload/modification; not established public disclosure
report_b26a6524eda1,report_b26a6524eda1_66b39a66e683049ff7933023,second_replication_220724.pdf,https://osf.io/download/3exvf/,pdf,2024-08-07T16:01:42.107211Z,2024-08-07T16:01:42.107211,Repository upload/modification; not established public disclosure
report_b377cb06e96d,report_b377cb06e96d_6a216da6ee84266e775b7ff9,Joris Frese PsychSci Reproduction.pdf,https://osf.io/download/r4dkz/,pdf,2026-06-04T12:20:54.231210Z,2026-06-04T12:20:54.231210,Repository upload/modification; not established public disclosure
report_b38dbf8f76d0,report_b38dbf8f76d0_6807615e4f254e89a1b7d2da,PAP w addendum.pdf,https://osf.io/download/zyqdb/,pdf,2025-04-22T09:29:02.775413Z,2025-04-22T09:29:02.775413,Repository upload/modification; not established public disclosure
report_b38dbf8f76d0,report_b38dbf8f76d0_689d88ee1a4a962e981f201b,Referee Report Full Data.xlsx,https://osf.io/download/qj3fc/,xlsx,2025-08-14T06:57:50.888388Z,2025-08-14T06:57:50.888388,Repository upload/modification; not established public disclosure
report_b38dbf8f76d0,report_b38dbf8f76d0_649c947567aff80dfaedfdba,AER Robustness Survey PAP.pdf,https://osf.io/download/t4nfm/,pdf,2023-06-28T20:13:41.708342Z,2023-06-28T20:13:41.708342,Repository upload/modification; not established public disclosure
report_b38dbf8f76d0,report_b38dbf8f76d0_67408cf48d42fcc5f496c79d,PAP reviewing reports.pdf,https://osf.io/download/tzk2a/,pdf,2024-11-22T13:53:56.861031Z,2024-11-22T13:53:56.861031,Repository upload/modification; not established public disclosure
report_b38dbf8f76d0,report_b38dbf8f76d0_65aa175399d0100080626a10,AER_Robustness_survey.qsf,https://osf.io/download/bzvru/,qsf,2024-01-19T06:31:47.259855Z,2024-01-19T06:31:47.259855,Repository upload/modification; not established public disclosure
report_b38dbf8f76d0,report_b38dbf8f76d0_65aa1753ebe5e60092f5e7a1,Qualtrics Survey.pdf,https://osf.io/download/gnrqb/,pdf,2024-01-19T06:31:47.237320Z,2024-01-19T06:31:47.237320,Repository upload/modification; not established public disclosure
report_b38dbf8f76d0,report_b38dbf8f76d0_688873c853738286562341be,Convex_supply_Response_Institute_for_Replication.pdf,https://osf.io/download/uev65/,pdf,2025-07-29T07:10:00.382149Z,2025-07-29T07:10:00.382149,Repository upload/modification; not established public disclosure
report_b38dbf8f76d0,report_b38dbf8f76d0_688873cc45ec217577e7cc18,Partisanship and Fiscal Policy in Economic Unions Evidence from US States.pdf,https://osf.io/download/jfv9h/,pdf,2025-07-29T07:10:04.244503Z,2025-07-29T07:10:04.244503,Repository upload/modification; not established public disclosure
report_b38dbf8f76d0,report_b38dbf8f76d0_688873c9c093c96d1c256d5e,AMV_IfR_Reply.pdf,https://osf.io/download/nb6fp/,pdf,2025-07-29T07:10:01.188977Z,2025-07-29T07:10:01.188977,Repository upload/modification; not established public disclosure
report_b38dbf8f76d0,report_b38dbf8f76d0_688873fc307d62b882234157,Persuasion through Slanted Language Evidence from the Media Coverage of Immigration[91].pdf,https://osf.io/download/d3n9g/,pdf,2025-07-29T07:10:52.897285Z,2025-07-29T07:10:52.897285,Repository upload/modification; not established public disclosure
report_b38dbf8f76d0,report_b38dbf8f76d0_688873cbf17815c6db2340e4,Going to a Better School Effects and Behavioral Responses.pdf,https://osf.io/download/t6se8/,pdf,2025-07-29T07:10:03.286182Z,2025-07-29T07:10:03.286182,Repository upload/modification; not established public disclosure
report_b38dbf8f76d0,report_b38dbf8f76d0_688a56d976f3876855a23ec0,"Interaction, Stereotypes, and Performance Evidence from South Africa.pdf",https://osf.io/download/nwe9u/,pdf,2025-07-30T17:31:05.740447Z,2025-07-30T17:31:05.740447,Repository upload/modification; not established public disclosure
report_b38dbf8f76d0,report_b38dbf8f76d0_6602ddb3a8fcbc010736e6ca,retail-pharmacies-Mar25.pdf,https://osf.io/download/k7g5p/,pdf,2024-03-26T14:37:39.694296Z,2024-03-26T14:37:39.694296,Repository upload/modification; not established public disclosure
report_b38dbf8f76d0,report_b38dbf8f76d0_6602ddacc9e09000ebbde57e,going-to-a-better-school-Feb3.pdf,https://osf.io/download/n7r9z/,pdf,2024-03-26T14:37:32.473160Z,2024-03-26T14:37:32.473160,Repository upload/modification; not established public disclosure
report_b38dbf8f76d0,report_b38dbf8f76d0_688a572fce90943bc92341d3,SelfEnforcingTradeAgreements_Robustness_July26.pdf,https://osf.io/download/e6zvc/,pdf,2025-07-30T17:32:31.069644Z,2025-07-30T17:32:31.069644,Repository upload/modification; not established public disclosure
report_b38dbf8f76d0,report_b38dbf8f76d0_6602ddacb3a1e300ec7dfa01,Innovation-and-Institutional-Ownership-Mar25.pdf,https://osf.io/download/qz5g6/,pdf,2024-03-26T14:37:32.956311Z,2024-03-26T14:37:32.956311,Repository upload/modification; not established public disclosure
report_b38dbf8f76d0,report_b38dbf8f76d0_6602ddb4c9e09000ebbde58b,vulnerability-and-clientelism-Feb3.pdf,https://osf.io/download/j64at/,pdf,2024-03-26T14:37:40.095085Z,2024-03-26T14:37:40.095085,Repository upload/modification; not established public disclosure
report_b38dbf8f76d0,report_b38dbf8f76d0_6602ddabb3a1e300e07df62d,discretionary-tax-changes-FINAL.pdf,https://osf.io/download/4qnf7/,pdf,2024-03-26T14:37:31.363833Z,2024-03-26T14:37:31.363833,Repository upload/modification; not established public disclosure
report_b38dbf8f76d0,report_b38dbf8f76d0_6602ddb1b3a1e300f97def1a,partisanship-and-fiscal-policy-Mar25.pdf,https://osf.io/download/wekyz/,pdf,2024-03-26T14:37:37.282311Z,2024-03-26T14:37:37.282311,Repository upload/modification; not established public disclosure
report_b38dbf8f76d0,report_b38dbf8f76d0_6602ddb49dc8ef010089875e,technological-change-Mar25.pdf,https://osf.io/download/hqens/,pdf,2024-03-26T14:37:40.940587Z,2024-03-26T14:37:40.940587,Repository upload/modification; not established public disclosure
report_b38dbf8f76d0,report_b38dbf8f76d0_6602ddad9dc8ef00f88981bb,interaction-stereotypes-and-performance-Mar25.pdf,https://osf.io/download/guekw/,pdf,2024-03-26T14:37:33.270054Z,2024-03-26T14:37:33.270054,Repository upload/modification; not established public disclosure
report_b38dbf8f76d0,report_b38dbf8f76d0_6602ddabb3a1e300ec7df9ff,ConvexSupplyCurves_Robustness-Mar25.pdf,https://osf.io/download/hpd8s/,pdf,2024-03-26T14:37:31.333402Z,2024-03-26T14:37:31.333402,Repository upload/modification; not established public disclosure
report_b38dbf8f76d0,report_b38dbf8f76d0_6602ddafa8fcbc00f236e905,out-of-africa_Feb4.pdf,https://osf.io/download/d4f23/,pdf,2024-03-26T14:37:35.381670Z,2024-03-26T14:37:35.381670,Repository upload/modification; not established public disclosure
report_b38dbf8f76d0,report_b38dbf8f76d0_6602ddb1d9031c00ef03a99b,religious-festivals-and-development_Mar5.pdf,https://osf.io/download/d3seq/,pdf,2024-03-26T14:37:37.256213Z,2024-03-26T14:37:37.256213,Repository upload/modification; not established public disclosure
report_b38dbf8f76d0,report_b38dbf8f76d0_6602ddaac9e09000ebbde57c,coercive-contract-enforcement-Mar25.pdf,https://osf.io/download/vg745/,pdf,2024-03-26T14:37:30.165335Z,2024-03-26T14:37:30.165335,Repository upload/modification; not established public disclosure
report_b38dbf8f76d0,report_b38dbf8f76d0_6602ddaaa8fcbc010736e6b8,commercial-imperialism-Jan24.pdf,https://osf.io/download/w5pve/,pdf,2024-03-26T14:37:30.195188Z,2024-03-26T14:37:30.195188,Repository upload/modification; not established public disclosure
report_b38dbf8f76d0,report_b38dbf8f76d0_6602ddaec9e09000ebbde584,merchant-towns-Mar25.pdf,https://osf.io/download/tm4xc/,pdf,2024-03-26T14:37:34.475773Z,2024-03-26T14:37:34.475773,Repository upload/modification; not established public disclosure
report_b38dbf8f76d0,report_b38dbf8f76d0_6602ddb1c9e09000f4bddc78,persuasion-through-slanted-language-Mar.pdf,https://osf.io/download/rw7j9/,pdf,2024-03-26T14:37:37.246703Z,2024-03-26T14:37:37.246703,Repository upload/modification; not established public disclosure
report_b38dbf8f76d0,report_b38dbf8f76d0_6602ddaeb3a1e300f97def18,language-and-economic-behavior-Mar25.pdf,https://osf.io/download/h246d/,pdf,2024-03-26T14:37:35.047581Z,2024-03-26T14:37:35.047581,Repository upload/modification; not established public disclosure
report_b38dbf8f76d0,report_b38dbf8f76d0_66057261fe44ca02c02b690d,MasterData15January2024f.dta,https://osf.io/download/pdvrh/,dta,2024-03-28T13:36:33.429866Z,2024-03-28T13:36:33.429866,Repository upload/modification; not established public disclosure
report_b38dbf8f76d0,report_b38dbf8f76d0_66057255bfea1d02cf5a39db,Stat_indicators_paper.dta,https://osf.io/download/czhsb/,dta,2024-03-28T13:36:21.927021Z,2024-03-28T13:36:21.927021,Repository upload/modification; not established public disclosure
report_b38dbf8f76d0,report_b38dbf8f76d0_6605725eeb56f0039c8a3683,MasterAnalysis17Mar.do,https://osf.io/download/jczbn/,do,2024-03-28T13:36:30.413608Z,2024-03-28T13:36:30.413608,Repository upload/modification; not established public disclosure
report_b38dbf8f76d0,report_b38dbf8f76d0_6605725abfea1d02b95a3b8d,Survey_Clean_merged.dta,https://osf.io/download/r7xps/,dta,2024-03-28T13:36:26.676033Z,2024-03-28T13:36:26.676033,Repository upload/modification; not established public disclosure
report_b38dbf8f76d0,report_b38dbf8f76d0_66057252bfea1d02ca5a3963,README_Robustness_AER.pdf,https://osf.io/download/dthu2/,pdf,2024-03-28T13:36:18.659170Z,2024-03-28T13:36:18.659170,Repository upload/modification; not established public disclosure
report_b38dbf8f76d0,report_b38dbf8f76d0_6605726358fa4902bde4ee9e,MasterData10March2024.dta,https://osf.io/download/9x3qb/,dta,2024-03-28T13:36:35.138459Z,2024-03-28T13:36:35.138459,Repository upload/modification; not established public disclosure
report_b38dbf8f76d0,report_b38dbf8f76d0_6605725feb56f003808a3825,MasterData15January2024f2.dta,https://osf.io/download/xvspz/,dta,2024-03-28T13:36:31.897590Z,2024-03-28T13:36:31.897590,Repository upload/modification; not established public disclosure
report_b38dbf8f76d0,report_b38dbf8f76d0_66057252bfea1d02ce5a399f,Survey Analysis_Mar.do,https://osf.io/download/kfy8p/,do,2024-03-28T13:36:18.598672Z,2024-03-28T13:36:18.598672,Repository upload/modification; not established public disclosure
report_b38dbf8f76d0,report_b38dbf8f76d0_66057266eb56f0039f8a36df,Survey_responsesf.dta,https://osf.io/download/75gcd/,dta,2024-03-28T13:36:38.385381Z,2024-03-28T13:36:38.385381,Repository upload/modification; not established public disclosure
report_b38dbf8f76d0,report_b38dbf8f76d0_66057264eb56f0039f8a36dd,Survey_Averages.dta,https://osf.io/download/5wpf4/,dta,2024-03-28T13:36:36.413231Z,2024-03-28T13:36:36.413231,Repository upload/modification; not established public disclosure
report_b38dbf8f76d0,report_b38dbf8f76d0_66057255fe44ca02bf2b68f9,Stat_indicators_finding.dta,https://osf.io/download/66057255fe44ca02bf2b68f9/,dta,2024-03-28T13:36:21.982030Z,2024-03-28T13:36:21.982030,Repository upload/modification; not established public disclosure
report_b38dbf8f76d0,report_b38dbf8f76d0_6605725ceb56f003988a3621,Survey_Data.dta,https://osf.io/download/6605725ceb56f003988a3621/,dta,2024-03-28T13:36:28.646365Z,2024-03-28T13:36:28.646365,Repository upload/modification; not established public disclosure
report_b38dbf8f76d0,report_b38dbf8f76d0_66057259bfea1d02cb5a39a4,Survey_Clean.dta,https://osf.io/download/66057259bfea1d02cb5a39a4/,dta,2024-03-28T13:36:25.465571Z,2024-03-28T13:36:25.465571,Repository upload/modification; not established public disclosure
report_b38dbf8f76d0,report_b38dbf8f76d0_689cbada9d9b5804761f1ff4,Partisanship_and_Fiscal_Policyf.pdf,https://osf.io/download/awsd7/,pdf,2025-08-13T16:18:34.498248Z,2025-08-13T16:18:34.498248,Repository upload/modification; not established public disclosure
report_b38dbf8f76d0,report_b38dbf8f76d0_689cbae146c026ea11bc0de4,RetailPharmaciesandOpioids.pdf,https://osf.io/download/5kxwg/,pdf,2025-08-13T16:18:41.836870Z,2025-08-13T16:18:41.836870,Repository upload/modification; not established public disclosure
report_b38dbf8f76d0,report_b38dbf8f76d0_689cbae42674356d821f21ac,Self_Enforcing_Trade_Agreements.pdf,https://osf.io/download/4zu2w/,pdf,2025-08-13T16:18:44.656393Z,2025-08-13T16:18:44.656393,Repository upload/modification; not established public disclosure
report_b38dbf8f76d0,report_b38dbf8f76d0_689cbab5dbb82738361f1fc4,ConvexSupplyCurves_Robustness-DCApr26.pdf,https://osf.io/download/ynjxu/,pdf,2025-08-13T16:17:57.499119Z,2025-08-13T16:17:57.499119,Repository upload/modification; not established public disclosure
report_b38dbf8f76d0,report_b38dbf8f76d0_689cbadffcb29399e83ccf49,ReligiousFestivalsandDevelopment_May21.pdf,https://osf.io/download/argx2/,pdf,2025-08-13T16:18:39.726002Z,2025-08-13T16:18:39.726002,Repository upload/modification; not established public disclosure
report_b38dbf8f76d0,report_b38dbf8f76d0_689cbad189de62ba26d5a10e,Interaction-Stereotypes-and-Performance.pdf,https://osf.io/download/nsbv2/,pdf,2025-08-13T16:18:25.794542Z,2025-08-13T16:18:25.794542,Repository upload/modification; not established public disclosure
report_b38dbf8f76d0,report_b38dbf8f76d0_689cbab177543ca1933ccd61,Commercial_Imperialism-April21.pdf,https://osf.io/download/46fk5/,pdf,2025-08-13T16:17:53.304717Z,2025-08-13T16:17:53.304717,Repository upload/modification; not established public disclosure
report_b38dbf8f76d0,report_b38dbf8f76d0_689cbad75b1a416a873cce1a,Merchant-Towns-May10.pdf,https://osf.io/download/ugjh4/,pdf,2025-08-13T16:18:31.445501Z,2025-08-13T16:18:31.445501,Repository upload/modification; not established public disclosure
report_b38dbf8f76d0,report_b38dbf8f76d0_689cbae546c026ea11bc0de6,TechnologicalChange_May21.pdf,https://osf.io/download/4qtvr/,pdf,2025-08-13T16:18:45.433634Z,2025-08-13T16:18:45.433634,Repository upload/modification; not established public disclosure
report_b38dbf8f76d0,report_b38dbf8f76d0_689cbacd33dc6bbf8c13c4a3,GoingtoaBetterSchool.pdf,https://osf.io/download/knupq/,pdf,2025-08-13T16:18:21.342521Z,2025-08-13T16:18:21.342521,Repository upload/modification; not established public disclosure
report_b38dbf8f76d0,report_b38dbf8f76d0_689cbab877543ca1933ccd65,DiscretionaryTaxChangesUK_JK-DC_5_4_2023.pdf,https://osf.io/download/er9tb/,pdf,2025-08-13T16:18:00.994673Z,2025-08-13T16:18:00.994673,Repository upload/modification; not established public disclosure
report_b38dbf8f76d0,report_b38dbf8f76d0_689cbad07f0801bdd613c7ba,InnovationAndInstitutionalOwnership_May10.pdf,https://osf.io/download/mhtre/,pdf,2025-08-13T16:18:24.185791Z,2025-08-13T16:18:24.185791,Repository upload/modification; not established public disclosure
report_b38dbf8f76d0,report_b38dbf8f76d0_689cbadc14edc3b7e0d5a231,OutofAfrica-April11.pdf,https://osf.io/download/f3786/,pdf,2025-08-13T16:18:36.133730Z,2025-08-13T16:18:36.133730,Repository upload/modification; not established public disclosure
report_b38dbf8f76d0,report_b38dbf8f76d0_689cbae76deea60631bc0a80,Vulnerability and Clientelism.pdf,https://osf.io/download/dw78a/,pdf,2025-08-13T16:18:47.815966Z,2025-08-13T16:18:47.815966,Repository upload/modification; not established public disclosure
report_b38dbf8f76d0,report_b38dbf8f76d0_689cbab13f91f5a3af3ccee8,CoerciveContractEnforcementApril19.pdf,https://osf.io/download/vmdhx/,pdf,2025-08-13T16:17:53.225411Z,2025-08-13T16:17:53.225411,Repository upload/modification; not established public disclosure
report_b38dbf8f76d0,report_b38dbf8f76d0_689cbad514edc3b7e0d5a22f,Language-and-Saving-April21.pdf,https://osf.io/download/gc9aq/,pdf,2025-08-13T16:18:29.324393Z,2025-08-13T16:18:29.324393,Repository upload/modification; not established public disclosure
report_b38dbf8f76d0,report_b38dbf8f76d0_689cbadebbdc58ba53d5a0fb,PersuasionThroughSlantedLanguage.pdf,https://osf.io/download/5jthn/,pdf,2025-08-13T16:18:38.496989Z,2025-08-13T16:18:38.496989,Repository upload/modification; not established public disclosure
report_b38dbf8f76d0,report_b38dbf8f76d0_660572c4fe44ca02c42b6a54,significance2.eps,https://osf.io/download/660572c4fe44ca02c42b6a54/,eps,2024-03-28T13:38:12.904365Z,2024-03-28T13:38:12.904365,Repository upload/modification; not established public disclosure
report_b38dbf8f76d0,report_b38dbf8f76d0_6605729d58fa4902c6e4ed50,SummaryFSPresults.tex,https://osf.io/download/6605729d58fa4902c6e4ed50/,tex,2024-03-28T13:37:33.678675Z,2024-03-28T13:37:33.678675,Repository upload/modification; not established public disclosure
report_b38dbf8f76d0,report_b38dbf8f76d0_660572aaeb56f0039c8a3698,Survey_Clean_merged_final.dta,https://osf.io/download/660572aaeb56f0039c8a3698/,dta,2024-03-28T13:37:46.756790Z,2024-03-28T13:37:46.756790,Repository upload/modification; not established public disclosure
report_b38dbf8f76d0,report_b38dbf8f76d0_660572abfe44ca02c02b691a,AER_robustness2.tex,https://osf.io/download/660572abfe44ca02c02b691a/,tex,2024-03-28T13:37:47.467389Z,2024-03-28T13:37:47.467389,Repository upload/modification; not established public disclosure
report_b38dbf8f76d0,report_b38dbf8f76d0_660572d101fc9c0366316809,Tz_distribution_norm_censored2.eps,https://osf.io/download/tdwhe/,eps,2024-03-28T13:38:25.518701Z,2024-03-28T13:38:25.518701,Repository upload/modification; not established public disclosure
report_b38dbf8f76d0,report_b38dbf8f76d0_660572a0bfea1d02c75a3954,SummaryFSPresults.txt,https://osf.io/download/660572a0bfea1d02c75a3954/,txt,2024-03-28T13:37:36.430157Z,2024-03-28T13:37:36.430157,Repository upload/modification; not established public disclosure
report_b38dbf8f76d0,report_b38dbf8f76d0_660572bdfe44ca02c42b6a4c,Survey1.eps,https://osf.io/download/660572bdfe44ca02c42b6a4c/,eps,2024-03-28T13:38:05.736186Z,2024-03-28T13:38:05.736186,Repository upload/modification; not established public disclosure
report_b38dbf8f76d0,report_b38dbf8f76d0_660572c7fe44ca02bf2b6903,significance.eps,https://osf.io/download/660572c7fe44ca02bf2b6903/,eps,2024-03-28T13:38:15.606707Z,2024-03-28T13:38:15.606707,Repository upload/modification; not established public disclosure
report_b38dbf8f76d0,report_b38dbf8f76d0_660572adfe44ca02c42b6a32,AER_robustness2a.tex,https://osf.io/download/660572adfe44ca02c42b6a32/,tex,2024-03-28T13:37:49.429757Z,2024-03-28T13:37:49.429757,Repository upload/modification; not established public disclosure
report_b38dbf8f76d0,report_b38dbf8f76d0_660572aebfea1d02ca5a3984,predictions_RESP_result1.eps,https://osf.io/download/660572aebfea1d02ca5a3984/,eps,2024-03-28T13:37:50.231648Z,2024-03-28T13:37:50.231648,Repository upload/modification; not established public disclosure
report_b38dbf8f76d0,report_b38dbf8f76d0_660572a858fa4902bee4f00a,AER_robustness3a.tex,https://osf.io/download/bzvj7/,tex,2024-03-28T13:37:44.444132Z,2024-03-28T13:37:44.444132,Repository upload/modification; not established public disclosure
report_b38dbf8f76d0,report_b38dbf8f76d0_660572b9bfea1d02cf5a3a4e,predictions_FSP_resultp2.eps,https://osf.io/download/660572b9bfea1d02cf5a3a4e/,eps,2024-03-28T13:38:01.544325Z,2024-03-28T13:38:01.544325,Repository upload/modification; not established public disclosure
report_b38dbf8f76d0,report_b38dbf8f76d0_660572a758fa4902c7e4ed80,AER_robustness3.tex,https://osf.io/download/660572a758fa4902c7e4ed80/,tex,2024-03-28T13:37:43.387760Z,2024-03-28T13:37:43.387760,Repository upload/modification; not established public disclosure
report_b38dbf8f76d0,report_b38dbf8f76d0_660572b4bfea1d02cb5a39fa,predictions_FSP_result2a.eps,https://osf.io/download/660572b4bfea1d02cb5a39fa/,eps,2024-03-28T13:37:56.747855Z,2024-03-28T13:37:56.747855,Repository upload/modification; not established public disclosure
report_b38dbf8f76d0,report_b38dbf8f76d0_660572c801fc9c0366316805,Tz_distribution_norm_censored.eps,https://osf.io/download/660572c801fc9c0366316805/,eps,2024-03-28T13:38:16.696030Z,2024-03-28T13:38:16.696030,Repository upload/modification; not established public disclosure
report_b38dbf8f76d0,report_b38dbf8f76d0_660572bf58fa4902bee4f018,AER_robustness1a.tex,https://osf.io/download/dn9gw/,tex,2024-03-28T13:38:07.302005Z,2024-03-28T13:38:07.302005,Repository upload/modification; not established public disclosure
report_b38dbf8f76d0,report_b38dbf8f76d0_660572cffe44ca02bc2b68f2,variation.eps,https://osf.io/download/mdy9r/,eps,2024-03-28T13:38:23.985579Z,2024-03-28T13:38:23.985579,Repository upload/modification; not established public disclosure
report_b38dbf8f76d0,report_b38dbf8f76d0_660572a2bfea1d02ca5a3981,SquaredRESPError.eps,https://osf.io/download/660572a2bfea1d02ca5a3981/,eps,2024-03-28T13:37:38.272817Z,2024-03-28T13:37:38.272817,Repository upload/modification; not established public disclosure
report_b38dbf8f76d0,report_b38dbf8f76d0_660572d3eb56f003978a361d,Dfbeta_Tz_distribution_norm_censored.eps,https://osf.io/download/vfzkc/,eps,2024-03-28T13:38:27.716510Z,2024-03-28T13:38:27.716510,Repository upload/modification; not established public disclosure
report_b38dbf8f76d0,report_b38dbf8f76d0_660572b258fa4902bee4f012,predictions_FSP_result3.eps,https://osf.io/download/660572b258fa4902bee4f012/,eps,2024-03-28T13:37:54.982729Z,2024-03-28T13:37:54.982729,Repository upload/modification; not established public disclosure
report_b38dbf8f76d0,report_b38dbf8f76d0_660572bc58fa4902c6e4ed6c,predictions_FSP_result2.eps,https://osf.io/download/660572bc58fa4902c6e4ed6c/,eps,2024-03-28T13:38:04.446724Z,2024-03-28T13:38:04.446724,Repository upload/modification; not established public disclosure
report_b38dbf8f76d0,report_b38dbf8f76d0_660572c401fc9c03633167f2,AppendixTable3.eps,https://osf.io/download/660572c401fc9c03633167f2/,eps,2024-03-28T13:38:13.018855Z,2024-03-28T13:38:13.018855,Repository upload/modification; not established public disclosure
report_b38dbf8f76d0,report_b38dbf8f76d0_6605729f58fa4902c7e4ed77,Survey_Clean_merged_final1.dta,https://osf.io/download/6605729f58fa4902c7e4ed77/,dta,2024-03-28T13:37:35.388247Z,2024-03-28T13:37:35.388247,Repository upload/modification; not established public disclosure
report_b38dbf8f76d0,report_b38dbf8f76d0_660572b5fe44ca02c42b6a41,predictions_FSP_result2b.eps,https://osf.io/download/660572b5fe44ca02c42b6a41/,eps,2024-03-28T13:37:57.873861Z,2024-03-28T13:37:57.873861,Repository upload/modification; not established public disclosure
report_b38dbf8f76d0,report_b38dbf8f76d0_660572b9eb56f0039d8a3654,predictions_FSP_result.eps,https://osf.io/download/660572b9eb56f0039d8a3654/,eps,2024-03-28T13:38:01.547842Z,2024-03-28T13:38:01.547842,Repository upload/modification; not established public disclosure
report_b38dbf8f76d0,report_b38dbf8f76d0_660572cd01fc9c035e3167af,variation_paper1.eps,https://osf.io/download/cyzbe/,eps,2024-03-28T13:38:21.197699Z,2024-03-28T13:38:21.197699,Repository upload/modification; not established public disclosure
report_b38dbf8f76d0,report_b38dbf8f76d0_660572c158fa4902b9e4ed7a,AER_robustness1_appendix.tex,https://osf.io/download/660572c158fa4902b9e4ed7a/,tex,2024-03-28T13:38:09.210680Z,2024-03-28T13:38:09.210680,Repository upload/modification; not established public disclosure
report_b38dbf8f76d0,report_b38dbf8f76d0_660572ca58fa4902bde4eebc,Rel_tz_median.eps,https://osf.io/download/660572ca58fa4902bde4eebc/,eps,2024-03-28T13:38:18.586094Z,2024-03-28T13:38:18.586094,Repository upload/modification; not established public disclosure
report_b38dbf8f76d0,report_b38dbf8f76d0_660572b0bfea1d02cf5a3a48,predictions_RESP_result2p.eps,https://osf.io/download/660572b0bfea1d02cf5a3a48/,eps,2024-03-28T13:37:52.195393Z,2024-03-28T13:37:52.195393,Repository upload/modification; not established public disclosure
report_b38dbf8f76d0,report_b38dbf8f76d0_660572c2bfea1d02ce5a3a21,AER_robustness1.tex,https://osf.io/download/660572c2bfea1d02ce5a3a21/,tex,2024-03-28T13:38:10.065307Z,2024-03-28T13:38:10.065307,Repository upload/modification; not established public disclosure
report_b38dbf8f76d0,report_b38dbf8f76d0_660572ce58fa4902c7e4eeb5,significance_result.eps,https://osf.io/download/m5hev/,eps,2024-03-28T13:38:22.565533Z,2024-03-28T13:38:22.565533,Repository upload/modification; not established public disclosure
report_b38dbf8f76d0,report_b38dbf8f76d0_660572a5bfea1d02cf5a3a46,AER_robustness4.tex,https://osf.io/download/660572a5bfea1d02cf5a3a46/,tex,2024-03-28T13:37:41.773243Z,2024-03-28T13:37:41.773243,Repository upload/modification; not established public disclosure
report_b38dbf8f76d0,report_b38dbf8f76d0_660572a458fa4902bee4f000,AER_robustness4_appendix.tex,https://osf.io/download/660572a458fa4902bee4f000/,tex,2024-03-28T13:37:40.169765Z,2024-03-28T13:37:40.169765,Repository upload/modification; not established public disclosure
report_b38dbf8f76d0,report_b38dbf8f76d0_660572b101fc9c036a3168ec,predictions_RESP_result.eps,https://osf.io/download/660572b101fc9c036a3168ec/,eps,2024-03-28T13:37:53.976607Z,2024-03-28T13:37:53.976607,Repository upload/modification; not established public disclosure
report_b41a30aeb61b,report_b41a30aeb61b_69ca9091422b7a8355639514,replication_report.Rmd,https://osf.io/download/va38t/,rmd,2026-03-30T15:02:41.480560Z,2026-03-30T15:02:41.480560,Repository upload/modification; not established public disclosure
report_b41a30aeb61b,report_b41a30aeb61b_69ca9091422b7a8355639516,replication_report.pdf,https://osf.io/download/q4k3v/,pdf,2026-03-30T15:02:41.919274Z,2026-03-30T15:02:41.919274,Repository upload/modification; not established public disclosure
report_b42733a6a663,report_b42733a6a663_686795ec263c96c6539ff0be,i4r_replication_games_corrupt_algs.pdf,https://osf.io/download/wj8st/,pdf,2025-07-04T08:50:52.998442Z,2025-07-04T08:50:52.998442,Repository upload/modification; not established public disclosure
report_b55f7a2952ec,report_b55f7a2952ec_6a79d1eaf8b23d8e579ae5c1,Reproduction Report.pdf,https://osf.io/download/vtgrn/,pdf,2026-08-10T13:28:10.955399Z,2026-08-10T13:28:10.955399,Repository upload/modification; not established public disclosure
report_b55f7a2952ec,report_b55f7a2952ec_6a79d1f856ef48d3d36f6caa,Robustness Replication.zip,https://osf.io/download/6a79d1f856ef48d3d36f6caa/,zip,2026-08-10T13:28:24.732510Z,2026-08-10T13:28:24.732510,Repository upload/modification; not established public disclosure
report_b55f7a2952ec,report_b55f7a2952ec_6a79d1f2f8b23d8e579ae5d0,ComputationalReproductionResults.zip,https://osf.io/download/6a79d1f2f8b23d8e579ae5d0/,zip,2026-08-10T13:28:18.898391Z,2026-08-10T13:28:18.898391,Repository upload/modification; not established public disclosure
report_b5ee64de051f,report_b5ee64de051f_6a206709d6ed59a380bf3f2b,Report Psych Science Reducing Facial.pdf,https://osf.io/download/q463m/,pdf,2026-06-03T17:40:25.500550Z,2026-06-03T17:40:25.500550,Repository upload/modification; not established public disclosure
report_b600ae8b75e9,report_b600ae8b75e9_6a8306fe86e9e1fe75bb64bf,Reproduction_report_2.pdf,https://osf.io/download/eyvr6/,pdf,2026-08-17T13:05:02.092488Z,2026-08-17T13:05:02.092488,Repository upload/modification; not established public disclosure
report_b600ae8b75e9,report_b600ae8b75e9_6a845e80190a5b0ff4bb65a6,Reproduction_Report_1.do,https://osf.io/download/6a845e80190a5b0ff4bb65a6/,do,2026-08-18T13:30:40.514289Z,2026-08-18T13:30:40.514289,Repository upload/modification; not established public disclosure
report_b600ae8b75e9,report_b600ae8b75e9_6a845e79ce25f8dfe5bb65ba,Reproduction_Report_1.pdf,https://osf.io/download/v46qj/,pdf,2026-08-18T13:30:33.881796Z,2026-08-18T13:30:33.881796,Repository upload/modification; not established public disclosure
report_b600ae8b75e9,report_b600ae8b75e9_69d90c7c1094bd331a78dd1b,Authors_Response_Report_1.pdf,https://osf.io/download/vx49e/,pdf,2026-04-10T14:43:08.424978Z,2026-04-10T14:43:08.424978,Repository upload/modification; not established public disclosure
report_b600ae8b75e9,report_b600ae8b75e9_6a83073c86e9e1fe75bb6507,Analysis 1.R,https://osf.io/download/t3jfw/,r,2026-08-17T13:06:04.443909Z,2026-08-17T13:06:04.443909,Repository upload/modification; not established public disclosure
report_b600ae8b75e9,report_b600ae8b75e9_6a830736cc4fee3050edd96e,Analysis 1 my code.R,https://osf.io/download/6a830736cc4fee3050edd96e/,r,2026-08-17T13:05:58.770849Z,2026-08-17T13:05:58.770849,Repository upload/modification; not established public disclosure
report_b600ae8b75e9,report_b600ae8b75e9_6a830747e5cabe46dbe271f6,Replication Games 13.11.25.Rproj,https://osf.io/download/zhwt2/,rproj,2026-08-17T13:06:15.073579Z,2026-08-17T13:06:15.073579,Repository upload/modification; not established public disclosure
report_b600ae8b75e9,report_b600ae8b75e9_6a83074186e9e1fe75bb6511,Replication Games 13.11.25.R,https://osf.io/download/6a83074186e9e1fe75bb6511/,r,2026-08-17T13:06:09.683376Z,2026-08-17T13:06:09.683376,Repository upload/modification; not established public disclosure
report_b6de6e872d53,report_b6de6e872d53_6a91bd59bc23555f55136649,Reproduction_Report_I4R,https://osf.io/download/r35w4/,,2026-08-28T16:54:49.698759Z,2026-08-28T16:54:49.698759,Repository upload/modification; not established public disclosure
report_b6de6e872d53,report_b6de6e872d53_671b912da537a5005087064f,Authors_response_AER.pdf,https://osf.io/download/rg9js/,pdf,2024-10-25T12:38:05.765810Z,2024-10-25T12:38:05.765810,Repository upload/modification; not established public disclosure
report_b6de6e872d53,report_b6de6e872d53_671b9678e62b36a52b870593,Reproduction_AER_Robustness.pdf,https://osf.io/download/zet63/,pdf,2024-10-25T13:00:41.049363Z,2024-10-25T13:00:41.049363,Repository upload/modification; not established public disclosure
report_b71d6d4c41f4,report_b71d6d4c41f4_6818c53accd66c75055ef7bc,Response to the comment on NHB paper.pdf,https://osf.io/download/7wfpb/,pdf,2025-05-05T14:03:38.388364Z,2025-05-05T14:03:38.388364,Repository upload/modification; not established public disclosure
report_b71d6d4c41f4,report_b71d6d4c41f4_6818c5786eb6eda7a27c59ca,replication_report_final.pdf,https://osf.io/download/tp9m3/,pdf,2025-05-05T14:04:40.233797Z,2025-05-05T14:04:40.233797,Repository upload/modification; not established public disclosure
report_ba8b9fa7362c,report_ba8b9fa7362c_6a22d140d4f93d9731343b6e,Reproduction report.pdf,https://osf.io/download/9b6fr/,pdf,2026-06-05T13:38:18.314654Z,2026-06-05T13:38:18.314654,Repository upload/modification; not established public disclosure
report_bdaec4a6ba60,report_bdaec4a6ba60_657b1c3043dfd300b1846917,Replication Report - MP Parliament.pdf,https://osf.io/download/8jx43/,pdf,2023-12-14T15:16:00.496524Z,2023-12-14T15:16:00.496524,Repository upload/modification; not established public disclosure
report_bdf26a445bbc,report_bdf26a445bbc_65df677e325de502b9dd0696,gw_rep.pdf,https://osf.io/download/um3g4/,pdf,2024-02-28T17:03:58.183915Z,2024-02-28T17:03:58.183915,Repository upload/modification; not established public disclosure
report_be97b2010c5d,report_be97b2010c5d_6a847c5870c5102b59effee8,Replication_Report_NHB_Horn_Moges_Sobolev_final.pdf,https://osf.io/download/6a847c5870c5102b59effee8/,pdf,2026-08-18T15:38:00.380141Z,2026-08-18T15:38:00.380141,Repository upload/modification; not established public disclosure
report_be9c14ba21ae,report_be9c14ba21ae_65ef26898992ec0c88788869,Study 2-20240311T154006Z-001.zip,https://osf.io/download/5e7nx/,zip,2024-03-11T15:43:05.714353Z,2024-03-11T15:43:05.714353,Repository upload/modification; not established public disclosure
report_be9c14ba21ae,report_be9c14ba21ae_65e5cff48992ec01cf788b92,"Ascriptive Characteristics and Perceptions of Impropriety in the Rule of Law. A comment on Ono & Zilis, 2022.pdf",https://osf.io/download/t74b8/,pdf,2024-03-04T13:43:17.027291Z,2024-03-04T13:43:17.027291,Repository upload/modification; not established public disclosure
report_be9c14ba21ae,report_be9c14ba21ae_65ef2610719c060c87d49ebf,Study 1-20240311T154008Z-001.zip,https://osf.io/download/3drha/,zip,2024-03-11T15:41:04.722792Z,2024-03-11T15:41:04.722792,Repository upload/modification; not established public disclosure
report_bfd18568d399,report_bfd18568d399_68878658acfbe601c623416b,Reproduction Report.pdf,https://osf.io/download/8qah7/,pdf,2025-07-28T14:16:56.128489Z,2025-07-28T14:16:56.128489,Repository upload/modification; not established public disclosure
report_bffa1271e151,report_bffa1271e151_6a31f57958187928306dbc4f,Reproduction Report Accelerating Science.pdf,https://osf.io/download/muer7/,pdf,2026-06-17T01:16:41.308558Z,2026-06-17T01:16:41.308558,Repository upload/modification; not established public disclosure
report_c0c9f446a6ce,report_c0c9f446a6ce_6a8361300f861fee9bd42150,Reproduction Distinct Inhibitory Control Processes Underlie Childrens Judgments of Fairness.pdf,https://osf.io/download/6a8361300f861fee9bd42150/,pdf,2026-08-17T19:29:52.911305Z,2026-08-17T19:29:52.911305,Repository upload/modification; not established public disclosure
report_c2baf1ad50bb,report_c2baf1ad50bb_66b2274803abafa92b2ee639,un_peacekeeping_democratization_replication_report.pdf,https://osf.io/download/7y5vz/,pdf,2024-08-06T13:38:17.037258Z,2024-08-06T13:38:17.037258,Repository upload/modification; not established public disclosure
report_c44a94ff33b4,report_c44a94ff33b4_65ef04c6e5e51c0c66bc53fa,HuD_Replication.pdf,https://osf.io/download/b785q/,pdf,2024-03-11T13:19:02.175644Z,2024-03-11T13:19:02.175644,Repository upload/modification; not established public disclosure
report_c46a57bef27d,report_c46a57bef27d_6a7b40d096a32d9a236a5dd1,Replication_games_report_final(2).pdf,https://osf.io/download/6a7b40d096a32d9a236a5dd1/,pdf,2026-08-11T15:33:36.298463Z,2026-08-11T15:33:36.298463,Repository upload/modification; not established public disclosure
report_c49f6fb5640e,report_c49f6fb5640e_6a91a5a6fea09359f8897977,Reproduction_report.pdf,https://osf.io/download/tvh64/,pdf,2026-08-28T15:13:42.729030Z,2026-08-28T15:13:42.729030,Repository upload/modification; not established public disclosure
report_c4ed09f97dcb,report_c4ed09f97dcb_6a2171894b14de0e8d99cded,DeKay Dou 2024 Replication Report Psych Science v2.pdf,https://osf.io/download/zb642/,pdf,2026-06-04T12:37:29.316517Z,2026-06-04T12:37:29.316517,Repository upload/modification; not established public disclosure
report_c55c0ae82b1e,report_c55c0ae82b1e_698cf125709b984670e24afe,Commentary.pdf,https://osf.io/download/kc8s3/,pdf,2026-02-11T21:14:13.585436Z,2026-02-11T21:14:13.585436,Repository upload/modification; not established public disclosure
report_c55c0ae82b1e,report_c55c0ae82b1e_698cf11e90cfe969d6dfca4d,Readme.pdf,https://osf.io/download/698cf11e90cfe969d6dfca4d/,pdf,2026-02-11T21:14:06.719974Z,2026-02-11T21:14:06.719974,Repository upload/modification; not established public disclosure
report_c55c0ae82b1e,report_c55c0ae82b1e_698cf11721db805122c73175,Draft_Tables_Figs.zip,https://osf.io/download/698cf11721db805122c73175/,zip,2026-02-11T21:14:00.019384Z,2026-02-11T21:14:00.019384,Repository upload/modification; not established public disclosure
report_c5b0b5cd110b,report_c5b0b5cd110b_6a206d14d9ede4ab4cdb0d65,Reproducibility Report Röer Ostermann Appelbaum.pdf,https://osf.io/download/56pk4/,pdf,2026-06-03T18:06:12.925614Z,2026-06-03T18:06:12.925614,Repository upload/modification; not established public disclosure
report_c5b0b5cd110b,report_c5b0b5cd110b_6a206d1ee4b77732ffdb0d8a,R Script Röer Ostermann Appelbaum.R,https://osf.io/download/wxe9n/,r,2026-06-03T18:06:22.526907Z,2026-06-03T18:06:22.526907,Repository upload/modification; not established public disclosure
report_c5ef8d58f571,report_c5ef8d58f571_6a7f21f89d97f616bcd90d07,misinformation_replication_SCH.Rmd,https://osf.io/download/sefuj/,rmd,2026-08-14T14:11:04.911795Z,2026-08-14T14:11:04.911795,Repository upload/modification; not established public disclosure
report_c5ef8d58f571,report_c5ef8d58f571_6a919da448da93737b1364b8,Replication Report - Battling the coronavirus ‘infodemic.pdf,https://osf.io/download/shk6u/,pdf,2026-08-28T14:39:32.913194Z,2026-08-28T14:39:32.913194,Repository upload/modification; not established public disclosure
report_c6dca261c36a,report_c6dca261c36a_6a329ecfe163dedb806dbe75,Authors_Response.pdf,https://osf.io/download/mda9y/,pdf,2026-06-17T13:19:11.371075Z,2026-06-17T13:19:11.371075,Repository upload/modification; not established public disclosure
report_c6dca261c36a,report_c6dca261c36a_6a329ed971c39387e694515a,Reproduction_Report.pdf,https://osf.io/download/qwv6u/,pdf,2026-06-17T13:19:21.454927Z,2026-06-17T13:19:21.454927,Repository upload/modification; not established public disclosure
report_c7f2656f19f5,report_c7f2656f19f5_6a8f14738e8f82ef6fe3a123,Reproduction report.pdf,https://osf.io/download/6a8f14738e8f82ef6fe3a123/,pdf,2026-08-26T16:29:39.635568Z,2026-08-26T16:29:39.635568,Repository upload/modification; not established public disclosure
report_c8481e245c47,report_c8481e245c47_65cfbb236c2a40033c188697,Reproduction and robustness checks Initial version.pdf,https://osf.io/download/uk9gp/,pdf,2024-02-16T19:44:35.194795Z,2024-02-16T19:44:35.194795,Repository upload/modification; not established public disclosure
report_c8481e245c47,report_c8481e245c47_65cfbc52b018b60361213214,replication_archive.zip,https://osf.io/download/5cmbq/,zip,2024-02-16T19:49:38.111267Z,2024-02-16T19:49:38.111267,Repository upload/modification; not established public disclosure
report_c8481e245c47,report_c8481e245c47_65cfbb456d0cb803981a9e8a,Reproduction and robustness checks final version.pdf,https://osf.io/download/zru7d/,pdf,2024-02-16T19:45:09.999618Z,2024-02-16T19:45:09.999618,Repository upload/modification; not established public disclosure
report_c8481e245c47,report_c8481e245c47_65cfbafe6d0cb803951a9847,Replication_Response.pdf,https://osf.io/download/mqekx/,pdf,2024-02-16T19:43:58.624029Z,2024-02-16T19:43:58.624029,Repository upload/modification; not established public disclosure
report_c8f2b1557cdf,report_c8f2b1557cdf_6a83014313dc90bfecbb646f,nhb_kz_rep_rob_cl_dfu_final.pdf,https://osf.io/download/6a83014313dc90bfecbb646f/,pdf,2026-08-17T12:40:35.941249Z,2026-08-17T12:40:35.941249,Repository upload/modification; not established public disclosure
report_cb45594f8f09,report_cb45594f8f09_65e6033c4dfd8c021b27f73f,Replicators' rep package.zip,https://osf.io/download/hmwer/,zip,2024-03-04T17:22:05.012198Z,2024-03-04T17:22:05.012198,Repository upload/modification; not established public disclosure
report_cb45594f8f09,report_cb45594f8f09_65e5d67ae5e51c01ccbc5f26,technological-change-Feb3.pdf,https://osf.io/download/8rsqg/,pdf,2024-03-04T14:11:06.844271Z,2024-03-04T14:11:06.844271,Repository upload/modification; not established public disclosure
report_cc97f2b93fc2,report_cc97f2b93fc2_6a8c36f22533b6a83271e55e,Replication Report Psych Science.pdf,https://osf.io/download/jngtu/,pdf,2026-08-24T12:20:02.178587Z,2026-08-24T12:20:02.178587,Repository upload/modification; not established public disclosure
report_cdcd099e5668,report_cdcd099e5668_6a957716fdae55addc48eef5,Replication___When_Choices_are_Mistakes__BayleDuboisVaraine2025.pdf,https://osf.io/download/6a957716fdae55addc48eef5/,pdf,2026-08-31T12:44:06.519733Z,2026-08-31T12:44:06.519733,Repository upload/modification; not established public disclosure
report_cdcd099e5668,report_cdcd099e5668_6a9577026aaa35e8c148eef6,NielsenRehbeckI4RResponse.pdf,https://osf.io/download/6a9577026aaa35e8c148eef6/,pdf,2026-08-31T12:43:46.588256Z,2026-08-31T12:43:46.588256,Repository upload/modification; not established public disclosure
report_ce19a9f10a57,report_ce19a9f10a57_6a83043f98e158dfc2edd92d,Replication_main.pdf,https://osf.io/download/3cft9/,pdf,2026-08-17T12:53:19.785694Z,2026-08-17T12:53:19.785694,Repository upload/modification; not established public disclosure
report_ced363c4c8bc,report_ced363c4c8bc_69ca8ef4a2a2b74f0183d60d,code.do,https://osf.io/download/69ca8ef4a2a2b74f0183d60d/,do,2026-03-30T14:55:48.931917Z,2026-03-30T14:55:48.931917,Repository upload/modification; not established public disclosure
report_ced363c4c8bc,report_ced363c4c8bc_69ca8ef4422b7a83556394e3,Enke 2023 Replication Report NHB.pdf,https://osf.io/download/xm3nj/,pdf,2026-03-30T14:55:48.921359Z,2026-03-30T14:55:48.921359,Repository upload/modification; not established public disclosure
report_cef722f52f77,report_cef722f52f77_65984c04034461879e68f5c3,"Final Do file, Results and Report.zip",https://osf.io/download/fjup2/,zip,2024-01-05T18:35:48.216558Z,2024-01-05T18:35:48.216558,Repository upload/modification; not established public disclosure
report_cef722f52f77,report_cef722f52f77_65984c087094e983a4a174d3,OttawaReplication2023_Haddad_etal.pdf,https://osf.io/download/byu5q/,pdf,2024-01-05T18:35:52.711165Z,2024-01-05T18:35:52.711165,Repository upload/modification; not established public disclosure
report_cfd8f82c70d7,report_cfd8f82c70d7_6a919d33f8a81a23da5a7420,V2 Replication Report Psych Science.pdf,https://osf.io/download/n4rtb/,pdf,2026-08-28T14:37:39.700947Z,2026-08-28T14:37:39.700947,Repository upload/modification; not established public disclosure
report_cff0211bb8e8,report_cff0211bb8e8_6a902b91e9b3625d0292fe32,I4R V4_ZA_DD_VN.pdf,https://osf.io/download/utzxj/,pdf,2026-08-27T12:20:33.897444Z,2026-08-27T12:20:33.897444,Repository upload/modification; not established public disclosure
report_cffb1b4be23b,report_cffb1b4be23b_6a9050ff2bb4c1d0516b142b,Reply_replication_EJ_1.pdf,https://osf.io/download/g9kwf/,pdf,2026-08-27T15:00:15.628741Z,2026-08-27T15:00:15.628741,Repository upload/modification; not established public disclosure
report_cffb1b4be23b,report_cffb1b4be23b_6a9050bfa2643293869300ce,Cong et al. (2024) - Replication of Cerina et al. (2023).pdf,https://osf.io/download/6a9050bfa2643293869300ce/,pdf,2026-08-27T14:59:12.021948Z,2026-08-27T14:59:12.021948,Repository upload/modification; not established public disclosure
report_d02718db7129,report_d02718db7129_698cef6190cfe969d6dfc91c,Reproducers Robustness Check.R,https://osf.io/download/698cef6190cfe969d6dfc91c/,r,2026-02-11T21:06:41.888961Z,2026-02-11T21:06:41.888961,Repository upload/modification; not established public disclosure
report_d02718db7129,report_d02718db7129_698cef4e21db805122c73036,Reproduction Report.pdf,https://osf.io/download/9zdwf/,pdf,2026-02-11T21:06:22.453730Z,2026-02-11T21:06:22.453730,Repository upload/modification; not established public disclosure
report_d06e7bd06a67,report_d06e7bd06a67_6a91ae846ef72280a813665f,morris_shoub_2023_replication_v2.pdf,https://osf.io/download/6uqhf/,pdf,2026-08-28T15:51:32.867584Z,2026-08-28T15:51:32.867584,Repository upload/modification; not established public disclosure
report_d09a267d54fd,report_d09a267d54fd_664c6ce932453c1e6f2ae21c,Replication Report 02142024-2-21.pdf,https://osf.io/download/erydv/,pdf,2024-05-21T09:44:09.643160Z,2024-05-21T09:44:09.643160,Repository upload/modification; not established public disclosure
report_d09a267d54fd,report_d09a267d54fd_664c6ceb7250fa1c4a4e799c,Authors Reponse.pdf,https://osf.io/download/7vkt9/,pdf,2024-05-21T09:44:11.634887Z,2024-05-21T09:44:11.634887,Repository upload/modification; not established public disclosure
report_d1dff71b45f4,report_d1dff71b45f4_6a8f854e879461d506e3a291,fabra_imelda_replication.pdf,https://osf.io/download/6a8f854e879461d506e3a291/,pdf,2026-08-27T00:31:10.595768Z,2026-08-27T00:31:10.595768,Repository upload/modification; not established public disclosure
report_d20485341bfd,report_d20485341bfd_670e73535c88a90028a5e4eb,Reproduction Report (see page 2 for Update 30.09.2024).pdf,https://osf.io/download/pzy29/,pdf,2024-10-15T13:51:15.687665Z,2024-10-15T13:51:15.687665,Repository upload/modification; not established public disclosure
report_d20485341bfd,report_d20485341bfd_670e73ca5c88a90028a5e562,Authors' response.pdf,https://osf.io/download/hbpce/,pdf,2024-10-15T13:53:14.999352Z,2024-10-15T13:53:14.999352,Repository upload/modification; not established public disclosure
report_d31287601c51,report_d31287601c51_6597064cf31e13823e82de3a,Replication_Main_Analysis_final.do,https://osf.io/download/dgzat/,do,2024-01-04T19:26:05.078140Z,2024-01-04T19:26:05.078140,Repository upload/modification; not established public disclosure
report_d31287601c51,report_d31287601c51_659706467094e97ccea175ee,Team_Agder_report_Nov_2023.pdf,https://osf.io/download/8hab2/,pdf,2024-01-04T19:25:58.190894Z,2024-01-04T19:25:58.190894,Repository upload/modification; not established public disclosure
report_d587e96a9879,report_d587e96a9879_6a957142334311ee1f48ef8d,engelmann_et_al_reproduction.pdf,https://osf.io/download/nejgp/,pdf,2026-08-31T12:19:14.983488Z,2026-08-31T12:19:14.983488,Repository upload/modification; not established public disclosure
report_d5ca85edae17,report_d5ca85edae17_69790a43c109ec2c9c68d6d2,Reply to Author Response.pdf,https://osf.io/download/bjg4h/,pdf,2026-01-27T18:56:03.347489Z,2026-01-27T18:56:03.347489,Repository upload/modification; not established public disclosure
report_d5ca85edae17,report_d5ca85edae17_69790a3fc109ec2c9c68d6ce,Replication Report.pdf,https://osf.io/download/c5n3m/,pdf,2026-01-27T18:55:59.304046Z,2026-01-27T18:55:59.304046,Repository upload/modification; not established public disclosure
report_d5ca85edae17,report_d5ca85edae17_69790a433f7458a17c589f94,Author Response Oct 15.pdf,https://osf.io/download/sfr89/,pdf,2026-01-27T18:56:03.406784Z,2026-01-27T18:56:03.406784,Repository upload/modification; not established public disclosure
report_d5ca85edae17,report_d5ca85edae17_69790a42ded5b2c51558a733,Author Response Dec 2024.pdf,https://osf.io/download/gct7z/,pdf,2026-01-27T18:56:02.200975Z,2026-01-27T18:56:02.200975,Repository upload/modification; not established public disclosure
report_d5f67b495034,report_d5f67b495034_6a847edce884632335bb6487,Report Not All Powerful People Are Created Equal.pdf,https://osf.io/download/6a847edce884632335bb6487/,pdf,2026-08-18T15:48:44.725999Z,2026-08-18T15:48:44.725999,Repository upload/modification; not established public disclosure
report_d6df41f8f42c,report_d6df41f8f42c_6a7b3ace95e4164d596a5b32,I4R_Replication_Report_Fasce_et_al_2023.pdf,https://osf.io/download/6a7b3ace95e4164d596a5b32/,pdf,2026-08-11T15:07:58.647717Z,2026-08-11T15:07:58.647717,Repository upload/modification; not established public disclosure
report_d6df41f8f42c,report_d6df41f8f42c_6a7b3ac798ce3b2571692b6e,Replication package (1).zip,https://osf.io/download/6a7b3ac798ce3b2571692b6e/,zip,2026-08-11T15:07:51.818313Z,2026-08-11T15:07:51.818313,Repository upload/modification; not established public disclosure
report_d73130c4281a,report_d73130c4281a_6a981d84aa3574ef882a9c70,Directing Attention Shapes Learning in Adults but Not Children.pdf,https://osf.io/download/6a981d84aa3574ef882a9c70/,pdf,2026-09-02T12:58:44.719204Z,2026-09-02T12:58:44.719204,Repository upload/modification; not established public disclosure
report_d7b86b942111,report_d7b86b942111_657b1a0c8e942d00a8a0f1be,Replication Report edited no highlights.pdf,https://osf.io/download/dzrk9/,pdf,2023-12-14T15:06:52.832886Z,2023-12-14T15:06:52.832886,Repository upload/modification; not established public disclosure
report_d92c5a205682,report_d92c5a205682_68b1aaf41d5c858243ab11cf,Response to Authors_2025.08.13.pdf,https://osf.io/download/srcyw/,pdf,2025-08-29T13:28:20.477027Z,2025-08-29T13:28:20.477027,Repository upload/modification; not established public disclosure
report_d92c5a205682,report_d92c5a205682_68b1aaa91d5c858243ab11be,Response to Replicators.pdf,https://osf.io/download/7abtz/,pdf,2025-08-29T13:27:05.851523Z,2025-08-29T13:27:05.851523,Repository upload/modification; not established public disclosure
report_d92c5a205682,report_d92c5a205682_68b1ab05df0475d740f99008,Replication Report Psych Science Ebeid_Gök_Oueis_Ouimet_2025-08-20.v2.pdf,https://osf.io/download/khg54/,pdf,2025-08-29T13:28:37.158378Z,2025-08-29T13:28:37.158378,Repository upload/modification; not established public disclosure
report_dc096d9a7b69,report_dc096d9a7b69_6596feb3f31e13820882dd7c,Why don’t firms hire young workers during recessions.pdf,https://osf.io/download/7qv89/,pdf,2024-01-04T18:53:39.140666Z,2024-01-04T18:53:39.140666,Repository upload/modification; not established public disclosure
report_dc10859bf227,report_dc10859bf227_6a9c5d49f90dfc6cc13dbcb0,report.pdf,https://osf.io/download/6a9c5d49f90dfc6cc13dbcb0/,pdf,2026-09-05T18:19:53.872948Z,2026-09-05T18:19:53.872948,Repository upload/modification; not established public disclosure
report_ddc4ef0fbe5d,report_ddc4ef0fbe5d_6a79decc23899c9b099ae6a4,Response_TD-CBT_reproduction.pdf,https://osf.io/download/6a79decc23899c9b099ae6a4/,pdf,2026-08-10T14:23:08.518973Z,2026-08-10T14:23:08.518973,Repository upload/modification; not established public disclosure
report_ddc4ef0fbe5d,report_ddc4ef0fbe5d_6a79dec619deeca93409e23c,Reproduction Report.pdf,https://osf.io/download/jnqsm/,pdf,2026-08-10T14:23:02.515244Z,2026-08-10T14:23:02.515244,Repository upload/modification; not established public disclosure
report_ddf1ed671493,report_ddf1ed671493_6a904f33a26432938692fff4,Reproduction report.pdf,https://osf.io/download/tqe5a/,pdf,2026-08-27T14:52:35.711685Z,2026-08-27T14:52:35.711685,Repository upload/modification; not established public disclosure
report_de3dd9dea903,report_de3dd9dea903_6a31efa05b7c29bb76f35ec5,Replication Report NHB_carlsson_hyltse_lace.pdf,https://osf.io/download/tsdbc/,pdf,2026-06-17T00:51:44.123194Z,2026-06-17T00:51:44.123194,Repository upload/modification; not established public disclosure
report_de3dd9dea903,report_de3dd9dea903_6a31ef962d19fcf4e29450ee,Reproducibility Report Response .pdf,https://osf.io/download/yfwkd/,pdf,2026-06-17T00:51:34.273519Z,2026-06-17T00:51:34.273519,Repository upload/modification; not established public disclosure
report_dea7bfe5a225,report_dea7bfe5a225_698cf4190ebe396bc8dfd225,Reproduction Report.pdf,https://osf.io/download/udepx/,pdf,2026-02-11T21:26:49.205761Z,2026-02-11T21:26:49.205761,Repository upload/modification; not established public disclosure
report_dfcfb62a7a80,report_dfcfb62a7a80_6a8f17b865a9a9d05ae39fb0,anon_final_report.pdf,https://osf.io/download/6a8f17b865a9a9d05ae39fb0/,pdf,2026-08-26T16:43:36.285559Z,2026-08-26T16:43:36.285559,Repository upload/modification; not established public disclosure
report_e250d36949e9,report_e250d36949e9_6a7a1dffeee6a966776a5a35,Reproduction_report.pdf,https://osf.io/download/6a7a1dffeee6a966776a5a35/,pdf,2026-08-10T18:52:47.610924Z,2026-08-10T18:52:47.610924,Repository upload/modification; not established public disclosure
report_e250d36949e9,report_e250d36949e9_6a7a1df971acc26bc312d404,ReproducersReplicationPackage.zip,https://osf.io/download/6a7a1df971acc26bc312d404/,zip,2026-08-10T18:52:41.728243Z,2026-08-10T18:52:41.728243,Repository upload/modification; not established public disclosure
report_e40830f78b8d,report_e40830f78b8d_69d90a1759c51eef72895c94,NHB replication report (Jackson et al 2022).pdf,https://osf.io/download/w295u/,pdf,2026-04-10T14:32:55.457922Z,2026-04-10T14:32:55.457922,Repository upload/modification; not established public disclosure
report_e493aff15e98,report_e493aff15e98_64c261317dd0c20077a8a9e0,Reply_PolTurnover.pdf,https://osf.io/download/qp7va/,pdf,2023-07-27T12:21:05.183600Z,2023-07-27T12:21:05.183600,Repository upload/modification; not established public disclosure
report_e493aff15e98,report_e493aff15e98_67e43e6061d28260b5e2baa2,Reproduction_political_turnover.pdf,https://osf.io/download/vaywf/,pdf,2025-03-26T17:50:24.948439Z,2025-03-26T17:50:24.948439,Repository upload/modification; not established public disclosure
report_e4f54b0dd964,report_e4f54b0dd964_65ca508c435c450fd2da7b69,replication_files_for_I4R.zip,https://osf.io/download/cb87v/,zip,2024-02-12T17:08:28.092963Z,2024-02-12T17:08:28.092963,Repository upload/modification; not established public disclosure
report_e4f54b0dd964,report_e4f54b0dd964_6579d65b666e102c451a7cea,response_discrepancies.pdf,https://osf.io/download/65rwa/,pdf,2023-12-13T16:05:47.265374Z,2023-12-13T16:05:47.265374,Repository upload/modification; not established public disclosure
report_e4f54b0dd964,report_e4f54b0dd964_6579d654cb0b0b2c317fc0bc,response_replication.pdf,https://osf.io/download/bqvmu/,pdf,2023-12-13T16:05:41.008165Z,2023-12-13T16:05:41.008165,Repository upload/modification; not established public disclosure
report_e4f54b0dd964,report_e4f54b0dd964_6579d65074f3613ab12e4470,explain_discrepancy.pdf,https://osf.io/download/j8y7u/,pdf,2023-12-13T16:05:36.490221Z,2023-12-13T16:05:36.490221,Repository upload/modification; not established public disclosure
report_e4f54b0dd964,report_e4f54b0dd964_6579d64d666e102c461a7cd1,PDVP_replication_AEC-1.pdf,https://osf.io/download/gme5x/,pdf,2023-12-13T16:05:33.507679Z,2023-12-13T16:05:33.507679,Repository upload/modification; not established public disclosure
report_e5369beb10cf,report_e5369beb10cf_67ba204b4dabd7f12331405e,Author Statement 2.pdf,https://osf.io/download/vys2n/,pdf,2025-02-22T19:06:51.363070Z,2025-02-22T19:06:51.363070,Repository upload/modification; not established public disclosure
report_e5369beb10cf,report_e5369beb10cf_67ba2075ddfb7891a919fa0c,Author Statement 1.pdf,https://osf.io/download/cqh35/,pdf,2025-02-22T19:07:33.079409Z,2025-02-22T19:07:33.079409,Repository upload/modification; not established public disclosure
report_e5369beb10cf,report_e5369beb10cf_67ba1ea385f3e4d0fcc3563f,Reproducers_Replication_Package.zip,https://osf.io/download/swjme/,zip,2025-02-22T18:59:47.458896Z,2025-02-22T18:59:47.458896,Repository upload/modification; not established public disclosure
report_e5369beb10cf,report_e5369beb10cf_67e297bd144c38a5bb449ee9,Authors_response.pdf,https://osf.io/download/szwvk/,pdf,2025-03-25T11:47:09.263848Z,2025-03-25T11:47:09.263848,Repository upload/modification; not established public disclosure
report_e5369beb10cf,report_e5369beb10cf_67ba1f498465841421314135,Reproduction_Report.pdf,https://osf.io/download/9erj6/,pdf,2025-02-22T19:02:33.232340Z,2025-02-22T19:02:33.232340,Repository upload/modification; not established public disclosure
report_e5ae077f3448,report_e5ae077f3448_68678dfb6493bebe669fef7c,Replication Report NHB - Hammar.pdf,https://osf.io/download/2dhx8/,pdf,2025-07-04T08:17:00.019154Z,2025-07-04T08:17:00.019154,Repository upload/modification; not established public disclosure
report_e5ae077f3448,report_e5ae077f3448_68678d90d92d9df666f71a90,Hammar_Replication_Package.zip,https://osf.io/download/4aknv/,zip,2025-07-04T08:15:12.584163Z,2025-07-04T08:15:12.584163,Repository upload/modification; not established public disclosure
report_e71897f8921a,report_e71897f8921a_65e8d7598992ec068f788ab2,report replication package.zip,https://osf.io/download/ksuq6/,zip,2024-03-06T20:51:37.167503Z,2024-03-06T20:51:37.167503,Repository upload/modification; not established public disclosure
report_e71897f8921a,report_e71897f8921a_65e7965285203703a388125d,report.pdf,https://osf.io/download/suq5a/,pdf,2024-03-05T22:01:54.437787Z,2024-03-05T22:01:54.437787,Repository upload/modification; not established public disclosure
report_e8a4d40d8d58,report_e8a4d40d8d58_6a904bb22b5cedeb0be39fe7,Can Financial Incentives to Firms Improve Apprenticeship Training - DM Comments.pdf,https://osf.io/download/q5eyc/,pdf,2026-08-27T14:37:38.291740Z,2026-08-27T14:37:38.291740,Repository upload/modification; not established public disclosure
report_e8a4d40d8d58,report_e8a4d40d8d58_6a904bba1634d91fa892fdfd,Replication Response Ghana Apprenticeship Incentives AERI.pdf,https://osf.io/download/sc3xz/,pdf,2026-08-27T14:37:47.201267Z,2026-08-27T14:37:47.201267,Repository upload/modification; not established public disclosure
report_ea9c2b0ff092,report_ea9c2b0ff092_6a91a46c902366e5125a7618,Replication Report_Schulz2022_April2024_AB_AR.pdf,https://osf.io/download/6a91a46c902366e5125a7618/,pdf,2026-08-28T15:08:28.953760Z,2026-08-28T15:08:28.953760,Repository upload/modification; not established public disclosure
report_ec78c1f06296,report_ec78c1f06296_6807615e4f254e89a1b7d2da,PAP w addendum.pdf,https://osf.io/download/zyqdb/,pdf,2025-04-22T09:29:02.775413Z,2025-04-22T09:29:02.775413,Repository upload/modification; not established public disclosure
report_ec78c1f06296,report_ec78c1f06296_689d88ee1a4a962e981f201b,Referee Report Full Data.xlsx,https://osf.io/download/qj3fc/,xlsx,2025-08-14T06:57:50.888388Z,2025-08-14T06:57:50.888388,Repository upload/modification; not established public disclosure
report_ec78c1f06296,report_ec78c1f06296_649c947567aff80dfaedfdba,AER Robustness Survey PAP.pdf,https://osf.io/download/t4nfm/,pdf,2023-06-28T20:13:41.708342Z,2023-06-28T20:13:41.708342,Repository upload/modification; not established public disclosure
report_ec78c1f06296,report_ec78c1f06296_67408cf48d42fcc5f496c79d,PAP reviewing reports.pdf,https://osf.io/download/tzk2a/,pdf,2024-11-22T13:53:56.861031Z,2024-11-22T13:53:56.861031,Repository upload/modification; not established public disclosure
report_ec78c1f06296,report_ec78c1f06296_65aa175399d0100080626a10,AER_Robustness_survey.qsf,https://osf.io/download/bzvru/,qsf,2024-01-19T06:31:47.259855Z,2024-01-19T06:31:47.259855,Repository upload/modification; not established public disclosure
report_ec78c1f06296,report_ec78c1f06296_65aa1753ebe5e60092f5e7a1,Qualtrics Survey.pdf,https://osf.io/download/gnrqb/,pdf,2024-01-19T06:31:47.237320Z,2024-01-19T06:31:47.237320,Repository upload/modification; not established public disclosure
report_ec78c1f06296,report_ec78c1f06296_688873c853738286562341be,Convex_supply_Response_Institute_for_Replication.pdf,https://osf.io/download/uev65/,pdf,2025-07-29T07:10:00.382149Z,2025-07-29T07:10:00.382149,Repository upload/modification; not established public disclosure
report_ec78c1f06296,report_ec78c1f06296_688873cc45ec217577e7cc18,Partisanship and Fiscal Policy in Economic Unions Evidence from US States.pdf,https://osf.io/download/jfv9h/,pdf,2025-07-29T07:10:04.244503Z,2025-07-29T07:10:04.244503,Repository upload/modification; not established public disclosure
report_ec78c1f06296,report_ec78c1f06296_688873c9c093c96d1c256d5e,AMV_IfR_Reply.pdf,https://osf.io/download/nb6fp/,pdf,2025-07-29T07:10:01.188977Z,2025-07-29T07:10:01.188977,Repository upload/modification; not established public disclosure
report_ec78c1f06296,report_ec78c1f06296_688873fc307d62b882234157,Persuasion through Slanted Language Evidence from the Media Coverage of Immigration[91].pdf,https://osf.io/download/d3n9g/,pdf,2025-07-29T07:10:52.897285Z,2025-07-29T07:10:52.897285,Repository upload/modification; not established public disclosure
report_ec78c1f06296,report_ec78c1f06296_688873cbf17815c6db2340e4,Going to a Better School Effects and Behavioral Responses.pdf,https://osf.io/download/t6se8/,pdf,2025-07-29T07:10:03.286182Z,2025-07-29T07:10:03.286182,Repository upload/modification; not established public disclosure
report_ec78c1f06296,report_ec78c1f06296_688a56d976f3876855a23ec0,"Interaction, Stereotypes, and Performance Evidence from South Africa.pdf",https://osf.io/download/nwe9u/,pdf,2025-07-30T17:31:05.740447Z,2025-07-30T17:31:05.740447,Repository upload/modification; not established public disclosure
report_ec78c1f06296,report_ec78c1f06296_6602ddb3a8fcbc010736e6ca,retail-pharmacies-Mar25.pdf,https://osf.io/download/k7g5p/,pdf,2024-03-26T14:37:39.694296Z,2024-03-26T14:37:39.694296,Repository upload/modification; not established public disclosure
report_ec78c1f06296,report_ec78c1f06296_6602ddacc9e09000ebbde57e,going-to-a-better-school-Feb3.pdf,https://osf.io/download/n7r9z/,pdf,2024-03-26T14:37:32.473160Z,2024-03-26T14:37:32.473160,Repository upload/modification; not established public disclosure
report_ec78c1f06296,report_ec78c1f06296_688a572fce90943bc92341d3,SelfEnforcingTradeAgreements_Robustness_July26.pdf,https://osf.io/download/e6zvc/,pdf,2025-07-30T17:32:31.069644Z,2025-07-30T17:32:31.069644,Repository upload/modification; not established public disclosure
report_ec78c1f06296,report_ec78c1f06296_6602ddacb3a1e300ec7dfa01,Innovation-and-Institutional-Ownership-Mar25.pdf,https://osf.io/download/qz5g6/,pdf,2024-03-26T14:37:32.956311Z,2024-03-26T14:37:32.956311,Repository upload/modification; not established public disclosure
report_ec78c1f06296,report_ec78c1f06296_6602ddb4c9e09000ebbde58b,vulnerability-and-clientelism-Feb3.pdf,https://osf.io/download/j64at/,pdf,2024-03-26T14:37:40.095085Z,2024-03-26T14:37:40.095085,Repository upload/modification; not established public disclosure
report_ec78c1f06296,report_ec78c1f06296_6602ddabb3a1e300e07df62d,discretionary-tax-changes-FINAL.pdf,https://osf.io/download/4qnf7/,pdf,2024-03-26T14:37:31.363833Z,2024-03-26T14:37:31.363833,Repository upload/modification; not established public disclosure
report_ec78c1f06296,report_ec78c1f06296_6602ddb1b3a1e300f97def1a,partisanship-and-fiscal-policy-Mar25.pdf,https://osf.io/download/wekyz/,pdf,2024-03-26T14:37:37.282311Z,2024-03-26T14:37:37.282311,Repository upload/modification; not established public disclosure
report_ec78c1f06296,report_ec78c1f06296_6602ddb49dc8ef010089875e,technological-change-Mar25.pdf,https://osf.io/download/hqens/,pdf,2024-03-26T14:37:40.940587Z,2024-03-26T14:37:40.940587,Repository upload/modification; not established public disclosure
report_ec78c1f06296,report_ec78c1f06296_6602ddad9dc8ef00f88981bb,interaction-stereotypes-and-performance-Mar25.pdf,https://osf.io/download/guekw/,pdf,2024-03-26T14:37:33.270054Z,2024-03-26T14:37:33.270054,Repository upload/modification; not established public disclosure
report_ec78c1f06296,report_ec78c1f06296_6602ddabb3a1e300ec7df9ff,ConvexSupplyCurves_Robustness-Mar25.pdf,https://osf.io/download/hpd8s/,pdf,2024-03-26T14:37:31.333402Z,2024-03-26T14:37:31.333402,Repository upload/modification; not established public disclosure
report_ec78c1f06296,report_ec78c1f06296_6602ddafa8fcbc00f236e905,out-of-africa_Feb4.pdf,https://osf.io/download/d4f23/,pdf,2024-03-26T14:37:35.381670Z,2024-03-26T14:37:35.381670,Repository upload/modification; not established public disclosure
report_ec78c1f06296,report_ec78c1f06296_6602ddb1d9031c00ef03a99b,religious-festivals-and-development_Mar5.pdf,https://osf.io/download/d3seq/,pdf,2024-03-26T14:37:37.256213Z,2024-03-26T14:37:37.256213,Repository upload/modification; not established public disclosure
report_ec78c1f06296,report_ec78c1f06296_6602ddaac9e09000ebbde57c,coercive-contract-enforcement-Mar25.pdf,https://osf.io/download/vg745/,pdf,2024-03-26T14:37:30.165335Z,2024-03-26T14:37:30.165335,Repository upload/modification; not established public disclosure
report_ec78c1f06296,report_ec78c1f06296_6602ddaaa8fcbc010736e6b8,commercial-imperialism-Jan24.pdf,https://osf.io/download/w5pve/,pdf,2024-03-26T14:37:30.195188Z,2024-03-26T14:37:30.195188,Repository upload/modification; not established public disclosure
report_ec78c1f06296,report_ec78c1f06296_6602ddaec9e09000ebbde584,merchant-towns-Mar25.pdf,https://osf.io/download/tm4xc/,pdf,2024-03-26T14:37:34.475773Z,2024-03-26T14:37:34.475773,Repository upload/modification; not established public disclosure
report_ec78c1f06296,report_ec78c1f06296_6602ddb1c9e09000f4bddc78,persuasion-through-slanted-language-Mar.pdf,https://osf.io/download/rw7j9/,pdf,2024-03-26T14:37:37.246703Z,2024-03-26T14:37:37.246703,Repository upload/modification; not established public disclosure
report_ec78c1f06296,report_ec78c1f06296_6602ddaeb3a1e300f97def18,language-and-economic-behavior-Mar25.pdf,https://osf.io/download/h246d/,pdf,2024-03-26T14:37:35.047581Z,2024-03-26T14:37:35.047581,Repository upload/modification; not established public disclosure
report_ec78c1f06296,report_ec78c1f06296_66057261fe44ca02c02b690d,MasterData15January2024f.dta,https://osf.io/download/pdvrh/,dta,2024-03-28T13:36:33.429866Z,2024-03-28T13:36:33.429866,Repository upload/modification; not established public disclosure
report_ec78c1f06296,report_ec78c1f06296_66057255bfea1d02cf5a39db,Stat_indicators_paper.dta,https://osf.io/download/czhsb/,dta,2024-03-28T13:36:21.927021Z,2024-03-28T13:36:21.927021,Repository upload/modification; not established public disclosure
report_ec78c1f06296,report_ec78c1f06296_6605725eeb56f0039c8a3683,MasterAnalysis17Mar.do,https://osf.io/download/jczbn/,do,2024-03-28T13:36:30.413608Z,2024-03-28T13:36:30.413608,Repository upload/modification; not established public disclosure
report_ec78c1f06296,report_ec78c1f06296_6605725abfea1d02b95a3b8d,Survey_Clean_merged.dta,https://osf.io/download/r7xps/,dta,2024-03-28T13:36:26.676033Z,2024-03-28T13:36:26.676033,Repository upload/modification; not established public disclosure
report_ec78c1f06296,report_ec78c1f06296_66057252bfea1d02ca5a3963,README_Robustness_AER.pdf,https://osf.io/download/dthu2/,pdf,2024-03-28T13:36:18.659170Z,2024-03-28T13:36:18.659170,Repository upload/modification; not established public disclosure
report_ec78c1f06296,report_ec78c1f06296_6605726358fa4902bde4ee9e,MasterData10March2024.dta,https://osf.io/download/9x3qb/,dta,2024-03-28T13:36:35.138459Z,2024-03-28T13:36:35.138459,Repository upload/modification; not established public disclosure
report_ec78c1f06296,report_ec78c1f06296_6605725feb56f003808a3825,MasterData15January2024f2.dta,https://osf.io/download/xvspz/,dta,2024-03-28T13:36:31.897590Z,2024-03-28T13:36:31.897590,Repository upload/modification; not established public disclosure
report_ec78c1f06296,report_ec78c1f06296_66057252bfea1d02ce5a399f,Survey Analysis_Mar.do,https://osf.io/download/kfy8p/,do,2024-03-28T13:36:18.598672Z,2024-03-28T13:36:18.598672,Repository upload/modification; not established public disclosure
report_ec78c1f06296,report_ec78c1f06296_66057266eb56f0039f8a36df,Survey_responsesf.dta,https://osf.io/download/75gcd/,dta,2024-03-28T13:36:38.385381Z,2024-03-28T13:36:38.385381,Repository upload/modification; not established public disclosure
report_ec78c1f06296,report_ec78c1f06296_66057264eb56f0039f8a36dd,Survey_Averages.dta,https://osf.io/download/5wpf4/,dta,2024-03-28T13:36:36.413231Z,2024-03-28T13:36:36.413231,Repository upload/modification; not established public disclosure
report_ec78c1f06296,report_ec78c1f06296_66057255fe44ca02bf2b68f9,Stat_indicators_finding.dta,https://osf.io/download/66057255fe44ca02bf2b68f9/,dta,2024-03-28T13:36:21.982030Z,2024-03-28T13:36:21.982030,Repository upload/modification; not established public disclosure
report_ec78c1f06296,report_ec78c1f06296_6605725ceb56f003988a3621,Survey_Data.dta,https://osf.io/download/6605725ceb56f003988a3621/,dta,2024-03-28T13:36:28.646365Z,2024-03-28T13:36:28.646365,Repository upload/modification; not established public disclosure
report_ec78c1f06296,report_ec78c1f06296_66057259bfea1d02cb5a39a4,Survey_Clean.dta,https://osf.io/download/66057259bfea1d02cb5a39a4/,dta,2024-03-28T13:36:25.465571Z,2024-03-28T13:36:25.465571,Repository upload/modification; not established public disclosure
report_ec78c1f06296,report_ec78c1f06296_689cbada9d9b5804761f1ff4,Partisanship_and_Fiscal_Policyf.pdf,https://osf.io/download/awsd7/,pdf,2025-08-13T16:18:34.498248Z,2025-08-13T16:18:34.498248,Repository upload/modification; not established public disclosure
report_ec78c1f06296,report_ec78c1f06296_689cbae146c026ea11bc0de4,RetailPharmaciesandOpioids.pdf,https://osf.io/download/5kxwg/,pdf,2025-08-13T16:18:41.836870Z,2025-08-13T16:18:41.836870,Repository upload/modification; not established public disclosure
report_ec78c1f06296,report_ec78c1f06296_689cbae42674356d821f21ac,Self_Enforcing_Trade_Agreements.pdf,https://osf.io/download/4zu2w/,pdf,2025-08-13T16:18:44.656393Z,2025-08-13T16:18:44.656393,Repository upload/modification; not established public disclosure
report_ec78c1f06296,report_ec78c1f06296_689cbab5dbb82738361f1fc4,ConvexSupplyCurves_Robustness-DCApr26.pdf,https://osf.io/download/ynjxu/,pdf,2025-08-13T16:17:57.499119Z,2025-08-13T16:17:57.499119,Repository upload/modification; not established public disclosure
report_ec78c1f06296,report_ec78c1f06296_689cbadffcb29399e83ccf49,ReligiousFestivalsandDevelopment_May21.pdf,https://osf.io/download/argx2/,pdf,2025-08-13T16:18:39.726002Z,2025-08-13T16:18:39.726002,Repository upload/modification; not established public disclosure
report_ec78c1f06296,report_ec78c1f06296_689cbad189de62ba26d5a10e,Interaction-Stereotypes-and-Performance.pdf,https://osf.io/download/nsbv2/,pdf,2025-08-13T16:18:25.794542Z,2025-08-13T16:18:25.794542,Repository upload/modification; not established public disclosure
report_ec78c1f06296,report_ec78c1f06296_689cbab177543ca1933ccd61,Commercial_Imperialism-April21.pdf,https://osf.io/download/46fk5/,pdf,2025-08-13T16:17:53.304717Z,2025-08-13T16:17:53.304717,Repository upload/modification; not established public disclosure
report_ec78c1f06296,report_ec78c1f06296_689cbad75b1a416a873cce1a,Merchant-Towns-May10.pdf,https://osf.io/download/ugjh4/,pdf,2025-08-13T16:18:31.445501Z,2025-08-13T16:18:31.445501,Repository upload/modification; not established public disclosure
report_ec78c1f06296,report_ec78c1f06296_689cbae546c026ea11bc0de6,TechnologicalChange_May21.pdf,https://osf.io/download/4qtvr/,pdf,2025-08-13T16:18:45.433634Z,2025-08-13T16:18:45.433634,Repository upload/modification; not established public disclosure
report_ec78c1f06296,report_ec78c1f06296_689cbacd33dc6bbf8c13c4a3,GoingtoaBetterSchool.pdf,https://osf.io/download/knupq/,pdf,2025-08-13T16:18:21.342521Z,2025-08-13T16:18:21.342521,Repository upload/modification; not established public disclosure
report_ec78c1f06296,report_ec78c1f06296_689cbab877543ca1933ccd65,DiscretionaryTaxChangesUK_JK-DC_5_4_2023.pdf,https://osf.io/download/er9tb/,pdf,2025-08-13T16:18:00.994673Z,2025-08-13T16:18:00.994673,Repository upload/modification; not established public disclosure
report_ec78c1f06296,report_ec78c1f06296_689cbad07f0801bdd613c7ba,InnovationAndInstitutionalOwnership_May10.pdf,https://osf.io/download/mhtre/,pdf,2025-08-13T16:18:24.185791Z,2025-08-13T16:18:24.185791,Repository upload/modification; not established public disclosure
report_ec78c1f06296,report_ec78c1f06296_689cbadc14edc3b7e0d5a231,OutofAfrica-April11.pdf,https://osf.io/download/f3786/,pdf,2025-08-13T16:18:36.133730Z,2025-08-13T16:18:36.133730,Repository upload/modification; not established public disclosure
report_ec78c1f06296,report_ec78c1f06296_689cbae76deea60631bc0a80,Vulnerability and Clientelism.pdf,https://osf.io/download/dw78a/,pdf,2025-08-13T16:18:47.815966Z,2025-08-13T16:18:47.815966,Repository upload/modification; not established public disclosure
report_ec78c1f06296,report_ec78c1f06296_689cbab13f91f5a3af3ccee8,CoerciveContractEnforcementApril19.pdf,https://osf.io/download/vmdhx/,pdf,2025-08-13T16:17:53.225411Z,2025-08-13T16:17:53.225411,Repository upload/modification; not established public disclosure
report_ec78c1f06296,report_ec78c1f06296_689cbad514edc3b7e0d5a22f,Language-and-Saving-April21.pdf,https://osf.io/download/gc9aq/,pdf,2025-08-13T16:18:29.324393Z,2025-08-13T16:18:29.324393,Repository upload/modification; not established public disclosure
report_ec78c1f06296,report_ec78c1f06296_689cbadebbdc58ba53d5a0fb,PersuasionThroughSlantedLanguage.pdf,https://osf.io/download/5jthn/,pdf,2025-08-13T16:18:38.496989Z,2025-08-13T16:18:38.496989,Repository upload/modification; not established public disclosure
report_ec78c1f06296,report_ec78c1f06296_660572c4fe44ca02c42b6a54,significance2.eps,https://osf.io/download/660572c4fe44ca02c42b6a54/,eps,2024-03-28T13:38:12.904365Z,2024-03-28T13:38:12.904365,Repository upload/modification; not established public disclosure
report_ec78c1f06296,report_ec78c1f06296_6605729d58fa4902c6e4ed50,SummaryFSPresults.tex,https://osf.io/download/6605729d58fa4902c6e4ed50/,tex,2024-03-28T13:37:33.678675Z,2024-03-28T13:37:33.678675,Repository upload/modification; not established public disclosure
report_ec78c1f06296,report_ec78c1f06296_660572aaeb56f0039c8a3698,Survey_Clean_merged_final.dta,https://osf.io/download/660572aaeb56f0039c8a3698/,dta,2024-03-28T13:37:46.756790Z,2024-03-28T13:37:46.756790,Repository upload/modification; not established public disclosure
report_ec78c1f06296,report_ec78c1f06296_660572abfe44ca02c02b691a,AER_robustness2.tex,https://osf.io/download/660572abfe44ca02c02b691a/,tex,2024-03-28T13:37:47.467389Z,2024-03-28T13:37:47.467389,Repository upload/modification; not established public disclosure
report_ec78c1f06296,report_ec78c1f06296_660572d101fc9c0366316809,Tz_distribution_norm_censored2.eps,https://osf.io/download/tdwhe/,eps,2024-03-28T13:38:25.518701Z,2024-03-28T13:38:25.518701,Repository upload/modification; not established public disclosure
report_ec78c1f06296,report_ec78c1f06296_660572a0bfea1d02c75a3954,SummaryFSPresults.txt,https://osf.io/download/660572a0bfea1d02c75a3954/,txt,2024-03-28T13:37:36.430157Z,2024-03-28T13:37:36.430157,Repository upload/modification; not established public disclosure
report_ec78c1f06296,report_ec78c1f06296_660572bdfe44ca02c42b6a4c,Survey1.eps,https://osf.io/download/660572bdfe44ca02c42b6a4c/,eps,2024-03-28T13:38:05.736186Z,2024-03-28T13:38:05.736186,Repository upload/modification; not established public disclosure
report_ec78c1f06296,report_ec78c1f06296_660572c7fe44ca02bf2b6903,significance.eps,https://osf.io/download/660572c7fe44ca02bf2b6903/,eps,2024-03-28T13:38:15.606707Z,2024-03-28T13:38:15.606707,Repository upload/modification; not established public disclosure
report_ec78c1f06296,report_ec78c1f06296_660572adfe44ca02c42b6a32,AER_robustness2a.tex,https://osf.io/download/660572adfe44ca02c42b6a32/,tex,2024-03-28T13:37:49.429757Z,2024-03-28T13:37:49.429757,Repository upload/modification; not established public disclosure
report_ec78c1f06296,report_ec78c1f06296_660572aebfea1d02ca5a3984,predictions_RESP_result1.eps,https://osf.io/download/660572aebfea1d02ca5a3984/,eps,2024-03-28T13:37:50.231648Z,2024-03-28T13:37:50.231648,Repository upload/modification; not established public disclosure
report_ec78c1f06296,report_ec78c1f06296_660572a858fa4902bee4f00a,AER_robustness3a.tex,https://osf.io/download/bzvj7/,tex,2024-03-28T13:37:44.444132Z,2024-03-28T13:37:44.444132,Repository upload/modification; not established public disclosure
report_ec78c1f06296,report_ec78c1f06296_660572b9bfea1d02cf5a3a4e,predictions_FSP_resultp2.eps,https://osf.io/download/660572b9bfea1d02cf5a3a4e/,eps,2024-03-28T13:38:01.544325Z,2024-03-28T13:38:01.544325,Repository upload/modification; not established public disclosure
report_ec78c1f06296,report_ec78c1f06296_660572a758fa4902c7e4ed80,AER_robustness3.tex,https://osf.io/download/660572a758fa4902c7e4ed80/,tex,2024-03-28T13:37:43.387760Z,2024-03-28T13:37:43.387760,Repository upload/modification; not established public disclosure
report_ec78c1f06296,report_ec78c1f06296_660572b4bfea1d02cb5a39fa,predictions_FSP_result2a.eps,https://osf.io/download/660572b4bfea1d02cb5a39fa/,eps,2024-03-28T13:37:56.747855Z,2024-03-28T13:37:56.747855,Repository upload/modification; not established public disclosure
report_ec78c1f06296,report_ec78c1f06296_660572c801fc9c0366316805,Tz_distribution_norm_censored.eps,https://osf.io/download/660572c801fc9c0366316805/,eps,2024-03-28T13:38:16.696030Z,2024-03-28T13:38:16.696030,Repository upload/modification; not established public disclosure
report_ec78c1f06296,report_ec78c1f06296_660572bf58fa4902bee4f018,AER_robustness1a.tex,https://osf.io/download/dn9gw/,tex,2024-03-28T13:38:07.302005Z,2024-03-28T13:38:07.302005,Repository upload/modification; not established public disclosure
report_ec78c1f06296,report_ec78c1f06296_660572cffe44ca02bc2b68f2,variation.eps,https://osf.io/download/mdy9r/,eps,2024-03-28T13:38:23.985579Z,2024-03-28T13:38:23.985579,Repository upload/modification; not established public disclosure
report_ec78c1f06296,report_ec78c1f06296_660572a2bfea1d02ca5a3981,SquaredRESPError.eps,https://osf.io/download/660572a2bfea1d02ca5a3981/,eps,2024-03-28T13:37:38.272817Z,2024-03-28T13:37:38.272817,Repository upload/modification; not established public disclosure
report_ec78c1f06296,report_ec78c1f06296_660572d3eb56f003978a361d,Dfbeta_Tz_distribution_norm_censored.eps,https://osf.io/download/vfzkc/,eps,2024-03-28T13:38:27.716510Z,2024-03-28T13:38:27.716510,Repository upload/modification; not established public disclosure
report_ec78c1f06296,report_ec78c1f06296_660572b258fa4902bee4f012,predictions_FSP_result3.eps,https://osf.io/download/660572b258fa4902bee4f012/,eps,2024-03-28T13:37:54.982729Z,2024-03-28T13:37:54.982729,Repository upload/modification; not established public disclosure
report_ec78c1f06296,report_ec78c1f06296_660572bc58fa4902c6e4ed6c,predictions_FSP_result2.eps,https://osf.io/download/660572bc58fa4902c6e4ed6c/,eps,2024-03-28T13:38:04.446724Z,2024-03-28T13:38:04.446724,Repository upload/modification; not established public disclosure
report_ec78c1f06296,report_ec78c1f06296_660572c401fc9c03633167f2,AppendixTable3.eps,https://osf.io/download/660572c401fc9c03633167f2/,eps,2024-03-28T13:38:13.018855Z,2024-03-28T13:38:13.018855,Repository upload/modification; not established public disclosure
report_ec78c1f06296,report_ec78c1f06296_6605729f58fa4902c7e4ed77,Survey_Clean_merged_final1.dta,https://osf.io/download/6605729f58fa4902c7e4ed77/,dta,2024-03-28T13:37:35.388247Z,2024-03-28T13:37:35.388247,Repository upload/modification; not established public disclosure
report_ec78c1f06296,report_ec78c1f06296_660572b5fe44ca02c42b6a41,predictions_FSP_result2b.eps,https://osf.io/download/660572b5fe44ca02c42b6a41/,eps,2024-03-28T13:37:57.873861Z,2024-03-28T13:37:57.873861,Repository upload/modification; not established public disclosure
report_ec78c1f06296,report_ec78c1f06296_660572b9eb56f0039d8a3654,predictions_FSP_result.eps,https://osf.io/download/660572b9eb56f0039d8a3654/,eps,2024-03-28T13:38:01.547842Z,2024-03-28T13:38:01.547842,Repository upload/modification; not established public disclosure
report_ec78c1f06296,report_ec78c1f06296_660572cd01fc9c035e3167af,variation_paper1.eps,https://osf.io/download/cyzbe/,eps,2024-03-28T13:38:21.197699Z,2024-03-28T13:38:21.197699,Repository upload/modification; not established public disclosure
report_ec78c1f06296,report_ec78c1f06296_660572c158fa4902b9e4ed7a,AER_robustness1_appendix.tex,https://osf.io/download/660572c158fa4902b9e4ed7a/,tex,2024-03-28T13:38:09.210680Z,2024-03-28T13:38:09.210680,Repository upload/modification; not established public disclosure
report_ec78c1f06296,report_ec78c1f06296_660572ca58fa4902bde4eebc,Rel_tz_median.eps,https://osf.io/download/660572ca58fa4902bde4eebc/,eps,2024-03-28T13:38:18.586094Z,2024-03-28T13:38:18.586094,Repository upload/modification; not established public disclosure
report_ec78c1f06296,report_ec78c1f06296_660572b0bfea1d02cf5a3a48,predictions_RESP_result2p.eps,https://osf.io/download/660572b0bfea1d02cf5a3a48/,eps,2024-03-28T13:37:52.195393Z,2024-03-28T13:37:52.195393,Repository upload/modification; not established public disclosure
report_ec78c1f06296,report_ec78c1f06296_660572c2bfea1d02ce5a3a21,AER_robustness1.tex,https://osf.io/download/660572c2bfea1d02ce5a3a21/,tex,2024-03-28T13:38:10.065307Z,2024-03-28T13:38:10.065307,Repository upload/modification; not established public disclosure
report_ec78c1f06296,report_ec78c1f06296_660572ce58fa4902c7e4eeb5,significance_result.eps,https://osf.io/download/m5hev/,eps,2024-03-28T13:38:22.565533Z,2024-03-28T13:38:22.565533,Repository upload/modification; not established public disclosure
report_ec78c1f06296,report_ec78c1f06296_660572a5bfea1d02cf5a3a46,AER_robustness4.tex,https://osf.io/download/660572a5bfea1d02cf5a3a46/,tex,2024-03-28T13:37:41.773243Z,2024-03-28T13:37:41.773243,Repository upload/modification; not established public disclosure
report_ec78c1f06296,report_ec78c1f06296_660572a458fa4902bee4f000,AER_robustness4_appendix.tex,https://osf.io/download/660572a458fa4902bee4f000/,tex,2024-03-28T13:37:40.169765Z,2024-03-28T13:37:40.169765,Repository upload/modification; not established public disclosure
report_ec78c1f06296,report_ec78c1f06296_660572b101fc9c036a3168ec,predictions_RESP_result.eps,https://osf.io/download/660572b101fc9c036a3168ec/,eps,2024-03-28T13:37:53.976607Z,2024-03-28T13:37:53.976607,Repository upload/modification; not established public disclosure
report_ec7dbde1767c,report_ec7dbde1767c_66b3764cc8561529ba9b3a26,Replication Games Collins et al 2024-07-24.pdf,https://osf.io/download/e7kxr/,pdf,2024-08-07T13:27:40.273915Z,2024-08-07T13:27:40.273915,Repository upload/modification; not established public disclosure
report_ec8d68edcc23,report_ec8d68edcc23_6a9c563bf768e76d0f3dbc49,arceo_2016_rep_games.pdf,https://osf.io/download/6a9c563bf768e76d0f3dbc49/,pdf,2026-09-05T17:49:47.569190Z,2026-09-05T17:49:47.569190,Repository upload/modification; not established public disclosure
report_ed2409828557,report_ed2409828557_6a8f85c9215fa1f6081f6152,Replication_Arora_AEJ2023_Jul24.pdf,https://osf.io/download/6a8f85c9215fa1f6081f6152/,pdf,2026-08-27T00:33:13.095948Z,2026-08-27T00:33:13.095948,Repository upload/modification; not established public disclosure
report_ed6b80f144ed,report_ed6b80f144ed_6a956d066ba2cfe947fb86fb,Authors_additional_codes.do,https://osf.io/download/6a956d066ba2cfe947fb86fb/,do,2026-08-31T12:01:11.098723Z,2026-08-31T12:01:11.098723,Repository upload/modification; not established public disclosure
report_ed6b80f144ed,report_ed6b80f144ed_6a956d0191ad408935fb875e,Authors_response.pdf,https://osf.io/download/2n4ec/,pdf,2026-08-31T12:01:05.097379Z,2026-08-31T12:01:05.097379,Repository upload/modification; not established public disclosure
report_ed6b80f144ed,report_ed6b80f144ed_6a956cc9e3d5591694e36bf0,Replicators_Report.pdf,https://osf.io/download/36dra/,pdf,2026-08-31T12:00:09.800681Z,2026-08-31T12:00:09.800681,Repository upload/modification; not established public disclosure
report_ed6b80f144ed,report_ed6b80f144ed_6a956cda91ad408935fb870c,Final_ZIP.zip,https://osf.io/download/6a956cda91ad408935fb870c/,zip,2026-08-31T12:00:26.798544Z,2026-08-31T12:00:26.798544,Repository upload/modification; not established public disclosure
report_ee1c0db6337d,report_ee1c0db6337d_6a8db818a27c06fa788e079d,A reproduction report on Genakos and Pagliero_PhamTalaveraWuZhang_with tables.pdf,https://osf.io/download/6a8db818a27c06fa788e079d/,pdf,2026-08-25T15:43:20.971076Z,2026-08-25T15:43:20.971076,Repository upload/modification; not established public disclosure
report_ee21fd8d8139,report_ee21fd8d8139_698ce5ba6ce767bb4ac72a82,Pavlov_Investigating Inattentional Blindness Through the Lens of Fear Chemosignals_Template Replication Report Psych Science.pdf,https://osf.io/download/njme9/,pdf,2026-02-11T20:25:30.316119Z,2026-02-11T20:25:30.316119,Repository upload/modification; not established public disclosure
report_ee38b5cf0c36,report_ee38b5cf0c36_6a79c776e1f7606c196d36fd,Reproduction Report.pdf,https://osf.io/download/enc3g/,pdf,2026-08-10T12:43:34.647363Z,2026-08-10T12:43:34.647363,Repository upload/modification; not established public disclosure
report_ee6fa60a20bd,report_ee6fa60a20bd_6a8300554f615ee65bedd827,Replication-WorkingDoc-2025-06-23.pdf,https://osf.io/download/vmjf4/,pdf,2026-08-17T12:36:37.867152Z,2026-08-17T12:36:37.867152,Repository upload/modification; not established public disclosure
report_ee9729d69397,report_ee9729d69397_6a8db3f712b3c3abcf8e07d5,comment on andersson.pdf,https://osf.io/download/kfh4b/,pdf,2026-08-25T15:25:43.221397Z,2026-08-25T15:25:43.221397,Repository upload/modification; not established public disclosure
report_f65390241feb,report_f65390241feb_65eefc374dfd8c0bf127fa3c,Replication_Brouwer_et_al_2022_EJ (2) (002).pdf,https://osf.io/download/a3ze2/,pdf,2024-03-11T12:42:32.022508Z,2024-03-11T12:42:32.022508,Repository upload/modification; not established public disclosure
report_f6b9ffef58cb,report_f6b9ffef58cb_6a91a365e953445174136480,Reproduction report.pdf,https://osf.io/download/tya3z/,pdf,2026-08-28T15:04:06.007949Z,2026-08-28T15:04:06.007949,Repository upload/modification; not established public disclosure
report_f6b9ffef58cb,report_f6b9ffef58cb_6a91a35ce953445174136470,Riley response 0826.pdf,https://osf.io/download/6a91a35ce953445174136470/,pdf,2026-08-28T15:03:56.895693Z,2026-08-28T15:03:56.895693,Repository upload/modification; not established public disclosure
report_f7e5230b8c75,report_f7e5230b8c75_65ef0784e5e51c0c62bc556b,rodrigues_wright_versioning.pdf,https://osf.io/download/y2xqg/,pdf,2024-03-11T13:30:44.481097Z,2024-03-11T13:30:44.481097,Repository upload/modification; not established public disclosure
report_f7f8e5b7ec44,report_f7f8e5b7ec44_66b39a66e683049ff7933023,second_replication_220724.pdf,https://osf.io/download/3exvf/,pdf,2024-08-07T16:01:42.107211Z,2024-08-07T16:01:42.107211,Repository upload/modification; not established public disclosure
report_f8f4a01aaac4,report_f8f4a01aaac4_675c2ffe8b57bccf26ea0b15,Authors First Response.pdf,https://osf.io/download/vmq39/,pdf,2024-12-13T13:00:46.122408Z,2024-12-13T13:00:46.122408,Repository upload/modification; not established public disclosure
report_f8f4a01aaac4,report_f8f4a01aaac4_6762c978a50928e28d484a62,Reproduction by Delpeyrou and Bertoli.pdf,https://osf.io/download/tf3qb/,pdf,2024-12-18T13:09:12.208149Z,2024-12-18T13:09:12.208149,Repository upload/modification; not established public disclosure
report_f9082a063d37,report_f9082a063d37_6a9038bec56215332628bede,Reproduction report 1.pdf,https://osf.io/download/f7vcn/,pdf,2026-08-27T13:16:46.953387Z,2026-08-27T13:16:46.953387,Repository upload/modification; not established public disclosure
report_f9082a063d37,report_f9082a063d37_6a9038ba2bc48aacfee39f72,Reproduction report 2.pdf,https://osf.io/download/fn2c5/,pdf,2026-08-27T13:16:42.723226Z,2026-08-27T13:16:42.723226,Repository upload/modification; not established public disclosure
report_f92779f10701,report_f92779f10701_6a7a1ed5eee6a966776a5aab,Report NHB Carbuccia 2025 Gauriot Hu Konopa Timilsena March 2026.pdf,https://osf.io/download/2mcxk/,pdf,2026-08-10T18:56:21.718387Z,2026-08-10T18:56:21.718387,Repository upload/modification; not established public disclosure
report_f92779f10701,report_f92779f10701_6a7a1ed0443322cea9692ba4,Code Report NHB Carbuccia 2025 Gauriot Hu Konopa Timilsena.zip,https://osf.io/download/5xn8j/,zip,2026-08-10T18:56:16.837773Z,2026-08-10T18:56:16.837773,Repository upload/modification; not established public disclosure
report_fd4ca10d5639,report_fd4ca10d5639_6a22c8d5b955ea17088f95e2,Reproduction_Wu2024_v2.pdf,https://osf.io/download/pb6ns/,pdf,2026-06-05T13:02:13.803626Z,2026-06-05T13:02:13.803626,Repository upload/modification; not established public disclosure
report_ff0cd29c98e7,report_ff0cd29c98e7_6a21705d547dc1339f99cd40,"Snyder, Bernales, & Snyder Template Replication Report Psych Science - FInal.pdf",https://osf.io/download/am5d2/,pdf,2026-06-04T12:32:29.336489Z,2026-06-04T12:32:29.336489,Repository upload/modification; not established public disclosure
report_ffebba29c24d,report_ffebba29c24d_6a3d42b08f55348426b0db5e,Replicators_Replication_package v2.zip,https://osf.io/download/nwuja/,zip,2026-06-25T15:01:04.366359Z,2026-06-25T15:01:04.366359,Repository upload/modification; not established public disclosure
report_ffebba29c24d,report_ffebba29c24d_6a3d42aafd9190010e675963,Replication_Report_revision June 26 .pdf,https://osf.io/download/npkje/,pdf,2026-06-25T15:00:58.469578Z,2026-06-25T15:00:58.469578,Repository upload/modification; not established public disclosure
report_ffebba29c24d,report_ffebba29c24d_6a3d439c68971df21d67592e,Reproduction_Report (dec 18).pdf,https://osf.io/download/pxy3q/,pdf,2026-06-25T15:05:00.105769Z,2026-06-25T15:05:00.105769,Repository upload/modification; not established public disclosure
report_ffebba29c24d,report_ffebba29c24d_6a3d42dbfd9190010e675997,Response_Authors_Replication March 18.pdf,https://osf.io/download/65r4g/,pdf,2026-06-25T15:01:47.211325Z,2026-06-25T15:01:47.211325,Repository upload/modification; not established public disclosure
report_ffebba29c24d,report_ffebba29c24d_6a3d438de926c21548b0dc61,Response_Authors_Reproducibility (Nov 26).pdf,https://osf.io/download/xnj9p/,pdf,2026-06-25T15:04:45.218342Z,2026-06-25T15:04:45.218342,Repository upload/modification; not established public disclosure
dp_107,dp_107_65db793847a5b70339410232,replication_adams2023_PDF.pdf,https://osf.io/download/t23rd/,pdf,2024-02-25T17:30:32.757865Z,2024-02-25T17:30:32.757865,Repository upload/modification; not established public disclosure
dp_107,dp_107_65f1db848520371010880b0b,Do Thank You Calls Increase Charitable Giving (002).pdf,https://osf.io/download/fweps/,pdf,2024-03-13T16:59:48.289664Z,2024-03-13T16:59:48.289664,Repository upload/modification; not established public disclosure
dp_107,dp_107_65eef9518992ec0c4078865b,The_Economic_Effects_of_Long_Term_Climate_Change_Evidence_from_the_Little_Ice_Age_Replication.pdf,https://osf.io/download/y9g73/,pdf,2024-03-11T12:30:09.178039Z,2024-03-11T12:30:09.178039,Repository upload/modification; not established public disclosure
dp_107,dp_107_65eef957719c060c2ad49a41,LIAreplication_reply.pdf,https://osf.io/download/mxucp/,pdf,2024-03-11T12:30:15.449312Z,2024-03-11T12:30:15.449312,Repository upload/modification; not established public disclosure
dp_107,dp_107_nwds7,Cognitive flexibility assessment,https://osf.io/nwds7/download,pdf,,,
dp_107,dp_107_saccardo_original,Saccardo_Serra_Garcia_2023.pdf,https://par.nsf.gov/servlets/purl/10473378,pdf,,,
