source_id,review_status,classification,target_title,target_doi,evidence_summary,evidence_pages,review_scope,related_sources,assessment_eligibility,assessment_resolved
dp_001,targeted_body_review,robustness_or_replication_concern,,,Spurious panel-IV inference; earlier circulated title explicitly mentioned. Specific article-level classifications and earlier public version need review.,"[4, 48]","PDF abstract/introduction read; where status is targeted_body_review, selected reproducibility/conclusion/error passages also read. Not an exhaustive line-by-line review or independent rerun. Earliest public exposure requires separate verification.",,unresolved,no
dp_002,abstract_introduction_screen_only,general_methods_or_meta_research,,,Simulation of questionable research practices; no individual original-paper error exposure established.,[4],"PDF abstract/introduction read; where status is targeted_body_review, selected reproducibility/conclusion/error passages also read. Not an exhaustive line-by-line review or independent rerun. Earliest public exposure requires separate verification.",,unresolved,no
dp_003,abstract_introduction_screen_only,general_methods_or_meta_research,,,"General model of replication rates; body notes a misreported psychology p-value in source data, without material target-paper correction established.",[4],"PDF abstract/introduction read; where status is targeted_body_review, selected reproducibility/conclusion/error passages also read. Not an exhaustive line-by-line review or independent rerun. Earliest public exposure requires separate verification.",,unresolved,no
dp_004,targeted_body_review,favorable_or_no_material_error_reported,,,Hunt and Gauthier-Loiselle immigration/innovation replication and shift-share diagnostics support results.,"[4, 5]","PDF abstract/introduction read; where status is targeted_body_review, selected reproducibility/conclusion/error passages also read. Not an exhaustive line-by-line review or independent rerun. Earliest public exposure requires separate verification.",,unresolved,no
dp_005,targeted_body_review,favorable_or_no_material_error_reported,,,Heft-Neal et al dust/infant mortality replication supports main IV findings.,"[4, 6]","PDF abstract/introduction read; where status is targeted_body_review, selected reproducibility/conclusion/error passages also read. Not an exhaustive line-by-line review or independent rerun. Earliest public exposure requires separate verification.",,unresolved,no
dp_006,abstract_introduction_screen_only,general_methods_or_meta_research,,,"Aggregate political-science power audit, not demonstrated individual errors from this screening.",[4],"PDF abstract/introduction read; where status is targeted_body_review, selected reproducibility/conclusion/error passages also read. Not an exhaustive line-by-line review or independent rerun. Earliest public exposure requires separate verification.",,unresolved,no
dp_007,targeted_body_review,favorable_or_no_material_error_reported,,,"Tsai, Trinh and Liu anti-corruption study reproduced; extension to economic performance.","[4, 8]","PDF abstract/introduction read; where status is targeted_body_review, selected reproducibility/conclusion/error passages also read. Not an exhaustive line-by-line review or independent rerun. Earliest public exposure requires separate verification.",,unresolved,no
dp_008,abstract_introduction_screen_only,general_methods_or_meta_research,,,Aggregate MTurk p-hacking/publication-bias study; individual-error exposure not established.,[4],"PDF abstract/introduction read; where status is targeted_body_review, selected reproducibility/conclusion/error passages also read. Not an exhaustive line-by-line review or independent rerun. Earliest public exposure requires separate verification.",,unresolved,no
dp_009,targeted_body_review,robustness_or_replication_concern,,,Reference mortality standard and disease-environment adjustments reconcile missing-women estimates; methodological distinction needs full adjudication.,"[4, 29]","PDF abstract/introduction read; where status is targeted_body_review, selected reproducibility/conclusion/error passages also read. Not an exhaustive line-by-line review or independent rerun. Earliest public exposure requires separate verification.",,unresolved,no
dp_010,targeted_body_review,robustness_or_replication_concern,,,"Kertzer elite/public gap replication largely supports results; concern about weak manipulations, not demonstrated coding error.","[4, 6]","PDF abstract/introduction read; where status is targeted_body_review, selected reproducibility/conclusion/error passages also read. Not an exhaustive line-by-line review or independent rerun. Earliest public exposure requires separate verification.",,unresolved,no
dp_011,abstract_introduction_screen_only,general_methods_or_meta_research,,,Aggregate air-pollution exaggeration and simulation study; individual-error exposure not established.,[4],"PDF abstract/introduction read; where status is targeted_body_review, selected reproducibility/conclusion/error passages also read. Not an exhaustive line-by-line review or independent rerun. Earliest public exposure requires separate verification.",,unresolved,no
dp_012,targeted_body_review,favorable_or_no_material_error_reported,,,Settele gender-wage-gap belief/policy-demand results supported.,"[4, 6]","PDF abstract/introduction read; where status is targeted_body_review, selected reproducibility/conclusion/error passages also read. Not an exhaustive line-by-line review or independent rerun. Earliest public exposure requires separate verification.",,unresolved,no
dp_013,abstract_introduction_screen_only,general_methods_or_meta_research,,,Review of replication prevalence and incentives.,[4],"PDF abstract/introduction read; where status is targeted_body_review, selected reproducibility/conclusion/error passages also read. Not an exhaustive line-by-line review or independent rerun. Earliest public exposure requires separate verification.",,unresolved,no
dp_014,abstract_introduction_screen_only,general_methods_or_meta_research,,,Transparency/open-data census; not individual error classifications.,[4],"PDF abstract/introduction read; where status is targeted_body_review, selected reproducibility/conclusion/error passages also read. Not an exhaustive line-by-line review or independent rerun. Earliest public exposure requires separate verification.",,unresolved,no
dp_015,targeted_body_review,minor_error_or_materiality_unresolved,Schooling and Labor Market Consequences of School Construction in Indonesia: Evidence from an Unusual Policy Experiment,10.1257/aer.91.4.795,"Actual transcription errors affect about10% of regency treatment intensities, but paper combines corrections with clustering/weighting/identification changes; isolated error materiality unresolved.","[5, 12, 13, 14]","PDF abstract/introduction read; where status is targeted_body_review, selected reproducibility/conclusion/error passages also read. Not an exhaustive line-by-line review or independent rerun. Earliest public exposure requires separate verification.",,unresolved,no
dp_016,targeted_body_review,robustness_or_replication_concern,,,Altindag lockdown RD supports main claims; bandwidth sensitivity is not demonstrated error. Missing unhappiness item in questionnaire appendix clarified as documentation error; index did include item.,"[4, 7]","PDF abstract/introduction read; where status is targeted_body_review, selected reproducibility/conclusion/error passages also read. Not an exhaustive line-by-line review or independent rerun. Earliest public exposure requires separate verification.",,unresolved,no
dp_017,abstract_introduction_screen_only,author_reply,,,Reply to dp016 supports original results using wider specification universe.,[4],"PDF abstract/introduction read; where status is targeted_body_review, selected reproducibility/conclusion/error passages also read. Not an exhaustive line-by-line review or independent rerun. Earliest public exposure requires separate verification.",,unresolved,no
dp_018,abstract_introduction_screen_only,general_methods_or_meta_research,,,Conceptual framework for construct/external/internal validity.,[4],"PDF abstract/introduction read; where status is targeted_body_review, selected reproducibility/conclusion/error passages also read. Not an exhaustive line-by-line review or independent rerun. Earliest public exposure requires separate verification.",,unresolved,no
dp_019,targeted_body_review,favorable_or_no_material_error_reported,,,Gethin/Martinez-Toledano/Piketty voting-cleavage results largely robust. Body refers to minor reproduction error; not established material.,"[4, 5]","PDF abstract/introduction read; where status is targeted_body_review, selected reproducibility/conclusion/error passages also read. Not an exhaustive line-by-line review or independent rerun. Earliest public exposure requires separate verification.",,unresolved,no
dp_020,targeted_body_review,material_error_documented_in_body,Cooperative Property Rights and Development: Evidence from Land Reform in El Salvador,,Duplicates and failure to implement stated minimum cell-size restriction undermine income and inequality claims; agricultural productivity claims not implicated.,"[6, 7, 8, 9, 10]","PDF abstract/introduction read; where status is targeted_body_review, selected reproducibility/conclusion/error passages also read. Not an exhaustive line-by-line review or independent rerun. Earliest public exposure requires separate verification.",,unresolved,no
dp_021,targeted_body_review,material_error_documented_in_body,Paid Parental Leave and Children’s Schooling Outcomes,,Single plausible value and omission of imputation/survey-design uncertainty undermine reported parental-leave subgroup precision. Prior2020workingpaper explicitly disclosed.,"[6, 7, 8, 9, 10, 11]","PDF abstract/introduction read; where status is targeted_body_review, selected reproducibility/conclusion/error passages also read. Not an exhaustive line-by-line review or independent rerun. Earliest public exposure requires separate verification.",,unresolved,no
dp_022,abstract_introduction_screen_only,general_methods_or_meta_research,,,RD-methods audit could supply separate multi-paper cohort; individual erroneous inference requires paper-level appendix/data extraction.,[4],"PDF abstract/introduction read; where status is targeted_body_review, selected reproducibility/conclusion/error passages also read. Not an exhaustive line-by-line review or independent rerun. Earliest public exposure requires separate verification.",,unresolved,no
dp_023,targeted_body_review,robustness_or_replication_concern,,,Data-vintage sensitivity across three papers; not demonstrated original coding errors.,"[4, 22]","PDF abstract/introduction read; where status is targeted_body_review, selected reproducibility/conclusion/error passages also read. Not an exhaustive line-by-line review or independent rerun. Earliest public exposure requires separate verification.",,unresolved,no
dp_024,targeted_body_review,favorable_or_no_material_error_reported,,,Dhar gender-attitudes experiment robust; body notes code/text discrepancies without material effects.,"[4, 9]","PDF abstract/introduction read; where status is targeted_body_review, selected reproducibility/conclusion/error passages also read. Not an exhaustive line-by-line review or independent rerun. Earliest public exposure requires separate verification.",,unresolved,no
dp_025,targeted_body_review,favorable_or_no_material_error_reported,,,Arthi/Beach/Hanlon cotton-famine mortality results reproduced and robust.,"[4, 7]","PDF abstract/introduction read; where status is targeted_body_review, selected reproducibility/conclusion/error passages also read. Not an exhaustive line-by-line review or independent rerun. Earliest public exposure requires separate verification.",,unresolved,no
dp_026,targeted_body_review,robustness_or_replication_concern,,,Andersson carbon-tax synthetic control has minor optimizer-option issue; almost identical estimate−.30vs−.29; alternative specifications change precision.,"[4, 6]","PDF abstract/introduction read; where status is targeted_body_review, selected reproducibility/conclusion/error passages also read. Not an exhaustive line-by-line review or independent rerun. Earliest public exposure requires separate verification.",,unresolved,no
dp_027,targeted_body_review,favorable_or_no_material_error_reported,,,"Borowiecki teacher influence largely robust; incomplete rawdata and nonrandom pairing concerns, no demonstrated consequential error.","[4, 6]","PDF abstract/introduction read; where status is targeted_body_review, selected reproducibility/conclusion/error passages also read. Not an exhaustive line-by-line review or independent rerun. Earliest public exposure requires separate verification.",,unresolved,no
dp_028,targeted_body_review,favorable_or_no_material_error_reported,,,Frederiksen competence/undemocratic tolerance reproduced and robust.,"[4, 5]","PDF abstract/introduction read; where status is targeted_body_review, selected reproducibility/conclusion/error passages also read. Not an exhaustive line-by-line review or independent rerun. Earliest public exposure requires separate verification.",,unresolved,no
dp_029,targeted_body_review,minor_error_or_materiality_unresolved,,,Gsottbauer status/ethics has rounding/transcription issues; conclusions supported. Body also changes covariate treatment/imputation; alternative coding not automatically objective error.,"[4, 8, 9]","PDF abstract/introduction read; where status is targeted_body_review, selected reproducibility/conclusion/error passages also read. Not an exhaustive line-by-line review or independent rerun. Earliest public exposure requires separate verification.",,unresolved,no
dp_030,targeted_body_review,robustness_or_replication_concern,,,Hjort/Poulsen some tables unreproduced and sample-sensitive; code-path fixes alone not proven explanation of substantive discrepancies.,"[4, 6]","PDF abstract/introduction read; where status is targeted_body_review, selected reproducibility/conclusion/error passages also read. Not an exhaustive line-by-line review or independent rerun. Earliest public exposure requires separate verification.",,unresolved,no
dp_031,abstract_introduction_screen_only,general_methods_or_meta_research,,,Aggregate selective reporting of placebo tests.,[4],"PDF abstract/introduction read; where status is targeted_body_review, selected reproducibility/conclusion/error passages also read. Not an exhaustive line-by-line review or independent rerun. Earliest public exposure requires separate verification.",,unresolved,no
dp_032,targeted_body_review,robustness_or_replication_concern,Historical Lynchings and the Contemporary Voting Behavior of Blacks,,Williams lynching critique removes outliers and registration rates>100; original paper already discussed this sensitivity. Do not code as newly demonstrated consequential error merely from abstract.,"[7, 9, 14]","PDF abstract/introduction read; where status is targeted_body_review, selected reproducibility/conclusion/error passages also read. Not an exhaustive line-by-line review or independent rerun. Earliest public exposure requires separate verification.",,unresolved,no
dp_033,targeted_body_review,robustness_or_replication_concern,,,Atwood measles vaccination earnings sensitivity; other outcomes robust.,"[4, 7]","PDF abstract/introduction read; where status is targeted_body_review, selected reproducibility/conclusion/error passages also read. Not an exhaustive line-by-line review or independent rerun. Earliest public exposure requires separate verification.",,unresolved,no
dp_034,targeted_body_review,favorable_or_no_material_error_reported,,,Henry/Zhuravskaya/Guriev fact-checking results supported despite control-handling inconsistency.,"[4, 8]","PDF abstract/introduction read; where status is targeted_body_review, selected reproducibility/conclusion/error passages also read. Not an exhaustive line-by-line review or independent rerun. Earliest public exposure requires separate verification.",,unresolved,no
dp_035,targeted_body_review,favorable_or_no_material_error_reported,,,Dincecco warfare/development mostly robust; alternate measures differ.,"[4, 21]","PDF abstract/introduction read; where status is targeted_body_review, selected reproducibility/conclusion/error passages also read. Not an exhaustive line-by-line review or independent rerun. Earliest public exposure requires separate verification.",,unresolved,no
dp_036,targeted_body_review,robustness_or_replication_concern,,,Bisbee/Honig COVID voting critique changes DID method and candidate definitions; original results reproduced.,"[4, 18]","PDF abstract/introduction read; where status is targeted_body_review, selected reproducibility/conclusion/error passages also read. Not an exhaustive line-by-line review or independent rerun. Earliest public exposure requires separate verification.",,unresolved,no
dp_037,targeted_body_review,favorable_or_no_material_error_reported,,,Laffitte/Toubal sales shifting robust to tax-haven definitions.,"[4, 10]","PDF abstract/introduction read; where status is targeted_body_review, selected reproducibility/conclusion/error passages also read. Not an exhaustive line-by-line review or independent rerun. Earliest public exposure requires separate verification.",,unresolved,no
dp_038,abstract_introduction_screen_only,general_methods_or_meta_research,,,General replication/reproducibility framework.,[4],"PDF abstract/introduction read; where status is targeted_body_review, selected reproducibility/conclusion/error passages also read. Not an exhaustive line-by-line review or independent rerun. Earliest public exposure requires separate verification.",,unresolved,no
dp_039,targeted_body_review,favorable_or_no_material_error_reported,,,Akhtari/Moreira/Trucco Brazil robust; Chile conceptual replication null; not original error.,"[4, 5]","PDF abstract/introduction read; where status is targeted_body_review, selected reproducibility/conclusion/error passages also read. Not an exhaustive line-by-line review or independent rerun. Earliest public exposure requires separate verification.",,unresolved,no
dp_040,targeted_body_review,favorable_or_no_material_error_reported,,,Alesina/Miano/Stancheva immigration misperceptions supported.,"[4, 6]","PDF abstract/introduction read; where status is targeted_body_review, selected reproducibility/conclusion/error passages also read. Not an exhaustive line-by-line review or independent rerun. Earliest public exposure requires separate verification.",,unresolved,no
dp_041,targeted_body_review,error_and_materiality_disputed,Gendered reactions to terrorist attacks can cause slumps not bumps,,Election-quarter coding changes global-analysisp.020→.058; reply disputes implications and accepts two other errors that do not change main conclusions. Materiality disputed.,"[5, 6, 7]","PDF abstract/introduction read; where status is targeted_body_review, selected reproducibility/conclusion/error passages also read. Not an exhaustive line-by-line review or independent rerun. Earliest public exposure requires separate verification.",,unresolved,no
dp_042,targeted_body_review,favorable_or_no_material_error_reported,,,Dertwinkel-Kalt concentration-bias findings reproduced.,"[4, 16]","PDF abstract/introduction read; where status is targeted_body_review, selected reproducibility/conclusion/error passages also read. Not an exhaustive line-by-line review or independent rerun. Earliest public exposure requires separate verification.",,unresolved,no
dp_043,targeted_body_review,favorable_or_no_material_error_reported,,,Altmann cognitive spillovers findings reproduced and robust.,"[4, 5]","PDF abstract/introduction read; where status is targeted_body_review, selected reproducibility/conclusion/error passages also read. Not an exhaustive line-by-line review or independent rerun. Earliest public exposure requires separate verification.",,unresolved,no
dp_044,targeted_body_review,author_reply,,,Reply to dp041; acknowledged corrections but rejects general inferential interpretation; includes proposed corrigendum.,"[5, 6, 7]","PDF abstract/introduction read; where status is targeted_body_review, selected reproducibility/conclusion/error passages also read. Not an exhaustive line-by-line review or independent rerun. Earliest public exposure requires separate verification.",,unresolved,no
dp_045,targeted_body_review,favorable_or_no_material_error_reported,,,Bokobza coup/purge findings reproduced and robust.,"[4, 6]","PDF abstract/introduction read; where status is targeted_body_review, selected reproducibility/conclusion/error passages also read. Not an exhaustive line-by-line review or independent rerun. Earliest public exposure requires separate verification.",,unresolved,no
dp_046,targeted_body_review,favorable_or_no_material_error_reported,,,Marcus/Siedler/Ziebarth vouchers findings reproduced; cohort labeling and FE note discrepancies appear minor.,"[4, 6]","PDF abstract/introduction read; where status is targeted_body_review, selected reproducibility/conclusion/error passages also read. Not an exhaustive line-by-line review or independent rerun. Earliest public exposure requires separate verification.",,unresolved,no
dp_047,targeted_body_review,favorable_or_no_material_error_reported,,,Goni marriage-market findings reproduced and robust.,"[4, 9]","PDF abstract/introduction read; where status is targeted_body_review, selected reproducibility/conclusion/error passages also read. Not an exhaustive line-by-line review or independent rerun. Earliest public exposure requires separate verification.",,unresolved,no
dp_048,targeted_body_review,favorable_or_no_material_error_reported,,,Hanushek patience/risk-taking generally robust; migrant risk-taking depends on OECD control.,"[4, 6]","PDF abstract/introduction read; where status is targeted_body_review, selected reproducibility/conclusion/error passages also read. Not an exhaustive line-by-line review or independent rerun. Earliest public exposure requires separate verification.",,unresolved,no
dp_049,targeted_body_review,minor_error_or_materiality_unresolved,Targeting High Ability Entrepreneurs Using Community Information: Mechanism Design in the Field,,Wrong variable ordering predicts income terciles from profits. Main claim survives but comparison of observables vs community rank changes for income; claim-level materiality needs adjudication.,"[6, 7]","PDF abstract/introduction read; where status is targeted_body_review, selected reproducibility/conclusion/error passages also read. Not an exhaustive line-by-line review or independent rerun. Earliest public exposure requires separate verification.",,unresolved,no
dp_050,targeted_body_review,favorable_or_no_material_error_reported,,,Hariri/Wingender military technology findings largely robust.,"[4, 5]","PDF abstract/introduction read; where status is targeted_body_review, selected reproducibility/conclusion/error passages also read. Not an exhaustive line-by-line review or independent rerun. Earliest public exposure requires separate verification.",,unresolved,no
dp_051,targeted_body_review,robustness_or_replication_concern,,,Gortz macro VAR results robust; DSGE package execution/posterior-mode problems not demonstrated substantive error.,"[4, 6, 7]","PDF abstract/introduction read; where status is targeted_body_review, selected reproducibility/conclusion/error passages also read. Not an exhaustive line-by-line review or independent rerun. Earliest public exposure requires separate verification.",,unresolved,no
dp_052,abstract_introduction_screen_only,general_methods_or_meta_research,,,Journal submission publication-bias study.,[4],"PDF abstract/introduction read; where status is targeted_body_review, selected reproducibility/conclusion/error passages also read. Not an exhaustive line-by-line review or independent rerun. Earliest public exposure requires separate verification.",,unresolved,no
dp_053,targeted_body_review,favorable_or_no_material_error_reported,,,"Okeke doctor supply findings robust; standard errors may be overly conservative, not adverse correction.","[4, 6]","PDF abstract/introduction read; where status is targeted_body_review, selected reproducibility/conclusion/error passages also read. Not an exhaustive line-by-line review or independent rerun. Earliest public exposure requires separate verification.",,unresolved,no
dp_054,targeted_body_review,favorable_or_no_material_error_reported,,,"Hollyer/Klasnja/Titiunik party/candidate results largely reproducible and robust. Open/closed-list summary statistics swapped, analysis unaffected.","[4, 6]","PDF abstract/introduction read; where status is targeted_body_review, selected reproducibility/conclusion/error passages also read. Not an exhaustive line-by-line review or independent rerun. Earliest public exposure requires separate verification.",,unresolved,no
dp_055,targeted_body_review,robustness_or_replication_concern,,,Leeson panhandling equality claim sensitive to alternate tests; not demonstrated coding error. ANOVA between/within row labels swapped; main adverse concern stems from alternate tests.,"[4, 5]","PDF abstract/introduction read; where status is targeted_body_review, selected reproducibility/conclusion/error passages also read. Not an exhaustive line-by-line review or independent rerun. Earliest public exposure requires separate verification.",,unresolved,no
dp_056,targeted_body_review,minor_error_or_materiality_unresolved,,,Eggertsson secular stagnation implementation has minor equation/code discrepancies; similar dynamics.,"[4, 12]","PDF abstract/introduction read; where status is targeted_body_review, selected reproducibility/conclusion/error passages also read. Not an exhaustive line-by-line review or independent rerun. Earliest public exposure requires separate verification.",,unresolved,no
dp_057,targeted_body_review,favorable_or_no_material_error_reported,,,Grier contributions/voting results largely supported.,"[4, 5]","PDF abstract/introduction read; where status is targeted_body_review, selected reproducibility/conclusion/error passages also read. Not an exhaustive line-by-line review or independent rerun. Earliest public exposure requires separate verification.",,unresolved,no
dp_058,targeted_body_review,robustness_or_replication_concern,,,56/3002feedback classifications inconsistent but correction not consequential; heterogeneous effects sensitive to model specification.,"[4, 6]","PDF abstract/introduction read; where status is targeted_body_review, selected reproducibility/conclusion/error passages also read. Not an exhaustive line-by-line review or independent rerun. Earliest public exposure requires separate verification.",,unresolved,no
dp_059,targeted_body_review,favorable_or_no_material_error_reported,,,Rossi skill-efficiency results robust.,"[4, 6]","PDF abstract/introduction read; where status is targeted_body_review, selected reproducibility/conclusion/error passages also read. Not an exhaustive line-by-line review or independent rerun. Earliest public exposure requires separate verification.",,unresolved,no
dp_060,abstract_introduction_screen_only,general_methods_or_meta_research,,,Journal-author/editor/reviewer network study.,[4],"PDF abstract/introduction read; where status is targeted_body_review, selected reproducibility/conclusion/error passages also read. Not an exhaustive line-by-line review or independent rerun. Earliest public exposure requires separate verification.",,unresolved,no
dp_061,targeted_body_review,favorable_or_no_material_error_reported,,,Hamel/Wilcox-Archuleta daytime racial diversity results supported.,"[4, 6]","PDF abstract/introduction read; where status is targeted_body_review, selected reproducibility/conclusion/error passages also read. Not an exhaustive line-by-line review or independent rerun. Earliest public exposure requires separate verification.",,unresolved,no
dp_062,targeted_body_review,favorable_or_no_material_error_reported,,,Dickens ethnolinguistic geography/trade results supported.,"[4, 7]","PDF abstract/introduction read; where status is targeted_body_review, selected reproducibility/conclusion/error passages also read. Not an exhaustive line-by-line review or independent rerun. Earliest public exposure requires separate verification.",,unresolved,no
dp_063,abstract_introduction_screen_only,author_reply,,,Reply to dp062; minor data construction clarification.,[4],"PDF abstract/introduction read; where status is targeted_body_review, selected reproducibility/conclusion/error passages also read. Not an exhaustive line-by-line review or independent rerun. Earliest public exposure requires separate verification.",,unresolved,no
dp_064,targeted_body_review,minor_error_or_materiality_unresolved,The Welfare Effects of Pride and Shame,,Treatment-order coding and curvature scaling errors; welfare main results stable but standardized curvature.245→.394 and similarity claim changes. Claim-level materiality needs adjudication.,"[7, 8]","PDF abstract/introduction read; where status is targeted_body_review, selected reproducibility/conclusion/error passages also read. Not an exhaustive line-by-line review or independent rerun. Earliest public exposure requires separate verification.",,unresolved,no
dp_065,targeted_body_review,robustness_or_replication_concern,,,Drobner motivated-belief results change after removing respondents with fundamental updating errors; no original coding error.,"[4, 6]","PDF abstract/introduction read; where status is targeted_body_review, selected reproducibility/conclusion/error passages also read. Not an exhaustive line-by-line review or independent rerun. Earliest public exposure requires separate verification.",,unresolved,no
dp_066,targeted_body_review,favorable_or_no_material_error_reported,,,Bianchi/Giorcelli training-management findings robust.,"[4, 8]","PDF abstract/introduction read; where status is targeted_body_review, selected reproducibility/conclusion/error passages also read. Not an exhaustive line-by-line review or independent rerun. Earliest public exposure requires separate verification.",,unresolved,no
dp_067,targeted_body_review,robustness_or_replication_concern,,,Cordova/Kras minor errors and signs not consequential; alternative predictor/matching choices challenge subset results.,"[4, 5, 20]","PDF abstract/introduction read; where status is targeted_body_review, selected reproducibility/conclusion/error passages also read. Not an exhaustive line-by-line review or independent rerun. Earliest public exposure requires separate verification.",,unresolved,no
dp_068,abstract_introduction_screen_only,general_methods_or_meta_research,,,Directly relevant prior citation-response research on AER comments2010–2020; not a new source of independent error claims without extracting original comments.,[4],"PDF abstract/introduction read; where status is targeted_body_review, selected reproducibility/conclusion/error passages also read. Not an exhaustive line-by-line review or independent rerun. Earliest public exposure requires separate verification.",,unresolved,no
dp_069,targeted_body_review,favorable_or_no_material_error_reported,,,Zelizer caucus-discussion findings robust.,"[4, 6]","PDF abstract/introduction read; where status is targeted_body_review, selected reproducibility/conclusion/error passages also read. Not an exhaustive line-by-line review or independent rerun. Earliest public exposure requires separate verification.",,unresolved,no
dp_070,targeted_body_review,robustness_or_replication_concern,Large-Scale Education Reform in General Equilibrium: Regression Discontinuity Evidence from India,,Roodman identifies four omitted districts and inference concerns in Khanna; author reply disputes error characterization. Separate robustness/identification dispute unless objectively adjudicated.,"[5, 6, 7]","PDF abstract/introduction read; where status is targeted_body_review, selected reproducibility/conclusion/error passages also read. Not an exhaustive line-by-line review or independent rerun. Earliest public exposure requires separate verification.",,unresolved,no
dp_071,abstract_introduction_screen_only,author_reply,,,Khanna reply to dp070 disputes omitted-district interpretation and maintains robustness.,[4],"PDF abstract/introduction read; where status is targeted_body_review, selected reproducibility/conclusion/error passages also read. Not an exhaustive line-by-line review or independent rerun. Earliest public exposure requires separate verification.",,unresolved,no
dp_072,targeted_body_review,favorable_or_no_material_error_reported,,,Bold market access/farm productivity results robust.,"[4, 7]","PDF abstract/introduction read; where status is targeted_body_review, selected reproducibility/conclusion/error passages also read. Not an exhaustive line-by-line review or independent rerun. Earliest public exposure requires separate verification.",,unresolved,no
dp_073,targeted_body_review,robustness_or_replication_concern,,,"Mangonnet protected areas results reproduced, one treatment sensitivity.","[4, 7]","PDF abstract/introduction read; where status is targeted_body_review, selected reproducibility/conclusion/error passages also read. Not an exhaustive line-by-line review or independent rerun. Earliest public exposure requires separate verification.",,unresolved,no
dp_074,targeted_body_review,favorable_or_no_material_error_reported,,,Ngangoue/Schotter common-probability auction results robust.,"[4, 5]","PDF abstract/introduction read; where status is targeted_body_review, selected reproducibility/conclusion/error passages also read. Not an exhaustive line-by-line review or independent rerun. Earliest public exposure requires separate verification.",,unresolved,no
dp_075,targeted_body_review,minor_error_or_materiality_unresolved,,,Gagliarducci/Paserman control variable corrections have minor impact; main conclusions stable.,"[4, 7, 15]","PDF abstract/introduction read; where status is targeted_body_review, selected reproducibility/conclusion/error passages also read. Not an exhaustive line-by-line review or independent rerun. Earliest public exposure requires separate verification.",,unresolved,no
dp_076,targeted_body_review,favorable_or_no_material_error_reported,,,Bauer monetary-policy uncertainty findings supported.,"[4, 5]","PDF abstract/introduction read; where status is targeted_body_review, selected reproducibility/conclusion/error passages also read. Not an exhaustive line-by-line review or independent rerun. Earliest public exposure requires separate verification.",,unresolved,no
dp_077,targeted_body_review,robustness_or_replication_concern,,,Bauer alternative uncertainty proxies differ; proxy sensitivity not original coding error.,"[4, 6]","PDF abstract/introduction read; where status is targeted_body_review, selected reproducibility/conclusion/error passages also read. Not an exhaustive line-by-line review or independent rerun. Earliest public exposure requires separate verification.",,unresolved,no
dp_078,targeted_body_review,favorable_or_no_material_error_reported,,,Figueiredo wage cyclicality results largely stable.,"[4, 5]","PDF abstract/introduction read; where status is targeted_body_review, selected reproducibility/conclusion/error passages also read. Not an exhaustive line-by-line review or independent rerun. Earliest public exposure requires separate verification.",,unresolved,no
dp_079,targeted_body_review,favorable_or_no_material_error_reported,,,Guay/Johnston politically motivated reasoning robust; codebook issue only.,"[4, 5, 16]","PDF abstract/introduction read; where status is targeted_body_review, selected reproducibility/conclusion/error passages also read. Not an exhaustive line-by-line review or independent rerun. Earliest public exposure requires separate verification.",,unresolved,no
dp_080,targeted_body_review,favorable_or_no_material_error_reported,,,Jones/Marinescu Alaska UBI software/specification differences do not overturn main conclusion.,"[4, 5]","PDF abstract/introduction read; where status is targeted_body_review, selected reproducibility/conclusion/error passages also read. Not an exhaustive line-by-line review or independent rerun. Earliest public exposure requires separate verification.",,unresolved,no
dp_081,targeted_body_review,minor_error_or_materiality_unresolved,,,Carlson bank competition executable order affects samples and Table9 estimates; materiality not established in inspected passages.,"[7, 8]","PDF abstract/introduction read; where status is targeted_body_review, selected reproducibility/conclusion/error passages also read. Not an exhaustive line-by-line review or independent rerun. Earliest public exposure requires separate verification.",,unresolved,no
dp_082,targeted_body_review,robustness_or_replication_concern,,,Mayshar state origins direct reproduction plus concurrent testing; inference concerns need full review.,"[4, 5]","PDF abstract/introduction read; where status is targeted_body_review, selected reproducibility/conclusion/error passages also read. Not an exhaustive line-by-line review or independent rerun. Earliest public exposure requires separate verification.",,unresolved,no
dp_083,targeted_body_review,favorable_or_no_material_error_reported,,,Bobonis clientelism results largely supported; alternative clientelism definition challenged but reply demonstrates robustness.,"[4, 6]","PDF abstract/introduction read; where status is targeted_body_review, selected reproducibility/conclusion/error passages also read. Not an exhaustive line-by-line review or independent rerun. Earliest public exposure requires separate verification.",,unresolved,no
dp_084,abstract_introduction_screen_only,author_reply,,,Reply to dp083; age inconsistencies/minor error do not change results.,[4],"PDF abstract/introduction read; where status is targeted_body_review, selected reproducibility/conclusion/error passages also read. Not an exhaustive line-by-line review or independent rerun. Earliest public exposure requires separate verification.",,unresolved,no
dp_085,targeted_body_review,minor_error_or_materiality_unresolved,,,Xu bank failure trade study minor code/reproduction differences; main conclusions supported.,[6],"PDF abstract/introduction read; where status is targeted_body_review, selected reproducibility/conclusion/error passages also read. Not an exhaustive line-by-line review or independent rerun. Earliest public exposure requires separate verification.",,unresolved,no
dp_086,targeted_body_review,robustness_or_replication_concern,,,Manekin/Mitts nonviolent resistance effects vary in precision/magnitude under alternatives; no established material code error.,"[4, 18]","PDF abstract/introduction read; where status is targeted_body_review, selected reproducibility/conclusion/error passages also read. Not an exhaustive line-by-line review or independent rerun. Earliest public exposure requires separate verification.",,unresolved,no
dp_087,targeted_body_review,favorable_or_no_material_error_reported,,,Leininger disenfranchisement results reproduced/robust; attrition concern.,[5],"PDF abstract/introduction read; where status is targeted_body_review, selected reproducibility/conclusion/error passages also read. Not an exhaustive line-by-line review or independent rerun. Earliest public exposure requires separate verification.",,unresolved,no
dp_088,targeted_body_review,robustness_or_replication_concern,,,Baron school spending estimates depend on sample/time window; no demonstrated coding error.,"[4, 6]","PDF abstract/introduction read; where status is targeted_body_review, selected reproducibility/conclusion/error passages also read. Not an exhaustive line-by-line review or independent rerun. Earliest public exposure requires separate verification.",,unresolved,no
dp_089,targeted_body_review,robustness_or_replication_concern,,,Mahmood/Jetter drone-strike IV first stage weakens with yearFE; specification sensitivity.,"[4, 5]","PDF abstract/introduction read; where status is targeted_body_review, selected reproducibility/conclusion/error passages also read. Not an exhaustive line-by-line review or independent rerun. Earliest public exposure requires separate verification.",,unresolved,no
dp_090,targeted_body_review,minor_error_or_materiality_unresolved,,,Cohen/Dechezlepretre leap-day observations incorrectly dropped; corrected results trivial difference.,"[5, 6]","PDF abstract/introduction read; where status is targeted_body_review, selected reproducibility/conclusion/error passages also read. Not an exhaustive line-by-line review or independent rerun. Earliest public exposure requires separate verification.",,unresolved,no
dp_091,targeted_body_review,robustness_or_replication_concern,,,Fernandez/Fogli culture labor result fails in alternative samples of same population; not demonstrated original error.,"[4, 13]","PDF abstract/introduction read; where status is targeted_body_review, selected reproducibility/conclusion/error passages also read. Not an exhaustive line-by-line review or independent rerun. Earliest public exposure requires separate verification.",,unresolved,no
dp_092,targeted_body_review,minor_error_or_materiality_unresolved,Public Infrastructure and Economic Development: Evidence from Postal Systems,,"Rogowski postal infrastructure stable-border robustness code uses any county stable rather than all; corrected claim coefficient.044→.008,p.056→.813. Main overall claim not invalidated.","[9, 10]","PDF abstract/introduction read; where status is targeted_body_review, selected reproducibility/conclusion/error passages also read. Not an exhaustive line-by-line review or independent rerun. Earliest public exposure requires separate verification.",,unresolved,no
dp_093,targeted_body_review,favorable_or_no_material_error_reported,,,Pries/Rogerson worker turnover results supported.,"[4, 7]","PDF abstract/introduction read; where status is targeted_body_review, selected reproducibility/conclusion/error passages also read. Not an exhaustive line-by-line review or independent rerun. Earliest public exposure requires separate verification.",,unresolved,no
dp_094,targeted_body_review,robustness_or_replication_concern,,,Cheeseman/Peiffer backfire heterogeneity depends on moderator dichotomization; no coding error.,"[4, 7]","PDF abstract/introduction read; where status is targeted_body_review, selected reproducibility/conclusion/error passages also read. Not an exhaustive line-by-line review or independent rerun. Earliest public exposure requires separate verification.",,unresolved,no
dp_095,targeted_body_review,material_error_documented_in_body,Finance and Green Growth,,GMM code fails to designate endogenous variables; author reply acknowledges but disputes extra-lag replication specification. Coding vs consequences must be separate.,"[5, 6, 7]","PDF abstract/introduction read; where status is targeted_body_review, selected reproducibility/conclusion/error passages also read. Not an exhaustive line-by-line review or independent rerun. Earliest public exposure requires separate verification.",,unresolved,no
dp_096,targeted_body_review,author_reply,,,"Reply to dp095 acknowledges GMMerror, gives corrected code, identifies extra-lag discrepancy in critique.","[5, 6, 7]","PDF abstract/introduction read; where status is targeted_body_review, selected reproducibility/conclusion/error passages also read. Not an exhaustive line-by-line review or independent rerun. Earliest public exposure requires separate verification.",,unresolved,no
dp_097,targeted_body_review,favorable_or_no_material_error_reported,,,Herzog nuclear treaty results robust;18gender missing-code cases irrelevant to main result.,"[4, 8]","PDF abstract/introduction read; where status is targeted_body_review, selected reproducibility/conclusion/error passages also read. Not an exhaustive line-by-line review or independent rerun. Earliest public exposure requires separate verification.",,unresolved,no
dp_098,abstract_introduction_screen_only,author_reply,,,"Reply to dp097, favorable replication and gender extension.",[4],"PDF abstract/introduction read; where status is targeted_body_review, selected reproducibility/conclusion/error passages also read. Not an exhaustive line-by-line review or independent rerun. Earliest public exposure requires separate verification.",,unresolved,no
dp_099,targeted_body_review,favorable_or_no_material_error_reported,,,"Bouton election experiment reproduced; identified later coding mistake was replicators own preprocessing, not original study error.","[4, 6]","PDF abstract/introduction read; where status is targeted_body_review, selected reproducibility/conclusion/error passages also read. Not an exhaustive line-by-line review or independent rerun. Earliest public exposure requires separate verification.",,unresolved,no
dp_100,abstract_introduction_screen_only,general_methods_or_meta_research,,,"Meta-research/editor policy recommendations, not per-original error assessment.",[4],"PDF abstract/introduction read; where status is targeted_body_review, selected reproducibility/conclusion/error passages also read. Not an exhaustive line-by-line review or independent rerun. Earliest public exposure requires separate verification.",,unresolved,no
dp_101,abstract_introduction_screen_only,general_methods_or_meta_research,,,Aggregate preregistration/p-hacking analysis.,[4],"PDF abstract/introduction read; where status is targeted_body_review, selected reproducibility/conclusion/error passages also read. Not an exhaustive line-by-line review or independent rerun. Earliest public exposure requires separate verification.",,unresolved,no
dp_102,abstract_introduction_screen_only,general_methods_or_meta_research,,,Meta-analysis of population/design/analytical heterogeneity.,[4],"PDF abstract/introduction read; where status is targeted_body_review, selected reproducibility/conclusion/error passages also read. Not an exhaustive line-by-line review or independent rerun. Earliest public exposure requires separate verification.",,unresolved,no
dp_103,targeted_body_review,identification_failure_documented_in_body,A Shot at Economic Prosperity: Long-Term Effects of India’s Childhood Immunization Program on Earnings and Consumption Expenditure,10.1086/723591,"District×ageFE leaves birthyear treatment variation driven by survey date; survey-period inflation can manufacture effects. Demonstrated identification problem, distinct from coding mistake.","[5, 6, 7, 8]","PDF abstract/introduction read; where status is targeted_body_review, selected reproducibility/conclusion/error passages also read. Not an exhaustive line-by-line review or independent rerun. Earliest public exposure requires separate verification.",,unresolved,no
dp_104,targeted_body_review,robustness_or_replication_concern,,,"Konig bill timing original reproduced, UK extension differs; not original error.","[4, 6]","PDF abstract/introduction read; where status is targeted_body_review, selected reproducibility/conclusion/error passages also read. Not an exhaustive line-by-line review or independent rerun. Earliest public exposure requires separate verification.",,unresolved,no
dp_105,targeted_body_review,robustness_or_replication_concern,,,"Chowdhury family clusters sensitive to coding/proximity/numberclusters; original explicitly valid, not error.","[4, 12]","PDF abstract/introduction read; where status is targeted_body_review, selected reproducibility/conclusion/error passages also read. Not an exhaustive line-by-line review or independent rerun. Earliest public exposure requires separate verification.",,unresolved,no
dp_106,targeted_body_review,favorable_or_no_material_error_reported,,,Brouwer parental norm transmission reproduced and robust.,"[4, 6]","PDF abstract/introduction read; where status is targeted_body_review, selected reproducibility/conclusion/error passages also read. Not an exhaustive line-by-line review or independent rerun. Earliest public exposure requires separate verification.",,unresolved,no
dp_107,abstract_introduction_screen_only,general_methods_or_meta_research,,,Large multi-paper reproducibility project synthesis; source appendix may aid reconciliation but do not double-count component reports.,[4],"PDF abstract/introduction read; where status is targeted_body_review, selected reproducibility/conclusion/error passages also read. Not an exhaustive line-by-line review or independent rerun. Earliest public exposure requires separate verification.",,unresolved,no
dp_108,targeted_body_review,material_error_documented_in_body,Sorting or Steering: The Effects of Housing Discrimination on Neighborhood Choice,10.1086/720140,Unclean city-nameFE and inconsistent other-race reference category change steering estimates materially; broad discrimination claim survives; reply agrees some sensitivity.,"[7, 8, 9]","PDF abstract/introduction read; where status is targeted_body_review, selected reproducibility/conclusion/error passages also read. Not an exhaustive line-by-line review or independent rerun. Earliest public exposure requires separate verification.",,unresolved,no
dp_109,targeted_body_review,author_reply,,,Reply to dp108 acknowledges city variable shortcoming and changes inference for Table7; prefers separate other category over dropping those observations.,"[5, 6]","PDF abstract/introduction read; where status is targeted_body_review, selected reproducibility/conclusion/error passages also read. Not an exhaustive line-by-line review or independent rerun. Earliest public exposure requires separate verification.",,unresolved,no
dp_110,targeted_body_review,minor_error_or_materiality_unresolved,,,Squared-distance code uses difference of squares instead of squared difference; authors reportedly corrected appendix; material consequence not established in inspected passages.,"[5, 6, 7]","PDF abstract/introduction read; where status is targeted_body_review, selected reproducibility/conclusion/error passages also read. Not an exhaustive line-by-line review or independent rerun. Earliest public exposure requires separate verification.",,unresolved,no
dp_111,targeted_fulltext_screened,minor_error,,,Six of120 personality items contain out-of-range codes; correcting them does not materially change results.,"[6, 7, 8]","Abstract plus substantive reproducibility, error, robustness or conclusion passages reviewed; original data/code not independently rerun. This is source classification, not complete factual adjudication.",,unresolved,no
dp_112,targeted_fulltext_screened,robustness_concern,,,"No code error found; sensitivity of small-emitter result to matching, cutoff and treatment choices.","[6, 11]","Abstract plus substantive reproducibility, error, robustness or conclusion passages reviewed; original data/code not independently rerun. This is source classification, not complete factual adjudication.",,unresolved,no
dp_113,targeted_fulltext_screened,favorable_assessment,,,Main results reproduce; weather-reconstruction and fixed-effect checks largely support pollution results.,"[5, 6, 18]","Abstract plus substantive reproducibility, error, robustness or conclusion passages reviewed; original data/code not independently rerun. This is source classification, not complete factual adjudication.",,unresolved,no
dp_114,targeted_fulltext_screened,favorable_assessment,,,Code executes and reproduces reported results; developing-country/innovation-measure variants temper interpretation.,"[5, 7, 20]","Abstract plus substantive reproducibility, error, robustness or conclusion passages reviewed; original data/code not independently rerun. This is source classification, not complete factual adjudication.",,unresolved,no
dp_115,targeted_fulltext_screened,minor_error,,,"Figure filenames, summary-sample descriptions and singleton counts differ; substantial changes come from alternative count models, not corrected code.","[5, 6, 9]","Abstract plus substantive reproducibility, error, robustness or conclusion passages reviewed; original data/code not independently rerun. This is source classification, not complete factual adjudication.",,unresolved,no
dp_116,targeted_fulltext_screened,unresolved,Understanding Cultural Persistence and Change,10.1093/restud/rdaa074,"Text/code sample discrepancies are documented, but reply117 contests their interpretation and demonstrates robustness; formal2023 correction clarifies descriptions. Substantive material-error designation unresolved.","[6, 7, 8, 9]","Abstract plus substantive reproducibility, error, robustness or conclusion passages reviewed; original data/code not independently rerun. This is source classification, not complete factual adjudication.",dp_117,unresolved,no
dp_117,targeted_fulltext_screened,author_reply,,,"Authors dispute material-error interpretation of116; acknowledges revised appendix and formal correction. Link to same target, not independent target.","[5, 6, 8]","Abstract plus substantive reproducibility, error, robustness or conclusion passages reviewed; original data/code not independently rerun. This is source classification, not complete factual adjudication.",dp_116,unresolved,no
dp_118,targeted_fulltext_screened,robustness_concern,,,"Post-randomization sample additions drive estimates; serious design/selection concern, but no demonstrated coding mistake. Keep separate from verified material-error cohort.","[5, 6, 8]","Abstract plus substantive reproducibility, error, robustness or conclusion passages reviewed; original data/code not independently rerun. This is source classification, not complete factual adjudication.",,unresolved,no
dp_119,targeted_fulltext_screened,favorable_assessment,,,"All main findings robust to controls, seemingly unrelated regressions and team fixed effects.","[5, 9, 10]","Abstract plus substantive reproducibility, error, robustness or conclusion passages reviewed; original data/code not independently rerun. This is source classification, not complete factual adjudication.",,unresolved,no
dp_120,targeted_fulltext_screened,robustness_concern,,,Main results reproduce; alternative outcome scale and union/nonunion decomposition address robustness and estimand.,,"Abstract plus substantive reproducibility, error, robustness or conclusion passages reviewed; original data/code not independently rerun. This is source classification, not complete factual adjudication.",,unresolved,no
dp_121,targeted_fulltext_screened,minor_error,,,"Back-of-envelope calculation uses2.9 rather than3.2; corrected averted deaths25 rather than22.5. Core pollution result survives; alternative aggregation produces15, which is analytical-choice variation.","[5, 13, 15]","Abstract plus substantive reproducibility, error, robustness or conclusion passages reviewed; original data/code not independently rerun. This is source classification, not complete factual adjudication.",,unresolved,no
dp_122,targeted_fulltext_screened,favorable_assessment,,,Main signs and conclusions reproduce despite small output differences; alternative simulation parameters do not overturn conclusions.,"[9, 10]","Abstract plus substantive reproducibility, error, robustness or conclusion passages reviewed; original data/code not independently rerun. This is source classification, not complete factual adjudication.",,unresolved,no
dp_123,targeted_fulltext_screened,general_method,,,"Opinion on electrification evidence and evidence-based policy, not a verified article-specific error audit.","[7, 11, 14]","Abstract plus substantive reproducibility, error, robustness or conclusion passages reviewed; original data/code not independently rerun. This is source classification, not complete factual adjudication.",,unresolved,no
dp_124,targeted_fulltext_screened,multiple_article_robustness_audit,,,Seventeen AER article robustness audit; needs multiple target links; individual sensitivity is not demonstrated error.,"[5, 6, 7]","Abstract plus substantive reproducibility, error, robustness or conclusion passages reviewed; original data/code not independently rerun. This is source classification, not complete factual adjudication.",,unresolved,no
dp_125,targeted_fulltext_screened,multiple_article_robustness_audit,,,Eighty-one article null-claim/equivalence audit; insufficiently precise null estimates do not automatically establish coding/data errors.,"[7, 8, 14]","Abstract plus substantive reproducibility, error, robustness or conclusion passages reviewed; original data/code not independently rerun. This is source classification, not complete factual adjudication.",,unresolved,no
dp_126,targeted_fulltext_screened,minor_error,,,Reported Conley SE are city-clustered and sample count wrong; fixes leave point estimates and significance unchanged.,"[7, 8, 10]","Abstract plus substantive reproducibility, error, robustness or conclusion passages reviewed; original data/code not independently rerun. This is source classification, not complete factual adjudication.",,unresolved,no
dp_127,targeted_fulltext_screened,robustness_concern,,,Reinterprets search and contraband outcomes; rejects rounding small differences away but does not demonstrate a coding mistake.,"[5, 14]","Abstract plus substantive reproducibility, error, robustness or conclusion passages reviewed; original data/code not independently rerun. This is source classification, not complete factual adjudication.",,unresolved,no
dp_128,targeted_fulltext_screened,favorable_assessment,,,Original code/results reproduce; sample restriction mostly preserves findings.,"[5, 15]","Abstract plus substantive reproducibility, error, robustness or conclusion passages reviewed; original data/code not independently rerun. This is source classification, not complete factual adjudication.",,unresolved,no
dp_129,targeted_fulltext_screened,unresolved,,,Missing/private data and broken codepaths require reconstruction; reproduced and independently replicated substantive finding remains.,"[6, 7, 10]","Abstract plus substantive reproducibility, error, robustness or conclusion passages reviewed; original data/code not independently rerun. This is source classification, not complete factual adjudication.",,unresolved,no
dp_130,targeted_fulltext_screened,robustness_concern,,,Sensitivity to triple differences and region-year effects; no demonstrated material data/code error.,"[11, 12]","Abstract plus substantive reproducibility, error, robustness or conclusion passages reviewed; original data/code not independently rerun. This is source classification, not complete factual adjudication.",,unresolved,no
dp_131,targeted_fulltext_screened,robustness_concern,,,Controls/outliers change significance; no demonstrated material data/code error. Report conclusion itself contains stray institutional-ownership wording.,"[6, 14, 15]","Abstract plus substantive reproducibility, error, robustness or conclusion passages reviewed; original data/code not independently rerun. This is source classification, not complete factual adjudication.",,unresolved,no
dp_132,targeted_fulltext_screened,robustness_concern,,,"Lag, control, estimator and influence changes test robustness; no demonstrated coding/data error.","[19, 20]","Abstract plus substantive reproducibility, error, robustness or conclusion passages reviewed; original data/code not independently rerun. This is source classification, not complete factual adjudication.",,unresolved,no
dp_133,targeted_fulltext_screened,robustness_concern,,,"Unstacking, clustering and cutoff changes are robustness checks; first outcome especially robust.","[5, 20, 22]","Abstract plus substantive reproducibility, error, robustness or conclusion passages reviewed; original data/code not independently rerun. This is source classification, not complete factual adjudication.",,unresolved,no
dp_134,targeted_fulltext_screened,robustness_concern,,,Firm fixed effects and multicollinearity affect IV interpretation; error-versus-model-choice distinction unresolved for any material statistical-error claim; retain robustness category.,"[12, 13]","Abstract plus substantive reproducibility, error, robustness or conclusion passages reviewed; original data/code not independently rerun. This is source classification, not complete factual adjudication.",,unresolved,no
dp_135,targeted_fulltext_screened,minor_error,,,Minor presentation/code errors leave main judicial-reform findings intact.,"[6, 7, 9]","Abstract plus substantive reproducibility, error, robustness or conclusion passages reviewed; original data/code not independently rerun. This is source classification, not complete factual adjudication.",,unresolved,no
dp_136,targeted_fulltext_screened,multiple_article_robustness_audit,,,"Thirty-six publication running-variable-equivalence audit; identifies imprecision in ruling out manipulation, not manipulation in each original paper.","[19, 31, 34]","Abstract plus substantive reproducibility, error, robustness or conclusion passages reviewed; original data/code not independently rerun. This is source classification, not complete factual adjudication.",,unresolved,no
dp_137,targeted_fulltext_screened,unresolved,,,Original results reproduce; absent codebook and question labels restrict independent reconstruction and testing.,"[8, 10, 15]","Abstract plus substantive reproducibility, error, robustness or conclusion passages reviewed; original data/code not independently rerun. This is source classification, not complete factual adjudication.",,unresolved,no
dp_138,targeted_fulltext_screened,favorable_assessment,,,Stata and R results reproduce and main results robust; no coding errors found in data manipulation.,"[6, 7, 8]","Abstract plus substantive reproducibility, error, robustness or conclusion passages reviewed; original data/code not independently rerun. This is source classification, not complete factual adjudication.",,unresolved,no
dp_139,targeted_fulltext_screened,favorable_assessment,,,Code/results reproduce; robustness changes do not materially alter estimates.,"[6, 10, 11]","Abstract plus substantive reproducibility, error, robustness or conclusion passages reviewed; original data/code not independently rerun. This is source classification, not complete factual adjudication.",,unresolved,no
dp_140,targeted_fulltext_screened,minor_error,,,Table3 coefficient differs0.0191vs0.0263 without changed conclusion; IV inference sensitive to robust SE. Do not convert SE sensitivity alone to material-error label.,"[5, 6, 7]","Abstract plus substantive reproducibility, error, robustness or conclusion passages reviewed; original data/code not independently rerun. This is source classification, not complete factual adjudication.",,unresolved,no
dp_141,targeted_fulltext_screened,general_method,,,"Study of hiring and statistical significance across job-market papers, not article-specific error disclosure.","[9, 10, 26]","Abstract plus substantive reproducibility, error, robustness or conclusion passages reviewed; original data/code not independently rerun. This is source classification, not complete factual adjudication.",,unresolved,no
dp_142,targeted_fulltext_screened,favorable_assessment,,,Transfer-program results reproduce and robust; transparency/external-validity discussion is not demonstrated error.,"[5, 6, 9]","Abstract plus substantive reproducibility, error, robustness or conclusion passages reviewed; original data/code not independently rerun. This is source classification, not complete factual adjudication.",,unresolved,no
dp_143,targeted_fulltext_screened,general_method,,,"Replication assessment protocol, not new article-specific error findings.","[5, 6, 7]","Abstract plus substantive reproducibility, error, robustness or conclusion passages reviewed; original data/code not independently rerun. This is source classification, not complete factual adjudication.",,unresolved,no
dp_144,targeted_fulltext_screened,minor_error,,,Minor code/sample-summary anomaly with no material change; main effect robust.,"[6, 7, 9]","Abstract plus substantive reproducibility, error, robustness or conclusion passages reviewed; original data/code not independently rerun. This is source classification, not complete factual adjudication.",,unresolved,no
dp_145,targeted_fulltext_screened,minor_error,,,Third fixed effect present in code but omitted in text; aligning specification yields nearly identical estimates.,"[5, 6, 8]","Abstract plus substantive reproducibility, error, robustness or conclusion passages reviewed; original data/code not independently rerun. This is source classification, not complete factual adjudication.",,unresolved,no
dp_146,targeted_fulltext_screened,favorable_assessment,,,Replication and alternative models of gender/leadership survey experiments; no material error demonstrated in reviewed sections.,"[12, 13, 16]","Abstract plus substantive reproducibility, error, robustness or conclusion passages reviewed; original data/code not independently rerun. This is source classification, not complete factual adjudication.",,unresolved,no
dp_147,targeted_fulltext_screened,favorable_assessment,,,Blind frequentist/Bayesian reproduction and alternate party definitions support noninteraction conclusion.,"[9, 12]","Abstract plus substantive reproducibility, error, robustness or conclusion passages reviewed; original data/code not independently rerun. This is source classification, not complete factual adjudication.",,unresolved,no
dp_148,targeted_fulltext_screened,material_error,The Arrival of Fast Internet and Employment in Africa,10.1257/aer.20161385,"Specific treatment-indicator coding error materially changes nighttime-light coefficient; geography, calibration and treatment-zone sensitivity are separate issues. Earliest error-specific version still requires verification.","[29, 34, 40, 41, 42]","Abstract plus substantive reproducibility, error, robustness or conclusion passages reviewed; original data/code not independently rerun. This is source classification, not complete factual adjudication.",,unresolved,no
dp_149,targeted_fulltext_screened,minor_error,,,"Stargazer exported anti-conservative p-values; reply150 narrows issue to one coefficient moving0.05to0.0548. Main challenge is influential-observation robustness, not demonstrated material correction.","[6, 8, 19]","Abstract plus substantive reproducibility, error, robustness or conclusion passages reviewed; original data/code not independently rerun. This is source classification, not complete factual adjudication.",dp_150,unresolved,no
dp_150,targeted_fulltext_screened,author_reply,,,Reply to149; confirmed minor table-export p-value issue; disputes deletion of particular influential case.,"[5, 9, 20]","Abstract plus substantive reproducibility, error, robustness or conclusion passages reviewed; original data/code not independently rerun. This is source classification, not complete factual adjudication.",dp_149,unresolved,no
dp_151,targeted_fulltext_screened,minor_error,,,HTML extraction code repair and changing name-gender lookup alter few observations; substantive findings stable.,"[6, 7, 8]","Abstract plus substantive reproducibility, error, robustness or conclusion passages reviewed; original data/code not independently rerun. This is source classification, not complete factual adjudication.",,unresolved,no
dp_152,targeted_fulltext_screened,minor_error,,,Minor coding challenges; main findings robust to models and sample checks.,"[10, 11, 17]","Abstract plus substantive reproducibility, error, robustness or conclusion passages reviewed; original data/code not independently rerun. This is source classification, not complete factual adjudication.",,unresolved,no
dp_153,targeted_fulltext_screened,unresolved,,,Processed-data results reproduce but missing data-creation steps block raw reconstruction; no demonstrated error.,"[5, 8, 9]","Abstract plus substantive reproducibility, error, robustness or conclusion passages reviewed; original data/code not independently rerun. This is source classification, not complete factual adjudication.",,unresolved,no
dp_154,targeted_fulltext_screened,robustness_concern,,,Full text explicitly reports no coding/mathematical/data/reporting errors; publication-bias method changes reduce three effects.,"[6, 7, 8]","Abstract plus substantive reproducibility, error, robustness or conclusion passages reviewed; original data/code not independently rerun. This is source classification, not complete factual adjudication.",,unresolved,no
dp_155,targeted_fulltext_screened,minor_error,,,Birth-versus-office prefecture code error in robustness table; fix strengthens result. Other changes derive from missing-data samples.,"[7, 8, 9]","Abstract plus substantive reproducibility, error, robustness or conclusion passages reviewed; original data/code not independently rerun. This is source classification, not complete factual adjudication.",,unresolved,no
dp_156,targeted_fulltext_screened,favorable_assessment,,,Full analysis reproducible; long synthetic-control runtime does not constitute error.,"[5, 6, 9]","Abstract plus substantive reproducibility, error, robustness or conclusion passages reviewed; original data/code not independently rerun. This is source classification, not complete factual adjudication.",,unresolved,no
dp_157,targeted_fulltext_screened,robustness_concern,,,Minor coefficient rounding differences and alternate leader/year definitions; main conclusions robust.,"[6, 7, 9]","Abstract plus substantive reproducibility, error, robustness or conclusion passages reviewed; original data/code not independently rerun. This is source classification, not complete factual adjudication.",,unresolved,no
dp_158,targeted_fulltext_screened,robustness_concern,,,Disputed proxy/functional-form critique; reply159 confirms minor appendix error but contests material-error claims. Do not treat99.8% shrinkage under different exposure definition as corrected-code effect.,"[6, 7, 8]","Abstract plus substantive reproducibility, error, robustness or conclusion passages reviewed; original data/code not independently rerun. This is source classification, not complete factual adjudication.",dp_159,unresolved,no
dp_159,targeted_fulltext_screened,author_reply,,,"Author reply to158; appendix error acknowledged as nonconsequential, proxy interpretation disputed.","[5, 7]","Abstract plus substantive reproducibility, error, robustness or conclusion passages reviewed; original data/code not independently rerun. This is source classification, not complete factual adjudication.",dp_158,unresolved,no
dp_160,targeted_fulltext_screened,robustness_concern,,,"Original MATLAB results reproduce; custom prior cannot be identically reconstructed in EViews, with nonstationary alternatives. No demonstrated original coding error.","[7, 10, 12]","Abstract plus substantive reproducibility, error, robustness or conclusion passages reviewed; original data/code not independently rerun. This is source classification, not complete factual adjudication.",,unresolved,no
dp_161,targeted_fulltext_screened,unresolved,,,"All results regenerate; insufficient annotation and missing participant data restrict further scrutiny, not established error.","[5, 6, 7]","Abstract plus substantive reproducibility, error, robustness or conclusion passages reviewed; original data/code not independently rerun. This is source classification, not complete factual adjudication.",,unresolved,no
dp_162,targeted_fulltext_screened,robustness_concern,,,Original and R results reproduce; population weights change medium-run interpretation but long-run results persist.,"[5, 6, 7]","Abstract plus substantive reproducibility, error, robustness or conclusion passages reviewed; original data/code not independently rerun. This is source classification, not complete factual adjudication.",,unresolved,no
dp_163,targeted_fulltext_screened,favorable_assessment,,,Independent CPS reconstruction and new-period/geography analysis support original conclusions.,"[8, 11, 12]","Abstract plus substantive reproducibility, error, robustness or conclusion passages reviewed; original data/code not independently rerun. This is source classification, not complete factual adjudication.",,unresolved,no
dp_164,targeted_fulltext_screened,favorable_assessment,,,Computational reproduction successful; comments do not challenge main conclusions.,"[6, 7]","Abstract plus substantive reproducibility, error, robustness or conclusion passages reviewed; original data/code not independently rerun. This is source classification, not complete factual adjudication.",,unresolved,no
dp_165,targeted_fulltext_screened,minor_error,,,Wrong source question in ethnicity assignment overwritten by later coding; error has no consequence in actual execution.,"[6, 7, 9]","Abstract plus substantive reproducibility, error, robustness or conclusion passages reviewed; original data/code not independently rerun. This is source classification, not complete factual adjudication.",,unresolved,no
dp_166,targeted_fulltext_screened,favorable_assessment,,,Original tables/figures and R reconstruction reproduce; robustness supports qualitative findings.,"[6, 7, 10]","Abstract plus substantive reproducibility, error, robustness or conclusion passages reviewed; original data/code not independently rerun. This is source classification, not complete factual adjudication.",,unresolved,no
dp_167,targeted_fulltext_screened,favorable_assessment,,,Original Stata results reproduce; alternative policy counterfactual/local projections retain qualitative results.,"[6, 7, 13]","Abstract plus substantive reproducibility, error, robustness or conclusion passages reviewed; original data/code not independently rerun. This is source classification, not complete factual adjudication.",,unresolved,no
dp_168,targeted_fulltext_screened,robustness_concern,,,"Original processed-data results reproduce; alternative covariates/designs smaller estimates, plus survey-reporting limitations.","[5, 6, 8]","Abstract plus substantive reproducibility, error, robustness or conclusion passages reviewed; original data/code not independently rerun. This is source classification, not complete factual adjudication.",,unresolved,no
dp_169,targeted_fulltext_screened,favorable_assessment,,,Extracted-data reimplementation reproduces meta-analysis; publication-bias adjustments somewhat shrink but do not overturn results.,"[5, 6, 11]","Abstract plus substantive reproducibility, error, robustness or conclusion passages reviewed; original data/code not independently rerun. This is source classification, not complete factual adjudication.",,unresolved,no
dp_170,targeted_fulltext_screened,minor_error,,,"Stray Sigma in do-file breaks execution; simple fix. Median/learning comparisons are additional analyses, not corrected material error.","[6, 7, 9]","Abstract plus substantive reproducibility, error, robustness or conclusion passages reviewed; original data/code not independently rerun. This is source classification, not complete factual adjudication.",,unresolved,no
dp_171,targeted_fulltext_screened,favorable_assessment,,,Alternative public-opinion benchmark and models largely support false-consensus result; source already addresses support/opposition scale caveat.,"[5, 12, 15]","Abstract plus substantive reproducibility, error, robustness or conclusion passages reviewed; original data/code not independently rerun. This is source classification, not complete factual adjudication.",,unresolved,no
dp_172,targeted_fulltext_screened,favorable_assessment,,,Encrypted data reproduction and mixed-effects robustness broadly support identity-cue conclusions.,"[5, 6, 7]","Abstract plus substantive reproducibility, error, robustness or conclusion passages reviewed; original data/code not independently rerun. This is source classification, not complete factual adjudication.",,unresolved,no
dp_173,targeted_fulltext_screened,favorable_assessment,,,"Negative deforestation, matching and synthetic-control checks support small effects of indigenous-land designation.","[5, 6, 8]","Abstract plus substantive reproducibility, error, robustness or conclusion passages reviewed; original data/code not independently rerun. This is source classification, not complete factual adjudication.",,unresolved,no
dp_174,targeted_fulltext_screened,favorable_assessment,,,US replication and later-period/sampler variants support main conclusions; proprietary cross-country data not reproduced.,"[6, 7, 20]","Abstract plus substantive reproducibility, error, robustness or conclusion passages reviewed; original data/code not independently rerun. This is source classification, not complete factual adjudication.",,unresolved,no
dp_175,targeted_fulltext_screened,minor_error,,,No coding errors; trivial textual/CI typos; additional mediation/general-science-trust interpretation disputed but main finding supported.,"[5, 8, 19]","Abstract plus substantive reproducibility, error, robustness or conclusion passages reviewed; original data/code not independently rerun. This is source classification, not complete factual adjudication.",,unresolved,no
dp_176,targeted_fulltext_screened,robustness_concern,,,"Two historical-road maps differ; exact recoding impossible without identifiable municipalities. No demonstrated consequential error, leave-one-out results stable.","[10, 11, 14]","Abstract plus substantive reproducibility, error, robustness or conclusion passages reviewed; original data/code not independently rerun. This is source classification, not complete factual adjudication.",,unresolved,no
dp_177,targeted_fulltext_screened,robustness_concern,,,"Extended-sample event study exposes differential trends inconsistent with vaccine interpretation; identification challenge, not a demonstrated coding/data correction.",[9],"Abstract plus substantive reproducibility, error, robustness or conclusion passages reviewed; original data/code not independently rerun. This is source classification, not complete factual adjudication.",,unresolved,no
dp_178,targeted_fulltext_screened,robustness_concern,,,Main results reproduce; alternative threat measures change coefficients. Reply179 disputes measure validity.,"[6, 7, 12]","Abstract plus substantive reproducibility, error, robustness or conclusion passages reviewed; original data/code not independently rerun. This is source classification, not complete factual adjudication.",dp_179,unresolved,no
dp_179,targeted_fulltext_screened,author_reply,,,Reply to178 defending case-specific threat measurement; no separate targeted paper.,"[5, 10]","Abstract plus substantive reproducibility, error, robustness or conclusion passages reviewed; original data/code not independently rerun. This is source classification, not complete factual adjudication.",dp_178,unresolved,no
dp_180,targeted_fulltext_screened,minor_error,,,"Minor code/SE differences, inaccessible raw data and alternative fixed-effect sensitivity; main supplied-data results reproduce.","[7, 11, 12]","Abstract plus substantive reproducibility, error, robustness or conclusion passages reviewed; original data/code not independently rerun. This is source classification, not complete factual adjudication.",,unresolved,no
dp_181,targeted_fulltext_screened,robustness_concern,,,Original estimates reproduce; instrument quality in later-period data and cost-share threshold sensitivity do not establish original error.,"[5, 7, 12]","Abstract plus substantive reproducibility, error, robustness or conclusion passages reviewed; original data/code not independently rerun. This is source classification, not complete factual adjudication.",dp_182,unresolved,no
dp_182,targeted_fulltext_screened,author_reply,,,Reply181 explains replication-package cleaning error caused by changed ASICC code source; target estimates not materially altered.,"[5, 7, 9]","Abstract plus substantive reproducibility, error, robustness or conclusion passages reviewed; original data/code not independently rerun. This is source classification, not complete factual adjudication.",dp_181,unresolved,no
dp_183,targeted_fulltext_screened,general_method,,,"Meta-research mapping claims of44,000working papers; not individual error verification.","[8, 40]","Abstract plus substantive reproducibility, error, robustness or conclusion passages reviewed; original data/code not independently rerun. This is source classification, not complete factual adjudication.",,unresolved,no
dp_184,targeted_fulltext_screened,general_method,,,Construct-validity framework/examples; no uniquely adjudicated article-specific material error.,"[12, 20, 21]","Abstract plus substantive reproducibility, error, robustness or conclusion passages reviewed; original data/code not independently rerun. This is source classification, not complete factual adjudication.",,unresolved,no
dp_185,targeted_fulltext_screened,robustness_concern,,,Main results reproduce; heterogeneity by loans/cities/seniority qualifies mechanism.,"[5, 6, 7]","Abstract plus substantive reproducibility, error, robustness or conclusion passages reviewed; original data/code not independently rerun. This is source classification, not complete factual adjudication.",,unresolved,no
dp_186,targeted_fulltext_screened,minor_error,,,Minor mislabeled/missing variables and some output discrepancies; paper concludes core claims remain. Materiality of isolated unreproduced outputs not established.,"[6, 7, 8]","Abstract plus substantive reproducibility, error, robustness or conclusion passages reviewed; original data/code not independently rerun. This is source classification, not complete factual adjudication.",,unresolved,no
dp_187,targeted_fulltext_screened,robustness_concern,,,Main results reproduce; alternative liquidity measure and country/outlier restrictions change conclusions.,"[7, 8, 18]","Abstract plus substantive reproducibility, error, robustness or conclusion passages reviewed; original data/code not independently rerun. This is source classification, not complete factual adjudication.",,unresolved,no
dp_188,targeted_fulltext_screened,favorable_assessment,,,Nearly complete computational reproduction; robustness checks maintain findings.,"[5, 9, 10]","Abstract plus substantive reproducibility, error, robustness or conclusion passages reviewed; original data/code not independently rerun. This is source classification, not complete factual adjudication.",,unresolved,no
dp_189,targeted_fulltext_screened,favorable_assessment,,,Main results reproduce without coding errors; robustness supports racial-diversity result.,"[5, 6, 7]","Abstract plus substantive reproducibility, error, robustness or conclusion passages reviewed; original data/code not independently rerun. This is source classification, not complete factual adjudication.",,unresolved,no
dp_190,targeted_fulltext_screened,failed_replication,,,New-data replication of17claims from4studies; failures are not automatically coding/data errors in originals.,"[6, 23, 31]","Abstract plus substantive reproducibility, error, robustness or conclusion passages reviewed; original data/code not independently rerun. This is source classification, not complete factual adjudication.",,unresolved,no
dp_191,targeted_fulltext_screened,minor_error,Local Elites as State Capacity: How City Chiefs Use Local Information to Increase Tax Compliance in the D.R. Congo,,Confirmed erroneous sign in incorrect-exemption coefficient; corrigendum discussed in192. Main average effect remains; mechanism disputes separate.,"[8, 9]","Abstract plus substantive reproducibility, error, robustness or conclusion passages reviewed; original data/code not independently rerun. This is source classification, not complete factual adjudication.",dp_192,unresolved,no
dp_192,targeted_fulltext_screened,author_reply,Local Elites as State Capacity: How City Chiefs Use Local Information to Increase Tax Compliance in the D.R. Congo,,"Author reply confirms sign correction: chiefs1.2percentage points MORE likely to incorrectly exempt(p=.107), opposite reported direction; main tax-compliance effect unaffected.","[5, 21]","Abstract plus substantive reproducibility, error, robustness or conclusion passages reviewed; original data/code not independently rerun. This is source classification, not complete factual adjudication.",dp_191,unresolved,no
dp_193,targeted_fulltext_screened,unresolved,Building Nations through Shared Experiences: Evidence from African Football,,"Some genuine inclusion/date/score errors admitted in194, but broad41-case characterization disputed. Correcting admitted mistakes vs changing sample criteria must be separated before materiality is determined.","[6, 11, 17, 18]","Abstract plus substantive reproducibility, error, robustness or conclusion passages reviewed; original data/code not independently rerun. This is source classification, not complete factual adjudication.",dp_194,unresolved,no
dp_194,targeted_fulltext_screened,author_reply,Building Nations through Shared Experiences: Evidence from African Football,,"Reply193 admits four country-qualification inclusion errors and two individual-level data errors, argues corrected conclusions stable. Links later corrigendum, not independent critique.","[5, 13]","Abstract plus substantive reproducibility, error, robustness or conclusion passages reviewed; original data/code not independently rerun. This is source classification, not complete factual adjudication.",dp_193,unresolved,no
dp_195,targeted_fulltext_screened,general_method,,,Experiment comparing human/AI reproducibility assessments; aggregate error rates require identified underlying papers and verified findings before use.,"[5, 10, 11]","Abstract plus substantive reproducibility, error, robustness or conclusion passages reviewed; original data/code not independently rerun. This is source classification, not complete factual adjudication.",,unresolved,no
dp_196,targeted_fulltext_screened,minor_error,,,Loop/column-selection execution errors minor; model-comparison conclusions uncertain but core acoustic findings reproduce.,"[5, 6, 12]","Abstract plus substantive reproducibility, error, robustness or conclusion passages reviewed; original data/code not independently rerun. This is source classification, not complete factual adjudication.",,unresolved,no
dp_197,targeted_fulltext_screened,unresolved,,,Unavailable historical data prevents Table1 reproduction; simulations reproduced. Missing source data not proof of error.,"[6, 7, 8]","Abstract plus substantive reproducibility, error, robustness or conclusion passages reviewed; original data/code not independently rerun. This is source classification, not complete factual adjudication.",,unresolved,no
dp_198,targeted_fulltext_screened,unresolved,Bayesianism and wishful thinking are compatible,10.1038/s41562-024-01819-6,Experiment4 data/code absent and experiment5 unreproduced with inconsistent effect direction/code specification; cannot verify material-error mechanism from report alone.,"[7, 8, 9, 11]","Abstract plus substantive reproducibility, error, robustness or conclusion passages reviewed; original data/code not independently rerun. This is source classification, not complete factual adjudication.",,unresolved,no
dp_199,targeted_fulltext_screened,favorable_assessment,,,Main negativity/click-through claims reproduce; alternate sentiment models broadly support conclusions.,"[5, 6, 7]","Abstract plus substantive reproducibility, error, robustness or conclusion passages reviewed; original data/code not independently rerun. This is source classification, not complete factual adjudication.",dp_200,unresolved,no
dp_200,targeted_fulltext_screened,author_reply,,,Reply199 defending registered-report workflow and clarifying data/code documentation.,[7],"Abstract plus substantive reproducibility, error, robustness or conclusion passages reviewed; original data/code not independently rerun. This is source classification, not complete factual adjudication.",dp_199,unresolved,no
dp_201,targeted_fulltext_screened,minor_error,,,Minor CI typography/rounding only; main Bayesian estimates reproduce.,"[6, 7, 8]","Abstract plus substantive reproducibility, error, robustness or conclusion passages reviewed; original data/code not independently rerun. This is source classification, not complete factual adjudication.",,unresolved,no
dp_202,targeted_fulltext_screened,favorable_assessment,,,Racial-avoidance analysis reproduced; outlier/bootstrap variants generally maintain central findings.,"[6, 8, 9]","Abstract plus substantive reproducibility, error, robustness or conclusion passages reviewed; original data/code not independently rerun. This is source classification, not complete factual adjudication.",,unresolved,no
dp_203,targeted_fulltext_screened,favorable_assessment,,,Main legislative results reproduce; unavailable rgdal affects one figure only; robustness stable.,"[6, 7, 8]","Abstract plus substantive reproducibility, error, robustness or conclusion passages reviewed; original data/code not independently rerun. This is source classification, not complete factual adjudication.",,unresolved,no
dp_204,targeted_fulltext_screened,robustness_concern,,,"No code errors; later data do not replicate political cycles, which is external/sample robustness, not correction.","[6, 10]","Abstract plus substantive reproducibility, error, robustness or conclusion passages reviewed; original data/code not independently rerun. This is source classification, not complete factual adjudication.",,unresolved,no
dp_205,targeted_fulltext_screened,failed_replication,,,"Conceptual replication with different incentives and sample; mixed model evidence, not established original coding/data error.","[38, 45, 61]","Abstract plus substantive reproducibility, error, robustness or conclusion passages reviewed; original data/code not independently rerun. This is source classification, not complete factual adjudication.",,unresolved,no
dp_206,targeted_fulltext_screened,minor_error,,,Minor coding issues resolved without changed conclusions; expanded literature review supports original result.,"[5, 6, 7]","Abstract plus substantive reproducibility, error, robustness or conclusion passages reviewed; original data/code not independently rerun. This is source classification, not complete factual adjudication.",,unresolved,no
dp_207,targeted_fulltext_screened,unresolved,Improving Women’s Mental Health during a Pandemic,,Reverse-scoring inconsistency reverses mental-health estimates if labels interpreted literally; authors claim items reversed in field. Verified serious measurement discrepancy but code-error account disputed. Further adjudication required.,"[6, 10, 11, 14, 16, 22]","Abstract plus substantive reproducibility, error, robustness or conclusion passages reviewed; original data/code not independently rerun. This is source classification, not complete factual adjudication.",,unresolved,no
dp_208,targeted_fulltext_screened,material_error,Raising Health Awareness in Rural Communities: A Randomized Experiment in Bangladesh and India,,Treatment assignments exactly inherited from earlier experiments; reported new randomization false and health-effect identification bundles prior treatment. Source verifies via matched participant IDs/ages/incomes and treatment cross-tab.,"[7, 8, 9, 13]","Abstract plus substantive reproducibility, error, robustness or conclusion passages reviewed; original data/code not independently rerun. This is source classification, not complete factual adjudication.",,unresolved,no
dp_209,targeted_fulltext_screened,general_method,,,Many-analyst experiment on data cleaning/research design; not article-level error disclosure roster.,"[7, 8, 10]","Abstract plus substantive reproducibility, error, robustness or conclusion passages reviewed; original data/code not independently rerun. This is source classification, not complete factual adjudication.",,unresolved,no
dp_210,targeted_fulltext_screened,material_error,Food insecurity and mental health of women during COVID-19: Evidence from a developing country,10.1371/journal.pone.0255392,Stress-scale reversal and inability to recover claimed positive association from published data; corrected stress measure removes FIES association. Later retraction inMay2026.,"[5, 6, 7, 8, 9]","Abstract plus substantive reproducibility, error, robustness or conclusion passages reviewed; original data/code not independently rerun. This is source classification, not complete factual adjudication.",,unresolved,no
dp_211,targeted_fulltext_screened,favorable_assessment,,,Main results reproduce without coding errors; limited raw data caps robustness checks.,"[6, 7, 12]","Abstract plus substantive reproducibility, error, robustness or conclusion passages reviewed; original data/code not independently rerun. This is source classification, not complete factual adjudication.",,unresolved,no
dp_212,targeted_fulltext_screened,favorable_assessment,,,Main AI-advice estimates reproduce and stable under alternatives.,"[5, 6, 8]","Abstract plus substantive reproducibility, error, robustness or conclusion passages reviewed; original data/code not independently rerun. This is source classification, not complete factual adjudication.",,unresolved,no
dp_213,targeted_fulltext_screened,robustness_concern,,,"Minor extraction deviations inconsequential; different publication-bias adjustment changes conclusions, categorized robustness.","[5, 6, 8]","Abstract plus substantive reproducibility, error, robustness or conclusion passages reviewed; original data/code not independently rerun. This is source classification, not complete factual adjudication.",,unresolved,no
dp_214,targeted_fulltext_screened,material_error,Parent–teacher meetings and student outcomes: Evidence from a developing country,10.1016/j.euroecorev.2018.09.008,"Reported school randomization contradicted by treatment perfect separation across9unions; duplicated student baselines disagree by treatment, additional preperiod/outcome data undermine claimed design.","[9, 10, 13, 14, 28]","Abstract plus substantive reproducibility, error, robustness or conclusion passages reviewed; original data/code not independently rerun. This is source classification, not complete factual adjudication.",,unresolved,no
dp_215,targeted_fulltext_screened,favorable_assessment,,,Model-recovery/optimization issues do not compromise main indifference-point conclusion.,"[5, 6, 7]","Abstract plus substantive reproducibility, error, robustness or conclusion passages reviewed; original data/code not independently rerun. This is source classification, not complete factual adjudication.",,unresolved,no
dp_216,targeted_fulltext_screened,unresolved,Partisan effects of information campaigns in competitive authoritarian elections: Evidence from Bangladesh,,"Forensic reporting/map discrepancies acknowledged, consequences disputed; report explicitly says not its ambition to judge consequence for results. Unresolved materiality.","[5, 6, 14, 22]","Abstract plus substantive reproducibility, error, robustness or conclusion passages reviewed; original data/code not independently rerun. This is source classification, not complete factual adjudication.",dp_217,unresolved,no
dp_217,targeted_fulltext_screened,author_reply,,,"Reply216 acknowledges map mistakes and earlier sampling-description inaccuracies, disputes effect on results.",,"Abstract plus substantive reproducibility, error, robustness or conclusion passages reviewed; original data/code not independently rerun. This is source classification, not complete factual adjudication.",dp_216,unresolved,no
dp_218,targeted_fulltext_screened,favorable_assessment,,,FAFSA analysis computationally reproducible and largely robust; suggested IV saturate-and-weight work is future refinement.,"[5, 11]","Abstract plus substantive reproducibility, error, robustness or conclusion passages reviewed; original data/code not independently rerun. This is source classification, not complete factual adjudication.",,unresolved,no
dp_219,targeted_fulltext_screened,minor_error,,,Minor code error barely changes sample/estimates; results robust.,"[5, 6, 7]","Abstract plus substantive reproducibility, error, robustness or conclusion passages reviewed; original data/code not independently rerun. This is source classification, not complete factual adjudication.",,unresolved,no
dp_220,targeted_fulltext_screened,general_method,,,"Survey/bibliometric study of preregistration adoption, not article-specific correction.","[9, 32, 39]","Abstract plus substantive reproducibility, error, robustness or conclusion passages reviewed; original data/code not independently rerun. This is source classification, not complete factual adjudication.",,unresolved,no
dp_221,fulltext_evidence_sections_reviewed,minor_error_or_materiality_unresolved,Income and inequality in the Aztec Empire on the eve of the Spanish conquest,,"Population-density restriction applied in first stage but not second; manually predicted 2SLS gave wrong standard errors. Corrected IV coefficient 0.157 versus0.198, qualitatively same conclusion; main Gini reproduced. K-S pvalues differ with unclear original implementation.","printed pp. 6–7, Tables 2–3",Actual coding error demonstrated; magnitude/materiality for headline inequality claim not established. Robustness dispersion must not be attributed wholly to error correction.,,unresolved,no
dp_222,fulltext_frontmatter_screened,favorable_assessment,Calvert et al. (2023): Changes in Preterm Birth and Stillbirth during COVID-19 Lockdowns in 26 Countries,,"Calvert et al. (2023) meta-analyzed effect estimates from interrupted time series (ITS) analyses of changes in preterm birth- and stillbirth rates following the first four months lockdown in various countries. Evidence for small relative reductions was reported regarding preterm birth rates in high income countries, which was not countered by an increase in stillbirth rates. This comment attempts to (recreate) reproduce these findings in population-based samples. To check robustness, effect size estimates were additionally obtained after accounting for for serial autocorrelation. Due to restricted data access, the data for reproduction were not identical to those analyzed by the original study, but were extracted from the provided time-series plots of birth rates using a Web Plot Digitizer (Rohatgi, 2024). Our results show very similar effect size estimates with ITS analysis conducted using Poisson regression and their subsequent random-effects meta-analysis. Despite of the methodological constraints arising from a lack of data openness, our reproductive analyses provide reasonable indications for the robustness of ""Changes in preterm birth rate and stillbirth during COVID-19 lockdowns in 26 countries"" by Calvert et al. (2023).",PDF front matter and abstract; catalog abstract,Full-text front matter screened for source disposition; detailed claim verification not completed. This status does not certify absence of errors.,,unresolved,no
dp_223,fulltext_frontmatter_screened,favorable_assessment,A Systematic Review and Meta-Analysis of the Evidence on Learning During the COVID-19 Pandemic,,"Betthäuser et al. (2023) examine the effects of the COVID-19 pandemic on the learning progress of school-aged children. They collect 291 estimates from 42 studies. Their meta-analysis-corrected estimate implies a substantial decline in students' learning (Cohen's d = −0.14, 95% confidence interval −0.17 to −0.10). First, we successfully reproduce the main results and the majority of supporting figures. Second, we provide additional analysis addressing publication bias by implementing correction techniques: PET-PEESE (funnelbased), 3PSM (selection model), and RoBMA (model averaging). Additionally, we implement novel approaches that account for the strength of biased selection favoring affirmative results in the sample of analyzed studies. Third, we use techniques that assume the presence of p-hacking (MAIVE, RTMA). Using these methods, the corrected effect ranges from −0.25 to −0.11 with high statistical significance. While our analysis does reveal some evidence of selection bias in underlying data (primary studies), these phenomena do not appear to systematically distort the overall findings of the original study.",PDF front matter and abstract; catalog abstract,Full-text front matter screened for source disposition; detailed claim verification not completed. This status does not certify absence of errors.,,unresolved,no
dp_224,fulltext_frontmatter_screened,favorable_assessment,Do We Become More Lonely With Age? A Coordinated Data Analysis of Nine Longitudinal Studies,,"The original study by Graham et al. (2024) investigated whether loneliness changes with age across the adult lifespan, synthesizing data from nine longitudinal studies via meta-analyses. The primary fi nding was that loneliness follows a U-shaped trajectory: decreasing from young adulthood to midlife and increasing in older adulthood (estimated Age2 regression coeffi cient of 0.07 with 95% confi dence interval from 0.02 to 0.13, age centered at 60 years). We computationally reproduced the reported meta-analyses. We assessed the robustness of the main fi nding with respect to alternative analytic decisions regarding the estimation of the heterogeneity variance and inclusion/exclusion of individual studies. We fi nd that the main claim from Graham et al. (2024) is robust regarding these decisions.",PDF front matter and abstract; catalog abstract,Full-text front matter screened for source disposition; detailed claim verification not completed. This status does not certify absence of errors.,,unresolved,no
dp_225,fulltext_frontmatter_screened,general_method_or_aggregate_audit,,,"Doctoral dissertations provide evidence about research practices in early career-stage research. We examine reporting bias by manually collecting over 94,000 test statistics from a random sample of German dissertations and their follow-up papers worldwide. We observe selective reporting, as only a fraction of the tests in the dissertations is reported in follow-up papers. Unexpectedly, we find no increase in reporting bias in follow-up papers compared to dissertations nor, generally, reporting bias in dissertations or papers. Self-selection into higher-impact journals based on statistical significance may reconcile our finding of selective yet ""unbiased"" reporting with prior evidence suggesting pervasive reporting bias.",PDF front matter and abstract; catalog abstract,Full-text front matter screened for source disposition; detailed claim verification not completed. This status does not certify absence of errors.,,unresolved,no
dp_226,fulltext_evidence_sections_reviewed,material_error,Banning the purchase of sex increases cases of rape: evidence from Sweden,,Treatment-year dummy is collinear with year fixed effects. Stata retains it only by dropping other regressors; variable ordering changes result. Bandwidth for bias estimation used instead of stated treatment-effect bandwidth. Corrected estimates shrink sharply; standard model cannot estimate stated coefficient.,"printed pp.3,6–8; Table1; AppendixA","Footnote says report sent March2024 then posted online. Date is retrospective testimony, not independently timestamp-verified; editor acknowledgment2025 is later.",dp_248;dp_249,unresolved,no
dp_227,fulltext_evidence_sections_reviewed,material_error,"Temperature and Decisions: Evidence from207,000 Court Cases",10.1257/app.20170223,"Wrong time zone/weather averaging, wrong geographical court-weather matches, and withdrawn applications counted as judicial rejections. Correction reduces original estimate about two-thirds; reply restores finding using changed Chinese-applicant exclusion. Separate reanalysis/extending sample not conflated with error correction.","printed pp.4–5,10–12; referencespp31–33","2025 I4R report is followup, not first disclosure. Check pre2022 workingpaper dates.",,unresolved,no
dp_228,fulltext_frontmatter_screened,favorable_assessment,Your Place in the World: Relative Income and Global Inequality,,"Fehr, Mollerstrom and Perez-Truglia (2022) studied individual preferences for policies addressing global inequality by conducting a two-year, face-to-face survey experiment on a representative sample of Germans from the Socio-Economic Panel (SOEP). They found that Germans systematically underestimated their true place in the global income distribution; that these misperceptions were persistent; and that correcting those misperceptions did not affect their support for polices related to global inequality (while information provision about national relative income affected demand for national redistribution, but only for left-of-center respondents). In this replication report, we present the results from a computational reproduction and robustness replication of Fehr et al. (2022). While direct access to the SOEP microdata is restricted, we were able to obtain access for these reproduction and replication purposes. We confirm that the original study is computationally reproducible and that the main results are generally robust to the following alterations: controlling for political left instead of party; using an extended set of control variables; and dropping observations with missing values.",PDF front matter and abstract; catalog abstract,Full-text front matter screened for source disposition; detailed claim verification not completed. This status does not certify absence of errors.,,unresolved,no
dp_229,fulltext_frontmatter_screened,robustness_concern,The Association between Vaccination Status Identification and Societal Polarization,,"Henkel et al. (2023) investigate the relationship between identification with one's vaccination status against COVID-19 and various measures of societal polarization. They find that vaccination status identification (VSI) moderates the relationship between vaccination status and (1) perception of public discourse, (2) perception of being discriminated against, (3) perceived ostracism, (4) ingroup preference in Dictator Game donations, (5) reactance to a vaccination mandate, and (6) self-reported engagement in activism against the mandate. First, we reproduce the paper's main findings in both R (using the original code as well as new code) and Stata, without any errors that affect the study's main results. Second, we conduct sensitivity analyses where we (1) account for the fact that some respondents change vaccination status (using panel regressions with fixed effects) and (2) conduct logistic regressions (instead of linear regressions) on the two binary outcome variables. Results are mostly in line with the original findings, except in the fixed effects models where the interaction between vaccination status and VSI was not significant for some of the outcome variables. However, this could also result from a lower number of observations in these regressions.",PDF front matter and abstract; catalog abstract,Full-text front matter screened for source disposition; detailed claim verification not completed. This status does not certify absence of errors.,,unresolved,no
dp_230,fulltext_frontmatter_screened,favorable_assessment,,,"Ravindran and Shah (2023) assesses the effect of COVID-19 lockdowns on violence against women (VAM) in India. Using a dynamic fixed effects methodology exploiting spatio-temporal variation in the timing and intensity of 'stay-at-home' mandates in Indian districts, the authors find that government-mandated lockdowns increased complaints of domestic violence in districts with the strictest lockdown rules. I successfully computationally reproduce their results. Further, I test the replicability of the results by re-analyzing the results using a Poisson estimator as opposed to the ordinary least squares (OLS) estimator used by the original authors. I find that lower bound censoring of the outcome measure resulted in attenuation of the marginal effect of government-mandated lockdowns. The effect of mobility restrictions on VAW are understated in the original study. This provides support for the internal validity of Ravindran and Shah (2023)'s results by suggesting that may present lower bound estimates of an under-reported consequence of mobility restrictions during the COVID-19 pandemic.",PDF front matter and abstract; catalog abstract,Full-text front matter screened for source disposition; detailed claim verification not completed. This status does not certify absence of errors.,,unresolved,no
dp_231,fulltext_frontmatter_screened,favorable_assessment,,,"Mahadevan and Shenoy (2023) assesses the use of state influence on funding for welfare programs in West Bengal for political targeting during periods of economic distress. Using a multidimensional regression discontinuity design, the authors find a misallocation of funding for a make-work program to support incumbent majority parties in electoral jurisdictions facing water-stress. This clientelism increased voting shares from farming communities using vote-buying strategies during a period of high unemployment (the dry season). We successfully computationally reproduce their results, and note some potential revisions to the replication packet to improve future replication. Further, we test the robustness replicability of the results through re-analyses modifying the definition of labor allocation, the definition of water-stress, as well as sub-analysis by voter turnout and voter population. We find that extreme water-stress jurisdictions are heavy recipients of reallocated labor, and find that labor is reallocated from part-time to full-time employment through the welfare program. Electoral victories from the ruling party successful implement vote-buying strategies in water-stressed electorates with high voter-turnout and large constituencies. This replication provides support for the internal validity of Mahadevan and Shenoy (2023)'s results and sheds a deeper light into the reallocation of welfare programs during periods of economic disaster.",PDF front matter and abstract; catalog abstract,Full-text front matter screened for source disposition; detailed claim verification not completed. This status does not certify absence of errors.,,unresolved,no
dp_232,fulltext_frontmatter_screened,robustness_concern,,,"Dingel and Neiman (2020) report that 37% of jobs in the US can be performed at home. Their classification algorithm applies a threshold to 15 survey questions on a 1-5 scale. These thresholds are not justified. As a robustness check, I create more lenient (liberal) and more restrictive (conservative) versions of the algorithm by adding or subtracting 0.5 from the threshold. The liberal version counts more occupations as remote, while the conservative version counts fewer. The original estimated share of occupations that can be remote is 37%. The liberal estimate is 59% and the conservative estimate is 25%. The classification is sensitive to small changes in the thresholds.",PDF front matter and abstract; catalog abstract,Full-text front matter screened for source disposition; detailed claim verification not completed. This status does not certify absence of errors.,,unresolved,no
dp_233,fulltext_frontmatter_screened,favorable_assessment,,,"Severen and van Benthem (2022b) studies the effect of gasoline price changes during adolescence on driving behavior as an adult. They find that price changes at ages 15-18 lead to reduced driving during adulthood. In this comment, I replicate the effect on miles travelled using unrestricted data, test whether price decreases and increases have symmetric effects, and test for heterogeneous treatment effects along several dimensions. I find that the extensive margin is driven by price increases, while the intensive margin is explained by price decreases. The effect of price changes varies by region and race, highlighting the need for further investigation into mechanisms. Overall, I find supporting evidence for the main findings.",PDF front matter and abstract; catalog abstract,Full-text front matter screened for source disposition; detailed claim verification not completed. This status does not certify absence of errors.,,unresolved,no
dp_234,fulltext_frontmatter_screened,general_method_or_aggregate_audit,,,"Transparent communication of robustness is essential in empirical research, yet existing tools can be difficult to interpret. This paper introduces the robustness dashboard, a graphical tool that visualizes the results of robustness reproductions into a single, intuitive graph. The robustness dashboard draws on a multiverse of analytical paths to illustrate their effect on statistical significance. It complements existing visualisations, such as specification curves, by offering a more compact and accessible summary of robustness patterns. The dashboard can be easily implemented using our Stata command repframe and scaled according to the number of outcomes, ranging from stand-alone reproductions to meta-reproductions.",PDF front matter and abstract; catalog abstract,Full-text front matter screened for source disposition; detailed claim verification not completed. This status does not certify absence of errors.,,unresolved,no
dp_235,fulltext_frontmatter_screened,favorable_assessment,Why voters who value democracy participate in democratic backsliding,,"This report documents our replication of Braley et al.'s (2023) study, which examined whether voters become less willing to subvert democratic norms upon learning that their political opponents are more committed to democracy than previously assumed. The original study found that correcting voters' misperceptions about their opponents' democratic commitments effectively reduced their own willingness to undermine democratic norms. We replicate this finding within the German multiparty context, performing a direct replication with minimal modifications to the original design. Necessary adaptations address the multiparty structure in Germany, where identifying an out-party is less straightforward than in a two-party system. Additionally, we refined some survey items to enhance clarity. Consistent with the original findings, our replication study shows that correcting voters' misperceptions about the democratic commitment of out-partisans reduces their own willingness to subvert democratic norms, from 0.25 in the control group to 0.19 in the treatment group (on a 0-1 scale). In standardized terms, the observed treatment effect size (Cohen's d = 0.4) closely matches the original effect, exceeding it by 8%.",PDF front matter and abstract; catalog abstract,Full-text front matter screened for source disposition; detailed claim verification not completed. This status does not certify absence of errors.,,unresolved,no
dp_236,fulltext_frontmatter_screened,mixed_or_failed_new_data_replication,The use-the-best heuristic facilitates deception detection,,"Verschuere et al. (2023) examine the effect of using the best available cue (use-the-best heuristic) on deception detection accuracy across 9 studies. In Study 8 they find that focusing on judging one single cue (detailedness) compared to multiple cues (four cues including detailedness, affect, unexpected complications, and admitting lack of memory) increases the percentage of correctly identifying (i.e. accuracy) transcribed statements as true or false (single cue: 58.93% vs. multiple cues: 54.26%, d = 0.41, BF10 = 2.45). Similarly, in Study 9, they find that a single cue treatment including an explicit decisions rule increases accuracy (66.41%) compared to a multiple cue treatment (59.14%; d = 0.48, BF10 = 7.95). We performed a direct replication (N = 549) including both the implicit rule single cue treatment from Study 8, the explicit rule single cue treatment from Study 9, and the multiple cue treatment from both studies by using the same procedures (i.e., methods and analysis) as Study 9 with new data and a broader sample. First, we successfully replicate Study 9 by finding that the explicit rule single cue treatment increases accuracy (67%) compared to the multiple cue treatment (64.2%, d = 0.20, BF10 = 1.23). However, we do not replicate Study 8, by finding that the implicit rule single cue treatment results in descriptively less accuracy (62.4%) compared to the multiple cue treatment (64.2%, d = -0.13, BF10 = 0.06). Thus, we confirm the sign, magnitude and statistical significance of the point estimates for detection accuracy for Study 9 but not Study 8. Second, we test the sensitivity of the results by performing a multilevel model accounting for within-variation in participants and statements and observe similar results in that we replicate effects for Study 9 but not Study 8.",PDF front matter and abstract; catalog abstract,Full-text front matter screened for source disposition; detailed claim verification not completed. This status does not certify absence of errors.,,unresolved,no
dp_237,fulltext_frontmatter_screened,favorable_assessment,"A 2 million-person, campaign-wide field experiment shows how digital advertising affects voter turnout",,"Aggarwal et al. (2023) analyze the effects of an 8-month-long advertising program on voter turnout in the 2020 US presidential election. Therein, 2 million voters were exposed to pro-Biden and anti-Trump advertisements on social media in five battleground states. The study finds no average treatment effect on voter turnout but differential effects when modeling by Trump support: Biden supporters are 0.4 percentage points more likely to vote while Trump supporters are 0.3 percentage points less likely to vote (t = −2.09 with p-value",PDF front matter and abstract; catalog abstract,Truncated RePEc abstract resolved with PDF abstract: original results reproduced; causal-forest extension strengthens some effects.,,unresolved,no
dp_238,fulltext_frontmatter_screened,favorable_assessment,Political polarization of news media and influencers on Twitter in the 2016 and 2020 US presidential elections,,"Flamino et al. (2023) estimate the levels of ideological polarization and echo chamber behavior for Twitter (now X) users during the 2016 and 2020 U.S. presidential elections using political bias classification and network analysis methods. Using 873 million tweets, they find a decline in the proportion of fake and extremely biased content but identify an increase in echo chamber behaviors and latent ideological polarization among both users and influencers over the investigated period. Using the Twitter data and analysis code provided in the complementary OSF.io repository, we successfully reproduced the results of their analysis with only minor deviations due to small technical adjustments. In general, social media analyses frequently blur the distinction between reproduction and replication due to the dynamic nature of platform data and changing access policies resulting in difficulties retrieving consistent datasets over time. Hence, we conducted a robustness check by querying the Twitter/X Batch Compliance API to evaluate how many tweets from the initial dataset remain accessible today. Our ""rehydration"" attempts exposed substantial limitations in the Twitter/X API, as data retrieval issues arose across both free and paid access tiers, preventing us from re-collecting the original dataset or obtaining reliable estimates of tweet accessibility from the original study. While the study was largely reproducible with the intermediary and aggregated data provided, its full reproducibility and replicability are constrained by restrictive social media platform data access policies.",PDF front matter and abstract; catalog abstract,Full-text front matter screened for source disposition; detailed claim verification not completed. This status does not certify absence of errors.,,unresolved,no
dp_239,fulltext_frontmatter_screened,mixed_or_failed_new_data_replication,,,"Webb, Holyoak & Lu (2023) compared human reasoners and GPT-3 on several tasks involving analogy resolution, documenting human-level or superhuman performance in most conditions. In this direct replication, we tested a different, open-weights language model (Mixtral-8x7B) on the same materials (Experiments 1 and 2, ""Digit Matrices"" and ""Letter String"" problems) or on an augmented dataset to obtain the desired statistical power (Experiment 4, ""Story Analogies""). Our replication confirmed the sign and statistical significance of the reported effects in the Digit Matrices and Story Analogies problems, whereas the model did not surpass the human baseline in the Letter String problems.",PDF front matter and abstract; catalog abstract,Full-text front matter screened for source disposition; detailed claim verification not completed. This status does not certify absence of errors.,,unresolved,no
dp_240,fulltext_evidence_sections_reviewed,unresolved_data_integrity_concern,Telementoring and Homeschooling during School Closures: A Randomized Experiment in Rural Bangladesh,,Overlapping participant records and inconsistent test scores across simultaneous studies; treated/control contamination and data anomalies documented. Does not establish a clean isolated coding correction or its consequence.,"printed pp.3–5 (dp240); pp.3–4,10 (dp241)",Data-integrity concern distinct from independently demonstrated corrected estimate. Authors acknowledge some overlap in dp241 p10. No misconduct inference.,dp_240;dp_241,unresolved,no
dp_241,fulltext_evidence_sections_reviewed,unresolved_data_integrity_concern,Delivering Remote Learning Using a Low-Tech Solution: Evidence from a Randomized Controlled Trial in Bangladesh,,Overlapping participant records and inconsistent test scores across simultaneous studies; treated/control contamination and data anomalies documented. Does not establish a clean isolated coding correction or its consequence.,"printed pp.3–5 (dp240); pp.3–4,10 (dp241)",Data-integrity concern distinct from independently demonstrated corrected estimate. Authors acknowledge some overlap in dp241 p10. No misconduct inference.,dp_240;dp_241,unresolved,no
dp_242,fulltext_frontmatter_screened,general_method_or_aggregate_audit,,,"For many economic questions, the empirical results are not interesting unless they are strong. For these questions, theorizing before the results are known is not always optimal. Instead, the optimal sequencing of theory and empirics trades off a ""Darwinian Learning"" effect from theorizing first with a ""Statistical Learning"" effect from examining the data first. This short paper formalizes the tradeoff in a Bayesian model. In the modern era of mature economic theory and enormous datasets, I argue that post hoc theorizing is typically optimal.",PDF front matter and abstract; catalog abstract,Full-text front matter screened for source disposition; detailed claim verification not completed. This status does not certify absence of errors.,,unresolved,no
dp_243,fulltext_evidence_sections_reviewed,minor_error_or_materiality_unresolved,Examining Inequality in the Time Cost of Waiting,,"Holt and Vinopal (2023) investigate whether there is inequality in how much time people spend waiting for services using the American Time Use Survey (ATUS). They find that (1) high-income people are both less likely to wait and spend less time waiting than low-income people, and that (2) this is true even after conditioning on observable differences. Further, they find that (3) income has heterogeneous effects on waiting time by race and ethnicity. First, we successfully computationally reproduce the paper's main claims, but uncover two minor coding errors. However, we find five parts of Holt and Vinopal (2023) where the description in the paper differs from what is implemented in the code. Fixing these impacts their results. We also conduct several robustness tests, including calculating standard errors using the replication weights provided by ATUS, updating the outcome variables to use all waiting time for services recorded in the ATUS, and using weekly earnings as an alternative measure to household income. Between fixing the differences between the code and the paper, and our robustness tests, we conclude that Claim (1) is robust, Claim (2) is robust in some specifications, and Claim (3) is not robust.",abstract,Separate code corrections from outcome/SE robustness alterations. Authors say corrections preserve findings; main material-error inclusion unresolved.,dp_244,unresolved,no
dp_244,fulltext_evidence_sections_reviewed,reply_or_followup,,,"Holt and Vinopal (2023) provides evidence of an income-based gap in time spent waiting for services on the typical day in the United States. The gap was estimated at the extensive margin, unconditional intensive margin, and intensive margin conditional on some waiting time. The analysis was complemented with a heterogeneity assessment that found the income-based gap in the length of waiting spells conditional on some waiting was observed across race categories except Black Americans. Unfortunately, Hall and Thiele identified an error in the code regarding missing household income data that led to a larger analytic sample than was warranted. In addition, Hall and Thiele claim some sensitivity in the hypothesis tests of some results to an expanded definition of the dependent variable and standard error estimation choice. However, correcting our original coding errors regarding missing income, adding weights when omitted, and adding controls when omitted does not meaningfully alter the estimated coefficients or their precision. Hall and Thiele's claims that our race results are not robust is misleading, as they seem driven by interpretation of simplified and space-constrained writing in the abstract, rather than lack of reproduction or sensitivity of the empirical results. To the extent we observe some sensitivity, it involves Hall and Thiele's move to an expansive definition of waiting time to include more leisure and entertainment services, a change that substantially alters the interpretation of results and goes beyond a simple test of robustness.",abstract,Reply/rejoinder reviewed with originating criticism; do not count as distinct affected article.,,unresolved,no
dp_245,fulltext_frontmatter_screened,favorable_assessment,Ramadan Fasting Increases Leniency in Judges from Pakistan and India,,"Mehmood et al. (2023) estimate the effect of Ramadan fasting hours on judicial decisions using case-level data from Pakistan and India. Using exogenous variation in fasting intensity due to the Islamic lunar calendar and latitude, the authors find that Muslim judges are significantly more likely to issue acquittals with longer fasting hours. Their main result, reported in Table 1, shows that each additional hour of fasting beyond the baseline minimum increases acquittal rates by about 10%. I successfully computationally reproduced this main result using the original authors' data and code: I found no coding errors or discrepancies in the replication package, and the point estimates and p-values in my reproduction match those reported in the published article. I then evaluated robustness for the Pakistan sample of judges using three alternative specifications. First, the result is robust to alternative inclusion of control variables: It remains stable and statistically significant whether controlling for case-level covariates, judge-level covariates, both, or none. Second, the effect persists across a different fixed effects specification that includes only district fixed effects. Finally, the result is robust to clustering standard errors at the judge level, although clustering at the month level increases the standard error and renders the estimate statistically insignificant. Overall, the authors' main finding is both computationally reproducible and robust.",PDF front matter and abstract; catalog abstract,Full-text front matter screened for source disposition; detailed claim verification not completed. This status does not certify absence of errors.,,unresolved,no
dp_246,fulltext_frontmatter_screened,favorable_assessment,From Hashtag to Hate Crime: Twitter and Antiminority Sentiment,,"Karsten Müller and Carlo Schwarz (2022) investigate the impact of Twitter on anti-Muslim hate crimes, demonstrating that higher Twitter usage correlates with increased hate crimes, particularly during Donald Trump's political rise. Their findings highlight social media's ability to amplify xenophobic attitudes and translate online rhetoric into real-world violence. Our replication confirms the main findings, showing that a one standard deviation increase in Twitter usage is associated with a 32% rise in hate crimes. While minor rounding differences exist, our computational results align with the original study, reinforcing the robustness of its empirical framework. Extending the analysis, we show heterogeneity in Twitter's impact, finding that weighting by Muslim population share strengthens the effect, whereas population-weighted estimates yield a weaker relationship, suggesting demographic composition plays a crucial role. Additionally, our urban-rural analysis reveals that Twitter's influence on hate crimes is significantly stronger in urban areas, likely due to higher connectivity and media exposure. Finally, we assess educational attainment, demonstrating that higher education mitigates the amplification of anti-Muslim tweets into hate crimes. These findings underscore the need for policy interventions, including digital literacy programs, targeted content moderation, and algorithmic adjustments, to curb online hate speech and its offline consequences.",PDF front matter and abstract; catalog abstract,Full-text front matter screened for source disposition; detailed claim verification not completed. This status does not certify absence of errors.,,unresolved,no
dp_247,fulltext_frontmatter_screened,favorable_assessment,Pandemic Schooling Mode and Student Test Scores: Evidence from US School Districts,,"Jack et al. (2023) estimated the impact of district-level schooling modes (in-person, hybrid, or virtual learning) during the 2020-2021 academic year on standardized test pass rates for grades 3-8 across 11 U.S. states. Between 2019 and 2021, average pass rates declined by 12.8 percentage points in mathematics and 6.8 percentage points in English Language Arts (ELA). By leveraging within-state and commuting zone variations, the study found that districts with full in-person learning experienced significantly smaller declines-13.4 percentage points in math and 8.3 percentage points in ELA. Furthermore, the benefits of in-person learning were particularly pronounced in districts with higher proportions of Black students. The study highlights the potential long-term effects of pandemic-related schooling disruptions and highlights the need for targeted policy interventions to address learning losses. In this report, we computationally reproduced all the main results from Jack et al. (2023) using the replication package provided, including code and data. Our replication confirmed that the estimates, directions, and significance levels were identical to those reported in the published study. Additionally, we conducted two robustness tests: (1) comparing balanced versus unbalanced panel datasets and (2) examining the influence of the distribution of the independent variable (e.g., the share of in-person versus online or hybrid learning) on student performance. Our analysis shows some evidence of outliers and state-level heterogeneity in the distribution of in-person learning, which led to some deviations from the original results in the coefficient magnitudes, but the direction and significance remain similar to original results.",PDF front matter and abstract; catalog abstract,Full-text front matter screened for source disposition; detailed claim verification not completed. This status does not certify absence of errors.,,unresolved,no
dp_248,fulltext_evidence_sections_reviewed,reply_or_followup,,,"Adema et al. (2025a) critically reassesses the findings of Ciacci (2024), arguing that the reported effects result from statistical errors and flawed empirical implementation. This response systematically addresses those claims by applying their proposed methodology to the corrected sample outlined in Ciacci (2025). The analysis confirms that the large positive estimated coefficient linking the criminalization of sex purchase to reported rape cases is not attributable to technical or coding mistakes. Rather, the differences in robustness observed in Ciacci (2025) arise from the estimation of a distinct target parameter and the implementation of alternative robustness checks, not from errors in the original study. In addition, this reply identifies methodological and procedural issues in Adema et al. (2025a), including comparisons across nonequivalent specifications and limited consideration of contextual assumptions. The response advocates for a more transparent, respectful, and collaborative approach to replication, particularly when addressing sensitive topics that demand scientific integrity and academic rigor.",abstract,Reply/rejoinder reviewed with originating criticism; do not count as distinct affected article.,,unresolved,no
dp_249,fulltext_evidence_sections_reviewed,reply_or_followup,,,"In his comment on our replication of Ciacci (2024), Ciacci (2025b) again finds large and statistically significant treatment effects on rape from Sweden's ban on sex purchases. These estimates derive from overfitted control functions and incorrect clustering in the regression discontinuity in time analysis. We show how this happens and conclude that the comment does not alter the prior conclusions in the replications of the original article (Adema et al. 2025; Ciacci 2025).",abstract,Reply/rejoinder reviewed with originating criticism; do not count as distinct affected article.,,unresolved,no
dp_250,fulltext_frontmatter_screened,mixed_or_failed_new_data_replication,Seeing racial avoidance on New York City streets,,"Dietrich and Sands (2023) used New York City traffic camera footage to experimentally examine the effect of a pair of racialized confederate bystanders on the distance pedestrians maintained from those bystanders as they passed them on the sidewalk. Across their block-randomized experimental conditions, the authors found that pedestrians deviated by around 4 inches on average, maintaining larger distances from Black individuals as opposed to White individuals. Their point estimate was significant at the 5% level. In this conceptual replication we use data from a new context and new data collection technique, using 3D videos and computer vision models to estimate the effect of minoritized bystanders on pedestrian distance in Berlin, Germany. Despite these differences to the original study, we directionally reproduce Dietrich and Sands' main claim. Writ large, pedestrians maintain a larger distance from Muslim bystanders of Middle Eastern descent wearing jalabiyas (a religious Muslim garment), as opposed to White bystanders wearing jeans and t-shirts, in the German context. Using bootstrapped sub-samples from our data, our point estimates range from 0.39 inches (1 cm) to 9.84 inches (25 cm), with an average difference in distance of about 5.9 inches (15 cm). This roughly mirrors Dietrich and Sands' finding of a 4-inch difference. However, our replication finds greater heterogeneity across locations, where different types of areas and different streets show opposite patterns. Our pooled results are only statistically significant at the 5% level when using a wild block bootstrap but are not significant when using clustered standard errors.",PDF front matter and abstract; catalog abstract,Full-text front matter screened for source disposition; detailed claim verification not completed. This status does not certify absence of errors.,,unresolved,no
dp_251,fulltext_frontmatter_screened,unresolved,Early morning university classes are associated with impaired sleep and academic performance,,"Yeo et al. (2023) examined the relationship between early university classes, and sleep and academic performance in a large-scale observational study. They hypothesized lower attendance, shorter sleep, and poorer academic achievements coming with earlier classes. To test their hypotheses, the authors tracked students' Wi-Fi connections, Learning Management System logins, and grades and collected actigraphy data. In line with their hypotheses, they found that earlier classes predicted lower attendance, grades and shorter sleep. Due to inaccessibility of other data, this reproduction project focuses solely on the actigraphy data. Here, the authors found that students attend earlier classes to a lower degree since they tend to oversleep, that the frequency of naps is associated with earlier class start times, and that students sleep shorter on nights preceding earlier classes. In this recreate reproducibility project, which uses partly cleaned data, all these claims are successfully reproduced. However, there are some numerical inconsistencies of unclear origin in some results.",PDF front matter and abstract; catalog abstract,Full-text front matter screened for source disposition; detailed claim verification not completed. This status does not certify absence of errors.,,unresolved,no
dp_252,fulltext_frontmatter_screened,favorable_assessment,The formality effect,,"In this comment, we computationally reproduce the results of Linos et al. (2024), which shows contrary to researcher and practitioner predictions, that formal government communications are more effective at influencing resident behavior than informal government communications. We succeeded in reproducing the main findings and extended the analysis by exploring the heterogeneity of the results in terms of age, education and gender. Overall, the main results of the paper appear in the selected subsets of the sample, but some heterogeneity emerges. For instance, males are less likely (than females) to perceive formal letters as formal, but the effect of formality on the likelihood of acting is also higher than for females.",PDF front matter and abstract; catalog abstract,Full-text front matter screened for source disposition; detailed claim verification not completed. This status does not certify absence of errors.,,unresolved,no
dp_253,fulltext_frontmatter_screened,favorable_assessment,How Wage Announcement Affect Job Search - A Field Experiment,,"This report replicates the study by Belot et al. (2022), which investigates how posted wages affect labor supply through a field experiment using a job platform with varying wage postings. The paper's main finding is that a higher wage increases job seekers' interest in a vacancy, a result at odds with the same variables' inverse relationship in the paper's observational data. This report assesses the computational and robustness reproducibility of the referenced paper's results. Testing various empirical specifications and datasets, we find that all findings are, in fact, reproducible. Most importantly, the elasticity of a job posting's saves/views with respect to its posted wage is consistently positive and statistically significant across all of our specifications and datasets.",PDF front matter and abstract; catalog abstract,Full-text front matter screened for source disposition; detailed claim verification not completed. This status does not certify absence of errors.,,unresolved,no
dp_254,fulltext_frontmatter_screened,general_method_or_aggregate_audit,,,"How efficiently do scientific results make their way into the wider world? Applying multiple methods to the universe of hypothesis tests reported in three leading health journals between 2016 and 2022 we evidence the important role of statistical significance as a driver of popular attention to research results. For example, a research finding with significance that places it marginally inside the arbitrary 5% threshold attracts 60 to 110% more real world attention than one with significance marginally outside that threshold. We explore underlying mechanisms and argue that the results have important implications for the (in)efficiency of science translation.",PDF front matter and abstract; catalog abstract,Full-text front matter screened for source disposition; detailed claim verification not completed. This status does not certify absence of errors.,,unresolved,no
dp_255,fulltext_frontmatter_screened,favorable_assessment,Belief Elicitation and Behavioral Incentive Compatibility,,"This study replicates and extends the analysis of belief elicitation methods conducted by Danz et al. (2022). The original paper scrutinizes the binarized scoring rule (BSR) method and its effectiveness in incentivizing truthful reporting. Using data from the original controlled laboratory experiments conducted at the Pittsburgh Experimental Economics Laboratory (PEEL), this replication investigates the impact of varying levels of information about incentives on belief reporting accuracy. The findings of the replication confirm systematic biases in belief reporting, particularly a center-bias effect, challenging the behavioral incentive compatibility of the BSR method. Robustness checks further confirm the generalizability of these results across different settings and belief elicitation tasks. These findings underscore the need for improved methodologies that ensure both theoretical and behavioral incentive compatibility in belief elicitation.",PDF front matter and abstract; catalog abstract,Full-text front matter screened for source disposition; detailed claim verification not completed. This status does not certify absence of errors.,,unresolved,no
dp_256,fulltext_frontmatter_screened,favorable_assessment,Physical Disability and Labor Market Discrimination: Evidence from a Video Résumé Field Experiment,,"Bellemare et al. (2023b) examine discrimination against individuals with physical disabilities in the labor market in Quebec, Canada. Their findings indicate that callbacks from potential employers decrease by 25 percentage points if physical disability is (randomly) revealed. Callbacks increase by 10 percentage points if there is a video resume (randomly) sent to potential employers. In this document, we first conduct a computational reproduction using the replication package. Then, we test the robustness of the findings to the inclusion of different covariates, selecting them with a Double Selection Lasso approach. We complement the analysis estimating heterogeneous treatment effects using Causal Forests, which allow us to uncover data-driven subgroups and test their responses to the treatment. We find that Bellemare et al. (2023b)'s estimates are stable across these robustness checks.",PDF front matter and abstract; catalog abstract,Full-text front matter screened for source disposition; detailed claim verification not completed. This status does not certify absence of errors.,,unresolved,no
dp_257,fulltext_frontmatter_screened,favorable_assessment,Physical Disability and Labor Market Discrimination: Evidence from a Video Résumé Field Experiment,,"This study replicated the research by Bellemare et al. (2023a) to evaluate the transparency and robustness of their findings. We found that computational reproducibility was achieved with ease due to the precise and clear coding provided in their article, and no errors were detected. However, the scope of the publicly available dataset is somewhat restricted, containing only a limited number of variables, which constrains the extent of possible sensitivity analyses. It is unfortunate that the complete set of variables related to the experiments seems to not been made available. We conducted two basic robustness checks, both of which confirmed the validity of the authors' conclusions.",PDF front matter and abstract; catalog abstract,Full-text front matter screened for source disposition; detailed claim verification not completed. This status does not certify absence of errors.,,unresolved,no
dp_258,fulltext_frontmatter_screened,robustness_concern,Market Power and Price Exposure: Learning from Changes in Renewable Energy Regulation,,"Fabra and Imelda (2023) study how the method of payment for renewable energy can reduce the ability of energy producers to exert market power in electricity markets. Their theoretical model provides predictions for dominant and fringe firm behavior under incentives using fixed prices or market exposure. Across several reported specifications, they measure the price depressing effects under both economic instruments. The authors find that in the case of the Spanish electricity market, fixed prices for renewables mitigate market power more than exposure to market pricing. We successfully computationally reproduce 100% of the main claims of the paper. We then explore the robustness of these findings to a placebo event test and modeling choices concerning seasonality and sample selection. These robustness checks typically replicate the main findings of the original paper in sign, but consistently reduce the magnitude and statistical significance of measured results.",PDF front matter and abstract; catalog abstract,Full-text front matter screened for source disposition; detailed claim verification not completed. This status does not certify absence of errors.,,unresolved,no
dp_259,fulltext_frontmatter_screened,favorable_assessment,Age Set versus Kin: Culture and Financial Ties in East Africa,,"Moscona and Seck (2024a) examine how redistribution of economic benefits differs between age-based and kin-based societies in sub-Saharan Africa. Using the experimental evaluation of a cash transfer program in Kenya, they find that an increase in income of members of an individual's age cohort increased consumption expenditure in age-set societies but not in kin-based societies. Next, exploiting the staggered introduction of a pension program in Uganda, they find that the program had positive effects on child health in kin-based societies, though not in age-set societies. In this replication report, we successfully computationally reproduce all results of the paper, with only a few minor deviations. We then conduct three robustness checks on the pension program results in Uganda, by varying the definition of the exposure variable, excluding outliers, and re-weighting observations. The original results are robust to our sensitivity analyses. The point estimates are very close to the original results and statistical significance is unchanged. Finally, we highlight some issues relating to the lack of sample descriptive statistics on key explanatory variables in the original paper.",PDF front matter and abstract; catalog abstract,Full-text front matter screened for source disposition; detailed claim verification not completed. This status does not certify absence of errors.,,unresolved,no
dp_260,fulltext_frontmatter_screened,favorable_assessment,Corruption and Co-optation in Autocracy: Evidence from Russia,,"We re-analyze Szakonyi (2025), one of the most innovative corruption studies in recent years. Using data from Russia, Szakonyi (2025) estimates the effect of a political regime having compromising information (kompromat) over its politicians on legislative behavior, lobbying, and re-election. We are able to computationally reproduce the author's results, but we had to make changes to the data cleaning script for it to run properly. While one of our robustness tests weakens the author's results, most of our additional tests strengthen or confirm Szakonyi's (2025) original findings. Finally, we provide a discussion of estimands and generalizability that does not invalidate Szakonyi's (2025) findings. Overall, Szakonyi (2025) deserves wide readership and praise for its innovative methods of studying corruption in an authoritarian regime.",PDF front matter and abstract; catalog abstract,"Cleaning-script execution changes needed, but substantive results reproduced; no consequential error established.",,unresolved,no
dp_261,fulltext_frontmatter_screened,robustness_concern,How Threats of Exclusion Mobilize Palestinian Political Participation,,"Weiss et al. (2023) study the effect of Trump's peace plan announcement on Palestinian political participation, arguing that a threat of exclusion mobilizes minorities. Their study includes: (1) social media analysis showing differential treatment effects, (2) a difference-in-differences (DiD) analysis of voter turnout, and (3) a DiD analysis of social movement registrations. First, we reproduce their analysis in R and find no substantial errors. Second, we check the parallel trends assumption more rigorously and find that it does not unequivocally hold. Third, we conduct a series of robustness and sensitivity checks, ultimately demonstrating that different definitions of the treatment group and an outcome variable alter the results significantly. Although the results generally support the authors' main argument, our replication raises questions about expanding their grievance mechanism. Our findings indicate that ambiguous and weak threats are more likely to result in institutionalized political participation, while explicit and strong threats tend to mobilize non-institutionalized political participation.",PDF front matter and abstract; catalog abstract,Full-text front matter screened for source disposition; detailed claim verification not completed. This status does not certify absence of errors.,,unresolved,no
dp_262,fulltext_frontmatter_screened,reply_or_followup,,,"In our article, ""How Threats of Exclusion Mobilize Palestinian Political Participation,"" we argue that threats of exclusionary policies can mobilize minority citizens through both electoral and non-electoral channels. Using Donald Trump's 2020 ""Deal of the Century"" (DOC)- which explicitly threatened the citizenship status of a subset of Palestinian citizens of Israel in the Triangle area-we show that the announcement increased political discourse on Facebook, voter turnout, and registrations to a Jewish-Arab social movement. Bochkareva, Silagadze and Stephan (2025) replicate our analyses and reproduce our main findings. They raise thoughtful concerns about the parallel trends assumption, and robustness to alternative treatment definitions and outcome measures. While we welcome these contributions, we clarify that our core design choices-including focusing our analysis on three recurring elections in 2019-2020, and ten localities mentioned in the DOC-were substantively motivated and pre-registered. Building on Bochkareva, Silagadze and Stephan (2025), and drawing on our substantively justified research design, we employ additional event studies that provide further support for the observable implications of the parallel trends assumption, as well as our theoretical argument that threats of exclusion can mobilize minority political participation. We also address data sharing limitations stemming from platform terms of service, data agreements, and ethical concerns, and explain our matching procedures. We conclude by commending the authors' decomposition of mobilization patterns and agree that variation between institutionalized and non-institutionalized responses presents a promising avenue for future research.",PDF front matter and abstract; catalog abstract,Full-text front matter screened for source disposition; detailed claim verification not completed. This status does not certify absence of errors.,,unresolved,no
dp_263,fulltext_frontmatter_screened,robustness_concern,,,"Behavioral interventions on citizens are often promoted as a low-cost route to induce environmen-tally friendly behavior, yet published estimates of their effectiveness are highly variable and prone to selective reporting. We reanalyzed the evidence of behavioral interventions on citizens. We con-ducted Robust Bayesian Meta-Analysis (RoBMA), averaging across a full set of publication-bias adjusted models, to the 144 effect estimates (91 studies) compiled by Nisa et al. (2019). The bias-adjusted model-averaged posterior mean standardized effect of behavioral interventions on citizens is shrunk to 0.00 (95 % credible interval 0.00; 0.00), with a Bayes factor of 66 favoring the null. Accordingly, the previously reported noteworthy mean benefit of -0.093 (95% confidence interval -0.123; -0.063) of behavioral interventions, including promising light-touch interventions (nudges or social comparison), on households and individuals is an artefact of publication bias. There is, how-ever, evidence for small between-study heterogeneity, indicating that some specific interventions might have an effect. Exploratory subgroup tests offered only weak, inconsistent hints of context-specific gains. These results imply that, on average, behavioral interventions on households and individuals are unlikely to deliver material climate benefits.",PDF front matter and abstract; catalog abstract,Full-text front matter screened for source disposition; detailed claim verification not completed. This status does not certify absence of errors.,,unresolved,no
dp_264,fulltext_frontmatter_screened,general_method_or_aggregate_audit,,,"We build a dataset of output and price effects of conventional monetary policy containing 146,463 point estimates and confidence bands from 4,871 impulse-response functions in 409 primary studies. Simple average responses suggest that interest rate hikes substantially dampen output and prices. However, we find robust evidence for publication bias. Bias corrections reduce effect sizes by half or more: in response to a 100 basis points rate hike, output and prices are unlikely to fall by more than 0.5 and 0.25 percent, respectively. Shock identification choices and publication characteristics correlate with effect sizes but are quantitatively less important than publication bias.",PDF front matter and abstract; catalog abstract,Full-text front matter screened for source disposition; detailed claim verification not completed. This status does not certify absence of errors.,,unresolved,no
dp_265,fulltext_frontmatter_screened,general_method_or_aggregate_audit,,,"We create a large meta-dataset of price elasticities of energy demand for heating and cooling in buildings, comprising close to 5000 price elasticity estimates including study and observation characteristics from more than 400 primary studies. We find robust and strong signs of p-hacking and publication bias with insignificant or positive elasticities being underrepresented. Correcting for this bias, the price elasticities range from -0.05 to -0.2 for the short run and from -0.1 to -0.3 for the long run. This holds for all relevant fossil fuels and electricity, poor and rich countries, residential and business usage, and aggregate and survey data.",PDF front matter and abstract; catalog abstract,Full-text front matter screened for source disposition; detailed claim verification not completed. This status does not certify absence of errors.,,unresolved,no
dp_266,fulltext_frontmatter_screened,general_method_or_aggregate_audit,,,"Quantitative research relies heavily on coding, and coding errors are relatively common even in published research. In this paper, we examine whether individuals are more or less likely to check their code depending on the results they obtain. We test this hypothesis in a randomized experiment embedded in the recruitment process for research positions at a large international economic organization. In a coding task designed to assess candidates' programming abilities, we randomize whether participants obtain an expected or unexpected result if they commit a simple coding error. We find that individuals are almost 20% more likely to detect coding errors when they lead to unexpected results. This asymmetry in error detection depending on the results they generate suggests that coding errors may lead to biased findings in scientific research.",PDF front matter and abstract; catalog abstract,Full-text front matter screened for source disposition; detailed claim verification not completed. This status does not certify absence of errors.,,unresolved,no
dp_267,fulltext_evidence_sections_reviewed,material_error,Gender Bias in Parental Attitude: An Experimental Approach,,"Treatment allocation inherited from nonrandomized Islam study, contradicting reported randomassignment. Replicators match followup dataset to inherited assignment; two hypotheses comparing allocation treatments lose claimed experimental identification.","printed pp.3–4,14–15; Figure1","Original unpublishedrawdata unavailable; identifiedthroughfollowup dataset, evidence claim review not independent numerical reproduction. Islam2019retracted is separatepaper; do not transfer status.",,unresolved,no
dp_268,fulltext_frontmatter_screened,minor_error_or_materiality_unresolved,Acceptance of Inequality between Children: Large-Scale Experimental Evidence from China and Norway,,"Cappelen et al. (2025) conduct an online experiment among Chinese and Norwegian adults to measure and compare the acceptance of inequality among children in the two societies. They find a significantly higher acceptance of inequality among children in China. The acceptance of inequality among children is also affected by the source of inequality and the costs associated with redistribution and is found to predict respondents' attitudes towards child policies. In this discussion paper, we first successfully reproduce the main results of the paper. Doing so, we uncover a minor coding error, which, however, leaves the main results unchanged. We then conduct a number of robustness checks, including a redefinition of the main outcome variable and of some of the regressors. The main findings of the paper hold up to these robustness checks.",PDF front matter and abstract; catalog abstract,Full-text front matter screened for source disposition; detailed claim verification not completed. This status does not certify absence of errors.,,unresolved,no
dp_269,fulltext_frontmatter_screened,minor_error_or_materiality_unresolved,Long-Term Effects of Equal Sharing: Evidence from Inheritance Rules for Land,,"Bartels, Jäger and Obergruber (2024) examine how division rules for the inheritance of agricultural land affected distributional outcomes in 19th century and contemporary Germany. The authors use a regression discontinuity design to show that equal-division counties-those in which inheritance of property and land were split equally among heirs-had significantly lower concentration of land holdings in historical Germany and that these areas have higher incomes and wealth today relative to neighboring counterparts that operated under rules where no division of inheritance took place. We computationally reproduce all results present in their manuscript using the replication package the authors provide. While we uncover one minor coding error that affects their calculations of HAC standard errors, it has no effect on the study's results. We also provide two additional tests of the authors identifying assumption: a standard test of continuity of the density of the running variable as well as falsification tests which alter which units are assigned treatment. Both tests support the authors' identifying assumptions.",PDF front matter and abstract; catalog abstract,Full-text front matter screened for source disposition; detailed claim verification not completed. This status does not certify absence of errors.,,unresolved,no
dp_270,fulltext_frontmatter_screened,general_method_or_aggregate_audit,,,"Consensus is crucial to authoritative science, as is replicability. Yet, in economics and the social sciences, the publication of contradictory replications often sparks fierce debates between replicators and original authors. This paper investigates whether experts can reach a consensus on a famous yet unsettled debate about the robustness of the seminal paper by Acemoglu, Johnson, and Robinson (AJR, 2001) following a replication by Albouy (2012). We recruited 352 experts mainly from the pool of scholars citing one of the involved or similar articles. Through a structured online questionnaire, we assess the extent to which these experts align with AJR or Albouy. Our findings indicate no consensus on whether the original results hold after Albouy's replication, although there is a slight tendency among experts to side with the replicator. Exploratory heterogeneity analysis suggests that experts with greater academic credentials are more likely to align with Albouy. Our study demonstrates a potential way to scope scientific consensus formation and navigate replication debates and contested literatures.",PDF front matter and abstract; catalog abstract,Full-text front matter screened for source disposition; detailed claim verification not completed. This status does not certify absence of errors.,,unresolved,no
dp_271,fulltext_evidence_sections_reviewed,materiality_disputed,Comparative Politics and the Synthetic Control Method,,Nominal GDP used but labeled real 2002 PPP GDP. Authors acknowledge labeling error; critics argue material growth-interpretation consequences and weaker corrected robustness. Need distinguish admitted unit-label error from disputed material specification change.,"printed pp.6–8,15–17; response dp272 p3","Not automatically main-cohort material error: PPP current versus constant-dollar interpretation acknowledged, economic consequences contested.",dp_272,unresolved,no
dp_272,fulltext_evidence_sections_reviewed,reply_or_followup,,,No abstract is available for this item.,PDF front matter and abstract; catalog abstract,Full-text front matter screened for source disposition; detailed claim verification not completed. This status does not certify absence of errors.,dp_271,unresolved,no
dp_273,fulltext_frontmatter_screened,favorable_assessment,Why Do Children Think Words Are Mutually Exclusive?,,"An early emerging understanding of information structure in spoken language is demonstrated in Brody et al.'s (2024) study, contrary to the general assumption that young children innately assume new and familiar words to be mutually exclusive. Across 3 experiments, learners up to 2 years of age (N = 106) showed mutual exclusivity if the novel words were spoken with focus, an information-structural marker of contrast. We successfully computationally reproduced the reported results, ran additional robustness tests, and considered potential covariates that were recorded but not used in the original paper (i.e. age and gender). We also assess potentially disproportionate effects of influential participants via Cook's distance, and refit a model where their data are removed. Further, we consider alternative specifications of random effects (e.g., maximal models) to address convergence issues and obtain interval estimates of experimental conditions' means that account for random effects. Finally, we examine whether different optimizers address model convergence issues. Across our replication tests, we find that the original results are robust and key estimates remain significant. Of note, our influence analysis and Bayesian analysis showed stronger effects than those originally reported, likely attributable to inattentive/noisy responding to some trials. Overall, our replication efforts should provide increased confidence in the original effects.",PDF front matter and abstract; catalog abstract,Full-text front matter screened for source disposition; detailed claim verification not completed. This status does not certify absence of errors.,,unresolved,no
dp_274,fulltext_frontmatter_screened,minor_error_or_materiality_unresolved,An Empirical Investigation of the Impact of ChatGPT on Creativity,,"This report describes a computational reproduction of Lee and Chung's (2024) paper, which examined whether using ChatGPT (GPT‑3.5) enhances creativity in adults compared to web-search assistance or no assistance. The authors presented six randomized controlled experiments showing that ChatGPT-assisted responses were assessed as significantly more creative (effect sizes ranging from Cohen's d = 0.32 to 1.88). These effects were robust across diverse tasks and contexts. We first computationally reproduced all the main results using the original dataset and code, obtaining the same results as those presented by the authors in their paper. During the reproduction process, we identified two minor coding errors and one typographical error in the original table, none of which affected the substantive conclusions. Second, we performed a recreate reproduction for the main analysis in Experiments 1 and 3 by writing new R code. Our results again matched the results presented in the original paper. Overall, based on our analyses, the study is fully computationally reproducible from raw data, although only with access to the original code, due to undocumented cleaning steps, some non-described exclusion criteria, and missing codebooks. Several analyses in the original paper showed that ideas generated by ChatGPT are rated as similarly creative regardless of whether people modify them or not. We contributed to this conclusion by introducing a new robustness check using response time as a proxy for human effort in modifying ChatGPT outputs. Using data from Experiment 3, we found no significant correlation between response time and creativity in the ChatGPT condition (r = −.079, p = .449) and no moderating effect of response time on the influence of using ChatGPT on creativity. This suggests that human effort does not incrementally improve creativity beyond ChatGPT's contribution. Taken together, our findings support the original claim that using ChatGPT increases creativity regardless of the human input.",PDF front matter and abstract; catalog abstract,Full-text front matter screened for source disposition; detailed claim verification not completed. This status does not certify absence of errors.,,unresolved,no
dp_275,fulltext_frontmatter_screened,favorable_assessment,,,"Brooks and Liscow (2023) studies the cost of constructing the US interstate highway. They find that the cost per mile tripled from the 1960s to the 1980s, and that this cost increase is not explained by selection of geography or rising input prices. Using restricted data and the original code, I successfully replicate the original results. I perform several robustness checks and find that the original results are robust.",PDF front matter and abstract; catalog abstract,Full-text front matter screened for source disposition; detailed claim verification not completed. This status does not certify absence of errors.,,unresolved,no
dp_276,fulltext_frontmatter_screened,robustness_concern,A meta-analysis of correction effects in sciencerelevant misinformation,,"Chan M.-P.S. and Albarracín D. (2023) examined the impact of correction strategies on mitigating science-relevant misinformation, and found debunking effect was not significant. We replicated their study using the provided replication package, including raw data and analysis code. Our computational reproducibility confirmed the main results. However, our RoBMA analysis showed BF10 values of 1.422 with outliers and 1.437 without outliers, differing from the original study, suggesting lower publication bias. In our robustness reproducibility checks, we found discrepancies. While the misinformation correction effect became significant with different meta-analytic methods, cumulative meta-analysis showed no significant changes over time or with increasing sample sizes. Additionally, the WAAP-WLS analysis indicated no publication bias. These results suggest that while some findings align, the robustness of the debunking effect varies with analytical methods.",PDF front matter and abstract; catalog abstract,Full-text front matter screened for source disposition; detailed claim verification not completed. This status does not certify absence of errors.,,unresolved,no
dp_277,fulltext_frontmatter_screened,favorable_assessment,Understanding and Combatting Misinformation Across 16 Countries on Six Continents,,"In this commentary, we report the results of our computational reproduction of the main claims from Arechar et al. (2023), which examined psychological and social predictors of susceptibility to COVID-19 misinformation across 16 countries. Using the dataset and replication materials provided by the authors, we attempted to reproduce the study's findings using Stata (based on the authors' analysis script) and R (by translating and reconstructing the code). To assess computational reproducibility, we ran the original Stata code and independently reimplemented key analyses in R. While the Stata script allowed reproduction of several key statistical outputs, it lacked plotting code for most figures and required code edits for compatibility with Version 18. In contrast, our R implementation successfully reproduced Figures 2, 3, 4A-C, 5A-D, and 6 with visual and numerical results closely resembling those in the original publication. We also compared the pre-analysis plan and the article. We found inconsistencies in the specificity of the research questions, analysis scope, and terminology, making it challenging to assess fidelity to the preregistration. Overall, our results highlight that, while many of the reported statistical findings are robust to reanalysis, the study's graphical reproducibility could be improved by providing the complete code for all figures, better documentation, and ensuring greater consistency across the replication packages.",PDF front matter and abstract; catalog abstract,Full-text front matter screened for source disposition; detailed claim verification not completed. This status does not certify absence of errors.,,unresolved,no
dp_278,fulltext_frontmatter_screened,general_method_or_aggregate_audit,,,"Exploiting exogenous natural variation to study the impact of hard-to-randomize policies based on instrumental variables (IVs) is a widespread research design in economics. The key identification assumption underlying this design is the exclusion restriction, requiring the IV to affect the outcome variable only through the instrumented treatment variable. We review the literature using topography as an IV to show that systematic violations of this assumption are likely because of topography's ubiquity in socio-economic relationships. Furthermore, as topography often lacks first-stage strength, even subtle violations of the exclusion restriction undermine any causal inference. Instead of the vindication that often accompanies IV applications, we advocate a falsificationist approach to the use of topographic IVs, grounded in precaution and skepticism. We apply this approach to a seminal example of a topographic IV, Dinkelman (2011).",PDF front matter and abstract; catalog abstract,Full-text front matter screened for source disposition; detailed claim verification not completed. This status does not certify absence of errors.,,unresolved,no
dp_279,fulltext_frontmatter_screened,favorable_assessment,Ramadan Fasting Increases Leniency in Judges in Pakistan and India,,"Mehmood et al. (2023) estimate the effect of Ramadan fasting hours on judicial decisions using case-level data from Pakistan and India. Using exogenous variation in fasting intensity due to the Islamic lunar calendar and latitude, the authors find that Muslim judges are significantly more likely to issue acquittals with longer fasting hours. Their main result, reported in Table 1, shows that each additional hour of fasting beyond the baseline minimum increases acquittal rates by about 10%. I successfully computationally reproduced this main result using the original authors' data and code: I found no coding errors or discrepancies in the replication package, and the point estimates and p-values in my reproduction match those reported in the published article. I then evaluated robustness for the Pakistan sample of judges using three alternative specifications. First, the result is robust to alternative inclusion of control variables: It remains stable and statistically significant whether controlling for case-level covariates, judge-level covariates, both, or none. Second, the effect persists across a different fixed effects specification that includes only district fixed effects. Finally, the result is robust to clustering standard errors at the judge level, although clustering at the month level increases the standard error and renders the estimate statistically insignificant. Overall, the authors' main finding is both computationally reproducible and robust.",PDF front matter and abstract; catalog abstract,Full-text front matter screened for source disposition; detailed claim verification not completed. This status does not certify absence of errors.,,unresolved,no
dp_280,fulltext_frontmatter_screened,favorable_assessment,Network formation and efficiency in linear-quadratic games: An experimental study,,"We replicate Horváth (2025), experimentally studying link formation and effort in a linear-quadratic game with positive externalities. Across five treatments, subjects exert 38-97 percent more effort than the Nash benchmark yet create too few links, depressing payoffs. In groups of five, the complete network appears in roughly 25 percent of final rounds (66-76 percent if deviations of ±2 links are allowed); in groups of nine it is almost never reached. Larger groups and lower link costs fail to improve connectivity. Following the original procedures and analysis step-for-step, our replication reproduces the sign, magnitude, and statistical significance of every reported effect. Robustness checks-learning, benefit salience, group benchmarking, alternative clustering, and multiple link-formation specifications- confirm the core pattern: persistent over-provision of effort coupled with under-provision of links, generating substantial efficiency losses.",PDF front matter and abstract; catalog abstract,Full-text front matter screened for source disposition; detailed claim verification not completed. This status does not certify absence of errors.,,unresolved,no
dp_281,fulltext_frontmatter_screened,general_method_or_aggregate_audit,,,"Publication practices in the social sciences act as a filter that favors statistically significant results over null findings. While the problem of selection on significance (SoS) is well-known in theory, it has been difficult to measure its scope empirically, and it has been challenging to determine how selection varies across contexts. In this article, we use large language models to extract granular and validated data on about 100,000 articles published in over 150 political science journals from 2010 to 2024. We show that fewer than 2% of articles that rely on statistical methods report null-only findings in their abstracts, while over 90% of papers highlight significant results. To put these findings in perspective, we develop and calibrate a simple model of publication bias. Across a range of plausible assumptions, we find that statistically significant results are estimated to be one to two orders of magnitude more likely to enter the published record than null results. Leveraging metadata extracted from individual articles, we show that the pattern of strong SoS holds across subfields, journals, methods, and time periods. However, a few factors such as pre-registration and randomized experiments correlate with greater acceptance of null results. We conclude by discussing implications for the field and the potential of our new dataset for investigating other questions about political science.",PDF front matter and abstract; catalog abstract,Full-text front matter screened for source disposition; detailed claim verification not completed. This status does not certify absence of errors.,,unresolved,no
dp_282,fulltext_frontmatter_screened,reply_or_followup,,,"In Voigtländer and Voth (2012), we show that German towns and cities that attacked their Jewish communities during the Black Death in 1348/9 were more anti-Semitic in the interwar period. Francis recodes our sources using large language models (LLMs). He argues that his re-examination shows our results to be fragile and driven by doubtful coding choices. Here, we show that a) even when we take Francis' recoded data at face value, none of our conclusions is overturned. Results remain quantitatively similar, and most individual outcomes remain statistically significant. Crucially, the principal component summarizing overall anti-Semitism in the 1920s/30s (which Francis does not report) remains highly significant under his recoding. Moreover, in our preferred geographic matching specifications - comparing nearby towns with and without Black Death pogroms (also not reported by Francis) - most individual outcomes and their principal component continue to display highly significant persistence, yielding near-identical results despite changes to roughly 8% of the codings. b) In addition, Francis' codings are replete with linguistic and historical mistakes and misunderstandings.",PDF front matter and abstract; catalog abstract,Full-text front matter screened for source disposition; detailed claim verification not completed. This status does not certify absence of errors.,,unresolved,no
dp_283,fulltext_frontmatter_screened,robustness_concern,,,"Döbbeling-Hildebrandt et al. (2024, DH2024) conduct a meta-analysis of the effectiveness of carbon pricing. DH2024's abstract concludes that 17 of 21 schemes evaluated in the literature produced substantial emissions reductions. A subsequent press release was headed: ""Carbon pricing works"". This comment revisits the meta-analysis and examines whether its empirical evidence supports the claims made in DH2024's abstract and, notably, the press release. We use DH2024's own approach of accounting for statistical power and potentially biased causal inference in the underlying studies. We show that when these criteria are applied simultaneously and conservatively - which we argue they should be - only nine effective schemes remain, eight in China and one regional US scheme. We emphasize that statistical power is a major issue in most carbon pricing evaluations, because most carbon prices are very low, leading to weak signal-to-noise ratios. We conclude that DH2024's policy implications and its press release therefore cannot be squared with its evidence base.",PDF front matter and abstract; catalog abstract,Full-text front matter screened for source disposition; detailed claim verification not completed. This status does not certify absence of errors.,,unresolved,no
dp_284,fulltext_frontmatter_screened,general_method_or_aggregate_audit,,,"Recent literature shows that when regression models are estimated on variables transformed with 'log-like' functions such as the inverse hyperbolic sine or ln(Z+1) transformations, one can obtain (semi-)elasticity estimates of any magnitude by linearly re-scaling the input variable(s) before transformation. We systematically re-analyze the replication data of 46 papers whose main conclusions are defended by log-like specifications. Our replication findings motivate new theoretical and simulation results showing that in log-like specifications, unit scale can be used to overfit data, creating an uncontrolled multiple hypothesis testing problem that frequently yields spuriously significant results. In particular, 38% of the estimates we re-analyze sit in a 'sweet spot', where both upward and downward re-scalings of variables' units before transformation shrink test statistics. Consequently, published estimates in this literature are statistically significant over 40% more frequently than in the general economics literature. We find that modest changes to model specification yield different statistical significance conclusions for 14-37% of estimates defending papers' main claims. We also show that for 99.8% of estimates, variables transformed with log-like functions do not meet data requirements for log-like specifications from a methodological recommendation cited by all papers in our replication sample. We synthesize and harmonize methodological guidelines and advocate for more robust alternative specifications, including normalized estimands, Poisson regression, and quantile regression.",PDF front matter and abstract; catalog abstract,Full-text front matter screened for source disposition; detailed claim verification not completed. This status does not certify absence of errors.,,unresolved,no
dp_285,fulltext_evidence_sections_reviewed,material_error,Disloyal Managers and Shareholder Wealth,,"Figure1 implemented treatment interacted with state-year and industry-year fixed effects, absorbing intended treatment variation; residual identification relies on calendar versus fiscal year mismatch. Corrected stacked specification removes innovation decline. Original sample unavailable; authors dispute substantive consequences and document database-version differences.","printed pp.5–8,13–16; dp286 pp.3–5",Source-supported implementation discrepancy; independently rerunning original code not performed by this reviewer. Separate corrected Figure1 from dot-com confounding robustness.,dp_286,unresolved,no
dp_286,fulltext_evidence_sections_reviewed,reply_or_followup,Disloyal Managers and Shareholder Wealth,,"This document provides clarifications and guidance for researchers seeking to replicate the analyses in our paper. This is important as we identified some items in the published text and the code where additional clarity would be helpful. While none of these affect our substantive conclusions, we believe transparency requires that we document them here to facilitate future replication work, avoid confusion, and maintain the integrity of the scientific record. We also take this opportunity to note that updates and data quality issues in standard financial databases (discussed in Section B.1) may complicate replication efforts of our paper as well as others. Replication considerations specific to our paper follow beginning in section B.2.",PDF front matter and abstract; catalog abstract,Full-text front matter screened for source disposition; detailed claim verification not completed. This status does not certify absence of errors.,dp_285,unresolved,no
dp_287,fulltext_frontmatter_screened,general_method_or_aggregate_audit,,,"This systematic and large-scale reproduction effort tests the reproducibility and robustness of economics and political science. We reproduced original analyses and conducted robustness checks of 110 articles recently published in leading economics and political science journals (all of which have mandatory data and code sharing policies). We found that over 85% of published claims were computationally reproducible. In robustness checks, our re-analyses led to 72% of statistically significant estimates to remain significant and in the same direction, and the median reproduced effect size is (nearly) the same as the originally published effect size (that is, 99% of the published effect size). Additionally, six independent research teams examined 12 pre-specified hypotheses about determinants of robustness. Research teams with more experience found lower levels of robustness, and robustness correlated with neither author characteristics nor data availability.",PDF front matter and abstract; catalog abstract,Full-text front matter screened for source disposition; detailed claim verification not completed. This status does not certify absence of errors.,,unresolved,no
dp_288,fulltext_frontmatter_screened,minor_error_or_materiality_unresolved,,,"We report a computational reproducibility assessment of Heiserman and Simpson (2023), who examined the causal effects of workplace discrimination on employees' work effort across five experiments (total analytic N = 1,041) and a manager survey (N = 107). Using the authors' publicly available data and reproducing the published analyses in R (the original used Stata), we closely reproduce the reported reward-expectation results, the main work-effort pattern, the mediation decomposition, and the manager-survey results. We identify seven minor reporting discrepancies between the manuscript, supplement, and reproduced values, none of which changes the substantive conclusions. Extension analyses meta-analytically pool count-model results that the original supplement reports only per-study, conduct additional meta-analytic robustness checks (leave-one-study-out, exclusion sensitivity), and assess pre-registration adherence using Lakens' severity framework. Overall, we find that conclusions weaken under some alternative analytical choices, but that the main claim is robust.",PDF front matter and abstract; catalog abstract,Full-text front matter screened for source disposition; detailed claim verification not completed. This status does not certify absence of errors.,,unresolved,no
dp_289,fulltext_frontmatter_screened,favorable_assessment,Crisis and the Trajectory of Science: Evidence from the 2014 Ebola Outbreak,,"This report replicates and extends the empirical analysis of Fry (2023), which studies the impact of the 2014 West African Ebola epidemic on the scientific productivity of researchers in Guinea, Liberia, and Sierra Leone. Using the replication package provided by the author, we exactly reproduce all main results, confirming the study's computational reproducibility. We further assess robustness with respect to alternative regression models, sample definitions, and matching procedures. While the main findings are robust across specifications, we find that the estimated effects are largely driven by researchers based in Sierra Leone, highlighting the importance of heterogeneity within the treated group.",PDF front matter and abstract; catalog abstract,Full-text front matter screened for source disposition; detailed claim verification not completed. This status does not certify absence of errors.,,unresolved,no
dp_290,fulltext_frontmatter_screened,favorable_assessment,"Should Cash Transfers Be Conditional? Conditionality, Preventive Care, and Health Outcomes",,"This replication study revisits Attanasio et al. (2015), which examines the effects of conditional cash transfers on preventive health care utilization and child health outcomes in Colombia. Using the original data and replication files, we successfully reproduce all the main tables and figures reported in the paper. We further assess robustness by estimating alternative count-data models for preventive care visits, constructing a health index using a summary-index approach, and modifying the estimation sample. Across these extensions, the main qualitative findings of the original study remain intact, supporting the robustness and credibility of the original conclusions.",PDF front matter and abstract; catalog abstract,Full-text front matter screened for source disposition; detailed claim verification not completed. This status does not certify absence of errors.,,unresolved,no
dp_291,fulltext_frontmatter_screened,favorable_assessment,Cumulative Impacts of Conditional Cash Transfer Programs: Experimental Evidence from Indonesia,,"Cahyadi et al. (2020) examine the cumulative effects of conditional cash transfer programs in Indonesia after 2 and 6 years. They find beneficial effects for several of the indicators targeted by the cash transfer programme. They find a substantial increase in childcare using trained professionals, the number of under-15 out of school fell by half, and stunting fell by 23 per cent. By contrast, they found no transformative economic change for the households that received crash transfers. We successfully computationally reproduced the main results of the paper. Additionally, we successfully used a fake treatment as a placebo and showed that the results are robust against the omission of control variables. Moreover, we could verify the coding of two variables, which we tested and confirmed to correspond to the WHO definition.",PDF front matter and abstract; catalog abstract,Full-text front matter screened for source disposition; detailed claim verification not completed. This status does not certify absence of errors.,,unresolved,no
dp_292,fulltext_evidence_sections_reviewed,material_error,The Effect of High-Tech Clusters on the Productivity of Top Inventors,,Instrument first differences computed across cities because sorting omits city; corrected within-city IV first-stage F falls from22–39 to4–7 and main IV estimates lose precision. Eventtime-zero coefficient uses un-interacted cluster size instead of interaction; correcting removes discontinuity.,"printed pp.5,10–13; Table1",Main baseline OLS elasticity is not mechanically disproven; IV and sorting checks no longer provide original claimed support.,,unresolved,no
dp_293,fulltext_evidence_sections_reviewed,measurement_validity_concern,,,"Nationality-origin proxy for religion misclassifies affected people; with measured religion, effects differ. Targets both Abdelgadir/Fouka2020 and Maurin/Navarrete-Hernandez2023. Not an accidental code bug; measurement/estimand and new-data comparison need adjudication.","printed pp.24–27,31",Two original articles; avoid one-to-one source mapping. Keep outside demonstrated-error main cohort until paper-specific material error classification reviewed.,,unresolved,no
dp_294,fulltext_evidence_sections_reviewed,material_error,Development Effects of Electrification: Evidence from the Topographic Placement of Hydropower Plants in Brazil,,"Amazon boundary inconsistent between IV simulation and estimation; acknowledged earlier2021 correction. Additional errors omit HDI definition adjustment and include populations of missing-outcome municipalities in denominator, treating missing outcomes as zero; correcting lowers HDI effects substantially.","printed pp.7–9,20; Table1 and AppendixA",2021 event applies Amazon error. Do not backdate newly reported HDI/aggregation errors to2021 without confirming earlier text. Repeated-seed robustness is separate from implementation errors.,,unresolved,no
dp_295,fulltext_frontmatter_screened,robustness_concern,,,"Xiang et al. (2025) investigate whether the gambler's fallacy-the false belief that a random event is less likely to occur if it has occurred recently-is robust to using probabilistic (versus point) predictions and independently and identically distributed (versus non-IID) sequences. In five experiments with 150 participants each observing 18 sequences of colored balls, the authors find strong evidence of the gambler's fallacy when eliciting point predictions or using non-IID sequences, but fail to observe a robust gambler's fallacy when eliciting probabilistic predictions over IID sequences. We successfully reproduce all main results from the processed data and analysis code. The absence of raw data precludes robustness checks incorporating response times, attention checks, or demographic controls. We conduct two main robustness analyses that both validate the main finding that point predictions are fundamentally different from probabilistic predictions, but also findstrong evidence of the gambler's fallacy for probabilistic predictions. First, we investigate the simplest form of the gambler's fallacy, finding that participants do expect negative autocorrelation based solely on the outcome of the final draw, which applies to both probabilistic and point predictions. Second,we find that this expectation of negative autocorrelation strengthens as the streak gets longer, and that this also applies to both probabilistic and point predictions.",PDF front matter and abstract; catalog abstract,Full-text front matter screened for source disposition; detailed claim verification not completed. This status does not certify absence of errors.,,unresolved,no
dp_296,fulltext_frontmatter_screened,general_method_or_aggregate_audit,,,"Something is amiss in empirical economics. Despite the advances of the credibility revolution, published estimates tend to be inflated and overconfident. We argue that this stems from a weakness in the dominant econometric framework: treating the researcher like a calculator that mechanically implements the econometric method. We use several examples to show how properties of estimators change dramatically with humans-in-the-loop. Under plausible assumptions on researcher behavior, lowpower estimators such as instrumental variables exhibit high degrees of bias, even with a first-stage F-statistic of 200. Threshold testing on the first-stage F-statistic can reduce bias, contrary to Angrist and Koles'ar (2024). And standard errors understate uncertainty, since they ignore variation due to researchers' subjective choices. Ignoring the role of humans ""in the research loop"" can lead to highly biased and unreliable findings. Modifying econometric practices to address the human factor is a critical frontier of the credibility revolution.",PDF front matter and abstract; catalog abstract,Full-text front matter screened for source disposition; detailed claim verification not completed. This status does not certify absence of errors.,,unresolved,no
dp_297,fulltext_frontmatter_screened,general_method_or_aggregate_audit,,,"Public sharing of data and analysis code enables independent verification of published findings, yet systematic evidence on such sharing in sociology remains scarce, even as audits have been conducted in psychology, economics, and political science. We examine 730 empirical articles published between January 2019 and June 2024 in three leading general-interest journals: American Sociological Review, American Journal of Sociology, and Social Forces. For each article, we record whether a publicly accessible replication package is provided, and for those that share materials, we attempt to computationally reproduce the main-text tables and figures. Across the sample, 9.9% of articles provide replication packages, with substantial variation across journals (5.2% to 22.9%) and research types (0% for qualitative studies, 30% for experiments). These rates fall well below those reported for political science and economics. Among 72 packages examined in detail, more than half cannot be verified due to missing or incomplete materials. At the same time, no article is wholly non-reproducible, and 22% are fully or largely reproducible. Sociology is not unusually prone to errors when materials are shared and runnable - it simply shares them far less often. We discuss implications for journal policies and for transparency standards that reflect the field's methodological diversity.",PDF front matter and abstract; catalog abstract,Full-text front matter screened for source disposition; detailed claim verification not completed. This status does not certify absence of errors.,,unresolved,no
dp_298,fulltext_frontmatter_screened,favorable_assessment,Immigration Restrictions as Active Labor Market Policy: Evidence from the Mexican Bracero Exclusion,,"Clemens et al. (2018) examine the impact of the exclusion of Mexican immigrant workers, known as braceros, from US agricultural labour markets in the 1960s. The explicit goal of this policy was to boost wages and/or employment for local agricultural workers by decreasing labour supply. The authors present a theoretical framework which argues that this policy may not have the desired impacts if firms can adjust capital inputs in response. Their main finding is that there is no effect of the bracero exclusion on the wages or employment of local agricultural workers. They provide evidence of increased mechanisation in response to decreased labour supply. We conduct a computational and robustness reproduction of the main results presented in Clemens et al. (2018). Using the reproduction package provided by the original authors, we successfully computationally reproduce the main results. Our robustness reproduction comprises three distinct robustness checks. We test the sensitivity of the results to changing the base year used to define treatment. We implement a more recently proposed difference-in-difference estimators in the presence of a continuous treatment variable. Finally, we change how missingness is dealt with in one outcome variable-domestic seasonal employment. Our results do not provide compelling evidence to challenge the findings of the original paper. However, we note that large confidence intervals around point estimates make it difficult to draw conclusions of a precise null effect.",PDF front matter and abstract; catalog abstract,Full-text front matter screened for source disposition; detailed claim verification not completed. This status does not certify absence of errors.,,unresolved,no
dp_299,fulltext_frontmatter_screened,favorable_assessment,,,"This replication study evaluates the computational and robustness reproducibility of the main findings in Mehmood et al. (2025), which investigates the transmission of gender-equitable attitudes from teachers to students in Pakistan by means of a randomized controlled trial with four treatment groups and a control group. Using the authors' replication package, we perform a successful computational reproduction of all reported coefficients and p-values, starting from the provided analysis data set. We then perform four sets of robustness checks: using an alternative way of constructing a key outcome variable, including different sets of control variables, reweighting the student-level regressions, and applying a difference-in-differences approach based on pre-treatment outcomes. Overall, the main findings are highly robust to a wide range of reasonable alternative specifications and analytic choices. In particular, across the 90 robustness specifications we estimate, 94% reproduce the original sign and statistical significance of the reported effects. For some outcomes, we obtain considerably larger effect sizes, further underscoring the importance of the transmission of gender-equitable attitudes.",PDF front matter and abstract; catalog abstract,Full-text front matter screened for source disposition; detailed claim verification not completed. This status does not certify absence of errors.,,unresolved,no
dp_300,fulltext_frontmatter_screened,favorable_assessment,Gender Differences in Climbing up the Ladder: Why Experience Closes the Ambition Gender Gap,,"Wald et al. (2024) find that women are less likely than men to go after top leadership roles mainly early in their careers, not because they lack ability, but because they lack experience and confidence. Using nearly a century of U.S. political data, the researchers showed that women with little experience were less likely than men to run for high office, but this gender gap disappeared once women gained enough experience. An experiment confirmed why this happens: experience boosts women's self-confidence, which in turn makes them just as willing as men to pursue high-level positions. Overall, the study claims that giving women opportunities to gain experience is a key to close the gender gap in ambition and leadership pursuit. We first assess computational reproducibility and successfully reproduce all main results from Study 1 (Model 1 in Table 2 and robustness models in Tables S2 and S3) and all preregistered results from Study 2 using the authors' replication package, starting both from raw data and from analysis data, with no discrepancies in sign, magnitude, or statistical significance. We then conduct a robustness reproducibility analysis for Study 1 using a multiverse framework. A joint Wald test of the experience-gender interaction terms confirms the original claim, rejecting the null hypothesis of no differential effect of experience by gender (.2 (2) = 10.5313, p . 0.0052). Across alternative specifications that vary the functional form of experience (quadratic vs. dummy variables), the treatment of calendar time (linear vs. dummy variables), and the subset of years included (all vs. even years only), the main claim replicates in 15 out of the 16 tests performed. The test for which the main claim was no longer significant was that for which analyses were restricted to even election years (to address irregularities in the temporal structure of U.S. elections) and both experience and calendar year were entered as dummy variables. Study 2 was not subjected to robustness reproduction; its preregistered experimental results are computationally reproducible and match the published findings precisely. Overall, the core claim that experience closes the gender gap in political ambition is computationally reproducible and robust across most plausible specifications, with the exception being that which restricts the sample (to account for the uneven temporal distribution of elections, a critical attribute given their occurrence in uneven years) and inputs alternative specifications of both experience and calendar year. This underscores the need for more in-depth analysis in future research that extends the original study.",PDF front matter and abstract; catalog abstract,Full-text front matter screened for source disposition; detailed claim verification not completed. This status does not certify absence of errors.,,unresolved,no
dp_301,fulltext_frontmatter_screened,robustness_concern,Discontinuities in the age-victimisation profile and the determinants of victimisation,,"Bindler et al. (2024) examine whether, and to what extent, rights granted at ages 16 and 18, mainly access to drugs and motor vehicles, affect victimization rates at these age thresholds. In this replication report we identify five main claims from their abstract. We assess the extent to which these claims are computationally reproducible. For four of the claims we assess, in addition to robustness checks reported by Bindler et al. themselves, whether they are empirically robust against variations in offence definitions. Regarding computational reproducibility, we find that the replication package provided by the authors, together with data from Statistics Netherlands, allows us to reproduce the original findings with an almost perfect precision. Regarding our robustness checks, our results show that two of the main claims are supported, while the two other claims are most strongly supported for property offences and do not hold uniformly across other offence types. Taken together, we evaluate the original paper's findings as highly reproducible and largely, though not uniformly, robust to plausible changes in the dependent variable.",PDF front matter and abstract; catalog abstract,Full-text front matter screened for source disposition; detailed claim verification not completed. This status does not certify absence of errors.,,unresolved,no
dp_302,fulltext_evidence_sections_reviewed,material_error,The Welfare Magnet Hypothesis: Evidence from an Immigrant Welfare Scheme in Denmark,,Change in stock of immigrants aged30+ interpreted as net migration but includes existing residents turning30. Comparing actual inflows minus outflows reduces detrended net-flow decline from3900 to1900; separate alternative estimators yield much lower elasticities.,"printed pp.4,6–7; Figure1",Measurement identity is demonstrable. Do not attribute full1.3 to0.28 elasticity difference solely to this correction; comparison also changes estimand and counterfactual.,,unresolved,no
dp_303,fulltext_evidence_sections_reviewed,robustness_concern,,10.1126/sciadv.adz7173,"Saturated disciplinary categories absorb four teams. This is deliberate categorical-control coding and a model/support disagreement, not demonstrated erroneous implementation. Authors defend theory and show alternative models.",printed pp.4–6; reply dp304 pp.6–7,Do not accept abstract coding-error label at face value; disputed modeling decision excluded from demonstrated-error cohort.,dp_304,unresolved,no
dp_304,fulltext_evidence_sections_reviewed,reply_or_followup,,,"In a comment on our work on ideological bias in the production of research findings (Borjas and Breznau 2026), Auspurg and Brüderl argue that our findings are based on ""fragile evidence"" and contain a ""coding error"" that, when corrected, removes the statistically significant results we presented (Auspurg and Brüderl 2026). In this response we address each of their claims carefully. In our published paper, we explicitly acknowledged the limitations of our findings which are based on secondary data and a small sample. After examining Auspurg and Brüderl's claims, we conclude that they have not presented any new evidence that warrants any correction to our conclusions. Furthermore, we find that some of their claims - such as the claim that the paper contains a ""coding error"" - are simply false.",PDF front matter and abstract; catalog abstract,Full-text front matter screened for source disposition; detailed claim verification not completed. This status does not certify absence of errors.,dp_303,unresolved,no
dp_305,fulltext_evidence_sections_reviewed,robustness_concern,Unpacking p-Hacking and Publication Bias,,No coding errors found; two initial-submission heaping tests differ. Density results sensitive to numerical bandwidth algorithms and modeling choices; causal error not established.,printed p5,Full-text front matter screened for source disposition; detailed claim verification not completed. This status does not certify absence of errors.,dp_306,unresolved,no
dp_306,fulltext_evidence_sections_reviewed,reply_or_followup,Unpacking p-Hacking and Publication Bias,,"We are grateful to Alexandra de Gendre and Nicolás Salamanca for their careful reproduction, robustness analyses, and extensions of our article, ""Unpacking p-Hacking and Publication Bias."" Their comment exemplifies the type of scientific engagement that strengthens research and advances knowledge. We are particularly pleased that they were able not only to reproduce many of our findings, but also to probe their robustness, develop additional statistical tests, and propose new methodological approaches. Such efforts are especially valuable given the unusual data constraints surrounding our study. Because the underlying editorial data are highly confidential, substantial restrictions governed data access and sharing. Nevertheless, we worked to make the project as transparent and reproducible as possible, and we are delighted to see that these efforts enabled a thoughtful and productive independent assessment. We believe the revised comment makes a meaningful contribution to the literature on publication bias, p-hacking, peer review, and research transparency. We clarify a minor issue regarding sample sizes, highlight points of agreement between the comment and our original article, and discuss how this exchange illustrates the value of reproduction and critical scrutiny in empirical economics.",PDF front matter and abstract; catalog abstract,Full-text front matter screened for source disposition; detailed claim verification not completed. This status does not certify absence of errors.,dp_305,unresolved,no
dp_307,fulltext_evidence_sections_reviewed,materiality_disputed,"Prevalence and Levels of Symptoms of Anxiety, Depression and Suicidal Ideation Amongst Elite Male Soccer Players: An Age- and Education-Matched Controlled Study",10.3390/ijerph23030362,"18 excess duplicated control rows (14 duplicated response patterns) affect depression prevalence and neural-network independence. Correcting raises control depression prevalence37.27% to43.48%, reversing descriptive athlete/control comparison; author acknowledges duplicates but primary inferential findings unchanged.",printed pp.3–4; reply dp308 pp.3–5,Error real; whether descriptive reversal counts as significant error requires rule-level adjudication. Do not conflate18rows with14patterns or accuse fabrication.,dp_308,unresolved,no
dp_308,fulltext_evidence_sections_reviewed,reply_or_followup,,,No abstract is available for this item.,PDF front matter and abstract; catalog abstract,Full-text front matter screened for source disposition; detailed claim verification not completed. This status does not certify absence of errors.,dp_307,unresolved,no
dp_309,fulltext_frontmatter_screened,minor_error_or_materiality_unresolved,Overperception of moral outrage in online social networks inflates beliefs about intergroup hostility,,"Brady et al. (2023) investigated whether people overperceive moral outrage in social media and whether exposure to outrage-saturated newsfeeds amplifies perceived collective outrage and intergroup hostility across five studies. Participants who viewed the high-overperception feed judged the collective outrage of their social network as substantially large. They also found that exposure to highly overperceived feeds increased perceived social appropriateness, increased affective polarization, and heightened perceived ideological extremity. In this commentary, I successfully computationally reproduce all reported effects even after correcting a data-processing error that unintentionally duplicated observations in Studies 1-3, including the large between-condition difference in perceived collective outrage (Study 4). Bootstrapping 2,000 resamples confirmed that the 95% bias-corrected and accelerated CI [2.09, 2.51] matches the analytic interval, indicating an exceptionally stable effect. I also replicate Study 5 using tweet-level mixed-effects models that preserve the nested structure of the data. These reanalyses reproduce the main effects of overperceived feeds on social appropriateness (b = 0.67, p",PDF front matter and abstract; catalog abstract,Full-text front matter screened for source disposition; detailed claim verification not completed. This status does not certify absence of errors.,,unresolved,no
dp_310,fulltext_frontmatter_screened,general_method_or_aggregate_audit,,,"The scientific community rewards priority: the researcher who establishes a novel finding first, claims credit that later entrants cannot. This reward may increase the incentive to reach statistical significance. Using 43,140 tests published in the AER, JPE, and QJE between 2001 and 2010, together with text-based and bibliographic measures of novelty, I examine whether more novel articles are more prone to selective reporting. Running caliper regressions around conventional significance thresholds, I find suggestive evidence that novel articles are more likely to report just-significant results at the 10 percent level, an association concentrated around the threshold and driven by textual novelty.",PDF front matter and abstract; catalog abstract,Full-text front matter screened for source disposition; detailed claim verification not completed. This status does not certify absence of errors.,,unresolved,no
dp_311,fulltext_evidence_sections_reviewed,unresolved_data_integrity_concern,Decoding the elite soccer player’s psychological profile,10.1073/pnas.2415126122,"Unusual correlations/distributions in Brazilian controls; response acknowledges scoring and transcription concerns, incomplete recoverable provenance, but disputes fabrication. Broader data-integrity concern unresolved.",printed pp.3–5; reply dp312 pp.5–9,No proven fabricated-data label. Specific personality scoring error in response requires detailed consequence review.,dp_312,unresolved,no
dp_312,fulltext_evidence_sections_reviewed,reply_or_followup,Decoding the elite soccer player's psychological profile,,No abstract is available for this item.,PDF front matter and abstract; catalog abstract,Full-text front matter screened for source disposition; detailed claim verification not completed. This status does not certify absence of errors.,dp_311,unresolved,no
dp_313,fulltext_evidence_sections_reviewed,material_error,The CRAVE and ARGE scales for motivation states for physical activity and sedentarism: Brazilian Portuguese translation and single-item versions,10.3389/fpsyg.2023.1106571,"584 response rows repeat as second half of1168-row dataset; authors acknowledge sample handling errors and withdraw normative-data claim. Authors report journal retraction decisionJuly1,2026 and approve it.",printed pp.3–4; reply dp314 printedp4,Private receipt dates are not public disclosure. Retraction timing must be separately verified; no complete postyear through2025.,dp_314,unresolved,no
dp_314,fulltext_evidence_sections_reviewed,reply_or_followup,,,"We accept that the Brazilian dataset underlying Study 1 contained substantial handling errors, that the originally reported sample size of 1,168 was incorrect, and that the claim of Brazilian normative data can no longer be supported. On July 1, 2026, Frontiers determined that the article will be retracted. We approve the retraction. We are writing to (a) request a targeted revision to the draft retraction notice so that it accurately reflects the scope of the affected findings, (b) provide a substantive response to the I4R replication report, and (c) describe the data governance measures our team is putting in place to prevent recurrence.",PDF front matter and abstract; catalog abstract,Full-text front matter screened for source disposition; detailed claim verification not completed. This status does not certify absence of errors.,dp_313,unresolved,no
dp_315,fulltext_frontmatter_screened,general_method_or_aggregate_audit,,,"We map the evolution of economics research from 1998 to 2019 to assess progress and identify remaining challenges. Using text mining of 30,675 full-text articles and an in-depth analysis of 578,132 statistical tests from 3,746 articles across a broad range of journals, we document changes in research practices over time. We highlight the influence of the credibility revolution and the open science movement. Awareness of reproducibility has increased modestly, largely driven by journal adoption of data and code sharing policies. At the same time, reliance on non-public data has grown, especially among authors at top-five universities, posing new challenges for transparency. Sample sizes have increased substantially, while reported effect sizes have declined, consistent with reduced exaggeration and potentially more policy-relevant estimates. Econometric methods and causal inference practices have become more sophisticated, and articles now report more tables and statistical tests. However, pre-analysis plans, power analyses accompanying null results, and corrections for multiple hypothesis testing remain uncommon. Article length has remained stable or declined slightly, and authors from top-five universities continue to represent a large and stable share of publications in top journals. Our findings provide a baseline for tracking future developments and for guiding efforts to further strengthen the credibility and transparency of economics research.",PDF front matter and abstract; catalog abstract,Full-text front matter screened for source disposition; detailed claim verification not completed. This status does not certify absence of errors.,,unresolved,no
dp_316,fulltext_frontmatter_screened,minor_error_or_materiality_unresolved,'Stop the Count!' - How Reporting Partial Election Results Fuels Beliefs in Election Fraud,,"This replication report examines the reproducibility of Vaz et al. (2024), who demonstrate the Cumulative Redundancy Bias (CRB)-the tendency to favor early-leading candidates and to suspect fraud when a late reversal occurs. Using the authors' openly available raw data and analysis code, we successfully reproduced all reported results across seven preregistered studies. The only discrepancy identified was a minor difference in Experiment 5, which did not affect the results of the study. In addition, the authors conducted non-parametric tests for all experiments in the complementary documents. We verified and reported their results, concluding that the authors have followed good practices for the replication of their outcomes. The non-parametric tests support the original findings: early leaders were consistently evaluated more positively, and late-lead scenarios reliably increased perceived manipulation, even when using real election data, presenting results as percentages, providing explanatory information, or accounting for partisanship. The evidence strengthens the conclusion that sequential reporting of partial results can distort perceptions of electoral integrity, underscoring the importance of communication strategies that better convey vote-count dynamics and uncertainty.",PDF front matter and abstract; catalog abstract,Full-text front matter screened for source disposition; detailed claim verification not completed. This status does not certify absence of errors.,,unresolved,no
dp_317,fulltext_frontmatter_screened,robustness_concern,,,"This paper replicates Mideksa (2024), which applies the synthetic control method to estimate the effect of Finland's 1990 carbon tax introduction on per capita transport sector carbon emissions. I successfully replicate the main findings: the synthetic counterfactual closely tracks Finnish emissions in the pre-treatment period, with a substantial post-1990 divergence consistent with the original study. However, I show that this result is entirely driven by the inclusion of a single donor unit, Luxembourg, which is a structural outlier yet receives a positive weight in the optimization. Including Luxembourg is unusual in the literature: Luxembourg is a well-documented structural outlier, as its comparatively low fuel prices attract fuel tourism from neighboring countries, inflating its recorded transport emissions relative to actual domestic transport activity. Excluding Luxembourg deteriorates the pre-treatment fit and attenuates the estimated treatment effect, which falls to roughly a third of the original estimate and becomes indistinguishable from the placebo distribution. A donor pool resampling exercise confirms that the large treatment effect reported in the original study is systematically concentrated in subsamples containing Luxembourg. These findings highlight the sensitivity of synthetic control estimates to donor pool composition and provide an empirical illustration of interpolation bias in action.",PDF front matter and abstract; catalog abstract,Full-text front matter screened for source disposition; detailed claim verification not completed. This status does not certify absence of errors.,,unresolved,no
dp_318,fulltext_frontmatter_screened,general_method_or_aggregate_audit,,,"Random sampling yields unbiased estimates, yet sampling variation alone can produce incorrect conclusions. Using a setting where repeated draws from the same data-generating process are observable, we replicate findings from 24 papers in top economics journals and re-estimate each result using 40 independent resamples. Across 3,640 resampled results, t-statistics shrink by 31%, frequently leading to lost significance. Proxies for researcher degrees of freedom and sampling noise predict reduced significance. Our exercise provides novel evidence quantifying the effect of sampling variability on empirical research and highlights how statistical evidence can vary even when holding research design fixed.",PDF front matter and abstract; catalog abstract,Full-text front matter screened for source disposition; detailed claim verification not completed. This status does not certify absence of errors.,,unresolved,no
dp_319,fulltext_frontmatter_screened,general_method_or_aggregate_audit,,,"In instrumental-variable (IV) studies, researchers often evaluate multiple candidate instruments and selectively report the specification with the most favorable first- or second-stage statistics. We show that this form of instrument selection (""instrument-hacking"") induces median bias in IV estimators toward the OLS estimand, undermining the rationale for using IV. When all candidate instruments have the same true strength, median bias increases monotonically with the number of available instruments. More generally, when candidate instruments differ in true strength, monotonicity need not hold because increasing the number of instruments can lead researchers to select genuinely stronger instruments. Nonetheless, in simulations calibrated to the empirical distribution of instrument strengths in the IV literature, median bias increases monotonically with the number of available instruments. Furthermore, it is substantial in magnitude, even when only a few instruments are available.",PDF front matter and abstract; catalog abstract,Full-text front matter screened for source disposition; detailed claim verification not completed. This status does not certify absence of errors.,,unresolved,no
dp_320,fulltext_frontmatter_screened,general_method_or_aggregate_audit,,,"Replication packages are central to transparency and reproducibility in empirical research, yet they may inadvertently contain personally identifiable information (PII) enabling the identification of research participants whose identities were never meant to be public. We systematically analyze 327 replication packages associated with articles using author-collected data from 11 leading journals across economics, political science, and psychology to quantify the prevalence of PII. Using a semi-automated detection tool and manual validation, we document the types of PII present, assess risk factors associated with their occurrence, and propose guidelines for safer data sharing. We find that 21.1% of packages contain information that could lead to identification of the research participants, with 14.4% of packages containing direct identifiers such as names, email addresses, or phone numbers. The rates range from 16.7% in psychology to 17.8% in politics and 25.9% in economics. We find that PII rates are much higher in field experiments (29.2%) and online experiments (26.6%) compared to laboratory experiments (8.3%). Packages containing data of participants in low- or lower-middle-income countries are also substantially more likely to contain PII. Our findings highlight critical gaps in current research data-sharing practices and inform journal policies to better protect participant privacy while maintaining open science standards.",PDF front matter and abstract; catalog abstract,Full-text front matter screened for source disposition; detailed claim verification not completed. This status does not certify absence of errors.,,unresolved,no
dp_321,fulltext_frontmatter_screened,minor_error_or_materiality_unresolved,Predictable Effects of Visual Salience,,"Li and Camerer (2022) examine whether attention automatically captured by visual features can influence economic decisions. In their first experiment, they find that visual salience affects people's choices between items, leading to systematic mistakes even when salience is unrelated to the items' actual value. First, we successfully computationally reproduce the main claims of the experiment, but uncover one minor coding error, which has no effect on the studies' main results. Second, using a larger, representative US sample (N = 418) we replicate both the significance and direction of the main estimates, finding that salience had an even stronger effect on economic choices. Furthermore, these replicated results withstand our robustness test.",PDF front matter and abstract; catalog abstract,Full-text front matter screened for source disposition; detailed claim verification not completed. This status does not certify absence of errors.,,unresolved,no
dp_322,fulltext_frontmatter_screened,general_method_or_aggregate_audit,,,"In the empirical sciences, significance thresholds often determine whether findings are treated as evidence of an effect. This paper studies how likely findings that just meet conventional significance thresholds are to remain significant in replications of the same sample size. To answer this question, we estimate the expected replication probability conditional on a given p-value among published studies for experimental economics, psychology, and social science. We validate this measure by showing it accurately predicts actual replication outcomes, outperforming prediction markets. A finding with a p-value of 0.05 has an expected replication probability ranging from 0.10 to 0.25 across fields. Low replicability reflects small true effects in original studies rather than selective reporting. Significant findings are therefore often informative about the existence of an effect, but frequently overstate its magnitude. Finally, we develop a nonparametric estimator and apply it to economics literatures that use larger samples, finding higher but still low replication probabilities.",PDF front matter and abstract; catalog abstract,Full-text front matter screened for source disposition; detailed claim verification not completed. This status does not certify absence of errors.,,unresolved,no
dp_323,fulltext_frontmatter_screened,minor_error_or_materiality_unresolved,Does the Effect of Pollution on Infant Mortality Differ Between Developing and Developed Countries? Evidence from Mexico City,,"Arceo et al. (2016) (AHO) examine the effects of air pollution on neonatal and infant mortality in Mexico City (CDMX), Mexico. The authors estimate these effects using administrative data on infant mortality across CDMX municipalities in conjunction with measured hourly pollution concentrations, using both two-way fixed effects and an IV approach that exploits thermal inversions. The IV results show that a 1µg/m3 increase in average maximum daily coarse particulate matter (PM10) raises weekly infant mortality by 0.23 deaths per 100,000 births and that a 1 ppb increase in carbon monoxide (CO) raises infant mortality by 0.0046 deaths per 100,000 births; both effects are significant at the 1% level. First, we successfully reproduce all results in the main paper from the provided analysis data; some minor differences emerge between our reproduced results and the reported coefficients, but they do not affect the qualitative findings. Second, we attempt to reconstruct components of AHO's analysis sample using publicly available data. While differences in data availability and processing limit direct comparability, the reconstructed data preserve the direction of the original results and retain statistical significance in some specifications. The degree of agreement varies across reconstruction exercises: estimates are often less precise, losing statistical significance in several specifications-particularly for CO- and frequently fall outside the authors' original confidence intervals. Finally, we verify the authors' results are robust to alternative choices for sample selection and standard error choices.",PDF front matter and abstract; catalog abstract,Full-text front matter screened for source disposition; detailed claim verification not completed. This status does not certify absence of errors.,,unresolved,no
dp_324,fulltext_evidence_sections_reviewed,material_error,Validation of the CRAVE-C scale in Chinese adults: a four-study examination of competing motivations for physical activity versus rest,10.3389/fpsyg.2024.1467949,Duplicate control rows and mismatched scoring/sample counts; draft correction withdraws chronic-illness inference and corrects direction of psychiatric Move comparison. Multiple unrecoverable participant links limit other studies.,printed pp.3–4; dp325 printedpp.3–4,"dp325 explicitly NOT FOR JOURNAL SUBMISSION, coauthor review copy, not approved journal correction. Must not call formally corrected or unanimously acknowledged.",dp_325,unresolved,no
dp_325,fulltext_evidence_sections_reviewed,reply_or_followup,,,"Corrected background: The CRAVE-C is the Chinese-language version of the Cravings for Rest and Volitional Energy Expenditure scale and is intended to assess desires to move and to rest. Studies 1 and 2 used past-week items, whereas Studies 3 and 4 used the momentary right-now frame. This proposed correction re-evaluates CRAVE-C psychometric and exercise-response evidence after a post-publication audit identified inconsistencies in data provenance, scoring, participant linkage, and privacy protection. Corrected methods: Study 1 removed 20 redundant rows from 481 available records, yielding N=461, with an N=460 contact-field sensitivity analysis; all items used a past-week frame. Study 2 compared these 461 de-duplicated Study 1 control records with 33 psychiatric-disorder participants using equivalent past-week items scored 0-10; chronic-illness inference was withdrawn because the original 62-of-113 inclusion rule and equivalent scoring were not recoverable. Study 3 was numerically reanalysed from 81 complete archived analytical rows; participant identity, raw pre/post scores linkable to those rows, reproducible score derivation, and the published N=83 sample remain unverified. Study 4 reports a linkage-restricted sensitivity analysis of 31 uniquely linked records; its historical 18/13 row-block labels are not independently verified participant groups. Corrected results: The corrected Study 1 Chinese 10-item model showed acceptable within-sample fit and internal consistency. In Study 2, the psychiatric-disorder group had lower Move and higher Rest than the 461 de-duplicated controls; no chronic-illness inference is retained. The 81 Study 3 rows reproduced all 28 rounded Figure 3 correlations and the relative-VO2max median split (high n=41; low n=40), with two subgroup-correlation sign corrections; these results are a numerical audit, not a verified participant analysis. Study 4 showed opposite Move/Rest directions across the two historically labelled row blocks within the 31-record sensitivity subset, without recovering the published N=42 analysis. Corrected conclusions: Study 1 supports preliminary evidence for a past-week Chinese 10-item CRAVE-C in 461 retained records, and Study 2 supports an unadjusted 461-control versus 33-psychiatric comparison. Study 3 supports numerical reproduction from 81 archived analytical rows only; its reported sample, demographics, score derivation, and causal or recovery interpretations are not verified. Study 4 remains a 31-record linkage-restricted sensitivity analysis with unverified historical row-block labels.",PDF front matter and abstract; catalog abstract,Publicly cataloged coauthor review package; explicitly not submitted/approved journal correction.,dp_324,unresolved,no
dp_326,fulltext_frontmatter_screened,general_method_or_aggregate_audit,,,"Concerns about the credibility and reproducibility of published findings have motivated numerous initiatives to improve transparency in psychology. In this article, we present evidence from a large-scale reproducibility initiative conducted in partnership between Psychological Science and the Institute for Replication (I4R). Our project systematically reproduces empirical results published in the journal between 2024 and 2025 using independent research teams. Through a combination of Replication Games and researcher-led initiatives, 67 independent teams examined 44% of the articles (i.e., 64 articles) published during our time frame, documenting data and code availability, checking for coding errors, and deviations from preregistration, and computationally reproducing the main numerical results. We find that the majority of articles provide cleaned data and analysis scripts, though raw data and data-cleaning scripts are shared far less often. Computational reproducibility depends strongly on the starting point: 58.2% of articles are fully reproducible from final analysis data, but only 28.4% are fully reproducible from raw data. Teams identify coding errors or statistical reporting inconsistencies in 63% of articles, although most issues are minor; 40.5% of the articles flagged with coding or statistical reporting issues contain discrepancies with potentially major implications for estimates or interpretation. Preregistration is common (74.6% of articles), yet 84% of preregistered articles deviate from their pre-analysis plan, and nearly half of these deviations go unacknowledged. Our findings provide new insights into the reliability of empirical results in a leading psychology journal and highlight the value of structured mass reproducibility initiatives.",PDF front matter and abstract; catalog abstract,Full-text front matter screened for source disposition; detailed claim verification not completed. This status does not certify absence of errors.,,unresolved,no
dp_327,fulltext_evidence_sections_reviewed,interpretation_dispute,Diffusion of Reproductive Health Behavior through International Migration: Effects on Origin-Country Fertility,,Critics distinguish interaction coefficient from average/province-specific total marginal effects. Authors defend their relative-exposure estimand. Data-access restriction is not error evidence.,printed pp.3–4; reply dp328 pp.3–4,Conditional/differential versus total-effect interpretation dispute; exclude demonstrated-code-error cohort until adjudicated as material statistical interpretation error.,dp_328,unresolved,no
dp_328,fulltext_evidence_sections_reviewed,reply_or_followup,Diffusion of Reproductive Health Behavior through International Migration: Effects on Origin-Country Fertility,,No abstract is available for this item.,PDF front matter and abstract; catalog abstract,Full-text front matter screened for source disposition; detailed claim verification not completed. This status does not certify absence of errors.,dp_327,unresolved,no
dp_329,fulltext_frontmatter_screened,general_method_or_aggregate_audit,,,"This paper studies the effects of p-hacking on the bias of published estimates when papers with statistically significant results are selectively published. We show that fast p-hacking-actions that lead to large changes in p-values-always exacerbates the bias from selective publication. On the other hand, slow p-hacking-actions that lead to small changes in p-values-exacerbates bias when selection is weak, but mitigates it when selection is strong. In a model featuring both types of p-hacking, we show that a normality assumption identifies the true distribution of effects as well as the counterfactual mean that would obtain under selective publication without p-hacking. Applying the model to meta-analyses on the effects of behavioral nudges and development aid, we find suggestive evidence that both mitigation and exacerbation can arise in practice.",PDF front matter and abstract; catalog abstract,Full-text front matter screened for source disposition; detailed claim verification not completed. This status does not certify absence of errors.,,unresolved,no
dp_330,fulltext_evidence_sections_reviewed,unresolved_data_integrity_concern,Friendship and female education: Evidence from a field experiment in Bangladeshi primary schools,,"Study implementation, class/group size, missingness, and attendance discrepancies unresolved after two author replies. Numerical reproduction largely successful; no isolated correction established.",printed pp.3–5,"2026 source cites2025 replies, but private exchange cannot establish2025 public disclosure.",,unresolved,no
dp_331,fulltext_frontmatter_screened,favorable_assessment,Private health investments under competing risks: Evidence from malaria control in Senegal,,"We reassess Rossi and Villar (2020), who study whether large subsidies for malaria prevention in Senegal increased parental investments in child health. Using the authors' curated analysis files, we first establish computational reproducibility of the published tables and figures. We then conduct a focused and robustness replication of the main difference-in-differences result on child health expenditures and health-seeking behavior. We corroborate the original findings that child health expenditures and health-seeking behavior in more malarious areas ""catch up"" after the subsidy, primarily via the extensive margin. The replication scope was constrained by the absence of raw data and cleaning scripts, as well as sparse documentation of variable construction in the primary dataset.",PDF front matter and abstract; catalog abstract,Full-text front matter screened for source disposition; detailed claim verification not completed. This status does not certify absence of errors.,,unresolved,no
report_013c1e38ca22,linked_previous_review,minor_error_or_materiality_unresolved,Evaluating Deliberative Competence: A Simple Method with an Application to Financial Choice,,Squared-distance code uses difference of squares instead of squared difference; authors reportedly corrected appendix; material consequence not established in inspected passages.,"[5, 6, 7]","Targeted document evidence screening, not exhaustive line-by-line adjudication or independent rerun. Negative classification does not certify original article error-free.",dp_110,unresolved,no
report_01d3b0f74ad3,opening_screen_with_reply_where_available,robustness_only,Helping Children Catch Up: Early Life Shocks and the PROGRESA Experiment,,"Two reports reproduce main PROGRESA results; stricter rainfall thresholds and employment sample choices weaken some estimates, without a demonstrated coding error.",,"Targeted document evidence screening, not exhaustive line-by-line adjudication or independent rerun. Negative classification does not certify original article error-free.",,unresolved,no
report_031bce2940e1,targeted_body_review,minor_error,Cognitive causes of ‘like me’ race and gender biases in human language production,,Studies 1–3 reproduced; Study4 z-statistic sign typo (positive instead of -1.299) does not change inference. Preregistration deviations documented; core findings robust.,[25],"Targeted document evidence screening, not exhaustive line-by-line adjudication or independent rerun. Negative classification does not certify original article error-free.",,unresolved,no
report_03263d6ee814,linked_previous_review,mixed_or_failed_new_data_replication,The use-the-best heuristic facilitates deception detection,,"Verschuere et al. (2023) examine the effect of using the best available cue (use-the-best heuristic) on deception detection accuracy across 9 studies. In Study 8 they find that focusing on judging one single cue (detailedness) compared to multiple cues (four cues including detailedness, affect, unexpected complications, and admitting lack of memory) increases the percentage of correctly identifying (i.e. accuracy) transcribed statements as true or false (single cue: 58.93% vs. multiple cues: 54.26%, d = 0.41, BF10 = 2.45). Similarly, in Study 9, they find that a single cue treatment including an explicit decisions rule increases accuracy (66.41%) compared to a multiple cue treatment (59.14%; d = 0.48, BF10 = 7.95). We performed a direct replication (N = 549) including both the implicit rule single cue treatment from Study 8, the explicit rule single cue treatment from Study 9, and the multiple cue treatment from both studies by using the same procedures (i.e., methods and analysis) as Study 9 with new data and a broader sample. First, we successfully replicate Study 9 by finding that the explicit rule single cue treatment increases accuracy (67%) compared to the multiple cue treatment (64.2%, d = 0.20, BF10 = 1.23). However, we do not replicate Study 8, by finding that the implicit rule single cue treatment results in descriptively less accuracy (62.4%) compared to the multiple cue treatment (64.2%, d = -0.13, BF10 = 0.06). Thus, we confirm the sign, magnitude and statistical significance of the point estimates for detection accuracy for Study 9 but not Study 8. Second, we test the sensitivity of the results by performing a multilevel model accounting for within-variation in participants and statements and observe similar results in that we replicate effects for Study 9 but not Study 8.",PDF front matter and abstract; catalog abstract,"Targeted document evidence screening, not exhaustive line-by-line adjudication or independent rerun. Negative classification does not certify original article error-free.",dp_236,unresolved,no
report_034f3cfa5895,opening_screen_with_reply_where_available,reproduced,A behaviourally informed chatbot increases vaccination rates in Argentina more than a one-way reminder,,Chatbot vaccination results reproduced and robust.,,"Targeted document evidence screening, not exhaustive line-by-line adjudication or independent rerun. Negative classification does not certify original article error-free.",,unresolved,no
report_03ac432e2012,opening_screen_with_reply_where_available,robustness_dispute,The Psychosocial Value of Employment: Evidence from a Refugee Camp,,Original Stata findings reproduced; outlier trimming and R implementation change results. Authors dispute interpretation of these changes as replication failure.,,"Targeted document evidence screening, not exhaustive line-by-line adjudication or independent rerun. Negative classification does not certify original article error-free.",,unresolved,no
report_03df53dc216f,opening_screen_with_reply_where_available,robustness_dispute,Spillover Effects of Intellectual Property Protection in the Interwar Aircraft Industry,,Aircraft results reproduced. Alleged historical confounds and their interpretation disputed by authors; no demonstrated material code error.,,"Targeted document evidence screening, not exhaustive line-by-line adjudication or independent rerun. Negative classification does not certify original article error-free.",,unresolved,no
report_0425a20fb3e7,pending,unresolved,Fact-checker warning labels are effective even for those who distrust fact-checkers,,,,"Targeted document evidence screening, not exhaustive line-by-line adjudication or independent rerun. Negative classification does not certify original article error-free.",,unresolved,no
report_04ef61718bc9,opening_screen_with_reply_where_available,partial_reproduction,From alternative conceptions of honesty to alternative facts in communications by US politicians,,Data restrictions and missing intermediates prevent much reproduction; reproducible temporal patterns robust. Reply supplies intermediates and dependencies; no established result-changing error.,,"Targeted document evidence screening, not exhaustive line-by-line adjudication or independent rerun. Negative classification does not certify original article error-free.",,unresolved,no
report_077fcead2bdd,linked_previous_review,robustness_or_replication_concern,Gone with the wind: The consequences of US drone strikes in Pakistan,,Mahmood/Jetter drone-strike IV first stage weakens with yearFE; specification sensitivity.,"[4, 5]","Targeted document evidence screening, not exhaustive line-by-line adjudication or independent rerun. Negative classification does not certify original article error-free.",dp_089,unresolved,no
report_07d5d343c603,pending,unresolved,Coercive Contract Enforcement: Law and the Labor Market in Nineteenth Century Industrial Britain,,,,"Targeted document evidence screening, not exhaustive line-by-line adjudication or independent rerun. Negative classification does not certify original article error-free.",,unresolved,no
report_088986d1a728,targeted_body_review,confirmed_material_coding_error_retracted,Arrests and convictions but not sentence length deter terrorism in 28 European Union member states,10.1038/s41562-023-01695-6,"Retraction notice confirms authors admitted computing IHS(y+1) instead of IHS(y), a leftover from a log(y+1) specification. Editors conclude original results/conclusions unsupported; authors accept coding-error responsibility while disputing other criticisms.","[{""document_id"": ""report_088986d1a728_6a7b26b9f931366fe26a59c2"", ""pages"": [1]}, {""document_id"": ""report_088986d1a728_6a7b269998956c0ad8692b27"", ""pages"": [3, 4, 5, 7]}]","Targeted document evidence screening, not exhaustive line-by-line adjudication or independent rerun. Negative classification does not certify original article error-free.",,unresolved,no
report_0990ab487ba5,linked_previous_review,favorable_assessment,"Should Cash Transfers Be Conditional? Conditionality, Preventive Care, and Health Outcomes",,"This replication study revisits Attanasio et al. (2015), which examines the effects of conditional cash transfers on preventive health care utilization and child health outcomes in Colombia. Using the original data and replication files, we successfully reproduce all the main tables and figures reported in the paper. We further assess robustness by estimating alternative count-data models for preventive care visits, constructing a health index using a summary-index approach, and modifying the estimation sample. Across these extensions, the main qualitative findings of the original study remain intact, supporting the robustness and credibility of the original conclusions.",PDF front matter and abstract; catalog abstract,"Targeted document evidence screening, not exhaustive line-by-line adjudication or independent rerun. Negative classification does not certify original article error-free.",dp_290,unresolved,no
report_0a1270bb9a9d,opening_screen_with_reply_where_available,reproduced,Not All Elections Are Created Equal: Election Quality and Civil Conflict,,Election quality/conflict estimates computationally reproduced without coding errors; extensions concern sample and heterogeneity.,,"Targeted document evidence screening, not exhaustive line-by-line adjudication or independent rerun. Negative classification does not certify original article error-free.",,unresolved,no
report_0a3ce4480b8d,pending,unresolved,Can't We All Just Get Along? How Women MPs Can Ameliorate Affective Polarization in Western Publics,,,,"Targeted document evidence screening, not exhaustive line-by-line adjudication or independent rerun. Negative classification does not certify original article error-free.",,unresolved,no
report_0b5122ccd268,opening_screen_with_reply_where_available,minor_error,An Empirical Investigation of the Impact of ChatGPT on Creativity,,Additional Woods report reproduces essential ChatGPT creativity results and supports robustness; linked DP274 review retained separately.,PDF front matter and abstract; catalog abstract,"Targeted document evidence screening, not exhaustive line-by-line adjudication or independent rerun. Negative classification does not certify original article error-free.",dp_274,unresolved,no
report_0b9eaac400f8,linked_previous_review,favorable_assessment,Why voters who value democracy participate in democratic backsliding,,"This report documents our replication of Braley et al.'s (2023) study, which examined whether voters become less willing to subvert democratic norms upon learning that their political opponents are more committed to democracy than previously assumed. The original study found that correcting voters' misperceptions about their opponents' democratic commitments effectively reduced their own willingness to undermine democratic norms. We replicate this finding within the German multiparty context, performing a direct replication with minimal modifications to the original design. Necessary adaptations address the multiparty structure in Germany, where identifying an out-party is less straightforward than in a two-party system. Additionally, we refined some survey items to enhance clarity. Consistent with the original findings, our replication study shows that correcting voters' misperceptions about the democratic commitment of out-partisans reduces their own willingness to subvert democratic norms, from 0.25 in the control group to 0.19 in the treatment group (on a 0-1 scale). In standardized terms, the observed treatment effect size (Cohen's d = 0.4) closely matches the original effect, exceeding it by 8%.",PDF front matter and abstract; catalog abstract,"Targeted document evidence screening, not exhaustive line-by-line adjudication or independent rerun. Negative classification does not certify original article error-free.",dp_235,unresolved,no
report_0c4af26983ac,targeted_body_review,minor_execution_errors,The Effect of Early Childhood Education on Adult Criminality: Evidence from the 1960s through 1990s,,Path and script bugs obstruct execution but corrected workflow reproduces core Head Start/Smart Start estimates; no material estimation error identified.,"[1, 2, 7]","Targeted document evidence screening, not exhaustive line-by-line adjudication or independent rerun. Negative classification does not certify original article error-free.",,unresolved,no
report_0cdfd7779776,opening_screen_with_reply_where_available,robustness_dispute,Proenvironmental Behavior Increases Subjective Well-Being: Evidence From an Experience-Sampling Study and a Randomized Experiment,,Main pro-environment/well-being result reproduced. Missing Study2 data and alternate ordinal/Bayesian modeling affect moderation; authors had described interaction tentatively.,,"Targeted document evidence screening, not exhaustive line-by-line adjudication or independent rerun. Negative classification does not certify original article error-free.",,unresolved,no
report_0e8623ca4cdc,pending,unresolved,Do Policymakers Listen to Experts? Evidence from a National Survey of Local and State Policymakers,,,,"Targeted document evidence screening, not exhaustive line-by-line adjudication or independent rerun. Negative classification does not certify original article error-free.",,unresolved,no
report_0ecec415b607,opening_screen_with_reply_where_available,reproduced,Resampling reduces bias amplification in experimental social networks,,Network resampling findings reproduced and robust to Bayesian and final-wave analyses.,,"Targeted document evidence screening, not exhaustive line-by-line adjudication or independent rerun. Negative classification does not certify original article error-free.",,unresolved,no
report_0ed9bf5f9a71,linked_previous_review,robustness_or_replication_concern,State Action to Prevent Violence against Women: The Effect of Women's Police Stations on Men's Attitudes toward Gender-Based Violence,,Cordova/Kras minor errors and signs not consequential; alternative predictor/matching choices challenge subset results.,"[4, 5, 20]","Targeted document evidence screening, not exhaustive line-by-line adjudication or independent rerun. Negative classification does not certify original article error-free.",dp_067,unresolved,no
report_0f0b51d3c83d,linked_previous_review,favorable_or_no_material_error_reported,Jumping the Gun: How Dictators Got Ahead of Their Subjects,,Hariri/Wingender military technology findings largely robust.,"[4, 5]","Targeted document evidence screening, not exhaustive line-by-line adjudication or independent rerun. Negative classification does not certify original article error-free.",dp_050,unresolved,no
report_0f5d0a6ce514,pending,unresolved,Commercial Imperialism? Political Influence and Trade during the Cold War,,,,"Targeted document evidence screening, not exhaustive line-by-line adjudication or independent rerun. Negative classification does not certify original article error-free.",,unresolved,no
report_0f71b3a9e282,opening_screen_with_reply_where_available,minor_error,The Association between Vaccination Status Identification and Societal Polarization,,Additional vaccination-status report identifies ascertainment variable error that was unused in main analysis and has no main-result impact. Separate linked DP229 assessment retained.,PDF front matter and abstract; catalog abstract,"Targeted document evidence screening, not exhaustive line-by-line adjudication or independent rerun. Negative classification does not certify original article error-free.",dp_229,unresolved,no
report_0f8e8c6d9a0c,pending,unresolved,Preference discovery in university admissions: The case for dynamic multioffer mechanisms,,,,"Targeted document evidence screening, not exhaustive line-by-line adjudication or independent rerun. Negative classification does not certify original article error-free.",,unresolved,no
report_0facb9bdb772,opening_screen_with_reply_where_available,robustness_only,How Much Should We Trust the Dictator's GDP Growth Estimates?,,"Autocracy/GDP estimates sensitive to sample years, fixed effects and definitions; no demonstrated discrete error.",,"Targeted document evidence screening, not exhaustive line-by-line adjudication or independent rerun. Negative classification does not certify original article error-free.",,unresolved,no
report_102fa498c658,opening_screen_with_reply_where_available,linked_previous_review,Good Reverberations? Teacher Influence in Music Composition since 1450,,"DP027 report plus author reply; grouping and teacher fixed-effect concerns disputed, main results reproduced.","[4, 6]","Targeted document evidence screening, not exhaustive line-by-line adjudication or independent rerun. Negative classification does not certify original article error-free.",dp_027,unresolved,no
report_1038ad88495f,opening_screen_with_reply_where_available,reproduced,STEM doctorate recipients with disabilities experienced early in life earn lower salaries and are underrepresented among higher academic positions,,STEM disability salary estimates exactly reproduced; alternative age/category checks support findings and reply concurs.,,"Targeted document evidence screening, not exhaustive line-by-line adjudication or independent rerun. Negative classification does not certify original article error-free.",,unresolved,no
report_111f75ef12be,linked_previous_review,favorable_assessment,"Technology Gaps, Trade, and Income",,Code executes and reproduces reported results; developing-country/innovation-measure variants temper interpretation.,"[5, 7, 20]","Targeted document evidence screening, not exhaustive line-by-line adjudication or independent rerun. Negative classification does not certify original article error-free.",dp_114,unresolved,no
report_117ccd13ae51,pending,unresolved,"Interaction, Stereotypes, and Performance: Evidence from South Africa",,,,"Targeted document evidence screening, not exhaustive line-by-line adjudication or independent rerun. Negative classification does not certify original article error-free.",,unresolved,no
report_13543fae5f0d,opening_screen_with_reply_where_available,robustness_only,A systematic review and meta-analysis of strategies to promote vaccination uptake,,Vaccination meta-analysis largely reproduced; removal of two influential effects changes moderator significance. Reply distinguishes unchanged point estimate from precision loss.,,"Targeted document evidence screening, not exhaustive line-by-line adjudication or independent rerun. Negative classification does not certify original article error-free.",,unresolved,no
report_17615f22175f,opening_screen_with_reply_where_available,minor_error,Intrahousehold Resource Allocation and Individual Poverty: Assessing Collective Model Predictions using Direct Evidence on Sharing,,Minor typo and software differences do not change original sharing-rule results; Belgian extension and comparison disputed.,,"Targeted document evidence screening, not exhaustive line-by-line adjudication or independent rerun. Negative classification does not certify original article error-free.",,unresolved,no
report_180de0be9052,opening_screen_with_reply_where_available,reproduced,Why Twitter Sometimes Rewards What Most People Disapprove of: The Case of Cross-Party Political Relations,,Twitter rewards Study3 computationally reproduced without coding errors; preregistration assessment not fully adjudicated here.,,"Targeted document evidence screening, not exhaustive line-by-line adjudication or independent rerun. Negative classification does not certify original article error-free.",,unresolved,no
report_19c3ee595fc7,opening_screen_with_reply_where_available,reproduced,Does Physiological Arousal Increase Social Transmission of Information? Two Replications of Berger (2011),,Prowten replication of Berger reproduced its null findings; original Berger replication failure is distinct from an error in Prowten.,,"Targeted document evidence screening, not exhaustive line-by-line adjudication or independent rerun. Negative classification does not certify original article error-free.",,unresolved,no
report_19c9277027f4,opening_screen_with_reply_where_available,reproduced,Who Chooses Commitment? Evidence and Welfare Implications,,Commitment-contract results reproduced and robust to code/software sensitivity checks.,,"Targeted document evidence screening, not exhaustive line-by-line adjudication or independent rerun. Negative classification does not certify original article error-free.",,unresolved,no
report_1ccbfbef81d1,opening_screen_with_reply_where_available,robustness_dispute,"Temperature, Worker Productivity, and Adaptation: Evidence from Survey Data Production",,Temperature/interviewer sample mismatch attributed in reply to DHS versions; removing Nepal affects precision with similar magnitude.,,"Targeted document evidence screening, not exhaustive line-by-line adjudication or independent rerun. Negative classification does not certify original article error-free.",,unresolved,no
report_1e99491ab20f,opening_screen_with_reply_where_available,minor_error_or_unresolved,Synchrony Influences Estimates of Cooperation in a Public-Goods Game,,Synchrony report describes computational adjustments with substantive findings retained; exact materiality not fully adjudicated.,,"Targeted document evidence screening, not exhaustive line-by-line adjudication or independent rerun. Negative classification does not certify original article error-free.",,unresolved,no
report_1ef3fd4e5166,opening_screen_with_reply_where_available,partial_reproduction,A meta-analysis of genetic effects associated with neurodevelopmental disorders and co-occurring conditions,,"Genetics meta-analysis Aim1 reproduced after code fixes; Aim2/3 blocked by code/time, without demonstrated changed scientific conclusion.",,"Targeted document evidence screening, not exhaustive line-by-line adjudication or independent rerun. Negative classification does not certify original article error-free.",,unresolved,no
report_1efb9ff6b290,opening_screen_with_reply_where_available,partial_reproduction,Gaze Behavior Reveals Expectations of Potential Scene Changes,,"Gaze study final-data results reproduced; raw processing fails and undocumented skipped trials noted, exclusion checks robust.",,"Targeted document evidence screening, not exhaustive line-by-line adjudication or independent rerun. Negative classification does not certify original article error-free.",,unresolved,no
report_1f90474faad5,opening_screen_with_reply_where_available,linked_previous_review,Improving Women's Mental Health During a Pandemic,,DP207 plus letters: authors withdraw endorsement/authorship because of serious design issues. Refer to inherited review; public timing unresolved.,"[6, 10, 11, 14, 16, 22]","Targeted document evidence screening, not exhaustive line-by-line adjudication or independent rerun. Negative classification does not certify original article error-free.",dp_207,unresolved,no
report_203b27c0b1a6,opening_screen_with_reply_where_available,error_strengthens_result,"(Re)Emerging disease and conflict risk in Africa, 1997–2019",,Author reply acknowledges political-militia matching-model code error; correcting strengthens findings. GMM resource barriers separate from errors.,,"Targeted document evidence screening, not exhaustive line-by-line adjudication or independent rerun. Negative classification does not certify original article error-free.",,unresolved,no
report_22c50b4556c1,opening_screen_with_reply_where_available,reproduced,An Outbreak of Selective Attribution: Partisanship and Blame in the COVID-19 Pandemic,,COVID partisan attribution reproduced and robust to alternative controls/reweighting.,,"Targeted document evidence screening, not exhaustive line-by-line adjudication or independent rerun. Negative classification does not certify original article error-free.",,unresolved,no
report_23a9252aef51,linked_previous_review,favorable_assessment,Understanding and Combatting Misinformation Across 16 Countries on Six Continents,,"In this commentary, we report the results of our computational reproduction of the main claims from Arechar et al. (2023), which examined psychological and social predictors of susceptibility to COVID-19 misinformation across 16 countries. Using the dataset and replication materials provided by the authors, we attempted to reproduce the study's findings using Stata (based on the authors' analysis script) and R (by translating and reconstructing the code). To assess computational reproducibility, we ran the original Stata code and independently reimplemented key analyses in R. While the Stata script allowed reproduction of several key statistical outputs, it lacked plotting code for most figures and required code edits for compatibility with Version 18. In contrast, our R implementation successfully reproduced Figures 2, 3, 4A-C, 5A-D, and 6 with visual and numerical results closely resembling those in the original publication. We also compared the pre-analysis plan and the article. We found inconsistencies in the specificity of the research questions, analysis scope, and terminology, making it challenging to assess fidelity to the preregistration. Overall, our results highlight that, while many of the reported statistical findings are robust to reanalysis, the study's graphical reproducibility could be improved by providing the complete code for all figures, better documentation, and ensuring greater consistency across the replication packages.",PDF front matter and abstract; catalog abstract,"Targeted document evidence screening, not exhaustive line-by-line adjudication or independent rerun. Negative classification does not certify original article error-free.",dp_277,unresolved,no
report_23e037b9a073,linked_previous_review,minor_error_or_materiality_unresolved,Public Infrastructure and Economic Development: Evidence from Postal Systems,,"Rogowski postal infrastructure stable-border robustness code uses any county stable rather than all; corrected claim coefficient.044→.008,p.056→.813. Main overall claim not invalidated.","[9, 10]","Targeted document evidence screening, not exhaustive line-by-line adjudication or independent rerun. Negative classification does not certify original article error-free.",dp_092,unresolved,no
report_25fa9c5ebab8,linked_previous_review,favorable_or_no_material_error_reported,Ideological Asymmetries and the Determinants of Politically Motivated Reasoning,,Guay/Johnston politically motivated reasoning robust; codebook issue only.,"[4, 5, 16]","Targeted document evidence screening, not exhaustive line-by-line adjudication or independent rerun. Negative classification does not certify original article error-free.",dp_079,unresolved,no
report_2713d65ee366,linked_previous_review,robustness_or_replication_concern,Historical Lynchings and the Contemporary Voting Behavior of Blacks,,Williams lynching critique removes outliers and registration rates>100; original paper already discussed this sensitivity. Do not code as newly demonstrated consequential error merely from abstract.,"[7, 9, 14]","Targeted document evidence screening, not exhaustive line-by-line adjudication or independent rerun. Negative classification does not certify original article error-free.",dp_032,unresolved,no
report_27252c88eb9c,pending,unresolved,Factor Market Failures and the Adoption of Irrigation in Rwanda,,,,"Targeted document evidence screening, not exhaustive line-by-line adjudication or independent rerun. Negative classification does not certify original article error-free.",,unresolved,no
report_2748bfa718f4,linked_previous_review,favorable_or_no_material_error_reported,Black Workers in White Places: Daytime Racial Diversity and White Public Opinion,,Hamel/Wilcox-Archuleta daytime racial diversity results supported.,"[4, 6]","Targeted document evidence screening, not exhaustive line-by-line adjudication or independent rerun. Negative classification does not certify original article error-free.",dp_061,unresolved,no
report_276862ff6cc4,targeted_body_review,partial_reproduction,Mindful-Gratitude Practice Reduces Prejudice at High Levels of Collective Narcissism,,Mindful-gratitude main available models mostly reproduce; missing code/latent function and undocumented preregistration changes. No demonstrated substantive reversal; demographic discrepancies minor.,"[3, 4, 6, 7]","Targeted document evidence screening, not exhaustive line-by-line adjudication or independent rerun. Negative classification does not certify original article error-free.",,unresolved,no
report_28c867c4993d,linked_previous_review,favorable_assessment,From Hashtag to Hate Crime: Twitter and Antiminority Sentiment,,"Karsten Müller and Carlo Schwarz (2022) investigate the impact of Twitter on anti-Muslim hate crimes, demonstrating that higher Twitter usage correlates with increased hate crimes, particularly during Donald Trump's political rise. Their findings highlight social media's ability to amplify xenophobic attitudes and translate online rhetoric into real-world violence. Our replication confirms the main findings, showing that a one standard deviation increase in Twitter usage is associated with a 32% rise in hate crimes. While minor rounding differences exist, our computational results align with the original study, reinforcing the robustness of its empirical framework. Extending the analysis, we show heterogeneity in Twitter's impact, finding that weighting by Muslim population share strengthens the effect, whereas population-weighted estimates yield a weaker relationship, suggesting demographic composition plays a crucial role. Additionally, our urban-rural analysis reveals that Twitter's influence on hate crimes is significantly stronger in urban areas, likely due to higher connectivity and media exposure. Finally, we assess educational attainment, demonstrating that higher education mitigates the amplification of anti-Muslim tweets into hate crimes. These findings underscore the need for policy interventions, including digital literacy programs, targeted content moderation, and algorithmic adjustments, to curb online hate speech and its offline consequences.",PDF front matter and abstract; catalog abstract,"Targeted document evidence screening, not exhaustive line-by-line adjudication or independent rerun. Negative classification does not certify original article error-free.",dp_246,unresolved,no
report_2a2fdd1808ed,targeted_body_review,minor_data_error_materiality_unresolved,The Mechanics of the Industrial Revolution,,"Industrial Revolution wages omit pence in 2 of10 checked records; incomplete data provenance. Provided-data estimates reproduced, substantive materiality of wage errors not established.","[4, 7]","Targeted document evidence screening, not exhaustive line-by-line adjudication or independent rerun. Negative classification does not certify original article error-free.",,unresolved,no
report_2aedc6cdf5ea,opening_screen_with_reply_where_available,reproduced,Can Invalid Information Be Ignored When It Is Detected?,,All five invalid-information experiments reproduced by translating Jamovi analyses to R.,,"Targeted document evidence screening, not exhaustive line-by-line adjudication or independent rerun. Negative classification does not certify original article error-free.",,unresolved,no
report_2af5962ea1ca,opening_screen_with_reply_where_available,minor_error,Devaluation by Omission: Limited Identity Options Elicit Anger and Increase Identification,,Identity omission report identifies three small numerical discrepancies with unchanged direction/significance.,,"Targeted document evidence screening, not exhaustive line-by-line adjudication or independent rerun. Negative classification does not certify original article error-free.",,unresolved,no
report_2ba6e124788d,opening_screen_with_reply_where_available,linked_previous_review_version,Reshaping Global Trade: The Immediate and Long-Run Effects of Bank Failures,,Earlier version of Berard/Freitas/Verma Xu bank-failure report matches DP085 authors/title; retain version uncertainty.,,"Targeted document evidence screening, not exhaustive line-by-line adjudication or independent rerun. Negative classification does not certify original article error-free.",dp_085,unresolved,no
report_2cbf5df8aefc,pending,unresolved,Interventions and Cognitive Spillovers,,,,"Targeted document evidence screening, not exhaustive line-by-line adjudication or independent rerun. Negative classification does not certify original article error-free.",,unresolved,no
report_2d0614eec3f5,linked_previous_review,favorable_or_no_material_error_reported,"Recessions, Mortality, and Migration Bias: Evidence from the Lancashire Cotton Famine",,Arthi/Beach/Hanlon cotton-famine mortality results reproduced and robust.,"[4, 7]","Targeted document evidence screening, not exhaustive line-by-line adjudication or independent rerun. Negative classification does not certify original article error-free.",dp_025,unresolved,no
report_2dde11440492,linked_previous_review,material_error_documented_in_body,Cooperative property rights and development: Evidence from land reform in El Salvador,,Duplicates and failure to implement stated minimum cell-size restriction undermine income and inequality claims; agricultural productivity claims not implicated.,"[6, 7, 8, 9, 10]","Targeted document evidence screening, not exhaustive line-by-line adjudication or independent rerun. Negative classification does not certify original article error-free.",dp_020,unresolved,no
report_2e8015f6771c,opening_screen_with_reply_where_available,minor_error,Deconfounding Sex and Sex of Partner in Mate-Preference Research,,Mate preferences code/report inconsistencies do not change conclusions; robustness checks supportive.,,"Targeted document evidence screening, not exhaustive line-by-line adjudication or independent rerun. Negative classification does not certify original article error-free.",,unresolved,no
report_2ee3d7892331,opening_screen_with_reply_where_available,linked_previous_review,Interregional Contact and the Formation of a Shared Identity,,DP219 plus reply acknowledging minor code issue without qualitative result change.,"[5, 6, 7]","Targeted document evidence screening, not exhaustive line-by-line adjudication or independent rerun. Negative classification does not certify original article error-free.",dp_219,unresolved,no
report_2f770cb667b4,opening_screen_with_reply_where_available,robustness_only,Gender-Ambiguous Voices and Social Disfluency,,"Gender-ambiguous voice results reproduced. Construct validity and collapsed preregistered design are analytical criticisms, not verified code errors.",,"Targeted document evidence screening, not exhaustive line-by-line adjudication or independent rerun. Negative classification does not certify original article error-free.",,unresolved,no
report_2f792d86ba6c,targeted_body_review,confirmed_error_in_secondary_IV_claims,Major Reforms in Electricity Pricing: Evidence from a Quasi-Experiment,,"Labandeira electricity-pricing report compares code with specification: two IV columns omit clustering, correcting eliminates significance; two other columns omit quarter dummies, discovered in author dialogue, correcting strengthens estimates. Primary OLS consumption/expenditure effects remain robust. Materiality confined to secondary IV validation.","[1, 3, 4, 5]","Targeted document evidence screening, not exhaustive line-by-line adjudication or independent rerun. Negative classification does not certify original article error-free.",,unresolved,no
report_300fff3932d7,opening_screen_with_reply_where_available,linked_previous_review,An Umbrella Review of the Benefits and Risks Associated with Youths' Interactions with Electronic Screens,,DP154 plus author reply on screens umbrella-review publication-bias adjustments; retain dispute.,"[6, 7, 8]","Targeted document evidence screening, not exhaustive line-by-line adjudication or independent rerun. Negative classification does not certify original article error-free.",dp_154,unresolved,no
report_313337566cca,opening_screen_with_reply_where_available,reproduced,"State Violence, Party Formation, and Electoral Accountability: The Political Legacy of the Marikana Massacre",,Marikana aggregate results reproduced and robust; individual geolocation unavailable. SUTVA criticism not discrete error.,,"Targeted document evidence screening, not exhaustive line-by-line adjudication or independent rerun. Negative classification does not certify original article error-free.",,unresolved,no
report_317bbaa7f373,opening_screen_with_reply_where_available,robustness_dispute,Decentralization can Increase Cooperation Among Public Officials,,Removing post-treatment controls changes interaction inference; main levels similar. Authors dispute mechanism/selection interpretation.,,"Targeted document evidence screening, not exhaustive line-by-line adjudication or independent rerun. Negative classification does not certify original article error-free.",,unresolved,no
report_318a2dea7b11,opening_screen_with_reply_where_available,linked_previous_review_version,Run-off Elections in the Laboratory,,Earlier Hausladen/Hu/Levin version of DP099 report; main runoff-election results reproduced.,,"Targeted document evidence screening, not exhaustive line-by-line adjudication or independent rerun. Negative classification does not certify original article error-free.",dp_099,unresolved,no
report_323c63c13b44,linked_previous_review,author_reply;robustness_or_replication_concern,Mental Health Costs of Lockdowns: Evidence from Age-Specific Curfews in Turkey,,Altindag lockdown RD supports main claims; bandwidth sensitivity is not demonstrated error. Missing unhappiness item in questionnaire appendix clarified as documentation error; index did include item.,"[4, 7]","Targeted document evidence screening, not exhaustive line-by-line adjudication or independent rerun. Negative classification does not certify original article error-free.",dp_016;dp_017,unresolved,no
report_324e39312a52,opening_screen_with_reply_where_available,unresolved_data_unavailable,Association and causal mediation between marital status and depression in seven countries,,Marital-status/depression analysis data unavailable; code review alone cannot establish consequential error.,,"Targeted document evidence screening, not exhaustive line-by-line adjudication or independent rerun. Negative classification does not certify original article error-free.",,unresolved,no
report_32899d883e60,pending,unresolved,"The ‘Out of Africa’ Hypothesis, Human Genetic Diversity, and Comparative Economic Development",,,,"Targeted document evidence screening, not exhaustive line-by-line adjudication or independent rerun. Negative classification does not certify original article error-free.",,unresolved,no
report_3340367f828c,linked_previous_review,favorable_or_no_material_error_reported,Concentration Bias in Intertemporal Choice,,Dertwinkel-Kalt concentration-bias findings reproduced.,"[4, 16]","Targeted document evidence screening, not exhaustive line-by-line adjudication or independent rerun. Negative classification does not certify original article error-free.",dp_042,unresolved,no
report_350263be01cc,opening_screen_with_reply_where_available,robustness_only,Can Information Reduce Ethnic Discrimination? Evidence from Airbnb,,Airbnb R results match; sensitivity to sample restrictions affects subset without demonstrated coding error.,,"Targeted document evidence screening, not exhaustive line-by-line adjudication or independent rerun. Negative classification does not certify original article error-free.",,unresolved,no
report_36350ebecd44,linked_previous_review,favorable_assessment,A Systematic Review and Meta-Analysis of 90 Cohort Studies of Social Isolation Loneliness and Mortality,,Extracted-data reimplementation reproduces meta-analysis; publication-bias adjustments somewhat shrink but do not overturn results.,"[5, 6, 11]","Targeted document evidence screening, not exhaustive line-by-line adjudication or independent rerun. Negative classification does not certify original article error-free.",dp_169,unresolved,no
report_36dd6624e387,targeted_body_review,reporting_discrepancy_materiality_unresolved,A soccer-based intervention improves incarcerated individuals’ behaviour and public acceptance through group bonding,,Soccer Study3 published criminal-behavior model differs from supplied SPSS output (N/coefficients); key association remains significant. Alternative multiple-testing/model choices alter interpretation. Report incorrectly conflates multiple regression with multivariate outcomes; do not inherit that criticism.,"[7, 8, 12, 13, 20, 21]","Targeted document evidence screening, not exhaustive line-by-line adjudication or independent rerun. Negative classification does not certify original article error-free.",,unresolved,no
report_38042f8fab98,opening_screen_with_reply_where_available,reproduced,Child Marriage Bans and Female Schooling and Labor Market Outcomes: Evidence from Natural Experiments in 17 Low- and Middle-Income Countries,,Child-marriage ban findings independently reproduced.,,"Targeted document evidence screening, not exhaustive line-by-line adjudication or independent rerun. Negative classification does not certify original article error-free.",,unresolved,no
report_385138889ad1,opening_screen_with_reply_where_available,linked_previous_review,Gender Differences in Cooperative Environments? Evidence from The U.S. Congress,,DP075 plus reply acknowledges minor control errors while substantive findings remain stable.,"[4, 7, 15]","Targeted document evidence screening, not exhaustive line-by-line adjudication or independent rerun. Negative classification does not certify original article error-free.",dp_075,unresolved,no
report_386d83cc3844,opening_screen_with_reply_where_available,minor_error,A systematic review and meta-analysis of the global prevalence and determinants of COVID-19 vaccine acceptance and uptake in people living with HIV,,HIV vaccine meta-analysis minor publication-bias issues with main estimates robust.,,"Targeted document evidence screening, not exhaustive line-by-line adjudication or independent rerun. Negative classification does not certify original article error-free.",,unresolved,no
report_38b5d014475d,pending,unresolved,Self-Enforcing Trade Agreements: Evidence from Time-Varying Trade Policy,,,,"Targeted document evidence screening, not exhaustive line-by-line adjudication or independent rerun. Negative classification does not certify original article error-free.",,unresolved,no
report_393f26b87c95,opening_screen_with_reply_where_available,robustness_dispute,Inflammatory Political Campaigns and Racial Bias in Policing,,Trump rally/policing initial coding-error claim revised to modeling choice after reply. Reproduction succeeds; alternative crimes differ from police stops.,,"Targeted document evidence screening, not exhaustive line-by-line adjudication or independent rerun. Negative classification does not certify original article error-free.",,unresolved,no
report_394855884c45,linked_previous_review,favorable_or_no_material_error_reported,Does Competence Make Citizens Tolerate Undemocratic Behavior?,,Frederiksen competence/undemocratic tolerance reproduced and robust.,"[4, 5]","Targeted document evidence screening, not exhaustive line-by-line adjudication or independent rerun. Negative classification does not certify original article error-free.",dp_028,unresolved,no
report_3957dceafbb8,opening_screen_with_reply_where_available,linked_previous_review,Pre-Colonial Warfare and Long-Run Development in India,,DP035 plus reply; main warfare findings confirmed.,"[4, 21]","Targeted document evidence screening, not exhaustive line-by-line adjudication or independent rerun. Negative classification does not certify original article error-free.",dp_035,unresolved,no
report_3a412384841e,opening_screen_with_reply_where_available,minor_error,Does Valuing Happiness Lead to Well-Being?,,Valuing-happiness exploratory fixed-effect code adjusted with direction/significance retained; preregistered main results reproduced.,,"Targeted document evidence screening, not exhaustive line-by-line adjudication or independent rerun. Negative classification does not certify original article error-free.",,unresolved,no
report_3a9255e8aaf9,linked_previous_review,author_reply;robustness_concern,Does Directed Innovation Mitigate Climate Damage? Evidence from U.S. Agriculture,,Disputed proxy/functional-form critique; reply159 confirms minor appendix error but contests material-error claims. Do not treat99.8% shrinkage under different exposure definition as corrected-code effect.,"[6, 7, 8]","Targeted document evidence screening, not exhaustive line-by-line adjudication or independent rerun. Negative classification does not certify original article error-free.",dp_158;dp_159,unresolved,no
report_3c6fd10f4bb2,linked_previous_review,favorable_or_no_material_error_reported,Immigration and Redistribution,,Alesina/Miano/Stancheva immigration misperceptions supported.,"[4, 6]","Targeted document evidence screening, not exhaustive line-by-line adjudication or independent rerun. Negative classification does not certify original article error-free.",dp_040,unresolved,no
report_3c7368c75d1c,pending,unresolved,The Macroeconomics of Sticky Prices with Generalized Hazard Functions,,,,"Targeted document evidence screening, not exhaustive line-by-line adjudication or independent rerun. Negative classification does not certify original article error-free.",,unresolved,no
report_3c9cbb3fc4b8,linked_previous_review,favorable_assessment,Cumulative Impacts of Conditional Cash Transfer Programs: Experimental Evidence from Indonesia,,"Cahyadi et al. (2020) examine the cumulative effects of conditional cash transfer programs in Indonesia after 2 and 6 years. They find beneficial effects for several of the indicators targeted by the cash transfer programme. They find a substantial increase in childcare using trained professionals, the number of under-15 out of school fell by half, and stunting fell by 23 per cent. By contrast, they found no transformative economic change for the households that received crash transfers. We successfully computationally reproduced the main results of the paper. Additionally, we successfully used a fake treatment as a placebo and showed that the results are robust against the omission of control variables. Moreover, we could verify the coding of two variables, which we tested and confirmed to correspond to the WHO definition.",PDF front matter and abstract; catalog abstract,"Targeted document evidence screening, not exhaustive line-by-line adjudication or independent rerun. Negative classification does not certify original article error-free.",dp_291,unresolved,no
report_3d04acf29362,linked_previous_review,minor_error_or_materiality_unresolved,Measuring the Welfare Effects of Shame and Pride,,Treatment-order coding and curvature scaling errors; welfare main results stable but standardized curvature.245→.394 and similarity claim changes. Claim-level materiality needs adjudication.,"[7, 8]","Targeted document evidence screening, not exhaustive line-by-line adjudication or independent rerun. Negative classification does not certify original article error-free.",dp_064,unresolved,no
report_3d17a45b05e8,pending,unresolved,A quantitative model of ensemble perception as summed activation in feature space,,,,"Targeted document evidence screening, not exhaustive line-by-line adjudication or independent rerun. Negative classification does not certify original article error-free.",,unresolved,no
report_3da709722dd1,opening_screen_with_reply_where_available,robustness_only,Identity Concealment May Discourage Health-Seeking Behaviors: Evidence From Sexual-Minority Men During the 2022 Global Mpox Outbreak,,"Mpox concealment estimates reproduced; mechanism weakens under alternative model, no discrete error established.",,"Targeted document evidence screening, not exhaustive line-by-line adjudication or independent rerun. Negative classification does not certify original article error-free.",,unresolved,no
report_3e68a5b034dd,linked_previous_review,favorable_assessment,"Unintended consequences of lockdowns, COVID-19 and the Shadow Pandemic in India",,"Ravindran and Shah (2023) assesses the effect of COVID-19 lockdowns on violence against women (VAM) in India. Using a dynamic fixed effects methodology exploiting spatio-temporal variation in the timing and intensity of 'stay-at-home' mandates in Indian districts, the authors find that government-mandated lockdowns increased complaints of domestic violence in districts with the strictest lockdown rules. I successfully computationally reproduce their results. Further, I test the replicability of the results by re-analyzing the results using a Poisson estimator as opposed to the ordinary least squares (OLS) estimator used by the original authors. I find that lower bound censoring of the outcome measure resulted in attenuation of the marginal effect of government-mandated lockdowns. The effect of mobility restrictions on VAW are understated in the original study. This provides support for the internal validity of Ravindran and Shah (2023)'s results by suggesting that may present lower bound estimates of an under-reported consequence of mobility restrictions during the COVID-19 pandemic.",PDF front matter and abstract; catalog abstract,"Targeted document evidence screening, not exhaustive line-by-line adjudication or independent rerun. Negative classification does not certify original article error-free.",dp_230,unresolved,no
report_3ea3dcfd7ce8,targeted_body_review,interpretation_error_candidate,"Violence trends in the ancient Middle East between 12,000 and 400 bce",,"Original quoted log-Tobit coefficient -1.815 incorrectly described as 6.141% decline; report instead claims84% but that transformation is not automatically an observed-outcome Tobit effect. Code/text disagree on zero treatment; alternate modeling changes sensitivity, central descriptive decline retained. Requires independent original/model adjudication.","[2, 4, 5, 11]","Targeted document evidence screening, not exhaustive line-by-line adjudication or independent rerun. Negative classification does not certify original article error-free.",,unresolved,no
report_3f405379726e,linked_previous_review,favorable_or_no_material_error_reported,Temporary Disenfranchisement: Negative Side Effects of Lowering the Voting Age,,Leininger disenfranchisement results reproduced/robust; attrition concern.,[5],"Targeted document evidence screening, not exhaustive line-by-line adjudication or independent rerun. Negative classification does not certify original article error-free.",dp_087,unresolved,no
report_405857e47dec,linked_previous_review,favorable_or_no_material_error_reported,When a Doctor Falls from the Sky: The Impact of Easing Doctor Supply Constraints on Mortality,,"Okeke doctor supply findings robust; standard errors may be overly conservative, not adverse correction.","[4, 6]","Targeted document evidence screening, not exhaustive line-by-line adjudication or independent rerun. Negative classification does not certify original article error-free.",dp_053,unresolved,no
report_4194b145419c,linked_previous_review,favorable_assessment,Self-Persuasion: Evidence from Field Experiments at International Debating Competitions,,"All main findings robust to controls, seemingly unrelated regressions and team fixed effects.","[5, 9, 10]","Targeted document evidence screening, not exhaustive line-by-line adjudication or independent rerun. Negative classification does not certify original article error-free.",dp_119,unresolved,no
report_426f30fc736c,opening_screen_with_reply_where_available,robustness_only,Intermediate levels of scientific knowledge are associated with overconfidence and negative attitudes towards science,,Knowledge overconfidence almost fully reproduced; heterogeneity across items/datasets challenges breadth rather than establishing coding error.,,"Targeted document evidence screening, not exhaustive line-by-line adjudication or independent rerun. Negative classification does not certify original article error-free.",,unresolved,no
report_42d464450881,linked_previous_review,unresolved,Motivated Errors,,"All results regenerate; insufficient annotation and missing participant data restrict further scrutiny, not established error.","[5, 6, 7]","Targeted document evidence screening, not exhaustive line-by-line adjudication or independent rerun. Negative classification does not certify original article error-free.",dp_161,unresolved,no
report_438642c3c161,linked_previous_review,minor_error,Informed Enforcement: Lessons from Pollution Monitoring in China,,Minor code/sample-summary anomaly with no material change; main effect robust.,"[6, 7, 9]","Targeted document evidence screening, not exhaustive line-by-line adjudication or independent rerun. Negative classification does not certify original article error-free.",dp_144,unresolved,no
report_4533b3f73770,opening_screen_with_reply_where_available,reproduced,Do Transitional Justice Museums Persuade Visitors? Evidence from a Field Experiment,,Transitional-justice museum results reproduced without major code issues; extensions only.,,"Targeted document evidence screening, not exhaustive line-by-line adjudication or independent rerun. Negative classification does not certify original article error-free.",,unresolved,no
report_485c06b26373,pending,unresolved,Going to a Better School: Effects and Behavioral Responses,,,,"Targeted document evidence screening, not exhaustive line-by-line adjudication or independent rerun. Negative classification does not certify original article error-free.",,unresolved,no
report_488392fa8d15,linked_previous_review,minor_error,A Systematic Review of Worldwide Causal and Correlational Evidence on Digital Media and Democracy,,Minor coding issues resolved without changed conclusions; expanded literature review supports original result.,"[5, 6, 7]","Targeted document evidence screening, not exhaustive line-by-line adjudication or independent rerun. Negative classification does not certify original article error-free.",dp_206,unresolved,no
report_48ae850d3c4c,linked_previous_review,favorable_assessment,Age Set versus Kin: Culture and Financial Ties in East Africa,,"Moscona and Seck (2024a) examine how redistribution of economic benefits differs between age-based and kin-based societies in sub-Saharan Africa. Using the experimental evaluation of a cash transfer program in Kenya, they find that an increase in income of members of an individual's age cohort increased consumption expenditure in age-set societies but not in kin-based societies. Next, exploiting the staggered introduction of a pension program in Uganda, they find that the program had positive effects on child health in kin-based societies, though not in age-set societies. In this replication report, we successfully computationally reproduce all results of the paper, with only a few minor deviations. We then conduct three robustness checks on the pension program results in Uganda, by varying the definition of the exposure variable, excluding outliers, and re-weighting observations. The original results are robust to our sensitivity analyses. The point estimates are very close to the original results and statistical significance is unchanged. Finally, we highlight some issues relating to the lack of sample descriptive statistics on key explanatory variables in the original paper.",PDF front matter and abstract; catalog abstract,"Targeted document evidence screening, not exhaustive line-by-line adjudication or independent rerun. Negative classification does not certify original article error-free.",dp_259,unresolved,no
report_48e3e8dec4b5,linked_previous_review,reply_or_followup;robustness_concern,Unpacking P-hacking and Publication Bias,,No coding errors found; two initial-submission heaping tests differ. Density results sensitive to numerical bandwidth algorithms and modeling choices; causal error not established.,printed p5,"Targeted document evidence screening, not exhaustive line-by-line adjudication or independent rerun. Negative classification does not certify original article error-free.",dp_305;dp_306,unresolved,no
report_4968d35b0fba,pending,unresolved,Partisanship and Fiscal Policy in Economic Unions: Evidence from US States,,,,"Targeted document evidence screening, not exhaustive line-by-line adjudication or independent rerun. Negative classification does not certify original article error-free.",,unresolved,no
report_49a16f6cfda5,linked_previous_review,minor_error,Subways and Urban Air Pollution,,"Back-of-envelope calculation uses2.9 rather than3.2; corrected averted deaths25 rather than22.5. Core pollution result survives; alternative aggregation produces15, which is analytical-choice variation.","[5, 13, 15]","Targeted document evidence screening, not exhaustive line-by-line adjudication or independent rerun. Negative classification does not certify original article error-free.",dp_121,unresolved,no
report_49db3e2bf54e,pending,unresolved,Bayesianism and wishful thinking are compatible,,,,"Targeted document evidence screening, not exhaustive line-by-line adjudication or independent rerun. Negative classification does not certify original article error-free.",,unresolved,no
report_4cb285ca816f,opening_screen_with_reply_where_available,linked_previous_review,Identity effects in social media,,"DP172 plus reply: one-user sample difference likely package-related, no qualitative change.","[5, 6, 7]","Targeted document evidence screening, not exhaustive line-by-line adjudication or independent rerun. Negative classification does not certify original article error-free.",dp_172,unresolved,no
report_5003934d7f11,opening_screen_with_reply_where_available,reproduced,Fathers’ Leave Reduces Sexist Attitudes,,Fathers-leave attitude findings reproduced; alternative outcomes robust.,,"Targeted document evidence screening, not exhaustive line-by-line adjudication or independent rerun. Negative classification does not certify original article error-free.",,unresolved,no
report_529ee199e8d9,opening_screen_with_reply_where_available,reproduced,Perceiving Topological Relations,,Topological perception findings reproduced and robust in ANOVA checks.,,"Targeted document evidence screening, not exhaustive line-by-line adjudication or independent rerun. Negative classification does not certify original article error-free.",,unresolved,no
report_52b025b81bea,linked_previous_review,favorable_assessment,Crisis and the Trajectory of Science: Evidence from the 2014 Ebola Outbreak Unavailable,,"This report replicates and extends the empirical analysis of Fry (2023), which studies the impact of the 2014 West African Ebola epidemic on the scientific productivity of researchers in Guinea, Liberia, and Sierra Leone. Using the replication package provided by the author, we exactly reproduce all main results, confirming the study's computational reproducibility. We further assess robustness with respect to alternative regression models, sample definitions, and matching procedures. While the main findings are robust across specifications, we find that the estimated effects are largely driven by researchers based in Sierra Leone, highlighting the importance of heterogeneity within the treated group.",PDF front matter and abstract; catalog abstract,"Targeted document evidence screening, not exhaustive line-by-line adjudication or independent rerun. Negative classification does not certify original article error-free.",dp_289,unresolved,no
report_52bea92b7c10,linked_previous_review,material_error,The Arrival of Fast Internet and Employment in Africa,10.1257/aer.20161385,"Specific treatment-indicator coding error materially changes nighttime-light coefficient; geography, calibration and treatment-zone sensitivity are separate issues. Earliest error-specific version still requires verification.","[29, 34, 40, 41, 42]","Targeted document evidence screening, not exhaustive line-by-line adjudication or independent rerun. Negative classification does not certify original article error-free.",dp_148,unresolved,no
report_5328fbe6f83f,linked_previous_reviews_with_pending_attachments,robustness_concern,The Political Consequences of Green Policies: Evidence from Italy,,"Original processed-data results reproduce; alternative covariates/designs smaller estimates, plus survey-reporting limitations.","[5, 6, 8]","Targeted document evidence screening, not exhaustive line-by-line adjudication or independent rerun. Negative classification does not certify original article error-free.",dp_168,unresolved,no
report_53da140009b8,linked_previous_review,favorable_or_no_material_error_reported,Reshaping Adolescents' Gender Attitudes: Evidence from a School-Based Experiment in India,,Dhar gender-attitudes experiment robust; body notes code/text discrepancies without material effects.,"[4, 9]","Targeted document evidence screening, not exhaustive line-by-line adjudication or independent rerun. Negative classification does not certify original article error-free.",dp_024,unresolved,no
report_5437ba586f46,pending,unresolved,Religious Festivals and Economic Development: Evidence from the Timing of Mexican Saint Day Festivals,,,,"Targeted document evidence screening, not exhaustive line-by-line adjudication or independent rerun. Negative classification does not certify original article error-free.",,unresolved,no
report_545e8437a0f7,targeted_body_review,reproduced,The Effects of Import Competition on Unionization,,Import competition/unionization Tables1–2 exactly reproduced from analysis data. Log-share and union/nonunion decompositions are extensions; raw construction not checked.,"[1, 2]","Targeted document evidence screening, not exhaustive line-by-line adjudication or independent rerun. Negative classification does not certify original article error-free.",,unresolved,no
report_54760f3ce87e,linked_previous_review,favorable_or_no_material_error_reported,Wage Cyclicality and Labor Market Sorting,,Figueiredo wage cyclicality results largely stable.,"[4, 5]","Targeted document evidence screening, not exhaustive line-by-line adjudication or independent rerun. Negative classification does not certify original article error-free.",dp_078,unresolved,no
report_54d4acbe1ca7,linked_previous_review,minor_error_or_materiality_unresolved,“Stop the Count!”—How Reporting Partial Election Results Fuels Beliefs in Election Fraud,,"This replication report examines the reproducibility of Vaz et al. (2024), who demonstrate the Cumulative Redundancy Bias (CRB)-the tendency to favor early-leading candidates and to suspect fraud when a late reversal occurs. Using the authors' openly available raw data and analysis code, we successfully reproduced all reported results across seven preregistered studies. The only discrepancy identified was a minor difference in Experiment 5, which did not affect the results of the study. In addition, the authors conducted non-parametric tests for all experiments in the complementary documents. We verified and reported their results, concluding that the authors have followed good practices for the replication of their outcomes. The non-parametric tests support the original findings: early leaders were consistently evaluated more positively, and late-lead scenarios reliably increased perceived manipulation, even when using real election data, presenting results as percentages, providing explanatory information, or accounting for partisanship. The evidence strengthens the conclusion that sequential reporting of partial results can distort perceptions of electoral integrity, underscoring the importance of communication strategies that better convey vote-count dynamics and uncertainty.",PDF front matter and abstract; catalog abstract,"Targeted document evidence screening, not exhaustive line-by-line adjudication or independent rerun. Negative classification does not certify original article error-free.",dp_316,unresolved,no
report_550084c248dc,pending,unresolved,Retail Pharmacies and Drug Diversion During the Opioid Epidemic,,,,"Targeted document evidence screening, not exhaustive line-by-line adjudication or independent rerun. Negative classification does not certify original article error-free.",,unresolved,no
report_551a1b4adf78,opening_screen_with_reply_where_available,reproduced,Self-orienting in human and machine learning,,Human/machine self-orienting findings reproduced and robust to leave-one-out checks.,,"Targeted document evidence screening, not exhaustive line-by-line adjudication or independent rerun. Negative classification does not certify original article error-free.",,unresolved,no
report_55b052c42573,linked_previous_review,author_reply;favorable_assessment,Negativity drives online news consumption,,Main negativity/click-through claims reproduce; alternate sentiment models broadly support conclusions.,"[5, 6, 7]","Targeted document evidence screening, not exhaustive line-by-line adjudication or independent rerun. Negative classification does not certify original article error-free.",dp_199;dp_200,unresolved,no
report_573bd43586da,pending,unresolved,Convex Supply Curves,,,,"Targeted document evidence screening, not exhaustive line-by-line adjudication or independent rerun. Negative classification does not certify original article error-free.",,unresolved,no
report_589fa23b9532,linked_previous_review,favorable_or_no_material_error_reported,Declining Worker Turnover: The Role of Short-Duration Employment Spells,,Pries/Rogerson worker turnover results supported.,"[4, 7]","Targeted document evidence screening, not exhaustive line-by-line adjudication or independent rerun. Negative classification does not certify original article error-free.",dp_093,unresolved,no
report_58dfe8b66caa,linked_previous_review,favorable_or_no_material_error_reported,The Long-Run Effects of Sports Club Vouchers for Primary School Children,,Marcus/Siedler/Ziebarth vouchers findings reproduced; cohort labeling and FE note discrepancies appear minor.,"[4, 6]","Targeted document evidence screening, not exhaustive line-by-line adjudication or independent rerun. Negative classification does not certify original article error-free.",dp_046,unresolved,no
report_590bd2f69efe,targeted_body_review,confirmed_interpretation_error,"Narrative Identity, Traits, and Trajectories of Depression and Well-Being: A 9-Year Longitudinal Study",,Authors admit discussion sentence claiming motivational fulfillment improves depression over time does not match reported models and merits correction. Models reproduce; other alleged within-person/main-effect mismatch disputed. Classify interpretation error separately from code/data errors.,"[4, 5]","Targeted document evidence screening, not exhaustive line-by-line adjudication or independent rerun. Negative classification does not certify original article error-free.",,unresolved,no
report_5a1b2e97cdc1,linked_previous_review,favorable_assessment,Jobs and Political Participation: Evidence from a Field Experiment in Ethiopia,,Main results reproduce without coding errors; limited raw data caps robustness checks.,"[6, 7, 12]","Targeted document evidence screening, not exhaustive line-by-line adjudication or independent rerun. Negative classification does not certify original article error-free.",dp_211,unresolved,no
report_5bb2a5efb9a9,pending,unresolved,Exposure and Preferences: Evidence from Indian Slums,,,,"Targeted document evidence screening, not exhaustive line-by-line adjudication or independent rerun. Negative classification does not certify original article error-free.",,unresolved,no
report_5bd243a4562a,targeted_body_review,robustness_only,Children Sustain Cooperation in a Threshold Public-Goods Game Even When Seeing Others' Outcomes,,"Two independent child cooperation reports reproduce numerical results; shorter-round restriction robust, alternative aggregation/BIC selection weakens threshold effect. Duplicate Woods versions are not separate events.","[1, 2, 3]","Targeted document evidence screening, not exhaustive line-by-line adjudication or independent rerun. Negative classification does not certify original article error-free.",,unresolved,no
report_5d24a4102638,targeted_body_review,minor_error_and_robustness,"Bubbles, Crashes, and Economic Growth: Theory and Evidence",,"Bubbles/growth figures reproduced; negligible coding bug. Reconstructed credit series changes auxiliary findings under alternative HP smoothing, while main stock-series results remain robust.","[1, 2, 3]","Targeted document evidence screening, not exhaustive line-by-line adjudication or independent rerun. Negative classification does not certify original article error-free.",,unresolved,no
report_5d73ec1dc3d6,linked_previous_review,favorable_assessment,Long-Term Effects of the Targeting the Ultra Poor Program,,Transfer-program results reproduce and robust; transparency/external-validity discussion is not demonstrated error.,"[5, 6, 9]","Targeted document evidence screening, not exhaustive line-by-line adjudication or independent rerun. Negative classification does not certify original article error-free.",dp_142,unresolved,no
report_5da2179e3559,linked_previous_review,favorable_assessment,Gender Differences in Climbing up the Ladder: Why Experience Closes the Ambition Gender Gap,,"Wald et al. (2024) find that women are less likely than men to go after top leadership roles mainly early in their careers, not because they lack ability, but because they lack experience and confidence. Using nearly a century of U.S. political data, the researchers showed that women with little experience were less likely than men to run for high office, but this gender gap disappeared once women gained enough experience. An experiment confirmed why this happens: experience boosts women's self-confidence, which in turn makes them just as willing as men to pursue high-level positions. Overall, the study claims that giving women opportunities to gain experience is a key to close the gender gap in ambition and leadership pursuit. We first assess computational reproducibility and successfully reproduce all main results from Study 1 (Model 1 in Table 2 and robustness models in Tables S2 and S3) and all preregistered results from Study 2 using the authors' replication package, starting both from raw data and from analysis data, with no discrepancies in sign, magnitude, or statistical significance. We then conduct a robustness reproducibility analysis for Study 1 using a multiverse framework. A joint Wald test of the experience-gender interaction terms confirms the original claim, rejecting the null hypothesis of no differential effect of experience by gender (.2 (2) = 10.5313, p . 0.0052). Across alternative specifications that vary the functional form of experience (quadratic vs. dummy variables), the treatment of calendar time (linear vs. dummy variables), and the subset of years included (all vs. even years only), the main claim replicates in 15 out of the 16 tests performed. The test for which the main claim was no longer significant was that for which analyses were restricted to even election years (to address irregularities in the temporal structure of U.S. elections) and both experience and calendar year were entered as dummy variables. Study 2 was not subjected to robustness reproduction; its preregistered experimental results are computationally reproducible and match the published findings precisely. Overall, the core claim that experience closes the gender gap in political ambition is computationally reproducible and robust across most plausible specifications, with the exception being that which restricts the sample (to account for the uneven temporal distribution of elections, a critical attribute given their occurrence in uneven years) and inputs alternative specifications of both experience and calendar year. This underscores the need for more in-depth analysis in future research that extends the original study.",PDF front matter and abstract; catalog abstract,"Targeted document evidence screening, not exhaustive line-by-line adjudication or independent rerun. Negative classification does not certify original article error-free.",dp_300,unresolved,no
report_5f6c25143883,linked_previous_review,favorable_assessment,Belief Elicitation and Behavioral Incentive Compatibility,,"Matched to previously screened DP evidence; see inherited_reviews for actual scope, adjudication and uncertainty.",,"Targeted document screening, not independent rerun or exhaustive fulltext reading. Earliest public error-specific date is unverified unless explicitly stated; OSF file upload dates are not publication dates.",dp_255,unresolved,no
report_5f95f3c12b64,linked_previous_review,robustness_or_replication_concern,The Origin of the State: Land Productivity or Appropriability?,,"Matched to previously screened DP evidence; see inherited_reviews for actual scope, adjudication and uncertainty.",,"Targeted document screening, not independent rerun or exhaustive fulltext reading. Earliest public error-specific date is unverified unless explicitly stated; OSF file upload dates are not publication dates.",dp_082,unresolved,no
report_5ff8b07dffd7,targeted_fulltext_screened,unresolved,The cost of anti-Asian racism during the COVID-19 pandemic,,SafeGraph access and missing documentation prevent computational reproduction; report does not demonstrate that published estimates are erroneous.,"[1, 7]","Targeted document screening, not independent rerun or exhaustive fulltext reading. Earliest public error-specific date is unverified unless explicitly stated; OSF file upload dates are not publication dates.",,unresolved,no
report_60214574faf5,linked_previous_review,favorable_assessment,A systematic review and meta-analysis of the evidence on learning during the COVID-19 pandemic,,"Matched to previously screened DP evidence; see inherited_reviews for actual scope, adjudication and uncertainty.",,"Targeted document screening, not independent rerun or exhaustive fulltext reading. Earliest public error-specific date is unverified unless explicitly stated; OSF file upload dates are not publication dates.",dp_223,unresolved,no
report_62881c68084b,linked_previous_review,minor_error,Strategic complexity and the value of thinking,,"Matched to previously screened DP evidence; see inherited_reviews for actual scope, adjudication and uncertainty.",,"Targeted document screening, not independent rerun or exhaustive fulltext reading. Earliest public error-specific date is unverified unless explicitly stated; OSF file upload dates are not publication dates.",dp_170,unresolved,no
report_62ce4a2f1052,unresolved_document_unavailable,unresolved,Measuring Monetary Policy in the Euro Area Using SVARs with Residual Restrictions,,No report text or explicit linked DP available for this record; title alone does not verify error or report identity.,,"Targeted document screening, not independent rerun or exhaustive fulltext reading. Earliest public error-specific date is unverified unless explicitly stated; OSF file upload dates are not publication dates.",,unresolved,no
report_637ea4721309,linked_previous_review,favorable_assessment,The formality effect,,"Matched to previously screened DP evidence; see inherited_reviews for actual scope, adjudication and uncertainty.",,"Targeted document screening, not independent rerun or exhaustive fulltext reading. Earliest public error-specific date is unverified unless explicitly stated; OSF file upload dates are not publication dates.",dp_252,unresolved,no
report_6385b2ec544a,linked_previous_review,favorable_assessment,Changes in preterm birth and stillbirth during COVID-19 lockdowns in 26 countries,,"Matched to previously screened DP evidence; see inherited_reviews for actual scope, adjudication and uncertainty.",,"Targeted document screening, not independent rerun or exhaustive fulltext reading. Earliest public error-specific date is unverified unless explicitly stated; OSF file upload dates are not publication dates.",dp_222,unresolved,no
report_6394b080d758,linked_previous_review,minor_error,Winter is Coming: Early-Life Experiences and Politicians' Decisions,,"Matched to previously screened DP evidence; see inherited_reviews for actual scope, adjudication and uncertainty.",,"Targeted document screening, not independent rerun or exhaustive fulltext reading. Earliest public error-specific date is unverified unless explicitly stated; OSF file upload dates are not publication dates.",dp_155,unresolved,no
report_63a489b4867a,linked_previous_review,favorable_assessment,Partisans' receptivity to persuasive messaging is undiminished by countervailing party leader cues,,"Matched to previously screened DP evidence; see inherited_reviews for actual scope, adjudication and uncertainty.",,"Targeted document screening, not independent rerun or exhaustive fulltext reading. Earliest public error-specific date is unverified unless explicitly stated; OSF file upload dates are not publication dates.",dp_147,unresolved,no
report_63b95e0a73bf,linked_previous_review,favorable_or_no_material_error_reported,The Morning After: Cabinet Instability and the Purging of Ministers after Failed Coup Attempts in Autocracies,,"Matched to previously screened DP evidence; see inherited_reviews for actual scope, adjudication and uncertainty.",,"Targeted document screening, not independent rerun or exhaustive fulltext reading. Earliest public error-specific date is unverified unless explicitly stated; OSF file upload dates are not publication dates.",dp_045,unresolved,no
report_63c3f58d6b55,linked_previous_review,unresolved,Detecting Mother-Father Differences in Spending on Children: A New Approach Using Willingness-to-Pay Elicitation,,"Matched to previously screened DP evidence; see inherited_reviews for actual scope, adjudication and uncertainty.",,"Targeted document screening, not independent rerun or exhaustive fulltext reading. Earliest public error-specific date is unverified unless explicitly stated; OSF file upload dates are not publication dates.",dp_137,unresolved,no
report_64d2bdaadf68,linked_previous_review,favorable_assessment,Can Technology Solve the Principal-Agent Problem? Evidence from China's War on Air Pollution,,"Matched to previously screened DP evidence; see inherited_reviews for actual scope, adjudication and uncertainty.",,"Targeted document screening, not independent rerun or exhaustive fulltext reading. Earliest public error-specific date is unverified unless explicitly stated; OSF file upload dates are not publication dates.",dp_113,unresolved,no
report_64d6a849fe81,targeted_fulltext_screened,minor_error,Attitudes and Laws About Abortion Are Linked to Extrinsic Mortality Risk: A Life-History Perspective on Variability in Reproductive Rights,,"Table 2 has reporting typos; alternative controls, imputation and mortality years preserve results.","[1, 8]","Targeted document screening, not independent rerun or exhaustive fulltext reading. Earliest public error-specific date is unverified unless explicitly stated; OSF file upload dates are not publication dates.",,unresolved,no
report_652ceb482bdd,targeted_fulltext_screened,favorable,The Extended Mind in Young Children: Cost-Dependent Trade-Off Between External and Internal Memory,,"Main results reproduce and sensitivity analyses generally agree; adding trial number changes one treatment test, a specification sensitivity rather than an identified error.","[1, 6]","Targeted document screening, not independent rerun or exhaustive fulltext reading. Earliest public error-specific date is unverified unless explicitly stated; OSF file upload dates are not publication dates.",,unresolved,no
report_657d6789dfcb,unresolved_document_unavailable,unresolved,The Macroeconomics Impact of Europe's Carbon Taxes,,No report text or explicit linked DP available for this record; title alone does not verify error or report identity.,,"Targeted document screening, not independent rerun or exhaustive fulltext reading. Earliest public error-specific date is unverified unless explicitly stated; OSF file upload dates are not publication dates.",,unresolved,no
report_65803781fe9e,targeted_fulltext_screened,robustness,Agenda Control and Timing of Bill Initiation: A Temporal Perspective on Coalition Governance in Parliamentary Democracies,,Same-data results reproduce. Extension to UK coalition does not travel; reply explains log and circular transformations and disputes allegation that different variables were used.,"[1, 2, 13]","Targeted document screening, not independent rerun or exhaustive fulltext reading. Earliest public error-specific date is unverified unless explicitly stated; OSF file upload dates are not publication dates.",,unresolved,no
report_670b1936f654,linked_previous_review,favorable_or_no_material_error_reported,Multinationals' Sales and Profit Shifting in Tax Havens,,"Matched to previously screened DP evidence; see inherited_reviews for actual scope, adjudication and uncertainty.",,"Targeted document screening, not independent rerun or exhaustive fulltext reading. Earliest public error-specific date is unverified unless explicitly stated; OSF file upload dates are not publication dates.",dp_037,unresolved,no
report_67910b9c42e5,targeted_fulltext_screened,minor_error,Intracranial electroencephalography reveals effector-independent evidence accumulation dynamics in multiple human brain regions,,Most behavioral and neural results reproduce; small effect-size discrepancies and figure-code problems do not alter conclusions; multivariate decoding corroborates findings.,"[1, 3, 6]","Targeted document screening, not independent rerun or exhaustive fulltext reading. Earliest public error-specific date is unverified unless explicitly stated; OSF file upload dates are not publication dates.",,unresolved,no
report_68458202da63,targeted_fulltext_screened,favorable,Indecent Disclosures: Anticorruption Reforms and Political Selection,,Results computationally reproduce and pass simple difference-in-differences placebo checks; short preperiod remains design limitation.,"[1, 6]","Targeted document screening, not independent rerun or exhaustive fulltext reading. Earliest public error-specific date is unverified unless explicitly stated; OSF file upload dates are not publication dates.",,unresolved,no
report_68608b5c104f,linked_previous_review,robustness_concern,On the Robustness and Provenance of the Gambler’s Fallacy,,"Matched to previously screened DP evidence; see inherited_reviews for actual scope, adjudication and uncertainty.",,"Targeted document screening, not independent rerun or exhaustive fulltext reading. Earliest public error-specific date is unverified unless explicitly stated; OSF file upload dates are not publication dates.",dp_295,unresolved,no
report_686dc5480e75,linked_previous_review,minor_error_or_materiality_unresolved,Targeting High Ability Entrepreneurs Using Community Information: Mechanism Design in the Field,,"Matched to previously screened DP evidence; see inherited_reviews for actual scope, adjudication and uncertainty.",,"Targeted document screening, not independent rerun or exhaustive fulltext reading. Earliest public error-specific date is unverified unless explicitly stated; OSF file upload dates are not publication dates.",dp_049,unresolved,no
report_6876536c6342,targeted_fulltext_screened,minor_error,Racial Minorities Face Discrimination From Across the Political Spectrum When Seeking to Form Ties on Social Media: Evidence From a Field Experiment,,Small numerical discrepancies are practically insignificant; model and exclusion robustness preserve discrimination findings. Missing profile/pretest materials limit other checks.,"[1, 6, 7]","Targeted document screening, not independent rerun or exhaustive fulltext reading. Earliest public error-specific date is unverified unless explicitly stated; OSF file upload dates are not publication dates.",,unresolved,no
report_68bdcb8c872e,targeted_fulltext_screened,favorable,"Liberty, Security, and Accountability: The Rise and Fall of Illiberal Democracies",,"Main empirical findings reproduce, no coding errors found, and additional fear measures and fixed effects support main patterns.","[1, 7]","Targeted document screening, not independent rerun or exhaustive fulltext reading. Earliest public error-specific date is unverified unless explicitly stated; OSF file upload dates are not publication dates.",,unresolved,no
report_6a279044dcee,targeted_fulltext_screened,favorable,How Wage Announcements Affect Job Search - A Field Experiment,,No coding errors uncovered; wage-job-search effects robust to alternative specifications.,"[1, 3, 8]","Targeted document screening, not independent rerun or exhaustive fulltext reading. Earliest public error-specific date is unverified unless explicitly stated; OSF file upload dates are not publication dates.",,unresolved,no
report_6cd014ce1d90,targeted_fulltext_screened,robustness,Your Place in the World: Relative Income and Global Inequality,,German computational reproduction and a UK new-data replication support overall null preference effects; some left-of-center subgroup findings depend on specification.,"[1, 9, 10]","Targeted document screening, not independent rerun or exhaustive fulltext reading. Earliest public error-specific date is unverified unless explicitly stated; OSF file upload dates are not publication dates.",,unresolved,no
report_6cffdb4fbbe1,unresolved_document_unavailable,unresolved,Enabling or Limiting Cognitive Flexibility? Evidence of Demand for Moral Commitment,,No report text or explicit linked DP available for this record; title alone does not verify error or report identity.,,"Targeted document screening, not independent rerun or exhaustive fulltext reading. Earliest public error-specific date is unverified unless explicitly stated; OSF file upload dates are not publication dates.",,unresolved,no
report_6d87c7bf3502,targeted_fulltext_screened,robustness,Learning From Aggregated Opinion,,Alternative loss functions and nonlinear models change best-performing learning models; different model rankings under RMSE and MAE do not establish a coding/statistical error.,"[1, 22, 23]","Targeted document screening, not independent rerun or exhaustive fulltext reading. Earliest public error-specific date is unverified unless explicitly stated; OSF file upload dates are not publication dates.",,unresolved,no
report_6e16fa666cce,targeted_fulltext_screened,minor_error_or_materiality_unresolved,Changing Hearts and Minds? Why Media Messages Designed to Foster Empathy Often Fail,,Minor cleaning/coding differences include reversed reported gender association. Main experimental effects reproduce; mediation interpretation is disputed and not isolated proof of an error overturning main effects.,"[2, 7]","Targeted document screening, not independent rerun or exhaustive fulltext reading. Earliest public error-specific date is unverified unless explicitly stated; OSF file upload dates are not publication dates.",,unresolved,no
report_6e760b3ec360,targeted_fulltext_screened,unresolved,Gender inequality and self-publication are common among academic editors,,Figures 1–3 reproduce after cosmetic compatibility fixes; Figure 4 notebook cannot run. New editor sample differs in coverage; no demonstrated consequential estimate error.,"[1, 3, 6]","Targeted document screening, not independent rerun or exhaustive fulltext reading. Earliest public error-specific date is unverified unless explicitly stated; OSF file upload dates are not publication dates.",,unresolved,no
report_6effccc0095a,targeted_fulltext_screened,favorable,Borrowing Constraints and Demand for Remedial Education: Evidence from Tanzania,,Main findings reproduce except Appendix Table B8; alternative constraints indices and controls corroborate borrowing-constraint mechanism.,"[1, 8, 9]","Targeted document screening, not independent rerun or exhaustive fulltext reading. Earliest public error-specific date is unverified unless explicitly stated; OSF file upload dates are not publication dates.",,unresolved,no
report_6fee70db84f9,targeted_fulltext_screened,favorable,Price Discrimination by Negotiation: a Field Experiment in Retail Electricity,,"All estimates/tables/graphs reproduce; covariate, sample and outlier sensitivity preserves signs, with small precision changes.","[1, 7]","Targeted document screening, not independent rerun or exhaustive fulltext reading. Earliest public error-specific date is unverified unless explicitly stated; OSF file upload dates are not publication dates.",,unresolved,no
report_70623055b3d8,linked_previous_review,minor_error,Worth Your Weight: Experimental Evidence on the Benefits of Obesity in Low-Income Countries,,"Matched to previously screened DP evidence; see inherited_reviews for actual scope, adjudication and uncertainty.",,"Targeted document screening, not independent rerun or exhaustive fulltext reading. Earliest public error-specific date is unverified unless explicitly stated; OSF file upload dates are not publication dates.",dp_145,unresolved,no
report_70f54a122931,targeted_fulltext_screened,disputed_error,Historical redlining is associated with increasing geographical disparities in bird biodiversity sampling in the United States,,Report alleges data multiplication in temporal bird sampling; author reply reconstructs cumulative figure without duplicates and disputes that allegation. Agreed ratio arithmetic changes 35.6% to 39.5%. Annual versus cumulative and mixed-model analyses answer different questions; material coding error not adjudicated.,"[1, 3, 6, 7]","Targeted document screening, not independent rerun or exhaustive fulltext reading. Earliest public error-specific date is unverified unless explicitly stated; OSF file upload dates are not publication dates.",,unresolved,no
report_71fb132c3ec3,targeted_fulltext_screened,minor_error,The motivating effect of monetary over psychological incentives is stronger in WEIRD cultures,,Main incentive results reproduce and survive exclusion alternatives. Reply explains several apparent exclusions and acknowledges minor reporting ambiguity; no substantive reversal.,"[1, 2]","Targeted document screening, not independent rerun or exhaustive fulltext reading. Earliest public error-specific date is unverified unless explicitly stated; OSF file upload dates are not publication dates.",,unresolved,no
report_726a9cf5bf0d,linked_previous_review,favorable_assessment,Safe Assets,,"Matched to previously screened DP evidence; see inherited_reviews for actual scope, adjudication and uncertainty.",,"Targeted document screening, not independent rerun or exhaustive fulltext reading. Earliest public error-specific date is unverified unless explicitly stated; OSF file upload dates are not publication dates.",dp_122,unresolved,no
report_739bcf3028e9,targeted_fulltext_screened,minor_error,The Affect Misattribution Procedure Revisited: An Informational Account,,"Minor inconsistent code, signs and degrees of freedom corrected; all three experiments main effects and interactions reproduce and remain robust.","[1, 2]","Targeted document screening, not independent rerun or exhaustive fulltext reading. Earliest public error-specific date is unverified unless explicitly stated; OSF file upload dates are not publication dates.",,unresolved,no
report_73f84ad32827,targeted_fulltext_screened,robustness,Non-Linearities State-Dependent Prices and the Transmission Mechanism of Monetary Policy,,"Main monetary-policy figures reproduce; findings depend on sample period and monetary shock measure, without a demonstrated implementation error.","[1, 7]","Targeted document screening, not independent rerun or exhaustive fulltext reading. Earliest public error-specific date is unverified unless explicitly stated; OSF file upload dates are not publication dates.",,unresolved,no
report_746e7973905e,targeted_fulltext_screened,favorable,Network formation and efficiency in linear-quadratic games: An experimental study,,"All reported network-formation effects reproduce; clustering, learning and link-formation alternatives uphold core inefficiency pattern.","[1, 7, 8]","Targeted document screening, not independent rerun or exhaustive fulltext reading. Earliest public error-specific date is unverified unless explicitly stated; OSF file upload dates are not publication dates.",,unresolved,no
report_74c8331744fa,targeted_fulltext_screened,minor_error_or_materiality_unresolved,Biases in Improvement Decisions: People Focus on the Relative Reduction in Bad Outcomes,,"Study 3 code accidentally replaces gig-worker sample with lay-participant rows; corrected samples still support claims. Other wrong labels, missing analyses and preregistration discrepancies are reported without established material consequence.",[1],"Targeted document screening, not independent rerun or exhaustive fulltext reading. Earliest public error-specific date is unverified unless explicitly stated; OSF file upload dates are not publication dates.",,unresolved,no
report_75e85cb29cc1,targeted_fulltext_screened,minor_error,Large-scale citizen science reveals predictors of sensorimotor adaptation,,"Wrong random-seed placement prevented independent LASSO resampling. Final report update concedes corrected mean R² remains comparably sized, coefficients unchanged, hyperparameter robustness restored. Noise-ceiling scaling remains contested, not an agreed coding error. Main modest-prediction conclusion retained.","[5, 10, 12, 13]","Targeted document screening, not independent rerun or exhaustive fulltext reading. Earliest public error-specific date is unverified unless explicitly stated; OSF file upload dates are not publication dates.",,unresolved,no
report_76689919aa7b,targeted_fulltext_screened,favorable,Dissociable Codes in Motor Working Memory,,"Motor working-memory patterns reproduce across raw, 3-SD and IQR-filtered pipelines.","[1, 7, 8]","Targeted document screening, not independent rerun or exhaustive fulltext reading. Earliest public error-specific date is unverified unless explicitly stated; OSF file upload dates are not publication dates.",,unresolved,no
report_767ed52a7503,unresolved_document_unavailable,unresolved,Intrinsic Information Preferences and Skewness,,No report text or explicit linked DP available for this record; title alone does not verify error or report identity.,,"Targeted document screening, not independent rerun or exhaustive fulltext reading. Earliest public error-specific date is unverified unless explicitly stated; OSF file upload dates are not publication dates.",,unresolved,no
report_76cd8a9e8fea,linked_previous_review,favorable_or_no_material_error_reported,The Dynamics and Spillovers of Management Interventions: Evidence from the Training within Industry Program,,"Matched to previously screened DP evidence; see inherited_reviews for actual scope, adjudication and uncertainty.",,"Targeted document screening, not independent rerun or exhaustive fulltext reading. Earliest public error-specific date is unverified unless explicitly stated; OSF file upload dates are not publication dates.",dp_066,unresolved,no
report_76e1bc253d3c,unresolved_document_unavailable,unresolved,Persuasion through Slanted Language: Evidence from the Media Coverage of Immigration,,No report text or explicit linked DP available for this record; title alone does not verify error or report identity.,,"Targeted document screening, not independent rerun or exhaustive fulltext reading. Earliest public error-specific date is unverified unless explicitly stated; OSF file upload dates are not publication dates.",,unresolved,no
report_76f614c90463,author_reply_only_reviewed,author_reply_only,Biomimetic versus arbitrary motor control strategies for bionic hand skill learning,,Available file is authors response: main figures and most tests reportedly reproduce; raw-EMG/processing and documentation limitations acknowledged. Independent replication report unavailable in this source; no material-error adjudication.,"[1, 2, 4]","Targeted document screening, not independent rerun or exhaustive fulltext reading. Earliest public error-specific date is unverified unless explicitly stated; OSF file upload dates are not publication dates.",,unresolved,no
report_774d2dde3549,targeted_fulltext_screened,robustness,Why Do Children Think Words Are Mutually Exclusive?,,"Two reports computationally reproduce child word-exclusivity experiments. One supports robustness, other finds reduced precision under stricter participant exclusions. No demonstrated implementation error.","[1, 10, 11, 16]","Targeted document screening, not independent rerun or exhaustive fulltext reading. Earliest public error-specific date is unverified unless explicitly stated; OSF file upload dates are not publication dates.",,unresolved,no
report_780942f101b3,targeted_fulltext_screened,robustness,A meta-analysis of correction effects in science-relevant misinformation,,Meta-analysis computationally reproduces. Alternative debunking estimators differ; reply argues replicators ignored dependence and mixed correction/debunking definitions. No adjudicated material error.,"[1, 2, 4]","Targeted document screening, not independent rerun or exhaustive fulltext reading. Earliest public error-specific date is unverified unless explicitly stated; OSF file upload dates are not publication dates.",,unresolved,no
report_78a6d365d73e,linked_previous_review,minor_error,Se Habla Español: Spanish-Language Appeals and  Candidate Evaluations in the United States,,"Matched to previously screened DP evidence; see inherited_reviews for actual scope, adjudication and uncertainty.",,"Targeted document screening, not independent rerun or exhaustive fulltext reading. Earliest public error-specific date is unverified unless explicitly stated; OSF file upload dates are not publication dates.",dp_165,unresolved,no
report_7941276db142,targeted_fulltext_screened,minor_error_or_materiality_unresolved,A Universal Cognitive Bias in Word Order: Evidence From Speakers Whose Language Goes Against It,10.1177/09567976231222836,"Participant exclusion implemented inconsistently with prose, changing 20 to 24 exclusions and coefficient magnitudes (e.g. 2.94 to 4.592); substantive word-order conclusion retained. Further Swahili exclusions reduce power rather than demonstrate reversal.","[1, 5]","Targeted document screening, not independent rerun or exhaustive fulltext reading. Earliest public error-specific date is unverified unless explicitly stated; OSF file upload dates are not publication dates.",,unresolved,no
report_79b3dfcb472d,targeted_fulltext_screened,minor_error,Digital addiction,,Digital-addiction main figures/effects reproduce. Reply acknowledges aggregate usage discrepancy involving two niche apps; corrected core findings remain.,"[1, 2, 5]","Targeted document screening, not independent rerun or exhaustive fulltext reading. Earliest public error-specific date is unverified unless explicitly stated; OSF file upload dates are not publication dates.",,unresolved,no
report_79ef3eacb036,linked_previous_review,robustness_or_replication_concern,Hobo economicus,,"Matched to previously screened DP evidence; see inherited_reviews for actual scope, adjudication and uncertainty.",,"Targeted document screening, not independent rerun or exhaustive fulltext reading. Earliest public error-specific date is unverified unless explicitly stated; OSF file upload dates are not publication dates.",dp_055,unresolved,no
report_7b6e3711f962,linked_previous_review,favorable_assessment,"Female Representation and Legitimacy: Evidence from a Harmonized Experiment in Jordan, Morocco, and Tunisia",,"Matched to previously screened DP evidence; see inherited_reviews for actual scope, adjudication and uncertainty.",,"Targeted document screening, not independent rerun or exhaustive fulltext reading. Earliest public error-specific date is unverified unless explicitly stated; OSF file upload dates are not publication dates.",dp_146,unresolved,no
report_7b72d6d7ac3f,unresolved_document_unavailable,unresolved,On the Efficacy of Accuracy Prompts Across Partisan Lines: An Adversarial Collaboration,,No report text or explicit linked DP available for this record; title alone does not verify error or report identity.,,"Targeted document screening, not independent rerun or exhaustive fulltext reading. Earliest public error-specific date is unverified unless explicitly stated; OSF file upload dates are not publication dates.",,unresolved,no
report_7bafb5e09f22,linked_previous_review,unresolved,Early morning university classes are associated with impaired sleep and academic performance,,"Matched to previously screened DP evidence; see inherited_reviews for actual scope, adjudication and uncertainty.",,"Targeted document screening, not independent rerun or exhaustive fulltext reading. Earliest public error-specific date is unverified unless explicitly stated; OSF file upload dates are not publication dates.",dp_251,unresolved,no
report_7bb8243d4722,targeted_fulltext_screened,favorable,Movement versus Party: The Electoral Effects of Anti-Far Right Protests in Greece,,Anti-far-right protest results reproduce and remain robust to subsamples and gender-share controls.,"[1, 5]","Targeted document screening, not independent rerun or exhaustive fulltext reading. Earliest public error-specific date is unverified unless explicitly stated; OSF file upload dates are not publication dates.",,unresolved,no
report_7bdee2c58f72,targeted_fulltext_screened,minor_error,Misplaced Divides? Discussing Political Disagreement With Strangers Can Be Unexpectedly Positive,,Main political-discussion results reproduce; already-disclosed survey coding failure precluded supplementary monologue condition. Available dialogue analyses reproduce; no newly demonstrated material error in main claim.,"[1, 6, 11]","Targeted document screening, not independent rerun or exhaustive fulltext reading. Earliest public error-specific date is unverified unless explicitly stated; OSF file upload dates are not publication dates.",,unresolved,no
report_7cb80d382920,targeted_fulltext_screened,minor_error,People Place Larger Bets When Risky Choices Provide a Postbet Option to Cash Out,,Raw-data reproduction recovers primary cash-out option effects; secondary output/mixed-model discrepancies and exclusions do not overturn substantive conclusions. Alternative tests support main bet-size result.,"[1, 13]","Targeted document screening, not independent rerun or exhaustive fulltext reading. Earliest public error-specific date is unverified unless explicitly stated; OSF file upload dates are not publication dates.",,unresolved,no
report_7d07f92524e7,targeted_fulltext_screened,favorable_with_scope_limits,Replay shapes abstract cognitive maps for efficient social navigation,,Executed local behavioral/model workflows reproduce. Resource-intensive HPC components were not independently rerun; no coding errors found in inspected materials.,"[1, 14, 15]","Targeted document screening, not independent rerun or exhaustive fulltext reading. Earliest public error-specific date is unverified unless explicitly stated; OSF file upload dates are not publication dates.",,unresolved,no
report_7df3ecdd3fbc,targeted_fulltext_screened,robustness,People Endorse Harsher Policies in Principle Than in Practice: Asymmetric Beliefs About Which Errors to Prevent Versus Fix,,Results generally reproduce with package/output quirks. Full-sample versus exclusions changes some tests; report says paper conclusions do not change.,"[1, 21]","Targeted document screening, not independent rerun or exhaustive fulltext reading. Earliest public error-specific date is unverified unless explicitly stated; OSF file upload dates are not publication dates.",,unresolved,no
report_7e04fdf7bfb2,targeted_fulltext_screened,material_error_secondary_claim,Acquiescence Bias Inflates Estimates of Conspiratorial Beliefs and Political Misperceptions,10.1017/pan.2022.28,"Fourteen missing education values coded -3105 were entered as continuous data among 2,055 respondents. Removing them reverses the education-by-wording association from -0.00005 (p=.02376) to +.02370 (p approximately zero); categorical specification yields same qualitative reversal. Headline wording effect unchanged. Formal corrigendum confirms coding error.","[2, 3, 4]",Consequential secondary-claim reversal is verified by replication report and formal author corrigendum. Do not describe headline treatment effect as overturned. Public dating and treatment eligibility require explicit adjudication; 2025 correction has no complete post-year through 2025.,,unresolved,no
report_80272db5e8c6,linked_previous_review,favorable_assessment,Political polarization of news media and influencers on Twitter in the 2016 and 2020 US presidential elections,,"Matched to previously screened DP evidence; see inherited_reviews for actual scope, adjudication and uncertainty.",,"Targeted document screening, not independent rerun or exhaustive fulltext reading. Earliest public error-specific date is unverified unless explicitly stated; OSF file upload dates are not publication dates.",dp_238,unresolved,no
report_8081728c8128,targeted_fulltext_screened,favorable,Political Misinformation and Factual Corrections on the Facebook News Feed: Experimental Evidence,,Facebook misinformation correction effects computationally reproduce and remain robust under increasingly complex models.,"[1, 9]","Targeted document screening, not independent rerun or exhaustive fulltext reading. Earliest public error-specific date is unverified unless explicitly stated; OSF file upload dates are not publication dates.",,unresolved,no
report_81150904aedd,targeted_fulltext_screened,robustness,White by Another Name? Can Anti-Christian Bias Claims Serve as a Racial Dog Whistle?,,"Both experiments computationally reproduce; Experiment 1 is sensitive to exclusions, Experiment 2 stable. Sample-size and preregistration interpretation disputed in reply; no demonstrated implementation error.","[1, 11]","Targeted document screening, not independent rerun or exhaustive fulltext reading. Earliest public error-specific date is unverified unless explicitly stated; OSF file upload dates are not publication dates.",,unresolved,no
report_8179797314d5,targeted_fulltext_screened,unresolved,World’s human migration patterns in 2000–2019 unveiled by high-resolution data,10.1038/s41562-023-01689-4,"Missing inputs and undocumented raw-to-analysis transformations prevented reproduction, including attempted update May 2025. Failure to run does not establish inaccurate migration estimates.","[2, 3, 4]","Targeted document screening, not independent rerun or exhaustive fulltext reading. Earliest public error-specific date is unverified unless explicitly stated; OSF file upload dates are not publication dates.",,unresolved,no
report_81cf468b169a,targeted_fulltext_screened,favorable,The Mainstreaming of Marx: Measuring the Effect of the Russian Revolution on Karl Marx's Influence,,Marx citation synthetic-control analysis reproduces and alternative specifications preserve findings.,"[1, 5, 6]","Targeted document screening, not independent rerun or exhaustive fulltext reading. Earliest public error-specific date is unverified unless explicitly stated; OSF file upload dates are not publication dates.",,unresolved,no
report_8290e13f6cb7,linked_previous_review,favorable_or_no_material_error_reported,The Relative Efficiency of Skilled Labor across Countries,,"Matched to previously screened DP evidence; see inherited_reviews for actual scope, adjudication and uncertainty.",,"Targeted document screening, not independent rerun or exhaustive fulltext reading. Earliest public error-specific date is unverified unless explicitly stated; OSF file upload dates are not publication dates.",dp_059,unresolved,no
report_83421b0452f2,linked_previous_review,material_error_documented_in_body,Finance and Green Growth,,"Matched to previously screened DP evidence; see inherited_reviews for actual scope, adjudication and uncertainty.",,"Targeted document screening, not independent rerun or exhaustive fulltext reading. Earliest public error-specific date is unverified unless explicitly stated; OSF file upload dates are not publication dates.",dp_095;dp_096,unresolved,no
report_839e017284ca,linked_previous_review,minor_error,The PhD Pipeline Initiative Works: Evidence from a Randomized Intervention to Help Underrepresented Students Prepare for PhDs in Political Science,,"Matched to previously screened DP evidence; see inherited_reviews for actual scope, adjudication and uncertainty.",,"Targeted document screening, not independent rerun or exhaustive fulltext reading. Earliest public error-specific date is unverified unless explicitly stated; OSF file upload dates are not publication dates.",dp_152,unresolved,no
report_83fc3494a79a,targeted_fulltext_screened,minor_error,An umbrella review of randomized control trials on  the effects of physical exercise on cognition,,Exercise-cognition meta-analysis main results reproduce; study tally 100 versus 109 and selection documentation discrepancies. Alternative publication-bias models broadly support near-zero adjusted effect.,"[1, 13, 14]","Targeted document screening, not independent rerun or exhaustive fulltext reading. Earliest public error-specific date is unverified unless explicitly stated; OSF file upload dates are not publication dates.",,unresolved,no
report_847150e275c5,targeted_fulltext_screened,robustness,Economic preferences across generations and family clusters: A large-scale experiment in a developing country,,"Preference-family clusters change with distance, categorical coding and cluster-number choices; report acknowledges no unique best clustering algorithm. No objective implementation error shown.","[1, 3, 9]","Targeted document screening, not independent rerun or exhaustive fulltext reading. Earliest public error-specific date is unverified unless explicitly stated; OSF file upload dates are not publication dates.",,unresolved,no
report_84be28b9ecb3,targeted_fulltext_screened,minor_error,Predictable Effects of Visual Salience in Experimental Decisions and Games,,Minor coding error has no effect on main visual-salience result; larger new sample replicates direction and significance.,"[1, 8]","Targeted document screening, not independent rerun or exhaustive fulltext reading. Earliest public error-specific date is unverified unless explicitly stated; OSF file upload dates are not publication dates.",,unresolved,no
report_850e8ee1d4b8,targeted_fulltext_screened,robustness,Exposure to detectable inaccuracies makes children more diligent fact-checkers of novel claims,,"Children fact-checking findings reproduce; outlier-sensitive second-study pattern interpreted as hypervigilance among some children, not proof original estimated treatment effect is nonexistent.","[1, 8, 9]","Targeted document screening, not independent rerun or exhaustive fulltext reading. Earliest public error-specific date is unverified unless explicitly stated; OSF file upload dates are not publication dates.",,unresolved,no
report_859116e7eb38,unresolved_document_unavailable,unresolved,Discretionary Tax Changes and the Macroeconomy: New Narrative Evidence from the United Kingdom,,No report text or explicit linked DP available for this record; title alone does not verify error or report identity.,,"Targeted document screening, not independent rerun or exhaustive fulltext reading. Earliest public error-specific date is unverified unless explicitly stated; OSF file upload dates are not publication dates.",,unresolved,no
report_859394d98638,targeted_fulltext_screened,favorable_with_scope_limits,Top of the Batch: Interviews and the Match,,Full simulation would require approximately 300 days; sampled computations and theoretical code checks found no major errors. No complete raw rerun.,"[1, 4]","Targeted document screening, not independent rerun or exhaustive fulltext reading. Earliest public error-specific date is unverified unless explicitly stated; OSF file upload dates are not publication dates.",,unresolved,no
report_85d27f187f5e,linked_previous_review,robustness_concern,Electoral Cycles in Macroprudential Regulation,,"Matched to previously screened DP evidence; see inherited_reviews for actual scope, adjudication and uncertainty.",,"Targeted document screening, not independent rerun or exhaustive fulltext reading. Earliest public error-specific date is unverified unless explicitly stated; OSF file upload dates are not publication dates.",dp_204,unresolved,no
report_85fbf173df9d,linked_previous_review,robustness_or_replication_concern,"Yellow Vests, Pessimistic Beliefs, and Carbon Tax Aversion",,"Matched to previously screened DP evidence; see inherited_reviews for actual scope, adjudication and uncertainty.",,"Targeted document screening, not independent rerun or exhaustive fulltext reading. Earliest public error-specific date is unverified unless explicitly stated; OSF file upload dates are not publication dates.",dp_058,unresolved,no
report_869b5ee590f1,linked_previous_review,error_and_materiality_disputed,The Curious Case of Theresa May and the Public That Did Not Rally: Gendered Reactions to Terrorist Attacks Can Cause Slumps Not Bumps,,"Matched to previously screened DP evidence; see inherited_reviews for actual scope, adjudication and uncertainty.",,"Targeted document screening, not independent rerun or exhaustive fulltext reading. Earliest public error-specific date is unverified unless explicitly stated; OSF file upload dates are not publication dates.",dp_041;dp_044,unresolved,no
report_876371161281,targeted_fulltext_screened,favorable_with_scope_limits,Who Sells During a Crash? Evidence from Tax Return Data on Daily Sales of Stock,,Crash-stock-sales results reproduce from supplied aggregated data using alternative software. Restricted tax-return microdata cannot be independently checked from public package.,"[1, 2]","Targeted document screening, not independent rerun or exhaustive fulltext reading. Earliest public error-specific date is unverified unless explicitly stated; OSF file upload dates are not publication dates.",,unresolved,no
report_8807c6761590,unresolved_document_unavailable,unresolved,Populist Leaders and the Economy,,No report text or explicit linked DP available for this record; title alone does not verify error or report identity.,,"Targeted document screening, not independent rerun or exhaustive fulltext reading. Earliest public error-specific date is unverified unless explicitly stated; OSF file upload dates are not publication dates.",,unresolved,no
report_88c31d5e4579,linked_previous_review,robustness_or_replication_concern,School spending and student outcomes: Evidence from revenue limit elections in wisconsin,,"Matched to previously screened DP evidence; see inherited_reviews for actual scope, adjudication and uncertainty.",,"Targeted document screening, not independent rerun or exhaustive fulltext reading. Earliest public error-specific date is unverified unless explicitly stated; OSF file upload dates are not publication dates.",dp_088,unresolved,no
report_890ecb7e62c7,linked_previous_review,robustness_or_replication_concern,Flight to Safety: COVID-Induced Changes in the Intensity of Status Quo Preference and Voting Behavior,,"Matched to previously screened DP evidence; see inherited_reviews for actual scope, adjudication and uncertainty.",,"Targeted document screening, not independent rerun or exhaustive fulltext reading. Earliest public error-specific date is unverified unless explicitly stated; OSF file upload dates are not publication dates.",dp_036,unresolved,no
report_89ed7484a3ce,linked_previous_review,favorable_or_no_material_error_reported,Understanding Ethnolinguistic Differences: The Roles of Geography and Trade,,"Matched to previously screened DP evidence; see inherited_reviews for actual scope, adjudication and uncertainty.",,"Targeted document screening, not independent rerun or exhaustive fulltext reading. Earliest public error-specific date is unverified unless explicitly stated; OSF file upload dates are not publication dates.",dp_062;dp_063,unresolved,no
report_8a62d85e50f0,unresolved_document_unavailable,unresolved,"Extraction, Assimilation, and Accommodation: The Historical Foundations of Indigenous–State Relations in Latin America",,No report text or explicit linked DP available for this record; title alone does not verify error or report identity.,,"Targeted document screening, not independent rerun or exhaustive fulltext reading. Earliest public error-specific date is unverified unless explicitly stated; OSF file upload dates are not publication dates.",,unresolved,no
report_8aa2c4234fee,linked_previous_review,favorable_or_no_material_error_reported,Checking and Sharing Alt-Facts,,"Matched to previously screened DP evidence; see inherited_reviews for actual scope, adjudication and uncertainty.",,"Targeted document screening, not independent rerun or exhaustive fulltext reading. Earliest public error-specific date is unverified unless explicitly stated; OSF file upload dates are not publication dates.",dp_034,unresolved,no
report_8b644d8dbe22,targeted_fulltext_screened,unresolved_statistical_critique,Can One Donation a Day Keep Depression Away? Three Randomized Controlled Trials of an Online Micro-Charitable Giving Intervention,,"Report labels one-sided permutation tests, per-outcome multiplicity families and one-SE figure bands as errors; bands are explicitly labeled SEs and multiplicity family is a substantive choice. Missing raw data and preregistration deviations documented, but material conclusion-changing implementation error not established.","[4, 5, 7, 8, 9]","Targeted document screening, not independent rerun or exhaustive fulltext reading. Earliest public error-specific date is unverified unless explicitly stated; OSF file upload dates are not publication dates.",,unresolved,no
report_8bbbebd983c3,targeted_fulltext_screened,minor_error,Rethinking the Role of Teams and Training in Geopolitical Forecasting: The Effect of Uncontrolled Method Variance on Statistical Conclusions,,Cohen d scripts have indexing bug; correcting it changes latent ability estimates modestly. Main forecasting-model comparison and central conclusions withstand prior/influence/WAIC checks.,[1],"Targeted document screening, not independent rerun or exhaustive fulltext reading. Earliest public error-specific date is unverified unless explicitly stated; OSF file upload dates are not publication dates.",,unresolved,no
report_8c6b6db02811,targeted_fulltext_screened,favorable_with_scope_limits,Environmental Preferences and Technological Choices: Is Market Competition Clean or Dirty?,,Environmental-preference innovation results reproduce after minor running-code amendments. Authors assistance required and replication beyond supplied data not performed.,[1],"Targeted document screening, not independent rerun or exhaustive fulltext reading. Earliest public error-specific date is unverified unless explicitly stated; OSF file upload dates are not publication dates.",,unresolved,no
report_8c8d6dc18f21,linked_previous_review,favorable_assessment,When Do Politicians Appeal Broadly? The Economic Consequences of Electoral Rules in Brazil,,"Matched to previously screened DP evidence; see inherited_reviews for actual scope, adjudication and uncertainty.",,"Targeted document screening, not independent rerun or exhaustive fulltext reading. Earliest public error-specific date is unverified unless explicitly stated; OSF file upload dates are not publication dates.",dp_128,unresolved,no
report_8caa5396834e,targeted_fulltext_screened,robustness,Racial Prejudice Affects Representations of Facial Trustworthiness,,Study 1 and 3 central patterns reproduce with minor discrepancies. Separating composite predictors suggests ingroup affinity interpretation in Study 1; no proven material calculation error.,[1],"Targeted document screening, not independent rerun or exhaustive fulltext reading. Earliest public error-specific date is unverified unless explicitly stated; OSF file upload dates are not publication dates.",,unresolved,no
report_8cee2db71265,linked_previous_review,favorable_or_no_material_error_reported,"Patience, Risk-Taking, and Human Capital Investment Across Countries",,"Matched to previously screened DP evidence; see inherited_reviews for actual scope, adjudication and uncertainty.",,"Targeted document screening, not independent rerun or exhaustive fulltext reading. Earliest public error-specific date is unverified unless explicitly stated; OSF file upload dates are not publication dates.",dp_048,unresolved,no
report_8d03d85b9d9a,linked_previous_review,robustness_or_replication_concern,News Shocks Under Financial Frictions,,"Matched to previously screened DP evidence; see inherited_reviews for actual scope, adjudication and uncertainty.",,"Targeted document screening, not independent rerun or exhaustive fulltext reading. Earliest public error-specific date is unverified unless explicitly stated; OSF file upload dates are not publication dates.",dp_051,unresolved,no
report_8d1934da91f2,targeted_fulltext_screened,robustness,Reducing political polarization in the United States with a mobile chat platform,,"Mobile-chat experiment computationally reproduces; winsorization, index construction/factor assumptions and alternative CACE models affect inference. Construct-validity/modeling critique rather than established coding error; author reply accompanies report.",[1],"Targeted document screening, not independent rerun or exhaustive fulltext reading. Earliest public error-specific date is unverified unless explicitly stated; OSF file upload dates are not publication dates.",,unresolved,no
report_8d7f2f99a86f,linked_previous_review,robustness_concern,Discriminatory Lending: Evidence from Bankers in the Lab,,"Matched to previously screened DP evidence; see inherited_reviews for actual scope, adjudication and uncertainty.",,"Targeted document screening, not independent rerun or exhaustive fulltext reading. Earliest public error-specific date is unverified unless explicitly stated; OSF file upload dates are not publication dates.",dp_185,unresolved,no
report_8ebbd6f41128,linked_previous_review,unresolved,Solar Eclipses and the Origins of Critical Thinking and Complexity,,"Matched to previously screened DP evidence; see inherited_reviews for actual scope, adjudication and uncertainty.",,"Targeted document screening, not independent rerun or exhaustive fulltext reading. Earliest public error-specific date is unverified unless explicitly stated; OSF file upload dates are not publication dates.",dp_153,unresolved,no
report_8fa34877f181,linked_previous_review,robustness_concern,Coase and Cap-and-Trade: Evidence on the Independence Property from the European Carbon Market,,"Matched to previously screened DP evidence; see inherited_reviews for actual scope, adjudication and uncertainty.",,"Targeted document screening, not independent rerun or exhaustive fulltext reading. Earliest public error-specific date is unverified unless explicitly stated; OSF file upload dates are not publication dates.",dp_112,unresolved,no
report_9037987430de,targeted_fulltext_screened,minor_error,Acceptance of Inequality Between Children: Large-Scale Experimental Evidence from China and Norway,,One coding error uncovered but correction leaves inequality-acceptance findings unchanged; alternative outcomes/regressors corroborate findings.,"[1, 9, 10]","Targeted document screening, not independent rerun or exhaustive fulltext reading. Earliest public error-specific date is unverified unless explicitly stated; OSF file upload dates are not publication dates.",,unresolved,no
report_906e8a5c262f,targeted_fulltext_screened,minor_error,When and Why People Conceal Infectious Disease,,Infectious-disease concealment studies reproduce with minor quirks. Preregistration specificity and one potential Type I error concern do not demonstrate erroneous estimates.,"[1, 7, 8]","Targeted document screening, not independent rerun or exhaustive fulltext reading. Earliest public error-specific date is unverified unless explicitly stated; OSF file upload dates are not publication dates.",,unresolved,no
report_9077fcd8986c,targeted_fulltext_screened,robustness,Personal Misconduct Elicits Harsher Professional Consequences for Artists (vs. Scientists): A Moral-Decoupling Process,,Artist/scientist misconduct results largely reproduce and pass controls; expanded archival sample yields p=.061. New-data precision change is not original coding error.,[1],"Targeted document screening, not independent rerun or exhaustive fulltext reading. Earliest public error-specific date is unverified unless explicitly stated; OSF file upload dates are not publication dates.",,unresolved,no
report_914dded38da9,linked_previous_review,favorable_assessment,The people think what I think: False consensus and unelected elite misperception of public opinion,,"Matched to previously screened DP evidence; see inherited_reviews for actual scope, adjudication and uncertainty.",,"Targeted document screening, not independent rerun or exhaustive fulltext reading. Earliest public error-specific date is unverified unless explicitly stated; OSF file upload dates are not publication dates.",dp_171,unresolved,no
report_91787aed0ded,targeted_fulltext_screened,minor_error,Disagreement Gets Mistaken for Bad Listening,,Disagreement/listening effects generally reproduce across reconstructed and supplied code. Missing raw/cleaning data and naming/exclusion inconsistencies impede full reproduction but no demonstrated consequential numerical error.,[2],"Targeted document screening, not independent rerun or exhaustive fulltext reading. Earliest public error-specific date is unverified unless explicitly stated; OSF file upload dates are not publication dates.",,unresolved,no
report_917ba368c8fa,linked_previous_review,minor_error,"Student Performance, Peer Effects, and Friend Networks: Evidence from a Randomized Peer Intervention",,"Matched to previously screened DP evidence; see inherited_reviews for actual scope, adjudication and uncertainty.",,"Targeted document screening, not independent rerun or exhaustive fulltext reading. Earliest public error-specific date is unverified unless explicitly stated; OSF file upload dates are not publication dates.",dp_111,unresolved,no
report_921e82936cf9,targeted_fulltext_screened,minor_error,Do Motivated Classmates Matter for Educational Success?,,Motivated-classmate study fully reproduces; redundant standardization has minimal impact and motivation recoding confirms results.,"[1, 2]","Targeted document screening, not independent rerun or exhaustive fulltext reading. Earliest public error-specific date is unverified unless explicitly stated; OSF file upload dates are not publication dates.",,unresolved,no
report_9289040efecc,linked_previous_review,robustness_concern,Improving Workplace Climate in Large Corporations: A Clustered Randomized Intervention,,"Matched to previously screened DP evidence; see inherited_reviews for actual scope, adjudication and uncertainty.",,"Targeted document screening, not independent rerun or exhaustive fulltext reading. Earliest public error-specific date is unverified unless explicitly stated; OSF file upload dates are not publication dates.",dp_118,unresolved,no
report_93b166dd6c9b,targeted_fulltext_screened,disputed_error,Insights into the accuracy of social scientists' forecasts of societal change,,"Forecasting report finds code execution and data-interpretation concerns; authors dispute use of archived files and treating forecasting heuristics as data errors. Updated report dates earlier public version Dec11,2024, but no substantiated material error adjudication.","[1, 3, 4]","Targeted document screening, not independent rerun or exhaustive fulltext reading. Earliest public error-specific date is unverified unless explicitly stated; OSF file upload dates are not publication dates.",,unresolved,no
report_94a65cd398d5,linked_previous_review,minor_error,Political Endorsement by Nature and Trust in Scientific Expertise During COVID-19,,"Matched to previously screened DP evidence; see inherited_reviews for actual scope, adjudication and uncertainty.",,"Targeted document screening, not independent rerun or exhaustive fulltext reading. Earliest public error-specific date is unverified unless explicitly stated; OSF file upload dates are not publication dates.",dp_175,unresolved,no
report_95553d627471,targeted_fulltext_screened,robustness,The Curse of Good Intentions: Why Anticorruption Messaging Can Encourage Bribery,,Anticorruption message findings reproduce; heterogeneity is sensitive to dichotomization threshold and flexible treatment-effect models. Modeling sensitivity is not demonstrated coding error.,"[1, 16]","Targeted document screening, not independent rerun or exhaustive fulltext reading. Earliest public error-specific date is unverified unless explicitly stated; OSF file upload dates are not publication dates.",,unresolved,no
report_9578ed0cf863,linked_previous_review,mixed_or_failed_new_data_replication,Emergent analogical reasoning in large language models,,"Matched to previously screened DP evidence; see inherited_reviews for actual scope, adjudication and uncertainty.",,"Targeted document screening, not independent rerun or exhaustive fulltext reading. Earliest public error-specific date is unverified unless explicitly stated; OSF file upload dates are not publication dates.",dp_239,unresolved,no
report_959ed0e7bca7,unresolved_document_unavailable,unresolved,Information and Spillovers from Targeting Policy in Peru's Anchoveta Fishery,,No report text or explicit linked DP available for this record; title alone does not verify error or report identity.,,"Targeted document screening, not independent rerun or exhaustive fulltext reading. Earliest public error-specific date is unverified unless explicitly stated; OSF file upload dates are not publication dates.",,unresolved,no
report_968dc0f486c5,targeted_fulltext_screened,minor_error,Effects of calibrated blue–yellow changes in light on the human circadian clock,,Minor data/code/reporting issues leave circadian-light null conclusion intact; limited checks on cleaned data agree.,[1],"Targeted document screening, not independent rerun or exhaustive fulltext reading. Earliest public error-specific date is unverified unless explicitly stated; OSF file upload dates are not publication dates.",,unresolved,no
report_96da3b4e0058,targeted_fulltext_screened,favorable,"Public opinion, racial bias and labour market outcomes in the USA",,Four core racial-labor-market patterns reproduce with small differences attributed to CPS revisions; nativity and sector checks support conclusions.,"[1, 11, 12]","Targeted document screening, not independent rerun or exhaustive fulltext reading. Earliest public error-specific date is unverified unless explicitly stated; OSF file upload dates are not publication dates.",,unresolved,no
report_96fb50a0af80,linked_previous_review,minor_error,Taste-Based Gender Favouritism in High-Stake Decisions: Evidence from The Price is Right,,"Matched to previously screened DP evidence; see inherited_reviews for actual scope, adjudication and uncertainty.",,"Targeted document screening, not independent rerun or exhaustive fulltext reading. Earliest public error-specific date is unverified unless explicitly stated; OSF file upload dates are not publication dates.",dp_151,unresolved,no
report_97233bd5a4ee,unresolved_document_unavailable,unresolved,Liquidity Constraints in the U.S. Housing Market,,No report text or explicit linked DP available for this record; title alone does not verify error or report identity.,,"Targeted document screening, not independent rerun or exhaustive fulltext reading. Earliest public error-specific date is unverified unless explicitly stated; OSF file upload dates are not publication dates.",,unresolved,no
report_977172a380dd,linked_previous_review,favorable_assessment,Ramadan fasting increases leniency in judges from Pakistan and India,,"Matched to previously screened DP evidence; see inherited_reviews for actual scope, adjudication and uncertainty.",,"Targeted document screening, not independent rerun or exhaustive fulltext reading. Earliest public error-specific date is unverified unless explicitly stated; OSF file upload dates are not publication dates.",dp_245,unresolved,no
report_97912deea82e,targeted_fulltext_screened,favorable,A highly replicable decline in mood during rest and simple tasks,,Mood decline effect and paper claims/figures reproduce; report finds no coding errors affecting conclusions. Additional image-only PDF not reviewed as text.,"[1, 18]","Targeted document screening, not independent rerun or exhaustive fulltext reading. Earliest public error-specific date is unverified unless explicitly stated; OSF file upload dates are not publication dates.",,unresolved,no
report_97b9dbb928b5,linked_previous_review,favorable_or_no_material_error_reported,Assortative Matching at the Top of the Distribution: Evidence from the World's Most Exclusive Marriage Market,,"Matched to previously screened DP evidence; see inherited_reviews for actual scope, adjudication and uncertainty.",,"Targeted document screening, not independent rerun or exhaustive fulltext reading. Earliest public error-specific date is unverified unless explicitly stated; OSF file upload dates are not publication dates.",dp_047,unresolved,no
report_98d325388526,unresolved_document_unavailable,unresolved,Local Elites as State Capacity: How City Chiefs Use Local Information to Increase Tax Compliance in the Democratic Republic of the Congo,,No report text or explicit linked DP available for this record; title alone does not verify error or report identity.,,"Targeted document screening, not independent rerun or exhaustive fulltext reading. Earliest public error-specific date is unverified unless explicitly stated; OSF file upload dates are not publication dates.",,unresolved,no
report_9bbb1f9e6cb0,targeted_fulltext_screened,favorable_with_scope_limits,Exploring the Semantic-Inconsistency Effect in Scenes Using a Continuous Measure of Linguistic-Semantic Similarity,,Analysis-data semantic attention results reproduce and are robust to alternative fixation/test/regression choices. Missing stimulus files and corrupt embeddings input prevent complete raw-data reproduction.,"[1, 11]","Targeted document screening, not independent rerun or exhaustive fulltext reading. Earliest public error-specific date is unverified unless explicitly stated; OSF file upload dates are not publication dates.",,unresolved,no
report_9cca1f42f9f8,linked_previous_review,robustness_or_replication_concern,The Long-Term Effects of Measles Vaccination on Earnings and Employment,,"Matched to previously screened DP evidence; see inherited_reviews for actual scope, adjudication and uncertainty.",,"Targeted document screening, not independent rerun or exhaustive fulltext reading. Earliest public error-specific date is unverified unless explicitly stated; OSF file upload dates are not publication dates.",dp_033,unresolved,no
report_9cebe1d78bed,targeted_fulltext_screened,minor_error,When combinations of humans and AI are useful: A systematic review and meta-analysis,,"Two reports largely reproduce human-AI meta-analysis; effect-size denominator/missing arm-N and tally issues yield similar main conclusions. Publication-bias extension is not an original calculation error. One report conclusion incorrectly paraphrases original direction, so use its actual reproduced estimates.","[1, 2]","Targeted document screening, not independent rerun or exhaustive fulltext reading. Earliest public error-specific date is unverified unless explicitly stated; OSF file upload dates are not publication dates.",,unresolved,no
report_a1c4fa3a5380,linked_previous_review,favorable_assessment,Do We Become More Lonely With Age? A Coordinated Data Analysis of Nine Longitudinal Studies,,"Matched to previously screened DP evidence; see inherited_reviews for actual scope, adjudication and uncertainty.",,"Targeted document screening, not independent rerun or exhaustive fulltext reading. Earliest public error-specific date is unverified unless explicitly stated; OSF file upload dates are not publication dates.",dp_224,unresolved,no
report_a25f2ad859e3,targeted_fulltext_screened,favorable,"War, Socialism, and the Rise of Fascism: an Empirical Exploration",,"Fascism/war-IV results reproduce across pretrend, instrument and first-stage alternatives.","[1, 11]","Targeted document screening, not independent rerun or exhaustive fulltext reading. Earliest public error-specific date is unverified unless explicitly stated; OSF file upload dates are not publication dates.",,unresolved,no
report_a39057b430cc,unresolved_document_unavailable,unresolved,Do Thank-You Calls Increase Charitable Giving? Expert Forecasts and Field Experimental Evidence,,No report text or explicit linked DP available for this record; title alone does not verify error or report identity.,,"Targeted document screening, not independent rerun or exhaustive fulltext reading. Earliest public error-specific date is unverified unless explicitly stated; OSF file upload dates are not publication dates.",,unresolved,no
report_a47e663f344f,linked_previous_review,favorable_or_no_material_error_reported,How Do Beliefs about the Gender Wage Gap Affect the Demand for Public Policy?,,"Matched to previously screened DP evidence; see inherited_reviews for actual scope, adjudication and uncertainty.",,"Targeted document screening, not independent rerun or exhaustive fulltext reading. Earliest public error-specific date is unverified unless explicitly stated; OSF file upload dates are not publication dates.",dp_012,unresolved,no
report_a55b58fb15e6,targeted_fulltext_screened,favorable,Hidden Income and the Perceived Returns to Migration,,"Migration information paper reproduces from raw data; removing winsorization changes some magnitudes/precision marginally, often strengthens findings.",[1],"Targeted document screening, not independent rerun or exhaustive fulltext reading. Earliest public error-specific date is unverified unless explicitly stated; OSF file upload dates are not publication dates.",,unresolved,no
report_a56bb2fe13ac,targeted_fulltext_screened,favorable,Effects of Voice Pitch on Social Perceptions Vary With Relational Mobility and Homicide Rate,,Voice-pitch study main Bayesian results reproduce and frequentist alternative conducted; no demonstrated material error reported.,"[1, 7, 8]","Targeted document screening, not independent rerun or exhaustive fulltext reading. Earliest public error-specific date is unverified unless explicitly stated; OSF file upload dates are not publication dates.",,unresolved,no
report_a614537a7cf1,linked_previous_review,robustness_concern,How the Party Commands the Gun: The Foreign-Domestic Threat Dilemma in China,,"Matched to previously screened DP evidence; see inherited_reviews for actual scope, adjudication and uncertainty.",,"Targeted document screening, not independent rerun or exhaustive fulltext reading. Earliest public error-specific date is unverified unless explicitly stated; OSF file upload dates are not publication dates.",dp_178;dp_179,unresolved,no
report_a73316183cbc,targeted_fulltext_screened,robustness,"Rebel on the Canal: Disrupted Trade Access and Social Conflict in China, 1650–1911",,"Canal closure results computationally reproduce; regional concentration and alternative cutoff years prompt historical identification critique, disputed by authors. No demonstrated implementation error.",[1],"Targeted document screening, not independent rerun or exhaustive fulltext reading. Earliest public error-specific date is unverified unless explicitly stated; OSF file upload dates are not publication dates.",,unresolved,no
report_a8d7c4d1da61,explicitly_linked_discussion_paper_reviewed,favorable_or_no_material_error_reported,Campaign Contributions and Roll-Call Voting in the U.S. House of Representatives: The Case of the Sugar Industry,,Grier contributions/voting results largely supported.,"[4, 5]",OSF metadata explicitly links discussion paper(s); original article identity checked against linked paper. Source assessment inherited with its stated review limits; no independent numerical rerun.,dp_057,unresolved,no
report_a9e4b16d7711,explicitly_linked_discussion_paper_reviewed,favorable_or_no_material_error_reported,Vulnerability and Clientelism,,Bobonis clientelism results largely supported; alternative clientelism definition challenged but reply demonstrates robustness.,"[4, 6]",OSF metadata explicitly links discussion paper(s); original article identity checked against linked paper. Source assessment inherited with its stated review limits; no independent numerical rerun.,dp_083;dp_084,unresolved,no
report_aa6015a229e9,unresolved_fulltext_unavailable,unresolved,Inattentive responding can induce spurious associations between task behaviour and symptom measures,,Catalog identifies the original article; underlying report was unavailable in local downloads.,,"No error inference from title, catalog Completed status, or document unavailability.",,unresolved,no
report_ac792d25b85b,explicitly_linked_discussion_paper_reviewed,minor_error_or_materiality_unresolved,"Mortality, Temperature, and Public Health Provision: Evidence from Mexico",,Cohen/Dechezlepretre leap-day observations incorrectly dropped; corrected results trivial difference.,"[5, 6]",OSF metadata explicitly links discussion paper(s); original article identity checked against linked paper. Source assessment inherited with its stated review limits; no independent numerical rerun.,dp_090,unresolved,no
report_acee3855883d,identity_verified_from_aggregate_roster; individual_assessment_unresolved,unresolved,The Formation of Negative Attitudes Toward Novel Groups,10.1177/09567976241239932,dp326 Appendix B pairs this original-paper DOI with the same OSF report URL. Aggregate error percentages do not classify this individual article.,dp326 printed pp57–67,"No error inference from title, catalog Completed status, or document unavailability.",dp_326,unresolved,no
report_adc462f785ab,same_article_discussion_paper_identified; OSF_report_unverified,unresolved,Optimal Deposit Insurance,,"Same original article assessed in dp_197. OSF report identity or version not established, so its findings are not automatically copied.",,"Article-title correspondence manually checked; use cited DP evidence at article level, not as proof this OSF report has identical findings.",dp_197,unresolved,no
report_adddaac3ae6f,unresolved_fulltext_unavailable,unresolved,Does Discipline Decrease Police Misconduct? Evidence from Chicago Civilian Allegations,,Catalog identifies the original article; underlying report was unavailable in local downloads.,,"No error inference from title, catalog Completed status, or document unavailability.",,unresolved,no
report_ae3c337e2262,explicitly_linked_discussion_paper_reviewed,favorable_assessment,The Effects of Racial Diversity in Citizen Decision-Making Bodies,,Main results reproduce without coding errors; robustness supports racial-diversity result.,"[5, 6, 7]",OSF metadata explicitly links discussion paper(s); original article identity checked against linked paper. Source assessment inherited with its stated review limits; no independent numerical rerun.,dp_189,unresolved,no
report_aefc27d5ae78,same_article_discussion_paper_identified; OSF_report_unverified,unresolved,College Enrollment and Mandatory FAFSA Applications: Evidence from Louisiana,,"Same original article assessed in dp_218. OSF report identity or version not established, so its findings are not automatically copied.",,"Article-title correspondence manually checked; use cited DP evidence at article level, not as proof this OSF report has identical findings.",dp_218,unresolved,no
report_afa0fe28996c,same_article_discussion_paper_identified; OSF_report_unverified,unresolved,"A 2 million-person, campaign-wide field experiment shows how digital advertising affects voter turnout",,"Same original article assessed in dp_237. OSF report identity or version not established, so its findings are not automatically copied.",,"Article-title correspondence manually checked; use cited DP evidence at article level, not as proof this OSF report has identical findings.",dp_237,unresolved,no
report_b056c7640453,unresolved_fulltext_unavailable,unresolved,A systematic review and Bayesian meta-analysis of the acoustic features of infant-directed speech,,Catalog identifies the original article; underlying report was unavailable in local downloads.,,"No error inference from title, catalog Completed status, or document unavailability.",,unresolved,no
report_b1242bc10d93,unresolved_fulltext_unavailable,unresolved,The Heterogeneous Tax Pass-Through Under Different Vertical Relationships,,Catalog identifies the original article; underlying report was unavailable in local downloads.,,"No error inference from title, catalog Completed status, or document unavailability.",,unresolved,no
report_b26a6524eda1,same_article_discussion_paper_identified; OSF_report_unverified,unresolved,The Evolution of Access to Public Accomodations in the United States,,"Same original article assessed in dp_140. OSF report identity or version not established, so its findings are not automatically copied.",,"Article-title correspondence manually checked; use cited DP evidence at article level, not as proof this OSF report has identical findings. Duplicate catalog entries differ by Accomodations/Accommodations spelling and share OSF URL; one original paper.",dp_140,unresolved,no
report_b377cb06e96d,identity_verified_from_aggregate_roster; individual_assessment_unresolved,unresolved,Verbal Aggressions Against Major League Baseball Umpires Affect Their Decision Making,10.1177/09567976241227411,dp326 Appendix B pairs this original-paper DOI with the same OSF report URL. Aggregate error percentages do not classify this individual article.,dp326 printed pp57–67,"No error inference from title, catalog Completed status, or document unavailability.",dp_326,unresolved,no
report_b38dbf8f76d0,unresolved_fulltext_unavailable,unresolved,"The Effect of Language on Economic Behavior:  Evidence from Savings Rates, Health Behaviors, and Retirement Assets",,Catalog identifies the original article; underlying report was unavailable in local downloads.,,"No error inference from title, catalog Completed status, or document unavailability. Same OSF URL appears for different original articles; likely aggregate archive. Do not deduplicate articles by OSF URL.",,unresolved,no
report_b41a30aeb61b,same_article_discussion_paper_identified; OSF_report_unverified,unresolved,Discrimination reduces work effort of those who are disadvantaged and those who are advantaged by it,,"Same original article assessed in dp_288. OSF report identity or version not established, so its findings are not automatically copied.",,"Article-title correspondence manually checked; use cited DP evidence at article level, not as proof this OSF report has identical findings.",dp_288,unresolved,no
report_b42733a6a663,same_article_discussion_paper_identified; OSF_report_unverified,unresolved,Corrupted By Algorithms? How AI-generated And Human-written Advice Shape (Dis)Honesty,,"Same original article assessed in dp_212. OSF report identity or version not established, so its findings are not automatically copied.",,"Article-title correspondence manually checked; use cited DP evidence at article level, not as proof this OSF report has identical findings.",dp_212,unresolved,no
report_b55f7a2952ec,unresolved_fulltext_unavailable,unresolved,Effects of a US Supreme Court ruling to restrict abortion rights,,Catalog identifies the original article; underlying report was unavailable in local downloads.,,"No error inference from title, catalog Completed status, or document unavailability.",,unresolved,no
report_b5c8e11ef2cb,explicitly_linked_discussion_paper_reviewed,favorable_or_no_material_error_reported,What Makes Anticorruption Punishment Popular? Individual-Level Evidence from China,,"Tsai, Trinh and Liu anti-corruption study reproduced; extension to economic performance.","[4, 8]",OSF metadata explicitly links discussion paper(s); original article identity checked against linked paper. Source assessment inherited with its stated review limits; no independent numerical rerun.,dp_007,unresolved,no
report_b5ee64de051f,identity_verified_from_aggregate_roster; individual_assessment_unresolved,unresolved,Reducing facial stereotype bias in consequential social judgments: Intervention success with White male faces,10.1177/09567976231215238,dp326 Appendix B pairs this original-paper DOI with the same OSF report URL. Aggregate error percentages do not classify this individual article.,dp326 printed pp57–67,"No error inference from title, catalog Completed status, or document unavailability.",dp_326,unresolved,no
report_b600ae8b75e9,unresolved_fulltext_unavailable,unresolved,A field study on the impacts of workplace diversity on the recruitment of minority group members,,Catalog identifies the original article; underlying report was unavailable in local downloads.,,"No error inference from title, catalog Completed status, or document unavailability.",,unresolved,no
report_b6de6e872d53,explicitly_linked_discussion_paper_reviewed,robustness_or_sample_definition_concern,How Merchant Towns Shaped Parliaments: From the Norman Conquest of England to the Great Reform Act,,dp124 explicitly identifies Angelucci etal2022 merchant-towns paper. Nonroyal borough exclusions differ subtly from stated criteria; no paper-specific demonstrated consequential coding correction established.,"dp124 PDF pp9,17,40","The explicitly linked DP is a17-paper audit, not a standalone assessment; map this original article only.",dp_124,unresolved,no
report_b71d6d4c41f4,unresolved_fulltext_unavailable,unresolved,A Systematic Review and Meta-Analysis of the Relationship Between Economic Inequality and Prosocial Behaviour,,Catalog identifies the original article; underlying report was unavailable in local downloads.,,"No error inference from title, catalog Completed status, or document unavailability.",,unresolved,no
report_b9e41e070505,explicitly_linked_discussion_paper_reviewed,minor_error,When Do Männerparteien Elect Women? Radical Right Populist Parties and Strategic Descriptive Representation,,"Stargazer exported anti-conservative p-values; reply150 narrows issue to one coefficient moving0.05to0.0548. Main challenge is influential-observation robustness, not demonstrated material correction.","[6, 8, 19]",OSF metadata explicitly links discussion paper(s); original article identity checked against linked paper. Source assessment inherited with its stated review limits; no independent numerical rerun.,dp_149;dp_150,unresolved,no
report_ba8b9fa7362c,identity_verified_from_aggregate_roster; individual_assessment_unresolved,unresolved,The Language of (Non)Replicable Social Science,10.1177/09567976241254037,dp326 Appendix B pairs this original-paper DOI with the same OSF report URL. Aggregate error percentages do not classify this individual article.,dp326 printed pp57–67,"No error inference from title, catalog Completed status, or document unavailability.",dp_326,unresolved,no
report_bd6d70080f15,explicitly_linked_discussion_paper_reviewed,robustness_concern,Within-Firm Productivity Dispersion: Estimates and Implications,,Original estimates reproduce; instrument quality in later-period data and cost-share threshold sensitivity do not establish original error.,"[5, 7, 12]",OSF metadata explicitly links discussion paper(s); original article identity checked against linked paper. Source assessment inherited with its stated review limits; no independent numerical rerun.,dp_181;dp_182,unresolved,no
report_bdaec4a6ba60,unresolved_fulltext_unavailable,unresolved,Does Public Opinion Affect the Preferences of Foreign Policy Leaders? Experimental Evidence from the UK Parliament,,Catalog identifies the original article; underlying report was unavailable in local downloads.,,"No error inference from title, catalog Completed status, or document unavailability.",,unresolved,no
report_bdf26a445bbc,unresolved_fulltext_unavailable,unresolved,The Wheels of Change: Technology Adoption Millwrights and the Persistence in Britain'S Industrialisation,,Catalog identifies the original article; underlying report was unavailable in local downloads.,,"No error inference from title, catalog Completed status, or document unavailability.",,unresolved,no
report_be97b2010c5d,unresolved_fulltext_unavailable,unresolved,A multinational analysis of how emotions relate to economic decisions regarding time or risk,,Catalog identifies the original article; underlying report was unavailable in local downloads.,,"No error inference from title, catalog Completed status, or document unavailability.",,unresolved,no
report_be9c14ba21ae,unresolved_fulltext_unavailable,unresolved,"Ascriptive characteristics and perceptions of impropriety in the rule of law: Race, gender, and public assessments of whether judges can be impartial",,Catalog identifies the original article; underlying report was unavailable in local downloads.,,"No error inference from title, catalog Completed status, or document unavailability.",,unresolved,no
report_bfd18568d399,same_article_discussion_paper_identified; OSF_report_unverified,unresolved,Experiential values are underweighted in decisions involving symbolic options,,"Same original article assessed in dp_215. OSF report identity or version not established, so its findings are not automatically copied.",,"Article-title correspondence manually checked; use cited DP evidence at article level, not as proof this OSF report has identical findings.",dp_215,unresolved,no
report_bffa1271e151,unresolved_fulltext_unavailable,unresolved,Accelerating Science with Human Aware AI,,Catalog identifies the original article; underlying report was unavailable in local downloads.,,"No error inference from title, catalog Completed status, or document unavailability.",,unresolved,no
report_c0c9f446a6ce,identity_verified_from_aggregate_roster; individual_assessment_unresolved,unresolved,Distinct Inhibitory-Control Processes Underlie Children’s Judgments of Fairness,10.1177/09567976231217420,dp326 Appendix B pairs this original-paper DOI with the same OSF report URL. Aggregate error percentages do not classify this individual article.,dp326 printed pp57–67,"No error inference from title, catalog Completed status, or document unavailability.",dp_326,unresolved,no
report_c0cb23e9efc0,explicitly_linked_discussion_paper_reviewed,minor_error_or_materiality_unresolved,Social class and (un)ethical behaviour: Causal and correlational evidence,,Gsottbauer status/ethics has rounding/transcription issues; conclusions supported. Body also changes covariate treatment/imputation; alternative coding not automatically objective error.,"[4, 8, 9]",OSF metadata explicitly links discussion paper(s); original article identity checked against linked paper. Source assessment inherited with its stated review limits; no independent numerical rerun.,dp_029,unresolved,no
report_c2baf1ad50bb,same_article_discussion_paper_identified; OSF_report_unverified,unresolved,UN Peacekeeping and Democratization in Conflict-Affected Countries,,"Same original article assessed in dp_138. OSF report identity or version not established, so its findings are not automatically copied.",,"Article-title correspondence manually checked; use cited DP evidence at article level, not as proof this OSF report has identical findings.",dp_138,unresolved,no
report_c3ea52003ae3,explicitly_linked_discussion_paper_reviewed,favorable_or_no_material_error_reported,The Common-Probability Auction Puzzle,,Ngangoue/Schotter common-probability auction results robust.,"[4, 5]",OSF metadata explicitly links discussion paper(s); original article identity checked against linked paper. Source assessment inherited with its stated review limits; no independent numerical rerun.,dp_074,unresolved,no
report_c44a94ff33b4,same_article_discussion_paper_identified; OSF_report_unverified,unresolved,Sorting or Steering: The Effects of Housing Discrimination on Neighborhood Choice,,"Same original article assessed in dp_108. OSF report identity or version not established, so its findings are not automatically copied.",,"Article-title correspondence manually checked; use cited DP evidence at article level, not as proof this OSF report has identical findings.",dp_108,unresolved,no
report_c46a57bef27d,unresolved_fulltext_unavailable,unresolved,A systematic review and multivariate meta-analysis of the physical and mental health benefits of touch interventions,,Catalog identifies the original article; underlying report was unavailable in local downloads.,,"No error inference from title, catalog Completed status, or document unavailability.",,unresolved,no
report_c49f6fb5640e,unresolved_fulltext_unavailable,unresolved,"Transfers, Diversification and Household Risk Strategies: Can Productive Safety Nets Help Households Manage Climatic Variability?",,Catalog identifies the original article; underlying report was unavailable in local downloads.,,"No error inference from title, catalog Completed status, or document unavailability.",,unresolved,no
report_c4ed09f97dcb,identity_verified_from_aggregate_roster; individual_assessment_unresolved,unresolved,Risky-choice framing effects result partly from mismatched option descriptions in gains and losses,10.1177/09567976241249183,dp326 Appendix B pairs this original-paper DOI with the same OSF report URL. Aggregate error percentages do not classify this individual article.,dp326 printed pp57–67,"No error inference from title, catalog Completed status, or document unavailability.",dp_326,unresolved,no
report_c548b36748c7,explicitly_linked_discussion_paper_reviewed,favorable_or_no_material_error_reported,Parties as Disciplinarians: Charisma and Commitment Problems in Programmatic Campaigning,,"Hollyer/Klasnja/Titiunik party/candidate results largely reproducible and robust. Open/closed-list summary statistics swapped, analysis unaffected.","[4, 6]",OSF metadata explicitly links discussion paper(s); original article identity checked against linked paper. Source assessment inherited with its stated review limits; no independent numerical rerun.,dp_054,unresolved,no
report_c55c0ae82b1e,unresolved_fulltext_unavailable,unresolved,Public Pension Reforms and Retirement Decisions: Narrative Evidence and Aggregate Implications,,Catalog identifies the original article; underlying report was unavailable in local downloads.,,"No error inference from title, catalog Completed status, or document unavailability.",,unresolved,no
report_c5b0b5cd110b,identity_verified_from_aggregate_roster; individual_assessment_unresolved,unresolved,A Practical Significance Bias in Laypeople’s Evaluation of Scientific Findings,10.1177/09567976241231506,dp326 Appendix B pairs this original-paper DOI with the same OSF report URL. Aggregate error percentages do not classify this individual article.,dp326 printed pp57–67,"No error inference from title, catalog Completed status, or document unavailability.",dp_326,unresolved,no
report_c5ef8d58f571,unresolved_fulltext_unavailable,unresolved,Battling the coronavirus ‘infodemic’ among social media users in Kenya and Nigeria,,Catalog identifies the original article; underlying report was unavailable in local downloads.,,"No error inference from title, catalog Completed status, or document unavailability.",,unresolved,no
report_c6dca261c36a,same_article_discussion_paper_identified; OSF_report_unverified,unresolved,Examining inequality in the time cost of waiting,,"Same original article assessed in dp_243, dp_244. OSF report identity or version not established, so its findings are not automatically copied.",,"Article-title correspondence manually checked; use cited DP evidence at article level, not as proof this OSF report has identical findings.",dp_243;dp_244,unresolved,no
report_c7f2656f19f5,same_article_discussion_paper_identified; OSF_report_unverified,unresolved,Pandemic Schooling Mode and Student Test Scores: Evidence from US School Districts,,"Same original article assessed in dp_247. OSF report identity or version not established, so its findings are not automatically copied.",,"Article-title correspondence manually checked; use cited DP evidence at article level, not as proof this OSF report has identical findings.",dp_247,unresolved,no
report_c8481e245c47,unresolved_fulltext_unavailable,unresolved,Hate Crimes and Gender Imbalances: Fears over Mate Competition and Violence against Refugees,,Catalog identifies the original article; underlying report was unavailable in local downloads.,,"No error inference from title, catalog Completed status, or document unavailability.",,unresolved,no
report_c8f2b1557cdf,unresolved_fulltext_unavailable,unresolved,The relationship between political ideology and judgements of bias in distributional outcomes,,Catalog identifies the original article; underlying report was unavailable in local downloads.,,"No error inference from title, catalog Completed status, or document unavailability.",,unresolved,no
report_ca5fa450fb83,explicitly_linked_discussion_paper_reviewed,favorable_or_no_material_error_reported,Antinormative Messaging Group Cues and the Nuclear Ban Treaty,,Herzog nuclear treaty results robust;18gender missing-code cases irrelevant to main result.,"[4, 8]",OSF metadata explicitly links discussion paper(s); original article identity checked against linked paper. Source assessment inherited with its stated review limits; no independent numerical rerun.,dp_097;dp_098,unresolved,no
report_cb45594f8f09,unresolved_fulltext_unavailable,unresolved,Technological Change and the Consequences of Job Loss,,Catalog identifies the original article; underlying report was unavailable in local downloads.,,"No error inference from title, catalog Completed status, or document unavailability.",,unresolved,no
report_cbaa15c2cc70,unresolved_fulltext_unavailable,unresolved,Changing Tides: Public Attitudes on Climate Migration,,Catalog identifies the original article; underlying report was unavailable in local downloads.,,"No error inference from title, catalog Completed status, or document unavailability.",,unresolved,no
report_cc7ce2d4ecb8,explicitly_linked_discussion_paper_reviewed,robustness_or_replication_concern,Motivated Beliefs and Anticipation of Uncertainty Resolution,,Drobner motivated-belief results change after removing respondents with fundamental updating errors; no original coding error.,"[4, 6]",OSF metadata explicitly links discussion paper(s); original article identity checked against linked paper. Source assessment inherited with its stated review limits; no independent numerical rerun.,dp_065,unresolved,no
report_cc97f2b93fc2,identity_verified_from_aggregate_roster; individual_assessment_unresolved,unresolved,The Effects of Group Affiliation Versus Individuating Information on Direct and Indirect Measures of the Evaluation of Novel Individual Group Members,10.1177/09567976251315689,dp326 Appendix B pairs this original-paper DOI with the same OSF report URL. Aggregate error percentages do not classify this individual article.,dp326 printed pp57–67,"No error inference from title, catalog Completed status, or document unavailability.",dp_326,unresolved,no
report_cdcd099e5668,unresolved_fulltext_unavailable,unresolved,When Choices Are Mistakes,,Catalog identifies the original article; underlying report was unavailable in local downloads.,,"No error inference from title, catalog Completed status, or document unavailability.",,unresolved,no
report_ce15fc62b8de,explicitly_linked_discussion_paper_reviewed,minor_error,The Impact of Presidential Appointment of Judges: Montesquieu or the Federalists?,,Minor presentation/code errors leave main judicial-reform findings intact.,"[6, 7, 9]",OSF metadata explicitly links discussion paper(s); original article identity checked against linked paper. Source assessment inherited with its stated review limits; no independent numerical rerun.,dp_135,unresolved,no
report_ce19a9f10a57,unresolved_fulltext_unavailable,unresolved,Little evidence that military policing reduces crime or improves human security,,Catalog identifies the original article; underlying report was unavailable in local downloads.,,"No error inference from title, catalog Completed status, or document unavailability.",,unresolved,no
report_ced363c4c8bc,unresolved_fulltext_unavailable,unresolved,Market exposure and human morality,,Catalog identifies the original article; underlying report was unavailable in local downloads.,,"No error inference from title, catalog Completed status, or document unavailability.",,unresolved,no
report_cef722f52f77,unresolved_fulltext_unavailable,unresolved,Peer Effects in Academic Research: Senders and Receives,,Catalog identifies the original article; underlying report was unavailable in local downloads.,,"No error inference from title, catalog Completed status, or document unavailability.",,unresolved,no
report_cf556e174287,unresolved_fulltext_unavailable,unresolved,A systematic review of psychosocial functioning changes after gender-affirming hormone therapy among transgender people,,Catalog identifies the original article; underlying report was unavailable in local downloads.,,"No error inference from title, catalog Completed status, or document unavailability.",,unresolved,no
report_cfd8f82c70d7,identity_verified_from_aggregate_roster; individual_assessment_unresolved,unresolved,Visual Preference for Socially Relevant Spatial Relations in Humans and Monkeys,10.1177/09567976241242995,dp326 Appendix B pairs this original-paper DOI with the same OSF report URL. Aggregate error percentages do not classify this individual article.,dp326 printed pp57–67,"No error inference from title, catalog Completed status, or document unavailability.",dp_326,unresolved,no
report_cff0211bb8e8,unresolved_fulltext_unavailable,unresolved,Energy Saving May Kill: Evidence from the Fukushima Nuclear Accident,,Catalog identifies the original article; underlying report was unavailable in local downloads.,,"No error inference from title, catalog Completed status, or document unavailability.",,unresolved,no
report_cffb1b4be23b,unresolved_fulltext_unavailable,unresolved,Spatial Polarisation,,Catalog identifies the original article; underlying report was unavailable in local downloads.,,"No error inference from title, catalog Completed status, or document unavailability.",,unresolved,no
report_d02718db7129,unresolved_fulltext_unavailable,unresolved,Where Motivated Reasoning Withers and Looms Large: Fear and Partisan Reactions to the COVID-19 Pandemic,,Catalog identifies the original article; underlying report was unavailable in local downloads.,,"No error inference from title, catalog Completed status, or document unavailability.",,unresolved,no
report_d06e7bd06a67,unresolved_fulltext_unavailable,unresolved,Contested Killings: The Mobilizing Effects of Community Contact with Police Violence,,Catalog identifies the original article; underlying report was unavailable in local downloads.,,"No error inference from title, catalog Completed status, or document unavailability.",,unresolved,no
report_d09a267d54fd,unresolved_fulltext_unavailable,unresolved,The Interplay among Savings Accounts and Network-Based Financial Arrangements: Evidence from a Field Experiment,,Catalog identifies the original article; underlying report was unavailable in local downloads.,,"No error inference from title, catalog Completed status, or document unavailability.",,unresolved,no
report_d1dff71b45f4,same_article_discussion_paper_identified; OSF_report_unverified,unresolved,Market Power and Price Exposure: Learning from Changes in Renewable Energy Regulation,,"Same original article assessed in dp_258. OSF report identity or version not established, so its findings are not automatically copied.",,"Article-title correspondence manually checked; use cited DP evidence at article level, not as proof this OSF report has identical findings.",dp_258,unresolved,no
report_d20485341bfd,same_article_discussion_paper_identified; OSF_report_unverified,unresolved,An experimental manipulation of the value of effort,,"Same original article assessed in dp_201. OSF report identity or version not established, so its findings are not automatically copied.",,"Article-title correspondence manually checked; use cited DP evidence at article level, not as proof this OSF report has identical findings.",dp_201,unresolved,no
report_d31287601c51,unresolved_fulltext_unavailable,unresolved,Does Patient Demand Contribute to the Overuse of Prescription Drugs?,,Catalog identifies the original article; underlying report was unavailable in local downloads.,,"No error inference from title, catalog Completed status, or document unavailability.",,unresolved,no
report_d587e96a9879,unresolved_fulltext_unavailable,unresolved,Anticipatory Anxiety and Wishful Thinking,,Catalog identifies the original article; underlying report was unavailable in local downloads.,,"No error inference from title, catalog Completed status, or document unavailability.",,unresolved,no
report_d5c37735e1a6,unresolved_fulltext_unavailable,unresolved,The Labor Market Impacts of Universal and Permanent Cash Transfers: Evidence from the Alaska Permanent Fund,,Catalog identifies the original article; underlying report was unavailable in local downloads.,,"No error inference from title, catalog Completed status, or document unavailability.",,unresolved,no
report_d5ca85edae17,unresolved_fulltext_unavailable,unresolved,Publishing While Female: are Women Held to Higher Standards? Evidence from Peer Review,,Catalog identifies the original article; underlying report was unavailable in local downloads.,,"No error inference from title, catalog Completed status, or document unavailability.",,unresolved,no
report_d5f67b495034,identity_verified_from_aggregate_roster; individual_assessment_unresolved,unresolved,Not All Powerful People Are Created Equal: An Examination of Gender and Pathways to Social Hierarchy Through the Lens of Social Cognition,10.1177/09567976241260251,dp326 Appendix B pairs this original-paper DOI with the same OSF report URL. Aggregate error percentages do not classify this individual article.,dp326 printed pp57–67,"No error inference from title, catalog Completed status, or document unavailability.",dp_326,unresolved,no
report_d6df41f8f42c,unresolved_fulltext_unavailable,unresolved,A taxonomy of anti-vaccination arguments from a systematic literature review and text modelling,,Catalog identifies the original article; underlying report was unavailable in local downloads.,,"No error inference from title, catalog Completed status, or document unavailability.",,unresolved,no
report_d73130c4281a,identity_verified_from_aggregate_roster; individual_assessment_unresolved,unresolved,Directing Attention Shapes Learning in Adults but Not Children,10.1177/09567976241263347,dp326 Appendix B pairs this original-paper DOI with the same OSF report URL. Aggregate error percentages do not classify this individual article.,dp326 printed pp57–67,"No error inference from title, catalog Completed status, or document unavailability.",dp_326,unresolved,no
report_d777db4196d5,same_article_discussion_paper_identified; OSF_report_unverified,unresolved,Politicians' private sector jobs and parliamentary behavior,,"Same original article assessed in dp_203. OSF report identity or version not established, so its findings are not automatically copied.",,"Article-title correspondence manually checked; use cited DP evidence at article level, not as proof this OSF report has identical findings.",dp_203,unresolved,no
report_d7b86b942111,unresolved_fulltext_unavailable,unresolved,Entertaining Beliefs in Economic Mobility,,Catalog identifies the original article; underlying report was unavailable in local downloads.,,"No error inference from title, catalog Completed status, or document unavailability.",,unresolved,no
report_d92c5a205682,identity_verified_from_aggregate_roster; individual_assessment_unresolved,unresolved,The Interactive Effect of Incentive Salience and Prosocial Motivation on Prosocial Behavior,10.1177/09567976241234560,dp326 Appendix B pairs this original-paper DOI with the same OSF report URL. Aggregate error percentages do not classify this individual article.,dp326 printed pp57–67,"No error inference from title, catalog Completed status, or document unavailability.",dp_326,unresolved,no
report_dc096d9a7b69,same_article_discussion_paper_identified; OSF_report_unverified,unresolved,Why Don't Firms Hire Young Workers During Recessions?,,"Same original article assessed in dp_163. OSF report identity or version not established, so its findings are not automatically copied.",,"Article-title correspondence manually checked; use cited DP evidence at article level, not as proof this OSF report has identical findings.",dp_163,unresolved,no
report_dc10859bf227,unresolved_fulltext_unavailable,unresolved,Reexamining the Contribution of Public Health Efforts to the Decline in Urban Mortality,,Catalog identifies the original article; underlying report was unavailable in local downloads.,,"No error inference from title, catalog Completed status, or document unavailability.",,unresolved,no
report_ddc4ef0fbe5d,same_article_discussion_paper_identified; OSF_report_unverified,unresolved,A systematic review and meta-analysis of transdiagnostic cognitive behavioural therapies for emotional disorders,,"Same original article assessed in dp_213. OSF report identity or version not established, so its findings are not automatically copied.",,"Article-title correspondence manually checked; use cited DP evidence at article level, not as proof this OSF report has identical findings.",dp_213,unresolved,no
report_ddf1ed671493,same_article_discussion_paper_identified; OSF_report_unverified,unresolved,Formative Experiences and the Price of Gasoline,,"Same original article assessed in dp_233. OSF report identity or version not established, so its findings are not automatically copied.",,"Article-title correspondence manually checked; use cited DP evidence at article level, not as proof this OSF report has identical findings.",dp_233,unresolved,no
report_de3dd9dea903,unresolved_fulltext_unavailable,unresolved,Reducing discrimination against job seekers with and without employment gaps,,Catalog identifies the original article; underlying report was unavailable in local downloads.,,"No error inference from title, catalog Completed status, or document unavailability.",,unresolved,no
report_dea7bfe5a225,unresolved_fulltext_unavailable,unresolved,Racial/ethnic disparities in PM2.5-attributable cardiovascular mortality burden in the United States,,Catalog identifies the original article; underlying report was unavailable in local downloads.,,"No error inference from title, catalog Completed status, or document unavailability.",,unresolved,no
report_dfcfb62a7a80,unresolved_fulltext_unavailable,unresolved,Propagation and Insurance in Village Networks,,Catalog identifies the original article; underlying report was unavailable in local downloads.,,"No error inference from title, catalog Completed status, or document unavailability.",,unresolved,no
report_e19ed9fa8b88,unresolved_fulltext_unavailable,unresolved,Brahmin Left versus Merchant Right,,Catalog identifies the original article; underlying report was unavailable in local downloads.,,"No error inference from title, catalog Completed status, or document unavailability.",,unresolved,no
report_e250d36949e9,unresolved_fulltext_unavailable,unresolved,Supernatural explanations across 114 societies are more common for natural than social phenomena,,Catalog identifies the original article; underlying report was unavailable in local downloads.,,"No error inference from title, catalog Completed status, or document unavailability.",,unresolved,no
report_e40830f78b8d,unresolved_fulltext_unavailable,unresolved,Valence-dependent mutation in lexical evolution,,Catalog identifies the original article; underlying report was unavailable in local downloads.,,"No error inference from title, catalog Completed status, or document unavailability.",,unresolved,no
report_e493aff15e98,same_article_discussion_paper_identified; OSF_report_unverified,unresolved,"Political Turnover, Bureaucratic Turnover, and the Quality of Public Services",,"Same original article assessed in dp_039. OSF report identity or version not established, so its findings are not automatically copied.",,"Article-title correspondence manually checked; use cited DP evidence at article level, not as proof this OSF report has identical findings.",dp_039,unresolved,no
report_e4a97187db80,same_article_discussion_paper_identified; OSF_report_unverified,unresolved,Market Access and Quality Upgrading: Evidence from Four Field Experiments,,"Same original article assessed in dp_072. OSF report identity or version not established, so its findings are not automatically copied.",,"Article-title correspondence manually checked; use cited DP evidence at article level, not as proof this OSF report has identical findings.",dp_072,unresolved,no
report_e4f54b0dd964,unresolved_fulltext_unavailable,unresolved,Policy Deliberation and Voter Persuasion: Experimental Evidence from an Election in the Philippines,,Catalog identifies the original article; underlying report was unavailable in local downloads.,,"No error inference from title, catalog Completed status, or document unavailability.",,unresolved,no
report_e5369beb10cf,same_article_discussion_paper_identified; OSF_report_unverified,unresolved,Raising Health Awareness in Rural Communities: A Randomized Experiment in Bangladesh and India,,"Same original article assessed in dp_208. OSF report identity or version not established, so its findings are not automatically copied.",,"Article-title correspondence manually checked; use cited DP evidence at article level, not as proof this OSF report has identical findings.",dp_208,unresolved,no
report_e5830ac97c35,same_article_discussion_paper_identified; OSF_report_unverified,unresolved,Anchored Inflation Expectations,,"Same original article assessed in dp_174. OSF report identity or version not established, so its findings are not automatically copied.",,"Article-title correspondence manually checked; use cited DP evidence at article level, not as proof this OSF report has identical findings.",dp_174,unresolved,no
report_e5ae077f3448,same_article_discussion_paper_identified; OSF_report_unverified,unresolved,Income and inequality in the Aztec Empire on the eve of the Spanish conquest,,"Same original article assessed in dp_221. OSF report identity or version not established, so its findings are not automatically copied.",,"Article-title correspondence manually checked; use cited DP evidence at article level, not as proof this OSF report has identical findings.",dp_221,unresolved,no
report_e679777d638d,unresolved_fulltext_unavailable,unresolved,The Geography of Repression and Opposition to Autocracy,,Catalog identifies the original article; underlying report was unavailable in local downloads.,,"No error inference from title, catalog Completed status, or document unavailability.",,unresolved,no
report_e71897f8921a,unresolved_fulltext_unavailable,unresolved,The Side Effects of Immunity: Malaria and African Slavery in the United States,,Catalog identifies the original article; underlying report was unavailable in local downloads.,,"No error inference from title, catalog Completed status, or document unavailability.",,unresolved,no
report_e7a4f728faa3,same_article_discussion_paper_identified; OSF_report_unverified,unresolved,Seeing Racial Avoidance on New York City Streets,,"Same original article assessed in dp_202, dp_250. OSF report identity or version not established, so its findings are not automatically copied.",,"Article-title correspondence manually checked; use cited DP evidence at article level, not as proof this OSF report has identical findings.",dp_202;dp_250,unresolved,no
report_e8a4d40d8d58,unresolved_fulltext_unavailable,unresolved,Can Financial Incentives to Firms Improve Apprenticeship Training? Experimental Evidence from Ghana,,Catalog identifies the original article; underlying report was unavailable in local downloads.,,"No error inference from title, catalog Completed status, or document unavailability.",,unresolved,no
report_e8c36ade9112,same_article_discussion_paper_identified; OSF_report_unverified,unresolved,The effects of banking competition on growth and financial stability: Evidence from the national banking era,,"Same original article assessed in dp_081. OSF report identity or version not established, so its findings are not automatically copied.",,"Article-title correspondence manually checked; use cited DP evidence at article level, not as proof this OSF report has identical findings.",dp_081,unresolved,no
report_ea4a55b0df90,invalid_catalog_link,unresolved,The economic effects of long-term climate change: evidence from the Little Ice Age,,Catalog identifies the original article; underlying report was unavailable in local downloads.,,Catalog points to example.com/article1 placeholder. Cannot retrieve report or infer an assessment.,,unresolved,no
report_ea555dc8c7a7,same_article_discussion_paper_identified; OSF_report_unverified,unresolved,Playing Politics with Environmental Protection: The Political Economy of Designating Protected Areas,,"Same original article assessed in dp_073. OSF report identity or version not established, so its findings are not automatically copied.",,"Article-title correspondence manually checked; use cited DP evidence at article level, not as proof this OSF report has identical findings.",dp_073,unresolved,no
report_ea8ed203c778,unresolved_fulltext_unavailable,unresolved,"Talking Shops: The Effects of Caucus Discussion on Policy Coalitions,",,Catalog identifies the original article; underlying report was unavailable in local downloads.,,"No error inference from title, catalog Completed status, or document unavailability.",,unresolved,no
report_ea9c2b0ff092,same_article_discussion_paper_identified; OSF_report_unverified,unresolved,Kin Networks and Institutional Development,,"Same original article assessed in dp_126. OSF report identity or version not established, so its findings are not automatically copied.",,"Article-title correspondence manually checked; use cited DP evidence at article level, not as proof this OSF report has identical findings.",dp_126,unresolved,no
report_ec78c1f06296,same_article_discussion_paper_identified; OSF_report_unverified,unresolved,Innovation and Institutional Ownership,,"Same original article assessed in dp_134. OSF report identity or version not established, so its findings are not automatically copied.",,"Article-title correspondence manually checked; use cited DP evidence at article level, not as proof this OSF report has identical findings. Same OSF URL appears for different original articles; likely aggregate archive. Do not deduplicate articles by OSF URL.",dp_134,unresolved,no
report_ec7dbde1767c,same_article_discussion_paper_identified; OSF_report_unverified,unresolved,Influence Motives in Social Signaling: Evidence from COVID-19 Vaccinations in Germany,,"Same original article assessed in dp_139. OSF report identity or version not established, so its findings are not automatically copied.",,"Article-title correspondence manually checked; use cited DP evidence at article level, not as proof this OSF report has identical findings.",dp_139,unresolved,no
report_ec8d68edcc23,same_article_discussion_paper_identified; OSF_report_unverified,unresolved,Does the Effect of Pollution on Infant Mortality Differ Between Developing and Developed Countries? Evidence from Mexico City,,"Same original article assessed in dp_323. OSF report identity or version not established, so its findings are not automatically copied.",,"Article-title correspondence manually checked; use cited DP evidence at article level, not as proof this OSF report has identical findings.",dp_323,unresolved,no
report_ed15002db08e,same_article_discussion_paper_identified; OSF_report_unverified,unresolved,Re-Assessing Elite-Public Gaps in Political Behavior,,"Same original article assessed in dp_010. OSF report identity or version not established, so its findings are not automatically copied.",,"Article-title correspondence manually checked; use cited DP evidence at article level, not as proof this OSF report has identical findings.",dp_010,unresolved,no
report_ed2409828557,unresolved_fulltext_unavailable,unresolved,Juvenile Crime and Anticipated Punishment,,Catalog identifies the original article; underlying report was unavailable in local downloads.,,"No error inference from title, catalog Completed status, or document unavailability.",,unresolved,no
report_ed6b80f144ed,same_article_discussion_paper_identified; OSF_report_unverified,unresolved,Web of Power: How Elite Networks Shaped War and Politics in China,,"Same original article assessed in dp_115. OSF report identity or version not established, so its findings are not automatically copied.",,"Article-title correspondence manually checked; use cited DP evidence at article level, not as proof this OSF report has identical findings.",dp_115,unresolved,no
report_edc790e0ed42,same_article_discussion_paper_identified; OSF_report_unverified,unresolved,Effective for Whom? Ethnic Identity and Nonviolent Resistance,,"Same original article assessed in dp_086. OSF report identity or version not established, so its findings are not automatically copied.",,"Article-title correspondence manually checked; use cited DP evidence at article level, not as proof this OSF report has identical findings.",dp_086,unresolved,no
report_ee1c0db6337d,unresolved_fulltext_unavailable,unresolved,Competition and Pass-Through: Evidence from Isolated Markets,,Catalog identifies the original article; underlying report was unavailable in local downloads.,,"No error inference from title, catalog Completed status, or document unavailability.",,unresolved,no
report_ee21fd8d8139,identity_verified_from_aggregate_roster; individual_assessment_unresolved,unresolved,Investigating Inattentional Blindness Through the Lens of Fear Chemosignals,10.1177/09567976231213572,dp326 Appendix B pairs this original-paper DOI with the same OSF report URL. Aggregate error percentages do not classify this individual article.,dp326 printed pp57–67,"No error inference from title, catalog Completed status, or document unavailability.",dp_326,unresolved,no
report_ee38b5cf0c36,same_article_discussion_paper_identified; OSF_report_unverified,unresolved,Overperception of moral outrage in online social networks inflates beliefs about intergroup hostility,,"Same original article assessed in dp_309. OSF report identity or version not established, so its findings are not automatically copied.",,"Article-title correspondence manually checked; use cited DP evidence at article level, not as proof this OSF report has identical findings.",dp_309,unresolved,no
report_ee6fa60a20bd,unresolved_fulltext_unavailable,unresolved,Human and animal dominance hierarchies show a pyramidal structure guiding adult and infant social inferences,,Catalog identifies the original article; underlying report was unavailable in local downloads.,,"No error inference from title, catalog Completed status, or document unavailability.",,unresolved,no
report_ee9729d69397,unresolved_fulltext_unavailable,unresolved,Carbon Taxes and CO2 Emissions: Sweden as a Case Study,,Catalog identifies the original article; underlying report was unavailable in local downloads.,,"No error inference from title, catalog Completed status, or document unavailability.",,unresolved,no
report_ef395cda5e19,same_article_discussion_paper_identified; OSF_report_unverified,unresolved,Market-based monetary policy uncertainty,,"Same original article assessed in dp_076, dp_077. OSF report identity or version not established, so its findings are not automatically copied.",,"Article-title correspondence manually checked; use cited DP evidence at article level, not as proof this OSF report has identical findings.",dp_076;dp_077,unresolved,no
report_f3193586784a,same_article_discussion_paper_identified; OSF_report_unverified,unresolved,Climate Change and Labor Reallocation: Evidence from Six Decades of the Indian Census,,"Same original article assessed in dp_162, dp_180. OSF report identity or version not established, so its findings are not automatically copied.",,"Article-title correspondence manually checked; use cited DP evidence at article level, not as proof this OSF report has identical findings.",dp_162;dp_180,unresolved,no
report_f65390241feb,same_article_discussion_paper_identified; OSF_report_unverified,unresolved,Teaching Norms: Direct Evidence of Parental Transmission,,"Same original article assessed in dp_106. OSF report identity or version not established, so its findings are not automatically copied.",,"Article-title correspondence manually checked; use cited DP evidence at article level, not as proof this OSF report has identical findings.",dp_106,unresolved,no
report_f6b9ffef58cb,unresolved_fulltext_unavailable,unresolved,Resisting Social Pressure in the Household Using Mobile Money: Experimental Evidence on Microenterprise Investment in Uganda,,Catalog identifies the original article; underlying report was unavailable in local downloads.,,"No error inference from title, catalog Completed status, or document unavailability.",,unresolved,no
report_f7e5230b8c75,unresolved_fulltext_unavailable,unresolved,Multiracial identity and political preferences,,Catalog identifies the original article; underlying report was unavailable in local downloads.,,"No error inference from title, catalog Completed status, or document unavailability.",,unresolved,no
report_f7f8e5b7ec44,same_article_discussion_paper_identified; OSF_report_unverified,unresolved,The Evolution of Access to Public Accommodations in the United States,,"Same original article assessed in dp_140. OSF report identity or version not established, so its findings are not automatically copied.",,"Article-title correspondence manually checked; use cited DP evidence at article level, not as proof this OSF report has identical findings. Duplicate catalog entries differ by Accomodations/Accommodations spelling and share OSF URL; one original paper.",dp_140,unresolved,no
report_f8f4a01aaac4,same_article_discussion_paper_identified; OSF_report_unverified,unresolved,Building Nations through Shared Experiences: Evidence from African Football,,"Same original article assessed in dp_193, dp_194. OSF report identity or version not established, so its findings are not automatically copied.",,"Article-title correspondence manually checked; use cited DP evidence at article level, not as proof this OSF report has identical findings.",dp_193;dp_194,unresolved,no
report_f9082a063d37,unresolved_fulltext_unavailable,unresolved,The Gender Gap in Self-Promotion,,Catalog identifies the original article; underlying report was unavailable in local downloads.,,"No error inference from title, catalog Completed status, or document unavailability.",,unresolved,no
report_f92779f10701,unresolved_fulltext_unavailable,unresolved,A randomized controlled trial on the effect of administrative burden and information costs on social inequalities in early childcare access in France,,Catalog identifies the original article; underlying report was unavailable in local downloads.,,"No error inference from title, catalog Completed status, or document unavailability.",,unresolved,no
report_fd4ca10d5639,identity_verified_from_aggregate_roster; individual_assessment_unresolved,unresolved,The motion-silencing illusion depends on object-centered representation,10.1177/09567976241235104,dp326 Appendix B pairs this original-paper DOI with the same OSF report URL. Aggregate error percentages do not classify this individual article.,dp326 printed pp57–67,"No error inference from title, catalog Completed status, or document unavailability.",dp_326,unresolved,no
report_fd69ad23f868,same_article_discussion_paper_identified; OSF_report_unverified,unresolved,Does Innovation Mitigate Agricultural Damage from Climate Change?,,"Same original article assessed in dp_158, dp_159. OSF report identity or version not established, so its findings are not automatically copied.",,"Article-title correspondence manually checked; use cited DP evidence at article level, not as proof this OSF report has identical findings.",dp_158;dp_159,unresolved,no
report_ff0cd29c98e7,identity_verified_from_aggregate_roster; individual_assessment_unresolved,unresolved,Caricaturing Shapes in Visual Memory,10.1177/09567976231225091,dp326 Appendix B pairs this original-paper DOI with the same OSF report URL. Aggregate error percentages do not classify this individual article.,dp326 printed pp57–67,"No error inference from title, catalog Completed status, or document unavailability.",dp_326,unresolved,no
report_ffebba29c24d,unresolved_fulltext_unavailable,unresolved,Accuracy and social motivations shape judgements of (mis)information,,Catalog identifies the original article; underlying report was unavailable in local downloads.,,"No error inference from title, catalog Completed status, or document unavailability.",,unresolved,no
